request_time,write,response_time,accept_status
1785246840168,false,1785246840204,FastAccept
1785246840743,true,1785246840780,FastAccept
1785246840774,true,1785246840836,LeaderAccept
1785246840805,false,1785246840857,LeaderAccept
1785246840836,true,1785246840873,FastAccept
1785246840868,true,1785246840905,FastAccept
1785246840900,true,1785246840964,SlowAccept
1785246840934,true,1785246840996,LeaderAccept
1785246840968,true,1785246841017,LeaderAccept
1785246841001,true,1785246841038,FastAccept
1785246841036,false,1785246841092,LeaderAccept
1785246841072,false,1785246841108,FastAccept
1785246841107,false,1785246841144,FastAccept
1785246841144,true,1785246841180,FastAccept
1785246841181,true,1785246841234,LeaderAccept
1785246841219,true,1785246841255,FastAccept
1785246841258,true,1785246841295,FastAccept
1785246841297,false,1785246841334,FastAccept
1785246841337,false,1785246841380,FastAccept
1785246841377,false,1785246841427,LeaderAccept
1785246841420,false,1785246841457,FastAccept
1785246841462,true,1785246841500,FastAccept
1785246841506,true,1785246841542,FastAccept
1785246841551,false,1785246841587,FastAccept
1785246841597,true,1785246841633,FastAccept
1785246841644,false,1785246841681,FastAccept
1785246841691,true,1785246841728,FastAccept
1785246841740,false,1785246841776,FastAccept
1785246841790,true,1785246841826,FastAccept
1785246841841,true,1785246841877,FastAccept
1785246841892,true,1785246841930,FastAccept
1785246841946,true,1785246841983,FastAccept
1785246842001,false,1785246842038,FastAccept
1785246842058,false,1785246842094,FastAccept
1785246842117,true,1785246842154,FastAccept
1785246842176,true,1785246842238,LeaderAccept
1785246842238,true,1785246842275,FastAccept
1785246842301,false,1785246842337,FastAccept
1785246842367,false,1785246842417,LeaderAccept
1785246842435,false,1785246842472,FastAccept
1785246842504,false,1785246842541,FastAccept
1785246842577,false,1785246842614,FastAccept
1785246842651,true,1785246842687,FastAccept
1785246842728,false,1785246842765,FastAccept
1785246842810,false,1785246842846,FastAccept
1785246842893,true,1785246842930,FastAccept
1785246842980,true,1785246843017,FastAccept
1785246843071,true,1785246843108,FastAccept
1785246843166,true,1785246843203,FastAccept
1785246843266,true,1785246843322,LeaderAccept
1785246843372,false,1785246843409,FastAccept
1785246843482,true,1785246843519,FastAccept
1785246843600,false,1785246843637,FastAccept
1785246843723,true,1785246843759,FastAccept
1785246843854,true,1785246843891,FastAccept
1785246843994,true,1785246844031,FastAccept
1785246844145,true,1785246844182,FastAccept
1785246844307,false,1785246844344,FastAccept
1785246844483,true,1785246844520,FastAccept
1785246844675,true,1785246844712,FastAccept
1785246844886,true,1785246844923,FastAccept
1785246845121,false,1785246845157,FastAccept
1785246845385,false,1785246845422,FastAccept
1785246845686,true,1785246845723,FastAccept
1785246846035,true,1785246846072,FastAccept
1785246846452,false,1785246846495,FastAccept
1785246846964,true,1785246847028,LeaderAccept
1785246847624,false,1785246847661,FastAccept
1785246848543,false,1785246848585,LeaderAccept
1785246849997,true,1785246850040,FastAccept
1785246853006,false,1785246853042,FastAccept
1785246857043,false,1785246857079,FastAccept
1785246857075,true,1785246857124,LeaderAccept
1785246857109,false,1785246857145,FastAccept
1785246857142,false,1785246857178,FastAccept
1785246857176,false,1785246857241,SlowAccept
1785246857210,true,1785246857267,LeaderAccept
1785246857246,false,1785246857298,LeaderAccept
1785246857281,true,1785246857318,FastAccept
1785246857317,true,1785246857353,FastAccept
1785246857353,false,1785246857390,FastAccept
1785246857391,false,1785246857427,FastAccept
1785246857428,true,1785246857497,LeaderAccept
1785246857468,false,1785246857518,LeaderAccept
1785246857507,true,1785246857555,LeaderAccept
1785246857547,true,1785246857583,FastAccept
1785246857589,true,1785246857625,FastAccept
1785246857630,true,1785246857667,FastAccept
1785246857673,true,1785246857710,FastAccept
1785246857717,true,1785246857771,LeaderAccept
1785246857761,true,1785246857799,FastAccept
1785246857808,true,1785246857845,FastAccept
1785246857854,false,1785246857891,FastAccept
1785246857901,true,1785246857938,FastAccept
1785246857950,false,1785246857993,FastAccept
1785246857999,false,1785246858036,FastAccept
1785246858050,true,1785246858101,LeaderAccept
1785246858102,false,1785246858138,FastAccept
1785246858157,true,1785246858193,FastAccept
1785246858213,true,1785246858249,FastAccept
1785246858269,true,1785246858306,FastAccept
1785246858327,true,1785246858391,SlowAccept
1785246858388,false,1785246858424,FastAccept
1785246858450,true,1785246858487,FastAccept
1785246858514,true,1785246858550,FastAccept
1785246858581,true,1785246858617,FastAccept
1785246858648,false,1785246858685,FastAccept
1785246858718,false,1785246858755,FastAccept
1785246858791,false,1785246858844,LeaderAccept
1785246858867,true,1785246858903,FastAccept
1785246858945,false,1785246858981,FastAccept
1785246859026,true,1785246859063,FastAccept
1785246859111,false,1785246859148,FastAccept
1785246859199,true,1785246859235,FastAccept
1785246859292,false,1785246859328,FastAccept
1785246859388,true,1785246859425,FastAccept
1785246859489,true,1785246859526,FastAccept
1785246859597,false,1785246859633,FastAccept
1785246859710,false,1785246859772,SlowAccept
1785246859829,false,1785246859865,FastAccept
1785246859955,false,1785246860004,LeaderAccept
1785246860088,false,1785246860125,FastAccept
1785246860231,false,1785246860268,FastAccept
1785246860384,true,1785246860420,FastAccept
1785246860550,false,1785246860586,FastAccept
1785246860730,true,1785246860766,FastAccept
1785246860926,false,1785246860963,FastAccept
1785246861144,true,1785246861181,FastAccept
1785246861385,false,1785246861421,FastAccept
1785246861657,false,1785246861693,FastAccept
1785246861970,false,1785246862006,FastAccept
1785246862335,true,1785246862371,FastAccept
1785246862772,true,1785246862808,FastAccept
1785246863315,true,1785246863352,FastAccept
1785246864029,true,1785246864065,FastAccept
1785246865048,false,1785246865085,FastAccept
1785246866742,true,1785246866799,LeaderAccept
1785246870694,false,1785246870731,FastAccept
1785246899192,false,1785246899228,FastAccept
1785246920860,true,1785246920896,FastAccept
1785246920892,true,1785246920944,SlowAccept
1785246920926,true,1785246920962,FastAccept
1785246920959,true,1785246921020,LeaderAccept
1785246920993,false,1785246921041,LeaderAccept
1785246921028,false,1785246921064,FastAccept
1785246921062,false,1785246921110,LeaderAccept
1785246921097,true,1785246921134,FastAccept
1785246921134,true,1785246921181,LeaderAccept
1785246921170,true,1785246921207,FastAccept
1785246921208,false,1785246921244,FastAccept
1785246921246,false,1785246921284,FastAccept
1785246921286,true,1785246921340,LeaderAccept
1785246921325,false,1785246921362,FastAccept
1785246921366,true,1785246921423,LeaderAccept
1785246921407,true,1785246921444,FastAccept
1785246921449,false,1785246921503,SlowAccept
1785246921493,true,1785246921529,FastAccept
1785246921536,true,1785246921573,FastAccept
1785246921580,false,1785246921617,FastAccept
1785246921626,true,1785246921662,FastAccept
1785246921673,true,1785246921709,FastAccept
1785246921721,true,1785246921758,FastAccept
1785246921770,false,1785246921806,FastAccept
1785246921821,true,1785246921857,FastAccept
1785246921872,true,1785246921909,FastAccept
1785246921925,true,1785246921962,FastAccept
1785246921979,true,1785246922031,LeaderAccept
1785246922035,false,1785246922072,FastAccept
1785246922091,false,1785246922149,LeaderAccept
1785246922151,false,1785246922187,FastAccept
1785246922211,true,1785246922268,LeaderAccept
1785246922273,false,1785246922309,FastAccept
1785246922338,true,1785246922374,FastAccept
1785246922404,false,1785246922440,FastAccept
1785246922473,true,1785246922509,FastAccept
1785246922543,true,1785246922580,FastAccept
1785246922617,false,1785246922653,FastAccept
1785246922693,true,1785246922729,FastAccept
1785246922771,false,1785246922807,FastAccept
1785246922854,true,1785246922890,FastAccept
1785246922940,true,1785246922976,FastAccept
1785246923030,true,1785246923066,FastAccept
1785246923123,false,1785246923160,FastAccept
1785246923221,true,1785246923277,LeaderAccept
1785246923324,false,1785246923360,FastAccept
1785246923431,true,1785246923487,LeaderAccept
1785246923544,false,1785246923581,FastAccept
1785246923664,false,1785246923700,FastAccept
1785246923791,false,1785246923828,FastAccept
1785246923926,true,1785246923963,FastAccept
1785246924071,false,1785246924108,FastAccept
1785246924227,false,1785246924264,FastAccept
1785246924397,true,1785246924433,FastAccept
1785246924580,false,1785246924616,FastAccept
1785246924781,false,1785246924818,FastAccept
1785246925003,true,1785246925040,FastAccept
1785246925252,false,1785246925289,FastAccept
1785246925532,true,1785246925594,LeaderAccept
1785246925855,true,1785246925891,FastAccept
1785246926234,true,1785246926277,FastAccept
1785246926691,true,1785246926748,LeaderAccept
1785246927266,false,1785246927323,LeaderAccept
1785246928032,true,1785246928076,FastAccept
1785246929154,false,1785246929191,FastAccept
1785246931120,true,1785246931157,FastAccept
1785246936372,true,1785246936408,FastAccept
1785246965259,true,1785246965319,LeaderAccept
1785246965288,true,1785246965345,LeaderAccept
1785246965315,false,1785246965371,LeaderAccept
1785246965343,false,1785246965392,LeaderAccept
1785246965371,true,1785246965407,FastAccept
1785246965401,true,1785246965465,LeaderAccept
1785246965430,true,1785246965491,LeaderAccept
1785246965460,true,1785246965511,LeaderAccept
1785246965491,true,1785246965527,FastAccept
1785246965521,false,1785246965557,FastAccept
1785246965552,false,1785246965589,FastAccept
1785246965584,true,1785246965652,LeaderAccept
1785246965617,false,1785246965679,LeaderAccept
1785246965649,true,1785246965699,LeaderAccept
1785246965682,true,1785246965719,FastAccept
1785246965715,false,1785246965751,FastAccept
1785246965750,true,1785246965786,FastAccept
1785246965784,true,1785246965828,FastAccept
1785246965821,true,1785246965874,LeaderAccept
1785246965857,true,1785246965893,FastAccept
1785246965893,false,1785246965929,FastAccept
1785246965930,false,1785246965967,FastAccept
1785246965968,true,1785246966004,FastAccept
1785246966007,true,1785246966050,FastAccept
1785246966046,false,1785246966096,LeaderAccept
1785246966086,false,1785246966123,FastAccept
1785246966127,true,1785246966164,FastAccept
1785246966169,false,1785246966206,FastAccept
1785246966212,true,1785246966249,FastAccept
1785246966256,false,1785246966300,FastAccept
1785246966301,false,1785246966338,FastAccept
1785246966346,false,1785246966382,FastAccept
1785246966393,true,1785246966430,FastAccept
1785246966440,false,1785246966477,FastAccept
1785246966488,false,1785246966525,FastAccept
1785246966538,true,1785246966575,FastAccept
1785246966589,false,1785246966626,FastAccept
1785246966641,false,1785246966678,FastAccept
1785246966695,false,1785246966731,FastAccept
1785246966751,true,1785246966787,FastAccept
1785246966807,false,1785246966844,FastAccept
1785246966866,false,1785246966902,FastAccept
1785246966925,false,1785246966962,FastAccept
1785246966988,true,1785246967025,FastAccept
1785246967051,true,1785246967087,FastAccept
1785246967118,false,1785246967154,FastAccept
1785246967187,true,1785246967223,FastAccept
1785246967258,false,1785246967294,FastAccept
1785246967331,true,1785246967367,FastAccept
1785246967406,false,1785246967443,FastAccept
1785246967484,true,1785246967520,FastAccept
1785246967566,true,1785246967602,FastAccept
1785246967650,false,1785246967687,FastAccept
1785246967738,false,1785246967775,FastAccept
1785246967830,true,1785246967867,FastAccept
1785246967926,false,1785246967962,FastAccept
1785246968028,false,1785246968064,FastAccept
1785246968134,true,1785246968170,FastAccept
1785246968247,true,1785246968284,FastAccept
1785246968365,true,1785246968401,FastAccept
1785246968491,false,1785246968527,FastAccept
1785246968625,true,1785246968662,FastAccept
1785246968767,false,1785246968804,FastAccept
1785246968920,false,1785246968957,FastAccept
1785246969085,false,1785246969122,FastAccept
1785246969266,true,1785246969302,FastAccept
1785246969463,false,1785246969499,FastAccept
1785246969679,true,1785246969715,FastAccept
1785246969920,true,1785246969957,FastAccept
1785246970192,true,1785246970229,FastAccept
1785246970504,true,1785246970564,LeaderAccept
1785246970867,false,1785246970904,FastAccept
1785246971303,true,1785246971340,FastAccept
1785246971845,true,1785246971882,FastAccept
1785246972556,true,1785246972592,FastAccept
1785246973569,false,1785246973605,FastAccept
1785246975248,false,1785246975295,LeaderAccept
1785246979136,false,1785246979172,FastAccept
1785247006287,true,1785247006324,FastAccept
1785247008616,true,1785247008652,FastAccept
1785247008631,true,1785247008667,FastAccept
1785247008648,true,1785247008726,LeaderAccept
1785247008663,true,1785247008720,SlowAccept
1785247008679,false,1785247008720,FastAccept
1785247008696,true,1785247008773,SlowAccept
1785247008712,true,1785247008779,LeaderAccept
1785247008728,true,1785247008773,FastAccept
1785247008744,true,1785247008832,LeaderAccept
1785247008761,false,1785247008804,FastAccept
1785247008778,false,1785247008832,SlowAccept
1785247008795,true,1785247008849,LeaderAccept
1785247008811,true,1785247008848,FastAccept
1785247008829,false,1785247008865,FastAccept
1785247008846,false,1785247008882,FastAccept
1785247008863,false,1785247008921,LeaderAccept
1785247008881,true,1785247008951,LeaderAccept
1785247008898,false,1785247008951,SlowAccept
1785247008917,true,1785247008977,LeaderAccept
1785247008934,true,1785247009003,LeaderAccept
1785247008952,true,1785247008988,FastAccept
1785247008971,true,1785247009033,LeaderAccept
1785247008990,true,1785247009059,LeaderAccept
1785247009008,true,1785247009045,FastAccept
1785247009027,true,1785247009115,LeaderAccept
1785247009046,true,1785247009109,SlowAccept
1785247009066,true,1785247009109,FastAccept
1785247009084,false,1785247009145,LeaderAccept
1785247009104,true,1785247009171,LeaderAccept
1785247009124,false,1785247009160,FastAccept
1785247009143,true,1785247009197,LeaderAccept
1785247009163,false,1785247009252,LeaderAccept
1785247009183,true,1785247009246,SlowAccept
1785247009203,true,1785247009246,FastAccept
1785247009223,false,1785247009278,LeaderAccept
1785247009245,true,1785247009328,LeaderAccept
1785247009265,true,1785247009328,SlowAccept
1785247009286,false,1785247009328,FastAccept
1785247009307,false,1785247009344,FastAccept
1785247009330,true,1785247009366,FastAccept
1785247009351,false,1785247009408,SlowAccept
1785247009373,true,1785247009436,SlowAccept
1785247009396,true,1785247009436,FastAccept
1785247009418,false,1785247009454,FastAccept
1785247009441,false,1785247009504,SlowAccept
1785247009464,false,1785247009504,FastAccept
1785247009486,false,1785247009522,FastAccept
1785247009509,true,1785247009559,SlowAccept
1785247009534,true,1785247009591,LeaderAccept
1785247009557,true,1785247009617,LeaderAccept
1785247009581,false,1785247009647,LeaderAccept
1785247009605,true,1785247009693,LeaderAccept
1785247009631,false,1785247009673,FastAccept
1785247009655,false,1785247009691,FastAccept
1785247009681,false,1785247009902,LeaderAccept
1785247009707,true,1785247009770,SlowAccept
1785247009732,true,1785247009775,FastAccept
1785247009759,true,1785247009801,FastAccept
1785247009786,true,1785247009849,SlowAccept
1785247009812,false,1785247009855,FastAccept
1785247009840,true,1785247009896,SlowAccept
1785247009867,false,1785247009927,LeaderAccept
1785247009896,false,1785247009953,LeaderAccept
1785247009924,true,1785247009979,LeaderAccept
1785247009953,false,1785247009989,FastAccept
1785247009982,false,1785247010019,FastAccept
1785247010013,false,1785247010049,FastAccept
1785247010042,false,1785247010093,SlowAccept
1785247010072,false,1785247010109,FastAccept
1785247010103,true,1785247010139,FastAccept
1785247010134,false,1785247010171,FastAccept
1785247010167,true,1785247010217,LeaderAccept
1785247010199,false,1785247010235,FastAccept
1785247010232,false,1785247010269,FastAccept
1785247010266,false,1785247010320,LeaderAccept
1785247010299,false,1785247010335,FastAccept
1785247010333,false,1785247010369,FastAccept
1785247010368,false,1785247010425,LeaderAccept
1785247010405,false,1785247010441,FastAccept
1785247010441,false,1785247010477,FastAccept
1785247010479,false,1785247010516,FastAccept
1785247010517,true,1785247010554,FastAccept
1785247010556,false,1785247010592,FastAccept
1785247010594,true,1785247010631,FastAccept
1785247010634,false,1785247010688,LeaderAccept
1785247010674,false,1785247010711,FastAccept
1785247010715,false,1785247010751,FastAccept
1785247010757,true,1785247010813,LeaderAccept
1785247010801,true,1785247010837,FastAccept
1785247010845,false,1785247010882,FastAccept
1785247010891,true,1785247010927,FastAccept
1785247010937,false,1785247010973,FastAccept
1785247010985,true,1785247011021,FastAccept
1785247011032,false,1785247011069,FastAccept
1785247011081,true,1785247011137,LeaderAccept
1785247011132,true,1785247011168,FastAccept
1785247011184,true,1785247011220,FastAccept
1785247011236,true,1785247011273,FastAccept
1785247011290,true,1785247011326,FastAccept
1785247011347,true,1785247011383,FastAccept
1785247011404,true,1785247011441,FastAccept
1785247011463,true,1785247011501,FastAccept
1785247011524,false,1785247011561,FastAccept
1785247011586,false,1785247011623,FastAccept
1785247011650,false,1785247011707,LeaderAccept
1785247011716,false,1785247011752,FastAccept
1785247011785,false,1785247011822,FastAccept
1785247011856,false,1785247011893,FastAccept
1785247011931,false,1785247011967,FastAccept
1785247012008,false,1785247012044,FastAccept
1785247012088,true,1785247012125,FastAccept
1785247012170,false,1785247012208,FastAccept
1785247012256,false,1785247012292,FastAccept
1785247012347,false,1785247012383,FastAccept
1785247012441,false,1785247012493,LeaderAccept
1785247012540,false,1785247012576,FastAccept
1785247012644,false,1785247012681,FastAccept
1785247012752,false,1785247012789,FastAccept
1785247012868,false,1785247012904,FastAccept
1785247012989,true,1785247013026,FastAccept
1785247013119,true,1785247013155,FastAccept
1785247013256,true,1785247013293,FastAccept
1785247013403,false,1785247013440,FastAccept
1785247013561,true,1785247013599,FastAccept
1785247013732,false,1785247013769,FastAccept
1785247013918,false,1785247013955,FastAccept
1785247014122,true,1785247014159,FastAccept
1785247014349,false,1785247014385,FastAccept
1785247014602,true,1785247014639,FastAccept
1785247014889,false,1785247014925,FastAccept
1785247015220,false,1785247015257,FastAccept
1785247015611,false,1785247015648,FastAccept
1785247016086,false,1785247016123,FastAccept
1785247016688,false,1785247016725,FastAccept
1785247017503,true,1785247017540,FastAccept
1785247018724,false,1785247018760,FastAccept
1785247020974,false,1785247021011,FastAccept
1785247027903,false,1785247027940,FastAccept
1785247054551,false,1785247054588,FastAccept
1785247054568,false,1785247054604,FastAccept
1785247054584,true,1785247054621,FastAccept
1785247054602,false,1785247054638,FastAccept
1785247054619,false,1785247054655,FastAccept
1785247054635,false,1785247054671,FastAccept
1785247054652,false,1785247054688,FastAccept
1785247054668,false,1785247054705,FastAccept
1785247054685,true,1785247054772,LeaderAccept
1785247054703,false,1785247054767,SlowAccept
1785247054721,false,1785247054767,FastAccept
1785247054738,false,1785247054825,LeaderAccept
1785247054755,false,1785247054799,FastAccept
1785247054773,true,1785247054810,FastAccept
1785247054791,true,1785247054897,LeaderAccept
1785247054809,true,1785247054866,SlowAccept
1785247054828,false,1785247054871,FastAccept
1785247054846,false,1785247054883,FastAccept
1785247054866,true,1785247054927,LeaderAccept
1785247054884,false,1785247054953,LeaderAccept
1785247054903,false,1785247054940,FastAccept
1785247054923,false,1785247054979,LeaderAccept
1785247054943,false,1785247055051,LeaderAccept
1785247054962,true,1785247055019,SlowAccept
1785247054982,true,1785247055025,FastAccept
1785247055001,true,1785247055038,FastAccept
1785247055022,false,1785247055077,LeaderAccept
1785247055042,false,1785247055131,LeaderAccept
1785247055062,true,1785247055126,SlowAccept
1785247055083,true,1785247055126,FastAccept
1785247055104,true,1785247055157,LeaderAccept
1785247055125,true,1785247055188,LeaderAccept
1785247055147,false,1785247055208,LeaderAccept
1785247055169,false,1785247055206,FastAccept
1785247055190,true,1785247055226,FastAccept
1785247055212,false,1785247055249,FastAccept
1785247055235,true,1785247055271,FastAccept
1785247055257,false,1785247055294,FastAccept
1785247055280,false,1785247055316,FastAccept
1785247055302,true,1785247055339,FastAccept
1785247055326,true,1785247055370,FastAccept
1785247055350,false,1785247055387,FastAccept
1785247055374,false,1785247055411,FastAccept
1785247055398,true,1785247055434,FastAccept
1785247055422,false,1785247055459,FastAccept
1785247055446,false,1785247055483,FastAccept
1785247055472,true,1785247055509,FastAccept
1785247055496,true,1785247055533,FastAccept
1785247055522,false,1785247055574,SlowAccept
1785247055547,false,1785247055606,LeaderAccept
1785247055574,true,1785247055631,LeaderAccept
1785247055600,true,1785247055658,LeaderAccept
1785247055626,false,1785247055684,LeaderAccept
1785247055654,false,1785247055710,LeaderAccept
1785247055680,false,1785247055736,LeaderAccept
1785247055707,false,1785247055762,LeaderAccept
1785247055735,true,1785247055783,LeaderAccept
1785247055763,false,1785247055812,LeaderAccept
1785247055792,true,1785247055828,FastAccept
1785247055822,true,1785247055858,FastAccept
1785247055851,true,1785247055888,FastAccept
1785247055882,true,1785247055918,FastAccept
1785247055912,true,1785247055949,FastAccept
1785247055943,false,1785247055980,FastAccept
1785247055975,false,1785247056011,FastAccept
1785247056006,false,1785247056059,LeaderAccept
1785247056038,true,1785247056075,FastAccept
1785247056071,false,1785247056108,FastAccept
1785247056104,false,1785247056141,FastAccept
1785247056137,false,1785247056174,FastAccept
1785247056171,false,1785247056208,FastAccept
1785247056206,true,1785247056243,FastAccept
1785247056242,false,1785247056279,FastAccept
1785247056278,false,1785247056336,LeaderAccept
1785247056315,false,1785247056351,FastAccept
1785247056352,true,1785247056389,FastAccept
1785247056390,false,1785247056426,FastAccept
1785247056429,true,1785247056466,FastAccept
1785247056469,true,1785247056506,FastAccept
1785247056509,false,1785247056546,FastAccept
1785247056550,true,1785247056586,FastAccept
1785247056593,true,1785247056649,LeaderAccept
1785247056635,false,1785247056671,FastAccept
1785247056678,false,1785247056715,FastAccept
1785247056723,false,1785247056759,FastAccept
1785247056768,false,1785247056805,FastAccept
1785247056815,false,1785247056852,FastAccept
1785247056862,false,1785247056899,FastAccept
1785247056912,true,1785247056948,FastAccept
1785247056961,false,1785247056998,FastAccept
1785247057013,false,1785247057050,FastAccept
1785247057066,true,1785247057102,FastAccept
1785247057121,true,1785247057157,FastAccept
1785247057177,true,1785247057213,FastAccept
1785247057233,false,1785247057270,FastAccept
1785247057292,true,1785247057329,FastAccept
1785247057352,false,1785247057389,FastAccept
1785247057414,true,1785247057451,FastAccept
1785247057479,false,1785247057516,FastAccept
1785247057545,false,1785247057582,FastAccept
1785247057613,true,1785247057650,FastAccept
1785247057683,true,1785247057720,FastAccept
1785247057756,true,1785247057793,FastAccept
1785247057833,false,1785247057869,FastAccept
1785247057912,true,1785247057948,FastAccept
1785247057994,false,1785247058050,SlowAccept
1785247058078,false,1785247058115,FastAccept
1785247058166,false,1785247058203,FastAccept
1785247058258,true,1785247058295,FastAccept
1785247058355,true,1785247058392,FastAccept
1785247058458,true,1785247058495,FastAccept
1785247058565,false,1785247058602,FastAccept
1785247058678,false,1785247058715,FastAccept
1785247058797,false,1785247058834,FastAccept
1785247058924,false,1785247058961,FastAccept
1785247059060,false,1785247059096,FastAccept
1785247059203,false,1785247059239,FastAccept
1785247059358,false,1785247059394,FastAccept
1785247059526,false,1785247059562,FastAccept
1785247059707,false,1785247059744,FastAccept
1785247059906,false,1785247059956,LeaderAccept
1785247060125,false,1785247060189,SlowAccept
1785247060369,false,1785247060420,LeaderAccept
1785247060645,true,1785247060682,FastAccept
1785247060963,false,1785247061019,SlowAccept
1785247061334,true,1785247061390,SlowAccept
1785247061781,false,1785247061841,LeaderAccept
1785247062339,false,1785247062402,LeaderAccept
1785247063077,true,1785247063130,LeaderAccept
1785247064142,false,1785247064196,LeaderAccept
1785247065956,true,1785247065994,FastAccept
1785247070448,true,1785247070485,FastAccept
1785247079994,false,1785247080066,LeaderAccept
1785247080010,true,1785247080046,FastAccept
1785247080025,false,1785247080092,LeaderAccept
1785247080040,true,1785247080083,FastAccept
1785247080056,false,1785247080118,LeaderAccept
1785247080071,false,1785247080143,LeaderAccept
1785247080088,false,1785247080143,LeaderAccept
1785247080103,false,1785247080168,LeaderAccept
1785247080120,true,1785247080162,FastAccept
1785247080135,true,1785247080192,LeaderAccept
1785247080152,false,1785247080221,LeaderAccept
1785247080168,true,1785247080204,FastAccept
1785247080185,true,1785247080247,LeaderAccept
1785247080202,true,1785247080238,FastAccept
1785247080218,false,1785247080275,LeaderAccept
1785247080236,false,1785247080280,LeaderAccept
1785247080252,true,1785247080310,LeaderAccept
1785247080270,true,1785247080336,LeaderAccept
1785247080287,true,1785247080322,FastAccept
1785247080304,true,1785247080366,LeaderAccept
1785247080322,false,1785247080366,LeaderAccept
1785247080340,false,1785247080395,LeaderAccept
1785247080357,false,1785247080422,LeaderAccept
1785247080375,true,1785247080412,FastAccept
1785247080393,false,1785247080481,LeaderAccept
1785247080411,true,1785247080461,LeaderAccept
1785247080430,false,1785247080481,LeaderAccept
1785247080449,true,1785247080530,LeaderAccept
1785247080467,false,1785247080530,SlowAccept
1785247080487,false,1785247080530,FastAccept
1785247080505,true,1785247080576,LeaderAccept
1785247080524,true,1785247080584,LeaderAccept
1785247080545,true,1785247080610,LeaderAccept
1785247080564,true,1785247080600,FastAccept
1785247080584,true,1785247080640,LeaderAccept
1785247080604,true,1785247080681,LeaderAccept
1785247080625,false,1785247080681,SlowAccept
1785247080645,false,1785247080708,SlowAccept
1785247080667,false,1785247080708,FastAccept
1785247080687,false,1785247080744,LeaderAccept
1785247080708,true,1785247080815,LeaderAccept
1785247080730,false,1785247080786,SlowAccept
1785247080751,true,1785247080815,LeaderAccept
1785247080773,true,1785247080815,FastAccept
1785247080794,false,1785247080837,FastAccept
1785247080817,true,1785247080853,FastAccept
1785247080839,true,1785247080875,FastAccept
1785247080861,false,1785247080911,LeaderAccept
1785247080884,false,1785247080937,LeaderAccept
1785247080907,true,1785247080967,LeaderAccept
1785247080931,true,1785247080996,LeaderAccept
1785247080954,true,1785247081027,LeaderAccept
1785247080978,false,1785247081027,SlowAccept
1785247081002,true,1785247081058,LeaderAccept
1785247081027,true,1785247081088,LeaderAccept
1785247081051,false,1785247081118,LeaderAccept
1785247081076,false,1785247081185,LeaderAccept
1785247081101,true,1785247081159,SlowAccept
1785247081126,true,1785247081185,LeaderAccept
1785247081152,false,1785247081215,LeaderAccept
1785247081177,true,1785247081244,LeaderAccept
1785247081203,true,1785247081294,LeaderAccept
1785247081231,true,1785247081320,LeaderAccept
1785247081259,true,1785247081315,SlowAccept
1785247081286,true,1785247081350,LeaderAccept
1785247081315,false,1785247081377,LeaderAccept
1785247081343,true,1785247081406,LeaderAccept
1785247081371,true,1785247081432,LeaderAccept
1785247081401,false,1785247081479,LeaderAccept
1785247081430,true,1785247081479,LeaderAccept
1785247081460,true,1785247081496,FastAccept
1785247081490,true,1785247081526,FastAccept
1785247081521,false,1785247081564,FastAccept
1785247081553,false,1785247081623,LeaderAccept
1785247081585,true,1785247081654,LeaderAccept
1785247081616,true,1785247081680,LeaderAccept
1785247081649,false,1785247081700,LeaderAccept
1785247081681,true,1785247081724,FastAccept
1785247081715,true,1785247081771,LeaderAccept
1785247081750,true,1785247081785,FastAccept
1785247081784,false,1785247081823,LeaderAccept
1785247081820,false,1785247081856,FastAccept
1785247081855,false,1785247081891,FastAccept
1785247081891,false,1785247081927,FastAccept
1785247081929,false,1785247081965,FastAccept
1785247081966,true,1785247082012,SlowAccept
1785247082006,true,1785247082043,FastAccept
1785247082045,false,1785247082082,FastAccept
1785247082085,false,1785247082121,FastAccept
1785247082127,true,1785247082163,FastAccept
1785247082169,true,1785247082212,FastAccept
1785247082211,false,1785247082248,FastAccept
1785247082254,true,1785247082291,FastAccept
1785247082299,true,1785247082336,FastAccept
1785247082345,true,1785247082381,FastAccept
1785247082392,false,1785247082436,FastAccept
1785247082440,false,1785247082497,SlowAccept
1785247082488,false,1785247082525,FastAccept
1785247082538,true,1785247082575,FastAccept
1785247082589,false,1785247082625,FastAccept
1785247082642,true,1785247082685,FastAccept
1785247082695,true,1785247082732,FastAccept
1785247082751,false,1785247082787,FastAccept
1785247082807,false,1785247082844,FastAccept
1785247082866,true,1785247082903,FastAccept
1785247082926,true,1785247082969,FastAccept
1785247082988,true,1785247083025,FastAccept
1785247083052,false,1785247083103,LeaderAccept
1785247083118,true,1785247083154,FastAccept
1785247083185,false,1785247083222,FastAccept
1785247083255,false,1785247083298,FastAccept
1785247083328,true,1785247083364,FastAccept
1785247083404,true,1785247083447,FastAccept
1785247083481,true,1785247083518,FastAccept
1785247083562,false,1785247083598,FastAccept
1785247083647,true,1785247083690,FastAccept
1785247083735,false,1785247083771,FastAccept
1785247083827,false,1785247083863,FastAccept
1785247083923,false,1785247083959,FastAccept
1785247084024,true,1785247084061,FastAccept
1785247084129,false,1785247084172,FastAccept
1785247084241,true,1785247084277,FastAccept
1785247084358,true,1785247084395,FastAccept
1785247084484,false,1785247084520,FastAccept
1785247084616,true,1785247084653,FastAccept
1785247084758,false,1785247084802,FastAccept
1785247084910,false,1785247084947,FastAccept
1785247085074,true,1785247085110,FastAccept
1785247085252,true,1785247085288,FastAccept
1785247085446,false,1785247085484,FastAccept
1785247085660,false,1785247085703,FastAccept
1785247085898,false,1785247085935,FastAccept
1785247086166,false,1785247086203,FastAccept
1785247086474,false,1785247086510,FastAccept
1785247086832,false,1785247086868,FastAccept
1785247087259,false,1785247087296,FastAccept
1785247087787,false,1785247087824,FastAccept
1785247088476,true,1785247088512,FastAccept
1785247089446,true,1785247089483,FastAccept
1785247091022,true,1785247091059,FastAccept
1785247094486,true,1785247094522,FastAccept
1785247102238,false,1785247102274,FastAccept
1785247102252,true,1785247102289,FastAccept
1785247102268,false,1785247102304,FastAccept
1785247102283,false,1785247102319,FastAccept
1785247102297,true,1785247102334,FastAccept
1785247102312,false,1785247102349,FastAccept
1785247102327,false,1785247102404,LeaderAccept
1785247102342,true,1785247102398,SlowAccept
1785247102357,true,1785247102398,FastAccept
1785247102373,true,1785247102462,LeaderAccept
1785247102388,true,1785247102452,SlowAccept
1785247102404,false,1785247102452,FastAccept
1785247102419,false,1785247102487,LeaderAccept
1785247102436,false,1785247102472,FastAccept
1785247102451,false,1785247102513,LeaderAccept
1785247102468,true,1785247102504,FastAccept
1785247102484,true,1785247102564,LeaderAccept
1785247102501,false,1785247102558,SlowAccept
1785247102518,true,1785247102558,FastAccept
1785247102534,true,1785247102593,LeaderAccept
1785247102551,false,1785247102619,LeaderAccept
1785247102569,true,1785247102605,FastAccept
1785247102586,true,1785247102672,LeaderAccept
1785247102603,true,1785247102666,SlowAccept
1785247102620,false,1785247102666,FastAccept
1785247102638,true,1785247102698,LeaderAccept
1785247102655,false,1785247102709,LeaderAccept
1785247102673,false,1785247102728,LeaderAccept
1785247102691,true,1785247102753,LeaderAccept
1785247102710,true,1785247102780,LeaderAccept
1785247102728,true,1785247102764,FastAccept
1785247102747,true,1785247102834,LeaderAccept
1785247102766,true,1785247102829,SlowAccept
1785247102785,true,1785247102829,FastAccept
1785247102803,false,1785247102864,LeaderAccept
1785247102823,false,1785247102890,LeaderAccept
1785247102842,true,1785247102885,FastAccept
1785247102862,true,1785247102912,LeaderAccept
1785247102881,true,1785247102941,LeaderAccept
1785247102900,true,1785247102961,LeaderAccept
1785247102921,true,1785247102957,FastAccept
1785247102941,false,1785247102978,FastAccept
1785247102961,false,1785247102997,FastAccept
1785247102982,true,1785247103018,FastAccept
1785247103002,true,1785247103039,FastAccept
1785247103024,false,1785247103066,FastAccept
1785247103044,false,1785247103106,SlowAccept
1785247103065,false,1785247103118,LeaderAccept
1785247103087,false,1785247103144,LeaderAccept
1785247103109,true,1785247103174,LeaderAccept
1785247103132,false,1785247103194,LeaderAccept
1785247103154,true,1785247103191,FastAccept
1785247103177,false,1785247103213,FastAccept
1785247103199,true,1785247103236,FastAccept
1785247103223,false,1785247103260,FastAccept
1785247103246,true,1785247103283,FastAccept
1785247103270,true,1785247103357,LeaderAccept
1785247103293,false,1785247103357,SlowAccept
1785247103318,true,1785247103357,FastAccept
1785247103342,false,1785247103379,FastAccept
1785247103366,false,1785247103402,FastAccept
1785247103391,false,1785247103428,FastAccept
1785247103417,true,1785247103454,FastAccept
1785247103443,false,1785247103479,FastAccept
1785247103468,true,1785247103505,FastAccept
1785247103495,true,1785247103555,LeaderAccept
1785247103522,false,1785247103580,LeaderAccept
1785247103548,false,1785247103606,LeaderAccept
1785247103575,false,1785247103632,LeaderAccept
1785247103603,false,1785247103659,LeaderAccept
1785247103631,false,1785247103679,LeaderAccept
1785247103660,true,1785247103696,FastAccept
1785247103688,true,1785247103724,FastAccept
1785247103718,false,1785247103754,FastAccept
1785247103747,false,1785247103784,FastAccept
1785247103777,false,1785247103820,FastAccept
1785247103806,true,1785247103870,SlowAccept
1785247103838,false,1785247103904,LeaderAccept
1785247103869,false,1785247103931,LeaderAccept
1785247103901,true,1785247103951,LeaderAccept
1785247103933,true,1785247103970,FastAccept
1785247103965,true,1785247104001,FastAccept
1785247103998,false,1785247104035,FastAccept
1785247104033,false,1785247104069,FastAccept
1785247104066,true,1785247104128,LeaderAccept
1785247104100,false,1785247104148,LeaderAccept
1785247104136,true,1785247104172,FastAccept
1785247104172,true,1785247104208,FastAccept
1785247104208,true,1785247104245,FastAccept
1785247104246,true,1785247104282,FastAccept
1785247104283,true,1785247104320,FastAccept
1785247104321,true,1785247104358,FastAccept
1785247104361,true,1785247104397,FastAccept
1785247104402,false,1785247104438,FastAccept
1785247104443,true,1785247104479,FastAccept
1785247104484,true,1785247104536,LeaderAccept
1785247104527,true,1785247104563,FastAccept
1785247104570,false,1785247104607,FastAccept
1785247104615,true,1785247104651,FastAccept
1785247104659,true,1785247104696,FastAccept
1785247104705,true,1785247104741,FastAccept
1785247104753,false,1785247104789,FastAccept
1785247104802,true,1785247104838,FastAccept
1785247104851,false,1785247104907,LeaderAccept
1785247104903,false,1785247104946,FastAccept
1785247104955,true,1785247104992,FastAccept
1785247105008,true,1785247105045,FastAccept
1785247105063,false,1785247105100,FastAccept
1785247105120,true,1785247105156,FastAccept
1785247105177,false,1785247105214,FastAccept
1785247105237,false,1785247105274,FastAccept
1785247105298,true,1785247105335,FastAccept
1785247105361,false,1785247105398,FastAccept
1785247105427,false,1785247105463,FastAccept
1785247105495,false,1785247105531,FastAccept
1785247105564,true,1785247105600,FastAccept
1785247105637,false,1785247105674,FastAccept
1785247105712,true,1785247105748,FastAccept
1785247105790,false,1785247105826,FastAccept
1785247105870,true,1785247105907,FastAccept
1785247105954,true,1785247105990,FastAccept
1785247106042,true,1785247106078,FastAccept
1785247106133,false,1785247106170,FastAccept
1785247106229,false,1785247106266,FastAccept
1785247106328,false,1785247106365,FastAccept
1785247106434,false,1785247106470,FastAccept
1785247106545,true,1785247106581,FastAccept
1785247106661,false,1785247106698,FastAccept
1785247106785,true,1785247106822,FastAccept
1785247106916,false,1785247106953,FastAccept
1785247107056,true,1785247107093,FastAccept
1785247107208,false,1785247107244,FastAccept
1785247107370,true,1785247107406,FastAccept
1785247107546,false,1785247107582,FastAccept
1785247107738,true,1785247107774,FastAccept
1785247107949,false,1785247107986,FastAccept
1785247108183,true,1785247108220,FastAccept
1785247108448,true,1785247108484,FastAccept
1785247108748,false,1785247108785,FastAccept
1785247109097,true,1785247109134,FastAccept
1785247109513,false,1785247109550,FastAccept
1785247110024,false,1785247110061,FastAccept
1785247110683,true,1785247110720,FastAccept
1785247111600,false,1785247111637,FastAccept
1785247113049,true,1785247113086,FastAccept
1785247116037,false,1785247116073,FastAccept
1785247129349,false,1785247129386,FastAccept
1785247131934,false,1785247131971,FastAccept
1785247131959,true,1785247131995,FastAccept
1785247131982,true,1785247132019,FastAccept
1785247132006,false,1785247132043,FastAccept
1785247132030,false,1785247132066,FastAccept
1785247132054,true,1785247132090,FastAccept
1785247132080,false,1785247132117,FastAccept
1785247132106,true,1785247132143,FastAccept
1785247132132,false,1785247132168,FastAccept
1785247132157,true,1785247132194,FastAccept
1785247132183,true,1785247132220,FastAccept
1785247132210,false,1785247132247,FastAccept
1785247132238,true,1785247132274,FastAccept
1785247132265,true,1785247132302,FastAccept
1785247132294,true,1785247132331,FastAccept
1785247132321,true,1785247132357,FastAccept
1785247132349,true,1785247132386,FastAccept
1785247132379,false,1785247132415,FastAccept
1785247132408,false,1785247132444,FastAccept
1785247132438,false,1785247132474,FastAccept
1785247132467,false,1785247132504,FastAccept
1785247132499,true,1785247132535,FastAccept
1785247132530,false,1785247132566,FastAccept
1785247132562,false,1785247132598,FastAccept
1785247132593,false,1785247132631,FastAccept
1785247132625,false,1785247132662,FastAccept
1785247132658,true,1785247132695,FastAccept
1785247132691,true,1785247132727,FastAccept
1785247132725,true,1785247132761,FastAccept
1785247132759,true,1785247132795,FastAccept
1785247132795,false,1785247132831,FastAccept
1785247132830,false,1785247132867,FastAccept
1785247132866,true,1785247132904,FastAccept
1785247132903,false,1785247132940,FastAccept
1785247132940,false,1785247132976,FastAccept
1785247132978,true,1785247133015,FastAccept
1785247133017,false,1785247133054,FastAccept
1785247133056,true,1785247133093,FastAccept
1785247133096,false,1785247133133,FastAccept
1785247133138,true,1785247133175,FastAccept
1785247133180,true,1785247133216,FastAccept
1785247133223,true,1785247133260,FastAccept
1785247133266,false,1785247133303,FastAccept
1785247133311,false,1785247133349,FastAccept
1785247133356,true,1785247133393,FastAccept
1785247133404,false,1785247133440,FastAccept
1785247133452,true,1785247133489,FastAccept
1785247133500,false,1785247133537,FastAccept
1785247133551,false,1785247133587,FastAccept
1785247133602,true,1785247133639,FastAccept
1785247133656,false,1785247133692,FastAccept
1785247133709,true,1785247133747,FastAccept
1785247133765,true,1785247133802,FastAccept
1785247133822,false,1785247133859,FastAccept
1785247133881,true,1785247133918,FastAccept
1785247133941,false,1785247133978,FastAccept
1785247134003,true,1785247134040,FastAccept
1785247134068,true,1785247134105,FastAccept
1785247134134,false,1785247134171,FastAccept
1785247134202,true,1785247134238,FastAccept
1785247134273,true,1785247134309,FastAccept
1785247134347,false,1785247134384,FastAccept
1785247134422,false,1785247134459,FastAccept
1785247134502,false,1785247134538,FastAccept
1785247134583,true,1785247134621,FastAccept
1785247134668,false,1785247134705,FastAccept
1785247134757,false,1785247134794,FastAccept
1785247134850,true,1785247134887,FastAccept
1785247134947,false,1785247134984,FastAccept
1785247135049,true,1785247135087,FastAccept
1785247135156,true,1785247135193,FastAccept
1785247135270,false,1785247135307,FastAccept
1785247135390,true,1785247135427,FastAccept
1785247135516,true,1785247135553,FastAccept
1785247135651,true,1785247135688,FastAccept
1785247135796,false,1785247135833,FastAccept
1785247135951,false,1785247135989,FastAccept
1785247136119,true,1785247136155,FastAccept
1785247136301,false,1785247136338,FastAccept
1785247136501,false,1785247136538,FastAccept
1785247136723,false,1785247136771,SlowAccept
1785247136969,true,1785247137026,LeaderAccept
1785247137247,false,1785247137296,LeaderAccept
1785247137567,false,1785247137603,FastAccept
1785247137941,true,1785247137998,LeaderAccept
1785247138393,false,1785247138450,LeaderAccept
1785247138959,false,1785247139016,LeaderAccept
1785247139709,false,1785247139746,FastAccept
1785247140800,true,1785247140837,FastAccept
1785247142683,true,1785247142720,FastAccept
1785247143588,true,1785247143632,FastAccept
1785247143614,true,1785247143671,SlowAccept
1785247143640,false,1785247143706,LeaderAccept
1785247143668,true,1785247143737,LeaderAccept
1785247143695,true,1785247143767,LeaderAccept
1785247143723,true,1785247143882,LeaderAccept
1785247143751,true,1785247143815,SlowAccept
1785247143779,false,1785247143843,SlowAccept
1785247143809,false,1785247143873,SlowAccept
1785247143839,true,1785247143932,LeaderAccept
1785247143868,true,1785247143932,SlowAccept
1785247143899,true,1785247143972,LeaderAccept
1785247143929,true,1785247144001,LeaderAccept
1785247143961,false,1785247144027,LeaderAccept
1785247143993,true,1785247144053,LeaderAccept
1785247144024,false,1785247144074,LeaderAccept
1785247144056,false,1785247144101,FastAccept
1785247144089,true,1785247144156,LeaderAccept
1785247144123,true,1785247144176,LeaderAccept
1785247144157,true,1785247144193,FastAccept
1785247144192,false,1785247144242,SlowAccept
1785247144228,true,1785247144264,FastAccept
1785247144263,true,1785247144320,LeaderAccept
1785247144299,true,1785247144336,FastAccept
1785247144336,false,1785247144372,FastAccept
1785247144373,false,1785247144439,LeaderAccept
1785247144411,false,1785247144461,LeaderAccept
1785247144451,false,1785247144487,FastAccept
1785247144491,true,1785247144552,LeaderAccept
1785247144531,false,1785247144568,FastAccept
1785247144572,false,1785247144609,FastAccept
1785247144614,true,1785247144677,LeaderAccept
1785247144657,true,1785247144694,FastAccept
1785247144702,false,1785247144738,FastAccept
1785247144746,false,1785247144790,FastAccept
1785247144793,false,1785247144830,FastAccept
1785247144839,true,1785247144876,FastAccept
1785247144887,true,1785247144931,FastAccept
1785247144936,true,1785247144973,FastAccept
1785247144986,false,1785247145023,FastAccept
1785247145038,false,1785247145082,FastAccept
1785247145092,false,1785247145129,FastAccept
1785247145146,false,1785247145183,FastAccept
1785247145201,false,1785247145244,FastAccept
1785247145259,false,1785247145295,FastAccept
1785247145317,false,1785247145354,FastAccept
1785247145378,true,1785247145422,FastAccept
1785247145441,true,1785247145478,FastAccept
1785247145506,false,1785247145543,FastAccept
1785247145572,false,1785247145609,FastAccept
1785247145642,true,1785247145679,FastAccept
1785247145713,false,1785247145750,FastAccept
1785247145786,true,1785247145822,FastAccept
1785247145863,false,1785247145900,FastAccept
1785247145942,true,1785247145978,FastAccept
1785247146024,false,1785247146081,LeaderAccept
1785247146110,true,1785247146147,FastAccept
1785247146199,true,1785247146236,FastAccept
1785247146294,true,1785247146330,FastAccept
1785247146393,true,1785247146430,FastAccept
1785247146496,true,1785247146533,FastAccept
1785247146604,false,1785247146641,FastAccept
1785247146718,true,1785247146756,FastAccept
1785247146840,true,1785247146876,FastAccept
1785247146969,false,1785247147006,FastAccept
1785247147105,true,1785247147142,FastAccept
1785247147252,false,1785247147289,FastAccept
1785247147409,true,1785247147446,FastAccept
1785247147580,false,1785247147617,FastAccept
1785247147765,false,1785247147802,FastAccept
1785247147968,false,1785247148012,FastAccept
1785247148193,true,1785247148237,FastAccept
1785247148445,false,1785247148488,FastAccept
1785247148731,false,1785247148774,FastAccept
1785247149059,true,1785247149103,FastAccept
1785247149447,true,1785247149489,FastAccept
1785247149916,true,1785247149952,FastAccept
1785247150510,false,1785247150548,FastAccept
1785247151309,true,1785247151372,LeaderAccept
1785247152501,false,1785247152564,LeaderAccept
1785247154661,true,1785247154697,FastAccept
1785247161017,false,1785247161074,LeaderAccept
1785247190882,true,1785247190918,FastAccept
1785247190896,false,1785247190932,FastAccept
1785247190912,false,1785247190948,FastAccept
1785247190928,false,1785247190964,FastAccept
1785247190944,true,1785247190980,FastAccept
1785247190959,false,1785247191017,SlowAccept
1785247190976,false,1785247191017,FastAccept
1785247190991,false,1785247191078,LeaderAccept
1785247191008,false,1785247191072,SlowAccept
1785247191024,false,1785247191072,FastAccept
1785247191041,false,1785247191104,LeaderAccept
1785247191057,false,1785247191093,FastAccept
1785247191073,false,1785247191158,LeaderAccept
1785247191089,false,1785247191152,SlowAccept
1785247191106,false,1785247191152,FastAccept
1785247191122,false,1785247191184,LeaderAccept
1785247191140,false,1785247191206,LeaderAccept
1785247191157,false,1785247191206,LeaderAccept
1785247191173,true,1785247191259,LeaderAccept
1785247191190,false,1785247191254,SlowAccept
1785247191207,false,1785247191254,FastAccept
1785247191224,false,1785247191311,LeaderAccept
1785247191242,false,1785247191285,FastAccept
1785247191261,false,1785247191297,FastAccept
1785247191278,false,1785247191366,LeaderAccept
1785247191297,true,1785247191361,SlowAccept
1785247191316,false,1785247191361,FastAccept
1785247191334,true,1785247191396,LeaderAccept
1785247191354,false,1785247191423,LeaderAccept
1785247191373,false,1785247191410,FastAccept
1785247191391,true,1785247191452,LeaderAccept
1785247191411,false,1785247191479,LeaderAccept
1785247191430,false,1785247191467,FastAccept
1785247191451,false,1785247191506,LeaderAccept
1785247191471,false,1785247191561,LeaderAccept
1785247191491,false,1785247191555,SlowAccept
1785247191512,true,1785247191555,FastAccept
1785247191532,true,1785247191587,LeaderAccept
1785247191553,false,1785247191637,LeaderAccept
1785247191573,false,1785247191637,SlowAccept
1785247191594,false,1785247191637,FastAccept
1785247191616,true,1785247191652,FastAccept
1785247191637,false,1785247191691,SlowAccept
1785247191658,true,1785247191721,LeaderAccept
1785247191681,false,1785247191717,FastAccept
1785247191704,false,1785247191740,FastAccept
1785247191726,false,1785247191763,FastAccept
1785247191749,false,1785247191786,FastAccept
1785247191772,false,1785247191809,FastAccept
1785247191795,false,1785247191832,FastAccept
1785247191818,true,1785247191855,FastAccept
1785247191842,false,1785247191879,FastAccept
1785247191866,false,1785247191902,FastAccept
1785247191890,false,1785247191928,FastAccept
1785247191915,false,1785247191951,FastAccept
1785247191939,false,1785247191975,FastAccept
1785247191964,true,1785247192001,FastAccept
1785247191990,false,1785247192027,FastAccept
1785247192015,true,1785247192051,FastAccept
1785247192040,false,1785247192077,FastAccept
1785247192066,true,1785247192102,FastAccept
1785247192092,true,1785247192129,FastAccept
1785247192120,false,1785247192157,FastAccept
1785247192147,false,1785247192184,FastAccept
1785247192175,true,1785247192211,FastAccept
1785247192202,false,1785247192239,FastAccept
1785247192231,false,1785247192267,FastAccept
1785247192259,false,1785247192296,FastAccept
1785247192289,true,1785247192326,FastAccept
1785247192318,true,1785247192354,FastAccept
1785247192348,false,1785247192384,FastAccept
1785247192378,false,1785247192415,FastAccept
1785247192410,true,1785247192446,FastAccept
1785247192440,false,1785247192477,FastAccept
1785247192472,true,1785247192509,FastAccept
1785247192504,true,1785247192540,FastAccept
1785247192536,false,1785247192573,FastAccept
1785247192570,false,1785247192606,FastAccept
1785247192603,true,1785247192653,LeaderAccept
1785247192637,false,1785247192674,FastAccept
1785247192672,false,1785247192708,FastAccept
1785247192707,true,1785247192744,FastAccept
1785247192744,false,1785247192780,FastAccept
1785247192780,false,1785247192817,FastAccept
1785247192817,true,1785247192854,FastAccept
1785247192855,false,1785247192891,FastAccept
1785247192893,false,1785247192930,FastAccept
1785247192932,false,1785247192969,FastAccept
1785247192972,true,1785247193009,FastAccept
1785247193013,true,1785247193050,FastAccept
1785247193055,true,1785247193091,FastAccept
1785247193098,true,1785247193134,FastAccept
1785247193141,false,1785247193178,FastAccept
1785247193185,false,1785247193222,FastAccept
1785247193230,false,1785247193266,FastAccept
1785247193276,false,1785247193313,FastAccept
1785247193323,false,1785247193359,FastAccept
1785247193372,true,1785247193409,FastAccept
1785247193422,false,1785247193459,FastAccept
1785247193473,true,1785247193510,FastAccept
1785247193525,true,1785247193562,FastAccept
1785247193579,true,1785247193616,FastAccept
1785247193634,false,1785247193671,FastAccept
1785247193691,true,1785247193727,FastAccept
1785247193749,true,1785247193785,FastAccept
1785247193808,false,1785247193845,FastAccept
1785247193870,false,1785247193906,FastAccept
1785247193933,true,1785247193969,FastAccept
1785247193998,false,1785247194035,FastAccept
1785247194065,false,1785247194102,FastAccept
1785247194136,true,1785247194172,FastAccept
1785247194209,true,1785247194245,FastAccept
1785247194284,false,1785247194320,FastAccept
1785247194362,true,1785247194399,FastAccept
1785247194442,false,1785247194479,FastAccept
1785247194526,true,1785247194563,FastAccept
1785247194615,true,1785247194651,FastAccept
1785247194706,true,1785247194743,FastAccept
1785247194802,true,1785247194838,FastAccept
1785247194902,false,1785247194938,FastAccept
1785247195008,true,1785247195045,FastAccept
1785247195119,true,1785247195156,FastAccept
1785247195236,false,1785247195273,FastAccept
1785247195361,true,1785247195398,FastAccept
1785247195493,false,1785247195530,FastAccept
1785247195634,true,1785247195670,FastAccept
1785247195785,false,1785247195821,FastAccept
1785247195948,true,1785247195985,FastAccept
1785247196126,true,1785247196162,FastAccept
1785247196319,false,1785247196356,FastAccept
1785247196533,true,1785247196569,FastAccept
1785247196769,true,1785247196806,FastAccept
1785247197036,true,1785247197072,FastAccept
1785247197339,true,1785247197376,FastAccept
1785247197694,false,1785247197730,FastAccept
1785247198116,false,1785247198153,FastAccept
1785247198638,true,1785247198674,FastAccept
1785247199314,true,1785247199351,FastAccept
1785247200263,false,1785247200299,FastAccept
1785247201784,false,1785247201847,LeaderAccept
1785247205041,true,1785247205085,FastAccept
1785247207543,true,1785247207588,SlowAccept
1785247207567,true,1785247207621,LeaderAccept
1785247207592,false,1785247207647,LeaderAccept
1785247207617,true,1785247207673,LeaderAccept
1785247207643,false,1785247207725,LeaderAccept
1785247207668,true,1785247207713,LeaderAccept
1785247207694,false,1785247207752,LeaderAccept
1785247207721,true,1785247207779,LeaderAccept
1785247207747,true,1785247207805,LeaderAccept
1785247207775,true,1785247207831,LeaderAccept
1785247207803,true,1785247207853,LeaderAccept
1785247207831,true,1785247207868,FastAccept
1785247207859,false,1785247207897,FastAccept
1785247207887,true,1785247207950,LeaderAccept
1785247207915,true,1785247207976,LeaderAccept
1785247207945,true,1785247208023,LeaderAccept
1785247207975,false,1785247208023,FastAccept
1785247208005,false,1785247208069,SlowAccept
1785247208035,false,1785247208107,LeaderAccept
1785247208065,true,1785247208134,LeaderAccept
1785247208097,false,1785247208160,LeaderAccept
1785247208129,false,1785247208181,LeaderAccept
1785247208161,true,1785247208199,FastAccept
1785247208195,false,1785247208232,FastAccept
1785247208229,true,1785247208279,LeaderAccept
1785247208262,false,1785247208306,FastAccept
1785247208296,false,1785247208359,LeaderAccept
1785247208332,false,1785247208380,LeaderAccept
1785247208368,false,1785247208405,FastAccept
1785247208403,false,1785247208441,FastAccept
1785247208440,false,1785247208492,LeaderAccept
1785247208478,false,1785247208533,SlowAccept
1785247208516,false,1785247208554,FastAccept
1785247208555,true,1785247208603,LeaderAccept
1785247208596,true,1785247208633,FastAccept
1785247208636,true,1785247208673,FastAccept
1785247208677,false,1785247208734,LeaderAccept
1785247208720,false,1785247208757,FastAccept
1785247208762,true,1785247208800,FastAccept
1785247208806,true,1785247208871,SlowAccept
1785247208852,false,1785247208889,FastAccept
1785247208898,true,1785247208942,FastAccept
1785247208945,false,1785247208982,FastAccept
1785247208993,true,1785247209031,FastAccept
1785247209043,true,1785247209081,FastAccept
1785247209092,false,1785247209150,LeaderAccept
1785247209144,false,1785247209182,FastAccept
1785247209196,false,1785247209235,FastAccept
1785247209250,false,1785247209289,FastAccept
1785247209306,true,1785247209344,FastAccept
1785247209363,false,1785247209426,LeaderAccept
1785247209423,false,1785247209460,FastAccept
1785247209484,true,1785247209521,FastAccept
1785247209546,false,1785247209604,LeaderAccept
1785247209610,false,1785247209648,FastAccept
1785247209676,false,1785247209713,FastAccept
1785247209745,false,1785247209802,LeaderAccept
1785247209815,false,1785247209853,FastAccept
1785247209889,true,1785247209953,SlowAccept
1785247209966,true,1785247210003,FastAccept
1785247210045,true,1785247210082,FastAccept
1785247210126,true,1785247210164,FastAccept
1785247210212,true,1785247210250,FastAccept
1785247210301,true,1785247210339,FastAccept
1785247210395,false,1785247210451,LeaderAccept
1785247210493,false,1785247210531,FastAccept
1785247210595,true,1785247210633,FastAccept
1785247210702,false,1785247210756,SlowAccept
1785247210815,true,1785247210853,FastAccept
1785247210935,false,1785247210973,FastAccept
1785247211064,true,1785247211101,FastAccept
1785247211200,false,1785247211238,FastAccept
1785247211345,false,1785247211383,FastAccept
1785247211501,false,1785247211538,FastAccept
1785247211670,true,1785247211707,FastAccept
1785247211854,false,1785247211891,FastAccept
1785247212055,false,1785247212093,FastAccept
1785247212278,false,1785247212316,FastAccept
1785247212527,true,1785247212564,FastAccept
1785247212808,true,1785247212845,FastAccept
1785247213131,true,1785247213169,FastAccept
1785247213511,true,1785247213549,FastAccept
1785247213970,false,1785247214007,FastAccept
1785247214547,true,1785247214585,FastAccept
1785247215317,false,1785247215375,LeaderAccept
1785247216448,false,1785247216493,FastAccept
1785247218438,true,1785247218476,FastAccept
1785247223819,false,1785247223856,FastAccept
1785247247592,false,1785247247656,LeaderAccept
1785247247607,false,1785247247649,FastAccept
1785247247624,false,1785247247697,LeaderAccept
1785247247639,true,1785247247703,LeaderAccept
1785247247656,false,1785247247697,FastAccept
1785247247671,true,1785247247723,LeaderAccept
1785247247688,false,1785247247750,LeaderAccept
1785247247704,true,1785247247740,FastAccept
1785247247720,false,1785247247771,LeaderAccept
1785247247737,true,1785247247830,LeaderAccept
1785247247753,true,1785247247818,SlowAccept
1785247247770,true,1785247247830,SlowAccept
1785247247787,false,1785247247853,LeaderAccept
1785247247803,true,1785247247856,LeaderAccept
1785247247820,false,1785247247902,LeaderAccept
1785247247837,true,1785247247902,SlowAccept
1785247247855,false,1785247247902,FastAccept
1785247247873,true,1785247247928,LeaderAccept
1785247247890,true,1785247247997,LeaderAccept
1785247247907,false,1785247247965,SlowAccept
1785247247925,true,1785247247970,FastAccept
1785247247943,false,1785247247981,FastAccept
1785247247962,true,1785247248018,LeaderAccept
1785247247981,true,1785247248069,LeaderAccept
1785247247999,false,1785247248043,FastAccept
1785247248017,false,1785247248061,FastAccept
1785247248036,true,1785247248090,LeaderAccept
1785247248055,true,1785247248144,LeaderAccept
1785247248075,true,1785247248133,SlowAccept
1785247248094,false,1785247248138,FastAccept
1785247248115,false,1785247248168,LeaderAccept
1785247248134,false,1785247248219,LeaderAccept
1785247248154,true,1785247248219,SlowAccept
1785247248175,false,1785247248235,SlowAccept
1785247248195,true,1785247248252,LeaderAccept
1785247248216,false,1785247248322,LeaderAccept
1785247248237,true,1785247248294,SlowAccept
1785247248257,true,1785247248322,SlowAccept
1785247248278,true,1785247248322,FastAccept
1785247248299,false,1785247248378,LeaderAccept
1785247248321,false,1785247248378,LeaderAccept
1785247248342,false,1785247248451,LeaderAccept
1785247248365,true,1785247248422,SlowAccept
1785247248387,false,1785247248451,SlowAccept
1785247248409,true,1785247248451,FastAccept
1785247248432,true,1785247248475,FastAccept
1785247248454,true,1785247248492,FastAccept
1785247248477,true,1785247248515,FastAccept
1785247248500,false,1785247248564,SlowAccept
1785247248523,false,1785247248564,FastAccept
1785247248546,true,1785247248584,FastAccept
1785247248571,true,1785247248633,SlowAccept
1785247248595,true,1785247248638,FastAccept
1785247248619,false,1785247248656,FastAccept
1785247248644,true,1785247248704,SlowAccept
1785247248670,true,1785247248785,LeaderAccept
1785247248695,true,1785247248739,FastAccept
1785247248721,false,1785247248785,LeaderAccept
1785247248747,false,1785247248811,LeaderAccept
1785247248774,false,1785247248860,LeaderAccept
1785247248801,true,1785247248860,LeaderAccept
1785247248828,false,1785247248886,LeaderAccept
1785247248857,false,1785247248934,LeaderAccept
1785247248885,true,1785247248934,LeaderAccept
1785247248913,true,1785247248950,FastAccept
1785247248942,false,1785247248985,FastAccept
1785247248970,false,1785247249035,SlowAccept
1785247249000,false,1785247249065,SlowAccept
1785247249029,true,1785247249094,SlowAccept
1785247249059,true,1785247249111,LeaderAccept
1785247249090,true,1785247249127,FastAccept
1785247249122,false,1785247249165,FastAccept
1785247249153,true,1785247249222,LeaderAccept
1785247249185,false,1785247249248,LeaderAccept
1785247249218,true,1785247249295,LeaderAccept
1785247249252,true,1785247249289,FastAccept
1785247249285,false,1785247249322,FastAccept
1785247249319,false,1785247249363,FastAccept
1785247249353,true,1785247249416,LeaderAccept
1785247249389,true,1785247249436,LeaderAccept
1785247249424,true,1785247249468,FastAccept
1785247249461,true,1785247249515,LeaderAccept
1785247249498,true,1785247249535,FastAccept
1785247249536,false,1785247249599,SlowAccept
1785247249576,false,1785247249624,LeaderAccept
1785247249615,false,1785247249652,FastAccept
1785247249655,true,1785247249713,SlowAccept
1785247249697,false,1785247249734,FastAccept
1785247249738,false,1785247249775,FastAccept
1785247249780,false,1785247249839,LeaderAccept
1785247249824,false,1785247249861,FastAccept
1785247249868,false,1785247249905,FastAccept
1785247249914,true,1785247249971,LeaderAccept
1785247249960,true,1785247249997,FastAccept
1785247250008,true,1785247250045,FastAccept
1785247250056,true,1785247250107,LeaderAccept
1785247250105,false,1785247250143,FastAccept
1785247250156,false,1785247250194,FastAccept
1785247250209,true,1785247250246,FastAccept
1785247250262,true,1785247250300,FastAccept
1785247250317,true,1785247250355,FastAccept
1785247250375,false,1785247250412,FastAccept
1785247250434,true,1785247250471,FastAccept
1785247250493,false,1785247250531,FastAccept
1785247250555,true,1785247250592,FastAccept
1785247250619,false,1785247250656,FastAccept
1785247250684,true,1785247250721,FastAccept
1785247250753,true,1785247250790,FastAccept
1785247250823,true,1785247250861,FastAccept
1785247250895,false,1785247250939,FastAccept
1785247250970,false,1785247251008,FastAccept
1785247251048,true,1785247251085,FastAccept
1785247251129,false,1785247251194,SlowAccept
1785247251213,false,1785247251250,FastAccept
1785247251301,false,1785247251338,FastAccept
1785247251392,false,1785247251451,LeaderAccept
1785247251487,true,1785247251525,FastAccept
1785247251587,true,1785247251625,FastAccept
1785247251693,false,1785247251730,FastAccept
1785247251804,false,1785247251841,FastAccept
1785247251921,true,1785247251958,FastAccept
1785247252045,false,1785247252083,FastAccept
1785247252177,false,1785247252214,FastAccept
1785247252320,false,1785247252357,FastAccept
1785247252472,false,1785247252509,FastAccept
1785247252635,true,1785247252672,FastAccept
1785247252814,false,1785247252851,FastAccept
1785247253009,false,1785247253046,FastAccept
1785247253223,true,1785247253259,FastAccept
1785247253460,true,1785247253498,FastAccept
1785247253727,false,1785247253764,FastAccept
1785247254032,false,1785247254070,FastAccept
1785247254387,false,1785247254425,FastAccept
1785247254811,false,1785247254848,FastAccept
1785247255336,true,1785247255388,LeaderAccept
1785247256017,false,1785247256054,FastAccept
1785247256974,true,1785247257011,FastAccept
1785247258518,false,1785247258555,FastAccept
1785247261859,false,1785247261897,FastAccept
1785247279606,false,1785247279663,LeaderAccept
1785247303913,true,1785247303969,LeaderAccept
1785247303934,false,1785247304025,LeaderAccept
1785247303954,false,1785247304019,SlowAccept
1785247303974,false,1785247304044,LeaderAccept
1785247303995,false,1785247304045,LeaderAccept
1785247304015,false,1785247304070,LeaderAccept
1785247304036,false,1785247304089,LeaderAccept
1785247304057,true,1785247304115,LeaderAccept
1785247304078,false,1785247304136,LeaderAccept
1785247304100,false,1785247304153,LeaderAccept
1785247304122,false,1785247304179,LeaderAccept
1785247304143,true,1785247304209,LeaderAccept
1785247304166,true,1785247304245,LeaderAccept
1785247304188,false,1785247304251,LeaderAccept
1785247304210,false,1785247304298,LeaderAccept
1785247304234,true,1785247304277,FastAccept
1785247304257,true,1785247304316,LeaderAccept
1785247304282,true,1785247304337,LeaderAccept
1785247304305,false,1785247304359,LeaderAccept
1785247304330,false,1785247304385,LeaderAccept
1785247304354,true,1785247304411,LeaderAccept
1785247304378,true,1785247304438,LeaderAccept
1785247304403,true,1785247304465,LeaderAccept
1785247304429,true,1785247304491,LeaderAccept
1785247304454,false,1785247304511,LeaderAccept
1785247304481,false,1785247304536,LeaderAccept
1785247304507,true,1785247304562,LeaderAccept
1785247304534,true,1785247304583,LeaderAccept
1785247304562,false,1785247304619,SlowAccept
1785247304589,true,1785247304651,LeaderAccept
1785247304618,true,1785247304677,LeaderAccept
1785247304647,true,1785247304703,LeaderAccept
1785247304675,true,1785247304724,LeaderAccept
1785247304705,true,1785247304742,FastAccept
1785247304734,true,1785247304771,FastAccept
1785247304763,true,1785247304801,FastAccept
1785247304794,false,1785247304831,FastAccept
1785247304824,true,1785247304888,SlowAccept
1785247304855,false,1785247304920,LeaderAccept
1785247304887,false,1785247304947,LeaderAccept
1785247304918,false,1785247304967,LeaderAccept
1785247304950,true,1785247304999,LeaderAccept
1785247304983,true,1785247305021,FastAccept
1785247305017,true,1785247305054,FastAccept
1785247305050,true,1785247305094,FastAccept
1785247305084,false,1785247305141,LeaderAccept
1785247305119,false,1785247305187,LeaderAccept
1785247305155,true,1785247305208,LeaderAccept
1785247305191,true,1785247305242,LeaderAccept
1785247305228,false,1785247305265,FastAccept
1785247305267,true,1785247305304,FastAccept
1785247305305,false,1785247305342,FastAccept
1785247305344,false,1785247305382,FastAccept
1785247305384,false,1785247305449,SlowAccept
1785247305425,true,1785247305475,LeaderAccept
1785247305467,false,1785247305521,LeaderAccept
1785247305508,true,1785247305547,FastAccept
1785247305551,false,1785247305589,FastAccept
1785247305594,true,1785247305631,FastAccept
1785247305639,true,1785247305677,FastAccept
1785247305685,true,1785247305737,LeaderAccept
1785247305733,false,1785247305770,FastAccept
1785247305780,true,1785247305845,SlowAccept
1785247305829,true,1785247305867,FastAccept
1785247305879,true,1785247305934,LeaderAccept
1785247305931,true,1785247305970,FastAccept
1785247305984,false,1785247306022,FastAccept
1785247306038,false,1785247306076,FastAccept
1785247306094,true,1785247306132,FastAccept
1785247306152,true,1785247306190,FastAccept
1785247306210,true,1785247306248,FastAccept
1785247306270,false,1785247306335,SlowAccept
1785247306333,false,1785247306371,FastAccept
1785247306397,true,1785247306446,LeaderAccept
1785247306464,true,1785247306501,FastAccept
1785247306532,false,1785247306596,LeaderAccept
1785247306603,true,1785247306641,FastAccept
1785247306676,false,1785247306713,FastAccept
1785247306753,true,1785247306790,FastAccept
1785247306833,false,1785247306871,FastAccept
1785247306915,false,1785247306978,LeaderAccept
1785247307001,true,1785247307039,FastAccept
1785247307091,false,1785247307128,FastAccept
1785247307183,true,1785247307221,FastAccept
1785247307280,true,1785247307319,FastAccept
1785247307382,true,1785247307420,FastAccept
1785247307491,true,1785247307528,FastAccept
1785247307604,true,1785247307641,FastAccept
1785247307725,false,1785247307762,FastAccept
1785247307853,false,1785247307906,LeaderAccept
1785247307988,true,1785247308026,FastAccept
1785247308134,false,1785247308171,FastAccept
1785247308290,true,1785247308327,FastAccept
1785247308460,false,1785247308542,LeaderAccept
1785247308644,false,1785247308693,LeaderAccept
1785247308846,true,1785247308887,FastAccept
1785247309069,true,1785247309119,LeaderAccept
1785247309317,false,1785247309378,LeaderAccept
1785247309599,true,1785247309637,FastAccept
1785247309923,false,1785247309981,LeaderAccept
1785247310305,false,1785247310342,FastAccept
1785247310765,false,1785247310823,LeaderAccept
1785247311344,true,1785247311382,FastAccept
1785247312119,true,1785247312158,LeaderAccept
1785247313257,false,1785247313310,LeaderAccept
1785247315269,true,1785247315328,LeaderAccept
1785247320767,true,1785247320805,FastAccept
1785247327324,false,1785247327361,FastAccept
1785247327333,false,1785247327370,FastAccept
1785247327355,true,1785247327392,FastAccept
1785247327377,false,1785247327414,FastAccept
1785247327398,true,1785247327438,FastAccept
1785247327421,false,1785247327458,FastAccept
1785247327443,false,1785247327481,FastAccept
1785247327465,false,1785247327504,FastAccept
1785247327487,true,1785247327524,FastAccept
1785247327510,false,1785247327548,FastAccept
1785247327534,true,1785247327571,FastAccept
1785247327558,false,1785247327595,FastAccept
1785247327582,true,1785247327619,FastAccept
1785247327606,false,1785247327644,FastAccept
1785247327630,false,1785247327668,FastAccept
1785247327654,false,1785247327692,FastAccept
1785247327679,false,1785247327717,FastAccept
1785247327704,true,1785247327742,FastAccept
1785247327729,false,1785247327767,FastAccept
1785247327755,true,1785247327792,FastAccept
1785247327781,false,1785247327819,FastAccept
1785247327807,true,1785247327845,FastAccept
1785247327835,true,1785247327872,FastAccept
1785247327861,false,1785247327898,FastAccept
1785247327888,true,1785247327926,FastAccept
1785247327916,false,1785247327954,FastAccept
1785247327944,true,1785247327982,FastAccept
1785247327972,true,1785247328009,FastAccept
1785247328000,false,1785247328038,FastAccept
1785247328030,true,1785247328068,FastAccept
1785247328059,true,1785247328097,FastAccept
1785247328089,true,1785247328126,FastAccept
1785247328119,true,1785247328157,FastAccept
1785247328151,true,1785247328188,FastAccept
1785247328182,false,1785247328220,FastAccept
1785247328215,true,1785247328252,FastAccept
1785247328247,false,1785247328284,FastAccept
1785247328280,false,1785247328318,FastAccept
1785247328314,true,1785247328351,FastAccept
1785247328347,false,1785247328384,FastAccept
1785247328381,false,1785247328418,FastAccept
1785247328416,false,1785247328454,FastAccept
1785247328453,false,1785247328490,FastAccept
1785247328489,true,1785247328527,FastAccept
1785247328526,true,1785247328564,FastAccept
1785247328564,true,1785247328601,FastAccept
1785247328602,true,1785247328640,FastAccept
1785247328641,true,1785247328679,FastAccept
1785247328680,false,1785247328718,FastAccept
1785247328721,false,1785247328758,FastAccept
1785247328762,true,1785247328800,FastAccept
1785247328805,true,1785247328842,FastAccept
1785247328848,true,1785247328885,FastAccept
1785247328891,false,1785247328929,FastAccept
1785247328936,false,1785247328974,FastAccept
1785247328983,false,1785247329021,FastAccept
1785247329029,true,1785247329067,FastAccept
1785247329077,false,1785247329115,FastAccept
1785247329127,true,1785247329164,FastAccept
1785247329177,false,1785247329215,FastAccept
1785247329230,true,1785247329267,FastAccept
1785247329283,false,1785247329321,FastAccept
1785247329337,false,1785247329375,FastAccept
1785247329393,true,1785247329430,FastAccept
1785247329451,true,1785247329488,FastAccept
1785247329509,false,1785247329547,FastAccept
1785247329569,true,1785247329607,FastAccept
1785247329632,true,1785247329670,FastAccept
1785247329697,true,1785247329734,FastAccept
1785247329763,true,1785247329800,FastAccept
1785247329832,false,1785247329870,FastAccept
1785247329903,false,1785247329940,FastAccept
1785247329976,false,1785247330014,FastAccept
1785247330052,true,1785247330090,FastAccept
1785247330131,false,1785247330169,FastAccept
1785247330213,true,1785247330251,FastAccept
1785247330298,false,1785247330335,FastAccept
1785247330387,true,1785247330425,FastAccept
1785247330481,true,1785247330519,FastAccept
1785247330579,false,1785247330616,FastAccept
1785247330681,false,1785247330719,FastAccept
1785247330789,true,1785247330827,FastAccept
1785247330902,true,1785247330940,FastAccept
1785247331022,true,1785247331061,FastAccept
1785247331150,false,1785247331188,FastAccept
1785247331287,false,1785247331324,FastAccept
1785247331433,true,1785247331470,FastAccept
1785247331589,false,1785247331627,FastAccept
1785247331757,true,1785247331794,FastAccept
1785247331941,false,1785247331978,FastAccept
1785247332142,false,1785247332179,FastAccept
1785247332363,false,1785247332401,FastAccept
1785247332611,false,1785247332649,FastAccept
1785247332892,true,1785247332929,FastAccept
1785247333216,true,1785247333253,FastAccept
1785247333595,true,1785247333633,FastAccept
1785247334054,true,1785247334098,FastAccept
1785247334629,true,1785247334666,FastAccept
1785247335398,true,1785247335435,FastAccept
1785247336524,false,1785247336561,FastAccept
1785247338500,false,1785247338544,FastAccept
1785247340804,false,1785247340841,FastAccept
1785247340819,true,1785247340863,FastAccept
1785247340835,true,1785247340872,FastAccept
1785247340850,true,1785247340921,LeaderAccept
1785247340865,true,1785247340902,FastAccept
1785247340880,true,1785247340947,LeaderAccept
1785247340897,true,1785247340934,FastAccept
1785247340912,true,1785247341001,LeaderAccept
1785247340928,true,1785247340972,FastAccept
1785247340944,true,1785247340988,FastAccept
1785247340960,false,1785247341027,LeaderAccept
1785247340976,false,1785247341045,LeaderAccept
1785247340992,false,1785247341053,LeaderAccept
1785247341009,false,1785247341072,LeaderAccept
1785247341025,false,1785247341073,LeaderAccept
1785247341043,false,1785247341101,LeaderAccept
1785247341059,true,1785247341127,LeaderAccept
1785247341076,false,1785247341113,FastAccept
1785247341094,true,1785247341181,LeaderAccept
1785247341111,true,1785247341175,SlowAccept
1785247341130,false,1785247341175,FastAccept
1785247341147,true,1785247341201,LeaderAccept
1785247341164,false,1785247341252,LeaderAccept
1785247341182,false,1785247341226,FastAccept
1785247341201,false,1785247341244,FastAccept
1785247341219,true,1785247341272,LeaderAccept
1785247341238,false,1785247341299,LeaderAccept
1785247341256,false,1785247341326,LeaderAccept
1785247341274,true,1785247341318,FastAccept
1785247341294,true,1785247341346,LeaderAccept
1785247341312,true,1785247341373,LeaderAccept
1785247341331,true,1785247341399,LeaderAccept
1785247341350,false,1785247341394,FastAccept
1785247341369,true,1785247341420,LeaderAccept
1785247341389,true,1785247341449,LeaderAccept
1785247341410,false,1785247341469,LeaderAccept
1785247341430,true,1785247341467,FastAccept
1785247341450,false,1785247341487,FastAccept
1785247341472,false,1785247341509,FastAccept
1785247341492,true,1785247341536,FastAccept
1785247341513,false,1785247341550,FastAccept
1785247341534,true,1785247341589,LeaderAccept
1785247341557,true,1785247341618,LeaderAccept
1785247341578,true,1785247341665,LeaderAccept
1785247341601,true,1785247341665,SlowAccept
1785247341624,true,1785247341665,FastAccept
1785247341646,true,1785247341684,FastAccept
1785247341669,true,1785247341713,FastAccept
1785247341692,true,1785247341729,FastAccept
1785247341715,false,1785247341752,FastAccept
1785247341738,false,1785247341776,FastAccept
1785247341763,false,1785247341851,LeaderAccept
1785247341787,true,1785247341830,FastAccept
1785247341812,true,1785247341848,FastAccept
1785247341837,false,1785247341881,FastAccept
1785247341862,false,1785247341899,FastAccept
1785247341886,true,1785247341923,FastAccept
1785247341911,false,1785247341948,FastAccept
1785247341937,false,1785247341980,FastAccept
1785247341963,false,1785247342007,FastAccept
1785247341990,false,1785247342054,SlowAccept
1785247342016,false,1785247342060,FastAccept
1785247342044,true,1785247342228,LeaderAccept
1785247342071,true,1785247342136,SlowAccept
1785247342099,false,1785247342163,SlowAccept
1785247342128,true,1785247342192,SlowAccept
1785247342156,false,1785247342220,SlowAccept
1785247342185,true,1785247342257,LeaderAccept
1785247342214,false,1785247342286,LeaderAccept
1785247342243,true,1785247342315,LeaderAccept
1785247342273,true,1785247342344,LeaderAccept
1785247342303,true,1785247342370,LeaderAccept
1785247342334,false,1785247342396,LeaderAccept
1785247342366,false,1785247342416,LeaderAccept
1785247342397,true,1785247342434,FastAccept
1785247342429,false,1785247342466,FastAccept
1785247342462,false,1785247342499,FastAccept
1785247342495,false,1785247342533,FastAccept
1785247342529,false,1785247342566,FastAccept
1785247342565,false,1785247342602,FastAccept
1785247342600,false,1785247342637,FastAccept
1785247342635,true,1785247342672,FastAccept
1785247342671,false,1785247342708,FastAccept
1785247342708,true,1785247342745,FastAccept
1785247342745,false,1785247342782,FastAccept
1785247342783,true,1785247342827,FastAccept
1785247342821,false,1785247342873,LeaderAccept
1785247342861,false,1785247342899,FastAccept
1785247342902,true,1785247342938,FastAccept
1785247342944,true,1785247342987,FastAccept
1785247342985,false,1785247343034,LeaderAccept
1785247343028,false,1785247343065,FastAccept
1785247343072,false,1785247343110,FastAccept
1785247343117,false,1785247343161,FastAccept
1785247343164,true,1785247343201,FastAccept
1785247343211,true,1785247343248,FastAccept
1785247343258,true,1785247343296,FastAccept
1785247343307,true,1785247343369,LeaderAccept
1785247343358,false,1785247343395,FastAccept
1785247343409,false,1785247343446,FastAccept
1785247343462,false,1785247343500,FastAccept
1785247343516,true,1785247343554,FastAccept
1785247343571,false,1785247343608,FastAccept
1785247343629,false,1785247343666,FastAccept
1785247343687,true,1785247343724,FastAccept
1785247343748,true,1785247343785,FastAccept
1785247343810,true,1785247343847,FastAccept
1785247343875,false,1785247343912,FastAccept
1785247343941,false,1785247343979,FastAccept
1785247344010,true,1785247344047,FastAccept
1785247344081,false,1785247344118,FastAccept
1785247344155,true,1785247344192,FastAccept
1785247344230,true,1785247344274,FastAccept
1785247344309,true,1785247344347,FastAccept
1785247344391,true,1785247344428,FastAccept
1785247344477,false,1785247344515,FastAccept
1785247344567,false,1785247344611,FastAccept
1785247344660,true,1785247344697,FastAccept
1785247344757,true,1785247344794,FastAccept
1785247344860,false,1785247344897,FastAccept
1785247344967,true,1785247345004,FastAccept
1785247345082,true,1785247345119,FastAccept
1785247345203,false,1785247345240,FastAccept
1785247345330,true,1785247345367,FastAccept
1785247345466,false,1785247345504,FastAccept
1785247345611,false,1785247345648,FastAccept
1785247345768,false,1785247345805,FastAccept
1785247345936,true,1785247345973,FastAccept
1785247346119,true,1785247346156,FastAccept
1785247346320,false,1785247346357,FastAccept
1785247346542,true,1785247346579,FastAccept
1785247346790,true,1785247346827,FastAccept
1785247347071,false,1785247347109,FastAccept
1785247347393,false,1785247347431,FastAccept
1785247347772,false,1785247347810,FastAccept
1785247348230,true,1785247348268,FastAccept
1785247348805,true,1785247348843,FastAccept
1785247349572,true,1785247349609,FastAccept
1785247350694,true,1785247350732,FastAccept
1785247352661,false,1785247352715,LeaderAccept
1785247357919,true,1785247357956,FastAccept
1785247362652,true,1785247362696,FastAccept
1785247362670,true,1785247362707,FastAccept
1785247362686,true,1785247362754,LeaderAccept
1785247362704,false,1785247362740,FastAccept
1785247362720,false,1785247362802,SlowAccept
1785247362738,true,1785247362811,LeaderAccept
1785247362755,false,1785247362802,FastAccept
1785247362773,false,1785247362837,LeaderAccept
1785247362790,true,1785247362827,FastAccept
1785247362808,true,1785247362875,LeaderAccept
1785247362825,false,1785247362875,LeaderAccept
1785247362843,true,1785247362904,LeaderAccept
1785247362862,false,1785247362930,LeaderAccept
1785247362880,true,1785247362924,FastAccept
1785247362900,true,1785247362953,LeaderAccept
1785247362918,true,1785247363008,LeaderAccept
1785247362937,false,1785247363002,SlowAccept
1785247362956,false,1785247363002,FastAccept
1785247362976,true,1785247363057,LeaderAccept
1785247362995,true,1785247363057,LeaderAccept
1785247363015,false,1785247363086,LeaderAccept
1785247363034,false,1785247363072,FastAccept
1785247363055,true,1785247363115,LeaderAccept
1785247363074,false,1785247363138,LeaderAccept
1785247363094,false,1785247363138,FastAccept
1785247363115,true,1785247363151,FastAccept
1785247363135,false,1785247363193,LeaderAccept
1785247363156,true,1785247363221,LeaderAccept
1785247363178,false,1785247363243,LeaderAccept
1785247363199,false,1785247363243,FastAccept
1785247363221,false,1785247363258,FastAccept
1785247363243,true,1785247363287,FastAccept
1785247363264,false,1785247363302,FastAccept
1785247363287,false,1785247363330,FastAccept
1785247363310,true,1785247363347,FastAccept
1785247363333,false,1785247363370,FastAccept
1785247363355,true,1785247363393,FastAccept
1785247363378,false,1785247363422,FastAccept
1785247363402,true,1785247363439,FastAccept
1785247363425,false,1785247363468,FastAccept
1785247363449,true,1785247363493,FastAccept
1785247363473,false,1785247363511,FastAccept
1785247363497,true,1785247363541,FastAccept
1785247363522,true,1785247363566,FastAccept
1785247363547,false,1785247363606,SlowAccept
1785247363573,false,1785247363643,LeaderAccept
1785247363599,false,1785247363669,LeaderAccept
1785247363626,true,1785247363669,FastAccept
1785247363652,false,1785247363709,SlowAccept
1785247363679,false,1785247363761,SlowAccept
1785247363705,false,1785247363766,LeaderAccept
1785247363733,true,1785247363795,LeaderAccept
1785247363760,true,1785247363821,LeaderAccept
1785247363789,false,1785247363850,LeaderAccept
1785247363818,true,1785247363855,FastAccept
1785247363847,true,1785247363926,LeaderAccept
1785247363876,true,1785247363926,FastAccept
1785247363905,false,1785247363949,FastAccept
1785247363935,true,1785247364006,LeaderAccept
1785247363965,false,1785247364033,LeaderAccept
1785247363997,true,1785247364061,LeaderAccept
1785247364029,true,1785247364089,LeaderAccept
1785247364060,true,1785247364109,LeaderAccept
1785247364093,true,1785247364157,SlowAccept
1785247364125,true,1785247364194,LeaderAccept
1785247364158,false,1785247364221,LeaderAccept
1785247364193,true,1785247364242,LeaderAccept
1785247364228,true,1785247364297,LeaderAccept
1785247364263,true,1785247364345,LeaderAccept
1785247364299,false,1785247364345,FastAccept
1785247364335,true,1785247364379,FastAccept
1785247364372,false,1785247364426,LeaderAccept
1785247364409,false,1785247364454,FastAccept
1785247364447,false,1785247364500,LeaderAccept
1785247364486,false,1785247364530,FastAccept
1785247364525,false,1785247364576,LeaderAccept
1785247364566,false,1785247364631,SlowAccept
1785247364608,false,1785247364657,LeaderAccept
1785247364651,false,1785247364706,LeaderAccept
1785247364695,true,1785247364732,FastAccept
1785247364739,false,1785247364776,FastAccept
1785247364785,true,1785247364822,FastAccept
1785247364830,false,1785247364867,FastAccept
1785247364878,false,1785247364922,FastAccept
1785247364927,true,1785247364964,FastAccept
1785247364976,false,1785247365020,FastAccept
1785247365027,false,1785247365064,FastAccept
1785247365079,true,1785247365144,LeaderAccept
1785247365131,true,1785247365184,LeaderAccept
1785247365186,true,1785247365244,LeaderAccept
1785247365241,false,1785247365278,FastAccept
1785247365299,false,1785247365336,FastAccept
1785247365357,true,1785247365395,FastAccept
1785247365419,false,1785247365456,FastAccept
1785247365482,false,1785247365519,FastAccept
1785247365546,true,1785247365584,FastAccept
1785247365613,false,1785247365651,FastAccept
1785247365683,false,1785247365720,FastAccept
1785247365754,false,1785247365798,FastAccept
1785247365828,true,1785247365866,FastAccept
1785247365906,false,1785247365964,SlowAccept
1785247365986,false,1785247366023,FastAccept
1785247366068,true,1785247366106,FastAccept
1785247366154,false,1785247366193,FastAccept
1785247366244,true,1785247366282,FastAccept
1785247366338,false,1785247366375,FastAccept
1785247366438,false,1785247366475,FastAccept
1785247366542,true,1785247366580,FastAccept
1785247366650,true,1785247366688,FastAccept
1785247366765,true,1785247366803,FastAccept
1785247366887,false,1785247366924,FastAccept
1785247367017,false,1785247367061,FastAccept
1785247367155,true,1785247367193,FastAccept
1785247367303,false,1785247367340,FastAccept
1785247367463,false,1785247367500,FastAccept
1785247367635,true,1785247367672,FastAccept
1785247367824,false,1785247367861,FastAccept
1785247368030,false,1785247368068,FastAccept
1785247368258,true,1785247368296,FastAccept
1785247368514,false,1785247368552,FastAccept
1785247368805,true,1785247368842,FastAccept
1785247369141,true,1785247369178,FastAccept
1785247369537,true,1785247369574,FastAccept
1785247370021,true,1785247370059,FastAccept
1785247370636,true,1785247370673,FastAccept
1785247371473,false,1785247371511,FastAccept
1785247372745,true,1785247372782,FastAccept
1785247375144,false,1785247375181,FastAccept
1785247383106,true,1785247383143,FastAccept
1785247398360,true,1785247398398,FastAccept
1785247398384,false,1785247398421,FastAccept
1785247398407,false,1785247398444,FastAccept
1785247398430,true,1785247398468,FastAccept
1785247398455,true,1785247398492,FastAccept
1785247398478,false,1785247398515,FastAccept
1785247398502,true,1785247398540,FastAccept
1785247398527,true,1785247398565,FastAccept
1785247398552,false,1785247398589,FastAccept
1785247398577,true,1785247398614,FastAccept
1785247398602,false,1785247398639,FastAccept
1785247398627,true,1785247398664,FastAccept
1785247398654,false,1785247398691,FastAccept
1785247398679,false,1785247398717,FastAccept
1785247398707,false,1785247398744,FastAccept
1785247398733,true,1785247398770,FastAccept
1785247398760,true,1785247398798,FastAccept
1785247398789,true,1785247398826,FastAccept
1785247398816,false,1785247398853,FastAccept
1785247398844,false,1785247398881,FastAccept
1785247398874,true,1785247398911,FastAccept
1785247398903,true,1785247398940,FastAccept
1785247398932,false,1785247398970,FastAccept
1785247398962,true,1785247399000,FastAccept
1785247398992,false,1785247399030,FastAccept
1785247399023,false,1785247399060,FastAccept
1785247399054,false,1785247399091,FastAccept
1785247399085,false,1785247399122,FastAccept
1785247399117,true,1785247399154,FastAccept
1785247399151,false,1785247399187,FastAccept
1785247399184,true,1785247399221,FastAccept
1785247399218,true,1785247399255,FastAccept
1785247399252,false,1785247399289,FastAccept
1785247399286,false,1785247399323,FastAccept
1785247399322,true,1785247399358,FastAccept
1785247399357,true,1785247399394,FastAccept
1785247399394,true,1785247399431,FastAccept
1785247399431,true,1785247399468,FastAccept
1785247399469,false,1785247399506,FastAccept
1785247399507,false,1785247399545,FastAccept
1785247399546,true,1785247399583,FastAccept
1785247399587,true,1785247399624,FastAccept
1785247399627,true,1785247399664,FastAccept
1785247399668,true,1785247399705,FastAccept
1785247399711,false,1785247399749,FastAccept
1785247399755,false,1785247399805,SlowAccept
1785247399799,true,1785247399902,LeaderAccept
1785247399845,false,1785247399903,LeaderAccept
1785247399891,false,1785247399948,LeaderAccept
1785247399938,true,1785247400000,LeaderAccept
1785247399987,false,1785247400045,SlowAccept
1785247400038,true,1785247400092,LeaderAccept
1785247400088,true,1785247400139,LeaderAccept
1785247400141,false,1785247400178,FastAccept
1785247400194,true,1785247400272,LeaderAccept
1785247400249,true,1785247400298,LeaderAccept
1785247400305,false,1785247400363,SlowAccept
1785247400363,true,1785247400400,FastAccept
1785247400422,false,1785247400469,LeaderAccept
1785247400484,false,1785247400536,LeaderAccept
1785247400548,true,1785247400605,SlowAccept
1785247400613,false,1785247400664,LeaderAccept
1785247400680,true,1785247400741,LeaderAccept
1785247400750,false,1785247400803,LeaderAccept
1785247400822,false,1785247400873,LeaderAccept
1785247400897,true,1785247400955,LeaderAccept
1785247400974,false,1785247401023,LeaderAccept
1785247401055,true,1785247401095,LeaderAccept
1785247401139,false,1785247401188,LeaderAccept
1785247401226,true,1785247401284,LeaderAccept
1785247401318,false,1785247401363,FastAccept
1785247401413,false,1785247401454,LeaderAccept
1785247401514,false,1785247401571,LeaderAccept
1785247401619,false,1785247401677,SlowAccept
1785247401729,true,1785247401775,FastAccept
1785247401847,true,1785247401893,LeaderAccept
1785247401971,true,1785247402029,SlowAccept
1785247402102,false,1785247402146,FastAccept
1785247402244,false,1785247402299,LeaderAccept
1785247402394,false,1785247402437,LeaderAccept
1785247402556,false,1785247402617,LeaderAccept
1785247402732,false,1785247402769,FastAccept
1785247402924,true,1785247402984,LeaderAccept
1785247403136,false,1785247403194,SlowAccept
1785247403371,false,1785247403436,LeaderAccept
1785247403635,false,1785247403690,LeaderAccept
1785247403936,false,1785247404012,LeaderAccept
1785247404286,true,1785247404323,FastAccept
1785247404703,false,1785247404740,FastAccept
1785247405217,false,1785247405260,FastAccept
1785247405879,true,1785247405923,FastAccept
1785247406803,true,1785247406840,FastAccept
1785247408267,false,1785247408304,FastAccept
1785247411311,true,1785247411348,FastAccept
1785247425247,true,1785247425285,FastAccept
1785247439756,false,1785247439793,FastAccept
1785247439785,true,1785247439822,FastAccept
1785247439815,true,1785247439852,FastAccept
1785247439844,true,1785247439888,FastAccept
1785247439874,true,1785247439968,LeaderAccept
1785247439904,true,1785247439963,SlowAccept
1785247439935,false,1785247439992,LeaderAccept
1785247439967,false,1785247440030,SlowAccept
1785247440000,true,1785247440081,LeaderAccept
1785247440032,false,1785247440087,LeaderAccept
1785247440066,false,1785247440109,FastAccept
1785247440099,false,1785247440157,LeaderAccept
1785247440134,true,1785247440182,LeaderAccept
1785247440168,false,1785247440234,LeaderAccept
1785247440203,true,1785247440260,LeaderAccept
1785247440240,false,1785247440289,SlowAccept
1785247440276,true,1785247440333,LeaderAccept
1785247440314,false,1785247440377,LeaderAccept
1785247440352,false,1785247440396,FastAccept
1785247440390,true,1785247440498,LeaderAccept
1785247440429,false,1785247440487,SlowAccept
1785247440470,false,1785247440519,LeaderAccept
1785247440510,true,1785247440611,LeaderAccept
1785247440553,true,1785247440653,LeaderAccept
1785247440595,true,1785247440653,SlowAccept
1785247440640,true,1785247440699,SlowAccept
1785247440684,false,1785247440745,SlowAccept
1785247440729,true,1785247440784,SlowAccept
1785247440776,true,1785247440833,SlowAccept
1785247440823,true,1785247440881,SlowAccept
1785247440872,true,1785247440978,LeaderAccept
1785247440923,false,1785247440978,LeaderAccept
1785247440973,false,1785247441032,LeaderAccept
1785247441026,false,1785247441086,LeaderAccept
1785247441079,false,1785247441142,LeaderAccept
1785247441135,false,1785247441196,LeaderAccept
1785247441191,false,1785247441246,LeaderAccept
1785247441250,true,1785247441313,SlowAccept
1785247441310,true,1785247441369,LeaderAccept
1785247441371,true,1785247441415,FastAccept
1785247441434,false,1785247441478,FastAccept
1785247441500,true,1785247441558,LeaderAccept
1785247441567,false,1785247441632,SlowAccept
1785247441638,true,1785247441675,FastAccept
1785247441710,true,1785247441775,LeaderAccept
1785247441785,false,1785247441844,SlowAccept
1785247441864,false,1785247441926,SlowAccept
1785247441945,true,1785247441989,FastAccept
1785247442029,true,1785247442073,FastAccept
1785247442118,false,1785247442162,FastAccept
1785247442209,false,1785247442247,FastAccept
1785247442305,false,1785247442343,FastAccept
1785247442406,false,1785247442444,FastAccept
1785247442512,true,1785247442550,FastAccept
1785247442624,false,1785247442661,FastAccept
1785247442743,false,1785247442795,LeaderAccept
1785247442867,false,1785247442925,LeaderAccept
1785247443000,false,1785247443058,LeaderAccept
1785247443142,true,1785247443205,SlowAccept
1785247443295,false,1785247443339,FastAccept
1785247443459,true,1785247443497,FastAccept
1785247443637,true,1785247443674,FastAccept
1785247443832,false,1785247443870,FastAccept
1785247444047,false,1785247444091,FastAccept
1785247444287,true,1785247444343,LeaderAccept
1785247444555,false,1785247444603,LeaderAccept
1785247444863,true,1785247444928,SlowAccept
1785247445221,true,1785247445279,LeaderAccept
1785247445650,false,1785247445701,LeaderAccept
1785247446182,false,1785247446219,FastAccept
1785247446875,false,1785247446936,LeaderAccept
1785247447853,false,1785247447890,FastAccept
1785247449449,false,1785247449507,LeaderAccept
1785247452993,true,1785247453030,FastAccept
1785247465124,false,1785247465161,FastAccept
1785247465148,true,1785247465186,FastAccept
1785247465172,false,1785247465210,FastAccept
1785247465198,true,1785247465235,FastAccept
1785247465224,true,1785247465261,FastAccept
1785247465249,true,1785247465286,FastAccept
1785247465274,true,1785247465311,FastAccept
1785247465300,false,1785247465337,FastAccept
1785247465326,false,1785247465363,FastAccept
1785247465354,true,1785247465391,FastAccept
1785247465381,true,1785247465418,FastAccept
1785247465409,false,1785247465446,FastAccept
1785247465436,true,1785247465473,FastAccept
1785247465464,false,1785247465502,FastAccept
1785247465493,true,1785247465530,FastAccept
1785247465522,true,1785247465559,FastAccept
1785247465551,false,1785247465589,FastAccept
1785247465581,true,1785247465618,FastAccept
1785247465611,true,1785247465649,FastAccept
1785247465641,false,1785247465679,FastAccept
1785247465672,true,1785247465709,FastAccept
1785247465704,false,1785247465741,FastAccept
1785247465736,false,1785247465773,FastAccept
1785247465768,false,1785247465806,FastAccept
1785247465801,false,1785247465838,FastAccept
1785247465834,false,1785247465871,FastAccept
1785247465869,false,1785247465906,FastAccept
1785247465904,false,1785247465941,FastAccept
1785247465940,false,1785247465976,FastAccept
1785247465976,true,1785247466013,FastAccept
1785247466013,false,1785247466050,FastAccept
1785247466050,true,1785247466087,FastAccept
1785247466087,true,1785247466124,FastAccept
1785247466125,false,1785247466163,FastAccept
1785247466164,false,1785247466201,FastAccept
1785247466203,false,1785247466241,FastAccept
1785247466245,false,1785247466282,FastAccept
1785247466286,false,1785247466323,FastAccept
1785247466329,true,1785247466366,FastAccept
1785247466371,false,1785247466408,FastAccept
1785247466416,true,1785247466453,FastAccept
1785247466460,false,1785247466498,FastAccept
1785247466506,true,1785247466543,FastAccept
1785247466554,false,1785247466591,FastAccept
1785247466603,false,1785247466640,FastAccept
1785247466652,true,1785247466689,FastAccept
1785247466703,true,1785247466740,FastAccept
1785247466754,true,1785247466792,FastAccept
1785247466808,true,1785247466845,FastAccept
1785247466862,false,1785247466900,FastAccept
1785247466918,true,1785247466955,FastAccept
1785247466975,true,1785247467013,FastAccept
1785247467034,true,1785247467071,FastAccept
1785247467095,true,1785247467132,FastAccept
1785247467158,false,1785247467196,FastAccept
1785247467223,false,1785247467261,FastAccept
1785247467291,true,1785247467328,FastAccept
1785247467360,false,1785247467397,FastAccept
1785247467432,false,1785247467469,FastAccept
1785247467505,false,1785247467542,FastAccept
1785247467582,true,1785247467619,FastAccept
1785247467661,true,1785247467698,FastAccept
1785247467745,true,1785247467782,FastAccept
1785247467831,false,1785247467869,FastAccept
1785247467921,true,1785247467959,FastAccept
1785247468015,false,1785247468053,FastAccept
1785247468114,false,1785247468158,FastAccept
1785247468217,false,1785247468279,SlowAccept
1785247468327,false,1785247468384,SlowAccept
1785247468443,true,1785247468506,LeaderAccept
1785247468565,false,1785247468628,LeaderAccept
1785247468694,false,1785247468754,LeaderAccept
1785247468833,true,1785247468870,FastAccept
1785247468980,true,1785247469018,FastAccept
1785247469139,true,1785247469177,FastAccept
1785247469311,true,1785247469349,FastAccept
1785247469499,false,1785247469536,FastAccept
1785247469705,true,1785247469742,FastAccept
1785247469934,true,1785247469978,FastAccept
1785247470190,true,1785247470234,FastAccept
1785247470480,true,1785247470525,FastAccept
1785247470816,true,1785247470880,SlowAccept
1785247471214,true,1785247471262,SlowAccept
1785247471697,false,1785247471780,LeaderAccept
1785247472313,true,1785247472371,LeaderAccept
1785247473152,true,1785247473189,FastAccept
1785247474425,false,1785247474463,FastAccept
1785247476832,true,1785247476869,FastAccept
1785247484842,true,1785247484879,FastAccept
1785247492908,false,1785247492946,FastAccept
1785247492924,true,1785247492962,FastAccept
1785247492939,false,1785247492976,FastAccept
1785247492954,true,1785247492991,FastAccept
1785247492970,false,1785247493008,FastAccept
1785247492986,false,1785247493023,FastAccept
1785247493003,true,1785247493040,FastAccept
1785247493019,false,1785247493056,FastAccept
1785247493036,false,1785247493073,FastAccept
1785247493052,false,1785247493089,FastAccept
1785247493068,true,1785247493105,FastAccept
1785247493084,false,1785247493122,FastAccept
1785247493101,true,1785247493138,FastAccept
1785247493118,true,1785247493156,FastAccept
1785247493135,false,1785247493172,FastAccept
1785247493152,true,1785247493190,FastAccept
1785247493169,false,1785247493206,FastAccept
1785247493187,false,1785247493224,FastAccept
1785247493204,true,1785247493241,FastAccept
1785247493222,false,1785247493259,FastAccept
1785247493240,true,1785247493277,FastAccept
1785247493257,false,1785247493294,FastAccept
1785247493275,false,1785247493312,FastAccept
1785247493293,false,1785247493331,FastAccept
1785247493312,false,1785247493350,FastAccept
1785247493332,false,1785247493369,FastAccept
1785247493351,false,1785247493388,FastAccept
1785247493369,false,1785247493406,FastAccept
1785247493388,true,1785247493426,FastAccept
1785247493407,true,1785247493444,FastAccept
1785247493427,true,1785247493464,FastAccept
1785247493447,false,1785247493484,FastAccept
1785247493466,true,1785247493504,FastAccept
1785247493487,true,1785247493524,FastAccept
1785247493506,false,1785247493545,FastAccept
1785247493527,false,1785247493563,FastAccept
1785247493547,false,1785247493584,FastAccept
1785247493569,true,1785247493606,FastAccept
1785247493589,false,1785247493627,FastAccept
1785247493611,false,1785247493648,FastAccept
1785247493632,false,1785247493670,FastAccept
1785247493654,true,1785247493691,FastAccept
1785247493676,true,1785247493714,FastAccept
1785247493698,true,1785247493735,FastAccept
1785247493720,false,1785247493757,FastAccept
1785247493744,true,1785247493781,FastAccept
1785247493767,true,1785247493804,FastAccept
1785247493789,true,1785247493827,FastAccept
1785247493812,true,1785247493850,FastAccept
1785247493835,false,1785247493873,FastAccept
1785247493860,false,1785247493898,FastAccept
1785247493885,false,1785247493922,FastAccept
1785247493910,true,1785247493948,FastAccept
1785247493934,true,1785247493971,FastAccept
1785247493959,false,1785247493997,FastAccept
1785247493984,true,1785247494022,FastAccept
1785247494010,true,1785247494048,FastAccept
1785247494037,true,1785247494074,FastAccept
1785247494063,false,1785247494101,FastAccept
1785247494090,true,1785247494128,FastAccept
1785247494116,true,1785247494154,FastAccept
1785247494143,true,1785247494180,FastAccept
1785247494170,true,1785247494208,FastAccept
1785247494198,true,1785247494236,FastAccept
1785247494227,false,1785247494264,FastAccept
1785247494255,false,1785247494292,FastAccept
1785247494284,true,1785247494322,FastAccept
1785247494313,false,1785247494351,FastAccept
1785247494343,false,1785247494381,FastAccept
1785247494373,true,1785247494411,FastAccept
1785247494404,false,1785247494442,FastAccept
1785247494435,false,1785247494473,FastAccept
1785247494466,false,1785247494504,FastAccept
1785247494499,false,1785247494536,FastAccept
1785247494531,true,1785247494569,FastAccept
1785247494565,true,1785247494602,FastAccept
1785247494599,true,1785247494636,FastAccept
1785247494634,false,1785247494698,SlowAccept
1785247494668,false,1785247494731,LeaderAccept
1785247494703,true,1785247494751,LeaderAccept
1785247494739,true,1785247494776,FastAccept
1785247494775,true,1785247494813,FastAccept
1785247494812,true,1785247494849,FastAccept
1785247494850,false,1785247494888,FastAccept
1785247494889,true,1785247494926,FastAccept
1785247494928,true,1785247494965,FastAccept
1785247494969,false,1785247495006,FastAccept
1785247495009,false,1785247495047,FastAccept
1785247495052,false,1785247495089,FastAccept
1785247495094,true,1785247495132,FastAccept
1785247495138,true,1785247495176,FastAccept
1785247495182,true,1785247495220,FastAccept
1785247495228,true,1785247495265,FastAccept
1785247495275,true,1785247495312,FastAccept
1785247495323,false,1785247495360,FastAccept
1785247495371,false,1785247495409,FastAccept
1785247495421,false,1785247495459,FastAccept
1785247495473,true,1785247495510,FastAccept
1785247495525,false,1785247495563,FastAccept
1785247495578,true,1785247495617,FastAccept
1785247495633,true,1785247495671,FastAccept
1785247495689,false,1785247495726,FastAccept
1785247495748,true,1785247495785,FastAccept
1785247495807,false,1785247495844,FastAccept
1785247495868,false,1785247495906,FastAccept
1785247495932,false,1785247495970,FastAccept
1785247495997,false,1785247496034,FastAccept
1785247496064,true,1785247496102,FastAccept
1785247496133,false,1785247496171,FastAccept
1785247496205,false,1785247496243,FastAccept
1785247496280,false,1785247496318,FastAccept
1785247496358,false,1785247496395,FastAccept
1785247496440,false,1785247496477,FastAccept
1785247496523,false,1785247496561,FastAccept
1785247496610,true,1785247496674,LeaderAccept
1785247496701,false,1785247496761,SlowAccept
1785247496796,false,1785247496840,FastAccept
1785247496897,false,1785247496941,FastAccept
1785247497001,true,1785247497061,LeaderAccept
1785247497112,false,1785247497170,LeaderAccept
1785247497230,false,1785247497294,SlowAccept
1785247497353,true,1785247497397,FastAccept
1785247497486,true,1785247497524,FastAccept
1785247497626,false,1785247497680,LeaderAccept
1785247497777,true,1785247497835,LeaderAccept
1785247497941,true,1785247497985,FastAccept
1785247498117,true,1785247498155,FastAccept
1785247498309,true,1785247498347,FastAccept
1785247498521,false,1785247498559,FastAccept
1785247498756,false,1785247498818,SlowAccept
1785247499021,false,1785247499059,FastAccept
1785247499323,false,1785247499360,FastAccept
