request_time,write,response_time,accept_status
1785245576606,true,1785245576647,LeaderAccept
1785245577146,true,1785245577188,LeaderAccept
1785245577854,false,1785245577895,LeaderAccept
1785245578861,false,1785245578903,LeaderAccept
1785245580527,true,1785245580568,LeaderAccept
1785245584356,true,1785245584398,LeaderAccept
1785245584741,true,1785245584782,LeaderAccept
1785245584777,true,1785245584819,LeaderAccept
1785245584814,true,1785245584856,LeaderAccept
1785245584852,false,1785245584893,LeaderAccept
1785245584891,true,1785245584932,LeaderAccept
1785245584930,true,1785245584971,LeaderAccept
1785245584970,true,1785245585012,LeaderAccept
1785245585011,true,1785245585052,LeaderAccept
1785245585052,true,1785245585093,LeaderAccept
1785245585095,true,1785245585136,LeaderAccept
1785245585138,true,1785245585180,LeaderAccept
1785245585183,true,1785245585224,LeaderAccept
1785245585228,true,1785245585269,LeaderAccept
1785245585274,true,1785245585316,LeaderAccept
1785245585322,false,1785245585363,LeaderAccept
1785245585370,false,1785245585412,LeaderAccept
1785245585420,true,1785245585462,LeaderAccept
1785245585470,true,1785245585511,LeaderAccept
1785245585523,true,1785245585564,LeaderAccept
1785245585576,true,1785245585618,LeaderAccept
1785245585631,false,1785245585672,LeaderAccept
1785245585687,false,1785245585727,LeaderAccept
1785245585745,true,1785245585787,LeaderAccept
1785245585805,false,1785245585847,LeaderAccept
1785245585867,true,1785245585908,LeaderAccept
1785245585930,false,1785245585972,LeaderAccept
1785245585995,true,1785245586037,LeaderAccept
1785245586062,false,1785245586103,LeaderAccept
1785245586131,true,1785245586172,LeaderAccept
1785245586203,true,1785245586244,LeaderAccept
1785245586277,true,1785245586319,LeaderAccept
1785245586355,true,1785245586396,LeaderAccept
1785245586436,true,1785245586477,LeaderAccept
1785245586519,true,1785245586560,LeaderAccept
1785245586607,true,1785245586648,LeaderAccept
1785245586698,true,1785245586739,LeaderAccept
1785245586793,true,1785245586835,LeaderAccept
1785245586893,false,1785245586935,LeaderAccept
1785245586998,false,1785245587039,LeaderAccept
1785245587108,false,1785245587149,LeaderAccept
1785245587224,true,1785245587266,LeaderAccept
1785245587349,true,1785245587390,LeaderAccept
1785245587480,false,1785245587522,LeaderAccept
1785245587621,false,1785245587662,LeaderAccept
1785245587772,true,1785245587813,LeaderAccept
1785245587934,true,1785245587976,LeaderAccept
1785245588110,false,1785245588151,LeaderAccept
1785245588302,false,1785245588343,LeaderAccept
1785245588513,false,1785245588554,LeaderAccept
1785245588748,true,1785245588789,LeaderAccept
1785245589011,true,1785245589053,LeaderAccept
1785245589313,false,1785245589354,LeaderAccept
1785245589661,false,1785245589703,LeaderAccept
1785245590077,true,1785245590118,LeaderAccept
1785245590588,true,1785245590627,FastAccept
1785245591247,false,1785245591287,LeaderAccept
1785245592162,false,1785245592203,LeaderAccept
1785245593609,false,1785245593650,LeaderAccept
1785245596588,true,1785245596629,LeaderAccept
1785245609799,false,1785245609841,LeaderAccept
1785245641257,false,1785245641296,FastAccept
1785245641274,false,1785245641313,FastAccept
1785245641291,false,1785245641330,FastAccept
1785245641309,false,1785245641348,FastAccept
1785245641326,false,1785245641365,FastAccept
1785245641344,true,1785245641383,FastAccept
1785245641362,false,1785245641400,FastAccept
1785245641380,true,1785245641419,FastAccept
1785245641398,true,1785245641437,FastAccept
1785245641416,false,1785245641455,FastAccept
1785245641434,false,1785245641473,FastAccept
1785245641454,false,1785245641492,FastAccept
1785245641472,true,1785245641511,FastAccept
1785245641491,false,1785245641530,FastAccept
1785245641510,false,1785245641549,FastAccept
1785245641529,false,1785245641568,FastAccept
1785245641548,true,1785245641587,FastAccept
1785245641567,false,1785245641606,FastAccept
1785245641587,false,1785245641626,FastAccept
1785245641606,false,1785245641645,FastAccept
1785245641626,true,1785245641664,FastAccept
1785245641646,true,1785245641685,FastAccept
1785245641667,false,1785245641705,FastAccept
1785245641687,false,1785245641726,FastAccept
1785245641708,false,1785245641747,FastAccept
1785245641729,true,1785245641768,FastAccept
1785245641750,true,1785245641788,FastAccept
1785245641771,false,1785245641810,FastAccept
1785245641793,false,1785245641832,FastAccept
1785245641815,true,1785245641853,FastAccept
1785245641837,true,1785245641876,FastAccept
1785245641859,false,1785245641898,FastAccept
1785245641882,true,1785245641921,FastAccept
1785245641905,true,1785245641945,FastAccept
1785245641928,false,1785245641967,FastAccept
1785245641951,false,1785245641990,FastAccept
1785245641974,true,1785245642013,FastAccept
1785245641998,true,1785245642036,FastAccept
1785245642022,true,1785245642061,FastAccept
1785245642047,true,1785245642085,FastAccept
1785245642071,true,1785245642110,FastAccept
1785245642097,true,1785245642135,FastAccept
1785245642123,false,1785245642162,FastAccept
1785245642148,false,1785245642187,FastAccept
1785245642174,false,1785245642213,FastAccept
1785245642200,false,1785245642238,FastAccept
1785245642226,false,1785245642265,FastAccept
1785245642253,false,1785245642292,FastAccept
1785245642280,false,1785245642319,FastAccept
1785245642308,false,1785245642347,FastAccept
1785245642336,true,1785245642375,FastAccept
1785245642365,true,1785245642404,FastAccept
1785245642394,false,1785245642433,FastAccept
1785245642424,true,1785245642463,FastAccept
1785245642454,true,1785245642493,FastAccept
1785245642484,true,1785245642523,FastAccept
1785245642515,false,1785245642554,FastAccept
1785245642546,true,1785245642585,FastAccept
1785245642578,false,1785245642617,FastAccept
1785245642611,false,1785245642650,FastAccept
1785245642643,false,1785245642682,FastAccept
1785245642676,true,1785245642714,FastAccept
1785245642709,true,1785245642748,FastAccept
1785245642744,false,1785245642783,FastAccept
1785245642778,true,1785245642816,FastAccept
1785245642813,false,1785245642851,FastAccept
1785245642849,true,1785245642887,FastAccept
1785245642885,false,1785245642923,FastAccept
1785245642922,true,1785245642961,FastAccept
1785245642960,true,1785245642998,FastAccept
1785245642998,false,1785245643037,FastAccept
1785245643037,true,1785245643075,FastAccept
1785245643076,false,1785245643115,FastAccept
1785245643117,false,1785245643156,FastAccept
1785245643158,false,1785245643197,FastAccept
1785245643200,true,1785245643238,FastAccept
1785245643244,false,1785245643282,FastAccept
1785245643288,false,1785245643327,FastAccept
1785245643332,false,1785245643371,FastAccept
1785245643378,true,1785245643417,FastAccept
1785245643425,true,1785245643464,FastAccept
1785245643473,true,1785245643512,FastAccept
1785245643522,false,1785245643561,FastAccept
1785245643574,true,1785245643613,FastAccept
1785245643625,true,1785245643664,FastAccept
1785245643678,true,1785245643717,FastAccept
1785245643733,true,1785245643772,FastAccept
1785245643789,true,1785245643828,FastAccept
1785245643848,true,1785245643898,LeaderAccept
1785245643907,true,1785245643946,FastAccept
1785245643968,false,1785245644007,FastAccept
1785245644032,false,1785245644071,FastAccept
1785245644096,false,1785245644150,LeaderAccept
1785245644164,true,1785245644205,LeaderAccept
1785245644232,true,1785245644275,LeaderAccept
1785245644305,false,1785245644346,LeaderAccept
1785245644378,true,1785245644420,LeaderAccept
1785245644455,true,1785245644496,LeaderAccept
1785245644535,true,1785245644576,LeaderAccept
1785245644618,false,1785245644660,LeaderAccept
1785245644704,true,1785245644745,LeaderAccept
1785245644795,false,1785245644836,LeaderAccept
1785245644890,false,1785245644931,LeaderAccept
1785245644988,true,1785245645029,LeaderAccept
1785245645093,false,1785245645134,LeaderAccept
1785245645201,false,1785245645242,LeaderAccept
1785245645316,false,1785245645357,LeaderAccept
1785245645438,false,1785245645479,LeaderAccept
1785245645567,true,1785245645609,LeaderAccept
1785245645705,true,1785245645747,LeaderAccept
1785245645853,true,1785245645895,LeaderAccept
1785245646012,true,1785245646055,LeaderAccept
1785245646184,true,1785245646226,LeaderAccept
1785245646372,true,1785245646414,LeaderAccept
1785245646577,false,1785245646619,LeaderAccept
1785245646805,true,1785245646847,LeaderAccept
1785245647061,false,1785245647103,LeaderAccept
1785245647350,false,1785245647392,LeaderAccept
1785245647685,true,1785245647727,LeaderAccept
1785245648080,false,1785245648122,LeaderAccept
1785245648563,false,1785245648604,LeaderAccept
1785245649175,false,1785245649218,LeaderAccept
1785245650008,false,1785245650047,FastAccept
1785245651268,false,1785245651307,FastAccept
1785245653635,false,1785245653674,FastAccept
1785245661360,false,1785245661401,LeaderAccept
1785245661838,true,1785245661879,LeaderAccept
1785245661870,false,1785245661911,LeaderAccept
1785245661903,true,1785245661944,LeaderAccept
1785245661936,true,1785245661977,LeaderAccept
1785245661970,true,1785245662011,LeaderAccept
1785245662005,false,1785245662046,LeaderAccept
1785245662040,true,1785245662081,LeaderAccept
1785245662076,true,1785245662118,LeaderAccept
1785245662113,true,1785245662154,LeaderAccept
1785245662150,true,1785245662191,LeaderAccept
1785245662188,false,1785245662229,LeaderAccept
1785245662226,false,1785245662268,LeaderAccept
1785245662265,false,1785245662306,LeaderAccept
1785245662305,false,1785245662346,LeaderAccept
1785245662345,true,1785245662386,LeaderAccept
1785245662386,true,1785245662427,LeaderAccept
1785245662428,false,1785245662470,LeaderAccept
1785245662471,true,1785245662513,LeaderAccept
1785245662515,false,1785245662556,LeaderAccept
1785245662559,true,1785245662600,LeaderAccept
1785245662605,false,1785245662646,LeaderAccept
1785245662652,true,1785245662694,LeaderAccept
1785245662700,false,1785245662742,LeaderAccept
1785245662749,true,1785245662790,LeaderAccept
1785245662799,false,1785245662840,LeaderAccept
1785245662851,true,1785245662892,LeaderAccept
1785245662905,false,1785245662946,LeaderAccept
1785245662959,true,1785245663000,LeaderAccept
1785245663015,true,1785245663056,LeaderAccept
1785245663072,true,1785245663114,LeaderAccept
1785245663131,true,1785245663172,LeaderAccept
1785245663192,true,1785245663234,LeaderAccept
1785245663255,false,1785245663296,LeaderAccept
1785245663320,false,1785245663361,LeaderAccept
1785245663388,false,1785245663429,LeaderAccept
1785245663456,false,1785245663497,LeaderAccept
1785245663527,false,1785245663568,LeaderAccept
1785245663601,false,1785245663643,LeaderAccept
1785245663678,false,1785245663720,LeaderAccept
1785245663758,true,1785245663799,LeaderAccept
1785245663841,true,1785245663883,LeaderAccept
1785245663927,false,1785245663968,LeaderAccept
1785245664016,false,1785245664058,LeaderAccept
1785245664110,false,1785245664151,LeaderAccept
1785245664208,false,1785245664249,LeaderAccept
1785245664312,true,1785245664353,LeaderAccept
1785245664421,true,1785245664462,LeaderAccept
1785245664535,true,1785245664576,LeaderAccept
1785245664656,true,1785245664698,LeaderAccept
1785245664785,false,1785245664826,LeaderAccept
1785245664923,true,1785245664964,LeaderAccept
1785245665070,true,1785245665111,LeaderAccept
1785245665228,false,1785245665269,LeaderAccept
1785245665400,false,1785245665441,LeaderAccept
1785245665586,false,1785245665628,LeaderAccept
1785245665791,false,1785245665832,LeaderAccept
1785245666018,false,1785245666059,LeaderAccept
1785245666271,true,1785245666313,LeaderAccept
1785245666558,true,1785245666599,LeaderAccept
1785245666890,true,1785245666931,LeaderAccept
1785245667281,false,1785245667322,LeaderAccept
1785245667757,true,1785245667799,LeaderAccept
1785245668360,true,1785245668399,FastAccept
1785245669176,true,1785245669215,FastAccept
1785245670401,true,1785245670443,LeaderAccept
1785245672661,true,1785245672703,LeaderAccept
1785245676030,true,1785245676070,FastAccept
1785245676053,true,1785245676091,FastAccept
1785245676075,false,1785245676113,FastAccept
1785245676098,true,1785245676157,LeaderAccept
1785245676121,true,1785245676162,LeaderAccept
1785245676144,false,1785245676186,LeaderAccept
1785245676168,false,1785245676209,LeaderAccept
1785245676192,false,1785245676233,LeaderAccept
1785245676216,false,1785245676257,LeaderAccept
1785245676241,false,1785245676282,LeaderAccept
1785245676266,false,1785245676307,LeaderAccept
1785245676291,false,1785245676332,LeaderAccept
1785245676316,false,1785245676358,LeaderAccept
1785245676342,false,1785245676383,LeaderAccept
1785245676368,true,1785245676409,LeaderAccept
1785245676394,true,1785245676436,LeaderAccept
1785245676421,false,1785245676462,LeaderAccept
1785245676448,true,1785245676489,LeaderAccept
1785245676476,true,1785245676517,LeaderAccept
1785245676503,true,1785245676544,LeaderAccept
1785245676531,true,1785245676572,LeaderAccept
1785245676560,true,1785245676601,LeaderAccept
1785245676588,false,1785245676629,LeaderAccept
1785245676617,false,1785245676658,LeaderAccept
1785245676647,true,1785245676689,LeaderAccept
1785245676677,false,1785245676718,LeaderAccept
1785245676708,true,1785245676750,LeaderAccept
1785245676739,true,1785245676780,LeaderAccept
1785245676771,false,1785245676812,LeaderAccept
1785245676803,true,1785245676844,LeaderAccept
1785245676836,false,1785245676877,LeaderAccept
1785245676869,false,1785245676910,LeaderAccept
1785245676902,false,1785245676944,LeaderAccept
1785245676936,true,1785245676977,LeaderAccept
1785245676971,false,1785245677012,LeaderAccept
1785245677007,false,1785245677048,LeaderAccept
1785245677042,true,1785245677084,LeaderAccept
1785245677079,true,1785245677120,LeaderAccept
1785245677116,false,1785245677157,LeaderAccept
1785245677154,true,1785245677196,LeaderAccept
1785245677193,false,1785245677234,LeaderAccept
1785245677232,false,1785245677273,LeaderAccept
1785245677272,false,1785245677313,LeaderAccept
1785245677313,true,1785245677354,LeaderAccept
1785245677355,false,1785245677396,LeaderAccept
1785245677399,false,1785245677440,LeaderAccept
1785245677442,false,1785245677483,LeaderAccept
1785245677486,false,1785245677527,LeaderAccept
1785245677531,false,1785245677572,LeaderAccept
1785245677577,false,1785245677618,LeaderAccept
1785245677624,true,1785245677666,LeaderAccept
1785245677673,false,1785245677714,LeaderAccept
1785245677722,false,1785245677763,LeaderAccept
1785245677773,true,1785245677815,LeaderAccept
1785245677825,true,1785245677866,LeaderAccept
1785245677879,true,1785245677920,LeaderAccept
1785245677933,false,1785245677974,LeaderAccept
1785245677989,false,1785245678030,LeaderAccept
1785245678047,false,1785245678089,LeaderAccept
1785245678107,true,1785245678148,LeaderAccept
1785245678168,true,1785245678210,LeaderAccept
1785245678232,false,1785245678273,LeaderAccept
1785245678298,true,1785245678339,LeaderAccept
1785245678365,true,1785245678407,LeaderAccept
1785245678436,true,1785245678477,LeaderAccept
1785245678508,false,1785245678549,LeaderAccept
1785245678583,true,1785245678625,LeaderAccept
1785245678661,false,1785245678702,LeaderAccept
1785245678742,false,1785245678783,LeaderAccept
1785245678825,false,1785245678867,LeaderAccept
1785245678913,true,1785245678954,LeaderAccept
1785245679004,false,1785245679046,LeaderAccept
1785245679100,true,1785245679142,LeaderAccept
1785245679200,true,1785245679242,LeaderAccept
1785245679305,false,1785245679347,LeaderAccept
1785245679416,true,1785245679458,LeaderAccept
1785245679533,true,1785245679575,LeaderAccept
1785245679657,false,1785245679698,LeaderAccept
1785245679789,true,1785245679830,LeaderAccept
1785245679930,true,1785245679971,LeaderAccept
1785245680081,true,1785245680123,LeaderAccept
1785245680243,true,1785245680285,LeaderAccept
1785245680419,false,1785245680461,LeaderAccept
1785245680613,false,1785245680654,LeaderAccept
1785245680824,false,1785245680866,LeaderAccept
1785245681060,true,1785245681102,LeaderAccept
1785245681325,true,1785245681367,LeaderAccept
1785245681628,false,1785245681670,LeaderAccept
1785245681979,false,1785245682021,LeaderAccept
1785245682397,true,1785245682438,LeaderAccept
1785245682913,true,1785245682954,LeaderAccept
1785245683580,false,1785245683621,LeaderAccept
1785245684510,false,1785245684550,LeaderAccept
1785245685991,true,1785245686032,LeaderAccept
1785245687354,true,1785245687395,LeaderAccept
1785245687383,true,1785245687424,LeaderAccept
1785245687412,true,1785245687452,LeaderAccept
1785245687441,false,1785245687482,LeaderAccept
1785245687471,false,1785245687512,LeaderAccept
1785245687500,true,1785245687541,LeaderAccept
1785245687530,false,1785245687571,LeaderAccept
1785245687560,false,1785245687601,LeaderAccept
1785245687591,true,1785245687632,LeaderAccept
1785245687622,false,1785245687663,LeaderAccept
1785245687654,false,1785245687696,LeaderAccept
1785245687688,true,1785245687729,LeaderAccept
1785245687721,true,1785245687762,LeaderAccept
1785245687754,true,1785245687795,LeaderAccept
1785245687788,false,1785245687830,LeaderAccept
1785245687823,false,1785245687865,LeaderAccept
1785245687859,false,1785245687900,LeaderAccept
1785245687895,true,1785245687937,LeaderAccept
1785245687932,true,1785245687974,LeaderAccept
1785245687970,false,1785245688011,LeaderAccept
1785245688008,false,1785245688049,LeaderAccept
1785245688046,true,1785245688088,LeaderAccept
1785245688086,false,1785245688128,LeaderAccept
1785245688126,false,1785245688168,LeaderAccept
1785245688167,true,1785245688208,LeaderAccept
1785245688208,false,1785245688249,LeaderAccept
1785245688251,false,1785245688293,LeaderAccept
1785245688295,true,1785245688336,LeaderAccept
1785245688339,false,1785245688380,LeaderAccept
1785245688385,false,1785245688427,LeaderAccept
1785245688432,true,1785245688473,LeaderAccept
1785245688479,false,1785245688521,LeaderAccept
1785245688528,false,1785245688570,LeaderAccept
1785245688578,true,1785245688619,LeaderAccept
1785245688629,true,1785245688670,LeaderAccept
1785245688681,false,1785245688722,LeaderAccept
1785245688735,true,1785245688776,LeaderAccept
1785245688792,true,1785245688833,LeaderAccept
1785245688848,false,1785245688890,LeaderAccept
1785245688907,true,1785245688949,LeaderAccept
1785245688967,true,1785245689008,LeaderAccept
1785245689030,false,1785245689071,LeaderAccept
1785245689093,false,1785245689135,LeaderAccept
1785245689159,true,1785245689201,LeaderAccept
1785245689227,false,1785245689269,LeaderAccept
1785245689297,true,1785245689339,LeaderAccept
1785245689370,true,1785245689411,LeaderAccept
1785245689445,false,1785245689486,LeaderAccept
1785245689524,false,1785245689565,LeaderAccept
1785245689605,false,1785245689647,LeaderAccept
1785245689690,true,1785245689731,LeaderAccept
1785245689778,true,1785245689819,LeaderAccept
1785245689871,true,1785245689912,LeaderAccept
1785245689967,false,1785245690009,LeaderAccept
1785245690068,true,1785245690109,LeaderAccept
1785245690174,false,1785245690215,LeaderAccept
1785245690286,false,1785245690328,LeaderAccept
1785245690405,false,1785245690446,LeaderAccept
1785245690531,false,1785245690573,LeaderAccept
1785245690665,false,1785245690707,LeaderAccept
1785245690808,false,1785245690849,LeaderAccept
1785245690963,true,1785245691004,LeaderAccept
1785245691128,true,1785245691170,LeaderAccept
1785245691309,false,1785245691350,LeaderAccept
1785245691505,false,1785245691547,LeaderAccept
1785245691722,false,1785245691763,LeaderAccept
1785245691965,true,1785245692006,LeaderAccept
1785245692237,true,1785245692280,LeaderAccept
1785245692550,false,1785245692591,LeaderAccept
1785245692915,false,1785245692956,LeaderAccept
1785245693353,false,1785245693392,FastAccept
1785245693898,true,1785245693937,FastAccept
1785245694614,true,1785245694653,FastAccept
1785245695637,false,1785245695676,FastAccept
1785245697342,false,1785245697381,FastAccept
1785245701339,false,1785245701406,LeaderAccept
1785245711450,false,1785245711491,LeaderAccept
1785245711483,false,1785245711524,LeaderAccept
1785245711517,true,1785245711559,LeaderAccept
1785245711553,false,1785245711594,LeaderAccept
1785245711588,false,1785245711628,LeaderAccept
1785245711623,false,1785245711664,LeaderAccept
1785245711660,false,1785245711701,LeaderAccept
1785245711696,true,1785245711738,LeaderAccept
1785245711734,false,1785245711775,LeaderAccept
1785245711773,false,1785245711814,LeaderAccept
1785245711812,false,1785245711853,LeaderAccept
1785245711852,false,1785245711894,LeaderAccept
1785245711893,false,1785245711934,LeaderAccept
1785245711935,true,1785245711976,LeaderAccept
1785245711978,false,1785245712019,LeaderAccept
1785245712021,false,1785245712062,LeaderAccept
1785245712065,false,1785245712106,LeaderAccept
1785245712110,true,1785245712151,LeaderAccept
1785245712156,true,1785245712198,LeaderAccept
1785245712204,false,1785245712245,LeaderAccept
1785245712253,true,1785245712294,LeaderAccept
1785245712302,false,1785245712343,LeaderAccept
1785245712352,false,1785245712394,LeaderAccept
1785245712404,false,1785245712445,LeaderAccept
1785245712457,false,1785245712498,LeaderAccept
1785245712511,false,1785245712553,LeaderAccept
1785245712567,false,1785245712609,LeaderAccept
1785245712625,false,1785245712666,LeaderAccept
1785245712684,true,1785245712725,LeaderAccept
1785245712746,false,1785245712787,LeaderAccept
1785245712808,true,1785245712849,LeaderAccept
1785245712873,false,1785245712915,LeaderAccept
1785245712940,true,1785245712982,LeaderAccept
1785245713009,true,1785245713050,LeaderAccept
1785245713080,false,1785245713122,LeaderAccept
1785245713154,false,1785245713195,LeaderAccept
1785245713231,false,1785245713273,LeaderAccept
1785245713311,false,1785245713353,LeaderAccept
1785245713394,false,1785245713435,LeaderAccept
1785245713480,true,1785245713522,LeaderAccept
1785245713571,true,1785245713613,LeaderAccept
1785245713666,false,1785245713708,LeaderAccept
1785245713765,true,1785245713807,LeaderAccept
1785245713869,false,1785245713911,LeaderAccept
1785245713979,true,1785245714020,LeaderAccept
1785245714094,false,1785245714135,LeaderAccept
1785245714217,true,1785245714259,LeaderAccept
1785245714346,false,1785245714387,LeaderAccept
1785245714486,false,1785245714527,LeaderAccept
1785245714634,true,1785245714675,LeaderAccept
1785245714794,true,1785245714835,LeaderAccept
1785245714967,true,1785245715008,LeaderAccept
1785245715156,false,1785245715197,LeaderAccept
1785245715363,false,1785245715404,LeaderAccept
1785245715593,true,1785245715635,LeaderAccept
1785245715851,true,1785245715893,LeaderAccept
1785245716144,false,1785245716185,LeaderAccept
1785245716483,false,1785245716524,LeaderAccept
1785245716884,true,1785245716923,FastAccept
1785245717375,false,1785245717414,FastAccept
1785245718001,true,1785245718039,FastAccept
1785245718857,false,1785245718899,LeaderAccept
1785245720171,false,1785245720212,LeaderAccept
1785245722703,false,1785245722742,FastAccept
1785245730889,true,1785245730931,LeaderAccept
1785245730906,true,1785245730947,LeaderAccept
1785245730923,true,1785245730964,LeaderAccept
1785245730940,false,1785245730980,LeaderAccept
1785245730957,false,1785245730999,LeaderAccept
1785245730975,true,1785245731016,LeaderAccept
1785245730993,false,1785245731034,LeaderAccept
1785245731011,false,1785245731052,LeaderAccept
1785245731030,false,1785245731071,LeaderAccept
1785245731048,false,1785245731090,LeaderAccept
1785245731067,false,1785245731108,LeaderAccept
1785245731085,true,1785245731126,LeaderAccept
1785245731104,true,1785245731146,LeaderAccept
1785245731123,true,1785245731164,LeaderAccept
1785245731142,false,1785245731183,LeaderAccept
1785245731161,false,1785245731202,LeaderAccept
1785245731181,false,1785245731221,LeaderAccept
1785245731200,true,1785245731241,LeaderAccept
1785245731220,true,1785245731261,LeaderAccept
1785245731240,false,1785245731281,LeaderAccept
1785245731260,true,1785245731301,LeaderAccept
1785245731280,true,1785245731321,LeaderAccept
1785245731300,true,1785245731341,LeaderAccept
1785245731321,true,1785245731361,LeaderAccept
1785245731342,true,1785245731383,LeaderAccept
1785245731363,false,1785245731403,LeaderAccept
1785245731384,false,1785245731424,LeaderAccept
1785245731406,false,1785245731448,LeaderAccept
1785245731427,false,1785245731468,LeaderAccept
1785245731449,true,1785245731490,LeaderAccept
1785245731471,true,1785245731512,LeaderAccept
1785245731493,false,1785245731535,LeaderAccept
1785245731516,false,1785245731557,LeaderAccept
1785245731539,false,1785245731580,LeaderAccept
1785245731562,true,1785245731603,LeaderAccept
1785245731585,true,1785245731626,LeaderAccept
1785245731609,false,1785245731650,LeaderAccept
1785245731633,true,1785245731675,LeaderAccept
1785245731658,true,1785245731699,LeaderAccept
1785245731683,false,1785245731724,LeaderAccept
1785245731707,true,1785245731749,LeaderAccept
1785245731733,true,1785245731774,LeaderAccept
1785245731758,false,1785245731799,LeaderAccept
1785245731784,false,1785245731825,LeaderAccept
1785245731810,false,1785245731851,LeaderAccept
1785245731837,true,1785245731879,LeaderAccept
1785245731864,false,1785245731905,LeaderAccept
1785245731891,true,1785245731933,LeaderAccept
1785245731918,true,1785245731960,LeaderAccept
1785245731946,true,1785245731988,LeaderAccept
1785245731974,true,1785245732016,LeaderAccept
1785245732002,false,1785245732044,LeaderAccept
1785245732031,false,1785245732072,LeaderAccept
1785245732060,true,1785245732101,LeaderAccept
1785245732090,true,1785245732131,LeaderAccept
1785245732120,false,1785245732162,LeaderAccept
1785245732151,false,1785245732193,LeaderAccept
1785245732182,true,1785245732223,LeaderAccept
1785245732213,true,1785245732255,LeaderAccept
1785245732245,true,1785245732287,LeaderAccept
1785245732278,true,1785245732319,LeaderAccept
1785245732311,false,1785245732353,LeaderAccept
1785245732346,true,1785245732387,LeaderAccept
1785245732380,false,1785245732422,LeaderAccept
1785245732415,false,1785245732457,LeaderAccept
1785245732450,true,1785245732492,LeaderAccept
1785245732486,false,1785245732528,LeaderAccept
1785245732522,false,1785245732563,LeaderAccept
1785245732559,false,1785245732600,LeaderAccept
1785245732597,false,1785245732638,LeaderAccept
1785245732636,true,1785245732677,LeaderAccept
1785245732675,false,1785245732716,LeaderAccept
1785245732715,false,1785245732757,LeaderAccept
1785245732757,true,1785245732798,LeaderAccept
1785245732798,false,1785245732839,LeaderAccept
1785245732840,true,1785245732882,LeaderAccept
1785245732884,false,1785245732925,LeaderAccept
1785245732929,true,1785245732970,LeaderAccept
1785245732974,true,1785245733016,LeaderAccept
1785245733022,true,1785245733063,LeaderAccept
1785245733069,true,1785245733110,LeaderAccept
1785245733118,true,1785245733159,LeaderAccept
1785245733168,true,1785245733209,LeaderAccept
1785245733219,true,1785245733260,LeaderAccept
1785245733272,true,1785245733313,LeaderAccept
1785245733326,true,1785245733367,LeaderAccept
1785245733381,true,1785245733423,LeaderAccept
1785245733438,true,1785245733479,LeaderAccept
1785245733496,false,1785245733537,LeaderAccept
1785245733556,true,1785245733598,LeaderAccept
1785245733618,false,1785245733659,LeaderAccept
1785245733681,false,1785245733722,LeaderAccept
1785245733747,false,1785245733788,LeaderAccept
1785245733815,false,1785245733856,LeaderAccept
1785245733885,false,1785245733926,LeaderAccept
1785245733958,false,1785245733998,LeaderAccept
1785245734033,false,1785245734074,LeaderAccept
1785245734111,true,1785245734152,LeaderAccept
1785245734192,true,1785245734233,LeaderAccept
1785245734276,true,1785245734317,LeaderAccept
1785245734364,false,1785245734406,LeaderAccept
1785245734456,false,1785245734497,LeaderAccept
1785245734552,false,1785245734593,LeaderAccept
1785245734653,true,1785245734694,LeaderAccept
1785245734759,false,1785245734800,LeaderAccept
1785245734870,false,1785245734911,LeaderAccept
1785245734988,false,1785245735029,LeaderAccept
1785245735113,false,1785245735155,LeaderAccept
1785245735246,false,1785245735287,LeaderAccept
1785245735388,true,1785245735429,LeaderAccept
1785245735541,true,1785245735582,LeaderAccept
1785245735705,false,1785245735747,LeaderAccept
1785245735884,true,1785245735926,LeaderAccept
1785245736079,false,1785245736120,LeaderAccept
1785245736294,true,1785245736335,LeaderAccept
1785245736533,true,1785245736574,LeaderAccept
1785245736802,true,1785245736843,LeaderAccept
1785245737110,false,1785245737151,LeaderAccept
1785245737468,false,1785245737509,LeaderAccept
1785245737897,true,1785245737939,LeaderAccept
1785245738429,true,1785245738470,LeaderAccept
1785245739121,true,1785245739162,LeaderAccept
1785245740100,false,1785245740141,LeaderAccept
1785245741695,false,1785245741736,LeaderAccept
1785245745235,false,1785245745309,LeaderAccept
1785245759937,false,1785245759975,FastAccept
1785245759961,true,1785245760000,FastAccept
1785245759986,false,1785245760025,FastAccept
1785245760011,false,1785245760075,LeaderAccept
1785245760037,false,1785245760101,LeaderAccept
1785245760063,false,1785245760127,LeaderAccept
1785245760090,true,1785245760148,LeaderAccept
1785245760117,true,1785245760158,LeaderAccept
1785245760143,true,1785245760184,LeaderAccept
1785245760170,false,1785245760211,LeaderAccept
1785245760197,false,1785245760239,LeaderAccept
1785245760225,false,1785245760266,LeaderAccept
1785245760253,false,1785245760295,LeaderAccept
1785245760282,true,1785245760324,LeaderAccept
1785245760311,false,1785245760352,LeaderAccept
1785245760340,false,1785245760381,LeaderAccept
1785245760370,false,1785245760411,LeaderAccept
1785245760400,false,1785245760442,LeaderAccept
1785245760431,true,1785245760473,LeaderAccept
1785245760462,false,1785245760503,LeaderAccept
1785245760494,false,1785245760535,LeaderAccept
1785245760526,false,1785245760567,LeaderAccept
1785245760559,true,1785245760601,LeaderAccept
1785245760592,false,1785245760634,LeaderAccept
1785245760626,true,1785245760668,LeaderAccept
1785245760660,false,1785245760701,LeaderAccept
1785245760695,false,1785245760736,LeaderAccept
1785245760730,false,1785245760772,LeaderAccept
1785245760766,true,1785245760808,LeaderAccept
1785245760802,false,1785245760844,LeaderAccept
1785245760839,false,1785245760881,LeaderAccept
1785245760877,false,1785245760919,LeaderAccept
1785245760915,true,1785245760956,LeaderAccept
1785245760954,false,1785245760996,LeaderAccept
1785245760994,true,1785245761036,LeaderAccept
1785245761036,true,1785245761077,LeaderAccept
1785245761077,false,1785245761118,LeaderAccept
1785245761119,false,1785245761161,LeaderAccept
1785245761162,true,1785245761202,LeaderAccept
1785245761206,false,1785245761248,LeaderAccept
1785245761251,false,1785245761293,LeaderAccept
1785245761297,false,1785245761339,LeaderAccept
1785245761344,false,1785245761385,LeaderAccept
1785245761392,false,1785245761434,LeaderAccept
1785245761441,false,1785245761482,LeaderAccept
1785245761491,false,1785245761533,LeaderAccept
1785245761543,true,1785245761585,LeaderAccept
1785245761596,false,1785245761638,LeaderAccept
1785245761650,false,1785245761691,LeaderAccept
1785245761707,false,1785245761748,LeaderAccept
1785245761764,true,1785245761805,LeaderAccept
1785245761824,true,1785245761865,LeaderAccept
1785245761884,true,1785245761926,LeaderAccept
1785245761947,true,1785245761989,LeaderAccept
1785245762011,true,1785245762053,LeaderAccept
1785245762078,true,1785245762119,LeaderAccept
1785245762148,true,1785245762189,LeaderAccept
1785245762219,true,1785245762261,LeaderAccept
1785245762293,true,1785245762335,LeaderAccept
1785245762371,false,1785245762412,LeaderAccept
1785245762450,true,1785245762491,LeaderAccept
1785245762534,false,1785245762575,LeaderAccept
1785245762620,true,1785245762661,LeaderAccept
1785245762711,true,1785245762752,LeaderAccept
1785245762805,false,1785245762847,LeaderAccept
1785245762904,false,1785245762945,LeaderAccept
1785245763008,true,1785245763050,LeaderAccept
1785245763119,false,1785245763160,LeaderAccept
1785245763234,false,1785245763276,LeaderAccept
1785245763357,true,1785245763399,LeaderAccept
1785245763487,false,1785245763528,LeaderAccept
1785245763627,false,1785245763668,LeaderAccept
1785245763775,false,1785245763816,LeaderAccept
1785245763936,true,1785245763977,LeaderAccept
1785245764109,true,1785245764151,LeaderAccept
1785245764298,true,1785245764340,LeaderAccept
1785245764506,true,1785245764548,LeaderAccept
1785245764736,false,1785245764775,FastAccept
1785245764995,true,1785245765033,FastAccept
1785245765288,true,1785245765330,LeaderAccept
1785245765628,true,1785245765669,LeaderAccept
1785245766030,false,1785245766071,LeaderAccept
1785245766521,false,1785245766563,LeaderAccept
1785245767149,true,1785245767190,LeaderAccept
1785245768008,false,1785245768050,LeaderAccept
1785245769327,true,1785245769368,LeaderAccept
1785245771878,false,1785245771919,LeaderAccept
1785245781005,false,1785245781044,FastAccept
1785245797309,false,1785245797350,LeaderAccept
1785245797329,false,1785245797370,LeaderAccept
1785245797350,true,1785245797390,LeaderAccept
1785245797370,true,1785245797410,LeaderAccept
1785245797391,false,1785245797432,LeaderAccept
1785245797413,false,1785245797453,LeaderAccept
1785245797435,true,1785245797475,LeaderAccept
1785245797456,false,1785245797497,LeaderAccept
1785245797477,true,1785245797518,LeaderAccept
1785245797499,false,1785245797539,LeaderAccept
1785245797521,false,1785245797562,LeaderAccept
1785245797543,true,1785245797584,LeaderAccept
1785245797566,true,1785245797606,LeaderAccept
1785245797588,true,1785245797629,LeaderAccept
1785245797611,true,1785245797652,LeaderAccept
1785245797635,false,1785245797676,LeaderAccept
1785245797659,true,1785245797700,LeaderAccept
1785245797683,false,1785245797724,LeaderAccept
1785245797707,false,1785245797748,LeaderAccept
1785245797731,true,1785245797772,LeaderAccept
1785245797755,true,1785245797796,LeaderAccept
1785245797780,false,1785245797821,LeaderAccept
1785245797805,false,1785245797846,LeaderAccept
1785245797830,true,1785245797870,LeaderAccept
1785245797855,false,1785245797896,LeaderAccept
1785245797882,true,1785245797922,LeaderAccept
1785245797908,false,1785245797948,LeaderAccept
1785245797936,false,1785245797977,LeaderAccept
1785245797963,false,1785245798003,LeaderAccept
1785245797990,false,1785245798031,LeaderAccept
1785245798018,false,1785245798059,LeaderAccept
1785245798047,true,1785245798088,LeaderAccept
1785245798075,false,1785245798116,LeaderAccept
1785245798104,true,1785245798145,LeaderAccept
1785245798133,false,1785245798174,LeaderAccept
1785245798163,false,1785245798204,LeaderAccept
1785245798193,true,1785245798234,LeaderAccept
1785245798224,false,1785245798265,LeaderAccept
1785245798255,true,1785245798296,LeaderAccept
1785245798287,false,1785245798328,LeaderAccept
1785245798319,true,1785245798359,LeaderAccept
1785245798351,true,1785245798392,LeaderAccept
1785245798384,true,1785245798425,LeaderAccept
1785245798418,true,1785245798459,LeaderAccept
1785245798452,true,1785245798493,LeaderAccept
1785245798487,true,1785245798528,LeaderAccept
1785245798523,false,1785245798564,LeaderAccept
1785245798559,false,1785245798599,LeaderAccept
1785245798595,false,1785245798636,LeaderAccept
1785245798634,false,1785245798675,LeaderAccept
1785245798672,false,1785245798713,LeaderAccept
1785245798711,true,1785245798752,LeaderAccept
1785245798750,false,1785245798791,LeaderAccept
1785245798790,true,1785245798832,LeaderAccept
1785245798831,true,1785245798872,LeaderAccept
1785245798873,true,1785245798914,LeaderAccept
1785245798916,false,1785245798957,LeaderAccept
1785245798960,true,1785245799001,LeaderAccept
1785245799004,false,1785245799045,LeaderAccept
1785245799050,false,1785245799091,LeaderAccept
1785245799097,false,1785245799138,LeaderAccept
1785245799146,false,1785245799187,LeaderAccept
1785245799194,false,1785245799235,LeaderAccept
1785245799243,true,1785245799285,LeaderAccept
1785245799294,false,1785245799335,LeaderAccept
1785245799346,false,1785245799387,LeaderAccept
1785245799400,false,1785245799441,LeaderAccept
1785245799455,false,1785245799497,LeaderAccept
1785245799512,true,1785245799553,LeaderAccept
1785245799571,false,1785245799612,LeaderAccept
1785245799630,false,1785245799671,LeaderAccept
1785245799692,true,1785245799733,LeaderAccept
1785245799756,false,1785245799797,LeaderAccept
1785245799821,true,1785245799862,LeaderAccept
1785245799889,true,1785245799931,LeaderAccept
1785245799959,true,1785245800000,LeaderAccept
1785245800032,true,1785245800073,LeaderAccept
1785245800107,true,1785245800149,LeaderAccept
1785245800185,true,1785245800226,LeaderAccept
1785245800266,false,1785245800308,LeaderAccept
1785245800350,false,1785245800391,LeaderAccept
1785245800438,true,1785245800479,LeaderAccept
1785245800530,false,1785245800571,LeaderAccept
1785245800626,true,1785245800667,LeaderAccept
1785245800726,true,1785245800767,LeaderAccept
1785245800832,false,1785245800873,LeaderAccept
1785245800943,true,1785245800984,LeaderAccept
1785245801061,false,1785245801103,LeaderAccept
1785245801186,true,1785245801227,LeaderAccept
1785245801319,true,1785245801361,LeaderAccept
1785245801461,false,1785245801502,LeaderAccept
1785245801615,false,1785245801656,LeaderAccept
1785245801779,true,1785245801821,LeaderAccept
1785245801958,false,1785245802000,LeaderAccept
1785245802153,true,1785245802194,LeaderAccept
1785245802368,true,1785245802409,LeaderAccept
1785245802607,true,1785245802648,LeaderAccept
1785245802876,false,1785245802918,LeaderAccept
1785245803185,true,1785245803227,LeaderAccept
1785245803545,true,1785245803586,LeaderAccept
1785245803975,true,1785245804017,LeaderAccept
1785245804509,true,1785245804550,LeaderAccept
1785245805204,false,1785245805243,FastAccept
1785245806189,false,1785245806228,FastAccept
1785245807799,true,1785245807838,FastAccept
1785245811401,false,1785245811440,FastAccept
1785245813223,false,1785245813262,FastAccept
1785245813239,true,1785245813278,FastAccept
1785245813256,false,1785245813295,FastAccept
1785245813273,true,1785245813311,FastAccept
1785245813290,false,1785245813328,FastAccept
1785245813308,false,1785245813347,FastAccept
1785245813327,false,1785245813365,FastAccept
1785245813345,true,1785245813383,FastAccept
1785245813363,false,1785245813402,FastAccept
1785245813381,true,1785245813420,FastAccept
1785245813400,false,1785245813439,FastAccept
1785245813418,false,1785245813457,FastAccept
1785245813436,false,1785245813475,FastAccept
1785245813454,false,1785245813493,FastAccept
1785245813473,true,1785245813512,FastAccept
1785245813492,false,1785245813532,FastAccept
1785245813511,true,1785245813550,FastAccept
1785245813530,false,1785245813569,FastAccept
1785245813550,false,1785245813590,FastAccept
1785245813570,true,1785245813609,FastAccept
1785245813590,false,1785245813628,FastAccept
1785245813611,true,1785245813650,FastAccept
1785245813632,true,1785245813670,FastAccept
1785245813652,false,1785245813691,FastAccept
1785245813673,true,1785245813712,FastAccept
1785245813695,false,1785245813734,FastAccept
1785245813716,false,1785245813755,FastAccept
1785245813738,true,1785245813777,FastAccept
1785245813760,true,1785245813798,FastAccept
1785245813781,true,1785245813820,FastAccept
1785245813803,true,1785245813842,FastAccept
1785245813825,false,1785245813864,FastAccept
1785245813848,true,1785245813886,FastAccept
1785245813871,false,1785245813909,FastAccept
1785245813894,false,1785245813933,FastAccept
1785245813919,true,1785245813958,FastAccept
1785245813942,false,1785245813982,FastAccept
1785245813966,false,1785245814005,FastAccept
1785245813990,false,1785245814029,FastAccept
1785245814014,true,1785245814054,FastAccept
1785245814039,true,1785245814079,FastAccept
1785245814064,true,1785245814103,FastAccept
1785245814089,true,1785245814128,FastAccept
1785245814114,true,1785245814153,FastAccept
1785245814140,true,1785245814179,FastAccept
1785245814167,false,1785245814205,FastAccept
1785245814193,false,1785245814232,FastAccept
1785245814220,true,1785245814259,FastAccept
1785245814248,true,1785245814287,FastAccept
1785245814277,true,1785245814316,FastAccept
1785245814304,false,1785245814343,FastAccept
1785245814332,false,1785245814371,FastAccept
1785245814361,true,1785245814400,FastAccept
1785245814390,false,1785245814429,FastAccept
1785245814419,true,1785245814458,FastAccept
1785245814449,true,1785245814488,FastAccept
1785245814479,true,1785245814518,FastAccept
1785245814510,true,1785245814550,FastAccept
1785245814542,true,1785245814582,FastAccept
1785245814574,false,1785245814613,FastAccept
1785245814606,true,1785245814645,FastAccept
1785245814639,false,1785245814678,FastAccept
1785245814672,true,1785245814725,LeaderAccept
1785245814706,true,1785245814756,LeaderAccept
1785245814740,false,1785245814781,LeaderAccept
1785245814775,true,1785245814816,LeaderAccept
1785245814810,true,1785245814851,LeaderAccept
1785245814846,true,1785245814887,LeaderAccept
1785245814883,true,1785245814925,LeaderAccept
1785245814921,false,1785245814962,LeaderAccept
1785245814959,false,1785245814999,LeaderAccept
1785245814997,false,1785245815039,LeaderAccept
1785245815037,true,1785245815079,LeaderAccept
1785245815078,true,1785245815119,LeaderAccept
1785245815119,true,1785245815160,LeaderAccept
1785245815161,true,1785245815202,LeaderAccept
1785245815203,false,1785245815245,LeaderAccept
1785245815247,false,1785245815289,LeaderAccept
1785245815292,true,1785245815333,LeaderAccept
1785245815337,true,1785245815379,LeaderAccept
1785245815384,true,1785245815426,LeaderAccept
1785245815432,true,1785245815473,LeaderAccept
1785245815481,true,1785245815523,LeaderAccept
1785245815532,true,1785245815574,LeaderAccept
1785245815583,true,1785245815623,LeaderAccept
1785245815636,false,1785245815677,LeaderAccept
1785245815690,false,1785245815731,LeaderAccept
1785245815746,false,1785245815787,LeaderAccept
1785245815803,false,1785245815844,LeaderAccept
1785245815862,true,1785245815904,LeaderAccept
1785245815923,false,1785245815964,LeaderAccept
1785245815985,false,1785245816025,LeaderAccept
1785245816050,true,1785245816091,LeaderAccept
1785245816116,false,1785245816157,LeaderAccept
1785245816186,false,1785245816227,LeaderAccept
1785245816256,false,1785245816297,LeaderAccept
1785245816329,false,1785245816370,LeaderAccept
1785245816405,false,1785245816446,LeaderAccept
1785245816484,false,1785245816526,LeaderAccept
1785245816566,true,1785245816607,LeaderAccept
1785245816653,true,1785245816694,LeaderAccept
1785245816742,true,1785245816784,LeaderAccept
1785245816836,false,1785245816877,LeaderAccept
1785245816934,true,1785245816976,LeaderAccept
1785245817037,false,1785245817079,LeaderAccept
1785245817145,false,1785245817187,LeaderAccept
1785245817259,true,1785245817301,LeaderAccept
1785245817379,true,1785245817421,LeaderAccept
1785245817507,false,1785245817548,LeaderAccept
1785245817643,false,1785245817684,LeaderAccept
1785245817788,false,1785245817829,LeaderAccept
1785245817944,false,1785245817986,LeaderAccept
1785245818113,false,1785245818155,LeaderAccept
1785245818297,true,1785245818339,LeaderAccept
1785245818500,true,1785245818541,LeaderAccept
1785245818722,false,1785245818764,LeaderAccept
1785245818971,false,1785245819012,LeaderAccept
1785245819253,true,1785245819295,LeaderAccept
1785245819578,false,1785245819619,LeaderAccept
1785245819959,false,1785245820000,LeaderAccept
1785245820420,false,1785245820460,LeaderAccept
1785245821001,true,1785245821042,LeaderAccept
1785245821776,false,1785245821817,LeaderAccept
1785245822917,false,1785245822959,LeaderAccept
1785245824937,true,1785245824979,LeaderAccept
1785245830480,false,1785245830522,LeaderAccept
1785245835262,true,1785245835303,LeaderAccept
1785245835289,true,1785245835330,LeaderAccept
1785245835316,false,1785245835356,LeaderAccept
1785245835343,false,1785245835384,LeaderAccept
1785245835372,false,1785245835412,LeaderAccept
1785245835399,false,1785245835441,LeaderAccept
1785245835427,false,1785245835469,LeaderAccept
1785245835456,true,1785245835497,LeaderAccept
1785245835485,true,1785245835527,LeaderAccept
1785245835515,false,1785245835556,LeaderAccept
1785245835545,true,1785245835586,LeaderAccept
1785245835575,true,1785245835617,LeaderAccept
1785245835606,true,1785245835647,LeaderAccept
1785245835637,false,1785245835678,LeaderAccept
1785245835668,true,1785245835709,LeaderAccept
1785245835700,false,1785245835740,LeaderAccept
1785245835732,true,1785245835773,LeaderAccept
1785245835765,true,1785245835807,LeaderAccept
1785245835799,false,1785245835840,LeaderAccept
1785245835833,true,1785245835873,LeaderAccept
1785245835868,true,1785245835909,LeaderAccept
1785245835903,false,1785245835944,LeaderAccept
1785245835939,true,1785245835980,LeaderAccept
1785245835976,true,1785245836017,LeaderAccept
1785245836013,true,1785245836053,LeaderAccept
1785245836051,true,1785245836092,LeaderAccept
1785245836091,true,1785245836131,LeaderAccept
1785245836130,true,1785245836171,LeaderAccept
1785245836171,false,1785245836212,LeaderAccept
1785245836212,false,1785245836253,LeaderAccept
1785245836254,false,1785245836295,LeaderAccept
1785245836297,false,1785245836339,LeaderAccept
1785245836341,true,1785245836382,LeaderAccept
1785245836386,true,1785245836427,LeaderAccept
1785245836432,false,1785245836473,LeaderAccept
1785245836479,true,1785245836520,LeaderAccept
1785245836527,false,1785245836568,LeaderAccept
1785245836576,true,1785245836617,LeaderAccept
1785245836626,false,1785245836667,LeaderAccept
1785245836678,false,1785245836719,LeaderAccept
1785245836732,true,1785245836773,LeaderAccept
1785245836786,true,1785245836828,LeaderAccept
1785245836842,false,1785245836883,LeaderAccept
1785245836899,true,1785245836939,LeaderAccept
1785245836959,true,1785245837000,LeaderAccept
1785245837019,true,1785245837060,LeaderAccept
1785245837081,false,1785245837122,LeaderAccept
1785245837146,true,1785245837187,LeaderAccept
1785245837212,false,1785245837254,LeaderAccept
1785245837281,true,1785245837321,LeaderAccept
1785245837351,false,1785245837392,LeaderAccept
1785245837425,true,1785245837467,LeaderAccept
1785245837501,false,1785245837542,LeaderAccept
1785245837580,false,1785245837621,LeaderAccept
1785245837662,true,1785245837704,LeaderAccept
1785245837748,true,1785245837789,LeaderAccept
1785245837837,false,1785245837878,LeaderAccept
1785245837930,true,1785245837972,LeaderAccept
1785245838027,false,1785245838069,LeaderAccept
1785245838129,false,1785245838170,LeaderAccept
1785245838236,true,1785245838278,LeaderAccept
1785245838349,true,1785245838391,LeaderAccept
1785245838469,true,1785245838510,LeaderAccept
1785245838596,true,1785245838638,LeaderAccept
1785245838732,true,1785245838774,LeaderAccept
1785245838877,false,1785245838918,LeaderAccept
1785245839034,true,1785245839075,LeaderAccept
1785245839202,false,1785245839244,LeaderAccept
1785245839385,true,1785245839427,LeaderAccept
1785245839585,false,1785245839627,LeaderAccept
1785245839807,true,1785245839849,LeaderAccept
1785245840055,false,1785245840096,LeaderAccept
1785245840336,false,1785245840377,LeaderAccept
1785245840659,false,1785245840700,LeaderAccept
1785245841037,false,1785245841078,LeaderAccept
1785245841493,true,1785245841535,LeaderAccept
1785245842066,false,1785245842105,FastAccept
1785245842830,true,1785245842869,FastAccept
1785245843948,true,1785245843987,FastAccept
1785245845901,false,1785245845940,FastAccept
1785245851088,true,1785245851127,FastAccept
1785245884461,false,1785245884502,LeaderAccept
1785245884497,true,1785245884538,LeaderAccept
1785245884532,false,1785245884573,LeaderAccept
1785245884568,true,1785245884608,LeaderAccept
1785245884606,false,1785245884646,LeaderAccept
1785245884643,false,1785245884684,LeaderAccept
1785245884682,true,1785245884723,LeaderAccept
1785245884720,false,1785245884761,LeaderAccept
1785245884759,false,1785245884800,LeaderAccept
1785245884799,false,1785245884840,LeaderAccept
1785245884840,true,1785245884881,LeaderAccept
1785245884882,false,1785245884923,LeaderAccept
1785245884925,true,1785245884966,LeaderAccept
1785245884969,false,1785245885010,LeaderAccept
1785245885014,false,1785245885055,LeaderAccept
1785245885059,true,1785245885100,LeaderAccept
1785245885105,false,1785245885147,LeaderAccept
1785245885152,true,1785245885193,LeaderAccept
1785245885200,true,1785245885241,LeaderAccept
1785245885250,true,1785245885291,LeaderAccept
1785245885301,false,1785245885342,LeaderAccept
1785245885354,true,1785245885395,LeaderAccept
1785245885407,true,1785245885448,LeaderAccept
1785245885462,false,1785245885503,LeaderAccept
1785245885519,true,1785245885561,LeaderAccept
1785245885578,true,1785245885620,LeaderAccept
1785245885638,true,1785245885679,LeaderAccept
1785245885701,true,1785245885742,LeaderAccept
1785245885764,true,1785245885806,LeaderAccept
1785245885830,true,1785245885871,LeaderAccept
1785245885899,false,1785245885940,LeaderAccept
1785245885970,true,1785245886011,LeaderAccept
1785245886042,true,1785245886084,LeaderAccept
1785245886117,true,1785245886159,LeaderAccept
1785245886195,false,1785245886236,LeaderAccept
1785245886277,true,1785245886318,LeaderAccept
1785245886362,false,1785245886403,LeaderAccept
1785245886450,false,1785245886491,LeaderAccept
1785245886542,true,1785245886584,LeaderAccept
1785245886639,true,1785245886681,LeaderAccept
1785245886740,true,1785245886782,LeaderAccept
1785245886846,false,1785245886887,LeaderAccept
1785245886958,true,1785245886999,LeaderAccept
1785245887076,true,1785245887117,LeaderAccept
1785245887201,true,1785245887242,LeaderAccept
1785245887334,true,1785245887375,LeaderAccept
1785245887478,true,1785245887519,LeaderAccept
1785245887631,false,1785245887672,LeaderAccept
1785245887796,true,1785245887837,LeaderAccept
1785245887976,false,1785245888017,LeaderAccept
1785245888172,false,1785245888214,LeaderAccept
1785245888389,false,1785245888431,LeaderAccept
1785245888630,true,1785245888672,LeaderAccept
1785245888902,true,1785245888943,LeaderAccept
1785245889213,true,1785245889255,LeaderAccept
1785245889576,true,1785245889617,LeaderAccept
1785245890011,true,1785245890052,LeaderAccept
1785245890552,true,1785245890593,LeaderAccept
1785245891260,false,1785245891301,LeaderAccept
1785245892268,true,1785245892307,FastAccept
1785245893938,false,1785245893977,FastAccept
1785245897784,false,1785245897825,LeaderAccept
1785245915834,true,1785245915873,FastAccept
1785245915873,true,1785245915911,FastAccept
1785245915913,true,1785245915952,FastAccept
1785245915954,false,1785245915992,FastAccept
1785245915995,true,1785245916034,FastAccept
1785245916038,false,1785245916077,FastAccept
1785245916081,true,1785245916120,FastAccept
1785245916125,false,1785245916164,FastAccept
1785245916170,false,1785245916209,FastAccept
1785245916216,false,1785245916255,FastAccept
1785245916264,false,1785245916302,FastAccept
1785245916312,true,1785245916351,FastAccept
1785245916361,false,1785245916400,FastAccept
1785245916412,false,1785245916450,FastAccept
1785245916463,true,1785245916502,FastAccept
1785245916516,false,1785245916555,FastAccept
1785245916571,false,1785245916610,FastAccept
1785245916627,true,1785245916666,FastAccept
1785245916685,true,1785245916724,FastAccept
1785245916746,false,1785245916784,FastAccept
1785245916808,false,1785245916847,FastAccept
1785245916870,false,1785245916909,FastAccept
1785245916935,true,1785245916974,FastAccept
1785245917001,false,1785245917040,FastAccept
1785245917070,true,1785245917109,FastAccept
1785245917141,false,1785245917180,FastAccept
1785245917215,true,1785245917254,FastAccept
1785245917292,true,1785245917331,FastAccept
1785245917372,false,1785245917411,FastAccept
1785245917455,false,1785245917495,FastAccept
1785245917542,true,1785245917581,FastAccept
1785245917632,false,1785245917671,FastAccept
1785245917726,true,1785245917765,FastAccept
1785245917826,true,1785245917864,FastAccept
1785245917929,true,1785245917968,FastAccept
1785245918038,false,1785245918077,FastAccept
1785245918154,false,1785245918193,FastAccept
1785245918276,false,1785245918315,FastAccept
1785245918407,true,1785245918446,FastAccept
1785245918545,true,1785245918584,FastAccept
1785245918693,false,1785245918732,FastAccept
1785245918854,true,1785245918892,FastAccept
1785245919027,true,1785245919066,FastAccept
1785245919215,false,1785245919254,FastAccept
1785245919423,true,1785245919462,FastAccept
1785245919652,false,1785245919691,FastAccept
1785245919909,true,1785245919948,FastAccept
1785245920201,false,1785245920240,FastAccept
1785245920539,true,1785245920578,FastAccept
1785245920938,false,1785245920980,LeaderAccept
1785245921426,true,1785245921468,LeaderAccept
1785245922048,true,1785245922090,LeaderAccept
1785245922897,false,1785245922938,LeaderAccept
1785245924194,false,1785245924235,LeaderAccept
1785245926672,false,1785245926711,FastAccept
1785245935228,false,1785245935267,FastAccept
1785245951609,false,1785245951648,FastAccept
1785245951631,true,1785245951670,FastAccept
1785245951654,true,1785245951693,FastAccept
1785245951677,true,1785245951717,FastAccept
1785245951701,true,1785245951740,FastAccept
1785245951724,true,1785245951762,FastAccept
1785245951747,false,1785245951786,FastAccept
1785245951772,true,1785245951811,FastAccept
1785245951797,true,1785245951836,FastAccept
1785245951821,true,1785245951860,FastAccept
1785245951846,false,1785245951885,FastAccept
1785245951871,true,1785245951910,FastAccept
1785245951897,false,1785245951936,FastAccept
1785245951923,false,1785245951963,FastAccept
1785245951949,false,1785245951988,FastAccept
1785245951976,false,1785245952016,FastAccept
1785245952004,false,1785245952043,FastAccept
1785245952031,true,1785245952070,FastAccept
1785245952058,true,1785245952097,FastAccept
1785245952086,true,1785245952126,FastAccept
1785245952115,false,1785245952155,FastAccept
1785245952144,false,1785245952182,FastAccept
1785245952173,false,1785245952211,FastAccept
1785245952203,false,1785245952249,LeaderAccept
1785245952232,false,1785245952272,FastAccept
1785245952263,true,1785245952302,FastAccept
1785245952293,true,1785245952332,FastAccept
1785245952324,true,1785245952363,FastAccept
1785245952355,false,1785245952394,FastAccept
1785245952387,false,1785245952426,FastAccept
1785245952419,false,1785245952458,FastAccept
1785245952452,false,1785245952491,FastAccept
1785245952485,true,1785245952524,FastAccept
1785245952519,false,1785245952558,FastAccept
1785245952554,true,1785245952614,SlowAccept
1785245952589,false,1785245952639,LeaderAccept
1785245952626,true,1785245952666,LeaderAccept
1785245952662,true,1785245952703,LeaderAccept
1785245952699,true,1785245952741,LeaderAccept
1785245952737,true,1785245952780,LeaderAccept
1785245952776,false,1785245952817,LeaderAccept
1785245952816,true,1785245952857,LeaderAccept
1785245952856,false,1785245952897,LeaderAccept
1785245952897,false,1785245952939,LeaderAccept
1785245952939,false,1785245952981,LeaderAccept
1785245952981,true,1785245953023,LeaderAccept
1785245953024,true,1785245953067,LeaderAccept
1785245953068,false,1785245953110,LeaderAccept
1785245953113,false,1785245953155,LeaderAccept
1785245953159,true,1785245953201,LeaderAccept
1785245953206,false,1785245953247,LeaderAccept
1785245953255,false,1785245953297,LeaderAccept
1785245953304,true,1785245953345,LeaderAccept
1785245953355,false,1785245953396,LeaderAccept
1785245953407,false,1785245953449,LeaderAccept
1785245953461,false,1785245953503,LeaderAccept
1785245953516,false,1785245953558,LeaderAccept
1785245953572,true,1785245953614,LeaderAccept
1785245953630,true,1785245953671,LeaderAccept
1785245953690,false,1785245953731,LeaderAccept
1785245953751,true,1785245953792,LeaderAccept
1785245953814,false,1785245953856,LeaderAccept
1785245953880,false,1785245953922,LeaderAccept
1785245953948,false,1785245953991,LeaderAccept
1785245954017,false,1785245954059,LeaderAccept
1785245954089,false,1785245954131,LeaderAccept
1785245954164,true,1785245954205,LeaderAccept
1785245954241,false,1785245954283,LeaderAccept
1785245954322,true,1785245954364,LeaderAccept
1785245954406,true,1785245954447,LeaderAccept
1785245954493,false,1785245954534,LeaderAccept
1785245954584,true,1785245954626,LeaderAccept
1785245954679,true,1785245954721,LeaderAccept
1785245954779,false,1785245954820,LeaderAccept
1785245954884,true,1785245954926,LeaderAccept
1785245954994,false,1785245955036,LeaderAccept
1785245955111,false,1785245955153,LeaderAccept
1785245955234,true,1785245955276,LeaderAccept
1785245955366,false,1785245955407,LeaderAccept
1785245955507,false,1785245955548,LeaderAccept
1785245955657,true,1785245955699,LeaderAccept
1785245955820,true,1785245955863,LeaderAccept
1785245955996,true,1785245956038,LeaderAccept
1785245956188,false,1785245956229,LeaderAccept
1785245956400,true,1785245956441,LeaderAccept
1785245956634,true,1785245956676,LeaderAccept
1785245956897,false,1785245956939,LeaderAccept
1785245957198,false,1785245957240,LeaderAccept
1785245957547,false,1785245957589,LeaderAccept
1785245957963,false,1785245958005,LeaderAccept
1785245958475,false,1785245958515,FastAccept
1785245959136,true,1785245959174,FastAccept
1785245960055,true,1785245960093,FastAccept
1785245961508,false,1785245961547,FastAccept
1785245963775,true,1785245963813,FastAccept
1785245963794,false,1785245963832,FastAccept
1785245963814,false,1785245963853,FastAccept
1785245963835,false,1785245963873,FastAccept
1785245963855,true,1785245963894,FastAccept
1785245963877,false,1785245963915,FastAccept
1785245963897,false,1785245963936,FastAccept
1785245963919,false,1785245963957,FastAccept
1785245963940,true,1785245963980,FastAccept
1785245963963,true,1785245964001,FastAccept
1785245963984,true,1785245964023,FastAccept
1785245964006,false,1785245964045,FastAccept
1785245964029,false,1785245964067,FastAccept
1785245964051,true,1785245964090,FastAccept
1785245964074,false,1785245964113,FastAccept
1785245964097,true,1785245964136,FastAccept
1785245964120,true,1785245964159,FastAccept
1785245964143,false,1785245964182,FastAccept
1785245964167,true,1785245964207,FastAccept
1785245964191,true,1785245964230,FastAccept
1785245964216,false,1785245964255,FastAccept
1785245964240,true,1785245964280,FastAccept
1785245964265,true,1785245964304,FastAccept
1785245964290,true,1785245964329,FastAccept
1785245964316,false,1785245964355,FastAccept
1785245964342,false,1785245964381,FastAccept
1785245964369,true,1785245964407,FastAccept
1785245964395,true,1785245964433,FastAccept
1785245964421,false,1785245964460,FastAccept
1785245964449,true,1785245964488,FastAccept
1785245964476,false,1785245964515,FastAccept
1785245964503,false,1785245964542,FastAccept
1785245964531,true,1785245964570,FastAccept
1785245964559,false,1785245964598,FastAccept
1785245964588,true,1785245964627,FastAccept
1785245964617,false,1785245964656,FastAccept
1785245964647,true,1785245964686,FastAccept
1785245964678,true,1785245964716,FastAccept
1785245964708,false,1785245964747,FastAccept
1785245964739,true,1785245964778,FastAccept
1785245964770,true,1785245964809,FastAccept
1785245964802,true,1785245964841,FastAccept
1785245964835,true,1785245964873,FastAccept
1785245964869,false,1785245964908,FastAccept
1785245964902,true,1785245964940,FastAccept
1785245964936,true,1785245964975,FastAccept
1785245964972,false,1785245965010,FastAccept
1785245965007,false,1785245965046,FastAccept
1785245965044,false,1785245965082,FastAccept
1785245965080,true,1785245965119,FastAccept
1785245965117,true,1785245965155,FastAccept
1785245965155,false,1785245965194,FastAccept
1785245965194,false,1785245965233,FastAccept
1785245965233,false,1785245965271,FastAccept
1785245965273,true,1785245965313,FastAccept
1785245965314,true,1785245965353,FastAccept
1785245965356,false,1785245965395,FastAccept
1785245965398,true,1785245965437,FastAccept
1785245965441,true,1785245965480,FastAccept
1785245965485,true,1785245965524,FastAccept
1785245965532,true,1785245965571,FastAccept
1785245965578,true,1785245965617,FastAccept
1785245965625,true,1785245965664,FastAccept
1785245965673,false,1785245965712,FastAccept
1785245965722,true,1785245965761,FastAccept
1785245965773,true,1785245965811,FastAccept
1785245965825,true,1785245965864,FastAccept
1785245965878,false,1785245965939,SlowAccept
1785245965933,false,1785245965992,LeaderAccept
1785245965990,true,1785245966031,LeaderAccept
1785245966048,false,1785245966090,LeaderAccept
1785245966108,false,1785245966149,LeaderAccept
1785245966169,false,1785245966211,LeaderAccept
1785245966233,true,1785245966275,LeaderAccept
1785245966299,true,1785245966340,LeaderAccept
1785245966366,true,1785245966408,LeaderAccept
1785245966436,true,1785245966478,LeaderAccept
1785245966509,true,1785245966550,LeaderAccept
1785245966585,true,1785245966626,LeaderAccept
1785245966662,false,1785245966704,LeaderAccept
1785245966743,false,1785245966785,LeaderAccept
1785245966827,false,1785245966868,LeaderAccept
1785245966914,false,1785245966956,LeaderAccept
1785245967006,false,1785245967047,LeaderAccept
1785245967102,false,1785245967143,LeaderAccept
1785245967202,false,1785245967244,LeaderAccept
1785245967308,true,1785245967350,LeaderAccept
1785245967419,true,1785245967460,LeaderAccept
1785245967537,true,1785245967578,LeaderAccept
1785245967661,true,1785245967702,LeaderAccept
1785245967793,true,1785245967835,LeaderAccept
1785245967935,true,1785245967977,LeaderAccept
1785245968087,true,1785245968128,LeaderAccept
1785245968250,false,1785245968292,LeaderAccept
1785245968429,false,1785245968470,LeaderAccept
1785245968622,true,1785245968664,LeaderAccept
1785245968835,true,1785245968877,LeaderAccept
1785245969072,true,1785245969113,LeaderAccept
1785245969340,false,1785245969381,LeaderAccept
1785245969645,true,1785245969686,LeaderAccept
1785245969999,false,1785245970040,LeaderAccept
1785245970422,true,1785245970464,LeaderAccept
1785245970945,false,1785245970987,LeaderAccept
1785245971625,true,1785245971666,LeaderAccept
1785245972579,false,1785245972621,LeaderAccept
1785245974115,true,1785245974154,FastAccept
1785245977424,true,1785245977466,LeaderAccept
1785245982591,true,1785245982630,FastAccept
1785245982612,false,1785245982651,FastAccept
1785245982634,false,1785245982673,FastAccept
1785245982656,true,1785245982695,FastAccept
1785245982678,false,1785245982717,FastAccept
1785245982701,true,1785245982740,FastAccept
1785245982724,true,1785245982763,FastAccept
1785245982746,false,1785245982787,LeaderAccept
1785245982769,true,1785245982810,LeaderAccept
1785245982792,true,1785245982834,LeaderAccept
1785245982816,true,1785245982858,LeaderAccept
1785245982840,false,1785245982881,LeaderAccept
1785245982864,true,1785245982905,LeaderAccept
1785245982888,true,1785245982929,LeaderAccept
1785245982912,false,1785245982954,LeaderAccept
1785245982937,true,1785245982979,LeaderAccept
1785245982962,false,1785245983004,LeaderAccept
1785245982987,true,1785245983029,LeaderAccept
1785245983013,true,1785245983054,LeaderAccept
1785245983039,false,1785245983080,LeaderAccept
1785245983065,true,1785245983106,LeaderAccept
1785245983093,false,1785245983134,LeaderAccept
1785245983119,true,1785245983160,LeaderAccept
1785245983147,false,1785245983188,LeaderAccept
1785245983175,false,1785245983216,LeaderAccept
1785245983203,false,1785245983244,LeaderAccept
1785245983231,false,1785245983272,LeaderAccept
1785245983260,true,1785245983301,LeaderAccept
1785245983289,false,1785245983330,LeaderAccept
1785245983319,false,1785245983361,LeaderAccept
1785245983350,true,1785245983392,LeaderAccept
1785245983381,false,1785245983422,LeaderAccept
1785245983412,true,1785245983453,LeaderAccept
1785245983443,false,1785245983485,LeaderAccept
1785245983475,true,1785245983516,LeaderAccept
1785245983508,false,1785245983549,LeaderAccept
1785245983541,true,1785245983583,LeaderAccept
1785245983575,true,1785245983616,LeaderAccept
1785245983609,true,1785245983650,LeaderAccept
1785245983643,true,1785245983684,LeaderAccept
1785245983678,false,1785245983719,LeaderAccept
1785245983714,true,1785245983756,LeaderAccept
1785245983752,false,1785245983793,LeaderAccept
1785245983789,false,1785245983831,LeaderAccept
1785245983827,true,1785245983868,LeaderAccept
1785245983866,false,1785245983907,LeaderAccept
1785245983906,false,1785245983947,LeaderAccept
1785245983946,false,1785245983987,LeaderAccept
1785245983987,true,1785245984028,LeaderAccept
1785245984028,true,1785245984069,LeaderAccept
1785245984070,false,1785245984111,LeaderAccept
1785245984113,false,1785245984155,LeaderAccept
1785245984157,true,1785245984198,LeaderAccept
1785245984202,false,1785245984243,LeaderAccept
1785245984248,true,1785245984290,LeaderAccept
1785245984295,true,1785245984336,LeaderAccept
1785245984345,true,1785245984385,LeaderAccept
1785245984394,true,1785245984435,LeaderAccept
1785245984444,false,1785245984486,LeaderAccept
1785245984496,true,1785245984537,LeaderAccept
1785245984549,false,1785245984591,LeaderAccept
1785245984604,true,1785245984645,LeaderAccept
1785245984660,false,1785245984702,LeaderAccept
1785245984718,false,1785245984759,LeaderAccept
1785245984779,false,1785245984820,LeaderAccept
1785245984840,true,1785245984881,LeaderAccept
1785245984903,true,1785245984944,LeaderAccept
1785245984969,true,1785245985010,LeaderAccept
1785245985036,false,1785245985077,LeaderAccept
1785245985106,false,1785245985147,LeaderAccept
1785245985178,true,1785245985220,LeaderAccept
1785245985253,false,1785245985294,LeaderAccept
1785245985330,false,1785245985371,LeaderAccept
1785245985410,true,1785245985452,LeaderAccept
1785245985494,false,1785245985536,LeaderAccept
1785245985581,true,1785245985622,LeaderAccept
1785245985672,false,1785245985713,LeaderAccept
1785245985767,false,1785245985809,LeaderAccept
1785245985867,false,1785245985908,LeaderAccept
1785245985972,false,1785245986013,LeaderAccept
1785245986082,false,1785245986123,LeaderAccept
1785245986199,true,1785245986240,LeaderAccept
1785245986323,true,1785245986364,LeaderAccept
1785245986455,false,1785245986496,LeaderAccept
1785245986595,true,1785245986636,LeaderAccept
1785245986745,false,1785245986786,LeaderAccept
1785245986907,false,1785245986948,LeaderAccept
1785245987083,false,1785245987124,LeaderAccept
1785245987274,false,1785245987316,LeaderAccept
1785245987485,false,1785245987526,LeaderAccept
1785245987719,false,1785245987760,LeaderAccept
1785245987982,false,1785245988022,LeaderAccept
1785245988281,false,1785245988322,LeaderAccept
1785245988628,false,1785245988669,LeaderAccept
1785245989041,true,1785245989082,LeaderAccept
1785245989548,false,1785245989589,LeaderAccept
1785245990202,false,1785245990243,LeaderAccept
1785245991108,false,1785245991149,LeaderAccept
1785245992534,true,1785245992575,LeaderAccept
1785245995438,false,1785245995480,LeaderAccept
1785246007847,false,1785246007888,LeaderAccept
1785246016036,false,1785246016078,LeaderAccept
1785246016059,true,1785246016099,LeaderAccept
1785246016082,false,1785246016124,LeaderAccept
1785246016106,true,1785246016148,LeaderAccept
1785246016130,true,1785246016171,LeaderAccept
1785246016154,true,1785246016195,LeaderAccept
1785246016178,false,1785246016219,LeaderAccept
1785246016203,false,1785246016244,LeaderAccept
1785246016228,false,1785246016269,LeaderAccept
1785246016253,false,1785246016294,LeaderAccept
1785246016279,false,1785246016320,LeaderAccept
1785246016305,true,1785246016345,LeaderAccept
1785246016331,true,1785246016372,LeaderAccept
1785246016357,false,1785246016398,LeaderAccept
1785246016384,true,1785246016425,LeaderAccept
1785246016411,false,1785246016452,LeaderAccept
1785246016438,false,1785246016479,LeaderAccept
1785246016466,false,1785246016506,LeaderAccept
1785246016495,true,1785246016535,LeaderAccept
1785246016524,true,1785246016565,LeaderAccept
1785246016553,false,1785246016593,LeaderAccept
1785246016582,true,1785246016623,LeaderAccept
1785246016612,false,1785246016652,LeaderAccept
1785246016642,false,1785246016683,LeaderAccept
1785246016674,false,1785246016715,LeaderAccept
1785246016705,false,1785246016746,LeaderAccept
1785246016737,false,1785246016778,LeaderAccept
1785246016769,true,1785246016810,LeaderAccept
1785246016801,false,1785246016842,LeaderAccept
1785246016834,true,1785246016875,LeaderAccept
1785246016868,true,1785246016909,LeaderAccept
1785246016902,false,1785246016943,LeaderAccept
1785246016937,true,1785246016978,LeaderAccept
1785246016972,true,1785246017013,LeaderAccept
1785246017008,true,1785246017049,LeaderAccept
1785246017044,false,1785246017085,LeaderAccept
1785246017081,true,1785246017122,LeaderAccept
1785246017119,false,1785246017160,LeaderAccept
1785246017158,false,1785246017199,LeaderAccept
1785246017198,true,1785246017239,LeaderAccept
1785246017238,true,1785246017279,LeaderAccept
1785246017279,true,1785246017320,LeaderAccept
1785246017321,true,1785246017362,LeaderAccept
1785246017363,true,1785246017404,LeaderAccept
1785246017406,false,1785246017447,LeaderAccept
1785246017451,true,1785246017492,LeaderAccept
1785246017497,true,1785246017538,LeaderAccept
1785246017544,true,1785246017585,LeaderAccept
1785246017592,true,1785246017634,LeaderAccept
1785246017641,false,1785246017682,LeaderAccept
1785246017691,false,1785246017732,LeaderAccept
1785246017743,false,1785246017784,LeaderAccept
1785246017795,false,1785246017836,LeaderAccept
1785246017849,true,1785246017891,LeaderAccept
1785246017904,false,1785246017946,LeaderAccept
1785246017961,true,1785246018002,LeaderAccept
1785246018019,true,1785246018061,LeaderAccept
1785246018079,true,1785246018120,LeaderAccept
1785246018140,false,1785246018181,LeaderAccept
1785246018204,false,1785246018246,LeaderAccept
1785246018270,false,1785246018312,LeaderAccept
1785246018338,false,1785246018379,LeaderAccept
1785246018409,false,1785246018450,LeaderAccept
1785246018481,false,1785246018523,LeaderAccept
1785246018556,false,1785246018597,LeaderAccept
1785246018634,false,1785246018676,LeaderAccept
1785246018715,true,1785246018757,LeaderAccept
1785246018799,true,1785246018840,LeaderAccept
1785246018887,true,1785246018928,LeaderAccept
1785246018979,true,1785246019020,LeaderAccept
1785246019076,true,1785246019117,LeaderAccept
1785246019176,false,1785246019217,LeaderAccept
1785246019282,false,1785246019324,LeaderAccept
1785246019394,false,1785246019436,LeaderAccept
1785246019512,true,1785246019554,LeaderAccept
1785246019637,false,1785246019678,LeaderAccept
1785246019770,true,1785246019811,LeaderAccept
1785246019913,false,1785246019954,LeaderAccept
1785246020065,false,1785246020107,LeaderAccept
1785246020230,false,1785246020271,LeaderAccept
1785246020409,true,1785246020451,LeaderAccept
1785246020604,true,1785246020646,LeaderAccept
1785246020819,true,1785246020861,LeaderAccept
1785246021059,true,1785246021101,LeaderAccept
1785246021329,false,1785246021371,LeaderAccept
1785246021638,false,1785246021680,LeaderAccept
1785246021999,false,1785246022040,LeaderAccept
1785246022430,true,1785246022471,LeaderAccept
1785246022965,false,1785246023004,FastAccept
1785246023664,true,1785246023703,FastAccept
1785246024655,false,1785246024694,FastAccept
1785246026279,false,1785246026318,FastAccept
1785246029937,false,1785246029976,FastAccept
1785246034909,true,1785246034948,FastAccept
1785246034932,false,1785246034971,FastAccept
1785246034956,false,1785246034995,FastAccept
1785246034981,true,1785246035020,FastAccept
1785246035004,false,1785246035042,FastAccept
1785246035028,false,1785246035067,FastAccept
1785246035053,true,1785246035091,FastAccept
1785246035077,false,1785246035116,FastAccept
1785246035103,true,1785246035142,FastAccept
1785246035129,true,1785246035167,FastAccept
1785246035154,true,1785246035193,FastAccept
1785246035180,true,1785246035218,FastAccept
1785246035206,true,1785246035245,FastAccept
1785246035233,false,1785246035272,FastAccept
1785246035259,false,1785246035299,FastAccept
1785246035287,false,1785246035325,FastAccept
1785246035314,true,1785246035353,FastAccept
1785246035343,true,1785246035381,FastAccept
1785246035371,true,1785246035410,FastAccept
1785246035401,false,1785246035440,FastAccept
1785246035431,true,1785246035469,FastAccept
1785246035460,true,1785246035499,FastAccept
1785246035491,false,1785246035529,FastAccept
1785246035521,false,1785246035560,FastAccept
1785246035553,true,1785246035592,FastAccept
1785246035584,false,1785246035623,FastAccept
1785246035616,true,1785246035655,FastAccept
1785246035648,true,1785246035687,FastAccept
1785246035681,false,1785246035719,FastAccept
1785246035715,true,1785246035753,FastAccept
1785246035748,true,1785246035786,FastAccept
1785246035783,true,1785246035821,FastAccept
1785246035819,true,1785246035857,FastAccept
1785246035855,false,1785246035893,FastAccept
1785246035891,true,1785246035930,FastAccept
1785246035928,true,1785246035966,FastAccept
1785246035965,false,1785246036004,FastAccept
1785246036004,false,1785246036043,FastAccept
1785246036043,false,1785246036082,FastAccept
1785246036083,true,1785246036122,FastAccept
1785246036123,true,1785246036162,FastAccept
1785246036164,true,1785246036202,FastAccept
1785246036206,false,1785246036245,FastAccept
1785246036249,false,1785246036288,FastAccept
1785246036293,true,1785246036332,FastAccept
1785246036338,true,1785246036377,FastAccept
1785246036384,false,1785246036423,FastAccept
1785246036431,true,1785246036470,FastAccept
1785246036479,false,1785246036518,FastAccept
1785246036529,false,1785246036568,FastAccept
1785246036579,false,1785246036618,FastAccept
1785246036630,false,1785246036669,FastAccept
1785246036683,true,1785246036722,FastAccept
1785246036737,true,1785246036776,FastAccept
1785246036793,true,1785246036831,FastAccept
1785246036851,false,1785246036890,FastAccept
1785246036910,false,1785246036949,FastAccept
1785246036970,true,1785246037009,FastAccept
1785246037034,false,1785246037072,FastAccept
1785246037099,true,1785246037138,FastAccept
1785246037165,false,1785246037204,FastAccept
1785246037234,true,1785246037273,FastAccept
1785246037305,true,1785246037344,FastAccept
1785246037380,false,1785246037418,FastAccept
1785246037457,true,1785246037495,FastAccept
1785246037537,true,1785246037576,FastAccept
1785246037619,false,1785246037658,FastAccept
1785246037705,true,1785246037744,FastAccept
1785246037795,true,1785246037834,FastAccept
1785246037889,true,1785246037928,FastAccept
1785246037987,true,1785246038026,FastAccept
1785246038090,true,1785246038129,FastAccept
1785246038199,false,1785246038238,FastAccept
1785246038314,false,1785246038353,FastAccept
1785246038436,true,1785246038475,FastAccept
1785246038565,false,1785246038604,FastAccept
1785246038703,false,1785246038742,FastAccept
1785246038850,false,1785246038889,FastAccept
1785246039009,true,1785246039048,FastAccept
1785246039180,false,1785246039219,FastAccept
1785246039367,false,1785246039406,FastAccept
1785246039572,false,1785246039611,FastAccept
1785246039798,true,1785246039837,FastAccept
1785246040053,true,1785246040091,FastAccept
1785246040340,true,1785246040379,FastAccept
1785246040673,true,1785246040712,FastAccept
1785246041065,true,1785246041104,FastAccept
1785246041542,true,1785246041581,FastAccept
1785246042148,true,1785246042187,FastAccept
1785246042967,false,1785246043006,FastAccept
1785246044199,true,1785246044240,LeaderAccept
1785246046481,true,1785246046522,LeaderAccept
1785246053619,false,1785246053659,FastAccept
1785246088105,true,1785246088146,LeaderAccept
1785246088140,false,1785246088181,LeaderAccept
1785246088174,true,1785246088215,LeaderAccept
1785246088208,false,1785246088250,LeaderAccept
1785246088243,true,1785246088284,LeaderAccept
1785246088279,true,1785246088320,LeaderAccept
1785246088315,true,1785246088356,LeaderAccept
1785246088351,true,1785246088392,LeaderAccept
1785246088389,false,1785246088430,LeaderAccept
1785246088427,true,1785246088469,LeaderAccept
1785246088466,true,1785246088508,LeaderAccept
1785246088506,true,1785246088548,LeaderAccept
1785246088546,false,1785246088587,LeaderAccept
1785246088587,false,1785246088628,LeaderAccept
1785246088629,false,1785246088670,LeaderAccept
1785246088672,true,1785246088713,LeaderAccept
1785246088716,false,1785246088757,LeaderAccept
1785246088761,false,1785246088802,LeaderAccept
1785246088807,false,1785246088849,LeaderAccept
1785246088854,false,1785246088896,LeaderAccept
1785246088902,true,1785246088944,LeaderAccept
1785246088951,true,1785246088993,LeaderAccept
1785246089002,true,1785246089044,LeaderAccept
1785246089054,false,1785246089095,LeaderAccept
1785246089107,true,1785246089149,LeaderAccept
1785246089161,false,1785246089202,LeaderAccept
1785246089217,false,1785246089259,LeaderAccept
1785246089275,true,1785246089316,LeaderAccept
1785246089334,true,1785246089376,LeaderAccept
1785246089395,false,1785246089436,LeaderAccept
1785246089458,false,1785246089499,LeaderAccept
1785246089522,true,1785246089563,LeaderAccept
1785246089589,false,1785246089631,LeaderAccept
1785246089658,false,1785246089699,LeaderAccept
1785246089729,false,1785246089771,LeaderAccept
1785246089803,true,1785246089845,LeaderAccept
1785246089879,true,1785246089921,LeaderAccept
1785246089958,true,1785246090000,LeaderAccept
1785246090040,false,1785246090082,LeaderAccept
1785246090126,false,1785246090168,LeaderAccept
1785246090216,false,1785246090257,LeaderAccept
1785246090309,true,1785246090351,LeaderAccept
1785246090407,false,1785246090448,LeaderAccept
1785246090510,true,1785246090552,LeaderAccept
1785246090618,false,1785246090659,LeaderAccept
1785246090732,true,1785246090774,LeaderAccept
1785246090853,false,1785246090895,LeaderAccept
1785246090982,false,1785246091029,LeaderAccept
1785246091119,true,1785246091160,LeaderAccept
1785246091266,false,1785246091307,LeaderAccept
1785246091423,true,1785246091465,LeaderAccept
1785246091594,false,1785246091635,LeaderAccept
1785246091780,true,1785246091821,LeaderAccept
1785246091984,true,1785246092025,LeaderAccept
1785246092209,false,1785246092251,LeaderAccept
1785246092460,true,1785246092502,LeaderAccept
1785246092745,true,1785246092787,LeaderAccept
1785246093075,false,1785246093116,LeaderAccept
1785246093463,true,1785246093504,LeaderAccept
1785246093933,true,1785246093974,LeaderAccept
1785246094527,true,1785246094569,LeaderAccept
1785246095327,false,1785246095368,LeaderAccept
1785246096519,true,1785246096561,LeaderAccept
1785246098682,false,1785246098724,LeaderAccept
1785246105060,true,1785246105114,LeaderAccept
1785246153288,true,1785246153329,LeaderAccept
1785246153306,true,1785246153347,LeaderAccept
1785246153324,false,1785246153365,LeaderAccept
1785246153342,true,1785246153383,LeaderAccept
1785246153360,true,1785246153401,LeaderAccept
1785246153378,false,1785246153420,LeaderAccept
1785246153396,false,1785246153437,LeaderAccept
1785246153415,true,1785246153456,LeaderAccept
1785246153434,true,1785246153475,LeaderAccept
1785246153453,false,1785246153494,LeaderAccept
1785246153472,false,1785246153513,LeaderAccept
1785246153492,false,1785246153533,LeaderAccept
1785246153512,false,1785246153553,LeaderAccept
1785246153533,false,1785246153573,LeaderAccept
1785246153552,true,1785246153593,LeaderAccept
1785246153572,true,1785246153613,LeaderAccept
1785246153592,true,1785246153633,LeaderAccept
1785246153613,true,1785246153654,LeaderAccept
1785246153634,false,1785246153675,LeaderAccept
1785246153655,true,1785246153695,LeaderAccept
1785246153676,false,1785246153718,LeaderAccept
1785246153698,true,1785246153739,LeaderAccept
1785246153720,false,1785246153761,LeaderAccept
1785246153741,true,1785246153782,LeaderAccept
1785246153763,true,1785246153805,LeaderAccept
1785246153786,false,1785246153827,LeaderAccept
1785246153808,false,1785246153849,LeaderAccept
1785246153830,true,1785246153870,LeaderAccept
1785246153853,false,1785246153893,LeaderAccept
1785246153877,true,1785246153918,LeaderAccept
1785246153900,true,1785246153940,LeaderAccept
1785246153923,true,1785246153964,LeaderAccept
1785246153948,false,1785246153989,LeaderAccept
1785246153972,true,1785246154013,LeaderAccept
1785246153996,true,1785246154038,LeaderAccept
1785246154021,false,1785246154062,LeaderAccept
1785246154046,false,1785246154087,LeaderAccept
1785246154071,false,1785246154112,LeaderAccept
1785246154097,true,1785246154138,LeaderAccept
1785246154123,false,1785246154164,LeaderAccept
1785246154150,true,1785246154191,LeaderAccept
1785246154176,true,1785246154218,LeaderAccept
1785246154203,true,1785246154243,LeaderAccept
1785246154230,true,1785246154271,LeaderAccept
1785246154257,false,1785246154299,LeaderAccept
1785246154286,false,1785246154327,LeaderAccept
1785246154315,false,1785246154357,LeaderAccept
1785246154344,true,1785246154386,LeaderAccept
1785246154374,false,1785246154416,LeaderAccept
1785246154404,false,1785246154446,LeaderAccept
1785246154434,false,1785246154475,LeaderAccept
1785246154464,true,1785246154506,LeaderAccept
1785246154495,true,1785246154536,LeaderAccept
1785246154527,false,1785246154568,LeaderAccept
1785246154559,false,1785246154600,LeaderAccept
1785246154591,true,1785246154632,LeaderAccept
1785246154624,false,1785246154665,LeaderAccept
1785246154657,false,1785246154699,LeaderAccept
1785246154691,true,1785246154732,LeaderAccept
1785246154725,false,1785246154766,LeaderAccept
1785246154761,false,1785246154802,LeaderAccept
1785246154796,true,1785246154838,LeaderAccept
1785246154833,false,1785246154875,LeaderAccept
1785246154870,false,1785246154911,LeaderAccept
1785246154908,false,1785246154950,LeaderAccept
1785246154947,true,1785246154988,LeaderAccept
1785246154986,true,1785246155027,LeaderAccept
1785246155027,true,1785246155068,LeaderAccept
1785246155067,true,1785246155108,LeaderAccept
1785246155110,false,1785246155151,LeaderAccept
1785246155152,true,1785246155193,LeaderAccept
1785246155195,true,1785246155236,LeaderAccept
1785246155239,true,1785246155280,LeaderAccept
1785246155284,false,1785246155325,LeaderAccept
1785246155330,true,1785246155372,LeaderAccept
1785246155378,true,1785246155419,LeaderAccept
1785246155426,false,1785246155468,LeaderAccept
1785246155476,false,1785246155518,LeaderAccept
1785246155526,true,1785246155568,LeaderAccept
1785246155578,true,1785246155620,LeaderAccept
1785246155631,false,1785246155672,LeaderAccept
1785246155686,true,1785246155728,LeaderAccept
1785246155743,false,1785246155785,LeaderAccept
1785246155801,true,1785246155843,LeaderAccept
1785246155861,true,1785246155903,LeaderAccept
1785246155922,false,1785246155964,LeaderAccept
1785246155985,false,1785246156027,LeaderAccept
1785246156051,true,1785246156093,LeaderAccept
1785246156119,true,1785246156160,LeaderAccept
1785246156189,true,1785246156231,LeaderAccept
1785246156261,false,1785246156302,LeaderAccept
1785246156335,false,1785246156377,LeaderAccept
1785246156413,true,1785246156455,LeaderAccept
1785246156494,false,1785246156535,LeaderAccept
1785246156578,true,1785246156619,LeaderAccept
1785246156666,true,1785246156707,LeaderAccept
1785246156757,true,1785246156798,LeaderAccept
1785246156853,false,1785246156894,LeaderAccept
1785246156954,false,1785246156995,LeaderAccept
1785246157060,true,1785246157101,LeaderAccept
1785246157171,false,1785246157212,LeaderAccept
1785246157288,false,1785246157330,LeaderAccept
1785246157413,false,1785246157454,LeaderAccept
1785246157544,true,1785246157586,LeaderAccept
1785246157685,false,1785246157727,LeaderAccept
1785246157836,true,1785246157879,LeaderAccept
1785246157999,false,1785246158041,LeaderAccept
1785246158175,false,1785246158216,LeaderAccept
1785246158367,false,1785246158409,LeaderAccept
1785246158579,false,1785246158620,LeaderAccept
1785246158814,false,1785246158856,LeaderAccept
1785246159079,true,1785246159121,LeaderAccept
1785246159381,false,1785246159423,LeaderAccept
1785246159732,true,1785246159774,LeaderAccept
1785246160151,true,1785246160191,FastAccept
1785246160667,false,1785246160706,FastAccept
1785246161334,false,1785246161373,FastAccept
1785246162265,true,1785246162304,FastAccept
1785246163748,false,1785246163786,FastAccept
1785246166856,true,1785246166894,FastAccept
1785246176414,true,1785246176455,LeaderAccept
1785246176432,false,1785246176473,LeaderAccept
1785246176448,true,1785246176489,LeaderAccept
1785246176465,true,1785246176512,LeaderAccept
1785246176482,true,1785246176524,LeaderAccept
1785246176500,false,1785246176541,LeaderAccept
1785246176517,false,1785246176560,LeaderAccept
1785246176535,false,1785246176576,LeaderAccept
1785246176552,false,1785246176593,LeaderAccept
1785246176569,true,1785246176610,LeaderAccept
1785246176586,true,1785246176628,LeaderAccept
1785246176604,true,1785246176646,LeaderAccept
1785246176622,true,1785246176663,LeaderAccept
1785246176640,true,1785246176681,LeaderAccept
1785246176658,true,1785246176699,LeaderAccept
1785246176677,false,1785246176718,LeaderAccept
1785246176695,false,1785246176736,LeaderAccept
1785246176715,true,1785246176757,LeaderAccept
1785246176733,true,1785246176774,LeaderAccept
1785246176752,true,1785246176793,LeaderAccept
1785246176772,false,1785246176813,LeaderAccept
1785246176792,false,1785246176833,LeaderAccept
1785246176812,true,1785246176852,LeaderAccept
1785246176831,true,1785246176872,LeaderAccept
1785246176851,true,1785246176892,LeaderAccept
1785246176872,true,1785246176913,LeaderAccept
1785246176892,false,1785246176933,LeaderAccept
1785246176912,true,1785246176953,LeaderAccept
1785246176933,true,1785246176974,LeaderAccept
1785246176955,false,1785246176995,LeaderAccept
1785246176976,false,1785246177018,LeaderAccept
1785246176998,true,1785246177040,LeaderAccept
1785246177019,false,1785246177061,LeaderAccept
1785246177041,true,1785246177082,LeaderAccept
1785246177063,true,1785246177105,LeaderAccept
1785246177085,true,1785246177126,LeaderAccept
1785246177107,true,1785246177148,LeaderAccept
1785246177130,true,1785246177171,LeaderAccept
1785246177153,true,1785246177194,LeaderAccept
1785246177176,false,1785246177218,LeaderAccept
1785246177200,false,1785246177242,LeaderAccept
1785246177224,false,1785246177265,LeaderAccept
1785246177248,false,1785246177289,LeaderAccept
1785246177272,false,1785246177313,LeaderAccept
1785246177297,false,1785246177339,LeaderAccept
1785246177322,false,1785246177363,LeaderAccept
1785246177347,true,1785246177388,LeaderAccept
1785246177372,false,1785246177414,LeaderAccept
1785246177398,true,1785246177440,LeaderAccept
1785246177425,true,1785246177466,LeaderAccept
1785246177451,false,1785246177492,LeaderAccept
1785246177478,true,1785246177520,LeaderAccept
1785246177505,false,1785246177547,LeaderAccept
1785246177533,true,1785246177574,LeaderAccept
1785246177561,false,1785246177602,LeaderAccept
1785246177589,true,1785246177631,LeaderAccept
1785246177618,true,1785246177660,LeaderAccept
1785246177647,false,1785246177688,LeaderAccept
1785246177676,true,1785246177717,LeaderAccept
1785246177706,true,1785246177747,LeaderAccept
1785246177737,true,1785246177778,LeaderAccept
1785246177768,true,1785246177809,LeaderAccept
1785246177799,false,1785246177841,LeaderAccept
1785246177832,true,1785246177873,LeaderAccept
1785246177864,true,1785246177906,LeaderAccept
1785246177897,true,1785246177939,LeaderAccept
1785246177930,false,1785246177971,LeaderAccept
1785246177964,true,1785246178005,LeaderAccept
1785246177999,true,1785246178040,LeaderAccept
1785246178033,false,1785246178075,LeaderAccept
1785246178069,true,1785246178111,LeaderAccept
1785246178105,true,1785246178147,LeaderAccept
1785246178142,false,1785246178184,LeaderAccept
1785246178179,true,1785246178220,LeaderAccept
1785246178217,false,1785246178259,LeaderAccept
1785246178256,false,1785246178298,LeaderAccept
1785246178296,true,1785246178337,LeaderAccept
1785246178336,true,1785246178377,LeaderAccept
1785246178377,false,1785246178419,LeaderAccept
1785246178419,true,1785246178460,LeaderAccept
1785246178461,false,1785246178503,LeaderAccept
1785246178505,false,1785246178547,LeaderAccept
1785246178550,true,1785246178591,LeaderAccept
1785246178595,false,1785246178637,LeaderAccept
1785246178641,true,1785246178682,LeaderAccept
1785246178688,true,1785246178729,LeaderAccept
1785246178736,false,1785246178778,LeaderAccept
1785246178786,false,1785246178827,LeaderAccept
1785246178837,false,1785246178878,LeaderAccept
1785246178889,false,1785246178931,LeaderAccept
1785246178943,false,1785246178985,LeaderAccept
1785246179000,false,1785246179042,LeaderAccept
1785246179056,false,1785246179097,LeaderAccept
1785246179115,false,1785246179156,LeaderAccept
1785246179175,true,1785246179217,LeaderAccept
1785246179237,true,1785246179278,LeaderAccept
1785246179300,false,1785246179342,LeaderAccept
1785246179366,true,1785246179408,LeaderAccept
1785246179434,true,1785246179476,LeaderAccept
1785246179504,false,1785246179546,LeaderAccept
1785246179577,true,1785246179619,LeaderAccept
1785246179653,false,1785246179695,LeaderAccept
1785246179732,true,1785246179773,LeaderAccept
1785246179813,false,1785246179855,LeaderAccept
1785246179898,false,1785246179941,LeaderAccept
1785246179986,false,1785246180028,LeaderAccept
1785246180078,true,1785246180120,LeaderAccept
1785246180175,true,1785246180216,LeaderAccept
1785246180276,true,1785246180318,LeaderAccept
1785246180383,true,1785246180425,LeaderAccept
1785246180495,true,1785246180537,LeaderAccept
1785246180614,true,1785246180656,LeaderAccept
1785246180740,true,1785246180781,LeaderAccept
1785246180875,false,1785246180916,LeaderAccept
1785246181019,false,1785246181060,LeaderAccept
1785246181173,false,1785246181214,LeaderAccept
1785246181340,false,1785246181381,LeaderAccept
1785246181520,false,1785246181562,LeaderAccept
1785246181718,true,1785246181760,LeaderAccept
1785246181936,true,1785246181978,LeaderAccept
1785246182179,false,1785246182221,LeaderAccept
1785246182453,false,1785246182494,LeaderAccept
1785246182767,true,1785246182808,LeaderAccept
1785246183135,true,1785246183177,LeaderAccept
1785246183576,false,1785246183618,LeaderAccept
1785246184127,true,1785246184168,LeaderAccept
1785246184850,false,1785246184891,LeaderAccept
1785246185890,true,1785246185931,LeaderAccept
1785246187635,false,1785246187677,LeaderAccept
1785246191812,false,1785246191854,LeaderAccept
1785246204631,true,1785246204673,LeaderAccept
1785246204664,false,1785246204706,LeaderAccept
1785246204698,true,1785246204740,LeaderAccept
1785246204732,false,1785246204774,LeaderAccept
1785246204767,true,1785246204809,LeaderAccept
1785246204802,true,1785246204844,LeaderAccept
1785246204838,true,1785246204880,LeaderAccept
1785246204875,true,1785246204917,LeaderAccept
1785246204912,true,1785246204954,LeaderAccept
1785246204950,true,1785246204992,LeaderAccept
1785246204989,true,1785246205032,LeaderAccept
1785246205029,false,1785246205072,LeaderAccept
1785246205069,false,1785246205111,LeaderAccept
1785246205110,false,1785246205152,LeaderAccept
1785246205152,false,1785246205194,LeaderAccept
1785246205194,false,1785246205235,LeaderAccept
1785246205237,true,1785246205279,LeaderAccept
1785246205282,false,1785246205324,LeaderAccept
1785246205328,true,1785246205370,LeaderAccept
1785246205375,true,1785246205418,LeaderAccept
1785246205423,false,1785246205464,LeaderAccept
1785246205472,false,1785246205513,LeaderAccept
1785246205521,true,1785246205563,LeaderAccept
1785246205572,false,1785246205615,LeaderAccept
1785246205625,true,1785246205667,LeaderAccept
1785246205679,false,1785246205721,LeaderAccept
1785246205734,false,1785246205775,LeaderAccept
1785246205792,true,1785246205833,LeaderAccept
1785246205850,false,1785246205892,LeaderAccept
1785246205910,true,1785246205952,LeaderAccept
1785246205972,false,1785246206014,LeaderAccept
1785246206035,true,1785246206077,LeaderAccept
1785246206101,true,1785246206143,LeaderAccept
1785246206169,true,1785246206211,LeaderAccept
1785246206239,false,1785246206281,LeaderAccept
1785246206311,false,1785246206353,LeaderAccept
1785246206386,true,1785246206428,LeaderAccept
1785246206464,false,1785246206506,LeaderAccept
1785246206545,false,1785246206588,LeaderAccept
1785246206630,true,1785246206672,LeaderAccept
1785246206718,false,1785246206760,LeaderAccept
1785246206811,false,1785246206852,LeaderAccept
1785246206907,false,1785246206949,LeaderAccept
1785246207008,true,1785246207051,LeaderAccept
1785246207114,true,1785246207156,LeaderAccept
1785246207226,true,1785246207267,LeaderAccept
1785246207345,true,1785246207386,LeaderAccept
1785246207470,true,1785246207512,LeaderAccept
1785246207604,true,1785246207646,LeaderAccept
1785246207747,false,1785246207789,LeaderAccept
1785246207901,true,1785246207942,LeaderAccept
1785246208067,true,1785246208108,LeaderAccept
1785246208246,false,1785246208288,LeaderAccept
1785246208444,false,1785246208485,LeaderAccept
1785246208660,true,1785246208701,LeaderAccept
1785246208901,false,1785246208943,LeaderAccept
1785246209173,true,1785246209212,FastAccept
1785246209484,false,1785246209523,FastAccept
1785246209848,true,1785246209887,FastAccept
1785246210284,true,1785246210323,FastAccept
1785246210825,false,1785246210864,FastAccept
1785246211534,true,1785246211573,FastAccept
1785246212546,false,1785246212585,FastAccept
1785246214221,false,1785246214262,LeaderAccept
1785246218090,false,1785246218132,LeaderAccept
1785246233114,true,1785246233153,FastAccept
1785246233146,false,1785246233184,FastAccept
1785246233179,true,1785246233218,FastAccept
1785246233213,false,1785246233251,FastAccept
1785246233246,true,1785246233285,FastAccept
1785246233281,true,1785246233320,FastAccept
1785246233316,false,1785246233355,FastAccept
1785246233351,true,1785246233390,FastAccept
1785246233387,true,1785246233426,FastAccept
1785246233424,true,1785246233463,FastAccept
1785246233462,false,1785246233501,FastAccept
1785246233500,false,1785246233539,FastAccept
1785246233539,true,1785246233578,FastAccept
1785246233578,false,1785246233617,FastAccept
1785246233618,true,1785246233656,FastAccept
1785246233659,false,1785246233697,FastAccept
1785246233700,false,1785246233739,FastAccept
1785246233743,false,1785246233782,FastAccept
1785246233787,true,1785246233825,FastAccept
1785246233832,true,1785246233871,FastAccept
1785246233877,true,1785246233915,FastAccept
1785246233924,true,1785246233963,FastAccept
1785246233971,true,1785246234010,FastAccept
1785246234019,false,1785246234058,FastAccept
1785246234069,true,1785246234108,FastAccept
1785246234120,true,1785246234159,FastAccept
1785246234172,false,1785246234210,FastAccept
1785246234226,false,1785246234265,FastAccept
1785246234283,true,1785246234321,FastAccept
1785246234339,true,1785246234377,FastAccept
1785246234398,true,1785246234436,FastAccept
1785246234458,false,1785246234497,FastAccept
1785246234519,false,1785246234558,FastAccept
1785246234583,false,1785246234622,FastAccept
1785246234648,true,1785246234687,FastAccept
1785246234716,false,1785246234755,FastAccept
1785246234786,false,1785246234824,FastAccept
1785246234859,false,1785246234897,FastAccept
1785246234935,true,1785246234974,FastAccept
1785246235013,false,1785246235052,FastAccept
1785246235094,false,1785246235133,FastAccept
1785246235179,true,1785246235218,FastAccept
1785246235267,false,1785246235306,FastAccept
1785246235360,true,1785246235398,FastAccept
1785246235457,false,1785246235495,FastAccept
1785246235558,false,1785246235597,FastAccept
1785246235664,false,1785246235703,FastAccept
1785246235776,false,1785246235815,FastAccept
1785246235894,true,1785246235933,FastAccept
1785246236021,true,1785246236059,FastAccept
1785246236155,false,1785246236193,FastAccept
1785246236298,false,1785246236336,FastAccept
1785246236452,true,1785246236491,FastAccept
1785246236617,false,1785246236656,FastAccept
1785246236797,false,1785246236836,FastAccept
1785246236995,true,1785246237034,FastAccept
1785246237212,true,1785246237251,FastAccept
1785246237455,false,1785246237493,FastAccept
1785246237727,true,1785246237766,FastAccept
1785246238039,true,1785246238087,LeaderAccept
1785246238404,false,1785246238445,LeaderAccept
1785246238842,true,1785246238883,LeaderAccept
1785246239386,true,1785246239427,LeaderAccept
1785246240100,true,1785246240141,LeaderAccept
1785246241121,true,1785246241162,LeaderAccept
1785246242820,false,1785246242866,FastAccept
1785246246793,true,1785246246835,LeaderAccept
1785246275750,false,1785246275789,FastAccept
1785246292626,false,1785246292667,LeaderAccept
1785246292641,true,1785246292682,LeaderAccept
1785246292656,false,1785246292697,LeaderAccept
1785246292671,true,1785246292712,LeaderAccept
1785246292686,true,1785246292727,LeaderAccept
1785246292701,true,1785246292742,LeaderAccept
1785246292716,false,1785246292757,LeaderAccept
1785246292731,true,1785246292772,LeaderAccept
1785246292747,false,1785246292788,LeaderAccept
1785246292762,true,1785246292803,LeaderAccept
1785246292778,false,1785246292819,LeaderAccept
1785246292794,true,1785246292834,LeaderAccept
1785246292810,false,1785246292851,LeaderAccept
1785246292826,true,1785246292867,LeaderAccept
1785246292843,true,1785246292884,LeaderAccept
1785246292859,false,1785246292900,LeaderAccept
1785246292876,true,1785246292917,LeaderAccept
1785246292892,true,1785246292933,LeaderAccept
1785246292908,false,1785246292949,LeaderAccept
1785246292925,false,1785246292966,LeaderAccept
1785246292942,true,1785246292983,LeaderAccept
1785246292959,true,1785246293000,LeaderAccept
1785246292976,true,1785246293018,LeaderAccept
1785246292993,true,1785246293034,LeaderAccept
1785246293010,true,1785246293051,LeaderAccept
1785246293028,false,1785246293069,LeaderAccept
1785246293046,true,1785246293087,LeaderAccept
1785246293064,false,1785246293105,LeaderAccept
1785246293082,false,1785246293123,LeaderAccept
1785246293100,false,1785246293141,LeaderAccept
1785246293119,false,1785246293160,LeaderAccept
1785246293138,false,1785246293179,LeaderAccept
1785246293157,true,1785246293197,LeaderAccept
1785246293176,false,1785246293217,LeaderAccept
1785246293195,false,1785246293236,LeaderAccept
1785246293214,false,1785246293255,LeaderAccept
1785246293233,false,1785246293273,LeaderAccept
1785246293252,false,1785246293293,LeaderAccept
1785246293272,false,1785246293313,LeaderAccept
1785246293293,false,1785246293334,LeaderAccept
1785246293313,true,1785246293354,LeaderAccept
1785246293333,false,1785246293374,LeaderAccept
1785246293354,true,1785246293395,LeaderAccept
1785246293374,true,1785246293415,LeaderAccept
1785246293395,false,1785246293436,LeaderAccept
1785246293417,false,1785246293458,LeaderAccept
1785246293438,true,1785246293479,LeaderAccept
1785246293460,false,1785246293501,LeaderAccept
1785246293482,false,1785246293523,LeaderAccept
1785246293504,false,1785246293545,LeaderAccept
1785246293526,true,1785246293568,LeaderAccept
1785246293549,true,1785246293590,LeaderAccept
1785246293572,true,1785246293613,LeaderAccept
1785246293595,false,1785246293635,LeaderAccept
1785246293618,true,1785246293659,LeaderAccept
1785246293641,true,1785246293683,LeaderAccept
1785246293665,true,1785246293707,LeaderAccept
1785246293689,false,1785246293730,LeaderAccept
1785246293713,true,1785246293754,LeaderAccept
1785246293737,false,1785246293778,LeaderAccept
1785246293762,true,1785246293803,LeaderAccept
1785246293787,false,1785246293828,LeaderAccept
1785246293812,false,1785246293853,LeaderAccept
1785246293838,false,1785246293879,LeaderAccept
1785246293864,false,1785246293906,LeaderAccept
1785246293892,true,1785246293933,LeaderAccept
1785246293918,false,1785246293959,LeaderAccept
1785246293945,true,1785246293987,LeaderAccept
1785246293973,true,1785246294015,LeaderAccept
1785246294001,false,1785246294042,LeaderAccept
1785246294029,true,1785246294070,LeaderAccept
1785246294058,false,1785246294099,LeaderAccept
1785246294087,true,1785246294130,LeaderAccept
1785246294117,true,1785246294159,LeaderAccept
1785246294147,false,1785246294188,LeaderAccept
1785246294177,true,1785246294218,LeaderAccept
1785246294208,true,1785246294250,LeaderAccept
1785246294239,false,1785246294281,LeaderAccept
1785246294271,false,1785246294312,LeaderAccept
1785246294303,true,1785246294345,LeaderAccept
1785246294335,true,1785246294376,LeaderAccept
1785246294368,true,1785246294410,LeaderAccept
1785246294401,true,1785246294443,LeaderAccept
1785246294435,false,1785246294476,LeaderAccept
1785246294470,false,1785246294512,LeaderAccept
1785246294506,true,1785246294547,LeaderAccept
1785246294542,true,1785246294583,LeaderAccept
1785246294579,true,1785246294620,LeaderAccept
1785246294616,false,1785246294657,LeaderAccept
1785246294654,true,1785246294695,LeaderAccept
1785246294693,true,1785246294734,LeaderAccept
1785246294732,true,1785246294773,LeaderAccept
1785246294772,false,1785246294814,LeaderAccept
1785246294813,true,1785246294854,LeaderAccept
1785246294854,false,1785246294896,LeaderAccept
1785246294897,false,1785246294939,LeaderAccept
1785246294940,true,1785246294981,LeaderAccept
1785246294984,false,1785246295026,LeaderAccept
1785246295030,true,1785246295071,LeaderAccept
1785246295078,true,1785246295119,LeaderAccept
1785246295125,true,1785246295167,LeaderAccept
1785246295174,false,1785246295215,LeaderAccept
1785246295224,true,1785246295265,LeaderAccept
1785246295275,false,1785246295318,LeaderAccept
1785246295328,false,1785246295370,LeaderAccept
1785246295381,false,1785246295423,LeaderAccept
1785246295436,false,1785246295478,LeaderAccept
1785246295494,true,1785246295535,LeaderAccept
1785246295553,true,1785246295594,LeaderAccept
1785246295613,false,1785246295655,LeaderAccept
1785246295675,false,1785246295716,LeaderAccept
1785246295738,true,1785246295781,LeaderAccept
1785246295804,false,1785246295845,LeaderAccept
1785246295873,true,1785246295915,LeaderAccept
1785246295943,true,1785246295985,LeaderAccept
1785246296016,true,1785246296057,LeaderAccept
1785246296091,false,1785246296132,LeaderAccept
1785246296169,true,1785246296211,LeaderAccept
1785246296250,false,1785246296292,LeaderAccept
1785246296335,false,1785246296376,LeaderAccept
1785246296424,false,1785246296465,LeaderAccept
1785246296517,false,1785246296558,LeaderAccept
1785246296614,true,1785246296655,LeaderAccept
1785246296716,true,1785246296757,LeaderAccept
1785246296822,false,1785246296863,LeaderAccept
1785246296935,false,1785246296976,LeaderAccept
1785246297053,false,1785246297094,LeaderAccept
1785246297179,false,1785246297220,LeaderAccept
1785246297313,true,1785246297354,LeaderAccept
1785246297457,false,1785246297498,LeaderAccept
1785246297610,false,1785246297652,LeaderAccept
1785246297776,false,1785246297818,LeaderAccept
1785246297956,true,1785246297998,LeaderAccept
1785246298153,false,1785246298195,LeaderAccept
1785246298370,true,1785246298411,LeaderAccept
1785246298613,false,1785246298654,LeaderAccept
1785246298886,false,1785246298928,LeaderAccept
1785246299199,false,1785246299241,LeaderAccept
1785246299565,false,1785246299607,LeaderAccept
1785246300005,true,1785246300043,FastAccept
1785246300551,false,1785246300590,FastAccept
1785246301269,true,1785246301311,LeaderAccept
1785246302297,true,1785246302339,LeaderAccept
1785246304014,true,1785246304056,LeaderAccept
1785246308068,false,1785246308107,FastAccept
1785246313013,false,1785246313052,FastAccept
1785246313042,false,1785246313081,FastAccept
1785246313072,false,1785246313112,FastAccept
1785246313102,true,1785246313141,FastAccept
1785246313132,false,1785246313171,FastAccept
1785246313163,false,1785246313201,FastAccept
1785246313195,false,1785246313234,FastAccept
1785246313226,false,1785246313264,FastAccept
1785246313258,false,1785246313297,FastAccept
1785246313291,true,1785246313330,FastAccept
1785246313323,true,1785246313362,FastAccept
1785246313357,true,1785246313397,FastAccept
1785246313392,true,1785246313431,FastAccept
1785246313426,true,1785246313465,FastAccept
1785246313461,false,1785246313500,FastAccept
1785246313497,true,1785246313536,FastAccept
1785246313533,true,1785246313571,FastAccept
1785246313570,true,1785246313609,FastAccept
1785246313608,false,1785246313647,FastAccept
1785246313646,true,1785246313685,FastAccept
1785246313686,true,1785246313725,FastAccept
1785246313727,true,1785246313765,FastAccept
1785246313767,true,1785246313806,FastAccept
1785246313809,true,1785246313848,FastAccept
1785246313853,false,1785246313892,FastAccept
1785246313896,true,1785246313934,FastAccept
1785246313941,false,1785246313979,FastAccept
1785246313987,false,1785246314025,FastAccept
1785246314034,true,1785246314073,FastAccept
1785246314081,true,1785246314120,FastAccept
1785246314129,false,1785246314168,FastAccept
1785246314179,false,1785246314218,FastAccept
1785246314230,true,1785246314269,FastAccept
1785246314282,false,1785246314321,FastAccept
1785246314336,false,1785246314375,FastAccept
1785246314391,true,1785246314430,FastAccept
1785246314447,false,1785246314486,FastAccept
1785246314505,false,1785246314544,FastAccept
1785246314565,false,1785246314604,FastAccept
1785246314626,false,1785246314665,FastAccept
1785246314690,true,1785246314729,FastAccept
1785246314755,true,1785246314819,LeaderAccept
1785246314822,false,1785246314864,LeaderAccept
1785246314892,false,1785246314934,LeaderAccept
1785246314964,false,1785246315006,LeaderAccept
1785246315038,true,1785246315081,LeaderAccept
1785246315116,false,1785246315158,LeaderAccept
1785246315197,true,1785246315239,LeaderAccept
1785246315282,false,1785246315323,LeaderAccept
1785246315370,false,1785246315411,LeaderAccept
1785246315462,false,1785246315503,LeaderAccept
1785246315557,false,1785246315599,LeaderAccept
1785246315657,true,1785246315698,LeaderAccept
1785246315762,true,1785246315804,LeaderAccept
1785246315872,true,1785246315914,LeaderAccept
1785246315989,false,1785246316030,LeaderAccept
1785246316113,true,1785246316155,LeaderAccept
1785246316245,false,1785246316287,LeaderAccept
1785246316386,false,1785246316427,LeaderAccept
1785246316538,false,1785246316579,LeaderAccept
1785246316700,false,1785246316742,LeaderAccept
1785246316877,true,1785246316918,LeaderAccept
1785246317070,true,1785246317112,LeaderAccept
1785246317282,true,1785246317323,LeaderAccept
1785246317518,false,1785246317559,LeaderAccept
1785246317783,true,1785246317825,LeaderAccept
1785246318085,true,1785246318127,LeaderAccept
1785246318437,false,1785246318478,LeaderAccept
1785246318856,true,1785246318898,LeaderAccept
1785246319372,false,1785246319413,LeaderAccept
1785246320040,false,1785246320081,LeaderAccept
1785246320973,false,1785246321014,LeaderAccept
1785246322459,true,1785246322500,LeaderAccept
1785246325580,true,1785246325623,LeaderAccept
1785246340445,false,1785246340484,FastAccept
1785246365229,false,1785246365270,LeaderAccept
1785246365251,false,1785246365293,LeaderAccept
1785246365273,false,1785246365314,LeaderAccept
1785246365296,true,1785246365337,LeaderAccept
1785246365318,true,1785246365360,LeaderAccept
1785246365341,false,1785246365383,LeaderAccept
1785246365364,true,1785246365406,LeaderAccept
1785246365388,false,1785246365429,LeaderAccept
1785246365412,false,1785246365453,LeaderAccept
1785246365437,false,1785246365478,LeaderAccept
1785246365461,true,1785246365502,LeaderAccept
1785246365485,true,1785246365527,LeaderAccept
1785246365510,false,1785246365551,LeaderAccept
1785246365535,false,1785246365576,LeaderAccept
1785246365561,true,1785246365602,LeaderAccept
1785246365586,true,1785246365628,LeaderAccept
1785246365612,true,1785246365654,LeaderAccept
1785246365638,false,1785246365679,LeaderAccept
1785246365665,false,1785246365706,LeaderAccept
1785246365692,false,1785246365733,LeaderAccept
1785246365719,true,1785246365761,LeaderAccept
1785246365747,false,1785246365788,LeaderAccept
1785246365775,true,1785246365816,LeaderAccept
1785246365803,false,1785246365845,LeaderAccept
1785246365832,true,1785246365873,LeaderAccept
1785246365861,true,1785246365902,LeaderAccept
1785246365890,true,1785246365932,LeaderAccept
1785246365920,true,1785246365962,LeaderAccept
1785246365951,false,1785246365993,LeaderAccept
1785246365982,false,1785246366024,LeaderAccept
1785246366013,true,1785246366055,LeaderAccept
1785246366045,true,1785246366086,LeaderAccept
1785246366077,true,1785246366119,LeaderAccept
1785246366111,false,1785246366152,LeaderAccept
1785246366144,false,1785246366185,LeaderAccept
1785246366178,true,1785246366219,LeaderAccept
1785246366213,false,1785246366255,LeaderAccept
1785246366248,false,1785246366290,LeaderAccept
1785246366284,true,1785246366326,LeaderAccept
1785246366320,true,1785246366362,LeaderAccept
1785246366358,false,1785246366399,LeaderAccept
1785246366395,true,1785246366436,LeaderAccept
1785246366433,false,1785246366475,LeaderAccept
1785246366472,false,1785246366513,LeaderAccept
1785246366512,true,1785246366553,LeaderAccept
1785246366552,false,1785246366594,LeaderAccept
1785246366594,false,1785246366635,LeaderAccept
1785246366636,false,1785246366677,LeaderAccept
1785246366679,false,1785246366720,LeaderAccept
1785246366723,true,1785246366765,LeaderAccept
1785246366768,true,1785246366809,LeaderAccept
1785246366814,true,1785246366856,LeaderAccept
1785246366861,false,1785246366903,LeaderAccept
1785246366909,true,1785246366950,LeaderAccept
1785246366959,true,1785246367000,LeaderAccept
1785246367009,true,1785246367050,LeaderAccept
1785246367061,false,1785246367102,LeaderAccept
1785246367115,true,1785246367156,LeaderAccept
1785246367170,true,1785246367211,LeaderAccept
1785246367226,false,1785246367267,LeaderAccept
1785246367283,false,1785246367325,LeaderAccept
1785246367342,false,1785246367384,LeaderAccept
1785246367403,false,1785246367445,LeaderAccept
1785246367466,false,1785246367507,LeaderAccept
1785246367532,true,1785246367573,LeaderAccept
1785246367598,true,1785246367639,LeaderAccept
1785246367668,true,1785246367709,LeaderAccept
1785246367739,false,1785246367781,LeaderAccept
1785246367815,true,1785246367856,LeaderAccept
1785246367891,true,1785246367933,LeaderAccept
1785246367971,false,1785246368013,LeaderAccept
1785246368054,true,1785246368096,LeaderAccept
1785246368141,true,1785246368183,LeaderAccept
1785246368232,false,1785246368274,LeaderAccept
1785246368327,true,1785246368369,LeaderAccept
1785246368426,true,1785246368468,LeaderAccept
1785246368530,true,1785246368572,LeaderAccept
1785246368641,false,1785246368682,LeaderAccept
1785246368757,false,1785246368798,LeaderAccept
1785246368879,false,1785246368921,LeaderAccept
1785246369010,false,1785246369051,LeaderAccept
1785246369148,false,1785246369189,LeaderAccept
1785246369297,true,1785246369338,LeaderAccept
1785246369457,false,1785246369499,LeaderAccept
1785246369631,true,1785246369673,LeaderAccept
1785246369821,true,1785246369862,LeaderAccept
1785246370028,true,1785246370070,LeaderAccept
1785246370258,false,1785246370300,LeaderAccept
1785246370517,false,1785246370555,FastAccept
1785246370810,true,1785246370848,FastAccept
1785246371149,false,1785246371225,LeaderAccept
1785246371551,true,1785246371592,LeaderAccept
1785246372044,true,1785246372085,LeaderAccept
1785246372672,true,1785246372713,LeaderAccept
1785246373532,false,1785246373574,LeaderAccept
1785246374855,false,1785246374896,LeaderAccept
1785246377415,false,1785246377454,FastAccept
1785246386623,false,1785246386665,LeaderAccept
1785246397324,true,1785246397366,LeaderAccept
1785246397361,true,1785246397403,LeaderAccept
1785246397399,true,1785246397440,LeaderAccept
1785246397438,true,1785246397479,LeaderAccept
1785246397478,false,1785246397519,LeaderAccept
1785246397517,true,1785246397559,LeaderAccept
1785246397557,true,1785246397599,LeaderAccept
1785246397598,false,1785246397640,LeaderAccept
1785246397640,false,1785246397681,LeaderAccept
1785246397683,true,1785246397724,LeaderAccept
1785246397727,false,1785246397768,LeaderAccept
1785246397771,false,1785246397813,LeaderAccept
1785246397817,true,1785246397858,LeaderAccept
1785246397864,true,1785246397906,LeaderAccept
1785246397912,true,1785246397954,LeaderAccept
1785246397961,true,1785246398002,LeaderAccept
1785246398011,false,1785246398053,LeaderAccept
1785246398063,false,1785246398105,LeaderAccept
1785246398116,false,1785246398158,LeaderAccept
1785246398170,false,1785246398211,LeaderAccept
1785246398226,false,1785246398267,LeaderAccept
1785246398283,false,1785246398325,LeaderAccept
1785246398342,true,1785246398383,LeaderAccept
1785246398404,true,1785246398445,LeaderAccept
1785246398466,true,1785246398507,LeaderAccept
1785246398531,true,1785246398572,LeaderAccept
1785246398597,false,1785246398638,LeaderAccept
1785246398665,false,1785246398707,LeaderAccept
1785246398737,true,1785246398779,LeaderAccept
1785246398811,true,1785246398853,LeaderAccept
1785246398887,true,1785246398928,LeaderAccept
1785246398966,false,1785246399008,LeaderAccept
1785246399049,true,1785246399091,LeaderAccept
1785246399135,false,1785246399177,LeaderAccept
1785246399225,false,1785246399266,LeaderAccept
1785246399318,true,1785246399360,LeaderAccept
1785246399417,false,1785246399459,LeaderAccept
1785246399520,false,1785246399562,LeaderAccept
1785246399630,false,1785246399671,LeaderAccept
1785246399744,true,1785246399786,LeaderAccept
1785246399865,false,1785246399907,LeaderAccept
1785246399994,false,1785246400036,LeaderAccept
1785246400131,true,1785246400173,LeaderAccept
1785246400278,true,1785246400319,LeaderAccept
1785246400436,false,1785246400477,LeaderAccept
1785246400608,true,1785246400649,LeaderAccept
1785246400795,true,1785246400836,LeaderAccept
1785246400999,true,1785246401040,LeaderAccept
1785246401225,true,1785246401266,LeaderAccept
1785246401478,false,1785246401520,LeaderAccept
1785246401766,false,1785246401808,LeaderAccept
1785246402098,true,1785246402140,LeaderAccept
1785246402489,true,1785246402531,LeaderAccept
1785246402964,true,1785246403003,FastAccept
1785246403566,true,1785246403606,FastAccept
1785246404381,true,1785246404419,FastAccept
1785246405602,false,1785246405643,LeaderAccept
1785246407851,true,1785246407892,LeaderAccept
1785246414772,true,1785246414811,FastAccept
1785246421324,false,1785246421365,LeaderAccept
1785246421341,true,1785246421382,LeaderAccept
1785246421358,false,1785246421400,LeaderAccept
1785246421376,false,1785246421418,LeaderAccept
1785246421394,false,1785246421436,LeaderAccept
1785246421412,false,1785246421453,LeaderAccept
1785246421430,false,1785246421471,LeaderAccept
1785246421448,false,1785246421489,LeaderAccept
1785246421466,false,1785246421507,LeaderAccept
1785246421484,false,1785246421525,LeaderAccept
1785246421503,false,1785246421543,LeaderAccept
1785246421522,false,1785246421563,LeaderAccept
1785246421541,false,1785246421582,LeaderAccept
1785246421561,false,1785246421602,LeaderAccept
1785246421580,false,1785246421621,LeaderAccept
1785246421600,true,1785246421641,LeaderAccept
1785246421619,true,1785246421660,LeaderAccept
1785246421640,false,1785246421680,LeaderAccept
1785246421659,false,1785246421700,LeaderAccept
1785246421679,true,1785246421720,LeaderAccept
1785246421700,true,1785246421741,LeaderAccept
1785246421720,false,1785246421761,LeaderAccept
1785246421741,false,1785246421782,LeaderAccept
1785246421762,false,1785246421804,LeaderAccept
1785246421784,false,1785246421825,LeaderAccept
1785246421806,true,1785246421847,LeaderAccept
1785246421827,true,1785246421869,LeaderAccept
1785246421849,true,1785246421890,LeaderAccept
1785246421871,true,1785246421913,LeaderAccept
1785246421893,false,1785246421934,LeaderAccept
1785246421916,true,1785246421957,LeaderAccept
1785246421938,false,1785246421980,LeaderAccept
1785246421961,false,1785246422002,LeaderAccept
1785246421984,true,1785246422026,LeaderAccept
1785246422007,false,1785246422048,LeaderAccept
1785246422030,false,1785246422071,LeaderAccept
1785246422054,false,1785246422096,LeaderAccept
1785246422079,false,1785246422120,LeaderAccept
1785246422103,true,1785246422144,LeaderAccept
1785246422128,false,1785246422169,LeaderAccept
1785246422153,true,1785246422195,LeaderAccept
1785246422178,false,1785246422219,LeaderAccept
1785246422204,true,1785246422245,LeaderAccept
1785246422230,false,1785246422272,LeaderAccept
1785246422257,true,1785246422299,LeaderAccept
1785246422284,true,1785246422326,LeaderAccept
1785246422311,false,1785246422353,LeaderAccept
1785246422339,false,1785246422380,LeaderAccept
1785246422367,true,1785246422409,LeaderAccept
1785246422395,true,1785246422437,LeaderAccept
1785246422424,false,1785246422466,LeaderAccept
1785246422453,false,1785246422494,LeaderAccept
1785246422482,true,1785246422523,LeaderAccept
1785246422511,true,1785246422553,LeaderAccept
1785246422542,false,1785246422583,LeaderAccept
1785246422572,false,1785246422613,LeaderAccept
1785246422603,false,1785246422645,LeaderAccept
1785246422635,true,1785246422677,LeaderAccept
1785246422667,false,1785246422708,LeaderAccept
1785246422699,true,1785246422741,LeaderAccept
1785246422733,true,1785246422774,LeaderAccept
1785246422766,true,1785246422807,LeaderAccept
1785246422800,true,1785246422841,LeaderAccept
1785246422836,false,1785246422877,LeaderAccept
1785246422872,false,1785246422913,LeaderAccept
1785246422907,false,1785246422948,LeaderAccept
1785246422943,true,1785246422984,LeaderAccept
1785246422981,false,1785246423022,LeaderAccept
1785246423018,false,1785246423060,LeaderAccept
1785246423058,false,1785246423098,LeaderAccept
1785246423097,false,1785246423138,LeaderAccept
1785246423137,false,1785246423179,LeaderAccept
1785246423178,false,1785246423219,LeaderAccept
1785246423219,true,1785246423260,LeaderAccept
1785246423261,false,1785246423303,LeaderAccept
1785246423305,false,1785246423346,LeaderAccept
1785246423349,false,1785246423390,LeaderAccept
1785246423396,false,1785246423437,LeaderAccept
1785246423442,true,1785246423483,LeaderAccept
1785246423489,true,1785246423531,LeaderAccept
1785246423538,true,1785246423580,LeaderAccept
1785246423588,true,1785246423629,LeaderAccept
1785246423639,true,1785246423681,LeaderAccept
1785246423692,false,1785246423734,LeaderAccept
1785246423746,true,1785246423788,LeaderAccept
1785246423801,true,1785246423842,LeaderAccept
1785246423857,true,1785246423898,LeaderAccept
1785246423915,false,1785246423956,LeaderAccept
1785246423975,false,1785246424017,LeaderAccept
1785246424037,true,1785246424078,LeaderAccept
1785246424100,true,1785246424142,LeaderAccept
1785246424166,true,1785246424208,LeaderAccept
1785246424234,true,1785246424275,LeaderAccept
1785246424304,false,1785246424346,LeaderAccept
1785246424376,true,1785246424417,LeaderAccept
1785246424451,false,1785246424493,LeaderAccept
1785246424529,true,1785246424571,LeaderAccept
1785246424610,false,1785246424651,LeaderAccept
1785246424694,true,1785246424736,LeaderAccept
1785246424782,false,1785246424824,LeaderAccept
1785246424874,false,1785246424916,LeaderAccept
1785246424970,false,1785246425012,LeaderAccept
1785246425072,false,1785246425114,LeaderAccept
1785246425177,false,1785246425219,LeaderAccept
1785246425289,false,1785246425331,LeaderAccept
1785246425407,false,1785246425449,LeaderAccept
1785246425532,true,1785246425573,LeaderAccept
1785246425666,false,1785246425707,LeaderAccept
1785246425808,true,1785246425849,LeaderAccept
1785246425960,false,1785246426002,LeaderAccept
1785246426125,false,1785246426167,LeaderAccept
1785246426304,false,1785246426346,LeaderAccept
1785246426499,false,1785246426541,LeaderAccept
1785246426714,false,1785246426755,LeaderAccept
1785246426953,false,1785246426994,LeaderAccept
1785246427222,false,1785246427261,FastAccept
1785246427530,false,1785246427569,FastAccept
1785246427889,false,1785246427928,FastAccept
1785246428319,true,1785246428358,FastAccept
1785246428852,true,1785246428891,FastAccept
1785246429546,false,1785246429585,FastAccept
1785246430527,false,1785246430565,FastAccept
1785246432130,true,1785246432177,LeaderAccept
1785246435702,false,1785246435744,LeaderAccept
1785246450853,false,1785246450895,LeaderAccept
1785246450882,true,1785246450923,LeaderAccept
1785246450911,true,1785246450951,LeaderAccept
1785246450940,true,1785246450982,LeaderAccept
1785246450970,false,1785246451012,LeaderAccept
1785246451000,true,1785246451041,LeaderAccept
1785246451030,true,1785246451071,LeaderAccept
1785246451061,true,1785246451102,LeaderAccept
1785246451092,false,1785246451134,LeaderAccept
1785246451124,true,1785246451166,LeaderAccept
1785246451157,true,1785246451198,LeaderAccept
1785246451189,true,1785246451230,LeaderAccept
1785246451222,true,1785246451264,LeaderAccept
1785246451256,false,1785246451298,LeaderAccept
1785246451291,true,1785246451333,LeaderAccept
1785246451326,true,1785246451368,LeaderAccept
1785246451362,true,1785246451404,LeaderAccept
1785246451398,true,1785246451440,LeaderAccept
1785246451435,false,1785246451476,LeaderAccept
1785246451473,true,1785246451514,LeaderAccept
1785246451511,false,1785246451553,LeaderAccept
1785246451550,false,1785246451591,LeaderAccept
1785246451590,false,1785246451631,LeaderAccept
1785246451631,false,1785246451672,LeaderAccept
1785246451673,false,1785246451715,LeaderAccept
1785246451715,false,1785246451756,LeaderAccept
1785246451758,true,1785246451799,LeaderAccept
1785246451802,false,1785246451843,LeaderAccept
1785246451848,false,1785246451889,LeaderAccept
1785246451893,false,1785246451935,LeaderAccept
1785246451940,false,1785246451982,LeaderAccept
1785246451988,false,1785246452029,LeaderAccept
1785246452039,true,1785246452080,LeaderAccept
1785246452090,true,1785246452131,LeaderAccept
1785246452142,false,1785246452183,LeaderAccept
1785246452195,false,1785246452237,LeaderAccept
1785246452250,true,1785246452292,LeaderAccept
1785246452306,false,1785246452348,LeaderAccept
1785246452364,false,1785246452406,LeaderAccept
1785246452423,true,1785246452465,LeaderAccept
1785246452484,true,1785246452526,LeaderAccept
1785246452547,false,1785246452589,LeaderAccept
1785246452612,true,1785246452654,LeaderAccept
1785246452679,true,1785246452721,LeaderAccept
1785246452748,true,1785246452790,LeaderAccept
1785246452821,true,1785246452862,LeaderAccept
1785246452895,true,1785246452937,LeaderAccept
1785246452972,false,1785246453014,LeaderAccept
1785246453052,true,1785246453094,LeaderAccept
1785246453135,true,1785246453177,LeaderAccept
1785246453222,true,1785246453264,LeaderAccept
1785246453312,false,1785246453353,LeaderAccept
1785246453406,false,1785246453448,LeaderAccept
1785246453505,false,1785246453547,LeaderAccept
1785246453609,true,1785246453651,LeaderAccept
1785246453719,false,1785246453761,LeaderAccept
1785246453835,false,1785246453877,LeaderAccept
1785246453957,false,1785246453999,LeaderAccept
1785246454088,true,1785246454129,LeaderAccept
1785246454226,true,1785246454268,LeaderAccept
1785246454375,false,1785246454417,LeaderAccept
1785246454536,false,1785246454577,LeaderAccept
1785246454709,false,1785246454750,LeaderAccept
1785246454898,false,1785246454940,LeaderAccept
1785246455105,false,1785246455147,LeaderAccept
1785246455335,true,1785246455377,LeaderAccept
1785246455594,true,1785246455635,LeaderAccept
1785246455887,false,1785246455928,LeaderAccept
1785246456226,false,1785246456267,LeaderAccept
1785246456627,true,1785246456668,LeaderAccept
1785246457117,true,1785246457158,LeaderAccept
1785246457743,true,1785246457785,LeaderAccept
1785246458599,true,1785246458641,LeaderAccept
1785246459912,true,1785246459953,LeaderAccept
1785246462443,true,1785246462484,LeaderAccept
1785246471407,true,1785246471448,LeaderAccept
1785246474110,false,1785246474151,LeaderAccept
1785246474131,false,1785246474172,LeaderAccept
1785246474151,false,1785246474193,LeaderAccept
1785246474172,false,1785246474213,LeaderAccept
1785246474192,false,1785246474234,LeaderAccept
1785246474213,false,1785246474254,LeaderAccept
1785246474234,false,1785246474275,LeaderAccept
1785246474255,false,1785246474296,LeaderAccept
1785246474277,true,1785246474318,LeaderAccept
1785246474299,true,1785246474341,LeaderAccept
1785246474322,true,1785246474364,LeaderAccept
1785246474345,false,1785246474387,LeaderAccept
1785246474368,false,1785246474409,LeaderAccept
1785246474391,false,1785246474433,LeaderAccept
1785246474414,true,1785246474456,LeaderAccept
1785246474438,false,1785246474479,LeaderAccept
1785246474461,true,1785246474502,LeaderAccept
1785246474485,true,1785246474526,LeaderAccept
1785246474509,true,1785246474551,LeaderAccept
1785246474534,false,1785246474575,LeaderAccept
1785246474559,true,1785246474600,LeaderAccept
1785246474585,true,1785246474625,LeaderAccept
1785246474610,false,1785246474651,LeaderAccept
1785246474636,true,1785246474677,LeaderAccept
1785246474663,false,1785246474704,LeaderAccept
1785246474689,true,1785246474730,LeaderAccept
1785246474715,false,1785246474755,LeaderAccept
1785246474742,false,1785246474784,LeaderAccept
1785246474770,true,1785246474811,LeaderAccept
1785246474797,true,1785246474838,LeaderAccept
1785246474825,false,1785246474867,LeaderAccept
1785246474854,true,1785246474896,LeaderAccept
1785246474883,true,1785246474925,LeaderAccept
1785246474913,true,1785246474954,LeaderAccept
1785246474942,false,1785246474984,LeaderAccept
1785246474972,false,1785246475015,LeaderAccept
1785246475003,true,1785246475044,LeaderAccept
1785246475034,false,1785246475076,LeaderAccept
1785246475065,false,1785246475106,LeaderAccept
1785246475097,true,1785246475138,LeaderAccept
1785246475129,false,1785246475171,LeaderAccept
1785246475162,true,1785246475203,LeaderAccept
1785246475195,false,1785246475236,LeaderAccept
1785246475229,false,1785246475271,LeaderAccept
1785246475265,false,1785246475306,LeaderAccept
1785246475300,false,1785246475342,LeaderAccept
1785246475336,true,1785246475378,LeaderAccept
1785246475373,false,1785246475415,LeaderAccept
1785246475410,true,1785246475452,LeaderAccept
1785246475448,false,1785246475489,LeaderAccept
1785246475487,true,1785246475529,LeaderAccept
1785246475526,false,1785246475567,LeaderAccept
1785246475566,true,1785246475607,LeaderAccept
1785246475606,false,1785246475648,LeaderAccept
1785246475648,false,1785246475689,LeaderAccept
1785246475690,false,1785246475732,LeaderAccept
1785246475734,true,1785246475775,LeaderAccept
1785246475778,true,1785246475820,LeaderAccept
1785246475824,true,1785246475865,LeaderAccept
1785246475870,true,1785246475912,LeaderAccept
1785246475918,true,1785246475959,LeaderAccept
1785246475966,true,1785246476007,LeaderAccept
1785246476015,true,1785246476057,LeaderAccept
1785246476066,false,1785246476108,LeaderAccept
1785246476118,true,1785246476160,LeaderAccept
1785246476171,true,1785246476212,LeaderAccept
1785246476226,true,1785246476267,LeaderAccept
1785246476282,true,1785246476324,LeaderAccept
1785246476340,false,1785246476382,LeaderAccept
1785246476400,true,1785246476442,LeaderAccept
1785246476461,true,1785246476502,LeaderAccept
1785246476525,false,1785246476566,LeaderAccept
1785246476590,false,1785246476631,LeaderAccept
1785246476657,true,1785246476699,LeaderAccept
1785246476726,false,1785246476767,LeaderAccept
1785246476797,false,1785246476839,LeaderAccept
1785246476871,false,1785246476913,LeaderAccept
1785246476948,false,1785246476989,LeaderAccept
1785246477029,false,1785246477070,LeaderAccept
1785246477112,true,1785246477154,LeaderAccept
1785246477199,false,1785246477241,LeaderAccept
1785246477290,true,1785246477332,LeaderAccept
1785246477385,true,1785246477427,LeaderAccept
1785246477484,false,1785246477525,LeaderAccept
1785246477589,true,1785246477630,LeaderAccept
1785246477700,false,1785246477741,LeaderAccept
1785246477816,false,1785246477857,LeaderAccept
1785246477940,false,1785246477981,LeaderAccept
1785246478071,false,1785246478112,LeaderAccept
1785246478210,true,1785246478253,LeaderAccept
1785246478360,false,1785246478402,LeaderAccept
1785246478521,true,1785246478562,LeaderAccept
1785246478696,true,1785246478738,LeaderAccept
1785246478887,true,1785246478928,LeaderAccept
1785246479096,true,1785246479137,LeaderAccept
1785246479328,true,1785246479370,LeaderAccept
1785246479589,false,1785246479631,LeaderAccept
1785246479886,true,1785246479925,FastAccept
1785246480231,false,1785246480270,FastAccept
1785246480641,true,1785246480679,FastAccept
1785246481143,true,1785246481182,FastAccept
1785246481788,true,1785246481827,FastAccept
1785246482679,false,1785246482718,FastAccept
1785246484069,false,1785246484137,LeaderAccept
1785246486851,true,1785246486893,LeaderAccept
1785246498032,false,1785246498073,LeaderAccept
1785246518323,false,1785246518396,LeaderAccept
1785246518343,true,1785246518395,LeaderAccept
1785246518363,true,1785246518405,LeaderAccept
1785246518385,true,1785246518426,LeaderAccept
1785246518405,true,1785246518446,LeaderAccept
1785246518426,false,1785246518467,LeaderAccept
1785246518447,false,1785246518488,LeaderAccept
1785246518468,true,1785246518509,LeaderAccept
1785246518489,true,1785246518532,LeaderAccept
1785246518511,false,1785246518552,LeaderAccept
1785246518533,true,1785246518574,LeaderAccept
1785246518555,false,1785246518596,LeaderAccept
1785246518578,true,1785246518620,LeaderAccept
1785246518601,true,1785246518643,LeaderAccept
1785246518624,false,1785246518665,LeaderAccept
1785246518647,true,1785246518689,LeaderAccept
1785246518671,false,1785246518713,LeaderAccept
1785246518695,true,1785246518737,LeaderAccept
1785246518720,false,1785246518762,LeaderAccept
1785246518744,true,1785246518786,LeaderAccept
1785246518769,false,1785246518810,LeaderAccept
1785246518794,true,1785246518835,LeaderAccept
1785246518819,false,1785246518861,LeaderAccept
1785246518845,false,1785246518887,LeaderAccept
1785246518871,true,1785246518912,LeaderAccept
1785246518897,false,1785246518938,LeaderAccept
1785246518924,true,1785246518965,LeaderAccept
1785246518951,false,1785246518992,LeaderAccept
1785246518978,false,1785246519020,LeaderAccept
1785246519006,false,1785246519047,LeaderAccept
1785246519034,true,1785246519076,LeaderAccept
1785246519062,true,1785246519104,LeaderAccept
1785246519091,false,1785246519133,LeaderAccept
1785246519120,false,1785246519161,LeaderAccept
1785246519150,true,1785246519192,LeaderAccept
1785246519180,false,1785246519221,LeaderAccept
1785246519210,false,1785246519251,LeaderAccept
1785246519241,false,1785246519283,LeaderAccept
1785246519272,true,1785246519314,LeaderAccept
1785246519304,false,1785246519346,LeaderAccept
1785246519336,true,1785246519378,LeaderAccept
1785246519369,false,1785246519411,LeaderAccept
1785246519402,false,1785246519443,LeaderAccept
1785246519436,true,1785246519478,LeaderAccept
1785246519470,false,1785246519512,LeaderAccept
1785246519505,false,1785246519547,LeaderAccept
1785246519541,false,1785246519583,LeaderAccept
1785246519577,true,1785246519618,LeaderAccept
1785246519614,false,1785246519656,LeaderAccept
1785246519652,false,1785246519694,LeaderAccept
1785246519690,false,1785246519732,LeaderAccept
1785246519729,true,1785246519770,LeaderAccept
1785246519768,false,1785246519810,LeaderAccept
1785246519809,false,1785246519851,LeaderAccept
1785246519851,true,1785246519893,LeaderAccept
1785246519893,false,1785246519934,LeaderAccept
1785246519936,false,1785246519978,LeaderAccept
1785246519980,true,1785246520021,LeaderAccept
1785246520025,true,1785246520067,LeaderAccept
1785246520071,true,1785246520113,LeaderAccept
1785246520118,true,1785246520160,LeaderAccept
1785246520166,false,1785246520208,LeaderAccept
1785246520215,false,1785246520256,LeaderAccept
1785246520265,true,1785246520308,LeaderAccept
1785246520317,true,1785246520359,LeaderAccept
1785246520370,false,1785246520412,LeaderAccept
1785246520424,true,1785246520466,LeaderAccept
1785246520480,true,1785246520522,LeaderAccept
1785246520537,false,1785246520578,LeaderAccept
1785246520596,false,1785246520638,LeaderAccept
1785246520656,true,1785246520697,LeaderAccept
1785246520718,true,1785246520759,LeaderAccept
1785246520782,true,1785246520823,LeaderAccept
1785246520848,true,1785246520890,LeaderAccept
1785246520917,false,1785246520959,LeaderAccept
1785246520988,true,1785246521029,LeaderAccept
1785246521062,true,1785246521103,LeaderAccept
1785246521138,false,1785246521180,LeaderAccept
1785246521218,false,1785246521259,LeaderAccept
1785246521300,false,1785246521342,LeaderAccept
1785246521386,false,1785246521428,LeaderAccept
1785246521476,false,1785246521517,LeaderAccept
1785246521569,false,1785246521611,LeaderAccept
1785246521667,false,1785246521709,LeaderAccept
1785246521770,false,1785246521811,LeaderAccept
1785246521878,true,1785246521919,LeaderAccept
1785246521992,false,1785246522034,LeaderAccept
1785246522113,false,1785246522155,LeaderAccept
1785246522241,false,1785246522283,LeaderAccept
1785246522379,true,1785246522420,LeaderAccept
1785246522525,false,1785246522567,LeaderAccept
1785246522683,true,1785246522725,LeaderAccept
1785246522854,false,1785246522896,LeaderAccept
1785246523039,false,1785246523081,LeaderAccept
1785246523242,true,1785246523284,LeaderAccept
1785246523467,true,1785246523509,LeaderAccept
1785246523718,false,1785246523760,LeaderAccept
1785246524003,true,1785246524045,LeaderAccept
1785246524332,false,1785246524371,FastAccept
1785246524719,true,1785246524768,LeaderAccept
1785246525188,false,1785246525226,FastAccept
1785246525780,false,1785246525819,FastAccept
1785246526576,false,1785246526615,FastAccept
1785246527762,false,1785246527801,FastAccept
1785246529905,true,1785246529944,FastAccept
1785246532302,false,1785246532341,FastAccept
1785246532340,true,1785246532379,FastAccept
1785246532379,false,1785246532418,FastAccept
1785246532419,true,1785246532458,FastAccept
1785246532459,true,1785246532497,FastAccept
1785246532501,false,1785246532540,FastAccept
1785246532544,true,1785246532583,FastAccept
1785246532588,false,1785246532627,FastAccept
1785246532633,false,1785246532672,FastAccept
1785246532679,true,1785246532718,FastAccept
1785246532726,false,1785246532765,FastAccept
1785246532774,true,1785246532813,FastAccept
1785246532822,true,1785246532860,FastAccept
1785246532872,true,1785246532911,FastAccept
1785246532922,true,1785246532961,FastAccept
1785246532974,false,1785246533013,FastAccept
1785246533027,true,1785246533066,FastAccept
1785246533082,true,1785246533121,FastAccept
1785246533138,true,1785246533177,FastAccept
1785246533196,true,1785246533235,FastAccept
1785246533256,false,1785246533295,FastAccept
1785246533318,true,1785246533357,FastAccept
1785246533381,true,1785246533420,FastAccept
1785246533446,false,1785246533485,FastAccept
1785246533514,false,1785246533553,FastAccept
1785246533584,true,1785246533623,FastAccept
1785246533656,false,1785246533695,FastAccept
1785246533731,false,1785246533770,FastAccept
1785246533809,true,1785246533848,FastAccept
1785246533891,true,1785246533929,FastAccept
1785246533975,true,1785246534014,FastAccept
1785246534062,true,1785246534101,FastAccept
1785246534154,false,1785246534193,FastAccept
1785246534251,true,1785246534289,FastAccept
1785246534352,true,1785246534390,FastAccept
1785246534458,false,1785246534496,FastAccept
1785246534569,false,1785246534609,FastAccept
1785246534687,false,1785246534725,FastAccept
1785246534811,true,1785246534849,FastAccept
1785246534943,true,1785246534982,FastAccept
1785246535084,true,1785246535124,FastAccept
1785246535236,true,1785246535275,FastAccept
1785246535399,false,1785246535438,FastAccept
1785246535576,true,1785246535615,FastAccept
1785246535770,true,1785246535809,FastAccept
1785246535984,true,1785246536023,FastAccept
1785246536221,true,1785246536260,FastAccept
1785246536488,false,1785246536527,FastAccept
1785246536794,false,1785246536839,FastAccept
1785246537148,true,1785246537186,FastAccept
1785246537571,true,1785246537612,LeaderAccept
1785246538095,true,1785246538136,LeaderAccept
1785246538774,false,1785246538813,FastAccept
1785246539727,false,1785246539766,FastAccept
1785246541262,false,1785246541300,FastAccept
1785246544567,true,1785246544606,FastAccept
1785246545066,true,1785246545105,FastAccept
1785246545094,false,1785246545132,FastAccept
1785246545123,true,1785246545161,FastAccept
1785246545152,false,1785246545191,FastAccept
1785246545181,false,1785246545220,FastAccept
1785246545211,false,1785246545249,FastAccept
1785246545241,true,1785246545279,FastAccept
1785246545271,true,1785246545310,FastAccept
1785246545302,true,1785246545340,FastAccept
1785246545333,false,1785246545372,FastAccept
1785246545365,true,1785246545404,FastAccept
1785246545399,true,1785246545437,FastAccept
1785246545431,true,1785246545470,FastAccept
1785246545465,true,1785246545503,FastAccept
1785246545499,true,1785246545537,FastAccept
1785246545533,true,1785246545572,FastAccept
1785246545569,false,1785246545607,FastAccept
1785246545604,true,1785246545643,FastAccept
1785246545640,false,1785246545679,FastAccept
1785246545678,false,1785246545716,FastAccept
1785246545715,false,1785246545753,FastAccept
1785246545753,false,1785246545792,FastAccept
1785246545792,true,1785246545830,FastAccept
1785246545832,false,1785246545870,FastAccept
1785246545873,true,1785246545911,FastAccept
1785246545914,true,1785246545953,FastAccept
1785246545956,false,1785246545995,FastAccept
1785246545999,false,1785246546038,FastAccept
1785246546043,true,1785246546082,FastAccept
1785246546088,true,1785246546127,FastAccept
1785246546134,true,1785246546172,FastAccept
1785246546180,true,1785246546218,FastAccept
1785246546229,false,1785246546267,FastAccept
1785246546277,true,1785246546316,FastAccept
1785246546327,true,1785246546366,FastAccept
1785246546378,false,1785246546417,FastAccept
1785246546431,false,1785246546470,FastAccept
1785246546485,false,1785246546524,FastAccept
1785246546541,false,1785246546580,FastAccept
1785246546598,false,1785246546662,SlowAccept
1785246546656,false,1785246546707,LeaderAccept
1785246546717,false,1785246546755,FastAccept
1785246546779,false,1785246546818,FastAccept
1785246546845,false,1785246546883,FastAccept
1785246546912,false,1785246546951,FastAccept
1785246546980,false,1785246547019,FastAccept
1785246547051,true,1785246547089,FastAccept
1785246547124,true,1785246547162,FastAccept
1785246547200,false,1785246547238,FastAccept
1785246547278,false,1785246547317,FastAccept
1785246547360,true,1785246547399,FastAccept
1785246547445,true,1785246547484,FastAccept
1785246547534,true,1785246547573,FastAccept
1785246547627,false,1785246547665,FastAccept
1785246547724,false,1785246547762,FastAccept
1785246547826,false,1785246547865,FastAccept
1785246547934,false,1785246547973,FastAccept
1785246548047,false,1785246548086,FastAccept
1785246548168,false,1785246548206,FastAccept
1785246548295,false,1785246548334,FastAccept
1785246548430,false,1785246548469,FastAccept
1785246548575,true,1785246548613,FastAccept
1785246548730,false,1785246548768,FastAccept
1785246548898,false,1785246548937,FastAccept
1785246549081,false,1785246549120,FastAccept
1785246549281,true,1785246549320,FastAccept
1785246549502,true,1785246549541,FastAccept
1785246549749,false,1785246549788,FastAccept
1785246550029,false,1785246550068,FastAccept
1785246550349,false,1785246550388,FastAccept
1785246550726,true,1785246550764,FastAccept
1785246551180,false,1785246551219,FastAccept
1785246551749,false,1785246551787,FastAccept
1785246552505,false,1785246552544,FastAccept
1785246553609,false,1785246553649,LeaderAccept
1785246555525,true,1785246555568,LeaderAccept
1785246560519,false,1785246560558,FastAccept
1785246586036,false,1785246586078,LeaderAccept
1785246586057,true,1785246586098,LeaderAccept
1785246586078,true,1785246586119,LeaderAccept
1785246586099,true,1785246586140,LeaderAccept
1785246586120,true,1785246586161,LeaderAccept
1785246586141,false,1785246586182,LeaderAccept
1785246586163,true,1785246586204,LeaderAccept
1785246586185,true,1785246586226,LeaderAccept
1785246586207,true,1785246586248,LeaderAccept
1785246586229,true,1785246586270,LeaderAccept
1785246586252,true,1785246586293,LeaderAccept
1785246586276,true,1785246586316,LeaderAccept
1785246586299,false,1785246586340,LeaderAccept
1785246586323,true,1785246586363,LeaderAccept
1785246586347,false,1785246586387,LeaderAccept
1785246586371,false,1785246586411,LeaderAccept
1785246586396,true,1785246586437,LeaderAccept
1785246586420,true,1785246586462,LeaderAccept
1785246586445,false,1785246586486,LeaderAccept
1785246586470,false,1785246586511,LeaderAccept
1785246586495,true,1785246586536,LeaderAccept
1785246586521,true,1785246586562,LeaderAccept
1785246586547,true,1785246586588,LeaderAccept
1785246586573,false,1785246586614,LeaderAccept
1785246586600,true,1785246586641,LeaderAccept
1785246586627,true,1785246586668,LeaderAccept
1785246586655,false,1785246586697,LeaderAccept
1785246586683,true,1785246586724,LeaderAccept
1785246586711,false,1785246586752,LeaderAccept
1785246586740,true,1785246586781,LeaderAccept
1785246586768,true,1785246586809,LeaderAccept
1785246586797,true,1785246586839,LeaderAccept
1785246586827,false,1785246586868,LeaderAccept
1785246586857,false,1785246586897,LeaderAccept
1785246586887,true,1785246586929,LeaderAccept
1785246586919,false,1785246586959,LeaderAccept
1785246586950,true,1785246586991,LeaderAccept
1785246586983,true,1785246587023,LeaderAccept
1785246587015,false,1785246587057,LeaderAccept
1785246587048,true,1785246587089,LeaderAccept
1785246587082,true,1785246587124,LeaderAccept
1785246587116,false,1785246587157,LeaderAccept
1785246587151,true,1785246587192,LeaderAccept
1785246587186,false,1785246587228,LeaderAccept
1785246587222,true,1785246587263,LeaderAccept
1785246587258,true,1785246587299,LeaderAccept
1785246587295,false,1785246587336,LeaderAccept
1785246587334,false,1785246587375,LeaderAccept
1785246587373,false,1785246587414,LeaderAccept
1785246587412,true,1785246587453,LeaderAccept
1785246587452,false,1785246587493,LeaderAccept
1785246587493,true,1785246587534,LeaderAccept
1785246587535,false,1785246587576,LeaderAccept
1785246587579,true,1785246587620,LeaderAccept
1785246587622,false,1785246587664,LeaderAccept
1785246587666,false,1785246587708,LeaderAccept
1785246587711,false,1785246587752,LeaderAccept
1785246587757,true,1785246587799,LeaderAccept
1785246587804,true,1785246587846,LeaderAccept
1785246587852,false,1785246587894,LeaderAccept
1785246587901,false,1785246587943,LeaderAccept
1785246587952,false,1785246587994,LeaderAccept
1785246588004,false,1785246588042,FastAccept
1785246588058,false,1785246588112,LeaderAccept
1785246588112,true,1785246588159,LeaderAccept
1785246588169,true,1785246588234,SlowAccept
1785246588226,true,1785246588264,FastAccept
1785246588285,true,1785246588324,FastAccept
1785246588347,true,1785246588386,FastAccept
1785246588410,false,1785246588449,FastAccept
1785246588475,false,1785246588513,FastAccept
1785246588542,true,1785246588581,FastAccept
1785246588611,true,1785246588649,FastAccept
1785246588683,true,1785246588722,FastAccept
1785246588757,true,1785246588796,FastAccept
1785246588834,true,1785246588873,FastAccept
1785246588914,false,1785246588952,FastAccept
1785246588997,false,1785246589063,SlowAccept
1785246589085,true,1785246589123,FastAccept
1785246589175,false,1785246589213,FastAccept
1785246589270,false,1785246589310,FastAccept
1785246589370,true,1785246589416,FastAccept
1785246589474,false,1785246589513,FastAccept
1785246589584,false,1785246589623,FastAccept
1785246589700,false,1785246589739,FastAccept
1785246589823,true,1785246589869,FastAccept
1785246589954,false,1785246589993,FastAccept
1785246590094,true,1785246590133,FastAccept
1785246590243,true,1785246590282,FastAccept
1785246590404,false,1785246590444,FastAccept
1785246590579,true,1785246590618,FastAccept
1785246590770,false,1785246590808,FastAccept
1785246590979,true,1785246591018,FastAccept
1785246591211,true,1785246591250,FastAccept
1785246591473,true,1785246591511,FastAccept
1785246591770,true,1785246591820,LeaderAccept
1785246592114,false,1785246592164,LeaderAccept
1785246592525,true,1785246592566,LeaderAccept
1785246593026,false,1785246593079,LeaderAccept
1785246593671,false,1785246593710,FastAccept
1785246594561,true,1785246594599,FastAccept
1785246595948,true,1785246595987,FastAccept
