request_time,write,response_time,accept_status
1785415312496,true,1785415312565,LeaderAccept
1785415313037,true,1785415313105,LeaderAccept
1785415313745,false,1785415313814,LeaderAccept
1785415314753,false,1785415314822,LeaderAccept
1785415316421,true,1785415316490,LeaderAccept
1785415320258,true,1785415320327,LeaderAccept
1785415320632,true,1785415320700,LeaderAccept
1785415320668,true,1785415320737,LeaderAccept
1785415320706,true,1785415320775,LeaderAccept
1785415320744,false,1785415320813,LeaderAccept
1785415320783,true,1785415320851,LeaderAccept
1785415320822,true,1785415320889,LeaderAccept
1785415320862,true,1785415320930,LeaderAccept
1785415320903,true,1785415320971,LeaderAccept
1785415320944,true,1785415321012,LeaderAccept
1785415320987,true,1785415321054,LeaderAccept
1785415321031,true,1785415321099,LeaderAccept
1785415321075,true,1785415321142,LeaderAccept
1785415321120,true,1785415321188,LeaderAccept
1785415321167,true,1785415321235,LeaderAccept
1785415321214,false,1785415321283,LeaderAccept
1785415321263,false,1785415321332,LeaderAccept
1785415321313,true,1785415321381,LeaderAccept
1785415321364,true,1785415321432,LeaderAccept
1785415321416,true,1785415321485,LeaderAccept
1785415321470,true,1785415321537,LeaderAccept
1785415321525,false,1785415321594,LeaderAccept
1785415321582,false,1785415321650,LeaderAccept
1785415321640,true,1785415321708,LeaderAccept
1785415321700,false,1785415321768,LeaderAccept
1785415321761,true,1785415321829,LeaderAccept
1785415321823,false,1785415321891,LeaderAccept
1785415321889,true,1785415321957,LeaderAccept
1785415321957,false,1785415322025,LeaderAccept
1785415322025,true,1785415322093,LeaderAccept
1785415322097,true,1785415322165,LeaderAccept
1785415322172,true,1785415322241,LeaderAccept
1785415322250,true,1785415322319,LeaderAccept
1785415322331,true,1785415322400,LeaderAccept
1785415322416,true,1785415322484,LeaderAccept
1785415322503,true,1785415322571,LeaderAccept
1785415322595,true,1785415322663,LeaderAccept
1785415322690,true,1785415322759,LeaderAccept
1785415322791,false,1785415322859,LeaderAccept
1785415322896,false,1785415322964,LeaderAccept
1785415323007,false,1785415323076,LeaderAccept
1785415323124,true,1785415323192,LeaderAccept
1785415323248,true,1785415323316,LeaderAccept
1785415323380,false,1785415323448,LeaderAccept
1785415323521,false,1785415323589,LeaderAccept
1785415323672,true,1785415323740,LeaderAccept
1785415323835,true,1785415323904,LeaderAccept
1785415324012,false,1785415324081,LeaderAccept
1785415324205,false,1785415324274,LeaderAccept
1785415324418,false,1785415324487,LeaderAccept
1785415324654,true,1785415324722,LeaderAccept
1785415324920,true,1785415324989,LeaderAccept
1785415325223,false,1785415325292,LeaderAccept
1785415325576,false,1785415325629,FastAccept
1785415325996,true,1785415326049,FastAccept
1785415326514,true,1785415326567,FastAccept
1785415327185,false,1785415327253,LeaderAccept
1785415328123,false,1785415328191,LeaderAccept
1785415329621,false,1785415329689,LeaderAccept
1785415332787,true,1785415332855,LeaderAccept
1785415348208,false,1785415348275,LeaderAccept
1785415377148,false,1785415377207,FastAccept
1785415377164,false,1785415377224,FastAccept
1785415377182,false,1785415377241,FastAccept
1785415377198,false,1785415377258,FastAccept
1785415377215,false,1785415377274,FastAccept
1785415377233,true,1785415377293,FastAccept
1785415377251,false,1785415377311,FastAccept
1785415377269,true,1785415377328,FastAccept
1785415377288,true,1785415377347,FastAccept
1785415377306,false,1785415377366,FastAccept
1785415377324,false,1785415377384,FastAccept
1785415377343,false,1785415377402,FastAccept
1785415377362,true,1785415377423,FastAccept
1785415377381,false,1785415377441,FastAccept
1785415377400,false,1785415377459,FastAccept
1785415377419,false,1785415377479,FastAccept
1785415377439,true,1785415377498,FastAccept
1785415377459,false,1785415377518,FastAccept
1785415377479,false,1785415377538,FastAccept
1785415377499,false,1785415377558,FastAccept
1785415377520,true,1785415377580,FastAccept
1785415377541,true,1785415377601,FastAccept
1785415377562,false,1785415377622,FastAccept
1785415377583,false,1785415377642,FastAccept
1785415377604,false,1785415377664,FastAccept
1785415377625,true,1785415377684,FastAccept
1785415377645,true,1785415377705,FastAccept
1785415377667,false,1785415377726,FastAccept
1785415377689,false,1785415377748,FastAccept
1785415377711,true,1785415377770,FastAccept
1785415377734,true,1785415377794,FastAccept
1785415377758,false,1785415377817,FastAccept
1785415377780,true,1785415377839,FastAccept
1785415377803,true,1785415377862,FastAccept
1785415377826,false,1785415377886,FastAccept
1785415377850,false,1785415377910,FastAccept
1785415377874,true,1785415377934,FastAccept
1785415377898,true,1785415377958,FastAccept
1785415377923,true,1785415377982,FastAccept
1785415377948,true,1785415378007,FastAccept
1785415377973,true,1785415378032,FastAccept
1785415377998,true,1785415378057,FastAccept
1785415378024,false,1785415378083,FastAccept
1785415378050,false,1785415378109,FastAccept
1785415378076,false,1785415378135,FastAccept
1785415378103,false,1785415378162,FastAccept
1785415378130,false,1785415378189,FastAccept
1785415378157,false,1785415378216,FastAccept
1785415378184,false,1785415378244,FastAccept
1785415378212,false,1785415378271,FastAccept
1785415378240,true,1785415378299,FastAccept
1785415378269,true,1785415378328,FastAccept
1785415378298,false,1785415378357,FastAccept
1785415378328,true,1785415378387,FastAccept
1785415378357,true,1785415378416,FastAccept
1785415378388,true,1785415378447,FastAccept
1785415378418,false,1785415378478,FastAccept
1785415378450,true,1785415378510,FastAccept
1785415378482,false,1785415378541,FastAccept
1785415378514,false,1785415378574,FastAccept
1785415378547,false,1785415378606,FastAccept
1785415378580,true,1785415378639,FastAccept
1785415378614,true,1785415378674,FastAccept
1785415378648,false,1785415378708,FastAccept
1785415378683,true,1785415378742,FastAccept
1785415378719,false,1785415378807,LeaderAccept
1785415378755,true,1785415378841,LeaderAccept
1785415378792,false,1785415378879,LeaderAccept
1785415378829,true,1785415378916,LeaderAccept
1785415378866,true,1785415378953,LeaderAccept
1785415378905,false,1785415378973,LeaderAccept
1785415378945,true,1785415379013,LeaderAccept
1785415378985,false,1785415379052,LeaderAccept
1785415379026,false,1785415379093,LeaderAccept
1785415379068,false,1785415379135,LeaderAccept
1785415379110,true,1785415379177,LeaderAccept
1785415379154,false,1785415379221,LeaderAccept
1785415379199,false,1785415379266,LeaderAccept
1785415379244,false,1785415379311,LeaderAccept
1785415379290,true,1785415379357,LeaderAccept
1785415379338,true,1785415379405,LeaderAccept
1785415379387,true,1785415379454,LeaderAccept
1785415379437,false,1785415379504,LeaderAccept
1785415379488,true,1785415379556,LeaderAccept
1785415379541,true,1785415379609,LeaderAccept
1785415379595,true,1785415379662,LeaderAccept
1785415379650,true,1785415379718,LeaderAccept
1785415379707,true,1785415379775,LeaderAccept
1785415379766,true,1785415379833,LeaderAccept
1785415379826,true,1785415379893,LeaderAccept
1785415379888,false,1785415379956,LeaderAccept
1785415379952,false,1785415380019,LeaderAccept
1785415380017,false,1785415380084,LeaderAccept
1785415380084,true,1785415380151,LeaderAccept
1785415380154,true,1785415380221,LeaderAccept
1785415380227,false,1785415380295,LeaderAccept
1785415380303,true,1785415380370,LeaderAccept
1785415380381,true,1785415380447,LeaderAccept
1785415380462,true,1785415380530,LeaderAccept
1785415380546,false,1785415380613,LeaderAccept
1785415380633,true,1785415380701,LeaderAccept
1785415380725,false,1785415380792,LeaderAccept
1785415380822,false,1785415380889,LeaderAccept
1785415380923,true,1785415380990,LeaderAccept
1785415381030,false,1785415381097,LeaderAccept
1785415381142,false,1785415381209,LeaderAccept
1785415381260,false,1785415381327,LeaderAccept
1785415381385,false,1785415381452,LeaderAccept
1785415381517,true,1785415381585,LeaderAccept
1785415381660,true,1785415381727,LeaderAccept
1785415381812,true,1785415381879,LeaderAccept
1785415381976,true,1785415382043,LeaderAccept
1785415382155,true,1785415382222,LeaderAccept
1785415382350,true,1785415382417,LeaderAccept
1785415382565,false,1785415382632,LeaderAccept
1785415382804,true,1785415382871,LeaderAccept
1785415383074,false,1785415383141,LeaderAccept
1785415383383,false,1785415383450,LeaderAccept
1785415383742,true,1785415383809,LeaderAccept
1785415384172,false,1785415384239,LeaderAccept
1785415384704,false,1785415384772,LeaderAccept
1785415385399,false,1785415385458,FastAccept
1785415386382,false,1785415386441,FastAccept
1785415387988,false,1785415388048,FastAccept
1785415391571,false,1785415391638,LeaderAccept
1785415397728,false,1785415397796,LeaderAccept
1785415397759,true,1785415397826,LeaderAccept
1785415397790,false,1785415397856,LeaderAccept
1785415397820,true,1785415397888,LeaderAccept
1785415397853,true,1785415397920,LeaderAccept
1785415397885,true,1785415397952,LeaderAccept
1785415397918,false,1785415397986,LeaderAccept
1785415397952,true,1785415398019,LeaderAccept
1785415397985,true,1785415398053,LeaderAccept
1785415398020,true,1785415398088,LeaderAccept
1785415398055,true,1785415398122,LeaderAccept
1785415398091,false,1785415398159,LeaderAccept
1785415398128,false,1785415398195,LeaderAccept
1785415398165,false,1785415398234,LeaderAccept
1785415398203,false,1785415398271,LeaderAccept
1785415398242,true,1785415398309,LeaderAccept
1785415398281,true,1785415398349,LeaderAccept
1785415398321,false,1785415398388,LeaderAccept
1785415398361,true,1785415398428,LeaderAccept
1785415398403,false,1785415398470,LeaderAccept
1785415398446,true,1785415398512,LeaderAccept
1785415398489,false,1785415398555,LeaderAccept
1785415398533,true,1785415398600,LeaderAccept
1785415398578,false,1785415398645,LeaderAccept
1785415398624,true,1785415398690,LeaderAccept
1785415398671,false,1785415398738,LeaderAccept
1785415398720,true,1785415398787,LeaderAccept
1785415398770,false,1785415398837,LeaderAccept
1785415398821,true,1785415398888,LeaderAccept
1785415398873,true,1785415398940,LeaderAccept
1785415398926,true,1785415398993,LeaderAccept
1785415398981,true,1785415399048,LeaderAccept
1785415399037,true,1785415399104,LeaderAccept
1785415399095,false,1785415399161,LeaderAccept
1785415399154,false,1785415399222,LeaderAccept
1785415399216,false,1785415399283,LeaderAccept
1785415399279,false,1785415399347,LeaderAccept
1785415399343,false,1785415399411,LeaderAccept
1785415399411,false,1785415399478,LeaderAccept
1785415399480,false,1785415399547,LeaderAccept
1785415399552,true,1785415399619,LeaderAccept
1785415399625,true,1785415399692,LeaderAccept
1785415399703,false,1785415399770,LeaderAccept
1785415399783,false,1785415399850,LeaderAccept
1785415399867,false,1785415399934,LeaderAccept
1785415399954,false,1785415400021,LeaderAccept
1785415400045,true,1785415400112,LeaderAccept
1785415400139,true,1785415400208,LeaderAccept
1785415400148,true,1785415400215,LeaderAccept
1785415400173,true,1785415400240,LeaderAccept
1785415400198,false,1785415400265,LeaderAccept
1785415400224,false,1785415400291,LeaderAccept
1785415400251,false,1785415400318,LeaderAccept
1785415400277,false,1785415400344,LeaderAccept
1785415400304,false,1785415400372,LeaderAccept
1785415400331,true,1785415400398,LeaderAccept
1785415400358,true,1785415400425,LeaderAccept
1785415400386,true,1785415400453,LeaderAccept
1785415400414,false,1785415400481,LeaderAccept
1785415400443,true,1785415400511,LeaderAccept
1785415400472,true,1785415400539,LeaderAccept
1785415400501,true,1785415400568,LeaderAccept
1785415400531,true,1785415400598,LeaderAccept
1785415400561,true,1785415400628,LeaderAccept
1785415400591,true,1785415400658,LeaderAccept
1785415400622,true,1785415400689,LeaderAccept
1785415400654,true,1785415400722,LeaderAccept
1785415400687,true,1785415400754,LeaderAccept
1785415400719,true,1785415400786,LeaderAccept
1785415400752,false,1785415400820,LeaderAccept
1785415400786,true,1785415400853,LeaderAccept
1785415400820,true,1785415400887,LeaderAccept
1785415400854,false,1785415400921,LeaderAccept
1785415400889,false,1785415400956,LeaderAccept
1785415400925,false,1785415400993,LeaderAccept
1785415400962,false,1785415401029,LeaderAccept
1785415400999,false,1785415401066,LeaderAccept
1785415401036,false,1785415401104,LeaderAccept
1785415401075,false,1785415401142,LeaderAccept
1785415401115,false,1785415401182,LeaderAccept
1785415401155,false,1785415401222,LeaderAccept
1785415401196,true,1785415401262,LeaderAccept
1785415401236,true,1785415401304,LeaderAccept
1785415401279,false,1785415401346,LeaderAccept
1785415401323,true,1785415401390,LeaderAccept
1785415401367,true,1785415401433,LeaderAccept
1785415401413,true,1785415401480,LeaderAccept
1785415401459,true,1785415401525,LeaderAccept
1785415401506,true,1785415401573,LeaderAccept
1785415401555,false,1785415401623,LeaderAccept
1785415401605,false,1785415401672,LeaderAccept
1785415401656,true,1785415401724,LeaderAccept
1785415401708,false,1785415401775,LeaderAccept
1785415401762,true,1785415401829,LeaderAccept
1785415401817,true,1785415401883,LeaderAccept
1785415401874,false,1785415401942,LeaderAccept
1785415401932,true,1785415401999,LeaderAccept
1785415401992,false,1785415402059,LeaderAccept
1785415402053,false,1785415402119,LeaderAccept
1785415402116,false,1785415402183,LeaderAccept
1785415402181,true,1785415402248,LeaderAccept
1785415402248,false,1785415402315,LeaderAccept
1785415402316,false,1785415402384,LeaderAccept
1785415402388,true,1785415402455,LeaderAccept
1785415402463,true,1785415402530,LeaderAccept
1785415402540,false,1785415402607,LeaderAccept
1785415402621,true,1785415402688,LeaderAccept
1785415402705,false,1785415402772,LeaderAccept
1785415402791,false,1785415402859,LeaderAccept
1785415402882,false,1785415402949,LeaderAccept
1785415402977,true,1785415403044,LeaderAccept
1785415403077,false,1785415403145,LeaderAccept
1785415403182,false,1785415403248,LeaderAccept
1785415403292,false,1785415403359,LeaderAccept
1785415403408,false,1785415403475,LeaderAccept
1785415403532,false,1785415403599,LeaderAccept
1785415403663,false,1785415403730,LeaderAccept
1785415403803,true,1785415403871,LeaderAccept
1785415403953,false,1785415404020,LeaderAccept
1785415404115,false,1785415404182,LeaderAccept
1785415404290,true,1785415404357,LeaderAccept
1785415404480,true,1785415404547,LeaderAccept
1785415404690,true,1785415404757,LeaderAccept
1785415404923,false,1785415404990,LeaderAccept
1785415405184,false,1785415405251,LeaderAccept
1785415405480,false,1785415405548,LeaderAccept
1785415405826,true,1785415405894,LeaderAccept
1785415406236,true,1785415406304,LeaderAccept
1785415406739,false,1785415406807,LeaderAccept
1785415407386,true,1785415407440,FastAccept
1785415408279,true,1785415408333,FastAccept
1785415409673,true,1785415409728,FastAccept
1785415412471,false,1785415412525,FastAccept
1785415423803,true,1785415423870,LeaderAccept
1785415425980,false,1785415426034,FastAccept
1785415425998,false,1785415426052,FastAccept
1785415426016,true,1785415426071,FastAccept
1785415426034,true,1785415426089,FastAccept
1785415426053,false,1785415426107,FastAccept
1785415426072,true,1785415426126,FastAccept
1785415426091,true,1785415426145,FastAccept
1785415426110,false,1785415426165,FastAccept
1785415426130,true,1785415426185,FastAccept
1785415426149,true,1785415426204,FastAccept
1785415426169,true,1785415426223,FastAccept
1785415426189,true,1785415426276,SlowAccept
1785415426209,false,1785415426297,SlowAccept
1785415426230,false,1785415426318,LeaderAccept
1785415426251,false,1785415426336,LeaderAccept
1785415426271,true,1785415426337,LeaderAccept
1785415426292,true,1785415426360,LeaderAccept
1785415426314,false,1785415426380,LeaderAccept
1785415426335,false,1785415426402,LeaderAccept
1785415426357,true,1785415426424,LeaderAccept
1785415426379,true,1785415426445,LeaderAccept
1785415426401,false,1785415426468,LeaderAccept
1785415426423,false,1785415426490,LeaderAccept
1785415426444,true,1785415426511,LeaderAccept
1785415426467,true,1785415426533,LeaderAccept
1785415426489,true,1785415426556,LeaderAccept
1785415426511,false,1785415426578,LeaderAccept
1785415426535,false,1785415426601,LeaderAccept
1785415426558,true,1785415426625,LeaderAccept
1785415426582,true,1785415426649,LeaderAccept
1785415426606,false,1785415426673,LeaderAccept
1785415426630,false,1785415426697,LeaderAccept
1785415426655,true,1785415426722,LeaderAccept
1785415426680,false,1785415426746,LeaderAccept
1785415426705,false,1785415426772,LeaderAccept
1785415426731,true,1785415426799,LeaderAccept
1785415426757,false,1785415426824,LeaderAccept
1785415426783,false,1785415426850,LeaderAccept
1785415426810,true,1785415426877,LeaderAccept
1785415426837,true,1785415426904,LeaderAccept
1785415426863,true,1785415426931,LeaderAccept
1785415426891,false,1785415426958,LeaderAccept
1785415426919,false,1785415426986,LeaderAccept
1785415426948,false,1785415427016,LeaderAccept
1785415426977,true,1785415427044,LeaderAccept
1785415427006,true,1785415427073,LeaderAccept
1785415427035,false,1785415427102,LeaderAccept
1785415427065,false,1785415427132,LeaderAccept
1785415427094,true,1785415427162,LeaderAccept
1785415427125,false,1785415427192,LeaderAccept
1785415427157,false,1785415427224,LeaderAccept
1785415427189,true,1785415427256,LeaderAccept
1785415427221,false,1785415427288,LeaderAccept
1785415427253,false,1785415427320,LeaderAccept
1785415427287,true,1785415427354,LeaderAccept
1785415427320,false,1785415427387,LeaderAccept
1785415427355,false,1785415427422,LeaderAccept
1785415427390,true,1785415427457,LeaderAccept
1785415427425,false,1785415427493,LeaderAccept
1785415427462,false,1785415427529,LeaderAccept
1785415427499,true,1785415427566,LeaderAccept
1785415427537,true,1785415427604,LeaderAccept
1785415427576,false,1785415427643,LeaderAccept
1785415427615,true,1785415427682,LeaderAccept
1785415427654,true,1785415427721,LeaderAccept
1785415427694,false,1785415427761,LeaderAccept
1785415427735,true,1785415427802,LeaderAccept
1785415427777,true,1785415427844,LeaderAccept
1785415427819,false,1785415427886,LeaderAccept
1785415427863,false,1785415427931,LeaderAccept
1785415427908,true,1785415427975,LeaderAccept
1785415427954,false,1785415428021,LeaderAccept
1785415428001,true,1785415428068,LeaderAccept
1785415428048,true,1785415428115,LeaderAccept
1785415428097,false,1785415428164,LeaderAccept
1785415428147,false,1785415428213,LeaderAccept
1785415428198,false,1785415428266,LeaderAccept
1785415428251,true,1785415428318,LeaderAccept
1785415428305,true,1785415428372,LeaderAccept
1785415428360,true,1785415428427,LeaderAccept
1785415428417,false,1785415428484,LeaderAccept
1785415428476,true,1785415428543,LeaderAccept
1785415428536,false,1785415428603,LeaderAccept
1785415428598,false,1785415428665,LeaderAccept
1785415428662,false,1785415428729,LeaderAccept
1785415428728,false,1785415428794,LeaderAccept
1785415428796,false,1785415428863,LeaderAccept
1785415428867,false,1785415428934,LeaderAccept
1785415428940,true,1785415429007,LeaderAccept
1785415429016,true,1785415429083,LeaderAccept
1785415429094,false,1785415429161,LeaderAccept
1785415429176,false,1785415429242,LeaderAccept
1785415429261,false,1785415429328,LeaderAccept
1785415429350,true,1785415429417,LeaderAccept
1785415429443,true,1785415429511,LeaderAccept
1785415429540,false,1785415429607,LeaderAccept
1785415429642,false,1785415429708,LeaderAccept
1785415429749,false,1785415429815,LeaderAccept
1785415429861,true,1785415429928,LeaderAccept
1785415429980,true,1785415430048,LeaderAccept
1785415430107,false,1785415430175,LeaderAccept
1785415430242,false,1785415430309,LeaderAccept
1785415430386,false,1785415430454,LeaderAccept
1785415430541,false,1785415430609,LeaderAccept
1785415430708,true,1785415430776,LeaderAccept
1785415430889,true,1785415430956,LeaderAccept
1785415431086,false,1785415431154,LeaderAccept
1785415431305,false,1785415431372,LeaderAccept
1785415431548,true,1785415431616,LeaderAccept
1785415431824,false,1785415431891,LeaderAccept
1785415432140,false,1785415432207,LeaderAccept
1785415432509,false,1785415432576,LeaderAccept
1785415432953,false,1785415433020,LeaderAccept
1785415433507,true,1785415433575,LeaderAccept
1785415434238,false,1785415434293,FastAccept
1785415435290,false,1785415435344,FastAccept
1785415437070,false,1785415437124,FastAccept
1785415441400,false,1785415441467,LeaderAccept
1785415441513,false,1785415441580,LeaderAccept
1785415441541,false,1785415441609,LeaderAccept
1785415441570,true,1785415441637,LeaderAccept
1785415441598,true,1785415441665,LeaderAccept
1785415441627,false,1785415441694,LeaderAccept
1785415441657,true,1785415441725,LeaderAccept
1785415441687,false,1785415441753,LeaderAccept
1785415441717,false,1785415441784,LeaderAccept
1785415441748,false,1785415441815,LeaderAccept
1785415441779,false,1785415441846,LeaderAccept
1785415441810,false,1785415441878,LeaderAccept
1785415441843,false,1785415441910,LeaderAccept
1785415441876,false,1785415441943,LeaderAccept
1785415441909,true,1785415441977,LeaderAccept
1785415441943,false,1785415442010,LeaderAccept
1785415441977,true,1785415442044,LeaderAccept
1785415442012,false,1785415442079,LeaderAccept
1785415442048,true,1785415442115,LeaderAccept
1785415442084,true,1785415442151,LeaderAccept
1785415442120,false,1785415442189,LeaderAccept
1785415442158,false,1785415442225,LeaderAccept
1785415442196,false,1785415442263,LeaderAccept
1785415442235,false,1785415442302,LeaderAccept
1785415442275,false,1785415442342,LeaderAccept
1785415442315,true,1785415442382,LeaderAccept
1785415442356,true,1785415442424,LeaderAccept
1785415442398,false,1785415442465,LeaderAccept
1785415442441,true,1785415442508,LeaderAccept
1785415442484,false,1785415442552,LeaderAccept
1785415442529,true,1785415442595,LeaderAccept
1785415442575,false,1785415442642,LeaderAccept
1785415442622,true,1785415442689,LeaderAccept
1785415442669,false,1785415442736,LeaderAccept
1785415442718,false,1785415442786,LeaderAccept
1785415442768,true,1785415442835,LeaderAccept
1785415442819,true,1785415442886,LeaderAccept
1785415442871,true,1785415442938,LeaderAccept
1785415442925,false,1785415442993,LeaderAccept
1785415442982,false,1785415443050,LeaderAccept
1785415443038,true,1785415443105,LeaderAccept
1785415443096,true,1785415443164,LeaderAccept
1785415443155,false,1785415443222,LeaderAccept
1785415443217,false,1785415443284,LeaderAccept
1785415443281,true,1785415443348,LeaderAccept
1785415443347,false,1785415443415,LeaderAccept
1785415443414,true,1785415443482,LeaderAccept
1785415443485,false,1785415443554,LeaderAccept
1785415443558,false,1785415443625,LeaderAccept
1785415443632,false,1785415443699,LeaderAccept
1785415443711,true,1785415443777,LeaderAccept
1785415443791,false,1785415443859,LeaderAccept
1785415443876,false,1785415443944,LeaderAccept
1785415443965,false,1785415444032,LeaderAccept
1785415444057,true,1785415444124,LeaderAccept
1785415444153,true,1785415444221,LeaderAccept
1785415444255,false,1785415444322,LeaderAccept
1785415444361,false,1785415444429,LeaderAccept
1785415444473,true,1785415444541,LeaderAccept
1785415444592,false,1785415444660,LeaderAccept
1785415444718,false,1785415444785,LeaderAccept
1785415444852,false,1785415444918,LeaderAccept
1785415444994,false,1785415445062,LeaderAccept
1785415445147,false,1785415445215,LeaderAccept
1785415445312,true,1785415445379,LeaderAccept
1785415445492,true,1785415445559,LeaderAccept
1785415445689,true,1785415445756,LeaderAccept
1785415445904,false,1785415445971,LeaderAccept
1785415446144,false,1785415446212,LeaderAccept
1785415446416,false,1785415446483,LeaderAccept
1785415446725,true,1785415446793,LeaderAccept
1785415447088,true,1785415447155,LeaderAccept
1785415447523,false,1785415447590,LeaderAccept
1785415448062,true,1785415448129,LeaderAccept
1785415448768,true,1785415448835,LeaderAccept
1785415449772,true,1785415449859,LeaderAccept
1785415451429,true,1785415451484,FastAccept
1785415455223,true,1785415455278,FastAccept
1785415477733,false,1785415477798,LeaderAccept
1785415477752,true,1785415477817,LeaderAccept
1785415477772,true,1785415477838,LeaderAccept
1785415477792,false,1785415477857,LeaderAccept
1785415477811,false,1785415477876,LeaderAccept
1785415477831,false,1785415477897,LeaderAccept
1785415477852,true,1785415477918,LeaderAccept
1785415477872,true,1785415477937,LeaderAccept
1785415477893,false,1785415477958,LeaderAccept
1785415477913,true,1785415477979,LeaderAccept
1785415477933,true,1785415477998,LeaderAccept
1785415477954,false,1785415478020,LeaderAccept
1785415477976,true,1785415478042,LeaderAccept
1785415477998,true,1785415478063,LeaderAccept
1785415478020,false,1785415478084,LeaderAccept
1785415478042,false,1785415478107,LeaderAccept
1785415478063,false,1785415478128,LeaderAccept
1785415478085,true,1785415478151,LeaderAccept
1785415478108,false,1785415478174,LeaderAccept
1785415478131,true,1785415478196,LeaderAccept
1785415478154,true,1785415478220,LeaderAccept
1785415478177,true,1785415478243,LeaderAccept
1785415478201,true,1785415478266,LeaderAccept
1785415478225,false,1785415478290,LeaderAccept
1785415478249,false,1785415478315,LeaderAccept
1785415478273,true,1785415478339,LeaderAccept
1785415478298,true,1785415478364,LeaderAccept
1785415478323,false,1785415478388,LeaderAccept
1785415478348,false,1785415478413,LeaderAccept
1785415478373,true,1785415478438,LeaderAccept
1785415478399,true,1785415478465,LeaderAccept
1785415478425,true,1785415478491,LeaderAccept
1785415478451,true,1785415478516,LeaderAccept
1785415478478,false,1785415478543,LeaderAccept
1785415478505,true,1785415478571,LeaderAccept
1785415478533,false,1785415478599,LeaderAccept
1785415478561,false,1785415478626,LeaderAccept
1785415478589,true,1785415478654,LeaderAccept
1785415478618,false,1785415478684,LeaderAccept
1785415478647,false,1785415478712,LeaderAccept
1785415478676,false,1785415478741,LeaderAccept
1785415478706,false,1785415478772,LeaderAccept
1785415478736,true,1785415478801,LeaderAccept
1785415478766,false,1785415478832,LeaderAccept
1785415478797,false,1785415478862,LeaderAccept
1785415478828,true,1785415478894,LeaderAccept
1785415478861,false,1785415478927,LeaderAccept
1785415478894,true,1785415478960,LeaderAccept
1785415478927,false,1785415478993,LeaderAccept
1785415478959,true,1785415479024,LeaderAccept
1785415478994,true,1785415479059,LeaderAccept
1785415479029,true,1785415479094,LeaderAccept
1785415479064,true,1785415479129,LeaderAccept
1785415479100,true,1785415479166,LeaderAccept
1785415479137,true,1785415479203,LeaderAccept
1785415479175,true,1785415479242,LeaderAccept
1785415479212,true,1785415479278,LeaderAccept
1785415479251,true,1785415479316,LeaderAccept
1785415479290,true,1785415479355,LeaderAccept
1785415479330,true,1785415479395,LeaderAccept
1785415479371,false,1785415479436,LeaderAccept
1785415479413,true,1785415479478,LeaderAccept
1785415479456,false,1785415479521,LeaderAccept
1785415479500,false,1785415479565,LeaderAccept
1785415479544,false,1785415479609,LeaderAccept
1785415479589,false,1785415479655,LeaderAccept
1785415479636,false,1785415479701,LeaderAccept
1785415479683,false,1785415479748,LeaderAccept
1785415479732,false,1785415479798,LeaderAccept
1785415479782,true,1785415479848,LeaderAccept
1785415479833,true,1785415479899,LeaderAccept
1785415479885,true,1785415479951,LeaderAccept
1785415479939,false,1785415480006,LeaderAccept
1785415479994,false,1785415480059,LeaderAccept
1785415480050,false,1785415480116,LeaderAccept
1785415480108,true,1785415480174,LeaderAccept
1785415480168,false,1785415480233,LeaderAccept
1785415480229,false,1785415480295,LeaderAccept
1785415480292,false,1785415480358,LeaderAccept
1785415480358,false,1785415480423,LeaderAccept
1785415480426,false,1785415480492,LeaderAccept
1785415480496,true,1785415480562,LeaderAccept
1785415480568,true,1785415480634,LeaderAccept
1785415480643,false,1785415480709,LeaderAccept
1785415480721,true,1785415480787,LeaderAccept
1785415480803,false,1785415480868,LeaderAccept
1785415480887,true,1785415480952,LeaderAccept
1785415480974,true,1785415481039,LeaderAccept
1785415481065,true,1785415481130,LeaderAccept
1785415481160,false,1785415481226,LeaderAccept
1785415481261,false,1785415481327,LeaderAccept
1785415481366,true,1785415481430,LeaderAccept
1785415481477,true,1785415481543,LeaderAccept
1785415481594,true,1785415481659,LeaderAccept
1785415481718,false,1785415481783,LeaderAccept
1785415481850,false,1785415481916,LeaderAccept
1785415481991,false,1785415482058,LeaderAccept
1785415482143,false,1785415482209,LeaderAccept
1785415482306,true,1785415482372,LeaderAccept
1785415482483,false,1785415482549,LeaderAccept
1785415482676,true,1785415482741,LeaderAccept
1785415482888,true,1785415482953,LeaderAccept
1785415483124,false,1785415483189,LeaderAccept
1785415483389,false,1785415483454,LeaderAccept
1785415483692,false,1785415483757,LeaderAccept
1785415484044,false,1785415484110,LeaderAccept
1785415484464,true,1785415484531,LeaderAccept
1785415484982,true,1785415485048,LeaderAccept
1785415485652,true,1785415485717,LeaderAccept
1785415486587,false,1785415486652,LeaderAccept
1785415488079,false,1785415488133,FastAccept
1785415491226,false,1785415491281,FastAccept
1785415506397,false,1785415506459,FastAccept
1785415509697,true,1785415509757,FastAccept
1785415509714,false,1785415509775,FastAccept
1785415509731,true,1785415509791,FastAccept
1785415509748,false,1785415509809,FastAccept
1785415509766,false,1785415509826,FastAccept
1785415509783,false,1785415509844,FastAccept
1785415509801,true,1785415509861,FastAccept
1785415509818,false,1785415509879,FastAccept
1785415509836,true,1785415509896,FastAccept
1785415509854,false,1785415509915,FastAccept
1785415509871,false,1785415509932,FastAccept
1785415509890,false,1785415509951,FastAccept
1785415509909,true,1785415509969,FastAccept
1785415509927,false,1785415509987,FastAccept
1785415509946,false,1785415510030,LeaderAccept
1785415509965,false,1785415510049,LeaderAccept
1785415509984,true,1785415510067,LeaderAccept
1785415510003,false,1785415510087,LeaderAccept
1785415510023,true,1785415510087,LeaderAccept
1785415510043,true,1785415510108,LeaderAccept
1785415510063,false,1785415510128,LeaderAccept
1785415510083,false,1785415510148,LeaderAccept
1785415510103,true,1785415510168,LeaderAccept
1785415510123,false,1785415510189,LeaderAccept
1785415510144,false,1785415510209,LeaderAccept
1785415510165,false,1785415510230,LeaderAccept
1785415510187,false,1785415510252,LeaderAccept
1785415510208,false,1785415510273,LeaderAccept
1785415510230,false,1785415510296,LeaderAccept
1785415510251,false,1785415510317,LeaderAccept
1785415510273,true,1785415510338,LeaderAccept
1785415510295,false,1785415510361,LeaderAccept
1785415510318,false,1785415510384,LeaderAccept
1785415510341,false,1785415510407,LeaderAccept
1785415510364,true,1785415510430,LeaderAccept
1785415510387,true,1785415510453,LeaderAccept
1785415510411,true,1785415510476,LeaderAccept
1785415510435,true,1785415510501,LeaderAccept
1785415510459,true,1785415510524,LeaderAccept
1785415510482,true,1785415510548,LeaderAccept
1785415510507,true,1785415510573,LeaderAccept
1785415510532,true,1785415510597,LeaderAccept
1785415510557,true,1785415510623,LeaderAccept
1785415510583,false,1785415510649,LeaderAccept
1785415510609,true,1785415510674,LeaderAccept
1785415510635,false,1785415510701,LeaderAccept
1785415510662,true,1785415510728,LeaderAccept
1785415510688,true,1785415510754,LeaderAccept
1785415510716,false,1785415510782,LeaderAccept
1785415510744,false,1785415510810,LeaderAccept
1785415510772,true,1785415510837,LeaderAccept
1785415510800,false,1785415510865,LeaderAccept
1785415510829,false,1785415510895,LeaderAccept
1785415510858,true,1785415510924,LeaderAccept
1785415510887,false,1785415510953,LeaderAccept
1785415510916,false,1785415510982,LeaderAccept
1785415510946,false,1785415511011,LeaderAccept
1785415510977,true,1785415511043,LeaderAccept
1785415511008,true,1785415511074,LeaderAccept
1785415511039,true,1785415511104,LeaderAccept
1785415511071,true,1785415511136,LeaderAccept
1785415511104,false,1785415511170,LeaderAccept
1785415511136,true,1785415511202,LeaderAccept
1785415511170,true,1785415511235,LeaderAccept
1785415511204,true,1785415511269,LeaderAccept
1785415511238,false,1785415511304,LeaderAccept
1785415511273,false,1785415511338,LeaderAccept
1785415511308,true,1785415511373,LeaderAccept
1785415511344,false,1785415511410,LeaderAccept
1785415511381,true,1785415511446,LeaderAccept
1785415511418,false,1785415511484,LeaderAccept
1785415511456,false,1785415511521,LeaderAccept
1785415511495,false,1785415511561,LeaderAccept
1785415511535,false,1785415511600,LeaderAccept
1785415511575,true,1785415511641,LeaderAccept
1785415511617,true,1785415511682,LeaderAccept
1785415511659,false,1785415511725,LeaderAccept
1785415511702,true,1785415511767,LeaderAccept
1785415511746,true,1785415511815,LeaderAccept
1785415511791,false,1785415511861,LeaderAccept
1785415511837,false,1785415511906,LeaderAccept
1785415511884,true,1785415511953,LeaderAccept
1785415511932,false,1785415512002,LeaderAccept
1785415511982,true,1785415512052,LeaderAccept
1785415512032,false,1785415512102,LeaderAccept
1785415512084,false,1785415512153,LeaderAccept
1785415512137,true,1785415512207,LeaderAccept
1785415512190,true,1785415512260,LeaderAccept
1785415512246,true,1785415512315,LeaderAccept
1785415512303,true,1785415512373,LeaderAccept
1785415512362,false,1785415512431,LeaderAccept
1785415512423,true,1785415512492,LeaderAccept
1785415512485,false,1785415512554,LeaderAccept
1785415512550,false,1785415512619,LeaderAccept
1785415512616,true,1785415512685,LeaderAccept
1785415512684,true,1785415512754,LeaderAccept
1785415512755,false,1785415512824,LeaderAccept
1785415512828,false,1785415512898,LeaderAccept
1785415512905,true,1785415512974,LeaderAccept
1785415512984,false,1785415513054,LeaderAccept
1785415513067,true,1785415513137,LeaderAccept
1785415513153,false,1785415513223,LeaderAccept
1785415513243,false,1785415513312,LeaderAccept
1785415513336,false,1785415513405,LeaderAccept
1785415513434,false,1785415513504,LeaderAccept
1785415513536,false,1785415513605,LeaderAccept
1785415513645,true,1785415513714,LeaderAccept
1785415513759,false,1785415513828,LeaderAccept
1785415513879,true,1785415513949,LeaderAccept
1785415514007,false,1785415514077,LeaderAccept
1785415514143,false,1785415514212,LeaderAccept
1785415514289,true,1785415514358,LeaderAccept
1785415514445,false,1785415514515,LeaderAccept
1785415514615,true,1785415514684,LeaderAccept
1785415514799,false,1785415514868,LeaderAccept
1785415515001,true,1785415515062,FastAccept
1785415515224,true,1785415515285,FastAccept
1785415515474,true,1785415515534,FastAccept
1785415515757,true,1785415515817,FastAccept
1785415516082,true,1785415516143,FastAccept
1785415516465,true,1785415516525,FastAccept
1785415516928,false,1785415516989,FastAccept
1785415517511,false,1785415517571,FastAccept
1785415518291,false,1785415518352,FastAccept
1785415519443,false,1785415519503,FastAccept
1785415521491,false,1785415521551,FastAccept
1785415527189,true,1785415527257,LeaderAccept
1785415530509,false,1785415530579,LeaderAccept
1785415530533,false,1785415530602,LeaderAccept
1785415530557,true,1785415530625,LeaderAccept
1785415530583,false,1785415530652,LeaderAccept
1785415530608,false,1785415530677,LeaderAccept
1785415530634,false,1785415530703,LeaderAccept
1785415530659,false,1785415530727,LeaderAccept
1785415530685,false,1785415530754,LeaderAccept
1785415530711,true,1785415530780,LeaderAccept
1785415530736,false,1785415530805,LeaderAccept
1785415530763,false,1785415530833,LeaderAccept
1785415530790,false,1785415530860,LeaderAccept
1785415530818,false,1785415530887,LeaderAccept
1785415530846,true,1785415530915,LeaderAccept
1785415530875,false,1785415530944,LeaderAccept
1785415530904,false,1785415530973,LeaderAccept
1785415530933,true,1785415531002,LeaderAccept
1785415530962,false,1785415531031,LeaderAccept
1785415530992,true,1785415531062,LeaderAccept
1785415531022,true,1785415531091,LeaderAccept
1785415531053,true,1785415531122,LeaderAccept
1785415531084,true,1785415531153,LeaderAccept
1785415531116,true,1785415531185,LeaderAccept
1785415531148,true,1785415531217,LeaderAccept
1785415531180,false,1785415531249,LeaderAccept
1785415531213,false,1785415531283,LeaderAccept
1785415531246,true,1785415531315,LeaderAccept
1785415531281,false,1785415531350,LeaderAccept
1785415531315,true,1785415531385,LeaderAccept
1785415531350,true,1785415531419,LeaderAccept
1785415531386,false,1785415531455,LeaderAccept
1785415531421,true,1785415531490,LeaderAccept
1785415531459,false,1785415531529,LeaderAccept
1785415531497,true,1785415531566,LeaderAccept
1785415531535,true,1785415531605,LeaderAccept
1785415531574,false,1785415531643,LeaderAccept
1785415531613,false,1785415531682,LeaderAccept
1785415531654,true,1785415531723,LeaderAccept
1785415531695,false,1785415531764,LeaderAccept
1785415531737,true,1785415531806,LeaderAccept
1785415531780,true,1785415531849,LeaderAccept
1785415531824,true,1785415531893,LeaderAccept
1785415531869,false,1785415531938,LeaderAccept
1785415531916,true,1785415531985,LeaderAccept
1785415531962,true,1785415532032,LeaderAccept
1785415532011,true,1785415532080,LeaderAccept
1785415532061,true,1785415532130,LeaderAccept
1785415532111,false,1785415532181,LeaderAccept
1785415532163,false,1785415532232,LeaderAccept
1785415532217,true,1785415532286,LeaderAccept
1785415532272,false,1785415532340,LeaderAccept
1785415532328,false,1785415532396,LeaderAccept
1785415532384,false,1785415532453,LeaderAccept
1785415532444,false,1785415532513,LeaderAccept
1785415532505,true,1785415532574,LeaderAccept
1785415532567,true,1785415532636,LeaderAccept
1785415532632,false,1785415532701,LeaderAccept
1785415532699,true,1785415532768,LeaderAccept
1785415532768,false,1785415532837,LeaderAccept
1785415532839,false,1785415532908,LeaderAccept
1785415532913,false,1785415532983,LeaderAccept
1785415532990,true,1785415533059,LeaderAccept
1785415533070,false,1785415533138,LeaderAccept
1785415533153,true,1785415533221,LeaderAccept
1785415533239,false,1785415533308,LeaderAccept
1785415533329,false,1785415533398,LeaderAccept
1785415533424,false,1785415533493,LeaderAccept
1785415533523,false,1785415533592,LeaderAccept
1785415533626,true,1785415533695,LeaderAccept
1785415533735,false,1785415533804,LeaderAccept
1785415533850,true,1785415533918,LeaderAccept
1785415533972,false,1785415534040,LeaderAccept
1785415534101,false,1785415534170,LeaderAccept
1785415534239,true,1785415534308,LeaderAccept
1785415534386,false,1785415534455,LeaderAccept
1785415534545,true,1785415534614,LeaderAccept
1785415534716,true,1785415534785,LeaderAccept
1785415534903,false,1785415534972,LeaderAccept
1785415535109,true,1785415535178,LeaderAccept
1785415535336,false,1785415535406,LeaderAccept
1785415535591,false,1785415535660,LeaderAccept
1785415535880,true,1785415535949,LeaderAccept
1785415536214,true,1785415536283,LeaderAccept
1785415536258,true,1785415536327,LeaderAccept
1785415536280,false,1785415536349,LeaderAccept
1785415536303,false,1785415536372,LeaderAccept
1785415536326,true,1785415536395,LeaderAccept
1785415536349,false,1785415536417,LeaderAccept
1785415536372,false,1785415536440,LeaderAccept
1785415536395,false,1785415536465,LeaderAccept
1785415536419,true,1785415536487,LeaderAccept
1785415536444,true,1785415536513,LeaderAccept
1785415536469,true,1785415536537,LeaderAccept
1785415536494,true,1785415536563,LeaderAccept
1785415536519,true,1785415536587,LeaderAccept
1785415536545,true,1785415536614,LeaderAccept
1785415536571,false,1785415536639,LeaderAccept
1785415536597,false,1785415536666,LeaderAccept
1785415536623,true,1785415536692,LeaderAccept
1785415536649,true,1785415536718,LeaderAccept
1785415536677,true,1785415536747,LeaderAccept
1785415536705,false,1785415536774,LeaderAccept
1785415536733,false,1785415536802,LeaderAccept
1785415536761,true,1785415536829,LeaderAccept
1785415536790,false,1785415536859,LeaderAccept
1785415536819,true,1785415536888,LeaderAccept
1785415536848,true,1785415536917,LeaderAccept
1785415536878,true,1785415536946,LeaderAccept
1785415536908,true,1785415536977,LeaderAccept
1785415536939,true,1785415537008,LeaderAccept
1785415536970,false,1785415537039,LeaderAccept
1785415537000,true,1785415537069,LeaderAccept
1785415537033,false,1785415537102,LeaderAccept
1785415537066,true,1785415537135,LeaderAccept
1785415537100,true,1785415537169,LeaderAccept
1785415537133,false,1785415537202,LeaderAccept
1785415537167,true,1785415537236,LeaderAccept
1785415537202,true,1785415537270,LeaderAccept
1785415537236,true,1785415537305,LeaderAccept
1785415537271,true,1785415537340,LeaderAccept
1785415537308,false,1785415537377,LeaderAccept
1785415537345,false,1785415537414,LeaderAccept
1785415537383,false,1785415537451,LeaderAccept
1785415537421,true,1785415537490,LeaderAccept
1785415537461,true,1785415537530,LeaderAccept
1785415537501,true,1785415537571,LeaderAccept
1785415537542,true,1785415537611,LeaderAccept
1785415537584,false,1785415537653,LeaderAccept
1785415537627,false,1785415537697,LeaderAccept
1785415537671,true,1785415537740,LeaderAccept
1785415537716,true,1785415537785,LeaderAccept
1785415537762,true,1785415537831,LeaderAccept
1785415537809,true,1785415537878,LeaderAccept
1785415537857,true,1785415537926,LeaderAccept
1785415537906,true,1785415537974,LeaderAccept
1785415537955,true,1785415538024,LeaderAccept
1785415538006,false,1785415538075,LeaderAccept
1785415538058,false,1785415538128,LeaderAccept
1785415538112,false,1785415538181,LeaderAccept
1785415538167,false,1785415538236,LeaderAccept
1785415538223,true,1785415538292,LeaderAccept
1785415538280,false,1785415538349,LeaderAccept
1785415538340,false,1785415538409,LeaderAccept
1785415538402,true,1785415538471,LeaderAccept
1785415538465,false,1785415538534,LeaderAccept
1785415538529,false,1785415538599,LeaderAccept
1785415538597,false,1785415538667,LeaderAccept
1785415538667,false,1785415538736,LeaderAccept
1785415538739,false,1785415538808,LeaderAccept
1785415538814,false,1785415538882,LeaderAccept
1785415538891,true,1785415538960,LeaderAccept
1785415538970,true,1785415539040,LeaderAccept
1785415539053,true,1785415539123,LeaderAccept
1785415539141,false,1785415539210,LeaderAccept
1785415539232,true,1785415539301,LeaderAccept
1785415539326,false,1785415539395,LeaderAccept
1785415539426,false,1785415539495,LeaderAccept
1785415539530,true,1785415539600,LeaderAccept
1785415539641,true,1785415539711,LeaderAccept
1785415539758,false,1785415539827,LeaderAccept
1785415539882,false,1785415539951,LeaderAccept
1785415540013,false,1785415540082,LeaderAccept
1785415540153,false,1785415540221,LeaderAccept
1785415540303,false,1785415540372,LeaderAccept
1785415540465,true,1785415540534,LeaderAccept
1785415540640,true,1785415540711,LeaderAccept
1785415540832,false,1785415540901,LeaderAccept
1785415541042,false,1785415541112,LeaderAccept
1785415541276,true,1785415541346,LeaderAccept
1785415541539,false,1785415541609,LeaderAccept
1785415541838,false,1785415541908,LeaderAccept
1785415542185,false,1785415542255,LeaderAccept
1785415542598,true,1785415542682,LeaderAccept
1785415543105,false,1785415543166,FastAccept
1785415543757,false,1785415543818,FastAccept
1785415544662,true,1785415544722,FastAccept
1785415546083,false,1785415546144,FastAccept
1785415548974,true,1785415549035,FastAccept
1785415561239,true,1785415561299,FastAccept
1785415575349,true,1785415575409,FastAccept
1785415575385,false,1785415575446,FastAccept
1785415575422,false,1785415575482,FastAccept
1785415575459,false,1785415575520,FastAccept
1785415575497,false,1785415575558,FastAccept
1785415575535,true,1785415575596,FastAccept
1785415575574,true,1785415575635,FastAccept
1785415575614,false,1785415575675,FastAccept
1785415575655,true,1785415575715,FastAccept
1785415575696,true,1785415575757,FastAccept
1785415575739,true,1785415575800,FastAccept
1785415575782,false,1785415575843,FastAccept
1785415575826,true,1785415575887,FastAccept
1785415575871,false,1785415575932,FastAccept
1785415575917,true,1785415575977,FastAccept
1785415575964,true,1785415576025,FastAccept
1785415576012,false,1785415576072,FastAccept
1785415576061,true,1785415576121,FastAccept
1785415576112,true,1785415576173,FastAccept
1785415576164,false,1785415576224,FastAccept
1785415576217,true,1785415576277,FastAccept
1785415576271,true,1785415576331,FastAccept
1785415576327,true,1785415576387,FastAccept
1785415576384,true,1785415576444,FastAccept
1785415576443,true,1785415576503,FastAccept
1785415576503,true,1785415576563,FastAccept
1785415576566,false,1785415576627,FastAccept
1785415576631,false,1785415576692,FastAccept
1785415576698,false,1785415576759,FastAccept
1785415576767,false,1785415576828,FastAccept
1785415576838,true,1785415576898,FastAccept
1785415576912,true,1785415576972,FastAccept
1785415576988,false,1785415577049,FastAccept
1785415577068,true,1785415577129,FastAccept
1785415577151,false,1785415577212,FastAccept
1785415577237,true,1785415577322,LeaderAccept
1785415577327,false,1785415577388,FastAccept
1785415577421,false,1785415577482,FastAccept
1785415577520,true,1785415577580,FastAccept
1785415577623,true,1785415577684,FastAccept
1785415577732,false,1785415577792,FastAccept
1785415577846,true,1785415577906,FastAccept
1785415577967,true,1785415578028,FastAccept
1785415578097,true,1785415578181,LeaderAccept
1785415578234,false,1785415578304,LeaderAccept
1785415578381,true,1785415578450,LeaderAccept
1785415578539,false,1785415578609,LeaderAccept
1785415578711,true,1785415578780,LeaderAccept
1785415578896,false,1785415578966,LeaderAccept
1785415579101,true,1785415579170,LeaderAccept
1785415579327,false,1785415579397,LeaderAccept
1785415579580,false,1785415579650,LeaderAccept
1785415579869,true,1785415579938,LeaderAccept
1785415580200,true,1785415580270,LeaderAccept
1785415580591,false,1785415580661,LeaderAccept
1785415581067,true,1785415581137,LeaderAccept
1785415581670,false,1785415581739,LeaderAccept
1785415582484,false,1785415582536,FastAccept
1785415583706,true,1785415583758,FastAccept
1785415585957,true,1785415586009,FastAccept
1785415592892,true,1785415592943,FastAccept
1785415634731,true,1785415634800,LeaderAccept
1785415634761,false,1785415634844,LeaderAccept
1785415634791,true,1785415634861,LeaderAccept
1785415634823,false,1785415634892,LeaderAccept
1785415634855,true,1785415634925,LeaderAccept
1785415634887,false,1785415634956,LeaderAccept
1785415634920,false,1785415634988,LeaderAccept
1785415634953,false,1785415635022,LeaderAccept
1785415634987,false,1785415635056,LeaderAccept
1785415635022,true,1785415635091,LeaderAccept
1785415635056,false,1785415635126,LeaderAccept
1785415635090,true,1785415635159,LeaderAccept
1785415635126,true,1785415635195,LeaderAccept
1785415635162,false,1785415635231,LeaderAccept
1785415635199,true,1785415635269,LeaderAccept
1785415635237,false,1785415635306,LeaderAccept
1785415635275,true,1785415635345,LeaderAccept
1785415635315,false,1785415635384,LeaderAccept
1785415635355,true,1785415635424,LeaderAccept
1785415635394,true,1785415635464,LeaderAccept
1785415635436,false,1785415635506,LeaderAccept
1785415635479,true,1785415635549,LeaderAccept
1785415635523,false,1785415635592,LeaderAccept
1785415635568,false,1785415635637,LeaderAccept
1785415635614,true,1785415635684,LeaderAccept
1785415635661,false,1785415635731,LeaderAccept
1785415635709,false,1785415635778,LeaderAccept
1785415635758,false,1785415635827,LeaderAccept
1785415635808,true,1785415635877,LeaderAccept
1785415635859,false,1785415635928,LeaderAccept
1785415635911,true,1785415635981,LeaderAccept
1785415635965,false,1785415636034,LeaderAccept
1785415636020,false,1785415636090,LeaderAccept
1785415636076,true,1785415636146,LeaderAccept
1785415636135,false,1785415636204,LeaderAccept
1785415636195,true,1785415636264,LeaderAccept
1785415636256,true,1785415636325,LeaderAccept
1785415636319,true,1785415636389,LeaderAccept
1785415636384,false,1785415636454,LeaderAccept
1785415636452,true,1785415636522,LeaderAccept
1785415636522,true,1785415636591,LeaderAccept
1785415636594,false,1785415636663,LeaderAccept
1785415636668,true,1785415636738,LeaderAccept
1785415636746,true,1785415636815,LeaderAccept
1785415636827,true,1785415636896,LeaderAccept
1785415636910,true,1785415636979,LeaderAccept
1785415636998,true,1785415637068,LeaderAccept
1785415637089,true,1785415637159,LeaderAccept
1785415637184,false,1785415637254,LeaderAccept
1785415637284,true,1785415637354,LeaderAccept
1785415637390,true,1785415637460,LeaderAccept
1785415637501,true,1785415637571,LeaderAccept
1785415637618,false,1785415637688,LeaderAccept
1785415637742,true,1785415637812,LeaderAccept
1785415637874,false,1785415637944,LeaderAccept
1785415638015,false,1785415638084,LeaderAccept
1785415638166,true,1785415638236,LeaderAccept
1785415638329,true,1785415638399,LeaderAccept
1785415638505,true,1785415638575,LeaderAccept
1785415638697,false,1785415638767,LeaderAccept
1785415638909,true,1785415638980,LeaderAccept
1785415639144,true,1785415639196,FastAccept
1785415639408,true,1785415639460,FastAccept
1785415639710,true,1785415639762,FastAccept
1785415640060,true,1785415640112,FastAccept
1785415640478,false,1785415640530,FastAccept
1785415640991,true,1785415641043,FastAccept
1785415641654,false,1785415641706,FastAccept
1785415642577,false,1785415642629,FastAccept
1785415644043,false,1785415644112,LeaderAccept
1785415647089,true,1785415647159,LeaderAccept
1785415654941,true,1785415654993,FastAccept
1785415654968,true,1785415655020,FastAccept
1785415654995,false,1785415655047,FastAccept
1785415655021,true,1785415655073,FastAccept
1785415655049,false,1785415655100,FastAccept
1785415655077,false,1785415655129,FastAccept
1785415655105,true,1785415655156,FastAccept
1785415655133,true,1785415655184,FastAccept
1785415655161,true,1785415655213,FastAccept
1785415655190,false,1785415655242,FastAccept
1785415655220,true,1785415655272,FastAccept
1785415655249,true,1785415655301,FastAccept
1785415655280,false,1785415655332,FastAccept
1785415655311,true,1785415655363,FastAccept
1785415655342,false,1785415655394,FastAccept
1785415655374,true,1785415655426,FastAccept
1785415655406,false,1785415655458,FastAccept
1785415655439,false,1785415655491,FastAccept
1785415655472,false,1785415655524,FastAccept
1785415655506,false,1785415655558,FastAccept
1785415655540,true,1785415655591,FastAccept
1785415655575,false,1785415655628,FastAccept
1785415655611,false,1785415655662,FastAccept
1785415655647,true,1785415655699,FastAccept
1785415655684,false,1785415655736,FastAccept
1785415655721,false,1785415655773,FastAccept
1785415655759,true,1785415655811,FastAccept
1785415655797,true,1785415655849,FastAccept
1785415655837,false,1785415655889,FastAccept
1785415655877,false,1785415655928,FastAccept
1785415655919,false,1785415655971,FastAccept
1785415655961,true,1785415656012,FastAccept
1785415656004,false,1785415656056,FastAccept
1785415656048,true,1785415656100,FastAccept
1785415656093,false,1785415656144,FastAccept
1785415656139,true,1785415656222,LeaderAccept
1785415656186,true,1785415656270,LeaderAccept
1785415656234,false,1785415656317,LeaderAccept
1785415656283,false,1785415656366,LeaderAccept
1785415656333,true,1785415656399,LeaderAccept
1785415656384,false,1785415656449,LeaderAccept
1785415656437,true,1785415656502,LeaderAccept
1785415656491,true,1785415656557,LeaderAccept
1785415656547,true,1785415656612,LeaderAccept
1785415656604,false,1785415656670,LeaderAccept
1785415656663,false,1785415656729,LeaderAccept
1785415656723,false,1785415656789,LeaderAccept
1785415656786,true,1785415656852,LeaderAccept
1785415656850,true,1785415656916,LeaderAccept
1785415656917,false,1785415656983,LeaderAccept
1785415656986,true,1785415657052,LeaderAccept
1785415657057,true,1785415657123,LeaderAccept
1785415657130,false,1785415657196,LeaderAccept
1785415657207,true,1785415657273,LeaderAccept
1785415657286,false,1785415657352,LeaderAccept
1785415657368,true,1785415657433,LeaderAccept
1785415657453,false,1785415657518,LeaderAccept
1785415657542,true,1785415657608,LeaderAccept
1785415657635,false,1785415657701,LeaderAccept
1785415657732,true,1785415657798,LeaderAccept
1785415657835,true,1785415657901,LeaderAccept
1785415657942,false,1785415658010,LeaderAccept
1785415658056,false,1785415658125,LeaderAccept
1785415658176,false,1785415658244,LeaderAccept
1785415658304,false,1785415658373,LeaderAccept
1785415658440,false,1785415658508,LeaderAccept
1785415658586,true,1785415658655,LeaderAccept
1785415658743,true,1785415658811,LeaderAccept
1785415658912,false,1785415658980,LeaderAccept
1785415659096,true,1785415659164,LeaderAccept
1785415659298,true,1785415659366,LeaderAccept
1785415659519,true,1785415659587,LeaderAccept
1785415659768,true,1785415659836,LeaderAccept
1785415660049,true,1785415660117,LeaderAccept
1785415660373,false,1785415660440,LeaderAccept
1785415660753,true,1785415660821,LeaderAccept
1785415661212,true,1785415661279,LeaderAccept
1785415661789,true,1785415661858,LeaderAccept
1785415662559,false,1785415662628,LeaderAccept
1785415663689,true,1785415663757,LeaderAccept
1785415665678,false,1785415665738,FastAccept
1785415671054,false,1785415671113,FastAccept
1785415676193,false,1785415676261,LeaderAccept
1785415676210,true,1785415676293,LeaderAccept
1785415676227,true,1785415676294,LeaderAccept
1785415676244,false,1785415676312,LeaderAccept
1785415676263,false,1785415676331,LeaderAccept
1785415676281,false,1785415676349,LeaderAccept
1785415676299,false,1785415676367,LeaderAccept
1785415676317,false,1785415676385,LeaderAccept
1785415676335,true,1785415676402,LeaderAccept
1785415676354,true,1785415676422,LeaderAccept
1785415676373,true,1785415676441,LeaderAccept
1785415676392,false,1785415676460,LeaderAccept
1785415676412,false,1785415676479,LeaderAccept
1785415676431,false,1785415676499,LeaderAccept
1785415676451,false,1785415676520,LeaderAccept
1785415676471,true,1785415676539,LeaderAccept
1785415676491,false,1785415676560,LeaderAccept
1785415676512,true,1785415676581,LeaderAccept
1785415676533,false,1785415676601,LeaderAccept
1785415676553,true,1785415676622,LeaderAccept
1785415676574,true,1785415676641,LeaderAccept
1785415676595,true,1785415676662,LeaderAccept
1785415676616,true,1785415676683,LeaderAccept
1785415676638,false,1785415676704,LeaderAccept
1785415676660,true,1785415676727,LeaderAccept
1785415676682,false,1785415676749,LeaderAccept
1785415676704,false,1785415676771,LeaderAccept
1785415676726,false,1785415676793,LeaderAccept
1785415676749,true,1785415676816,LeaderAccept
1785415676771,true,1785415676839,LeaderAccept
1785415676794,false,1785415676862,LeaderAccept
1785415676817,false,1785415676885,LeaderAccept
1785415676840,true,1785415676908,LeaderAccept
1785415676864,false,1785415676931,LeaderAccept
1785415676888,false,1785415676956,LeaderAccept
1785415676912,true,1785415676979,LeaderAccept
1785415676937,false,1785415677005,LeaderAccept
1785415676962,false,1785415677030,LeaderAccept
1785415676987,false,1785415677056,LeaderAccept
1785415677013,false,1785415677081,LeaderAccept
1785415677039,true,1785415677107,LeaderAccept
1785415677065,true,1785415677133,LeaderAccept
1785415677091,false,1785415677159,LeaderAccept
1785415677118,true,1785415677186,LeaderAccept
1785415677145,false,1785415677214,LeaderAccept
1785415677173,false,1785415677240,LeaderAccept
1785415677200,false,1785415677268,LeaderAccept
1785415677228,false,1785415677296,LeaderAccept
1785415677257,false,1785415677324,LeaderAccept
1785415677286,true,1785415677355,LeaderAccept
1785415677316,false,1785415677383,LeaderAccept
1785415677346,true,1785415677413,LeaderAccept
1785415677376,true,1785415677445,LeaderAccept
1785415677407,false,1785415677474,LeaderAccept
1785415677437,true,1785415677506,LeaderAccept
1785415677469,true,1785415677536,LeaderAccept
1785415677501,false,1785415677569,LeaderAccept
1785415677534,true,1785415677602,LeaderAccept
1785415677567,false,1785415677635,LeaderAccept
1785415677601,false,1785415677669,LeaderAccept
1785415677636,true,1785415677704,LeaderAccept
1785415677670,false,1785415677738,LeaderAccept
1785415677706,false,1785415677774,LeaderAccept
1785415677742,true,1785415677810,LeaderAccept
1785415677778,true,1785415677846,LeaderAccept
1785415677816,true,1785415677885,LeaderAccept
1785415677854,false,1785415677922,LeaderAccept
1785415677893,true,1785415677961,LeaderAccept
1785415677933,true,1785415678000,LeaderAccept
1785415677973,false,1785415678042,LeaderAccept
1785415678014,false,1785415678082,LeaderAccept
1785415678056,false,1785415678124,LeaderAccept
1785415678099,false,1785415678168,LeaderAccept
1785415678143,false,1785415678212,LeaderAccept
1785415678188,true,1785415678255,LeaderAccept
1785415678233,true,1785415678301,LeaderAccept
1785415678280,false,1785415678348,LeaderAccept
1785415678327,true,1785415678396,LeaderAccept
1785415678376,false,1785415678444,LeaderAccept
1785415678426,true,1785415678494,LeaderAccept
1785415678477,false,1785415678545,LeaderAccept
1785415678530,false,1785415678598,LeaderAccept
1785415678584,false,1785415678652,LeaderAccept
1785415678639,false,1785415678708,LeaderAccept
1785415678696,true,1785415678764,LeaderAccept
1785415678755,false,1785415678823,LeaderAccept
1785415678815,false,1785415678883,LeaderAccept
1785415678877,false,1785415678946,LeaderAccept
1785415678941,true,1785415679009,LeaderAccept
1785415679007,true,1785415679075,LeaderAccept
1785415679074,true,1785415679141,LeaderAccept
1785415679145,false,1785415679213,LeaderAccept
1785415679218,false,1785415679289,LeaderAccept
1785415679294,true,1785415679362,LeaderAccept
1785415679372,false,1785415679440,LeaderAccept
1785415679453,true,1785415679521,LeaderAccept
1785415679537,true,1785415679604,LeaderAccept
1785415679625,false,1785415679693,LeaderAccept
1785415679717,true,1785415679785,LeaderAccept
1785415679814,true,1785415679882,LeaderAccept
1785415679915,false,1785415679982,LeaderAccept
1785415680021,true,1785415680088,LeaderAccept
1785415680132,true,1785415680201,LeaderAccept
1785415680251,true,1785415680319,LeaderAccept
1785415680377,false,1785415680445,LeaderAccept
1785415680511,false,1785415680579,LeaderAccept
1785415680654,true,1785415680722,LeaderAccept
1785415680807,true,1785415680875,LeaderAccept
1785415680972,false,1785415681040,LeaderAccept
1785415681151,true,1785415681210,FastAccept
1785415681347,false,1785415681430,LeaderAccept
1785415681563,false,1785415681646,LeaderAccept
1785415681803,true,1785415681887,LeaderAccept
1785415682074,false,1785415682133,FastAccept
1785415682383,true,1785415682443,FastAccept
1785415682745,false,1785415682804,FastAccept
1785415683177,true,1785415683237,FastAccept
1785415683715,true,1785415683775,FastAccept
1785415684418,false,1785415684477,FastAccept
1785415685417,true,1785415685484,LeaderAccept
1785415687059,true,1785415687118,FastAccept
1785415690791,true,1785415690850,FastAccept
1785415714899,true,1785415714983,LeaderAccept
1785415718908,false,1785415718967,FastAccept
1785415718940,false,1785415719000,FastAccept
1785415718973,false,1785415719056,SlowAccept
1785415719006,true,1785415719089,LeaderAccept
1785415719040,true,1785415719124,LeaderAccept
1785415719076,false,1785415719159,LeaderAccept
1785415719111,false,1785415719194,LeaderAccept
1785415719147,false,1785415719230,LeaderAccept
1785415719184,true,1785415719268,LeaderAccept
1785415719222,true,1785415719306,LeaderAccept
1785415719260,false,1785415719343,LeaderAccept
1785415719298,true,1785415719381,LeaderAccept
1785415719336,true,1785415719420,LeaderAccept
1785415719376,true,1785415719460,LeaderAccept
1785415719417,true,1785415719485,LeaderAccept
1785415719459,true,1785415719528,LeaderAccept
1785415719502,true,1785415719571,LeaderAccept
1785415719546,false,1785415719614,LeaderAccept
1785415719590,true,1785415719659,LeaderAccept
1785415719636,true,1785415719704,LeaderAccept
1785415719682,true,1785415719750,LeaderAccept
1785415719730,false,1785415719798,LeaderAccept
1785415719779,false,1785415719847,LeaderAccept
1785415719830,true,1785415719898,LeaderAccept
1785415719880,false,1785415719948,LeaderAccept
1785415719932,false,1785415720000,LeaderAccept
1785415719986,false,1785415720054,LeaderAccept
1785415720041,true,1785415720109,LeaderAccept
1785415720098,true,1785415720166,LeaderAccept
1785415720156,true,1785415720224,LeaderAccept
1785415720215,true,1785415720274,FastAccept
1785415720276,true,1785415720335,FastAccept
1785415720339,true,1785415720422,SlowAccept
1785415720404,false,1785415720464,FastAccept
1785415720472,false,1785415720532,FastAccept
1785415720542,false,1785415720603,FastAccept
1785415720614,false,1785415720697,LeaderAccept
1785415720688,false,1785415720772,LeaderAccept
1785415720765,false,1785415720825,FastAccept
1785415720845,false,1785415720904,FastAccept
1785415720928,true,1785415720988,FastAccept
1785415721016,true,1785415721076,FastAccept
1785415721107,true,1785415721168,FastAccept
1785415721202,true,1785415721262,FastAccept
1785415721302,true,1785415721362,FastAccept
1785415721407,true,1785415721467,FastAccept
1785415721517,true,1785415721577,FastAccept
1785415721634,false,1785415721719,LeaderAccept
1785415721757,false,1785415721817,FastAccept
1785415721889,true,1785415721949,FastAccept
1785415722029,true,1785415722088,FastAccept
1785415722179,true,1785415722239,FastAccept
1785415722341,false,1785415722401,FastAccept
1785415722517,true,1785415722576,FastAccept
1785415722708,false,1785415722793,SlowAccept
1785415722918,true,1785415722978,FastAccept
1785415723151,false,1785415723211,FastAccept
1785415723413,true,1785415723472,FastAccept
1785415723711,false,1785415723771,FastAccept
1785415724058,true,1785415724117,FastAccept
1785415724469,true,1785415724529,FastAccept
1785415724974,true,1785415725050,SlowAccept
1785415725623,true,1785415725692,LeaderAccept
1785415726521,true,1785415726604,LeaderAccept
1785415727927,true,1785415727995,LeaderAccept
1785415730765,false,1785415730825,FastAccept
1785415742491,false,1785415742552,FastAccept
1785415744415,true,1785415744475,FastAccept
1785415744430,false,1785415744489,FastAccept
1785415744445,true,1785415744505,FastAccept
1785415744461,true,1785415744520,FastAccept
1785415744476,true,1785415744535,FastAccept
1785415744492,false,1785415744551,FastAccept
1785415744508,true,1785415744568,FastAccept
1785415744524,true,1785415744583,FastAccept
1785415744540,false,1785415744600,FastAccept
1785415744555,true,1785415744615,FastAccept
1785415744572,false,1785415744631,FastAccept
1785415744589,true,1785415744649,FastAccept
1785415744606,true,1785415744665,FastAccept
1785415744623,false,1785415744683,FastAccept
1785415744640,true,1785415744700,FastAccept
1785415744657,false,1785415744717,FastAccept
1785415744675,true,1785415744734,FastAccept
1785415744692,false,1785415744751,FastAccept
1785415744708,false,1785415744768,FastAccept
1785415744726,false,1785415744785,FastAccept
1785415744743,false,1785415744803,FastAccept
1785415744761,true,1785415744820,FastAccept
1785415744778,false,1785415744838,FastAccept
1785415744797,false,1785415744856,FastAccept
1785415744815,true,1785415744874,FastAccept
1785415744833,false,1785415744892,FastAccept
1785415744851,true,1785415744910,FastAccept
1785415744870,false,1785415744930,FastAccept
1785415744889,true,1785415744949,FastAccept
1785415744909,false,1785415744968,FastAccept
1785415744928,true,1785415744988,FastAccept
1785415744948,true,1785415745031,LeaderAccept
1785415744968,true,1785415745052,LeaderAccept
1785415744988,true,1785415745070,LeaderAccept
1785415745008,false,1785415745090,LeaderAccept
1785415745028,true,1785415745111,LeaderAccept
1785415745048,false,1785415745131,LeaderAccept
1785415745070,false,1785415745139,LeaderAccept
1785415745092,true,1785415745160,LeaderAccept
1785415745113,false,1785415745182,LeaderAccept
1785415745134,false,1785415745202,LeaderAccept
1785415745155,false,1785415745224,LeaderAccept
1785415745177,true,1785415745245,LeaderAccept
1785415745199,true,1785415745266,LeaderAccept
1785415745221,false,1785415745288,LeaderAccept
1785415745243,false,1785415745326,LeaderAccept
1785415745265,true,1785415745349,LeaderAccept
1785415745288,false,1785415745371,LeaderAccept
1785415745311,true,1785415745380,LeaderAccept
1785415745335,true,1785415745419,LeaderAccept
1785415745358,true,1785415745441,LeaderAccept
1785415745381,true,1785415745465,LeaderAccept
1785415745405,false,1785415745489,LeaderAccept
1785415745430,true,1785415745499,LeaderAccept
1785415745455,false,1785415745524,LeaderAccept
1785415745480,true,1785415745549,LeaderAccept
1785415745505,false,1785415745574,LeaderAccept
1785415745530,false,1785415745598,LeaderAccept
1785415745556,false,1785415745626,LeaderAccept
1785415745582,true,1785415745651,LeaderAccept
1785415745609,true,1785415745678,LeaderAccept
1785415745636,true,1785415745705,LeaderAccept
1785415745663,false,1785415745732,LeaderAccept
1785415745691,false,1785415745760,LeaderAccept
1785415745719,true,1785415745788,LeaderAccept
1785415745747,false,1785415745815,LeaderAccept
1785415745775,false,1785415745844,LeaderAccept
1785415745805,true,1785415745873,LeaderAccept
1785415745834,false,1785415745903,LeaderAccept
1785415745863,true,1785415745931,LeaderAccept
1785415745893,false,1785415745961,LeaderAccept
1785415745924,false,1785415745993,LeaderAccept
1785415745955,false,1785415746023,LeaderAccept
1785415745986,false,1785415746054,LeaderAccept
1785415746018,false,1785415746085,LeaderAccept
1785415746051,true,1785415746119,LeaderAccept
1785415746084,true,1785415746153,LeaderAccept
1785415746118,false,1785415746186,LeaderAccept
1785415746152,true,1785415746221,LeaderAccept
1785415746188,false,1785415746256,LeaderAccept
1785415746223,false,1785415746292,LeaderAccept
1785415746259,false,1785415746327,LeaderAccept
1785415746295,false,1785415746363,LeaderAccept
1785415746333,false,1785415746402,LeaderAccept
1785415746370,false,1785415746439,LeaderAccept
1785415746408,false,1785415746476,LeaderAccept
1785415746447,false,1785415746531,LeaderAccept
1785415746487,false,1785415746571,LeaderAccept
1785415746527,true,1785415746611,LeaderAccept
1785415746569,false,1785415746638,LeaderAccept
1785415746611,false,1785415746680,LeaderAccept
1785415746654,false,1785415746723,LeaderAccept
1785415746698,true,1785415746766,LeaderAccept
1785415746743,false,1785415746812,LeaderAccept
1785415746789,false,1785415746857,LeaderAccept
1785415746836,false,1785415746896,FastAccept
1785415746885,true,1785415746945,FastAccept
1785415746934,true,1785415746994,FastAccept
1785415746985,true,1785415747045,FastAccept
1785415747037,true,1785415747097,FastAccept
1785415747091,false,1785415747150,FastAccept
1785415747145,true,1785415747205,FastAccept
1785415747200,true,1785415747260,FastAccept
1785415747258,true,1785415747317,FastAccept
1785415747317,false,1785415747376,FastAccept
1785415747377,false,1785415747437,FastAccept
1785415747440,false,1785415747499,FastAccept
1785415747504,false,1785415747564,FastAccept
1785415747571,false,1785415747631,FastAccept
1785415747640,true,1785415747700,FastAccept
1785415747712,true,1785415747773,FastAccept
1785415747786,false,1785415747847,FastAccept
1785415747863,true,1785415747923,FastAccept
1785415747942,false,1785415748002,FastAccept
1785415748025,false,1785415748085,FastAccept
1785415748112,false,1785415748172,FastAccept
1785415748202,true,1785415748262,FastAccept
1785415748296,true,1785415748356,FastAccept
1785415748394,false,1785415748453,FastAccept
1785415748497,true,1785415748557,FastAccept
1785415748606,false,1785415748666,FastAccept
1785415748721,false,1785415748781,FastAccept
1785415748843,false,1785415748903,FastAccept
1785415748972,false,1785415749032,FastAccept
1785415749109,false,1785415749168,FastAccept
1785415749256,true,1785415749316,FastAccept
1785415749415,false,1785415749475,FastAccept
1785415749587,true,1785415749646,FastAccept
1785415749774,true,1785415749834,FastAccept
1785415749979,false,1785415750039,FastAccept
1785415750207,true,1785415750266,FastAccept
1785415750461,true,1785415750521,FastAccept
1785415750750,true,1785415750810,FastAccept
1785415751084,false,1785415751143,FastAccept
1785415751478,true,1785415751538,FastAccept
1785415751958,false,1785415752018,FastAccept
1785415752566,false,1785415752626,FastAccept
1785415753390,true,1785415753450,FastAccept
1785415754634,true,1785415754694,FastAccept
1785415756952,true,1785415757012,FastAccept
1785415759979,true,1785415760038,FastAccept
1785415760005,true,1785415760089,LeaderAccept
1785415760032,true,1785415760115,LeaderAccept
1785415760059,true,1785415760131,LeaderAccept
1785415760086,false,1785415760154,LeaderAccept
1785415760112,false,1785415760181,LeaderAccept
1785415760140,false,1785415760224,LeaderAccept
1785415760168,false,1785415760236,LeaderAccept
1785415760196,true,1785415760264,LeaderAccept
1785415760225,false,1785415760294,LeaderAccept
1785415760255,true,1785415760323,LeaderAccept
1785415760286,true,1785415760354,LeaderAccept
1785415760316,true,1785415760385,LeaderAccept
1785415760347,false,1785415760415,LeaderAccept
1785415760378,false,1785415760446,LeaderAccept
1785415760409,false,1785415760478,LeaderAccept
1785415760440,false,1785415760509,LeaderAccept
1785415760473,false,1785415760541,LeaderAccept
1785415760506,false,1785415760575,LeaderAccept
1785415760539,false,1785415760608,LeaderAccept
1785415760573,false,1785415760643,LeaderAccept
1785415760607,true,1785415760676,LeaderAccept
1785415760642,true,1785415760711,LeaderAccept
1785415760677,true,1785415760745,LeaderAccept
1785415760713,true,1785415760781,LeaderAccept
1785415760750,true,1785415760817,LeaderAccept
1785415760788,false,1785415760856,LeaderAccept
1785415760826,false,1785415760894,LeaderAccept
1785415760865,false,1785415760934,LeaderAccept
1785415760905,true,1785415760973,LeaderAccept
1785415760945,false,1785415761013,LeaderAccept
1785415760986,true,1785415761054,LeaderAccept
1785415761028,false,1785415761097,LeaderAccept
1785415761071,false,1785415761139,LeaderAccept
1785415761115,false,1785415761183,LeaderAccept
1785415761160,true,1785415761229,LeaderAccept
1785415761206,true,1785415761274,LeaderAccept
1785415761252,true,1785415761320,LeaderAccept
1785415761299,true,1785415761368,LeaderAccept
1785415761348,false,1785415761417,LeaderAccept
1785415761398,false,1785415761467,LeaderAccept
1785415761449,false,1785415761519,LeaderAccept
1785415761501,true,1785415761570,LeaderAccept
1785415761555,false,1785415761623,LeaderAccept
1785415761610,true,1785415761678,LeaderAccept
1785415761667,false,1785415761735,LeaderAccept
1785415761726,false,1785415761810,SlowAccept
1785415761786,false,1785415761854,LeaderAccept
1785415761848,true,1785415761908,FastAccept
1785415761912,true,1785415761996,LeaderAccept
1785415761978,true,1785415762062,LeaderAccept
1785415762047,false,1785415762129,SlowAccept
1785415762117,false,1785415762169,FastAccept
1785415762190,false,1785415762242,FastAccept
1785415762266,true,1785415762318,FastAccept
1785415762344,false,1785415762428,LeaderAccept
1785415762426,false,1785415762509,LeaderAccept
1785415762509,true,1785415762561,FastAccept
1785415762598,false,1785415762650,FastAccept
1785415762689,true,1785415762741,FastAccept
1785415762785,true,1785415762838,FastAccept
1785415762887,true,1785415762971,LeaderAccept
1785415762994,true,1785415763077,SlowAccept
1785415763106,true,1785415763157,FastAccept
1785415763223,false,1785415763275,FastAccept
1785415763349,false,1785415763401,FastAccept
1785415763483,false,1785415763536,FastAccept
1785415763626,true,1785415763678,FastAccept
1785415763780,true,1785415763833,FastAccept
1785415763945,true,1785415764029,LeaderAccept
1785415764125,false,1785415764208,LeaderAccept
1785415764321,true,1785415764405,LeaderAccept
1785415764537,true,1785415764606,LeaderAccept
1785415764779,false,1785415764847,LeaderAccept
1785415765051,false,1785415765119,LeaderAccept
1785415765362,true,1785415765430,LeaderAccept
1785415765726,false,1785415765794,LeaderAccept
1785415766162,true,1785415766246,LeaderAccept
1785415766704,true,1785415766772,LeaderAccept
1785415767414,false,1785415767467,FastAccept
1785415768427,true,1785415768479,FastAccept
1785415770106,true,1785415770158,FastAccept
1785415773992,true,1785415774044,FastAccept
1785415794541,true,1785415794593,FastAccept
1785415794561,false,1785415794613,FastAccept
1785415794582,false,1785415794634,FastAccept
1785415794602,false,1785415794654,FastAccept
1785415794623,true,1785415794676,FastAccept
1785415794644,true,1785415794727,SlowAccept
1785415794665,true,1785415794748,SlowAccept
1785415794686,false,1785415794769,LeaderAccept
1785415794706,false,1785415794789,LeaderAccept
1785415794727,true,1785415794810,LeaderAccept
1785415794748,true,1785415794818,LeaderAccept
1785415794769,false,1785415794838,LeaderAccept
1785415794790,true,1785415794859,LeaderAccept
1785415794813,false,1785415794882,LeaderAccept
1785415794835,false,1785415794904,LeaderAccept
1785415794858,false,1785415794941,LeaderAccept
1785415794882,false,1785415794965,LeaderAccept
1785415794905,true,1785415794974,LeaderAccept
1785415794929,true,1785415795013,LeaderAccept
1785415794952,true,1785415795021,LeaderAccept
1785415794977,false,1785415795046,LeaderAccept
1785415795002,false,1785415795071,LeaderAccept
1785415795027,true,1785415795096,LeaderAccept
1785415795052,false,1785415795120,LeaderAccept
1785415795076,true,1785415795145,LeaderAccept
1785415795102,false,1785415795171,LeaderAccept
1785415795128,true,1785415795197,LeaderAccept
1785415795155,true,1785415795224,LeaderAccept
1785415795180,false,1785415795249,LeaderAccept
1785415795207,true,1785415795276,LeaderAccept
1785415795234,true,1785415795304,LeaderAccept
1785415795261,false,1785415795331,LeaderAccept
1785415795289,true,1785415795359,LeaderAccept
1785415795318,true,1785415795387,LeaderAccept
1785415795346,true,1785415795415,LeaderAccept
1785415795375,true,1785415795444,LeaderAccept
1785415795405,true,1785415795474,LeaderAccept
1785415795435,false,1785415795504,LeaderAccept
1785415795465,false,1785415795534,LeaderAccept
1785415795496,true,1785415795565,LeaderAccept
1785415795527,false,1785415795596,LeaderAccept
1785415795558,false,1785415795627,LeaderAccept
1785415795590,false,1785415795659,LeaderAccept
1785415795623,true,1785415795691,LeaderAccept
1785415795656,false,1785415795725,LeaderAccept
1785415795690,false,1785415795760,LeaderAccept
1785415795724,false,1785415795794,LeaderAccept
1785415795759,true,1785415795828,LeaderAccept
1785415795795,true,1785415795863,LeaderAccept
1785415795831,true,1785415795900,LeaderAccept
1785415795866,true,1785415795936,LeaderAccept
1785415795904,true,1785415795974,LeaderAccept
1785415795942,true,1785415796011,LeaderAccept
1785415795981,true,1785415796050,LeaderAccept
1785415796020,false,1785415796089,LeaderAccept
1785415796060,true,1785415796129,LeaderAccept
1785415796101,true,1785415796170,LeaderAccept
1785415796143,false,1785415796212,LeaderAccept
1785415796186,true,1785415796255,LeaderAccept
1785415796229,true,1785415796299,LeaderAccept
1785415796274,true,1785415796344,LeaderAccept
1785415796320,true,1785415796389,LeaderAccept
1785415796366,false,1785415796418,FastAccept
1785415796414,true,1785415796465,FastAccept
1785415796462,false,1785415796514,FastAccept
1785415796512,true,1785415796564,FastAccept
1785415796563,true,1785415796624,FastAccept
1785415796616,true,1785415796700,LeaderAccept
1785415796670,true,1785415796753,LeaderAccept
1785415796725,false,1785415796808,LeaderAccept
1785415796781,true,1785415796850,LeaderAccept
1785415796839,true,1785415796891,FastAccept
1785415796899,true,1785415796951,FastAccept
1785415796961,false,1785415797013,FastAccept
1785415797025,false,1785415797077,FastAccept
1785415797091,false,1785415797143,FastAccept
1785415797159,true,1785415797211,FastAccept
1785415797229,false,1785415797281,FastAccept
1785415797301,false,1785415797353,FastAccept
1785415797377,false,1785415797429,FastAccept
1785415797455,false,1785415797507,FastAccept
1785415797536,true,1785415797588,FastAccept
1785415797620,true,1785415797672,FastAccept
1785415797708,true,1785415797760,FastAccept
1785415797800,false,1785415797875,LeaderAccept
1785415797896,true,1785415797948,FastAccept
1785415797997,false,1785415798049,FastAccept
1785415798103,false,1785415798155,FastAccept
1785415798215,true,1785415798267,FastAccept
1785415798333,true,1785415798385,FastAccept
1785415798457,false,1785415798509,FastAccept
1785415798591,false,1785415798643,FastAccept
1785415798733,true,1785415798785,FastAccept
1785415798886,false,1785415798937,FastAccept
1785415799050,false,1785415799101,FastAccept
1785415799228,false,1785415799280,FastAccept
1785415799422,true,1785415799475,FastAccept
1785415799637,true,1785415799689,FastAccept
1785415799876,true,1785415799928,FastAccept
1785415800145,false,1785415800197,FastAccept
1785415800452,false,1785415800505,FastAccept
1785415800811,false,1785415800863,FastAccept
1785415801240,true,1785415801292,FastAccept
1785415801771,false,1785415801823,FastAccept
1785415802463,true,1785415802516,FastAccept
1785415803440,false,1785415803491,FastAccept
1785415805032,true,1785415805085,FastAccept
1785415808559,false,1785415808612,FastAccept
1785415829125,false,1785415829180,FastAccept
1785415845467,true,1785415845557,SlowAccept
1785415845483,true,1785415845557,FastAccept
1785415845498,true,1785415845587,SlowAccept
1785415845514,false,1785415845618,LeaderAccept
1785415845529,true,1785415845618,SlowAccept
1785415845545,true,1785415845633,LeaderAccept
1785415845561,false,1785415845649,LeaderAccept
1785415845576,true,1785415845665,LeaderAccept
1785415845593,true,1785415845666,LeaderAccept
1785415845609,true,1785415845697,LeaderAccept
1785415845625,false,1785415845713,LeaderAccept
1785415845641,true,1785415845729,LeaderAccept
1785415845658,false,1785415845746,LeaderAccept
1785415845675,true,1785415845764,LeaderAccept
1785415845692,true,1785415845764,LeaderAccept
1785415845709,false,1785415845781,LeaderAccept
1785415845726,false,1785415845798,LeaderAccept
1785415845743,false,1785415845815,LeaderAccept
1785415845760,true,1785415845832,LeaderAccept
1785415845778,false,1785415845851,LeaderAccept
1785415845796,true,1785415845868,LeaderAccept
1785415845814,true,1785415845886,LeaderAccept
1785415845832,false,1785415845904,LeaderAccept
1785415845850,false,1785415845922,LeaderAccept
1785415845868,true,1785415845940,LeaderAccept
1785415845885,true,1785415845958,LeaderAccept
1785415845904,false,1785415845976,LeaderAccept
1785415845922,false,1785415845994,LeaderAccept
1785415845941,false,1785415846013,LeaderAccept
1785415845960,false,1785415846032,LeaderAccept
1785415845979,false,1785415846051,LeaderAccept
1785415845999,true,1785415846071,LeaderAccept
1785415846018,true,1785415846090,LeaderAccept
1785415846038,true,1785415846110,LeaderAccept
1785415846058,true,1785415846130,LeaderAccept
1785415846078,false,1785415846150,LeaderAccept
1785415846098,true,1785415846170,LeaderAccept
1785415846119,false,1785415846191,LeaderAccept
1785415846139,true,1785415846212,LeaderAccept
1785415846160,false,1785415846232,LeaderAccept
1785415846181,true,1785415846253,LeaderAccept
1785415846202,true,1785415846274,LeaderAccept
1785415846223,false,1785415846295,LeaderAccept
1785415846245,false,1785415846318,LeaderAccept
1785415846267,true,1785415846339,LeaderAccept
1785415846289,false,1785415846361,LeaderAccept
1785415846312,true,1785415846384,LeaderAccept
1785415846335,true,1785415846406,LeaderAccept
1785415846358,true,1785415846430,LeaderAccept
1785415846381,false,1785415846453,LeaderAccept
1785415846404,true,1785415846476,LeaderAccept
1785415846428,true,1785415846499,LeaderAccept
1785415846451,false,1785415846523,LeaderAccept
1785415846475,false,1785415846547,LeaderAccept
1785415846499,false,1785415846571,LeaderAccept
1785415846524,true,1785415846596,LeaderAccept
1785415846548,false,1785415846622,LeaderAccept
1785415846574,true,1785415846646,LeaderAccept
1785415846599,true,1785415846671,LeaderAccept
1785415846625,true,1785415846697,LeaderAccept
1785415846650,true,1785415846722,LeaderAccept
1785415846677,false,1785415846750,LeaderAccept
1785415846704,false,1785415846776,LeaderAccept
1785415846731,false,1785415846803,LeaderAccept
1785415846758,true,1785415846830,LeaderAccept
1785415846786,false,1785415846858,LeaderAccept
1785415846814,false,1785415846887,LeaderAccept
1785415846843,false,1785415846915,LeaderAccept
1785415846872,true,1785415846944,LeaderAccept
1785415846901,true,1785415846973,LeaderAccept
1785415846931,false,1785415847004,LeaderAccept
1785415846961,false,1785415847033,LeaderAccept
1785415846992,true,1785415847064,LeaderAccept
1785415847023,false,1785415847095,LeaderAccept
1785415847055,false,1785415847127,LeaderAccept
1785415847087,true,1785415847159,LeaderAccept
1785415847120,false,1785415847192,LeaderAccept
1785415847153,false,1785415847225,LeaderAccept
1785415847186,true,1785415847258,LeaderAccept
1785415847221,false,1785415847293,LeaderAccept
1785415847256,false,1785415847328,LeaderAccept
1785415847292,false,1785415847364,LeaderAccept
1785415847328,true,1785415847400,LeaderAccept
1785415847364,true,1785415847436,LeaderAccept
1785415847402,true,1785415847474,LeaderAccept
1785415847440,true,1785415847513,LeaderAccept
1785415847479,false,1785415847568,LeaderAccept
1785415847518,true,1785415847607,LeaderAccept
1785415847558,true,1785415847631,LeaderAccept
1785415847599,true,1785415847672,LeaderAccept
1785415847641,false,1785415847713,LeaderAccept
1785415847684,true,1785415847756,LeaderAccept
1785415847726,true,1785415847799,LeaderAccept
1785415847770,false,1785415847843,LeaderAccept
1785415847816,false,1785415847870,FastAccept
1785415847862,true,1785415847917,FastAccept
1785415847909,true,1785415847964,FastAccept
1785415847958,false,1785415848047,SlowAccept
1785415848008,true,1785415848097,LeaderAccept
1785415848059,false,1785415848148,LeaderAccept
1785415848112,true,1785415848201,LeaderAccept
1785415848165,true,1785415848254,LeaderAccept
1785415848220,false,1785415848309,LeaderAccept
1785415848277,false,1785415848349,LeaderAccept
1785415848335,true,1785415848389,FastAccept
1785415848394,true,1785415848449,FastAccept
1785415848455,true,1785415848510,FastAccept
1785415848518,false,1785415848573,FastAccept
1785415848584,false,1785415848639,FastAccept
1785415848651,true,1785415848706,FastAccept
1785415848721,false,1785415848811,LeaderAccept
1785415848794,true,1785415848849,FastAccept
1785415848869,true,1785415848924,FastAccept
1785415848947,true,1785415849002,FastAccept
1785415849028,false,1785415849083,FastAccept
1785415849112,false,1785415849167,FastAccept
1785415849199,true,1785415849288,SlowAccept
1785415849289,false,1785415849345,FastAccept
1785415849385,false,1785415849440,FastAccept
1785415849485,false,1785415849540,FastAccept
1785415849591,true,1785415849647,FastAccept
1785415849702,false,1785415849757,FastAccept
1785415849819,true,1785415849874,FastAccept
1785415849943,false,1785415849999,FastAccept
1785415850075,false,1785415850130,FastAccept
1785415850216,false,1785415850272,FastAccept
1785415850368,false,1785415850424,FastAccept
1785415850532,false,1785415850588,FastAccept
1785415850709,true,1785415850798,SlowAccept
1785415850902,false,1785415850958,FastAccept
1785415851114,true,1785415851176,FastAccept
1785415851350,true,1785415851405,FastAccept
1785415851616,false,1785415851671,FastAccept
1785415851920,false,1785415852009,SlowAccept
1785415852273,true,1785415852346,LeaderAccept
1785415852694,false,1785415852749,FastAccept
1785415853213,true,1785415853269,FastAccept
1785415853886,true,1785415853941,FastAccept
1785415854825,false,1785415854880,FastAccept
1785415856329,true,1785415856384,FastAccept
1785415859517,false,1785415859606,LeaderAccept
1785415862886,false,1785415862975,LeaderAccept
1785415862909,false,1785415862998,LeaderAccept
1785415862932,false,1785415863021,LeaderAccept
1785415862956,false,1785415863027,LeaderAccept
1785415862981,false,1785415863069,LeaderAccept
1785415863005,true,1785415863093,LeaderAccept
1785415863029,true,1785415863117,LeaderAccept
1785415863053,true,1785415863140,LeaderAccept
1785415863078,true,1785415863166,LeaderAccept
1785415863102,true,1785415863191,LeaderAccept
1785415863128,true,1785415863215,LeaderAccept
1785415863154,false,1785415863242,LeaderAccept
1785415863180,false,1785415863251,LeaderAccept
1785415863206,true,1785415863278,LeaderAccept
1785415863233,true,1785415863305,LeaderAccept
1785415863260,true,1785415863332,LeaderAccept
1785415863288,false,1785415863359,LeaderAccept
1785415863316,false,1785415863388,LeaderAccept
1785415863344,true,1785415863415,LeaderAccept
1785415863373,true,1785415863445,LeaderAccept
1785415863402,true,1785415863474,LeaderAccept
1785415863432,true,1785415863503,LeaderAccept
1785415863461,false,1785415863533,LeaderAccept
1785415863492,true,1785415863564,LeaderAccept
1785415863523,true,1785415863595,LeaderAccept
1785415863553,false,1785415863626,LeaderAccept
1785415863585,false,1785415863656,LeaderAccept
1785415863617,true,1785415863689,LeaderAccept
1785415863649,false,1785415863721,LeaderAccept
1785415863682,true,1785415863753,LeaderAccept
1785415863715,true,1785415863787,LeaderAccept
1785415863748,true,1785415863820,LeaderAccept
1785415863783,true,1785415863855,LeaderAccept
1785415863818,true,1785415863890,LeaderAccept
1785415863854,true,1785415863926,LeaderAccept
1785415863891,false,1785415863963,LeaderAccept
1785415863928,false,1785415864000,LeaderAccept
1785415863966,false,1785415864039,LeaderAccept
1785415864005,false,1785415864077,LeaderAccept
1785415864044,false,1785415864116,LeaderAccept
1785415864084,false,1785415864156,LeaderAccept
1785415864125,false,1785415864197,LeaderAccept
1785415864167,true,1785415864240,LeaderAccept
1785415864208,false,1785415864281,LeaderAccept
1785415864252,true,1785415864325,LeaderAccept
1785415864296,true,1785415864368,LeaderAccept
1785415864341,false,1785415864414,LeaderAccept
1785415864387,true,1785415864459,LeaderAccept
1785415864435,false,1785415864491,FastAccept
1785415864484,true,1785415864573,SlowAccept
1785415864534,false,1785415864623,LeaderAccept
1785415864584,true,1785415864673,LeaderAccept
1785415864637,true,1785415864727,LeaderAccept
1785415864691,false,1785415864764,LeaderAccept
1785415864746,true,1785415864819,LeaderAccept
1785415864803,true,1785415864875,LeaderAccept
1785415864861,true,1785415864933,LeaderAccept
1785415864921,true,1785415864994,LeaderAccept
1785415864983,false,1785415865055,LeaderAccept
1785415865046,true,1785415865118,LeaderAccept
1785415865111,true,1785415865183,LeaderAccept
1785415865178,true,1785415865250,LeaderAccept
1785415865247,false,1785415865319,LeaderAccept
1785415865319,true,1785415865391,LeaderAccept
1785415865394,true,1785415865466,LeaderAccept
1785415865472,false,1785415865544,LeaderAccept
1785415865553,true,1785415865625,LeaderAccept
1785415865637,true,1785415865709,LeaderAccept
1785415865724,false,1785415865795,LeaderAccept
1785415865815,true,1785415865887,LeaderAccept
1785415865910,false,1785415865982,LeaderAccept
1785415866010,false,1785415866081,LeaderAccept
1785415866115,true,1785415866187,LeaderAccept
1785415866225,true,1785415866297,LeaderAccept
1785415866342,false,1785415866415,LeaderAccept
1785415866465,true,1785415866538,LeaderAccept
1785415866597,false,1785415866670,LeaderAccept
1785415866737,false,1785415866810,LeaderAccept
1785415866888,true,1785415866960,LeaderAccept
1785415867050,false,1785415867122,LeaderAccept
1785415867226,true,1785415867298,LeaderAccept
1785415867417,true,1785415867489,LeaderAccept
1785415867627,false,1785415867699,LeaderAccept
1785415867861,false,1785415867934,LeaderAccept
1785415868124,false,1785415868179,FastAccept
1785415868424,false,1785415868480,FastAccept
1785415868772,false,1785415868829,FastAccept
1785415869186,false,1785415869241,FastAccept
1785415869693,false,1785415869749,FastAccept
1785415870348,false,1785415870403,FastAccept
1785415871255,true,1785415871311,FastAccept
1785415872683,true,1785415872739,FastAccept
1785415875599,false,1785415875655,FastAccept
1785415888123,true,1785415888213,LeaderAccept
1785415902409,true,1785415902468,FastAccept
1785415902429,true,1785415902488,FastAccept
1785415902449,false,1785415902509,FastAccept
1785415902469,false,1785415902528,FastAccept
1785415902490,false,1785415902549,FastAccept
1785415902511,true,1785415902571,FastAccept
1785415902533,true,1785415902591,FastAccept
1785415902554,true,1785415902612,FastAccept
1785415902575,true,1785415902633,FastAccept
1785415902596,true,1785415902654,FastAccept
1785415902617,true,1785415902675,FastAccept
1785415902638,true,1785415902696,FastAccept
1785415902659,false,1785415902748,LeaderAccept
1785415902682,false,1785415902771,LeaderAccept
1785415902705,false,1785415902794,LeaderAccept
1785415902727,false,1785415902817,LeaderAccept
1785415902750,false,1785415902838,LeaderAccept
1785415902773,true,1785415902862,LeaderAccept
1785415902797,true,1785415902886,LeaderAccept
1785415902821,false,1785415902910,LeaderAccept
1785415902845,false,1785415902934,LeaderAccept
1785415902869,true,1785415902957,LeaderAccept
1785415902894,true,1785415902984,LeaderAccept
1785415902919,false,1785415903007,LeaderAccept
1785415902944,true,1785415903033,LeaderAccept
1785415902971,false,1785415903059,LeaderAccept
1785415902996,true,1785415903086,LeaderAccept
1785415903022,false,1785415903111,LeaderAccept
1785415903048,false,1785415903120,LeaderAccept
1785415903074,true,1785415903146,LeaderAccept
1785415903101,true,1785415903173,LeaderAccept
1785415903129,false,1785415903201,LeaderAccept
1785415903157,true,1785415903229,LeaderAccept
1785415903185,false,1785415903257,LeaderAccept
1785415903214,true,1785415903285,LeaderAccept
1785415903243,false,1785415903315,LeaderAccept
1785415903272,true,1785415903345,LeaderAccept
1785415903303,true,1785415903375,LeaderAccept
1785415903333,true,1785415903405,LeaderAccept
1785415903364,true,1785415903436,LeaderAccept
1785415903395,true,1785415903467,LeaderAccept
1785415903427,true,1785415903500,LeaderAccept
1785415903460,true,1785415903533,LeaderAccept
1785415903493,false,1785415903566,LeaderAccept
1785415903526,false,1785415903598,LeaderAccept
1785415903560,false,1785415903632,LeaderAccept
1785415903595,false,1785415903666,LeaderAccept
1785415903630,false,1785415903703,LeaderAccept
1785415903666,true,1785415903738,LeaderAccept
1785415903702,false,1785415903775,LeaderAccept
1785415903739,true,1785415903812,LeaderAccept
1785415903777,true,1785415903848,LeaderAccept
1785415903815,false,1785415903888,LeaderAccept
1785415903853,false,1785415903925,LeaderAccept
1785415903892,true,1785415903965,LeaderAccept
1785415903932,false,1785415904004,LeaderAccept
1785415903973,true,1785415904045,LeaderAccept
1785415904014,false,1785415904086,LeaderAccept
1785415904057,false,1785415904129,LeaderAccept
1785415904100,true,1785415904172,LeaderAccept
1785415904144,false,1785415904216,LeaderAccept
1785415904189,true,1785415904247,FastAccept
1785415904235,false,1785415904294,FastAccept
1785415904282,true,1785415904371,SlowAccept
1785415904331,true,1785415904421,LeaderAccept
1785415904381,true,1785415904469,LeaderAccept
1785415904431,false,1785415904521,LeaderAccept
1785415904483,false,1785415904572,LeaderAccept
1785415904536,true,1785415904626,LeaderAccept
1785415904592,false,1785415904681,LeaderAccept
1785415904648,false,1785415904738,LeaderAccept
1785415904706,true,1785415904778,LeaderAccept
1785415904766,false,1785415904826,FastAccept
1785415904828,false,1785415904887,FastAccept
1785415904891,false,1785415904950,FastAccept
1785415904956,true,1785415905016,FastAccept
1785415905024,true,1785415905082,FastAccept
1785415905093,true,1785415905152,FastAccept
1785415905165,true,1785415905224,FastAccept
1785415905239,true,1785415905298,FastAccept
1785415905317,true,1785415905376,FastAccept
1785415905397,false,1785415905456,FastAccept
1785415905480,true,1785415905539,FastAccept
1785415905567,true,1785415905626,FastAccept
1785415905658,false,1785415905717,FastAccept
1785415905753,false,1785415905812,FastAccept
1785415905853,true,1785415905912,FastAccept
1785415905958,false,1785415906017,FastAccept
1785415906068,true,1785415906156,SlowAccept
1785415906184,false,1785415906272,LeaderAccept
1785415906307,true,1785415906395,LeaderAccept
1785415906438,true,1785415906510,LeaderAccept
1785415906577,false,1785415906665,LeaderAccept
1785415906726,true,1785415906798,LeaderAccept
1785415906886,false,1785415906958,LeaderAccept
1785415907060,false,1785415907132,LeaderAccept
1785415907250,false,1785415907322,LeaderAccept
1785415907459,true,1785415907531,LeaderAccept
1785415907690,true,1785415907762,LeaderAccept
1785415907950,true,1785415908039,LeaderAccept
1785415908246,true,1785415908336,LeaderAccept
1785415908590,false,1785415908680,LeaderAccept
1785415908996,true,1785415909085,LeaderAccept
1785415909494,false,1785415909583,LeaderAccept
1785415910132,true,1785415910221,SlowAccept
1785415911009,true,1785415911068,FastAccept
1785415912370,false,1785415912429,FastAccept
1785415915053,true,1785415915111,FastAccept
1785415916193,true,1785415916252,FastAccept
1785415916224,true,1785415916283,FastAccept
1785415916255,false,1785415916314,FastAccept
1785415916287,true,1785415916346,FastAccept
1785415916319,false,1785415916378,FastAccept
1785415916352,false,1785415916410,FastAccept
1785415916385,false,1785415916444,FastAccept
1785415916419,true,1785415916478,FastAccept
1785415916453,true,1785415916512,FastAccept
1785415916487,true,1785415916545,FastAccept
1785415916522,true,1785415916581,FastAccept
1785415916557,true,1785415916616,FastAccept
1785415916593,false,1785415916651,FastAccept
1785415916630,true,1785415916689,FastAccept
1785415916668,true,1785415916726,FastAccept
1785415916706,false,1785415916765,FastAccept
1785415916745,false,1785415916804,FastAccept
1785415916785,true,1785415916844,FastAccept
1785415916826,true,1785415916885,FastAccept
1785415916867,true,1785415916925,FastAccept
1785415916909,false,1785415916968,FastAccept
1785415916952,false,1785415917010,FastAccept
1785415916997,false,1785415917055,FastAccept
1785415917041,true,1785415917099,FastAccept
1785415917088,false,1785415917146,FastAccept
1785415917135,false,1785415917193,FastAccept
1785415917183,false,1785415917242,FastAccept
1785415917232,true,1785415917291,FastAccept
1785415917283,false,1785415917341,FastAccept
1785415917334,false,1785415917393,FastAccept
1785415917386,true,1785415917445,FastAccept
1785415917441,false,1785415917500,FastAccept
1785415917497,true,1785415917556,FastAccept
1785415917555,false,1785415917614,FastAccept
1785415917614,false,1785415917672,FastAccept
1785415917674,false,1785415917733,FastAccept
1785415917736,false,1785415917795,FastAccept
1785415917800,true,1785415917858,FastAccept
1785415917866,true,1785415917925,FastAccept
1785415917934,false,1785415917993,FastAccept
1785415918005,false,1785415918063,FastAccept
1785415918078,true,1785415918136,FastAccept
1785415918155,false,1785415918214,FastAccept
1785415918234,false,1785415918293,FastAccept
1785415918316,true,1785415918375,FastAccept
1785415918401,true,1785415918490,LeaderAccept
1785415918490,false,1785415918579,LeaderAccept
1785415918583,true,1785415918656,LeaderAccept
1785415918681,true,1785415918770,LeaderAccept
1785415918783,false,1785415918872,LeaderAccept
1785415918891,true,1785415918963,LeaderAccept
1785415919005,true,1785415919076,LeaderAccept
1785415919125,true,1785415919197,LeaderAccept
1785415919253,true,1785415919325,LeaderAccept
1785415919389,false,1785415919461,LeaderAccept
1785415919534,true,1785415919607,LeaderAccept
1785415919691,false,1785415919763,LeaderAccept
1785415919860,false,1785415919932,LeaderAccept
1785415920044,false,1785415920116,LeaderAccept
1785415920246,false,1785415920318,LeaderAccept
1785415920468,true,1785415920526,FastAccept
1785415920716,true,1785415920805,LeaderAccept
1785415920998,false,1785415921061,FastAccept
1785415921322,true,1785415921412,LeaderAccept
1785415921703,true,1785415921765,FastAccept
1785415922163,true,1785415922222,FastAccept
1785415922742,false,1785415922801,FastAccept
1785415923515,true,1785415923602,LeaderAccept
1785415924653,false,1785415924726,LeaderAccept
1785415926658,true,1785415926731,LeaderAccept
1785415932124,false,1785415932197,LeaderAccept
1785415956749,true,1785415956820,LeaderAccept
1785415956767,false,1785415956840,LeaderAccept
1785415956786,true,1785415956875,LeaderAccept
1785415956805,true,1785415956893,LeaderAccept
1785415956823,false,1785415956912,LeaderAccept
1785415956841,false,1785415956930,LeaderAccept
1785415956860,true,1785415956948,LeaderAccept
1785415956879,true,1785415956968,LeaderAccept
1785415956898,true,1785415956987,LeaderAccept
1785415956917,true,1785415956989,LeaderAccept
1785415956937,true,1785415957009,LeaderAccept
1785415956957,false,1785415957029,LeaderAccept
1785415956977,true,1785415957049,LeaderAccept
1785415956997,false,1785415957069,LeaderAccept
1785415957017,false,1785415957088,LeaderAccept
1785415957037,false,1785415957108,LeaderAccept
1785415957057,false,1785415957129,LeaderAccept
1785415957078,false,1785415957151,LeaderAccept
1785415957100,true,1785415957172,LeaderAccept
1785415957121,false,1785415957193,LeaderAccept
1785415957143,false,1785415957215,LeaderAccept
1785415957164,false,1785415957235,LeaderAccept
1785415957186,false,1785415957257,LeaderAccept
1785415957208,false,1785415957281,LeaderAccept
1785415957231,false,1785415957304,LeaderAccept
1785415957254,false,1785415957327,LeaderAccept
1785415957277,true,1785415957349,LeaderAccept
1785415957300,false,1785415957372,LeaderAccept
1785415957324,true,1785415957396,LeaderAccept
1785415957347,true,1785415957419,LeaderAccept
1785415957371,false,1785415957443,LeaderAccept
1785415957395,false,1785415957467,LeaderAccept
1785415957420,true,1785415957492,LeaderAccept
1785415957445,false,1785415957517,LeaderAccept
1785415957470,false,1785415957542,LeaderAccept
1785415957495,false,1785415957567,LeaderAccept
1785415957521,true,1785415957593,LeaderAccept
1785415957547,true,1785415957619,LeaderAccept
1785415957573,true,1785415957645,LeaderAccept
1785415957600,false,1785415957672,LeaderAccept
1785415957627,true,1785415957699,LeaderAccept
1785415957654,true,1785415957726,LeaderAccept
1785415957681,true,1785415957753,LeaderAccept
1785415957690,false,1785415957762,LeaderAccept
1785415957717,false,1785415957789,LeaderAccept
1785415957745,false,1785415957817,LeaderAccept
1785415957773,false,1785415957846,LeaderAccept
1785415957802,false,1785415957875,LeaderAccept
1785415957831,true,1785415957903,LeaderAccept
1785415957860,false,1785415957932,LeaderAccept
1785415957890,true,1785415957963,LeaderAccept
1785415957921,true,1785415957993,LeaderAccept
1785415957952,false,1785415958024,LeaderAccept
1785415957983,true,1785415958055,LeaderAccept
1785415958014,false,1785415958085,LeaderAccept
1785415958046,true,1785415958118,LeaderAccept
1785415958078,true,1785415958150,LeaderAccept
1785415958111,false,1785415958183,LeaderAccept
1785415958145,true,1785415958217,LeaderAccept
1785415958178,true,1785415958251,LeaderAccept
1785415958212,false,1785415958285,LeaderAccept
1785415958248,false,1785415958320,LeaderAccept
1785415958284,true,1785415958356,LeaderAccept
1785415958320,true,1785415958393,LeaderAccept
1785415958357,true,1785415958429,LeaderAccept
1785415958395,true,1785415958467,LeaderAccept
1785415958433,false,1785415958505,LeaderAccept
1785415958471,false,1785415958544,LeaderAccept
1785415958512,true,1785415958583,LeaderAccept
1785415958552,true,1785415958624,LeaderAccept
1785415958594,true,1785415958666,LeaderAccept
1785415958636,false,1785415958708,LeaderAccept
1785415958679,true,1785415958751,LeaderAccept
1785415958723,true,1785415958795,LeaderAccept
1785415958768,true,1785415958840,LeaderAccept
1785415958814,false,1785415958886,LeaderAccept
1785415958861,true,1785415958933,LeaderAccept
1785415958909,false,1785415958981,LeaderAccept
1785415958959,false,1785415959031,LeaderAccept
1785415959010,true,1785415959082,LeaderAccept
1785415959061,false,1785415959133,LeaderAccept
1785415959114,true,1785415959186,LeaderAccept
1785415959169,true,1785415959242,LeaderAccept
1785415959225,true,1785415959298,LeaderAccept
1785415959282,false,1785415959354,LeaderAccept
1785415959341,true,1785415959413,LeaderAccept
1785415959401,false,1785415959474,LeaderAccept
1785415959464,false,1785415959536,LeaderAccept
1785415959529,false,1785415959602,LeaderAccept
1785415959596,false,1785415959668,LeaderAccept
1785415959665,true,1785415959755,LeaderAccept
1785415959737,true,1785415959826,SlowAccept
1785415959811,false,1785415959884,LeaderAccept
1785415959888,false,1785415959943,FastAccept
1785415959968,true,1785415960023,FastAccept
1785415960051,false,1785415960106,FastAccept
1785415960137,true,1785415960226,LeaderAccept
1785415960226,true,1785415960315,SlowAccept
1785415960320,true,1785415960375,FastAccept
1785415960418,false,1785415960490,LeaderAccept
1785415960521,true,1785415960610,LeaderAccept
1785415960630,false,1785415960702,LeaderAccept
1785415960745,false,1785415960817,LeaderAccept
1785415960867,false,1785415960940,LeaderAccept
1785415960996,false,1785415961068,LeaderAccept
1785415961134,true,1785415961206,LeaderAccept
1785415961281,true,1785415961354,LeaderAccept
1785415961440,false,1785415961513,LeaderAccept
1785415961612,false,1785415961684,LeaderAccept
1785415961798,false,1785415961871,LeaderAccept
1785415962003,false,1785415962076,LeaderAccept
1785415962230,true,1785415962319,LeaderAccept
1785415962484,false,1785415962539,FastAccept
1785415962772,false,1785415962828,FastAccept
1785415963105,false,1785415963160,FastAccept
1785415963497,true,1785415963552,FastAccept
1785415963974,false,1785415964029,FastAccept
1785415964579,true,1785415964668,SlowAccept
1785415965397,false,1785415965453,FastAccept
1785415966628,false,1785415966718,LeaderAccept
1785415968907,false,1785415968997,LeaderAccept
1785415976026,false,1785415976082,FastAccept
1785415977732,true,1785415977787,FastAccept
1785415977748,true,1785415977803,FastAccept
1785415977763,false,1785415977819,FastAccept
1785415977778,false,1785415977833,FastAccept
1785415977793,true,1785415977848,FastAccept
1785415977808,true,1785415977864,FastAccept
1785415977823,false,1785415977878,FastAccept
1785415977839,false,1785415977895,FastAccept
1785415977855,false,1785415977911,FastAccept
1785415977871,true,1785415977927,FastAccept
1785415977888,false,1785415977943,FastAccept
1785415977904,false,1785415977960,FastAccept
1785415977920,false,1785415977976,FastAccept
1785415977936,false,1785415977991,FastAccept
1785415977952,false,1785415978007,FastAccept
1785415977969,true,1785415978024,FastAccept
1785415977985,true,1785415978041,FastAccept
1785415978002,true,1785415978057,FastAccept
1785415978019,true,1785415978075,FastAccept
1785415978037,true,1785415978092,FastAccept
1785415978054,false,1785415978108,FastAccept
1785415978071,true,1785415978125,FastAccept
1785415978088,true,1785415978144,FastAccept
1785415978106,true,1785415978161,FastAccept
1785415978124,false,1785415978180,FastAccept
1785415978142,true,1785415978197,FastAccept
1785415978159,true,1785415978215,FastAccept
1785415978178,true,1785415978233,FastAccept
1785415978197,true,1785415978252,FastAccept
1785415978216,true,1785415978271,FastAccept
1785415978235,false,1785415978290,FastAccept
1785415978254,true,1785415978309,FastAccept
1785415978273,false,1785415978328,FastAccept
1785415978293,false,1785415978349,FastAccept
1785415978313,true,1785415978368,FastAccept
1785415978333,true,1785415978388,FastAccept
1785415978353,false,1785415978409,FastAccept
1785415978373,false,1785415978429,FastAccept
1785415978393,true,1785415978448,FastAccept
1785415978414,false,1785415978469,FastAccept
1785415978434,false,1785415978489,FastAccept
1785415978454,true,1785415978509,FastAccept
1785415978474,false,1785415978530,FastAccept
1785415978496,false,1785415978551,FastAccept
1785415978517,false,1785415978573,FastAccept
1785415978539,false,1785415978595,FastAccept
1785415978561,true,1785415978617,FastAccept
1785415978583,true,1785415978639,FastAccept
1785415978605,false,1785415978661,FastAccept
1785415978628,false,1785415978684,FastAccept
1785415978651,false,1785415978706,FastAccept
1785415978674,true,1785415978730,FastAccept
1785415978697,false,1785415978753,FastAccept
1785415978720,true,1785415978776,FastAccept
1785415978744,false,1785415978799,FastAccept
1785415978768,false,1785415978824,FastAccept
1785415978792,false,1785415978848,FastAccept
1785415978817,false,1785415978873,FastAccept
1785415978842,true,1785415978898,FastAccept
1785415978867,true,1785415978923,FastAccept
1785415978893,true,1785415978949,FastAccept
1785415978919,false,1785415978974,FastAccept
1785415978945,true,1785415979000,FastAccept
1785415978970,false,1785415979026,FastAccept
1785415978997,false,1785415979053,FastAccept
1785415979024,false,1785415979079,FastAccept
1785415979051,false,1785415979107,FastAccept
1785415979079,true,1785415979134,FastAccept
1785415979107,true,1785415979162,FastAccept
1785415979135,true,1785415979190,FastAccept
1785415979164,false,1785415979220,FastAccept
1785415979193,true,1785415979248,FastAccept
1785415979222,true,1785415979311,SlowAccept
1785415979252,false,1785415979340,SlowAccept
1785415979282,true,1785415979354,LeaderAccept
1785415979313,false,1785415979401,LeaderAccept
1785415979344,false,1785415979432,LeaderAccept
1785415979375,false,1785415979463,LeaderAccept
1785415979407,true,1785415979495,LeaderAccept
1785415979439,true,1785415979529,LeaderAccept
1785415979472,false,1785415979561,LeaderAccept
1785415979506,false,1785415979595,LeaderAccept
1785415979540,true,1785415979629,LeaderAccept
1785415979575,true,1785415979664,LeaderAccept
1785415979611,false,1785415979700,LeaderAccept
1785415979647,false,1785415979736,LeaderAccept
1785415979684,false,1785415979774,LeaderAccept
1785415979722,true,1785415979811,LeaderAccept
1785415979760,true,1785415979849,LeaderAccept
1785415979799,false,1785415979889,LeaderAccept
1785415979839,true,1785415979911,LeaderAccept
1785415979880,false,1785415979953,LeaderAccept
1785415979921,false,1785415979993,LeaderAccept
1785415979963,false,1785415980035,LeaderAccept
1785415980005,true,1785415980078,LeaderAccept
1785415980049,true,1785415980121,LeaderAccept
1785415980093,false,1785415980165,LeaderAccept
1785415980139,false,1785415980211,LeaderAccept
1785415980186,true,1785415980258,LeaderAccept
1785415980234,true,1785415980305,LeaderAccept
1785415980282,true,1785415980355,LeaderAccept
1785415980333,false,1785415980405,LeaderAccept
1785415980384,false,1785415980456,LeaderAccept
1785415980436,false,1785415980509,LeaderAccept
1785415980491,true,1785415980564,LeaderAccept
1785415980547,false,1785415980619,LeaderAccept
1785415980604,true,1785415980676,LeaderAccept
1785415980663,false,1785415980735,LeaderAccept
1785415980724,true,1785415980795,LeaderAccept
1785415980734,true,1785415980806,LeaderAccept
1785415980758,false,1785415980830,LeaderAccept
1785415980783,true,1785415980855,LeaderAccept
1785415980806,true,1785415980878,LeaderAccept
1785415980830,true,1785415980902,LeaderAccept
1785415980855,false,1785415980927,LeaderAccept
1785415980879,false,1785415980951,LeaderAccept
1785415980905,true,1785415980977,LeaderAccept
1785415980931,false,1785415981002,LeaderAccept
1785415980957,false,1785415981029,LeaderAccept
1785415980983,true,1785415981056,LeaderAccept
1785415981010,true,1785415981082,LeaderAccept
1785415981037,false,1785415981109,LeaderAccept
1785415981065,true,1785415981136,LeaderAccept
1785415981093,false,1785415981165,LeaderAccept
1785415981121,false,1785415981193,LeaderAccept
1785415981150,true,1785415981222,LeaderAccept
1785415981179,false,1785415981251,LeaderAccept
1785415981208,false,1785415981281,LeaderAccept
1785415981238,false,1785415981310,LeaderAccept
1785415981268,false,1785415981341,LeaderAccept
1785415981299,true,1785415981372,LeaderAccept
1785415981331,true,1785415981403,LeaderAccept
1785415981363,true,1785415981436,LeaderAccept
1785415981396,false,1785415981468,LeaderAccept
1785415981429,true,1785415981501,LeaderAccept
1785415981463,true,1785415981536,LeaderAccept
1785415981497,true,1785415981571,LeaderAccept
1785415981532,false,1785415981604,LeaderAccept
1785415981567,true,1785415981638,LeaderAccept
1785415981603,true,1785415981675,LeaderAccept
1785415981638,false,1785415981710,LeaderAccept
1785415981675,false,1785415981747,LeaderAccept
1785415981713,false,1785415981785,LeaderAccept
1785415981751,false,1785415981824,LeaderAccept
1785415981790,false,1785415981862,LeaderAccept
1785415981829,true,1785415981901,LeaderAccept
1785415981870,true,1785415981942,LeaderAccept
1785415981911,true,1785415981983,LeaderAccept
1785415981952,false,1785415982025,LeaderAccept
1785415981995,true,1785415982068,LeaderAccept
1785415982038,true,1785415982111,LeaderAccept
1785415982083,false,1785415982156,LeaderAccept
1785415982129,true,1785415982201,LeaderAccept
1785415982176,true,1785415982248,LeaderAccept
1785415982223,false,1785415982296,LeaderAccept
1785415982272,true,1785415982345,LeaderAccept
1785415982322,true,1785415982394,LeaderAccept
1785415982373,true,1785415982446,LeaderAccept
1785415982426,false,1785415982499,LeaderAccept
1785415982480,false,1785415982553,LeaderAccept
1785415982535,false,1785415982608,LeaderAccept
1785415982592,false,1785415982664,LeaderAccept
1785415982651,false,1785415982723,LeaderAccept
1785415982711,true,1785415982783,LeaderAccept
1785415982773,false,1785415982845,LeaderAccept
1785415982837,true,1785415982892,FastAccept
1785415982902,true,1785415982957,FastAccept
1785415982970,true,1785415983026,FastAccept
1785415983041,false,1785415983103,FastAccept
1785415983114,false,1785415983204,SlowAccept
1785415983190,true,1785415983279,SlowAccept
1785415983268,false,1785415983357,SlowAccept
1785415983348,true,1785415983438,SlowAccept
1785415983433,true,1785415983523,SlowAccept
1785415983521,true,1785415983610,SlowAccept
1785415983612,false,1785415983702,LeaderAccept
1785415983709,false,1785415983798,LeaderAccept
1785415983810,false,1785415983899,LeaderAccept
1785415983916,false,1785415984006,LeaderAccept
1785415984028,true,1785415984118,LeaderAccept
1785415984146,true,1785415984235,LeaderAccept
1785415984271,false,1785415984361,LeaderAccept
1785415984405,true,1785415984460,FastAccept
1785415984547,true,1785415984602,FastAccept
1785415984700,true,1785415984755,FastAccept
1785415984865,true,1785415984921,FastAccept
1785415985044,false,1785415985099,FastAccept
1785415985240,true,1785415985296,FastAccept
1785415985456,true,1785415985512,FastAccept
1785415985696,false,1785415985752,FastAccept
1785415985967,false,1785415986023,FastAccept
1785415986277,true,1785415986334,FastAccept
1785415986639,false,1785415986694,FastAccept
1785415987072,false,1785415987127,FastAccept
1785415987609,true,1785415987665,FastAccept
1785415988312,true,1785415988367,FastAccept
1785415989310,true,1785415989366,FastAccept
1785415990952,true,1785415991008,FastAccept
1785415994685,false,1785415994740,FastAccept
1785416018809,false,1785416018898,SlowAccept
1785416034362,false,1785416034495,LeaderAccept
1785416034377,true,1785416034466,SlowAccept
1785416034392,true,1785416034481,SlowAccept
1785416034407,true,1785416034495,SlowAccept
1785416034422,true,1785416034511,LeaderAccept
1785416034438,false,1785416034526,LeaderAccept
1785416034453,false,1785416034541,LeaderAccept
1785416034469,true,1785416034557,LeaderAccept
1785416034485,true,1785416034572,LeaderAccept
1785416034501,true,1785416034589,LeaderAccept
1785416034517,false,1785416034605,LeaderAccept
1785416034533,true,1785416034621,LeaderAccept
1785416034549,false,1785416034637,LeaderAccept
1785416034565,false,1785416034654,LeaderAccept
1785416034581,true,1785416034670,LeaderAccept
1785416034598,false,1785416034670,LeaderAccept
1785416034615,false,1785416034686,LeaderAccept
1785416034632,false,1785416034704,LeaderAccept
1785416034649,true,1785416034720,LeaderAccept
1785416034666,false,1785416034738,LeaderAccept
1785416034684,false,1785416034756,LeaderAccept
1785416034701,true,1785416034773,LeaderAccept
1785416034719,true,1785416034791,LeaderAccept
1785416034737,false,1785416034809,LeaderAccept
1785416034755,true,1785416034827,LeaderAccept
1785416034773,true,1785416034845,LeaderAccept
1785416034791,true,1785416034865,LeaderAccept
1785416034810,true,1785416034882,LeaderAccept
1785416034828,false,1785416034901,LeaderAccept
1785416034847,false,1785416034919,LeaderAccept
1785416034866,true,1785416034939,LeaderAccept
1785416034885,true,1785416034958,LeaderAccept
1785416034905,true,1785416034977,LeaderAccept
1785416034924,true,1785416034996,LeaderAccept
1785416034944,true,1785416035015,LeaderAccept
1785416034963,false,1785416035036,LeaderAccept
1785416034983,true,1785416035055,LeaderAccept
1785416035003,true,1785416035075,LeaderAccept
1785416035023,false,1785416035095,LeaderAccept
1785416035044,false,1785416035115,LeaderAccept
1785416035065,false,1785416035137,LeaderAccept
1785416035086,true,1785416035157,LeaderAccept
1785416035107,true,1785416035178,LeaderAccept
1785416035128,false,1785416035199,LeaderAccept
1785416035149,false,1785416035221,LeaderAccept
1785416035171,false,1785416035243,LeaderAccept
1785416035193,false,1785416035265,LeaderAccept
1785416035215,false,1785416035287,LeaderAccept
1785416035237,false,1785416035309,LeaderAccept
1785416035260,false,1785416035331,LeaderAccept
1785416035282,false,1785416035353,LeaderAccept
1785416035305,false,1785416035378,LeaderAccept
1785416035329,false,1785416035401,LeaderAccept
1785416035353,false,1785416035425,LeaderAccept
1785416035377,false,1785416035449,LeaderAccept
1785416035401,false,1785416035474,LeaderAccept
1785416035426,true,1785416035497,LeaderAccept
1785416035451,true,1785416035524,LeaderAccept
1785416035477,false,1785416035549,LeaderAccept
1785416035502,false,1785416035573,LeaderAccept
1785416035527,true,1785416035599,LeaderAccept
1785416035553,true,1785416035625,LeaderAccept
1785416035579,false,1785416035652,LeaderAccept
1785416035606,false,1785416035679,LeaderAccept
1785416035633,false,1785416035706,LeaderAccept
1785416035661,false,1785416035733,LeaderAccept
1785416035689,true,1785416035761,LeaderAccept
1785416035717,true,1785416035790,LeaderAccept
1785416035745,true,1785416035817,LeaderAccept
1785416035774,true,1785416035846,LeaderAccept
1785416035804,false,1785416035876,LeaderAccept
1785416035834,true,1785416035907,LeaderAccept
1785416035863,false,1785416035936,LeaderAccept
1785416035894,false,1785416035966,LeaderAccept
1785416035925,true,1785416035997,LeaderAccept
1785416035957,false,1785416036029,LeaderAccept
1785416035989,false,1785416036061,LeaderAccept
1785416036021,false,1785416036093,LeaderAccept
1785416036054,false,1785416036126,LeaderAccept
1785416036087,true,1785416036159,LeaderAccept
1785416036121,false,1785416036193,LeaderAccept
1785416036156,true,1785416036228,LeaderAccept
1785416036191,false,1785416036263,LeaderAccept
1785416036226,true,1785416036298,LeaderAccept
1785416036262,false,1785416036351,LeaderAccept
1785416036299,true,1785416036388,LeaderAccept
1785416036337,true,1785416036410,LeaderAccept
1785416036376,false,1785416036448,LeaderAccept
1785416036415,false,1785416036504,LeaderAccept
1785416036455,true,1785416036544,LeaderAccept
1785416036495,true,1785416036568,LeaderAccept
1785416036535,false,1785416036608,LeaderAccept
1785416036578,false,1785416036651,LeaderAccept
1785416036621,true,1785416036693,LeaderAccept
1785416036664,true,1785416036737,LeaderAccept
1785416036709,false,1785416036764,FastAccept
1785416036754,false,1785416036843,SlowAccept
1785416036802,false,1785416036891,LeaderAccept
1785416036848,true,1785416036938,LeaderAccept
1785416036896,false,1785416036986,LeaderAccept
1785416036947,true,1785416037019,LeaderAccept
1785416036998,true,1785416037070,LeaderAccept
1785416037051,true,1785416037106,FastAccept
1785416037105,true,1785416037160,FastAccept
1785416037160,false,1785416037215,FastAccept
1785416037216,false,1785416037271,FastAccept
1785416037275,false,1785416037330,FastAccept
1785416037335,true,1785416037408,LeaderAccept
1785416037397,false,1785416037452,FastAccept
1785416037460,false,1785416037515,FastAccept
1785416037526,false,1785416037582,FastAccept
1785416037594,false,1785416037649,FastAccept
1785416037664,false,1785416037719,FastAccept
1785416037737,false,1785416037792,FastAccept
1785416037813,true,1785416037868,FastAccept
1785416037891,false,1785416037947,FastAccept
1785416037973,false,1785416038028,FastAccept
1785416038058,false,1785416038146,LeaderAccept
1785416038146,false,1785416038202,FastAccept
1785416038238,true,1785416038293,FastAccept
1785416038334,true,1785416038389,FastAccept
1785416038435,true,1785416038491,FastAccept
1785416038542,true,1785416038597,FastAccept
1785416038654,true,1785416038710,FastAccept
1785416038773,false,1785416038828,FastAccept
1785416038898,true,1785416038953,FastAccept
1785416039031,true,1785416039086,FastAccept
1785416039175,true,1785416039230,FastAccept
1785416039328,false,1785416039383,FastAccept
1785416039493,false,1785416039549,FastAccept
1785416039673,true,1785416039729,FastAccept
1785416039870,true,1785416039926,FastAccept
1785416040087,true,1785416040142,FastAccept
1785416040329,true,1785416040384,FastAccept
1785416040601,false,1785416040656,FastAccept
1785416040913,true,1785416040968,FastAccept
1785416041277,false,1785416041333,FastAccept
1785416041714,true,1785416041769,FastAccept
1785416042257,false,1785416042346,LeaderAccept
1785416042969,true,1785416043040,LeaderAccept
1785416043985,false,1785416044057,LeaderAccept
1785416045673,false,1785416045763,LeaderAccept
1785416049599,false,1785416049654,FastAccept
1785416054320,false,1785416054375,FastAccept
1785416054340,true,1785416054396,FastAccept
1785416054361,false,1785416054416,FastAccept
1785416054382,true,1785416054438,FastAccept
1785416054404,false,1785416054459,FastAccept
1785416054425,false,1785416054481,FastAccept
1785416054447,false,1785416054503,FastAccept
1785416054470,false,1785416054526,FastAccept
1785416054493,false,1785416054548,FastAccept
1785416054515,false,1785416054570,FastAccept
1785416054538,false,1785416054593,FastAccept
1785416054561,false,1785416054616,FastAccept
1785416054584,false,1785416054639,FastAccept
1785416054608,true,1785416054663,FastAccept
1785416054632,true,1785416054688,FastAccept
1785416054655,false,1785416054711,FastAccept
1785416054679,false,1785416054735,FastAccept
1785416054704,true,1785416054759,FastAccept
1785416054729,false,1785416054784,FastAccept
1785416054754,false,1785416054810,FastAccept
1785416054780,true,1785416054835,FastAccept
1785416054806,false,1785416054861,FastAccept
1785416054832,true,1785416054887,FastAccept
1785416054859,true,1785416054948,SlowAccept
1785416054886,true,1785416054975,SlowAccept
1785416054913,true,1785416055002,LeaderAccept
1785416054941,false,1785416055029,LeaderAccept
1785416054969,true,1785416055058,LeaderAccept
1785416054996,true,1785416055084,LeaderAccept
1785416055025,true,1785416055113,LeaderAccept
1785416055054,false,1785416055125,LeaderAccept
1785416055083,true,1785416055155,LeaderAccept
1785416055112,true,1785416055201,LeaderAccept
1785416055143,true,1785416055231,LeaderAccept
1785416055174,true,1785416055262,LeaderAccept
1785416055205,false,1785416055294,LeaderAccept
1785416055237,true,1785416055325,LeaderAccept
1785416055269,true,1785416055359,LeaderAccept
1785416055301,true,1785416055390,LeaderAccept
1785416055334,true,1785416055423,LeaderAccept
1785416055368,false,1785416055457,LeaderAccept
1785416055402,true,1785416055475,LeaderAccept
1785416055437,false,1785416055509,LeaderAccept
1785416055472,false,1785416055544,LeaderAccept
1785416055507,false,1785416055580,LeaderAccept
1785416055544,false,1785416055616,LeaderAccept
1785416055581,false,1785416055654,LeaderAccept
1785416055619,false,1785416055691,LeaderAccept
1785416055658,true,1785416055730,LeaderAccept
1785416055697,false,1785416055770,LeaderAccept
1785416055737,false,1785416055810,LeaderAccept
1785416055778,false,1785416055850,LeaderAccept
1785416055820,false,1785416055892,LeaderAccept
1785416055863,false,1785416055936,LeaderAccept
1785416055907,true,1785416055980,LeaderAccept
1785416055951,true,1785416056023,LeaderAccept
1785416055996,false,1785416056067,LeaderAccept
1785416056042,false,1785416056114,LeaderAccept
1785416056090,true,1785416056162,LeaderAccept
1785416056138,false,1785416056211,LeaderAccept
1785416056188,false,1785416056260,LeaderAccept
1785416056239,true,1785416056294,FastAccept
1785416056290,true,1785416056346,FastAccept
1785416056344,false,1785416056432,LeaderAccept
1785416056399,true,1785416056488,LeaderAccept
1785416056456,true,1785416056528,LeaderAccept
1785416056514,true,1785416056603,LeaderAccept
1785416056572,true,1785416056645,LeaderAccept
1785416056634,true,1785416056706,LeaderAccept
1785416056697,false,1785416056769,LeaderAccept
1785416056762,true,1785416056835,LeaderAccept
1785416056830,true,1785416056902,LeaderAccept
1785416056900,true,1785416056972,LeaderAccept
1785416056972,false,1785416057044,LeaderAccept
1785416057046,false,1785416057119,LeaderAccept
1785416057124,false,1785416057197,LeaderAccept
1785416057204,true,1785416057277,LeaderAccept
1785416057289,false,1785416057360,LeaderAccept
1785416057376,false,1785416057448,LeaderAccept
1785416057467,false,1785416057540,LeaderAccept
1785416057562,true,1785416057634,LeaderAccept
1785416057662,true,1785416057736,LeaderAccept
1785416057767,false,1785416057841,LeaderAccept
1785416057878,false,1785416057951,LeaderAccept
1785416057995,false,1785416058083,SlowAccept
1785416058119,false,1785416058208,SlowAccept
1785416058250,false,1785416058339,SlowAccept
1785416058391,true,1785416058481,SlowAccept
1785416058542,true,1785416058631,SlowAccept
1785416058704,false,1785416058766,FastAccept
1785416058880,false,1785416058936,FastAccept
1785416059072,true,1785416059127,FastAccept
1785416059283,true,1785416059340,FastAccept
1785416059518,true,1785416059573,FastAccept
1785416059781,true,1785416059837,FastAccept
1785416060082,true,1785416060137,FastAccept
1785416060431,true,1785416060487,FastAccept
1785416060847,true,1785416060902,FastAccept
1785416061358,false,1785416061414,FastAccept
1785416062018,false,1785416062073,FastAccept
1785416062935,false,1785416063024,LeaderAccept
1785416064383,true,1785416064438,FastAccept
1785416067371,false,1785416067426,FastAccept
1785416075843,false,1785416075898,FastAccept
1785416075859,false,1785416075914,FastAccept
1785416075874,false,1785416075936,FastAccept
1785416075891,true,1785416075953,FastAccept
1785416075908,true,1785416075969,FastAccept
1785416075924,true,1785416075986,FastAccept
1785416075941,false,1785416076003,FastAccept
1785416075958,false,1785416076020,FastAccept
1785416075975,false,1785416076036,FastAccept
1785416075992,true,1785416076054,FastAccept
1785416076010,false,1785416076073,FastAccept
1785416076028,true,1785416076090,FastAccept
1785416076046,true,1785416076107,FastAccept
1785416076064,true,1785416076125,FastAccept
1785416076082,false,1785416076143,FastAccept
1785416076100,true,1785416076162,FastAccept
1785416076117,true,1785416076180,FastAccept
1785416076136,false,1785416076225,SlowAccept
1785416076153,true,1785416076242,LeaderAccept
1785416076172,false,1785416076261,LeaderAccept
1785416076191,true,1785416076279,LeaderAccept
1785416076210,false,1785416076298,LeaderAccept
1785416076229,false,1785416076318,LeaderAccept
1785416076249,true,1785416076338,LeaderAccept
1785416076269,true,1785416076358,LeaderAccept
1785416076289,false,1785416076362,LeaderAccept
1785416076308,true,1785416076382,LeaderAccept
1785416076328,true,1785416076401,LeaderAccept
1785416076349,true,1785416076422,LeaderAccept
1785416076369,false,1785416076442,LeaderAccept
1785416076390,false,1785416076463,LeaderAccept
1785416076411,true,1785416076484,LeaderAccept
1785416076432,false,1785416076505,LeaderAccept
1785416076452,false,1785416076525,LeaderAccept
1785416076474,true,1785416076548,LeaderAccept
1785416076496,false,1785416076569,LeaderAccept
1785416076518,true,1785416076592,LeaderAccept
1785416076540,false,1785416076613,LeaderAccept
1785416076562,false,1785416076635,LeaderAccept
1785416076584,false,1785416076657,LeaderAccept
1785416076607,false,1785416076680,LeaderAccept
1785416076630,true,1785416076703,LeaderAccept
1785416076654,false,1785416076727,LeaderAccept
1785416076678,true,1785416076751,LeaderAccept
1785416076702,false,1785416076775,LeaderAccept
1785416076726,true,1785416076799,LeaderAccept
1785416076751,false,1785416076824,LeaderAccept
1785416076776,true,1785416076849,LeaderAccept
1785416076801,false,1785416076874,LeaderAccept
1785416076827,false,1785416076901,LeaderAccept
1785416076852,false,1785416076925,LeaderAccept
1785416076877,true,1785416076950,LeaderAccept
1785416076904,true,1785416076977,LeaderAccept
1785416076930,true,1785416077004,LeaderAccept
1785416076957,true,1785416077030,LeaderAccept
1785416076984,true,1785416077057,LeaderAccept
1785416077012,true,1785416077085,LeaderAccept
1785416077040,true,1785416077113,LeaderAccept
1785416077068,false,1785416077142,LeaderAccept
1785416077096,true,1785416077169,LeaderAccept
1785416077125,true,1785416077198,LeaderAccept
1785416077154,true,1785416077227,LeaderAccept
1785416077184,true,1785416077257,LeaderAccept
1785416077215,false,1785416077288,LeaderAccept
1785416077246,true,1785416077319,LeaderAccept
1785416077277,true,1785416077351,LeaderAccept
1785416077309,false,1785416077382,LeaderAccept
1785416077342,false,1785416077415,LeaderAccept
1785416077374,true,1785416077448,LeaderAccept
1785416077409,false,1785416077482,LeaderAccept
1785416077442,false,1785416077515,LeaderAccept
1785416077476,false,1785416077549,LeaderAccept
1785416077511,false,1785416077584,LeaderAccept
1785416077546,false,1785416077619,LeaderAccept
1785416077583,true,1785416077655,LeaderAccept
1785416077619,false,1785416077692,LeaderAccept
1785416077655,true,1785416077728,LeaderAccept
1785416077693,true,1785416077766,LeaderAccept
1785416077732,false,1785416077805,LeaderAccept
1785416077770,true,1785416077844,LeaderAccept
1785416077811,false,1785416077900,LeaderAccept
1785416077852,false,1785416077940,LeaderAccept
1785416077894,false,1785416077983,LeaderAccept
1785416077937,false,1785416078026,LeaderAccept
1785416077981,true,1785416078054,LeaderAccept
1785416078026,false,1785416078098,LeaderAccept
1785416078071,true,1785416078160,LeaderAccept
1785416078117,true,1785416078190,LeaderAccept
1785416078163,true,1785416078236,LeaderAccept
1785416078212,true,1785416078285,LeaderAccept
1785416078262,true,1785416078317,FastAccept
1785416078313,false,1785416078369,FastAccept
1785416078365,true,1785416078420,FastAccept
1785416078419,false,1785416078475,FastAccept
1785416078474,true,1785416078530,FastAccept
1785416078531,true,1785416078586,FastAccept
1785416078588,true,1785416078644,FastAccept
1785416078648,false,1785416078704,FastAccept
1785416078710,false,1785416078766,FastAccept
1785416078773,true,1785416078829,FastAccept
1785416078839,false,1785416078894,FastAccept
1785416078907,false,1785416078962,FastAccept
1785416078976,false,1785416079032,FastAccept
1785416079049,false,1785416079104,FastAccept
1785416079124,true,1785416079180,FastAccept
1785416079202,true,1785416079257,FastAccept
1785416079283,true,1785416079338,FastAccept
1785416079367,true,1785416079423,FastAccept
1785416079454,true,1785416079509,FastAccept
1785416079546,false,1785416079601,FastAccept
1785416079642,false,1785416079698,FastAccept
1785416079743,true,1785416079798,FastAccept
1785416079849,true,1785416079904,FastAccept
1785416079960,false,1785416080015,FastAccept
1785416080077,true,1785416080166,SlowAccept
1785416080201,false,1785416080257,FastAccept
1785416080334,true,1785416080390,FastAccept
1785416080476,true,1785416080532,FastAccept
1785416080628,false,1785416080683,FastAccept
1785416080791,true,1785416080847,FastAccept
1785416080969,false,1785416081025,FastAccept
1785416081163,true,1785416081219,FastAccept
1785416081377,false,1785416081433,FastAccept
1785416081615,true,1785416081671,FastAccept
1785416081883,false,1785416081973,LeaderAccept
1785416082189,true,1785416082277,LeaderAccept
1785416082545,false,1785416082634,LeaderAccept
1785416082970,false,1785416083043,LeaderAccept
1785416083495,true,1785416083568,LeaderAccept
1785416084178,false,1785416084268,SlowAccept
1785416085138,true,1785416085227,LeaderAccept
1785416086688,false,1785416086743,FastAccept
1785416090051,false,1785416090105,FastAccept
1785416101688,false,1785416101743,FastAccept
1785416101711,false,1785416101767,FastAccept
1785416101735,true,1785416101790,FastAccept
1785416101758,false,1785416101813,FastAccept
1785416101782,false,1785416101837,FastAccept
1785416101807,false,1785416101862,FastAccept
1785416101833,true,1785416101888,FastAccept
1785416101858,false,1785416101913,FastAccept
1785416101883,true,1785416101938,FastAccept
1785416101908,false,1785416101963,FastAccept
1785416101934,false,1785416101990,FastAccept
1785416101961,true,1785416102016,FastAccept
1785416101987,false,1785416102043,FastAccept
1785416102014,false,1785416102069,FastAccept
1785416102041,false,1785416102096,FastAccept
1785416102068,true,1785416102123,FastAccept
1785416102096,false,1785416102150,FastAccept
1785416102123,false,1785416102178,FastAccept
1785416102152,false,1785416102208,FastAccept
1785416102181,true,1785416102236,FastAccept
1785416102210,false,1785416102266,FastAccept
1785416102240,false,1785416102296,FastAccept
1785416102270,true,1785416102325,FastAccept
1785416102301,false,1785416102357,FastAccept
1785416102333,false,1785416102388,FastAccept
1785416102364,true,1785416102419,FastAccept
1785416102395,true,1785416102451,FastAccept
1785416102428,true,1785416102484,FastAccept
1785416102462,true,1785416102517,FastAccept
1785416102496,false,1785416102553,FastAccept
1785416102531,false,1785416102586,FastAccept
1785416102566,true,1785416102622,FastAccept
1785416102601,true,1785416102656,FastAccept
1785416102637,false,1785416102692,FastAccept
1785416102673,true,1785416102728,FastAccept
1785416102710,true,1785416102766,FastAccept
1785416102748,false,1785416102804,FastAccept
1785416102787,false,1785416102843,FastAccept
1785416102827,true,1785416102882,FastAccept
1785416102867,true,1785416102923,FastAccept
1785416102908,true,1785416102964,FastAccept
1785416102950,true,1785416103039,SlowAccept
1785416102993,false,1785416103081,LeaderAccept
1785416103037,true,1785416103125,LeaderAccept
1785416103081,true,1785416103170,LeaderAccept
1785416103125,false,1785416103214,LeaderAccept
1785416103172,false,1785416103262,LeaderAccept
1785416103220,false,1785416103309,LeaderAccept
1785416103269,false,1785416103357,LeaderAccept
1785416103319,false,1785416103408,LeaderAccept
1785416103370,false,1785416103459,LeaderAccept
1785416103422,false,1785416103495,LeaderAccept
1785416103476,false,1785416103550,LeaderAccept
1785416103531,true,1785416103604,LeaderAccept
1785416103587,false,1785416103660,LeaderAccept
1785416103645,false,1785416103718,LeaderAccept
1785416103704,false,1785416103778,LeaderAccept
1785416103766,true,1785416103840,LeaderAccept
1785416103830,false,1785416103903,LeaderAccept
1785416103896,true,1785416103969,LeaderAccept
1785416103964,false,1785416104038,LeaderAccept
1785416104034,false,1785416104107,LeaderAccept
1785416104106,true,1785416104180,LeaderAccept
1785416104181,true,1785416104255,LeaderAccept
1785416104259,false,1785416104332,LeaderAccept
1785416104340,true,1785416104413,LeaderAccept
1785416104424,false,1785416104498,LeaderAccept
1785416104513,true,1785416104587,LeaderAccept
1785416104604,false,1785416104678,LeaderAccept
1785416104700,false,1785416104789,LeaderAccept
1785416104800,false,1785416104889,LeaderAccept
1785416104905,false,1785416104996,SlowAccept
1785416105017,true,1785416105079,FastAccept
1785416105135,false,1785416105190,FastAccept
1785416105259,true,1785416105315,FastAccept
1785416105393,true,1785416105483,LeaderAccept
1785416105534,true,1785416105624,LeaderAccept
1785416105686,true,1785416105775,LeaderAccept
1785416105850,false,1785416105940,SlowAccept
1785416106028,true,1785416106117,SlowAccept
1785416106222,true,1785416106277,FastAccept
1785416106436,false,1785416106491,FastAccept
1785416106673,true,1785416106728,FastAccept
1785416106939,false,1785416106995,FastAccept
1785416107245,false,1785416107335,LeaderAccept
1785416107601,true,1785416107692,SlowAccept
1785416108026,false,1785416108081,FastAccept
1785416108550,true,1785416108606,FastAccept
1785416109232,true,1785416109286,FastAccept
1785416110189,true,1785416110262,LeaderAccept
1785416111733,true,1785416111822,SlowAccept
1785416115074,false,1785416115164,LeaderAccept
1785416132833,true,1785416132993,FastAccept
1785416148495,true,1785416148655,FastAccept
1785416148518,true,1785416148677,FastAccept
1785416148542,true,1785416148702,FastAccept
1785416148565,false,1785416148725,FastAccept
1785416148588,false,1785416148747,FastAccept
1785416148611,true,1785416148794,FastAccept
1785416148635,false,1785416148794,FastAccept
1785416148659,false,1785416148819,FastAccept
1785416148683,true,1785416148842,FastAccept
1785416148708,true,1785416148868,FastAccept
1785416148733,true,1785416148893,FastAccept
1785416148758,true,1785416148952,SlowAccept
1785416148784,false,1785416148978,SlowAccept
1785416148810,true,1785416149012,LeaderAccept
1785416148836,true,1785416149036,LeaderAccept
1785416148862,false,1785416149039,LeaderAccept
1785416148888,false,1785416149065,LeaderAccept
1785416148915,false,1785416149092,LeaderAccept
1785416148941,true,1785416149119,LeaderAccept
1785416148969,true,1785416149146,LeaderAccept
1785416148997,true,1785416149174,LeaderAccept
1785416149025,true,1785416149202,LeaderAccept
1785416149054,false,1785416149231,LeaderAccept
1785416149083,true,1785416149260,LeaderAccept
1785416149113,true,1785416149290,LeaderAccept
1785416149144,true,1785416149321,LeaderAccept
1785416149174,true,1785416149351,LeaderAccept
1785416149205,false,1785416149383,LeaderAccept
1785416149237,false,1785416149415,LeaderAccept
1785416149269,true,1785416149446,LeaderAccept
1785416149301,true,1785416149478,LeaderAccept
1785416149335,true,1785416149513,LeaderAccept
1785416149368,false,1785416149546,LeaderAccept
1785416149402,false,1785416149580,LeaderAccept
1785416149436,false,1785416149614,LeaderAccept
1785416149472,true,1785416149649,LeaderAccept
1785416149508,true,1785416149685,LeaderAccept
1785416149544,true,1785416149722,LeaderAccept
1785416149580,false,1785416149758,LeaderAccept
1785416149618,false,1785416149796,LeaderAccept
1785416149656,false,1785416149834,LeaderAccept
1785416149694,true,1785416149871,LeaderAccept
1785416149734,false,1785416149912,LeaderAccept
1785416149774,false,1785416149952,LeaderAccept
1785416149815,false,1785416149992,LeaderAccept
1785416149857,true,1785416150035,LeaderAccept
1785416149900,true,1785416150078,LeaderAccept
1785416149944,true,1785416150121,LeaderAccept
1785416149989,false,1785416150166,LeaderAccept
1785416150035,true,1785416150212,LeaderAccept
1785416150082,true,1785416150259,LeaderAccept
1785416150130,true,1785416150309,LeaderAccept
1785416150178,true,1785416150356,LeaderAccept
1785416150229,true,1785416150406,LeaderAccept
1785416150281,true,1785416150459,LeaderAccept
1785416150334,false,1785416150512,LeaderAccept
1785416150388,true,1785416150565,LeaderAccept
1785416150443,false,1785416150620,LeaderAccept
1785416150500,false,1785416150678,LeaderAccept
1785416150559,false,1785416150737,LeaderAccept
1785416150620,false,1785416150797,LeaderAccept
1785416150682,true,1785416150859,LeaderAccept
1785416150747,false,1785416150924,LeaderAccept
1785416150813,true,1785416150990,LeaderAccept
1785416150881,true,1785416151058,LeaderAccept
1785416150952,false,1785416151129,LeaderAccept
1785416151025,false,1785416151203,LeaderAccept
1785416151101,true,1785416151279,LeaderAccept
1785416151180,true,1785416151357,LeaderAccept
1785416151262,true,1785416151440,LeaderAccept
1785416151348,true,1785416151525,LeaderAccept
1785416151438,false,1785416151615,LeaderAccept
1785416151531,true,1785416151708,LeaderAccept
1785416151628,true,1785416151807,LeaderAccept
1785416151731,false,1785416151908,LeaderAccept
1785416151839,false,1785416152016,LeaderAccept
1785416151953,false,1785416152130,LeaderAccept
1785416152073,false,1785416152250,LeaderAccept
1785416152200,false,1785416152377,LeaderAccept
1785416152336,false,1785416152513,LeaderAccept
1785416152481,false,1785416152658,LeaderAccept
1785416152636,false,1785416152813,LeaderAccept
1785416152805,false,1785416152982,LeaderAccept
1785416152987,false,1785416153165,LeaderAccept
1785416153188,false,1785416153366,LeaderAccept
1785416153410,true,1785416153588,LeaderAccept
1785416153658,true,1785416153836,LeaderAccept
1785416153939,false,1785416154116,LeaderAccept
1785416154261,false,1785416154438,LeaderAccept
1785416154639,true,1785416154816,LeaderAccept
1785416155096,true,1785416155274,LeaderAccept
1785416155670,true,1785416155864,LeaderAccept
1785416156434,false,1785416156612,LeaderAccept
1785416157554,false,1785416157713,FastAccept
1785416159512,false,1785416159672,FastAccept
1785416164725,false,1785416164884,FastAccept
1785416199416,false,1785416199596,LeaderAccept
1785416199432,true,1785416199610,LeaderAccept
1785416199448,false,1785416199626,LeaderAccept
1785416199464,false,1785416199642,LeaderAccept
1785416199481,false,1785416199658,LeaderAccept
1785416199497,true,1785416199674,LeaderAccept
1785416199513,true,1785416199691,LeaderAccept
1785416199529,false,1785416199706,LeaderAccept
1785416199545,false,1785416199723,LeaderAccept
1785416199562,false,1785416199739,LeaderAccept
1785416199578,true,1785416199757,LeaderAccept
1785416199595,false,1785416199773,LeaderAccept
1785416199612,false,1785416199789,LeaderAccept
1785416199629,false,1785416199806,LeaderAccept
1785416199646,false,1785416199823,LeaderAccept
1785416199663,true,1785416199841,LeaderAccept
1785416199680,false,1785416199857,LeaderAccept
1785416199697,false,1785416199874,LeaderAccept
1785416199714,false,1785416199892,LeaderAccept
1785416199732,false,1785416199910,LeaderAccept
1785416199750,true,1785416199927,LeaderAccept
1785416199768,true,1785416199945,LeaderAccept
1785416199786,true,1785416199963,LeaderAccept
1785416199804,true,1785416199982,LeaderAccept
1785416199823,true,1785416200000,LeaderAccept
1785416199842,false,1785416200019,LeaderAccept
1785416199860,true,1785416200038,LeaderAccept
1785416199879,true,1785416200057,LeaderAccept
1785416199898,true,1785416200077,LeaderAccept
1785416199917,true,1785416200095,LeaderAccept
1785416199937,true,1785416200114,LeaderAccept
1785416199956,true,1785416200134,LeaderAccept
1785416199977,false,1785416200154,LeaderAccept
1785416199997,true,1785416200174,LeaderAccept
1785416200017,false,1785416200195,LeaderAccept
1785416200038,false,1785416200216,LeaderAccept
1785416200058,true,1785416200235,LeaderAccept
1785416200080,true,1785416200257,LeaderAccept
1785416200101,false,1785416200278,LeaderAccept
1785416200122,false,1785416200300,LeaderAccept
1785416200144,true,1785416200321,LeaderAccept
1785416200165,true,1785416200343,LeaderAccept
1785416200187,true,1785416200364,LeaderAccept
1785416200209,false,1785416200387,LeaderAccept
1785416200232,true,1785416200410,LeaderAccept
1785416200255,true,1785416200434,LeaderAccept
1785416200277,false,1785416200454,LeaderAccept
1785416200300,true,1785416200478,LeaderAccept
1785416200323,false,1785416200500,LeaderAccept
1785416200346,true,1785416200525,LeaderAccept
1785416200370,true,1785416200547,LeaderAccept
1785416200394,true,1785416200571,LeaderAccept
1785416200419,false,1785416200597,LeaderAccept
1785416200444,false,1785416200622,LeaderAccept
1785416200470,true,1785416200647,LeaderAccept
1785416200495,false,1785416200673,LeaderAccept
1785416200521,true,1785416200698,LeaderAccept
1785416200547,true,1785416200725,LeaderAccept
1785416200573,false,1785416200751,LeaderAccept
1785416200599,true,1785416200778,LeaderAccept
1785416200627,true,1785416200804,LeaderAccept
1785416200654,false,1785416200832,LeaderAccept
1785416200682,true,1785416200859,LeaderAccept
1785416200710,false,1785416200887,LeaderAccept
1785416200738,true,1785416200915,LeaderAccept
1785416200767,true,1785416200945,LeaderAccept
1785416200796,false,1785416200974,LeaderAccept
1785416200825,false,1785416201002,LeaderAccept
1785416200856,false,1785416201034,LeaderAccept
1785416200887,true,1785416201064,LeaderAccept
1785416200917,false,1785416201094,LeaderAccept
1785416200948,true,1785416201126,LeaderAccept
1785416200981,false,1785416201159,LeaderAccept
1785416201013,true,1785416201190,LeaderAccept
1785416201045,false,1785416201222,LeaderAccept
1785416201078,false,1785416201255,LeaderAccept
1785416201111,false,1785416201289,LeaderAccept
1785416201145,true,1785416201323,LeaderAccept
1785416201180,true,1785416201358,LeaderAccept
1785416201216,false,1785416201395,LeaderAccept
1785416201252,false,1785416201430,LeaderAccept
1785416201289,false,1785416201466,LeaderAccept
1785416201326,false,1785416201505,LeaderAccept
1785416201364,false,1785416201543,LeaderAccept
1785416201403,true,1785416201580,LeaderAccept
1785416201443,true,1785416201622,LeaderAccept
1785416201484,true,1785416201662,LeaderAccept
1785416201526,true,1785416201703,LeaderAccept
1785416201567,true,1785416201745,LeaderAccept
1785416201610,false,1785416201787,LeaderAccept
1785416201653,false,1785416201832,LeaderAccept
1785416201698,true,1785416201875,LeaderAccept
1785416201743,true,1785416201921,LeaderAccept
1785416201790,true,1785416201967,LeaderAccept
1785416201837,true,1785416202015,LeaderAccept
1785416201886,true,1785416202064,LeaderAccept
1785416201936,false,1785416202114,LeaderAccept
1785416201987,false,1785416202164,LeaderAccept
1785416202040,true,1785416202216,LeaderAccept
1785416202093,false,1785416202271,LeaderAccept
1785416202149,false,1785416202326,LeaderAccept
1785416202206,true,1785416202384,LeaderAccept
1785416202264,false,1785416202441,LeaderAccept
1785416202324,false,1785416202503,LeaderAccept
1785416202386,false,1785416202564,LeaderAccept
1785416202450,true,1785416202628,LeaderAccept
1785416202515,false,1785416202693,LeaderAccept
1785416202583,true,1785416202761,LeaderAccept
1785416202653,true,1785416202832,LeaderAccept
1785416202726,false,1785416202903,LeaderAccept
1785416202801,true,1785416202980,LeaderAccept
1785416202879,false,1785416203057,LeaderAccept
1785416202960,true,1785416203136,LeaderAccept
1785416203043,true,1785416203221,LeaderAccept
1785416203131,true,1785416203309,LeaderAccept
1785416203223,true,1785416203400,LeaderAccept
1785416203319,false,1785416203496,LeaderAccept
1785416203420,true,1785416203599,LeaderAccept
1785416203526,false,1785416203705,LeaderAccept
1785416203638,false,1785416203816,LeaderAccept
1785416203756,true,1785416203935,LeaderAccept
1785416203880,true,1785416204057,LeaderAccept
1785416204013,true,1785416204190,LeaderAccept
1785416204155,true,1785416204332,LeaderAccept
1785416204306,false,1785416204421,LeaderAccept
1785416204471,false,1785416204568,LeaderAccept
1785416204648,true,1785416204746,LeaderAccept
1785416204843,true,1785416204940,LeaderAccept
1785416205058,false,1785416205154,LeaderAccept
1785416205297,false,1785416205392,LeaderAccept
1785416205565,true,1785416205661,LeaderAccept
1785416205872,false,1785416205968,LeaderAccept
1785416206230,true,1785416206327,LeaderAccept
1785416206658,false,1785416206755,LeaderAccept
1785416207187,false,1785416207284,LeaderAccept
1785416207877,false,1785416207991,SlowAccept
1785416208850,false,1785416208946,LeaderAccept
1785416210432,true,1785416210528,LeaderAccept
1785416213919,false,1785416213998,FastAccept
1785416233844,false,1785416233958,SlowAccept
1785416241381,true,1785416241461,FastAccept
1785416241413,true,1785416241492,FastAccept
1785416241444,false,1785416241523,FastAccept
1785416241477,false,1785416241557,FastAccept
1785416241510,true,1785416241590,FastAccept
1785416241543,false,1785416241623,FastAccept
1785416241578,true,1785416241658,FastAccept
1785416241613,true,1785416241692,FastAccept
1785416241648,true,1785416241728,FastAccept
1785416241685,true,1785416241764,FastAccept
1785416241721,false,1785416241801,FastAccept
1785416241759,true,1785416241838,FastAccept
1785416241797,true,1785416241878,FastAccept
1785416241836,false,1785416241916,FastAccept
1785416241876,false,1785416241956,FastAccept
1785416241917,false,1785416241996,FastAccept
1785416241958,false,1785416242037,FastAccept
1785416242000,false,1785416242079,FastAccept
1785416242043,true,1785416242123,FastAccept
1785416242087,true,1785416242166,FastAccept
1785416242131,false,1785416242210,FastAccept
1785416242175,true,1785416242255,FastAccept
1785416242222,false,1785416242301,FastAccept
1785416242269,true,1785416242349,FastAccept
1785416242318,false,1785416242398,FastAccept
1785416242368,false,1785416242447,FastAccept
1785416242419,true,1785416242499,FastAccept
1785416242472,false,1785416242551,FastAccept
1785416242526,false,1785416242605,FastAccept
1785416242581,false,1785416242660,FastAccept
1785416242638,true,1785416242718,FastAccept
1785416242696,false,1785416242776,FastAccept
1785416242757,true,1785416242836,FastAccept
1785416242819,false,1785416242898,FastAccept
1785416242883,false,1785416242962,FastAccept
1785416242949,false,1785416243028,FastAccept
1785416243017,true,1785416243096,FastAccept
1785416243087,false,1785416243167,FastAccept
1785416243160,true,1785416243239,FastAccept
1785416243236,true,1785416243315,FastAccept
1785416243314,true,1785416243393,FastAccept
1785416243395,true,1785416243474,FastAccept
1785416243480,false,1785416243559,FastAccept
1785416243567,false,1785416243681,SlowAccept
1785416243660,false,1785416243740,FastAccept
1785416243757,true,1785416243836,FastAccept
1785416243859,true,1785416243938,FastAccept
1785416243965,false,1785416244045,FastAccept
1785416244077,true,1785416244157,FastAccept
1785416244196,true,1785416244276,FastAccept
1785416244322,false,1785416244402,FastAccept
1785416244456,false,1785416244535,FastAccept
1785416244599,false,1785416244678,FastAccept
1785416244753,false,1785416244832,FastAccept
1785416244918,true,1785416244997,FastAccept
1785416245098,false,1785416245177,FastAccept
1785416245295,false,1785416245375,FastAccept
1785416245512,true,1785416245601,FastAccept
1785416245754,false,1785416245834,FastAccept
1785416246027,true,1785416246105,FastAccept
1785416246339,true,1785416246419,FastAccept
1785416246704,true,1785416246800,LeaderAccept
1785416247142,false,1785416247221,FastAccept
1785416247687,false,1785416247767,FastAccept
1785416248402,false,1785416248481,FastAccept
1785416249422,true,1785416249502,FastAccept
1785416251123,true,1785416251202,FastAccept
1785416255101,true,1785416255181,FastAccept
