request_time,write,response_time,accept_status
1785238723404,false,1785238723444,FastAccept
1785238723980,true,1785238724027,LeaderAccept
1785238724011,true,1785238724053,LeaderAccept
1785238724042,false,1785238724083,LeaderAccept
1785238724073,true,1785238724115,LeaderAccept
1785238724105,true,1785238724146,LeaderAccept
1785238724137,true,1785238724178,LeaderAccept
1785238724170,true,1785238724212,LeaderAccept
1785238724204,true,1785238724246,LeaderAccept
1785238724239,true,1785238724281,LeaderAccept
1785238724274,false,1785238724315,LeaderAccept
1785238724310,false,1785238724351,LeaderAccept
1785238724346,false,1785238724387,LeaderAccept
1785238724382,true,1785238724423,LeaderAccept
1785238724419,true,1785238724461,LeaderAccept
1785238724457,true,1785238724499,LeaderAccept
1785238724496,true,1785238724537,LeaderAccept
1785238724535,false,1785238724577,LeaderAccept
1785238724576,false,1785238724617,LeaderAccept
1785238724617,false,1785238724659,LeaderAccept
1785238724659,false,1785238724700,LeaderAccept
1785238724702,true,1785238724743,LeaderAccept
1785238724745,true,1785238724786,LeaderAccept
1785238724789,false,1785238724832,LeaderAccept
1785238724835,true,1785238724877,LeaderAccept
1785238724882,false,1785238724923,LeaderAccept
1785238724930,true,1785238724972,LeaderAccept
1785238724979,false,1785238725022,LeaderAccept
1785238725029,true,1785238725071,LeaderAccept
1785238725080,true,1785238725122,LeaderAccept
1785238725132,true,1785238725174,LeaderAccept
1785238725186,true,1785238725228,LeaderAccept
1785238725241,false,1785238725284,LeaderAccept
1785238725298,false,1785238725340,LeaderAccept
1785238725356,true,1785238725399,LeaderAccept
1785238725416,true,1785238725458,LeaderAccept
1785238725478,true,1785238725519,LeaderAccept
1785238725542,false,1785238725583,LeaderAccept
1785238725607,false,1785238725649,LeaderAccept
1785238725675,false,1785238725716,LeaderAccept
1785238725745,false,1785238725786,LeaderAccept
1785238725817,false,1785238725859,LeaderAccept
1785238725891,true,1785238725934,LeaderAccept
1785238725969,false,1785238726011,LeaderAccept
1785238726050,false,1785238726092,LeaderAccept
1785238726134,true,1785238726176,LeaderAccept
1785238726222,true,1785238726264,LeaderAccept
1785238726314,true,1785238726356,LeaderAccept
1785238726410,true,1785238726452,LeaderAccept
1785238726510,true,1785238726553,LeaderAccept
1785238726616,false,1785238726658,LeaderAccept
1785238726727,true,1785238726767,FastAccept
1785238726844,false,1785238726884,FastAccept
1785238726968,true,1785238727008,FastAccept
1785238727100,true,1785238727140,FastAccept
1785238727242,true,1785238727308,SlowAccept
1785238727393,true,1785238727433,FastAccept
1785238727556,false,1785238727597,FastAccept
1785238727734,true,1785238727774,FastAccept
1785238727928,true,1785238727968,FastAccept
1785238728141,true,1785238728181,FastAccept
1785238728378,false,1785238728418,FastAccept
1785238728644,false,1785238728684,FastAccept
1785238728949,true,1785238728989,FastAccept
1785238729303,true,1785238729343,FastAccept
1785238729725,false,1785238729794,LeaderAccept
1785238730247,true,1785238730290,LeaderAccept
1785238730924,false,1785238730966,LeaderAccept
1785238731873,false,1785238731914,LeaderAccept
1785238733396,true,1785238733438,LeaderAccept
1785238736657,false,1785238736698,FastAccept
1785238740278,false,1785238740321,LeaderAccept
1785238740310,true,1785238740352,LeaderAccept
1785238740342,false,1785238740384,LeaderAccept
1785238740375,false,1785238740418,LeaderAccept
1785238740408,false,1785238740450,LeaderAccept
1785238740442,true,1785238740484,LeaderAccept
1785238740477,false,1785238740520,LeaderAccept
1785238740513,true,1785238740555,LeaderAccept
1785238740549,true,1785238740592,LeaderAccept
1785238740585,false,1785238740628,LeaderAccept
1785238740623,false,1785238740665,LeaderAccept
1785238740661,true,1785238740703,LeaderAccept
1785238740700,false,1785238740742,LeaderAccept
1785238740739,true,1785238740781,LeaderAccept
1785238740780,true,1785238740823,LeaderAccept
1785238740821,true,1785238740862,LeaderAccept
1785238740862,true,1785238740903,LeaderAccept
1785238740903,true,1785238740945,LeaderAccept
1785238740947,true,1785238740990,LeaderAccept
1785238740992,true,1785238741036,LeaderAccept
1785238741037,true,1785238741079,LeaderAccept
1785238741084,false,1785238741126,LeaderAccept
1785238741132,true,1785238741175,LeaderAccept
1785238741181,false,1785238741223,LeaderAccept
1785238741231,false,1785238741273,LeaderAccept
1785238741282,true,1785238741325,LeaderAccept
1785238741334,false,1785238741377,LeaderAccept
1785238741388,true,1785238741431,LeaderAccept
1785238741444,true,1785238741487,LeaderAccept
1785238741501,true,1785238741543,LeaderAccept
1785238741559,true,1785238741601,LeaderAccept
1785238741618,false,1785238741660,LeaderAccept
1785238741679,true,1785238741722,LeaderAccept
1785238741743,true,1785238741786,LeaderAccept
1785238741809,true,1785238741852,LeaderAccept
1785238741877,false,1785238741919,LeaderAccept
1785238741947,false,1785238741990,LeaderAccept
1785238742020,false,1785238742063,LeaderAccept
1785238742095,true,1785238742137,LeaderAccept
1785238742172,false,1785238742215,LeaderAccept
1785238742254,true,1785238742296,LeaderAccept
1785238742338,false,1785238742380,LeaderAccept
1785238742425,true,1785238742467,LeaderAccept
1785238742517,false,1785238742559,LeaderAccept
1785238742613,true,1785238742655,LeaderAccept
1785238742713,true,1785238742756,LeaderAccept
1785238742819,false,1785238742861,LeaderAccept
1785238742930,false,1785238742972,LeaderAccept
1785238743048,false,1785238743090,LeaderAccept
1785238743172,false,1785238743213,FastAccept
1785238743305,false,1785238743346,FastAccept
1785238743447,false,1785238743488,FastAccept
1785238743599,true,1785238743640,FastAccept
1785238743763,false,1785238743804,FastAccept
1785238743941,true,1785238743982,FastAccept
1785238744135,false,1785238744175,FastAccept
1785238744349,true,1785238744389,FastAccept
1785238744587,false,1785238744627,FastAccept
1785238744855,false,1785238744895,FastAccept
1785238745161,false,1785238745202,FastAccept
1785238745518,true,1785238745559,FastAccept
1785238745944,true,1785238745984,FastAccept
1785238746471,true,1785238746511,FastAccept
1785238747156,true,1785238747196,FastAccept
1785238748121,false,1785238748162,FastAccept
1785238749683,true,1785238749724,FastAccept
1785238753093,false,1785238753153,LeaderAccept
1785238771836,false,1785238771876,FastAccept
1785238804096,true,1785238804138,LeaderAccept
1785238804129,true,1785238804171,LeaderAccept
1785238804162,true,1785238804205,LeaderAccept
1785238804196,true,1785238804238,LeaderAccept
1785238804230,false,1785238804271,LeaderAccept
1785238804264,false,1785238804306,LeaderAccept
1785238804299,false,1785238804342,LeaderAccept
1785238804334,true,1785238804376,LeaderAccept
1785238804370,true,1785238804412,LeaderAccept
1785238804407,true,1785238804449,LeaderAccept
1785238804445,false,1785238804487,LeaderAccept
1785238804483,false,1785238804524,LeaderAccept
1785238804522,true,1785238804564,LeaderAccept
1785238804562,false,1785238804604,LeaderAccept
1785238804603,true,1785238804644,LeaderAccept
1785238804644,true,1785238804686,LeaderAccept
1785238804686,false,1785238804727,LeaderAccept
1785238804729,true,1785238804771,LeaderAccept
1785238804773,true,1785238804815,LeaderAccept
1785238804818,false,1785238804860,LeaderAccept
1785238804864,true,1785238804906,LeaderAccept
1785238804911,true,1785238804954,LeaderAccept
1785238804959,true,1785238805001,LeaderAccept
1785238805008,false,1785238805049,LeaderAccept
1785238805059,true,1785238805101,LeaderAccept
1785238805110,true,1785238805152,LeaderAccept
1785238805163,true,1785238805205,LeaderAccept
1785238805217,true,1785238805259,LeaderAccept
1785238805273,false,1785238805316,LeaderAccept
1785238805330,false,1785238805373,LeaderAccept
1785238805389,false,1785238805431,LeaderAccept
1785238805449,true,1785238805492,LeaderAccept
1785238805512,false,1785238805554,LeaderAccept
1785238805577,true,1785238805618,LeaderAccept
1785238805643,false,1785238805685,LeaderAccept
1785238805711,true,1785238805753,LeaderAccept
1785238805782,true,1785238805824,LeaderAccept
1785238805856,false,1785238805897,LeaderAccept
1785238805932,true,1785238805975,LeaderAccept
1785238806011,false,1785238806052,LeaderAccept
1785238806093,true,1785238806135,LeaderAccept
1785238806178,true,1785238806220,LeaderAccept
1785238806267,true,1785238806309,LeaderAccept
1785238806361,false,1785238806403,LeaderAccept
1785238806459,true,1785238806500,LeaderAccept
1785238806561,false,1785238806602,LeaderAccept
1785238806668,true,1785238806710,LeaderAccept
1785238806782,false,1785238806824,LeaderAccept
1785238806902,false,1785238806941,FastAccept
1785238807030,false,1785238807070,FastAccept
1785238807166,true,1785238807206,FastAccept
1785238807312,false,1785238807352,FastAccept
1785238807468,false,1785238807515,FastAccept
1785238807637,true,1785238807678,FastAccept
1785238807821,false,1785238807861,FastAccept
1785238808023,false,1785238808063,FastAccept
1785238808246,true,1785238808286,FastAccept
1785238808495,false,1785238808535,FastAccept
1785238808777,true,1785238808817,FastAccept
1785238809101,true,1785238809149,LeaderAccept
1785238809482,true,1785238809524,LeaderAccept
1785238809942,true,1785238809983,LeaderAccept
1785238810521,false,1785238810563,LeaderAccept
1785238811294,true,1785238811334,FastAccept
1785238812431,false,1785238812471,FastAccept
1785238814438,true,1785238814477,FastAccept
1785238819909,true,1785238819949,FastAccept
1785238848495,true,1785238848534,FastAccept
1785238848523,true,1785238848562,FastAccept
1785238848551,false,1785238848591,FastAccept
1785238848579,false,1785238848619,FastAccept
1785238848608,true,1785238848648,FastAccept
1785238848637,true,1785238848677,FastAccept
1785238848667,true,1785238848707,FastAccept
1785238848697,true,1785238848737,FastAccept
1785238848728,true,1785238848768,FastAccept
1785238848759,false,1785238848799,FastAccept
1785238848790,false,1785238848830,FastAccept
1785238848822,true,1785238848862,FastAccept
1785238848854,false,1785238848893,FastAccept
1785238848886,true,1785238848926,FastAccept
1785238848920,true,1785238848959,FastAccept
1785238848953,false,1785238848993,FastAccept
1785238848987,true,1785238849026,FastAccept
1785238849023,true,1785238849094,LeaderAccept
1785238849058,true,1785238849114,LeaderAccept
1785238849094,true,1785238849134,FastAccept
1785238849131,false,1785238849170,FastAccept
1785238849168,false,1785238849207,FastAccept
1785238849206,true,1785238849245,FastAccept
1785238849245,true,1785238849285,FastAccept
1785238849284,false,1785238849324,FastAccept
1785238849324,false,1785238849364,FastAccept
1785238849365,true,1785238849405,FastAccept
1785238849407,false,1785238849447,FastAccept
1785238849450,true,1785238849490,FastAccept
1785238849494,false,1785238849534,FastAccept
1785238849539,false,1785238849579,FastAccept
1785238849585,false,1785238849625,FastAccept
1785238849632,true,1785238849672,FastAccept
1785238849680,false,1785238849720,FastAccept
1785238849729,false,1785238849769,FastAccept
1785238849779,true,1785238849819,FastAccept
1785238849831,false,1785238849870,FastAccept
1785238849883,false,1785238849922,FastAccept
1785238849936,false,1785238849976,FastAccept
1785238849992,true,1785238850032,FastAccept
1785238850049,false,1785238850089,FastAccept
1785238850108,false,1785238850147,FastAccept
1785238850168,false,1785238850208,FastAccept
1785238850230,true,1785238850269,FastAccept
1785238850294,true,1785238850334,FastAccept
1785238850360,false,1785238850400,FastAccept
1785238850428,true,1785238850467,FastAccept
1785238850497,false,1785238850537,FastAccept
1785238850570,true,1785238850610,FastAccept
1785238850645,false,1785238850685,FastAccept
1785238850723,true,1785238850763,FastAccept
1785238850805,true,1785238850845,FastAccept
1785238850890,false,1785238850930,FastAccept
1785238850979,false,1785238851019,FastAccept
1785238851071,true,1785238851111,FastAccept
1785238851167,false,1785238851207,FastAccept
1785238851270,false,1785238851310,FastAccept
1785238851377,true,1785238851417,FastAccept
1785238851489,true,1785238851529,FastAccept
1785238851609,true,1785238851648,FastAccept
1785238851735,false,1785238851774,FastAccept
1785238851869,true,1785238851908,FastAccept
1785238852012,false,1785238852052,FastAccept
1785238852166,false,1785238852207,FastAccept
1785238852332,false,1785238852373,FastAccept
1785238852513,true,1785238852553,FastAccept
1785238852710,false,1785238852750,FastAccept
1785238852928,true,1785238852967,FastAccept
1785238853170,true,1785238853210,FastAccept
1785238853443,true,1785238853484,FastAccept
1785238853757,true,1785238853797,FastAccept
1785238854124,false,1785238854164,FastAccept
1785238854563,true,1785238854603,FastAccept
1785238855112,true,1785238855152,FastAccept
1785238855833,true,1785238855873,FastAccept
1785238856867,false,1785238856907,FastAccept
1785238858599,false,1785238858645,FastAccept
1785238862716,false,1785238862756,FastAccept
1785238891851,true,1785238891891,FastAccept
1785238891878,true,1785238891917,FastAccept
1785238891905,true,1785238891944,FastAccept
1785238891932,true,1785238891972,FastAccept
1785238891959,true,1785238891999,FastAccept
1785238891987,false,1785238892027,FastAccept
1785238892016,true,1785238892056,FastAccept
1785238892044,true,1785238892084,FastAccept
1785238892074,true,1785238892114,FastAccept
1785238892104,true,1785238892144,FastAccept
1785238892134,false,1785238892174,FastAccept
1785238892165,false,1785238892205,FastAccept
1785238892196,true,1785238892235,FastAccept
1785238892227,true,1785238892267,FastAccept
1785238892259,false,1785238892299,FastAccept
1785238892292,false,1785238892332,FastAccept
1785238892325,false,1785238892365,FastAccept
1785238892358,true,1785238892398,FastAccept
1785238892392,false,1785238892431,FastAccept
1785238892426,true,1785238892466,FastAccept
1785238892461,true,1785238892500,FastAccept
1785238892496,true,1785238892536,FastAccept
1785238892533,true,1785238892572,FastAccept
1785238892570,true,1785238892610,FastAccept
1785238892608,true,1785238892647,FastAccept
1785238892646,true,1785238892706,LeaderAccept
1785238892685,true,1785238892744,LeaderAccept
1785238892725,true,1785238892783,LeaderAccept
1785238892765,false,1785238892823,LeaderAccept
1785238892807,true,1785238892863,LeaderAccept
1785238892848,false,1785238892904,LeaderAccept
1785238892892,true,1785238892946,LeaderAccept
1785238892936,false,1785238892988,LeaderAccept
1785238892981,true,1785238893033,LeaderAccept
1785238893027,true,1785238893069,LeaderAccept
1785238893074,false,1785238893116,LeaderAccept
1785238893122,true,1785238893163,LeaderAccept
1785238893171,true,1785238893213,LeaderAccept
1785238893222,false,1785238893264,LeaderAccept
1785238893274,false,1785238893316,LeaderAccept
1785238893327,true,1785238893369,LeaderAccept
1785238893381,false,1785238893423,LeaderAccept
1785238893437,true,1785238893479,LeaderAccept
1785238893494,true,1785238893536,LeaderAccept
1785238893553,false,1785238893596,LeaderAccept
1785238893614,false,1785238893656,LeaderAccept
1785238893677,false,1785238893719,LeaderAccept
1785238893742,false,1785238893784,LeaderAccept
1785238893809,true,1785238893851,LeaderAccept
1785238893878,true,1785238893920,LeaderAccept
1785238893949,true,1785238893990,LeaderAccept
1785238894022,false,1785238894064,LeaderAccept
1785238894098,true,1785238894139,LeaderAccept
1785238894177,false,1785238894218,LeaderAccept
1785238894259,false,1785238894301,LeaderAccept
1785238894345,false,1785238894386,LeaderAccept
1785238894434,true,1785238894476,LeaderAccept
1785238894527,true,1785238894569,LeaderAccept
1785238894625,true,1785238894667,LeaderAccept
1785238894728,true,1785238894770,LeaderAccept
1785238894836,false,1785238894878,LeaderAccept
1785238894950,true,1785238894992,LeaderAccept
1785238895070,false,1785238895112,LeaderAccept
1785238895198,false,1785238895240,LeaderAccept
1785238895335,true,1785238895376,LeaderAccept
1785238895481,false,1785238895523,LeaderAccept
1785238895639,false,1785238895679,FastAccept
1785238895809,false,1785238895849,FastAccept
1785238895994,false,1785238896033,FastAccept
1785238896196,false,1785238896242,FastAccept
1785238896420,true,1785238896483,LeaderAccept
1785238896671,false,1785238896711,FastAccept
1785238896955,true,1785238896995,FastAccept
1785238897284,false,1785238897324,FastAccept
1785238897669,false,1785238897709,FastAccept
1785238898136,false,1785238898176,FastAccept
1785238898725,false,1785238898772,LeaderAccept
1785238899515,false,1785238899556,LeaderAccept
1785238900688,false,1785238900729,LeaderAccept
1785238902796,false,1785238902836,FastAccept
1785238908841,false,1785238908883,LeaderAccept
1785238915200,false,1785238915261,LeaderAccept
1785238915225,false,1785238915287,LeaderAccept
1785238915250,false,1785238915314,LeaderAccept
1785238915275,false,1785238915343,LeaderAccept
1785238915300,true,1785238915365,LeaderAccept
1785238915326,true,1785238915385,LeaderAccept
1785238915352,false,1785238915394,LeaderAccept
1785238915378,true,1785238915420,LeaderAccept
1785238915405,false,1785238915446,LeaderAccept
1785238915432,true,1785238915474,LeaderAccept
1785238915460,false,1785238915501,LeaderAccept
1785238915488,true,1785238915529,LeaderAccept
1785238915516,true,1785238915558,LeaderAccept
1785238915545,true,1785238915587,LeaderAccept
1785238915575,true,1785238915616,LeaderAccept
1785238915604,true,1785238915645,LeaderAccept
1785238915634,true,1785238915676,LeaderAccept
1785238915665,true,1785238915707,LeaderAccept
1785238915696,true,1785238915738,LeaderAccept
1785238915728,false,1785238915770,LeaderAccept
1785238915760,false,1785238915801,LeaderAccept
1785238915792,false,1785238915833,LeaderAccept
1785238915824,false,1785238915866,LeaderAccept
1785238915858,false,1785238915900,LeaderAccept
1785238915892,false,1785238915934,LeaderAccept
1785238915927,false,1785238915969,LeaderAccept
1785238915962,false,1785238916004,LeaderAccept
1785238915997,true,1785238916039,LeaderAccept
1785238916033,false,1785238916074,LeaderAccept
1785238916069,false,1785238916113,LeaderAccept
1785238916106,false,1785238916147,LeaderAccept
1785238916145,false,1785238916186,LeaderAccept
1785238916184,false,1785238916225,LeaderAccept
1785238916223,false,1785238916264,LeaderAccept
1785238916263,false,1785238916304,LeaderAccept
1785238916304,false,1785238916345,LeaderAccept
1785238916345,true,1785238916387,LeaderAccept
1785238916388,true,1785238916430,LeaderAccept
1785238916432,true,1785238916474,LeaderAccept
1785238916477,false,1785238916518,LeaderAccept
1785238916522,true,1785238916564,LeaderAccept
1785238916569,false,1785238916610,LeaderAccept
1785238916617,false,1785238916658,LeaderAccept
1785238916665,true,1785238916707,LeaderAccept
1785238916715,false,1785238916757,LeaderAccept
1785238916766,true,1785238916807,LeaderAccept
1785238916818,false,1785238916859,LeaderAccept
1785238916872,false,1785238916913,LeaderAccept
1785238916927,false,1785238916968,LeaderAccept
1785238916983,false,1785238917025,LeaderAccept
1785238917041,false,1785238917083,LeaderAccept
1785238917101,true,1785238917143,LeaderAccept
1785238917163,false,1785238917205,LeaderAccept
1785238917227,false,1785238917269,LeaderAccept
1785238917293,false,1785238917335,LeaderAccept
1785238917361,false,1785238917402,LeaderAccept
1785238917431,false,1785238917473,LeaderAccept
1785238917504,false,1785238917546,LeaderAccept
1785238917580,true,1785238917622,LeaderAccept
1785238917658,false,1785238917699,LeaderAccept
1785238917739,true,1785238917781,LeaderAccept
1785238917823,false,1785238917865,LeaderAccept
1785238917911,false,1785238917953,LeaderAccept
1785238918003,false,1785238918045,LeaderAccept
1785238918099,false,1785238918139,FastAccept
1785238918200,false,1785238918240,FastAccept
1785238918306,true,1785238918346,FastAccept
1785238918417,false,1785238918478,LeaderAccept
1785238918535,false,1785238918575,FastAccept
1785238918660,false,1785238918700,FastAccept
1785238918793,false,1785238918833,FastAccept
1785238918936,true,1785238918986,LeaderAccept
1785238919088,true,1785238919128,FastAccept
1785238919253,true,1785238919293,FastAccept
1785238919431,false,1785238919470,FastAccept
1785238919626,false,1785238919666,FastAccept
1785238919841,true,1785238919881,FastAccept
1785238920080,false,1785238920120,FastAccept
1785238920350,false,1785238920390,FastAccept
1785238920658,false,1785238920699,FastAccept
1785238921018,false,1785238921058,FastAccept
1785238921448,true,1785238921487,FastAccept
1785238921980,true,1785238922020,FastAccept
1785238922675,true,1785238922742,LeaderAccept
1785238923658,false,1785238923700,LeaderAccept
1785238925264,false,1785238925305,FastAccept
1785238928848,true,1785238928888,FastAccept
1785238950348,true,1785238950388,FastAccept
1785238956722,true,1785238956762,FastAccept
1785238956743,true,1785238956783,FastAccept
1785238956765,false,1785238956804,FastAccept
1785238956787,true,1785238956827,FastAccept
1785238956809,false,1785238956848,FastAccept
1785238956831,false,1785238956871,FastAccept
1785238956854,true,1785238956893,FastAccept
1785238956877,true,1785238956917,FastAccept
1785238956900,false,1785238956939,FastAccept
1785238956923,false,1785238956962,FastAccept
1785238956946,true,1785238956985,FastAccept
1785238956970,false,1785238957010,FastAccept
1785238956995,false,1785238957034,FastAccept
1785238957019,true,1785238957058,FastAccept
1785238957044,true,1785238957084,FastAccept
1785238957069,false,1785238957109,FastAccept
1785238957094,false,1785238957134,FastAccept
1785238957120,true,1785238957160,FastAccept
1785238957146,true,1785238957186,FastAccept
1785238957173,false,1785238957213,FastAccept
1785238957200,false,1785238957239,FastAccept
1785238957227,false,1785238957267,FastAccept
1785238957255,false,1785238957294,FastAccept
1785238957283,true,1785238957323,FastAccept
1785238957311,false,1785238957351,FastAccept
1785238957339,true,1785238957379,FastAccept
1785238957368,true,1785238957408,FastAccept
1785238957397,true,1785238957436,FastAccept
1785238957426,true,1785238957465,FastAccept
1785238957456,true,1785238957495,FastAccept
1785238957486,false,1785238957526,FastAccept
1785238957517,false,1785238957556,FastAccept
1785238957548,false,1785238957587,FastAccept
1785238957580,true,1785238957620,FastAccept
1785238957612,false,1785238957651,FastAccept
1785238957645,false,1785238957685,FastAccept
1785238957678,false,1785238957717,FastAccept
1785238957712,false,1785238957751,FastAccept
1785238957747,true,1785238957786,FastAccept
1785238957782,false,1785238957822,FastAccept
1785238957817,false,1785238957857,FastAccept
1785238957853,false,1785238957893,FastAccept
1785238957890,true,1785238957930,FastAccept
1785238957928,false,1785238957967,FastAccept
1785238957966,true,1785238958036,LeaderAccept
1785238958005,true,1785238958057,LeaderAccept
1785238958045,false,1785238958085,FastAccept
1785238958085,true,1785238958125,FastAccept
1785238958127,true,1785238958167,FastAccept
1785238958169,false,1785238958209,FastAccept
1785238958212,false,1785238958252,FastAccept
1785238958256,false,1785238958297,FastAccept
1785238958301,false,1785238958342,FastAccept
1785238958347,false,1785238958387,FastAccept
1785238958394,false,1785238958434,FastAccept
1785238958442,true,1785238958482,FastAccept
1785238958491,false,1785238958530,FastAccept
1785238958541,false,1785238958580,FastAccept
1785238958592,true,1785238958632,FastAccept
1785238958644,true,1785238958683,FastAccept
1785238958698,true,1785238958737,FastAccept
1785238958754,false,1785238958793,FastAccept
1785238958811,true,1785238958852,FastAccept
1785238958870,false,1785238958909,FastAccept
1785238958930,true,1785238958969,FastAccept
1785238958992,false,1785238959032,FastAccept
1785238959056,false,1785238959096,FastAccept
1785238959122,true,1785238959162,FastAccept
1785238959191,true,1785238959232,FastAccept
1785238959262,true,1785238959302,FastAccept
1785238959335,false,1785238959375,FastAccept
1785238959411,true,1785238959451,FastAccept
1785238959489,false,1785238959528,FastAccept
1785238959571,false,1785238959611,FastAccept
1785238959656,false,1785238959697,FastAccept
1785238959745,true,1785238959785,FastAccept
1785238959838,true,1785238959878,FastAccept
1785238959935,true,1785238959975,FastAccept
1785238960037,false,1785238960077,FastAccept
1785238960144,false,1785238960184,FastAccept
1785238960257,false,1785238960297,FastAccept
1785238960376,false,1785238960417,FastAccept
1785238960503,false,1785238960543,FastAccept
1785238960638,false,1785238960678,FastAccept
1785238960782,false,1785238960821,FastAccept
1785238960937,false,1785238960977,FastAccept
1785238961104,false,1785238961151,FastAccept
1785238961286,false,1785238961328,LeaderAccept
1785238961485,false,1785238961526,LeaderAccept
1785238961705,false,1785238961747,LeaderAccept
1785238961950,true,1785238961992,LeaderAccept
1785238962227,false,1785238962269,LeaderAccept
1785238962545,true,1785238962588,LeaderAccept
1785238962918,false,1785238962960,LeaderAccept
1785238963367,false,1785238963409,LeaderAccept
1785238963929,true,1785238963971,LeaderAccept
1785238964672,false,1785238964712,FastAccept
1785238965749,true,1785238965790,FastAccept
1785238967594,true,1785238967636,LeaderAccept
1785238972231,false,1785238972271,FastAccept
1785239002080,false,1785239002119,FastAccept
1785239002098,false,1785239002138,FastAccept
1785239002116,true,1785239002155,FastAccept
1785239002134,false,1785239002224,LeaderAccept
1785239002152,false,1785239002199,FastAccept
1785239002171,false,1785239002211,FastAccept
1785239002189,false,1785239002253,LeaderAccept
1785239002208,true,1785239002277,LeaderAccept
1785239002228,true,1785239002281,LeaderAccept
1785239002247,false,1785239002297,LeaderAccept
1785239002266,true,1785239002306,LeaderAccept
1785239002285,true,1785239002326,LeaderAccept
1785239002304,true,1785239002345,LeaderAccept
1785239002324,false,1785239002365,LeaderAccept
1785239002344,false,1785239002385,LeaderAccept
1785239002364,true,1785239002404,LeaderAccept
1785239002384,true,1785239002425,LeaderAccept
1785239002404,true,1785239002445,LeaderAccept
1785239002425,true,1785239002465,LeaderAccept
1785239002445,false,1785239002485,LeaderAccept
1785239002466,false,1785239002507,LeaderAccept
1785239002487,false,1785239002528,LeaderAccept
1785239002509,true,1785239002550,LeaderAccept
1785239002530,false,1785239002571,LeaderAccept
1785239002552,true,1785239002592,LeaderAccept
1785239002574,false,1785239002615,LeaderAccept
1785239002597,true,1785239002639,LeaderAccept
1785239002620,false,1785239002661,LeaderAccept
1785239002643,false,1785239002684,LeaderAccept
1785239002665,true,1785239002706,LeaderAccept
1785239002688,true,1785239002729,LeaderAccept
1785239002712,true,1785239002753,LeaderAccept
1785239002736,true,1785239002777,LeaderAccept
1785239002761,true,1785239002803,LeaderAccept
1785239002786,true,1785239002827,LeaderAccept
1785239002810,false,1785239002851,LeaderAccept
1785239002835,false,1785239002876,LeaderAccept
1785239002860,false,1785239002901,LeaderAccept
1785239002885,false,1785239002926,LeaderAccept
1785239002911,true,1785239002952,LeaderAccept
1785239002937,false,1785239002978,LeaderAccept
1785239002964,true,1785239003006,LeaderAccept
1785239002992,true,1785239003033,LeaderAccept
1785239003019,false,1785239003060,LeaderAccept
1785239003047,true,1785239003088,LeaderAccept
1785239003075,true,1785239003117,LeaderAccept
1785239003104,false,1785239003145,LeaderAccept
1785239003133,false,1785239003174,LeaderAccept
1785239003162,true,1785239003203,LeaderAccept
1785239003192,true,1785239003233,LeaderAccept
1785239003221,true,1785239003263,LeaderAccept
1785239003252,false,1785239003294,LeaderAccept
1785239003282,true,1785239003324,LeaderAccept
1785239003314,true,1785239003355,LeaderAccept
1785239003346,false,1785239003388,LeaderAccept
1785239003379,false,1785239003421,LeaderAccept
1785239003412,true,1785239003453,LeaderAccept
1785239003445,true,1785239003486,LeaderAccept
1785239003479,false,1785239003520,LeaderAccept
1785239003513,true,1785239003554,LeaderAccept
1785239003548,true,1785239003590,LeaderAccept
1785239003584,true,1785239003626,LeaderAccept
1785239003621,true,1785239003662,LeaderAccept
1785239003658,true,1785239003699,LeaderAccept
1785239003695,false,1785239003737,LeaderAccept
1785239003734,true,1785239003776,LeaderAccept
1785239003773,true,1785239003814,LeaderAccept
1785239003813,false,1785239003854,LeaderAccept
1785239003854,true,1785239003896,LeaderAccept
1785239003896,true,1785239003937,LeaderAccept
1785239003938,true,1785239003980,LeaderAccept
1785239003981,false,1785239004022,LeaderAccept
1785239004025,false,1785239004066,LeaderAccept
1785239004070,true,1785239004112,LeaderAccept
1785239004116,true,1785239004157,LeaderAccept
1785239004163,false,1785239004205,LeaderAccept
1785239004211,true,1785239004252,LeaderAccept
1785239004260,true,1785239004302,LeaderAccept
1785239004311,true,1785239004352,LeaderAccept
1785239004363,false,1785239004405,LeaderAccept
1785239004416,false,1785239004458,LeaderAccept
1785239004470,false,1785239004512,LeaderAccept
1785239004526,false,1785239004567,LeaderAccept
1785239004583,false,1785239004624,LeaderAccept
1785239004642,true,1785239004684,LeaderAccept
1785239004703,true,1785239004744,LeaderAccept
1785239004766,false,1785239004807,LeaderAccept
1785239004830,false,1785239004871,LeaderAccept
1785239004896,true,1785239004938,LeaderAccept
1785239004965,true,1785239005007,LeaderAccept
1785239005036,false,1785239005077,LeaderAccept
1785239005110,true,1785239005151,LeaderAccept
1785239005186,true,1785239005227,LeaderAccept
1785239005265,true,1785239005306,LeaderAccept
1785239005348,false,1785239005388,LeaderAccept
1785239005434,false,1785239005475,LeaderAccept
1785239005523,false,1785239005564,LeaderAccept
1785239005616,true,1785239005656,FastAccept
1785239005715,false,1785239005754,FastAccept
1785239005818,true,1785239005857,FastAccept
1785239005926,true,1785239005965,FastAccept
1785239006040,false,1785239006079,FastAccept
1785239006161,false,1785239006200,FastAccept
1785239006289,true,1785239006329,FastAccept
1785239006426,true,1785239006466,FastAccept
1785239006573,true,1785239006613,FastAccept
1785239006731,false,1785239006771,FastAccept
1785239006901,true,1785239006941,FastAccept
1785239007087,false,1785239007127,FastAccept
1785239007291,false,1785239007331,FastAccept
1785239007516,true,1785239007556,FastAccept
1785239007768,true,1785239007808,FastAccept
1785239008054,true,1785239008093,FastAccept
1785239008383,false,1785239008422,FastAccept
1785239008770,true,1785239008810,FastAccept
1785239009240,false,1785239009279,FastAccept
1785239009834,false,1785239009874,FastAccept
1785239010634,false,1785239010673,FastAccept
1785239011826,true,1785239011866,FastAccept
1785239013989,false,1785239014030,FastAccept
1785239020368,true,1785239020408,FastAccept
1785239043343,true,1785239043383,FastAccept
1785239043357,false,1785239043397,FastAccept
1785239043372,true,1785239043412,FastAccept
1785239043387,true,1785239043426,FastAccept
1785239043402,false,1785239043442,FastAccept
1785239043417,false,1785239043457,FastAccept
1785239043432,false,1785239043471,FastAccept
1785239043447,false,1785239043487,FastAccept
1785239043462,false,1785239043509,FastAccept
1785239043478,false,1785239043518,FastAccept
1785239043493,false,1785239043563,LeaderAccept
1785239043509,false,1785239043548,FastAccept
1785239043525,true,1785239043590,LeaderAccept
1785239043541,true,1785239043581,FastAccept
1785239043557,true,1785239043619,LeaderAccept
1785239043573,true,1785239043639,LeaderAccept
1785239043590,false,1785239043630,FastAccept
1785239043606,false,1785239043667,LeaderAccept
1785239043623,false,1785239043693,LeaderAccept
1785239043640,false,1785239043680,FastAccept
1785239043657,true,1785239043713,LeaderAccept
1785239043675,false,1785239043728,LeaderAccept
1785239043692,false,1785239043733,LeaderAccept
1785239043709,true,1785239043751,LeaderAccept
1785239043727,false,1785239043769,LeaderAccept
1785239043745,false,1785239043786,LeaderAccept
1785239043762,true,1785239043804,LeaderAccept
1785239043781,true,1785239043823,LeaderAccept
1785239043799,true,1785239043841,LeaderAccept
1785239043818,true,1785239043859,LeaderAccept
1785239043836,false,1785239043877,LeaderAccept
1785239043855,false,1785239043896,LeaderAccept
1785239043874,false,1785239043915,LeaderAccept
1785239043893,false,1785239043934,LeaderAccept
1785239043912,true,1785239043953,LeaderAccept
1785239043931,true,1785239043973,LeaderAccept
1785239043951,false,1785239043992,LeaderAccept
1785239043970,true,1785239044012,LeaderAccept
1785239043990,true,1785239044032,LeaderAccept
1785239044010,false,1785239044051,LeaderAccept
1785239044030,true,1785239044071,LeaderAccept
1785239044050,true,1785239044091,LeaderAccept
1785239044071,true,1785239044112,LeaderAccept
1785239044090,false,1785239044132,LeaderAccept
1785239044111,true,1785239044153,LeaderAccept
1785239044132,false,1785239044173,LeaderAccept
1785239044154,false,1785239044195,LeaderAccept
1785239044175,true,1785239044217,LeaderAccept
1785239044197,true,1785239044238,LeaderAccept
1785239044219,true,1785239044260,LeaderAccept
1785239044240,true,1785239044282,LeaderAccept
1785239044263,true,1785239044306,LeaderAccept
1785239044286,true,1785239044328,LeaderAccept
1785239044309,false,1785239044352,LeaderAccept
1785239044332,false,1785239044374,LeaderAccept
1785239044356,true,1785239044397,LeaderAccept
1785239044380,true,1785239044422,LeaderAccept
1785239044403,true,1785239044445,LeaderAccept
1785239044428,true,1785239044470,LeaderAccept
1785239044453,true,1785239044494,LeaderAccept
1785239044478,false,1785239044520,LeaderAccept
1785239044503,false,1785239044545,LeaderAccept
1785239044528,true,1785239044570,LeaderAccept
1785239044554,true,1785239044596,LeaderAccept
1785239044581,false,1785239044622,LeaderAccept
1785239044607,false,1785239044648,LeaderAccept
1785239044634,false,1785239044675,LeaderAccept
1785239044661,false,1785239044703,LeaderAccept
1785239044689,true,1785239044731,LeaderAccept
1785239044717,false,1785239044758,LeaderAccept
1785239044745,true,1785239044787,LeaderAccept
1785239044774,false,1785239044815,LeaderAccept
1785239044803,true,1785239044844,LeaderAccept
1785239044832,false,1785239044875,LeaderAccept
1785239044862,true,1785239044903,LeaderAccept
1785239044892,true,1785239044933,LeaderAccept
1785239044923,false,1785239044965,LeaderAccept
1785239044954,true,1785239044997,LeaderAccept
1785239044986,false,1785239045027,LeaderAccept
1785239045018,false,1785239045059,LeaderAccept
1785239045051,false,1785239045093,LeaderAccept
1785239045084,true,1785239045125,LeaderAccept
1785239045117,false,1785239045159,LeaderAccept
1785239045151,true,1785239045193,LeaderAccept
1785239045186,true,1785239045228,LeaderAccept
1785239045221,false,1785239045263,LeaderAccept
1785239045257,false,1785239045299,LeaderAccept
1785239045294,false,1785239045336,LeaderAccept
1785239045331,false,1785239045373,LeaderAccept
1785239045369,false,1785239045410,LeaderAccept
1785239045408,true,1785239045449,LeaderAccept
1785239045447,true,1785239045489,LeaderAccept
1785239045487,false,1785239045528,LeaderAccept
1785239045527,false,1785239045569,LeaderAccept
1785239045569,false,1785239045610,LeaderAccept
1785239045610,true,1785239045652,LeaderAccept
1785239045654,false,1785239045695,LeaderAccept
1785239045697,false,1785239045739,LeaderAccept
1785239045743,true,1785239045785,LeaderAccept
1785239045789,true,1785239045831,LeaderAccept
1785239045837,true,1785239045879,LeaderAccept
1785239045885,false,1785239045927,LeaderAccept
1785239045935,false,1785239045978,LeaderAccept
1785239045986,true,1785239046027,LeaderAccept
1785239046038,false,1785239046080,LeaderAccept
1785239046091,true,1785239046133,LeaderAccept
1785239046146,true,1785239046187,LeaderAccept
1785239046202,true,1785239046243,LeaderAccept
1785239046259,true,1785239046301,LeaderAccept
1785239046318,true,1785239046360,LeaderAccept
1785239046380,true,1785239046422,LeaderAccept
1785239046443,true,1785239046485,LeaderAccept
1785239046508,false,1785239046550,LeaderAccept
1785239046575,true,1785239046617,LeaderAccept
1785239046645,true,1785239046687,LeaderAccept
1785239046717,true,1785239046758,LeaderAccept
1785239046791,false,1785239046833,LeaderAccept
1785239046868,true,1785239046909,LeaderAccept
1785239046948,true,1785239046990,LeaderAccept
1785239047031,true,1785239047073,LeaderAccept
1785239047118,false,1785239047158,FastAccept
1785239047209,true,1785239047249,FastAccept
1785239047304,false,1785239047345,FastAccept
1785239047404,false,1785239047444,FastAccept
1785239047509,true,1785239047549,FastAccept
1785239047619,true,1785239047660,FastAccept
1785239047736,false,1785239047776,FastAccept
1785239047859,true,1785239047899,FastAccept
1785239047990,false,1785239048030,FastAccept
1785239048130,false,1785239048170,FastAccept
1785239048279,true,1785239048319,FastAccept
1785239048440,false,1785239048480,FastAccept
1785239048615,false,1785239048654,FastAccept
1785239048805,false,1785239048845,FastAccept
1785239049015,true,1785239049055,FastAccept
1785239049247,false,1785239049294,FastAccept
1785239049508,true,1785239049550,LeaderAccept
1785239049806,false,1785239049847,LeaderAccept
1785239050150,true,1785239050191,LeaderAccept
1785239050559,true,1785239050600,LeaderAccept
1785239051061,true,1785239051102,LeaderAccept
1785239051706,false,1785239051748,LeaderAccept
1785239052596,false,1785239052638,LeaderAccept
1785239053982,false,1785239054024,LeaderAccept
1785239056755,false,1785239056795,FastAccept
1785239067843,true,1785239067884,FastAccept
1785239094063,false,1785239094102,FastAccept
1785239094084,false,1785239094144,SlowAccept
1785239094106,true,1785239094172,SlowAccept
1785239094128,false,1785239094172,FastAccept
1785239094150,true,1785239094204,LeaderAccept
1785239094172,false,1785239094230,LeaderAccept
1785239094195,true,1785239094257,LeaderAccept
1785239094217,true,1785239094285,LeaderAccept
1785239094240,false,1785239094306,LeaderAccept
1785239094263,true,1785239094303,FastAccept
1785239094285,false,1785239094325,FastAccept
1785239094309,false,1785239094364,LeaderAccept
1785239094333,true,1785239094391,LeaderAccept
1785239094357,false,1785239094416,LeaderAccept
1785239094381,true,1785239094442,LeaderAccept
1785239094405,false,1785239094469,LeaderAccept
1785239094430,false,1785239094495,LeaderAccept
1785239094455,false,1785239094524,LeaderAccept
1785239094481,true,1785239094566,LeaderAccept
1785239094507,true,1785239094566,LeaderAccept
1785239094533,true,1785239094591,LeaderAccept
1785239094560,true,1785239094617,LeaderAccept
1785239094587,true,1785239094643,LeaderAccept
1785239094615,false,1785239094670,LeaderAccept
1785239094642,false,1785239094690,LeaderAccept
1785239094670,true,1785239094709,FastAccept
1785239094698,false,1785239094737,FastAccept
1785239094727,true,1785239094767,FastAccept
1785239094757,false,1785239094831,LeaderAccept
1785239094787,true,1785239094857,LeaderAccept
1785239094817,true,1785239094883,LeaderAccept
1785239094848,false,1785239094909,LeaderAccept
1785239094879,true,1785239094929,LeaderAccept
1785239094910,true,1785239094949,FastAccept
1785239094942,true,1785239094982,FastAccept
1785239094975,true,1785239095015,FastAccept
1785239095008,true,1785239095048,FastAccept
1785239095041,false,1785239095093,LeaderAccept
1785239095075,false,1785239095114,FastAccept
1785239095109,false,1785239095149,FastAccept
1785239095144,false,1785239095183,FastAccept
1785239095179,true,1785239095218,FastAccept
1785239095215,false,1785239095255,FastAccept
1785239095252,false,1785239095291,FastAccept
1785239095289,false,1785239095329,FastAccept
1785239095327,false,1785239095367,FastAccept
1785239095366,true,1785239095406,FastAccept
1785239095406,true,1785239095445,FastAccept
1785239095445,true,1785239095485,FastAccept
1785239095487,true,1785239095526,FastAccept
1785239095529,false,1785239095569,FastAccept
1785239095572,false,1785239095612,FastAccept
1785239095616,true,1785239095656,FastAccept
1785239095661,false,1785239095701,FastAccept
1785239095706,false,1785239095767,LeaderAccept
1785239095753,true,1785239095792,FastAccept
1785239095801,false,1785239095841,FastAccept
1785239095851,true,1785239095891,FastAccept
1785239095901,false,1785239095941,FastAccept
1785239095953,true,1785239095993,FastAccept
1785239096006,true,1785239096046,FastAccept
1785239096060,true,1785239096100,FastAccept
1785239096116,false,1785239096156,FastAccept
1785239096174,false,1785239096214,FastAccept
1785239096233,true,1785239096273,FastAccept
1785239096293,false,1785239096333,FastAccept
1785239096355,true,1785239096395,FastAccept
1785239096420,false,1785239096460,FastAccept
1785239096486,false,1785239096526,FastAccept
1785239096555,true,1785239096594,FastAccept
1785239096626,false,1785239096665,FastAccept
1785239096699,true,1785239096759,LeaderAccept
1785239096775,true,1785239096815,FastAccept
1785239096855,false,1785239096895,FastAccept
1785239096938,true,1785239096977,FastAccept
1785239097024,false,1785239097063,FastAccept
1785239097113,true,1785239097152,FastAccept
1785239097206,true,1785239097246,FastAccept
1785239097304,false,1785239097344,FastAccept
1785239097406,true,1785239097446,FastAccept
1785239097514,true,1785239097553,FastAccept
1785239097628,false,1785239097668,FastAccept
1785239097748,false,1785239097788,FastAccept
1785239097876,false,1785239097916,FastAccept
1785239098012,true,1785239098053,FastAccept
1785239098158,false,1785239098198,FastAccept
1785239098315,false,1785239098356,FastAccept
1785239098485,true,1785239098525,FastAccept
1785239098669,false,1785239098709,FastAccept
1785239098871,true,1785239098911,FastAccept
1785239099095,true,1785239099135,FastAccept
1785239099344,false,1785239099384,FastAccept
1785239099627,true,1785239099667,FastAccept
1785239099952,true,1785239099992,FastAccept
1785239100335,true,1785239100375,FastAccept
1785239100798,false,1785239100839,FastAccept
1785239101381,false,1785239101451,LeaderAccept
1785239102160,true,1785239102213,LeaderAccept
1785239103310,false,1785239103376,LeaderAccept
1785239105355,false,1785239105402,FastAccept
1785239111035,false,1785239111075,FastAccept
1785239134556,true,1785239134596,FastAccept
1785239134572,false,1785239134613,FastAccept
1785239134588,false,1785239134628,FastAccept
1785239134604,false,1785239134644,FastAccept
1785239134621,true,1785239134662,FastAccept
1785239134637,true,1785239134677,FastAccept
1785239134654,true,1785239134695,FastAccept
1785239134671,true,1785239134711,FastAccept
1785239134688,true,1785239134728,FastAccept
1785239134705,true,1785239134745,FastAccept
1785239134722,true,1785239134762,FastAccept
1785239134740,false,1785239134780,FastAccept
1785239134757,true,1785239134797,FastAccept
1785239134775,true,1785239134814,FastAccept
1785239134792,true,1785239134832,FastAccept
1785239134810,true,1785239134850,FastAccept
1785239134828,false,1785239134868,FastAccept
1785239134846,false,1785239134887,FastAccept
1785239134864,true,1785239134904,FastAccept
1785239134882,true,1785239134922,FastAccept
1785239134900,true,1785239134940,FastAccept
1785239134918,true,1785239134965,FastAccept
1785239134937,false,1785239134998,SlowAccept
1785239134956,true,1785239135014,LeaderAccept
1785239134975,false,1785239135029,LeaderAccept
1785239134994,false,1785239135074,SlowAccept
1785239135014,true,1785239135106,LeaderAccept
1785239135033,true,1785239135080,FastAccept
1785239135053,true,1785239135106,LeaderAccept
1785239135073,false,1785239135160,LeaderAccept
1785239135093,true,1785239135154,SlowAccept
1785239135113,true,1785239135160,FastAccept
1785239135133,true,1785239135194,SlowAccept
1785239135154,false,1785239135213,LeaderAccept
1785239135175,false,1785239135277,LeaderAccept
1785239135195,false,1785239135263,SlowAccept
1785239135217,false,1785239135277,LeaderAccept
1785239135238,true,1785239135295,LeaderAccept
1785239135260,false,1785239135321,LeaderAccept
1785239135283,false,1785239135367,SlowAccept
1785239135305,true,1785239135374,LeaderAccept
1785239135328,true,1785239135395,LeaderAccept
1785239135351,false,1785239135391,FastAccept
1785239135374,false,1785239135433,LeaderAccept
1785239135398,false,1785239135453,LeaderAccept
1785239135422,true,1785239135479,LeaderAccept
1785239135446,true,1785239135500,LeaderAccept
1785239135470,true,1785239135526,LeaderAccept
1785239135494,false,1785239135547,LeaderAccept
1785239135519,false,1785239135574,LeaderAccept
1785239135545,false,1785239135597,LeaderAccept
1785239135570,false,1785239135623,LeaderAccept
1785239135595,false,1785239135649,LeaderAccept
1785239135621,false,1785239135676,LeaderAccept
1785239135648,false,1785239135702,LeaderAccept
1785239135674,true,1785239135728,LeaderAccept
1785239135700,true,1785239135749,LeaderAccept
1785239135728,false,1785239135768,FastAccept
1785239135755,false,1785239135796,FastAccept
1785239135783,true,1785239135824,FastAccept
1785239135811,false,1785239135851,FastAccept
1785239135840,true,1785239135881,FastAccept
1785239135869,false,1785239135910,FastAccept
1785239135898,true,1785239135938,FastAccept
1785239135928,false,1785239135975,FastAccept
1785239135958,true,1785239136033,LeaderAccept
1785239135988,true,1785239136063,LeaderAccept
1785239136019,true,1785239136090,LeaderAccept
1785239136050,true,1785239136116,LeaderAccept
1785239136083,true,1785239136137,LeaderAccept
1785239136116,false,1785239136157,FastAccept
1785239136149,true,1785239136189,FastAccept
1785239136183,true,1785239136224,FastAccept
1785239136217,false,1785239136257,FastAccept
1785239136252,true,1785239136292,FastAccept
1785239136287,false,1785239136328,FastAccept
1785239136323,true,1785239136364,FastAccept
1785239136360,false,1785239136400,FastAccept
1785239136398,false,1785239136464,LeaderAccept
1785239136436,false,1785239136485,LeaderAccept
1785239136475,true,1785239136530,SlowAccept
1785239136515,false,1785239136555,FastAccept
1785239136555,false,1785239136615,LeaderAccept
1785239136596,true,1785239136636,FastAccept
1785239136638,true,1785239136694,SlowAccept
1785239136681,true,1785239136721,FastAccept
1785239136725,false,1785239136780,SlowAccept
1785239136769,true,1785239136809,FastAccept
1785239136815,false,1785239136875,LeaderAccept
1785239136861,true,1785239136902,FastAccept
1785239136909,false,1785239136963,SlowAccept
1785239136958,true,1785239136999,FastAccept
1785239137008,false,1785239137069,LeaderAccept
1785239137059,false,1785239137099,FastAccept
1785239137111,true,1785239137172,LeaderAccept
1785239137165,false,1785239137205,FastAccept
1785239137220,false,1785239137281,LeaderAccept
1785239137277,false,1785239137318,FastAccept
1785239137335,true,1785239137390,SlowAccept
1785239137395,false,1785239137435,FastAccept
1785239137457,false,1785239137511,SlowAccept
1785239137520,false,1785239137560,FastAccept
1785239137586,false,1785239137641,SlowAccept
1785239137654,false,1785239137695,FastAccept
1785239137725,false,1785239137778,SlowAccept
1785239137798,false,1785239137837,FastAccept
1785239137873,false,1785239137927,SlowAccept
1785239137951,false,1785239137991,FastAccept
1785239138033,false,1785239138085,SlowAccept
1785239138117,false,1785239138158,FastAccept
1785239138206,false,1785239138267,LeaderAccept
1785239138298,false,1785239138338,FastAccept
1785239138394,true,1785239138454,LeaderAccept
1785239138495,false,1785239138535,FastAccept
1785239138601,false,1785239138662,LeaderAccept
1785239138713,false,1785239138754,FastAccept
1785239138831,false,1785239138890,LeaderAccept
1785239138957,false,1785239138998,FastAccept
1785239139091,false,1785239139131,FastAccept
1785239139234,true,1785239139274,FastAccept
1785239139387,false,1785239139427,FastAccept
1785239139552,true,1785239139591,FastAccept
1785239139731,false,1785239139771,FastAccept
1785239139927,false,1785239139967,FastAccept
1785239140143,true,1785239140183,FastAccept
1785239140384,false,1785239140425,FastAccept
1785239140655,false,1785239140696,FastAccept
1785239140966,false,1785239141007,FastAccept
1785239141329,false,1785239141369,FastAccept
1785239141764,false,1785239141804,FastAccept
1785239142303,true,1785239142343,FastAccept
1785239143009,true,1785239143048,FastAccept
1785239144012,false,1785239144052,FastAccept
1785239145669,false,1785239145716,FastAccept
1785239149462,false,1785239149502,FastAccept
1785239160021,true,1785239160061,FastAccept
1785239160037,false,1785239160078,FastAccept
1785239160054,false,1785239160094,FastAccept
1785239160070,false,1785239160110,FastAccept
1785239160087,false,1785239160127,FastAccept
1785239160104,false,1785239160145,FastAccept
1785239160121,true,1785239160162,FastAccept
1785239160139,false,1785239160179,FastAccept
1785239160156,false,1785239160195,FastAccept
1785239160173,false,1785239160213,FastAccept
1785239160190,false,1785239160230,FastAccept
1785239160206,false,1785239160247,FastAccept
1785239160224,true,1785239160264,FastAccept
1785239160242,false,1785239160283,FastAccept
1785239160260,true,1785239160300,FastAccept
1785239160278,false,1785239160318,FastAccept
1785239160296,true,1785239160336,FastAccept
1785239160315,true,1785239160355,FastAccept
1785239160334,false,1785239160374,FastAccept
1785239160353,false,1785239160393,FastAccept
1785239160372,true,1785239160412,FastAccept
1785239160391,false,1785239160431,FastAccept
1785239160411,false,1785239160450,FastAccept
1785239160430,false,1785239160471,FastAccept
1785239160450,true,1785239160489,FastAccept
1785239160469,true,1785239160509,FastAccept
1785239160489,false,1785239160529,FastAccept
1785239160509,false,1785239160549,FastAccept
1785239160529,true,1785239160569,FastAccept
1785239160550,false,1785239160590,FastAccept
1785239160571,true,1785239160611,FastAccept
1785239160592,true,1785239160632,FastAccept
1785239160613,false,1785239160653,FastAccept
1785239160634,false,1785239160674,FastAccept
1785239160656,true,1785239160696,FastAccept
1785239160678,false,1785239160718,FastAccept
1785239160700,false,1785239160740,FastAccept
1785239160722,true,1785239160761,FastAccept
1785239160744,false,1785239160784,FastAccept
1785239160767,false,1785239160807,FastAccept
1785239160790,true,1785239160830,FastAccept
1785239160813,false,1785239160853,FastAccept
1785239160837,false,1785239160878,FastAccept
1785239160861,false,1785239160900,FastAccept
1785239160885,true,1785239160925,FastAccept
1785239160909,true,1785239160948,FastAccept
1785239160933,true,1785239160973,FastAccept
1785239160958,true,1785239160998,FastAccept
1785239160984,false,1785239161024,FastAccept
1785239161009,false,1785239161049,FastAccept
1785239161035,false,1785239161075,FastAccept
1785239161061,false,1785239161107,FastAccept
1785239161087,false,1785239161133,FastAccept
1785239161113,true,1785239161160,FastAccept
1785239161140,false,1785239161187,FastAccept
1785239161167,true,1785239161234,SlowAccept
1785239161195,true,1785239161264,SlowAccept
1785239161224,true,1785239161291,SlowAccept
1785239161252,false,1785239161319,SlowAccept
1785239161281,true,1785239161385,LeaderAccept
1785239161310,true,1785239161378,SlowAccept
1785239161339,false,1785239161415,LeaderAccept
1785239161369,false,1785239161444,LeaderAccept
1785239161399,true,1785239161473,LeaderAccept
1785239161430,false,1785239161499,LeaderAccept
1785239161462,false,1785239161525,LeaderAccept
1785239161494,true,1785239161546,LeaderAccept
1785239161527,true,1785239161567,FastAccept
1785239161560,false,1785239161599,FastAccept
1785239161594,true,1785239161634,FastAccept
1785239161628,false,1785239161668,FastAccept
1785239161663,true,1785239161703,FastAccept
1785239161699,true,1785239161739,FastAccept
1785239161735,true,1785239161775,FastAccept
1785239161771,true,1785239161811,FastAccept
1785239161808,false,1785239161848,FastAccept
1785239161846,true,1785239161886,FastAccept
1785239161885,true,1785239161925,FastAccept
1785239161925,false,1785239161964,FastAccept
1785239161964,true,1785239162005,FastAccept
1785239162005,false,1785239162044,FastAccept
1785239162046,true,1785239162086,FastAccept
1785239162088,false,1785239162130,FastAccept
1785239162132,true,1785239162172,FastAccept
1785239162176,true,1785239162216,FastAccept
1785239162221,false,1785239162262,FastAccept
1785239162268,true,1785239162308,FastAccept
1785239162316,true,1785239162356,FastAccept
1785239162364,true,1785239162404,FastAccept
1785239162414,true,1785239162454,FastAccept
1785239162466,false,1785239162505,FastAccept
1785239162518,false,1785239162558,FastAccept
1785239162572,true,1785239162612,FastAccept
1785239162627,true,1785239162667,FastAccept
1785239162684,false,1785239162724,FastAccept
1785239162742,false,1785239162797,LeaderAccept
1785239162801,true,1785239162841,FastAccept
1785239162862,true,1785239162902,FastAccept
1785239162925,true,1785239162965,FastAccept
1785239162990,false,1785239163031,FastAccept
1785239163058,false,1785239163098,FastAccept
1785239163128,true,1785239163169,FastAccept
1785239163200,false,1785239163241,FastAccept
1785239163275,true,1785239163315,FastAccept
1785239163353,false,1785239163393,FastAccept
1785239163433,true,1785239163473,FastAccept
1785239163517,false,1785239163557,FastAccept
1785239163605,true,1785239163645,FastAccept
1785239163696,true,1785239163735,FastAccept
1785239163791,true,1785239163830,FastAccept
1785239163890,true,1785239163930,FastAccept
1785239163995,true,1785239164035,FastAccept
1785239164105,false,1785239164145,FastAccept
1785239164221,true,1785239164261,FastAccept
1785239164345,true,1785239164385,FastAccept
1785239164476,true,1785239164516,FastAccept
1785239164616,false,1785239164656,FastAccept
1785239164766,false,1785239164806,FastAccept
1785239164928,false,1785239164967,FastAccept
1785239165103,true,1785239165144,FastAccept
1785239165294,false,1785239165334,FastAccept
1785239165504,false,1785239165544,FastAccept
1785239165737,true,1785239165777,FastAccept
1785239165999,false,1785239166039,FastAccept
1785239166297,true,1785239166337,FastAccept
1785239166643,false,1785239166682,FastAccept
1785239167054,false,1785239167094,FastAccept
1785239167559,false,1785239167647,LeaderAccept
1785239168208,false,1785239168247,FastAccept
1785239169106,false,1785239169153,FastAccept
1785239170513,false,1785239170553,FastAccept
1785239173355,false,1785239173395,FastAccept
1785239185120,false,1785239185160,FastAccept
1785239187206,true,1785239187252,FastAccept
1785239187244,false,1785239187299,LeaderAccept
1785239187283,true,1785239187342,LeaderAccept
1785239187323,true,1785239187377,LeaderAccept
1785239187363,false,1785239187431,LeaderAccept
1785239187404,true,1785239187452,LeaderAccept
1785239187446,false,1785239187485,FastAccept
1785239187488,true,1785239187546,LeaderAccept
1785239187532,true,1785239187572,FastAccept
1785239187576,false,1785239187615,FastAccept
1785239187621,false,1785239187684,LeaderAccept
1785239187668,false,1785239187707,FastAccept
1785239187715,false,1785239187765,LeaderAccept
1785239187764,true,1785239187819,LeaderAccept
1785239187814,false,1785239187880,LeaderAccept
1785239187865,false,1785239187911,FastAccept
1785239187918,true,1785239187970,LeaderAccept
1785239187971,false,1785239188011,FastAccept
1785239188027,false,1785239188094,SlowAccept
1785239188084,false,1785239188134,LeaderAccept
1785239188142,false,1785239188182,FastAccept
1785239188202,false,1785239188269,SlowAccept
1785239188264,true,1785239188312,LeaderAccept
1785239188328,true,1785239188393,LeaderAccept
1785239188394,true,1785239188456,LeaderAccept
1785239188462,true,1785239188502,FastAccept
1785239188532,true,1785239188578,FastAccept
1785239188604,true,1785239188644,FastAccept
1785239188679,false,1785239188739,SlowAccept
1785239188757,false,1785239188814,LeaderAccept
1785239188838,true,1785239188900,LeaderAccept
1785239188922,false,1785239188982,SlowAccept
1785239189010,true,1785239189080,LeaderAccept
1785239189102,false,1785239189154,LeaderAccept
1785239189198,true,1785239189238,FastAccept
1785239189299,false,1785239189340,FastAccept
1785239189405,false,1785239189463,LeaderAccept
1785239189517,false,1785239189571,LeaderAccept
1785239189635,true,1785239189682,FastAccept
1785239189760,false,1785239189808,LeaderAccept
1785239189893,false,1785239189953,LeaderAccept
1785239190035,false,1785239190089,LeaderAccept
1785239190187,true,1785239190252,LeaderAccept
1785239190351,true,1785239190391,FastAccept
1785239190529,true,1785239190575,FastAccept
1785239190723,true,1785239190762,FastAccept
1785239190937,false,1785239190976,FastAccept
1785239191175,true,1785239191221,FastAccept
1785239191443,false,1785239191506,SlowAccept
1785239191750,false,1785239191806,LeaderAccept
1785239192108,true,1785239192148,FastAccept
1785239192535,false,1785239192575,FastAccept
1785239193064,false,1785239193104,FastAccept
1785239193752,false,1785239193792,FastAccept
1785239194722,true,1785239194762,FastAccept
1785239196298,false,1785239196338,FastAccept
1785239199759,false,1785239199798,FastAccept
1785239219288,false,1785239219328,FastAccept
1785239231709,true,1785239231771,SlowAccept
1785239231725,true,1785239231771,FastAccept
1785239231741,false,1785239231814,LeaderAccept
1785239231758,true,1785239231819,LeaderAccept
1785239231774,true,1785239231833,LeaderAccept
1785239231791,true,1785239231845,LeaderAccept
1785239231808,false,1785239231879,LeaderAccept
1785239231825,true,1785239231879,LeaderAccept
1785239231843,false,1785239231944,LeaderAccept
1785239231860,true,1785239231919,SlowAccept
1785239231877,false,1785239231944,SlowAccept
1785239231895,true,1785239231968,LeaderAccept
1785239231913,true,1785239232015,LeaderAccept
1785239231930,false,1785239231991,SlowAccept
1785239231948,true,1785239232015,LeaderAccept
1785239231966,false,1785239232062,LeaderAccept
1785239231985,true,1785239232086,LeaderAccept
1785239232003,true,1785239232086,LeaderAccept
1785239232020,false,1785239232086,SlowAccept
1785239232039,false,1785239232110,LeaderAccept
1785239232058,true,1785239232136,LeaderAccept
1785239232077,true,1785239232156,LeaderAccept
1785239232097,true,1785239232156,SlowAccept
1785239232117,false,1785239232177,SlowAccept
1785239232136,false,1785239232192,LeaderAccept
1785239232155,false,1785239232212,LeaderAccept
1785239232176,true,1785239232277,LeaderAccept
1785239232196,false,1785239232257,SlowAccept
1785239232217,true,1785239232277,SlowAccept
1785239232237,false,1785239232316,SlowAccept
1785239232258,true,1785239232339,LeaderAccept
1785239232279,true,1785239232339,SlowAccept
1785239232300,true,1785239232359,SlowAccept
1785239232321,false,1785239232381,SlowAccept
1785239232343,false,1785239232410,SlowAccept
1785239232365,false,1785239232426,SlowAccept
1785239232387,true,1785239232436,LeaderAccept
1785239232409,false,1785239232456,LeaderAccept
1785239232432,true,1785239232474,LeaderAccept
1785239232455,true,1785239232497,LeaderAccept
1785239232478,true,1785239232549,LeaderAccept
1785239232502,true,1785239232549,LeaderAccept
1785239232525,false,1785239232572,LeaderAccept
1785239232548,false,1785239232589,LeaderAccept
1785239232573,true,1785239232644,LeaderAccept
1785239232597,true,1785239232644,LeaderAccept
1785239232622,true,1785239232668,LeaderAccept
1785239232647,false,1785239232689,LeaderAccept
1785239232673,true,1785239232745,LeaderAccept
1785239232698,true,1785239232745,LeaderAccept
1785239232724,true,1785239232771,LeaderAccept
1785239232751,false,1785239232792,LeaderAccept
1785239232777,false,1785239232819,LeaderAccept
1785239232804,false,1785239232877,LeaderAccept
1785239232831,true,1785239232877,LeaderAccept
1785239232859,false,1785239232925,SlowAccept
1785239232885,false,1785239232955,LeaderAccept
1785239232914,true,1785239232981,LeaderAccept
1785239232943,true,1785239233007,LeaderAccept
1785239232972,false,1785239233063,LeaderAccept
1785239233002,false,1785239233053,LeaderAccept
1785239233032,false,1785239233084,LeaderAccept
1785239233062,true,1785239233109,FastAccept
1785239233093,true,1785239233159,LeaderAccept
1785239233124,true,1785239233187,LeaderAccept
1785239233155,false,1785239233208,LeaderAccept
1785239233187,true,1785239233234,FastAccept
1785239233220,false,1785239233285,LeaderAccept
1785239233254,true,1785239233311,LeaderAccept
1785239233287,true,1785239233327,FastAccept
1785239233321,false,1785239233386,SlowAccept
1785239233356,false,1785239233438,LeaderAccept
1785239233391,true,1785239233438,FastAccept
1785239233427,true,1785239233491,LeaderAccept
1785239233463,true,1785239233512,LeaderAccept
1785239233500,true,1785239233546,FastAccept
1785239233538,true,1785239233598,LeaderAccept
1785239233577,false,1785239233616,FastAccept
1785239233616,false,1785239233676,LeaderAccept
1785239233656,false,1785239233702,FastAccept
1785239233697,true,1785239233754,LeaderAccept
1785239233739,false,1785239233814,LeaderAccept
1785239233781,false,1785239233835,LeaderAccept
1785239233824,false,1785239233872,FastAccept
1785239233869,false,1785239233923,LeaderAccept
1785239233914,false,1785239233970,LeaderAccept
1785239233961,true,1785239234017,LeaderAccept
1785239234008,true,1785239234071,SlowAccept
1785239234056,true,1785239234095,FastAccept
1785239234105,true,1785239234145,FastAccept
1785239234156,false,1785239234196,FastAccept
1785239234208,false,1785239234269,LeaderAccept
1785239234262,true,1785239234308,FastAccept
1785239234317,true,1785239234356,FastAccept
1785239234373,true,1785239234413,FastAccept
1785239234431,false,1785239234491,LeaderAccept
1785239234491,true,1785239234537,FastAccept
1785239234552,false,1785239234592,FastAccept
1785239234616,true,1785239234656,FastAccept
1785239234682,false,1785239234736,LeaderAccept
1785239234749,true,1785239234796,FastAccept
1785239234818,true,1785239234858,FastAccept
1785239234891,true,1785239234930,FastAccept
1785239234966,false,1785239235007,FastAccept
1785239235045,false,1785239235108,SlowAccept
1785239235125,true,1785239235165,FastAccept
1785239235209,false,1785239235250,FastAccept
1785239235297,false,1785239235337,FastAccept
1785239235389,false,1785239235450,LeaderAccept
1785239235485,false,1785239235525,FastAccept
1785239235586,true,1785239235626,FastAccept
1785239235691,true,1785239235730,FastAccept
1785239235802,false,1785239235841,FastAccept
1785239235919,false,1785239235965,FastAccept
1785239236043,true,1785239236083,FastAccept
1785239236175,false,1785239236215,FastAccept
1785239236316,false,1785239236356,FastAccept
1785239236467,false,1785239236534,SlowAccept
1785239236630,false,1785239236670,FastAccept
1785239236806,true,1785239236846,FastAccept
1785239236999,false,1785239237039,FastAccept
1785239237211,false,1785239237266,LeaderAccept
1785239237446,true,1785239237487,FastAccept
1785239237712,true,1785239237752,FastAccept
1785239238015,false,1785239238055,FastAccept
1785239238367,false,1785239238407,FastAccept
1785239238787,false,1785239238843,LeaderAccept
1785239239304,false,1785239239358,LeaderAccept
1785239239974,true,1785239240032,LeaderAccept
1785239240909,false,1785239240949,FastAccept
1785239242401,true,1785239242441,FastAccept
1785239245546,false,1785239245586,FastAccept
1785239260690,false,1785239260730,FastAccept
1785239287583,false,1785239287623,FastAccept
1785239287605,true,1785239287644,FastAccept
1785239287627,false,1785239287667,FastAccept
1785239287649,false,1785239287696,FastAccept
1785239287672,false,1785239287712,FastAccept
1785239287695,false,1785239287748,LeaderAccept
1785239287718,false,1785239287774,LeaderAccept
1785239287741,false,1785239287804,LeaderAccept
1785239287764,true,1785239287834,LeaderAccept
1785239287788,false,1785239287855,LeaderAccept
1785239287812,false,1785239287851,FastAccept
1785239287836,false,1785239287876,FastAccept
1785239287861,true,1785239287901,FastAccept
1785239287887,true,1785239287926,FastAccept
1785239287912,false,1785239288107,LeaderAccept
1785239287937,false,1785239287983,FastAccept
1785239287962,true,1785239288009,FastAccept
1785239287988,true,1785239288035,FastAccept
1785239288014,true,1785239288060,FastAccept
1785239288041,false,1785239288102,SlowAccept
1785239288068,false,1785239288133,LeaderAccept
1785239288095,true,1785239288159,LeaderAccept
1785239288124,true,1785239288185,LeaderAccept
1785239288152,true,1785239288211,LeaderAccept
1785239288180,true,1785239288240,LeaderAccept
1785239288209,false,1785239288267,LeaderAccept
1785239288238,false,1785239288288,LeaderAccept
1785239288268,true,1785239288309,FastAccept
1785239288298,true,1785239288338,FastAccept
1785239288329,false,1785239288369,FastAccept
1785239288360,true,1785239288407,FastAccept
1785239288392,true,1785239288463,LeaderAccept
1785239288424,true,1785239288489,LeaderAccept
1785239288457,true,1785239288511,LeaderAccept
1785239288489,true,1785239288530,FastAccept
1785239288523,true,1785239288563,FastAccept
1785239288557,true,1785239288625,LeaderAccept
1785239288591,false,1785239288646,LeaderAccept
1785239288625,true,1785239288664,FastAccept
1785239288661,false,1785239288700,FastAccept
1785239288697,false,1785239288737,FastAccept
1785239288734,false,1785239288780,FastAccept
1785239288771,true,1785239288827,LeaderAccept
1785239288809,true,1785239288848,FastAccept
1785239288848,true,1785239288888,FastAccept
1785239288888,true,1785239288928,FastAccept
1785239288929,false,1785239288969,FastAccept
1785239288969,false,1785239289015,LeaderAccept
1785239289011,true,1785239289050,FastAccept
1785239289054,true,1785239289095,FastAccept
1785239289098,false,1785239289138,FastAccept
1785239289143,true,1785239289183,FastAccept
1785239289188,false,1785239289228,FastAccept
1785239289235,false,1785239289275,FastAccept
1785239289283,false,1785239289323,FastAccept
1785239289332,true,1785239289372,FastAccept
1785239289382,false,1785239289422,FastAccept
1785239289434,true,1785239289474,FastAccept
1785239289487,false,1785239289547,LeaderAccept
1785239289541,true,1785239289581,FastAccept
1785239289596,true,1785239289636,FastAccept
1785239289653,true,1785239289693,FastAccept
1785239289712,false,1785239289751,FastAccept
1785239289773,true,1785239289812,FastAccept
1785239289835,true,1785239289875,FastAccept
1785239289900,true,1785239289939,FastAccept
1785239289966,true,1785239290005,FastAccept
1785239290034,false,1785239290074,FastAccept
1785239290105,false,1785239290145,FastAccept
1785239290178,true,1785239290218,FastAccept
1785239290254,true,1785239290317,SlowAccept
1785239290333,true,1785239290468,LeaderAccept
1785239290415,false,1785239290462,FastAccept
1785239290501,false,1785239290561,SlowAccept
1785239290590,true,1785239290636,SlowAccept
1785239290684,true,1785239290751,LeaderAccept
1785239290782,false,1785239290848,LeaderAccept
1785239290885,true,1785239290951,LeaderAccept
1785239290992,false,1785239291056,SlowAccept
1785239291106,true,1785239291192,SlowAccept
1785239291226,false,1785239291274,LeaderAccept
1785239291354,false,1785239291420,LeaderAccept
1785239291490,true,1785239291530,FastAccept
1785239291636,false,1785239291703,SlowAccept
1785239291793,true,1785239291849,LeaderAccept
1785239291962,true,1785239292002,FastAccept
1785239292146,true,1785239292206,LeaderAccept
1785239292348,true,1785239292387,FastAccept
1785239292570,true,1785239292610,FastAccept
1785239292819,false,1785239292879,LeaderAccept
1785239293100,false,1785239293140,FastAccept
1785239293424,true,1785239293464,FastAccept
1785239293804,false,1785239293864,LeaderAccept
1785239294264,true,1785239294305,FastAccept
1785239294843,false,1785239294883,FastAccept
1785239295616,false,1785239295657,FastAccept
1785239296752,true,1785239296792,FastAccept
1785239298757,true,1785239298797,FastAccept
1785239304216,false,1785239304264,FastAccept
1785239308859,true,1785239308899,FastAccept
1785239308876,true,1785239308916,FastAccept
1785239308892,true,1785239308932,FastAccept
1785239308909,false,1785239308948,FastAccept
1785239308925,true,1785239308965,FastAccept
1785239308942,true,1785239308982,FastAccept
1785239308959,false,1785239308999,FastAccept
1785239308976,false,1785239309015,FastAccept
1785239308993,true,1785239309033,FastAccept
1785239309010,true,1785239309049,FastAccept
1785239309027,false,1785239309067,FastAccept
1785239309044,false,1785239309083,FastAccept
1785239309061,true,1785239309108,FastAccept
1785239309079,false,1785239309118,FastAccept
1785239309097,true,1785239309190,LeaderAccept
1785239309115,false,1785239309162,FastAccept
1785239309133,true,1785239309173,FastAccept
1785239309152,false,1785239309245,LeaderAccept
1785239309170,false,1785239309217,FastAccept
1785239309189,false,1785239309229,FastAccept
1785239309208,true,1785239309303,LeaderAccept
1785239309227,false,1785239309295,SlowAccept
1785239309246,true,1785239309295,FastAccept
1785239309266,false,1785239309333,LeaderAccept
1785239309286,true,1785239309361,LeaderAccept
1785239309306,false,1785239309346,FastAccept
1785239309326,false,1785239309391,LeaderAccept
1785239309346,false,1785239309419,LeaderAccept
1785239309366,false,1785239309405,FastAccept
1785239309386,true,1785239309449,LeaderAccept
1785239309406,false,1785239309469,LeaderAccept
1785239309427,true,1785239309467,FastAccept
1785239309448,false,1785239309487,FastAccept
1785239309469,true,1785239309508,FastAccept
1785239309490,true,1785239309536,FastAccept
1785239309511,false,1785239309550,FastAccept
1785239309532,true,1785239309593,LeaderAccept
1785239309554,false,1785239309623,LeaderAccept
1785239309576,true,1785239309643,LeaderAccept
1785239309599,true,1785239309638,FastAccept
1785239309622,false,1785239309662,FastAccept
1785239309645,true,1785239309685,FastAccept
1785239309669,true,1785239309709,FastAccept
1785239309693,true,1785239309733,FastAccept
1785239309717,true,1785239309756,FastAccept
1785239309741,true,1785239309781,FastAccept
1785239309765,false,1785239309805,FastAccept
1785239309790,true,1785239309830,FastAccept
1785239309815,false,1785239309855,FastAccept
1785239309840,false,1785239309880,FastAccept
1785239309865,true,1785239309905,FastAccept
1785239309891,false,1785239309931,FastAccept
1785239309917,false,1785239309957,FastAccept
1785239309944,false,1785239309983,FastAccept
1785239309971,false,1785239310010,FastAccept
1785239309998,true,1785239310038,FastAccept
1785239310025,true,1785239310065,FastAccept
1785239310053,true,1785239310093,FastAccept
1785239310082,true,1785239310122,FastAccept
1785239310111,true,1785239310151,FastAccept
1785239310140,false,1785239310180,FastAccept
1785239310169,false,1785239310209,FastAccept
1785239310199,true,1785239310239,FastAccept
1785239310229,true,1785239310270,FastAccept
1785239310260,true,1785239310301,FastAccept
1785239310292,false,1785239310332,FastAccept
1785239310324,false,1785239310364,FastAccept
1785239310356,false,1785239310395,FastAccept
1785239310389,true,1785239310429,FastAccept
1785239310422,false,1785239310462,FastAccept
1785239310456,true,1785239310496,FastAccept
1785239310490,false,1785239310530,FastAccept
1785239310525,true,1785239310564,FastAccept
1785239310560,false,1785239310600,FastAccept
1785239310596,false,1785239310635,FastAccept
1785239310633,true,1785239310673,FastAccept
1785239310671,true,1785239310710,FastAccept
1785239310709,false,1785239310749,FastAccept
1785239310748,true,1785239310822,LeaderAccept
1785239310788,true,1785239310842,LeaderAccept
1785239310829,true,1785239310869,FastAccept
1785239310870,true,1785239310910,FastAccept
1785239310912,false,1785239310952,FastAccept
1785239310955,false,1785239310995,FastAccept
1785239310999,false,1785239311038,FastAccept
1785239311043,true,1785239311082,FastAccept
1785239311088,false,1785239311128,FastAccept
1785239311135,true,1785239311175,FastAccept
1785239311183,false,1785239311223,FastAccept
1785239311231,true,1785239311271,FastAccept
1785239311281,true,1785239311321,FastAccept
1785239311332,false,1785239311371,FastAccept
1785239311384,false,1785239311423,FastAccept
1785239311438,true,1785239311478,FastAccept
1785239311493,true,1785239311533,FastAccept
1785239311550,true,1785239311590,FastAccept
1785239311609,false,1785239311649,FastAccept
1785239311669,false,1785239311709,FastAccept
1785239311731,true,1785239311778,FastAccept
1785239311795,false,1785239311835,FastAccept
1785239311861,true,1785239311901,FastAccept
1785239311929,false,1785239311969,FastAccept
1785239311999,false,1785239312039,FastAccept
1785239312072,false,1785239312112,FastAccept
1785239312148,false,1785239312189,FastAccept
1785239312227,true,1785239312267,FastAccept
1785239312309,true,1785239312350,FastAccept
1785239312394,true,1785239312434,FastAccept
1785239312482,true,1785239312522,FastAccept
1785239312574,true,1785239312614,FastAccept
1785239312671,true,1785239312711,FastAccept
1785239312772,false,1785239312812,FastAccept
1785239312878,false,1785239312918,FastAccept
1785239312991,false,1785239313032,FastAccept
1785239313110,false,1785239313150,FastAccept
1785239313236,false,1785239313276,FastAccept
1785239313371,true,1785239313418,FastAccept
1785239313515,true,1785239313628,LeaderAccept
1785239313669,true,1785239313716,FastAccept
1785239313835,true,1785239313895,LeaderAccept
1785239314016,true,1785239314105,LeaderAccept
1785239314213,true,1785239314274,LeaderAccept
1785239314431,true,1785239314491,LeaderAccept
1785239314674,true,1785239314734,LeaderAccept
1785239314948,true,1785239315009,LeaderAccept
1785239315262,true,1785239315323,LeaderAccept
1785239315629,false,1785239315689,LeaderAccept
1785239316070,false,1785239316110,FastAccept
1785239316619,false,1785239316659,FastAccept
1785239317342,false,1785239317382,FastAccept
1785239318379,false,1785239318419,FastAccept
1785239320119,false,1785239320159,FastAccept
1785239324269,true,1785239324310,FastAccept
1785239355778,false,1785239355817,FastAccept
1785239355803,true,1785239355843,FastAccept
1785239355829,false,1785239355869,FastAccept
1785239355855,false,1785239355895,FastAccept
1785239355882,false,1785239355922,FastAccept
1785239355909,true,1785239355949,FastAccept
1785239355936,false,1785239355976,FastAccept
1785239355964,false,1785239356004,FastAccept
1785239355991,true,1785239356031,FastAccept
1785239356020,true,1785239356060,FastAccept
1785239356048,true,1785239356087,FastAccept
1785239356076,true,1785239356116,FastAccept
1785239356106,false,1785239356146,FastAccept
1785239356136,true,1785239356176,FastAccept
1785239356166,true,1785239356205,FastAccept
1785239356196,false,1785239356236,FastAccept
1785239356227,true,1785239356267,FastAccept
1785239356258,false,1785239356298,FastAccept
1785239356290,false,1785239356330,FastAccept
1785239356323,true,1785239356363,FastAccept
1785239356356,false,1785239356395,FastAccept
1785239356389,true,1785239356429,FastAccept
1785239356423,true,1785239356463,FastAccept
1785239356458,true,1785239356498,FastAccept
1785239356493,true,1785239356533,FastAccept
1785239356529,true,1785239356569,FastAccept
1785239356566,true,1785239356606,FastAccept
1785239356603,true,1785239356643,FastAccept
1785239356641,true,1785239356681,FastAccept
1785239356680,false,1785239356720,FastAccept
1785239356719,false,1785239356759,FastAccept
1785239356759,false,1785239356798,FastAccept
1785239356798,true,1785239356838,FastAccept
1785239356840,true,1785239356880,FastAccept
1785239356883,false,1785239356923,FastAccept
1785239356926,false,1785239356966,FastAccept
1785239356970,true,1785239357010,FastAccept
1785239357015,false,1785239357055,FastAccept
1785239357062,false,1785239357101,FastAccept
1785239357109,false,1785239357149,FastAccept
1785239357157,false,1785239357197,FastAccept
1785239357206,false,1785239357246,FastAccept
1785239357257,true,1785239357297,FastAccept
1785239357309,true,1785239357349,FastAccept
1785239357362,false,1785239357402,FastAccept
1785239357417,true,1785239357457,FastAccept
1785239357473,false,1785239357513,FastAccept
1785239357531,true,1785239357570,FastAccept
1785239357589,false,1785239357629,FastAccept
1785239357651,true,1785239357691,FastAccept
1785239357714,true,1785239357754,FastAccept
1785239357779,true,1785239357819,FastAccept
1785239357846,false,1785239357885,FastAccept
1785239357915,false,1785239357954,FastAccept
1785239357985,true,1785239358050,SlowAccept
1785239358060,false,1785239358100,FastAccept
1785239358137,false,1785239358177,FastAccept
1785239358217,false,1785239358257,FastAccept
1785239358300,false,1785239358340,FastAccept
1785239358387,false,1785239358427,FastAccept
1785239358478,false,1785239358517,FastAccept
1785239358572,true,1785239358612,FastAccept
1785239358671,false,1785239358711,FastAccept
1785239358775,true,1785239358814,FastAccept
1785239358884,false,1785239358923,FastAccept
1785239358999,true,1785239359039,FastAccept
1785239359121,false,1785239359161,FastAccept
1785239359250,false,1785239359302,LeaderAccept
1785239359389,true,1785239359430,FastAccept
1785239359538,true,1785239359578,FastAccept
1785239359698,false,1785239359738,FastAccept
1785239359871,false,1785239359938,LeaderAccept
1785239360060,false,1785239360100,FastAccept
1785239360267,false,1785239360321,LeaderAccept
1785239360496,true,1785239360558,LeaderAccept
1785239360753,true,1785239360818,LeaderAccept
1785239361045,true,1785239361098,LeaderAccept
1785239361382,true,1785239361436,LeaderAccept
1785239361782,false,1785239361822,FastAccept
1785239362269,false,1785239362336,SlowAccept
1785239362891,false,1785239362937,FastAccept
1785239363739,true,1785239363779,FastAccept
1785239365034,false,1785239365099,LeaderAccept
1785239367507,false,1785239367547,FastAccept
1785239376017,true,1785239376057,FastAccept
1785239393241,true,1785239393278,FastAccept
1785239393265,true,1785239393302,FastAccept
1785239393289,false,1785239393326,FastAccept
1785239393313,true,1785239393402,LeaderAccept
1785239393338,true,1785239393402,SlowAccept
1785239393362,true,1785239393402,FastAccept
1785239393388,true,1785239393432,FastAccept
1785239393414,false,1785239393458,FastAccept
1785239393440,false,1785239393484,FastAccept
1785239393466,true,1785239393510,FastAccept
1785239393493,true,1785239393551,SlowAccept
1785239393520,false,1785239393590,LeaderAccept
1785239393547,true,1785239393665,LeaderAccept
1785239393574,true,1785239393638,SlowAccept
1785239393602,false,1785239393695,LeaderAccept
1785239393630,true,1785239393695,SlowAccept
1785239393659,false,1785239393723,SlowAccept
1785239393688,false,1785239393752,SlowAccept
1785239393717,false,1785239393782,LeaderAccept
1785239393747,true,1785239393810,LeaderAccept
1785239393777,true,1785239393838,LeaderAccept
1785239393808,false,1785239393884,LeaderAccept
1785239393839,true,1785239393876,FastAccept
1785239393871,true,1785239393908,FastAccept
1785239393903,false,1785239393940,FastAccept
1785239393936,false,1785239393973,FastAccept
1785239393969,false,1785239394006,FastAccept
1785239394003,true,1785239394040,FastAccept
1785239394037,true,1785239394074,FastAccept
1785239394072,true,1785239394109,FastAccept
1785239394108,true,1785239394145,FastAccept
1785239394144,false,1785239394198,SlowAccept
1785239394181,true,1785239394218,FastAccept
1785239394219,true,1785239394256,FastAccept
1785239394256,false,1785239394293,FastAccept
1785239394295,false,1785239394331,FastAccept
1785239394334,false,1785239394371,FastAccept
1785239394374,true,1785239394411,FastAccept
1785239394416,true,1785239394453,FastAccept
1785239394457,false,1785239394494,FastAccept
1785239394500,false,1785239394562,LeaderAccept
1785239394544,true,1785239394581,FastAccept
1785239394589,false,1785239394627,FastAccept
1785239394635,false,1785239394672,FastAccept
1785239394681,true,1785239394718,FastAccept
1785239394729,true,1785239394767,FastAccept
1785239394778,false,1785239394815,FastAccept
1785239394828,true,1785239394872,FastAccept
1785239394880,false,1785239394917,FastAccept
1785239394932,true,1785239394969,FastAccept
1785239394986,true,1785239395024,FastAccept
1785239395042,true,1785239395086,FastAccept
1785239395099,false,1785239395137,FastAccept
1785239395158,false,1785239395196,FastAccept
1785239395218,true,1785239395255,FastAccept
1785239395280,true,1785239395317,FastAccept
1785239395344,false,1785239395381,FastAccept
1785239395410,false,1785239395447,FastAccept
1785239395478,true,1785239395514,FastAccept
1785239395548,false,1785239395585,FastAccept
1785239395621,false,1785239395659,FastAccept
1785239395697,true,1785239395734,FastAccept
1785239395775,false,1785239395819,FastAccept
1785239395857,true,1785239395894,FastAccept
1785239395941,false,1785239395978,FastAccept
1785239396030,false,1785239396067,FastAccept
1785239396123,false,1785239396166,FastAccept
1785239396219,true,1785239396257,FastAccept
1785239396321,false,1785239396359,FastAccept
1785239396428,false,1785239396466,FastAccept
1785239396541,true,1785239396578,FastAccept
1785239396660,false,1785239396697,FastAccept
1785239396786,true,1785239396823,FastAccept
1785239396920,false,1785239396957,FastAccept
1785239397063,true,1785239397101,FastAccept
1785239397218,false,1785239397256,FastAccept
1785239397385,true,1785239397422,FastAccept
1785239397566,false,1785239397603,FastAccept
1785239397763,true,1785239397800,FastAccept
1785239397982,true,1785239398041,LeaderAccept
1785239398225,false,1785239398285,LeaderAccept
1785239398500,false,1785239398561,LeaderAccept
1785239398815,false,1785239398858,FastAccept
1785239399183,true,1785239399220,FastAccept
1785239399625,false,1785239399662,FastAccept
1785239400177,false,1785239400214,FastAccept
1785239400903,false,1785239400941,FastAccept
1785239401947,true,1785239401984,FastAccept
1785239403706,true,1785239403771,SlowAccept
1785239407938,false,1785239407975,FastAccept
1785239434732,true,1785239434773,FastAccept
1785239434763,true,1785239434830,LeaderAccept
1785239434794,false,1785239434859,LeaderAccept
1785239434825,true,1785239434888,LeaderAccept
1785239434856,true,1785239434908,LeaderAccept
1785239434888,true,1785239434927,FastAccept
1785239434920,true,1785239434959,FastAccept
1785239434952,true,1785239434992,FastAccept
1785239434986,false,1785239435026,FastAccept
1785239435020,true,1785239435060,FastAccept
1785239435055,true,1785239435095,FastAccept
1785239435089,true,1785239435144,LeaderAccept
1785239435125,false,1785239435165,FastAccept
1785239435161,true,1785239435201,FastAccept
1785239435198,false,1785239435237,FastAccept
1785239435236,false,1785239435275,FastAccept
1785239435274,false,1785239435313,FastAccept
1785239435312,false,1785239435353,FastAccept
1785239435352,false,1785239435392,FastAccept
1785239435392,false,1785239435432,FastAccept
1785239435433,false,1785239435473,FastAccept
1785239435475,false,1785239435528,LeaderAccept
1785239435518,true,1785239435558,FastAccept
1785239435562,false,1785239435602,FastAccept
1785239435607,true,1785239435647,FastAccept
1785239435653,false,1785239435693,FastAccept
1785239435700,false,1785239435740,FastAccept
1785239435748,true,1785239435788,FastAccept
1785239435797,false,1785239435837,FastAccept
1785239435848,false,1785239435888,FastAccept
1785239435899,true,1785239435939,FastAccept
1785239435952,true,1785239435992,FastAccept
1785239436006,true,1785239436047,FastAccept
1785239436062,false,1785239436102,FastAccept
1785239436120,false,1785239436160,FastAccept
1785239436179,true,1785239436222,FastAccept
1785239436239,false,1785239436280,FastAccept
1785239436301,false,1785239436342,FastAccept
1785239436366,true,1785239436406,FastAccept
1785239436433,false,1785239436473,FastAccept
1785239436501,false,1785239436542,FastAccept
1785239436572,false,1785239436612,FastAccept
1785239436646,true,1785239436686,FastAccept
1785239436722,false,1785239436765,FastAccept
1785239436801,false,1785239436841,FastAccept
1785239436883,true,1785239436923,FastAccept
1785239436968,false,1785239437011,FastAccept
1785239437058,true,1785239437100,FastAccept
1785239437151,false,1785239437191,FastAccept
1785239437249,false,1785239437290,FastAccept
1785239437352,true,1785239437392,FastAccept
1785239437460,true,1785239437501,FastAccept
1785239437574,true,1785239437615,FastAccept
1785239437695,false,1785239437736,FastAccept
1785239437823,false,1785239437864,FastAccept
1785239437959,true,1785239437999,FastAccept
1785239438105,false,1785239438145,FastAccept
1785239438262,false,1785239438302,FastAccept
1785239438431,true,1785239438471,FastAccept
1785239438616,false,1785239438656,FastAccept
1785239438818,false,1785239438857,FastAccept
1785239439041,true,1785239439081,FastAccept
1785239439291,false,1785239439330,FastAccept
1785239439573,true,1785239439612,FastAccept
1785239439898,true,1785239439938,FastAccept
1785239440280,true,1785239440346,LeaderAccept
1785239440742,true,1785239440799,LeaderAccept
1785239441324,true,1785239441383,LeaderAccept
1785239442102,false,1785239442141,FastAccept
1785239443249,true,1785239443288,FastAccept
1785239445285,false,1785239445324,FastAccept
1785239450917,true,1785239450978,SlowAccept
1785239491613,true,1785239491669,SlowAccept
1785239491635,false,1785239491723,LeaderAccept
1785239491658,false,1785239491723,LeaderAccept
1785239491681,true,1785239491770,LeaderAccept
1785239491704,true,1785239491770,LeaderAccept
1785239491728,false,1785239491817,LeaderAccept
1785239491752,true,1785239491817,LeaderAccept
1785239491776,true,1785239491868,LeaderAccept
1785239491800,false,1785239491868,LeaderAccept
1785239491825,true,1785239491918,LeaderAccept
1785239491850,false,1785239491918,LeaderAccept
1785239491876,true,1785239491972,LeaderAccept
1785239491902,false,1785239491963,SlowAccept
1785239491929,false,1785239492023,LeaderAccept
1785239491955,false,1785239492023,LeaderAccept
1785239491982,true,1785239492079,LeaderAccept
1785239492009,true,1785239492070,SlowAccept
1785239492036,true,1785239492132,LeaderAccept
1785239492064,false,1785239492125,SlowAccept
1785239492093,false,1785239492181,SlowAccept
1785239492121,true,1785239492189,LeaderAccept
1785239492150,true,1785239492217,LeaderAccept
1785239492179,false,1785239492245,LeaderAccept
1785239492209,true,1785239492274,LeaderAccept
1785239492238,false,1785239492302,LeaderAccept
1785239492269,false,1785239492330,LeaderAccept
1785239492300,false,1785239492351,LeaderAccept
1785239492332,false,1785239492372,FastAccept
1785239492363,true,1785239492403,FastAccept
1785239492396,false,1785239492436,FastAccept
1785239492429,true,1785239492468,FastAccept
1785239492462,true,1785239492502,FastAccept
1785239492496,false,1785239492536,FastAccept
1785239492530,false,1785239492570,FastAccept
1785239492565,true,1785239492605,FastAccept
1785239492601,true,1785239492640,FastAccept
1785239492637,true,1785239492676,FastAccept
1785239492674,true,1785239492713,FastAccept
1785239492711,false,1785239492750,FastAccept
1785239492749,false,1785239492790,FastAccept
1785239492788,true,1785239492828,FastAccept
1785239492828,true,1785239492867,FastAccept
1785239492868,true,1785239492908,FastAccept
1785239492909,true,1785239492950,FastAccept
1785239492952,false,1785239492992,FastAccept
1785239492995,false,1785239493035,FastAccept
1785239493040,true,1785239493079,FastAccept
1785239493085,false,1785239493124,FastAccept
1785239493131,false,1785239493171,FastAccept
1785239493178,true,1785239493218,FastAccept
1785239493226,false,1785239493266,FastAccept
1785239493276,true,1785239493315,FastAccept
1785239493326,true,1785239493366,FastAccept
1785239493378,false,1785239493418,FastAccept
1785239493431,true,1785239493471,FastAccept
1785239493485,true,1785239493525,FastAccept
1785239493541,false,1785239493581,FastAccept
1785239493599,true,1785239493639,FastAccept
1785239493658,false,1785239493698,FastAccept
1785239493719,false,1785239493759,FastAccept
1785239493782,true,1785239493822,FastAccept
1785239493847,false,1785239493887,FastAccept
1785239493914,true,1785239493954,FastAccept
1785239493983,false,1785239494023,FastAccept
1785239494056,false,1785239494095,FastAccept
1785239494130,true,1785239494170,FastAccept
1785239494207,false,1785239494247,FastAccept
1785239494287,true,1785239494327,FastAccept
1785239494370,false,1785239494410,FastAccept
1785239494457,true,1785239494497,FastAccept
1785239494547,false,1785239494587,FastAccept
1785239494642,false,1785239494682,FastAccept
1785239494741,false,1785239494782,FastAccept
1785239494845,false,1785239494885,FastAccept
1785239494954,true,1785239494994,FastAccept
1785239495069,true,1785239495110,FastAccept
1785239495192,true,1785239495232,FastAccept
1785239495322,false,1785239495361,FastAccept
1785239495460,false,1785239495500,FastAccept
1785239495608,false,1785239495648,FastAccept
1785239495768,false,1785239495808,FastAccept
1785239495940,false,1785239495980,FastAccept
1785239496128,true,1785239496168,FastAccept
1785239496335,false,1785239496375,FastAccept
1785239496565,false,1785239496605,FastAccept
1785239496822,false,1785239496862,FastAccept
1785239497114,false,1785239497154,FastAccept
1785239497452,true,1785239497492,FastAccept
1785239497851,false,1785239497891,FastAccept
1785239498338,false,1785239498379,FastAccept
1785239498960,true,1785239499000,FastAccept
1785239499807,true,1785239499847,FastAccept
1785239501100,false,1785239501140,FastAccept
1785239503569,true,1785239503609,FastAccept
1785239512047,true,1785239512111,LeaderAccept
1785239533008,false,1785239533069,LeaderAccept
1785239533037,true,1785239533097,LeaderAccept
1785239533066,true,1785239533126,LeaderAccept
1785239533096,true,1785239533146,LeaderAccept
1785239533126,true,1785239533166,FastAccept
1785239533157,true,1785239533223,LeaderAccept
1785239533188,false,1785239533252,LeaderAccept
1785239533220,false,1785239533272,LeaderAccept
1785239533251,true,1785239533291,FastAccept
1785239533284,false,1785239533341,SlowAccept
1785239533317,false,1785239533370,LeaderAccept
1785239533349,false,1785239533389,FastAccept
1785239533384,true,1785239533438,LeaderAccept
1785239533419,false,1785239533460,FastAccept
1785239533455,true,1785239533511,LeaderAccept
1785239533491,false,1785239533538,FastAccept
1785239533528,true,1785239533579,LeaderAccept
1785239533565,false,1785239533615,LeaderAccept
1785239533602,false,1785239533642,FastAccept
1785239533641,true,1785239533692,LeaderAccept
1785239533680,false,1785239533721,FastAccept
1785239533721,false,1785239533772,LeaderAccept
1785239533762,true,1785239533802,FastAccept
1785239533804,true,1785239533861,LeaderAccept
1785239533847,true,1785239533886,FastAccept
1785239533889,true,1785239533945,SlowAccept
1785239533934,false,1785239533974,FastAccept
1785239533979,true,1785239534019,FastAccept
1785239534026,true,1785239534066,FastAccept
1785239534074,true,1785239534114,FastAccept
1785239534122,true,1785239534162,FastAccept
1785239534172,false,1785239534213,FastAccept
1785239534223,false,1785239534283,LeaderAccept
1785239534276,false,1785239534316,FastAccept
1785239534329,false,1785239534369,FastAccept
1785239534384,false,1785239534424,FastAccept
1785239534441,false,1785239534481,FastAccept
1785239534500,true,1785239534539,FastAccept
1785239534560,true,1785239534600,FastAccept
1785239534621,true,1785239534660,FastAccept
1785239534685,false,1785239534725,FastAccept
1785239534750,true,1785239534809,LeaderAccept
1785239534818,false,1785239534858,FastAccept
1785239534888,true,1785239534929,FastAccept
1785239534961,true,1785239535001,FastAccept
1785239535036,false,1785239535077,FastAccept
1785239535114,false,1785239535155,FastAccept
1785239535195,true,1785239535235,FastAccept
1785239535280,true,1785239535320,FastAccept
1785239535368,false,1785239535429,SlowAccept
1785239535460,false,1785239535515,SlowAccept
1785239535556,false,1785239535596,FastAccept
1785239535657,false,1785239535697,FastAccept
1785239535763,true,1785239535803,FastAccept
1785239535874,false,1785239535914,FastAccept
1785239535991,false,1785239536031,FastAccept
1785239536116,false,1785239536156,FastAccept
1785239536249,false,1785239536289,FastAccept
1785239536391,true,1785239536431,FastAccept
1785239536543,false,1785239536603,LeaderAccept
1785239536707,true,1785239536747,FastAccept
1785239536885,true,1785239536925,FastAccept
1785239537079,false,1785239537119,FastAccept
1785239537293,false,1785239537333,FastAccept
1785239537530,true,1785239537570,FastAccept
1785239537799,false,1785239537839,FastAccept
1785239538105,true,1785239538145,FastAccept
1785239538463,true,1785239538503,FastAccept
1785239538890,false,1785239538933,FastAccept
1785239539419,false,1785239539459,FastAccept
1785239540106,false,1785239540146,FastAccept
1785239541075,false,1785239541115,FastAccept
1785239542647,false,1785239542687,FastAccept
1785239546096,true,1785239546136,FastAccept
1785239558376,false,1785239558417,FastAccept
1785239558401,true,1785239558441,FastAccept
1785239558425,false,1785239558465,FastAccept
1785239558450,true,1785239558490,FastAccept
1785239558475,true,1785239558537,SlowAccept
1785239558500,true,1785239558677,LeaderAccept
1785239558526,true,1785239558573,FastAccept
1785239558552,false,1785239558599,FastAccept
1785239558579,false,1785239558626,FastAccept
1785239558606,true,1785239558666,SlowAccept
1785239558633,true,1785239558706,LeaderAccept
1785239558661,false,1785239558727,LeaderAccept
1785239558688,true,1785239558751,LeaderAccept
1785239558716,false,1785239558780,LeaderAccept
1785239558745,true,1785239558836,LeaderAccept
1785239558774,true,1785239558814,FastAccept
1785239558803,false,1785239558864,LeaderAccept
1785239558833,true,1785239558893,LeaderAccept
1785239558863,true,1785239558914,LeaderAccept
1785239558893,false,1785239558932,FastAccept
1785239558924,true,1785239558995,LeaderAccept
1785239558956,false,1785239559023,LeaderAccept
1785239558988,false,1785239559052,LeaderAccept
1785239559021,false,1785239559073,LeaderAccept
1785239559054,false,1785239559094,FastAccept
1785239559088,false,1785239559134,FastAccept
1785239559122,false,1785239559193,LeaderAccept
1785239559157,false,1785239559214,LeaderAccept
1785239559192,false,1785239559232,FastAccept
1785239559228,true,1785239559268,FastAccept
1785239559264,false,1785239559311,FastAccept
1785239559302,true,1785239559361,LeaderAccept
1785239559340,true,1785239559386,FastAccept
1785239559378,false,1785239559436,LeaderAccept
1785239559418,false,1785239559457,FastAccept
1785239559457,false,1785239559497,FastAccept
1785239559498,false,1785239559538,FastAccept
1785239559540,false,1785239559580,FastAccept
1785239559582,true,1785239559622,FastAccept
1785239559625,false,1785239559665,FastAccept
1785239559669,true,1785239559709,FastAccept
1785239559714,false,1785239559781,LeaderAccept
1785239559760,true,1785239559800,FastAccept
1785239559807,false,1785239559848,FastAccept
1785239559856,false,1785239559896,FastAccept
1785239559905,true,1785239559945,FastAccept
1785239559956,true,1785239560003,FastAccept
1785239560008,true,1785239560048,FastAccept
1785239560062,true,1785239560102,FastAccept
1785239560117,false,1785239560158,FastAccept
1785239560173,true,1785239560213,FastAccept
1785239560231,true,1785239560271,FastAccept
1785239560291,true,1785239560338,FastAccept
1785239560352,true,1785239560392,FastAccept
1785239560415,false,1785239560455,FastAccept
1785239560480,false,1785239560520,FastAccept
1785239560547,true,1785239560587,FastAccept
1785239560616,false,1785239560656,FastAccept
1785239560688,false,1785239560728,FastAccept
1785239560762,false,1785239560802,FastAccept
1785239560839,true,1785239560879,FastAccept
1785239560919,true,1785239560959,FastAccept
1785239561003,true,1785239561044,FastAccept
1785239561090,false,1785239561130,FastAccept
1785239561180,true,1785239561221,FastAccept
1785239561275,false,1785239561315,FastAccept
1785239561374,false,1785239561414,FastAccept
1785239561478,false,1785239561518,FastAccept
1785239561588,false,1785239561629,FastAccept
1785239561704,true,1785239561744,FastAccept
1785239561827,false,1785239561874,FastAccept
1785239561957,false,1785239561997,FastAccept
1785239562096,true,1785239562135,FastAccept
1785239562245,true,1785239562285,FastAccept
1785239562405,true,1785239562445,FastAccept
1785239562578,true,1785239562618,FastAccept
1785239562767,false,1785239562806,FastAccept
1785239562974,true,1785239563014,FastAccept
1785239563204,true,1785239563244,FastAccept
1785239563462,true,1785239563502,FastAccept
1785239563756,true,1785239563796,FastAccept
1785239564095,true,1785239564135,FastAccept
1785239564498,true,1785239564538,FastAccept
1785239564990,false,1785239565031,FastAccept
1785239565618,true,1785239565658,FastAccept
1785239566478,true,1785239566518,FastAccept
1785239567800,false,1785239567840,FastAccept
1785239570357,true,1785239570398,FastAccept
1785239579541,true,1785239579581,FastAccept
1785239586160,false,1785239586200,FastAccept
1785239586175,true,1785239586215,FastAccept
1785239586191,false,1785239586230,FastAccept
1785239586207,true,1785239586247,FastAccept
1785239586223,false,1785239586264,FastAccept
1785239586239,false,1785239586279,FastAccept
1785239586255,true,1785239586295,FastAccept
1785239586271,false,1785239586341,LeaderAccept
1785239586287,false,1785239586327,FastAccept
1785239586303,false,1785239586370,LeaderAccept
1785239586320,true,1785239586360,FastAccept
1785239586337,false,1785239586399,LeaderAccept
1785239586354,true,1785239586429,LeaderAccept
1785239586370,true,1785239586409,FastAccept
1785239586387,false,1785239586457,LeaderAccept
1785239586404,true,1785239586444,FastAccept
1785239586422,false,1785239586513,LeaderAccept
1785239586439,false,1785239586506,SlowAccept
1785239586457,true,1785239586506,FastAccept
1785239586474,false,1785239586542,LeaderAccept
1785239586492,true,1785239586531,FastAccept
1785239586510,false,1785239586595,LeaderAccept
1785239586528,false,1785239586587,SlowAccept
1785239586546,false,1785239586587,FastAccept
1785239586565,false,1785239586625,LeaderAccept
1785239586583,false,1785239586653,LeaderAccept
1785239586602,false,1785239586641,FastAccept
1785239586621,false,1785239586683,LeaderAccept
1785239586640,true,1785239586711,LeaderAccept
1785239586660,true,1785239586699,FastAccept
1785239586679,true,1785239586741,LeaderAccept
1785239586699,false,1785239586769,LeaderAccept
1785239586718,true,1785239586758,FastAccept
1785239586738,true,1785239586799,LeaderAccept
1785239586758,false,1785239586853,LeaderAccept
1785239586778,false,1785239586824,FastAccept
1785239586798,false,1785239586853,LeaderAccept
1785239586819,true,1785239586900,SlowAccept
1785239586840,false,1785239586935,LeaderAccept
1785239586861,false,1785239586927,SlowAccept
1785239586882,false,1785239586927,FastAccept
1785239586904,true,1785239586964,LeaderAccept
1785239586926,true,1785239586993,LeaderAccept
1785239586948,true,1785239587013,LeaderAccept
1785239586971,false,1785239587011,FastAccept
1785239586993,true,1785239587033,FastAccept
1785239587016,true,1785239587056,FastAccept
1785239587039,true,1785239587079,FastAccept
1785239587062,true,1785239587102,FastAccept
1785239587086,false,1785239587126,FastAccept
1785239587110,false,1785239587150,FastAccept
1785239587134,false,1785239587174,FastAccept
1785239587159,true,1785239587199,FastAccept
1785239587183,true,1785239587222,FastAccept
1785239587207,false,1785239587247,FastAccept
1785239587232,true,1785239587635,LeaderAccept
1785239587257,true,1785239587304,FastAccept
1785239587284,true,1785239587330,FastAccept
1785239587310,false,1785239587357,FastAccept
1785239587337,true,1785239587384,FastAccept
1785239587364,true,1785239587431,SlowAccept
1785239587391,true,1785239587438,FastAccept
1785239587419,true,1785239587486,SlowAccept
1785239587446,true,1785239587514,SlowAccept
1785239587474,false,1785239587520,FastAccept
1785239587502,false,1785239587569,SlowAccept
1785239587531,true,1785239587598,SlowAccept
1785239587560,false,1785239587627,SlowAccept
1785239587590,false,1785239587665,LeaderAccept
1785239587620,true,1785239587720,LeaderAccept
1785239587652,false,1785239587712,SlowAccept
1785239587683,false,1785239587748,LeaderAccept
1785239587715,false,1785239587777,LeaderAccept
1785239587747,false,1785239587798,LeaderAccept
1785239587779,true,1785239587819,FastAccept
1785239587812,true,1785239587852,FastAccept
1785239587846,true,1785239587886,FastAccept
1785239587879,false,1785239587920,FastAccept
1785239587913,false,1785239587953,FastAccept
1785239587949,true,1785239587989,FastAccept
1785239587985,true,1785239588025,FastAccept
1785239588022,true,1785239588062,FastAccept
1785239588059,true,1785239588099,FastAccept
1785239588097,false,1785239588137,FastAccept
1785239588135,true,1785239588175,FastAccept
1785239588175,true,1785239588214,FastAccept
1785239588214,false,1785239588276,LeaderAccept
1785239588255,false,1785239588295,FastAccept
1785239588297,false,1785239588337,FastAccept
1785239588338,true,1785239588379,FastAccept
1785239588382,true,1785239588422,FastAccept
1785239588426,true,1785239588467,FastAccept
1785239588471,true,1785239588511,FastAccept
1785239588517,true,1785239588581,SlowAccept
1785239588565,false,1785239588611,FastAccept
1785239588613,false,1785239588680,SlowAccept
1785239588662,false,1785239588802,LeaderAccept
1785239588713,true,1785239588774,SlowAccept
1785239588765,false,1785239588816,SlowAccept
1785239588818,true,1785239588863,SlowAccept
1785239588872,true,1785239588961,LeaderAccept
1785239588928,false,1785239588984,LeaderAccept
1785239588986,true,1785239589040,LeaderAccept
1785239589045,false,1785239589106,LeaderAccept
1785239589106,false,1785239589173,SlowAccept
1785239589169,false,1785239589231,LeaderAccept
1785239589234,false,1785239589288,LeaderAccept
1785239589301,true,1785239589364,LeaderAccept
1785239589370,false,1785239589437,SlowAccept
1785239589442,false,1785239589499,LeaderAccept
1785239589516,false,1785239589556,FastAccept
1785239589593,false,1785239589655,LeaderAccept
1785239589673,false,1785239589739,LeaderAccept
1785239589755,false,1785239589809,LeaderAccept
1785239589842,true,1785239589903,SlowAccept
1785239589933,false,1785239589987,LeaderAccept
1785239590027,false,1785239590090,LeaderAccept
1785239590126,false,1785239590218,LeaderAccept
1785239590230,true,1785239590277,FastAccept
1785239590339,false,1785239590401,LeaderAccept
1785239590455,false,1785239590495,FastAccept
1785239590577,true,1785239590644,LeaderAccept
1785239590707,true,1785239590767,SlowAccept
1785239590846,false,1785239590891,LeaderAccept
1785239590995,true,1785239591035,FastAccept
1785239591155,true,1785239591221,LeaderAccept
1785239591328,true,1785239591375,FastAccept
1785239591517,true,1785239591567,FastAccept
1785239591724,false,1785239591764,FastAccept
1785239591953,false,1785239592012,LeaderAccept
1785239592211,false,1785239592257,FastAccept
1785239592503,false,1785239592562,LeaderAccept
1785239592841,false,1785239592881,FastAccept
1785239593242,false,1785239593281,FastAccept
1785239593730,true,1785239593770,FastAccept
1785239594354,false,1785239594394,FastAccept
1785239595206,true,1785239595252,FastAccept
1785239596510,true,1785239596572,LeaderAccept
1785239599011,true,1785239599051,FastAccept
1785239607742,false,1785239607782,FastAccept
1785239618951,false,1785239618991,FastAccept
1785239618974,false,1785239619014,FastAccept
1785239618997,true,1785239619036,FastAccept
1785239619020,true,1785239619059,FastAccept
1785239619043,true,1785239619083,FastAccept
1785239619067,true,1785239619108,FastAccept
1785239619092,true,1785239619131,FastAccept
1785239619116,true,1785239619156,FastAccept
1785239619141,false,1785239619181,FastAccept
1785239619166,true,1785239619206,FastAccept
1785239619191,false,1785239619231,FastAccept
1785239619217,true,1785239619257,FastAccept
1785239619243,false,1785239619284,FastAccept
1785239619270,true,1785239619310,FastAccept
1785239619297,false,1785239619338,FastAccept
1785239619324,false,1785239619364,FastAccept
1785239619351,true,1785239619391,FastAccept
1785239619379,false,1785239619418,FastAccept
1785239619407,true,1785239619447,FastAccept
1785239619436,true,1785239619497,LeaderAccept
1785239619465,true,1785239619526,LeaderAccept
1785239619494,true,1785239619555,LeaderAccept
1785239619524,false,1785239619583,LeaderAccept
1785239619554,true,1785239619604,LeaderAccept
1785239619584,true,1785239619623,FastAccept
1785239619615,true,1785239619655,FastAccept
1785239619646,true,1785239619686,FastAccept
1785239619678,false,1785239619719,FastAccept
1785239619711,true,1785239619752,FastAccept
1785239619744,true,1785239619785,FastAccept
1785239619777,false,1785239619818,FastAccept
1785239619811,false,1785239619850,FastAccept
1785239619845,true,1785239619885,FastAccept
1785239619880,false,1785239619920,FastAccept
1785239619915,true,1785239619955,FastAccept
1785239619951,true,1785239619991,FastAccept
1785239619988,false,1785239620028,FastAccept
1785239620026,true,1785239620065,FastAccept
1785239620064,true,1785239620104,FastAccept
1785239620103,true,1785239620143,FastAccept
1785239620143,true,1785239620183,FastAccept
1785239620183,false,1785239620222,FastAccept
1785239620223,false,1785239620263,FastAccept
1785239620265,true,1785239620305,FastAccept
1785239620308,false,1785239620348,FastAccept
1785239620352,true,1785239620392,FastAccept
1785239620397,true,1785239620437,FastAccept
1785239620443,false,1785239620483,FastAccept
1785239620490,true,1785239620530,FastAccept
1785239620537,false,1785239620578,FastAccept
1785239620586,true,1785239620625,FastAccept
1785239620636,false,1785239620676,FastAccept
1785239620687,false,1785239620727,FastAccept
1785239620740,true,1785239620780,FastAccept
1785239620794,false,1785239620834,FastAccept
1785239620850,false,1785239620890,FastAccept
1785239620907,true,1785239620947,FastAccept
1785239620966,false,1785239621006,FastAccept
1785239621027,true,1785239621067,FastAccept
1785239621090,true,1785239621130,FastAccept
1785239621155,true,1785239621195,FastAccept
1785239621221,false,1785239621261,FastAccept
1785239621290,false,1785239621330,FastAccept
1785239621361,false,1785239621401,FastAccept
1785239621434,false,1785239621475,FastAccept
1785239621509,true,1785239621550,FastAccept
1785239621588,true,1785239621628,FastAccept
1785239621670,false,1785239621710,FastAccept
1785239621755,false,1785239621795,FastAccept
1785239621844,true,1785239621884,FastAccept
1785239621936,true,1785239622004,LeaderAccept
1785239622034,true,1785239622108,LeaderAccept
1785239622136,true,1785239622194,LeaderAccept
1785239622243,true,1785239622312,LeaderAccept
1785239622357,false,1785239622403,FastAccept
1785239622477,true,1785239622542,LeaderAccept
1785239622604,false,1785239622650,FastAccept
1785239622739,true,1785239622804,SlowAccept
1785239622884,false,1785239622949,LeaderAccept
1785239623039,false,1785239623093,LeaderAccept
1785239623207,false,1785239623439,LeaderAccept
1785239623390,false,1785239623439,FastAccept
1785239623590,false,1785239623650,SlowAccept
1785239623810,true,1785239623849,FastAccept
1785239624056,false,1785239624120,SlowAccept
1785239624335,true,1785239624401,SlowAccept
1785239624655,true,1785239624713,LeaderAccept
1785239625030,true,1785239625075,FastAccept
1785239625482,true,1785239625533,LeaderAccept
1785239626049,false,1785239626117,SlowAccept
1785239626802,false,1785239626842,FastAccept
1785239627898,true,1785239627959,LeaderAccept
1785239629793,true,1785239629833,FastAccept
1785239634675,false,1785239634715,FastAccept
1785239667464,true,1785239667536,LeaderAccept
1785239667491,true,1785239667586,LeaderAccept
1785239667519,true,1785239667643,LeaderAccept
1785239667546,true,1785239667614,SlowAccept
1785239667574,false,1785239667643,LeaderAccept
1785239667601,false,1785239667667,LeaderAccept
1785239667629,false,1785239667697,LeaderAccept
1785239667658,false,1785239667726,LeaderAccept
1785239667687,false,1785239667755,LeaderAccept
1785239667716,true,1785239667812,LeaderAccept
1785239667746,false,1785239667804,FastAccept
1785239667776,false,1785239667840,LeaderAccept
1785239667807,false,1785239667869,LeaderAccept
1785239667838,false,1785239667889,LeaderAccept
1785239667870,true,1785239667937,SlowAccept
1785239667902,true,1785239667976,LeaderAccept
1785239667935,false,1785239668004,LeaderAccept
1785239667968,false,1785239668032,LeaderAccept
1785239668001,true,1785239668052,LeaderAccept
1785239668035,true,1785239668075,FastAccept
1785239668070,false,1785239668136,LeaderAccept
1785239668106,true,1785239668157,LeaderAccept
1785239668142,false,1785239668181,FastAccept
1785239668179,false,1785239668230,LeaderAccept
1785239668216,false,1785239668282,SlowAccept
1785239668254,true,1785239668311,LeaderAccept
1785239668292,false,1785239668332,FastAccept
1785239668331,false,1785239668390,LeaderAccept
1785239668371,false,1785239668428,LeaderAccept
1785239668412,false,1785239668452,FastAccept
1785239668454,true,1785239668506,LeaderAccept
1785239668496,false,1785239668543,FastAccept
1785239668539,false,1785239668592,LeaderAccept
1785239668584,true,1785239668624,FastAccept
1785239668629,true,1785239668691,LeaderAccept
1785239668675,false,1785239668715,FastAccept
1785239668723,false,1785239668763,FastAccept
1785239668772,false,1785239668824,LeaderAccept
1785239668822,false,1785239668862,FastAccept
1785239668872,true,1785239668912,FastAccept
1785239668924,true,1785239668964,FastAccept
1785239668978,true,1785239669044,LeaderAccept
1785239669033,false,1785239669073,FastAccept
1785239669089,true,1785239669130,FastAccept
1785239669147,true,1785239669202,LeaderAccept
1785239669206,true,1785239669247,FastAccept
1785239669267,true,1785239669307,FastAccept
1785239669330,false,1785239669370,FastAccept
1785239669395,false,1785239669441,FastAccept
1785239669461,true,1785239669501,FastAccept
1785239669531,false,1785239669570,FastAccept
1785239669601,true,1785239669641,FastAccept
1785239669676,true,1785239669717,FastAccept
1785239669753,false,1785239669793,FastAccept
1785239669833,false,1785239669873,FastAccept
1785239669917,false,1785239669964,FastAccept
1785239670004,true,1785239670065,SlowAccept
1785239670095,true,1785239670150,LeaderAccept
1785239670190,true,1785239670255,LeaderAccept
1785239670290,false,1785239670353,LeaderAccept
1785239670394,false,1785239670440,FastAccept
1785239670504,false,1785239670558,LeaderAccept
1785239670620,true,1785239670683,LeaderAccept
1785239670742,true,1785239670788,FastAccept
1785239670872,false,1785239670923,LeaderAccept
1785239671010,true,1785239671070,LeaderAccept
1785239671159,true,1785239671226,SlowAccept
1785239671319,false,1785239671358,FastAccept
1785239671492,false,1785239671555,LeaderAccept
1785239671681,false,1785239671747,LeaderAccept
1785239671889,false,1785239671936,FastAccept
1785239672119,false,1785239672159,FastAccept
1785239672377,true,1785239672424,FastAccept
1785239672671,false,1785239672711,FastAccept
1785239673011,false,1785239673051,FastAccept
1785239673414,true,1785239673454,FastAccept
1785239673906,true,1785239673946,FastAccept
1785239674535,true,1785239674575,FastAccept
1785239675396,false,1785239675436,FastAccept
1785239676719,true,1785239676759,FastAccept
1785239679284,false,1785239679324,FastAccept
