request_time,write,response_time,accept_status
1785238723332,true,1785238723371,FastAccept
1785238723872,true,1785238723939,LeaderAccept
1785238724579,false,1785238724619,LeaderAccept
1785238725586,false,1785238725627,LeaderAccept
1785238727250,true,1785238727310,LeaderAccept
1785238731073,true,1785238731115,LeaderAccept
1785238731467,true,1785238731509,LeaderAccept
1785238731504,true,1785238731546,LeaderAccept
1785238731540,true,1785238731582,LeaderAccept
1785238731578,false,1785238731620,LeaderAccept
1785238731616,true,1785238731657,LeaderAccept
1785238731656,true,1785238731697,LeaderAccept
1785238731696,true,1785238731737,LeaderAccept
1785238731737,true,1785238731778,LeaderAccept
1785238731778,true,1785238731820,LeaderAccept
1785238731821,true,1785238731862,LeaderAccept
1785238731865,true,1785238731907,LeaderAccept
1785238731909,true,1785238731950,LeaderAccept
1785238731954,true,1785238731995,LeaderAccept
1785238732000,true,1785238732042,LeaderAccept
1785238732047,false,1785238732089,LeaderAccept
1785238732096,false,1785238732137,LeaderAccept
1785238732146,true,1785238732188,LeaderAccept
1785238732197,true,1785238732239,LeaderAccept
1785238732250,true,1785238732293,LeaderAccept
1785238732304,true,1785238732346,LeaderAccept
1785238732359,false,1785238732400,LeaderAccept
1785238732416,false,1785238732457,LeaderAccept
1785238732474,true,1785238732515,LeaderAccept
1785238732533,false,1785238732575,LeaderAccept
1785238732595,true,1785238732637,LeaderAccept
1785238732659,false,1785238732701,LeaderAccept
1785238732725,true,1785238732767,LeaderAccept
1785238732793,false,1785238732835,LeaderAccept
1785238732863,true,1785238732905,LeaderAccept
1785238732936,true,1785238732978,LeaderAccept
1785238733011,true,1785238733052,LeaderAccept
1785238733089,true,1785238733130,LeaderAccept
1785238733170,true,1785238733211,LeaderAccept
1785238733253,true,1785238733295,LeaderAccept
1785238733341,true,1785238733383,LeaderAccept
1785238733432,true,1785238733474,LeaderAccept
1785238733528,true,1785238733570,LeaderAccept
1785238733629,false,1785238733672,LeaderAccept
1785238733735,false,1785238733776,LeaderAccept
1785238733846,false,1785238733887,LeaderAccept
1785238733963,true,1785238734005,LeaderAccept
1785238734086,true,1785238734128,LeaderAccept
1785238734218,false,1785238734260,LeaderAccept
1785238734360,false,1785238734401,LeaderAccept
1785238734512,true,1785238734551,FastAccept
1785238734675,true,1785238734714,FastAccept
1785238734851,false,1785238734890,FastAccept
1785238735045,false,1785238735084,FastAccept
1785238735258,false,1785238735298,FastAccept
1785238735495,true,1785238735534,FastAccept
1785238735760,true,1785238735819,LeaderAccept
1785238736064,false,1785238736103,FastAccept
1785238736417,false,1785238736456,FastAccept
1785238736839,true,1785238736878,FastAccept
1785238737359,true,1785238737398,FastAccept
1785238738032,false,1785238738073,LeaderAccept
1785238738975,false,1785238739017,LeaderAccept
1785238740485,false,1785238740527,LeaderAccept
1785238743697,true,1785238743735,FastAccept
1785238759691,false,1785238759732,LeaderAccept
1785238787983,false,1785238788025,LeaderAccept
1785238788001,false,1785238788042,LeaderAccept
1785238788018,false,1785238788059,LeaderAccept
1785238788035,false,1785238788077,LeaderAccept
1785238788053,false,1785238788095,LeaderAccept
1785238788070,true,1785238788112,LeaderAccept
1785238788088,false,1785238788130,LeaderAccept
1785238788106,true,1785238788147,LeaderAccept
1785238788124,true,1785238788165,LeaderAccept
1785238788142,false,1785238788182,LeaderAccept
1785238788159,false,1785238788201,LeaderAccept
1785238788177,false,1785238788219,LeaderAccept
1785238788195,true,1785238788237,LeaderAccept
1785238788215,false,1785238788257,LeaderAccept
1785238788234,false,1785238788275,LeaderAccept
1785238788253,false,1785238788294,LeaderAccept
1785238788272,true,1785238788313,LeaderAccept
1785238788291,false,1785238788332,LeaderAccept
1785238788311,false,1785238788352,LeaderAccept
1785238788331,false,1785238788372,LeaderAccept
1785238788351,true,1785238788391,LeaderAccept
1785238788370,true,1785238788412,LeaderAccept
1785238788391,false,1785238788432,LeaderAccept
1785238788412,false,1785238788453,LeaderAccept
1785238788432,false,1785238788473,LeaderAccept
1785238788453,true,1785238788494,LeaderAccept
1785238788475,true,1785238788515,LeaderAccept
1785238788496,false,1785238788537,LeaderAccept
1785238788518,false,1785238788558,LeaderAccept
1785238788539,true,1785238788580,LeaderAccept
1785238788561,true,1785238788603,LeaderAccept
1785238788584,false,1785238788625,LeaderAccept
1785238788607,true,1785238788648,LeaderAccept
1785238788630,true,1785238788671,LeaderAccept
1785238788652,false,1785238788694,LeaderAccept
1785238788675,false,1785238788716,LeaderAccept
1785238788698,true,1785238788740,LeaderAccept
1785238788723,true,1785238788764,LeaderAccept
1785238788746,true,1785238788787,LeaderAccept
1785238788771,true,1785238788812,LeaderAccept
1785238788796,true,1785238788837,LeaderAccept
1785238788821,true,1785238788862,LeaderAccept
1785238788847,false,1785238788888,LeaderAccept
1785238788873,false,1785238788915,LeaderAccept
1785238788898,false,1785238788939,LeaderAccept
1785238788925,false,1785238788966,LeaderAccept
1785238788951,false,1785238788992,LeaderAccept
1785238788979,false,1785238789020,LeaderAccept
1785238789006,false,1785238789046,LeaderAccept
1785238789034,false,1785238789076,LeaderAccept
1785238789062,true,1785238789103,LeaderAccept
1785238789089,true,1785238789130,LeaderAccept
1785238789117,false,1785238789159,LeaderAccept
1785238789147,true,1785238789188,LeaderAccept
1785238789176,true,1785238789219,LeaderAccept
1785238789205,true,1785238789247,LeaderAccept
1785238789236,false,1785238789277,LeaderAccept
1785238789266,true,1785238789307,LeaderAccept
1785238789297,false,1785238789339,LeaderAccept
1785238789330,false,1785238789371,LeaderAccept
1785238789362,false,1785238789403,LeaderAccept
1785238789395,true,1785238789437,LeaderAccept
1785238789428,true,1785238789468,LeaderAccept
1785238789462,false,1785238789504,LeaderAccept
1785238789496,true,1785238789538,LeaderAccept
1785238789532,false,1785238789573,LeaderAccept
1785238789568,true,1785238789610,LeaderAccept
1785238789605,false,1785238789646,LeaderAccept
1785238789641,true,1785238789683,LeaderAccept
1785238789679,true,1785238789720,LeaderAccept
1785238789717,false,1785238789759,LeaderAccept
1785238789755,true,1785238789797,LeaderAccept
1785238789795,false,1785238789837,LeaderAccept
1785238789835,false,1785238789877,LeaderAccept
1785238789876,false,1785238789918,LeaderAccept
1785238789918,true,1785238789959,LeaderAccept
1785238789960,false,1785238790002,LeaderAccept
1785238790004,false,1785238790045,LeaderAccept
1785238790049,false,1785238790091,LeaderAccept
1785238790095,true,1785238790137,LeaderAccept
1785238790142,true,1785238790183,LeaderAccept
1785238790189,true,1785238790231,LeaderAccept
1785238790239,false,1785238790281,LeaderAccept
1785238790290,true,1785238790331,LeaderAccept
1785238790341,true,1785238790383,LeaderAccept
1785238790394,true,1785238790436,LeaderAccept
1785238790448,true,1785238790489,LeaderAccept
1785238790504,true,1785238790546,LeaderAccept
1785238790561,true,1785238790602,LeaderAccept
1785238790620,true,1785238790662,LeaderAccept
1785238790681,false,1785238790723,LeaderAccept
1785238790744,false,1785238790786,LeaderAccept
1785238790809,false,1785238790850,LeaderAccept
1785238790875,true,1785238790916,LeaderAccept
1785238790943,true,1785238790984,LeaderAccept
1785238791015,false,1785238791057,LeaderAccept
1785238791089,true,1785238791130,LeaderAccept
1785238791165,true,1785238791206,LeaderAccept
1785238791243,true,1785238791285,LeaderAccept
1785238791325,false,1785238791366,LeaderAccept
1785238791411,true,1785238791452,LeaderAccept
1785238791500,false,1785238791541,LeaderAccept
1785238791592,false,1785238791634,LeaderAccept
1785238791689,true,1785238791730,LeaderAccept
1785238791792,false,1785238791833,LeaderAccept
1785238791899,false,1785238791941,LeaderAccept
1785238792013,false,1785238792054,LeaderAccept
1785238792133,false,1785238792174,LeaderAccept
1785238792260,true,1785238792300,LeaderAccept
1785238792396,true,1785238792437,LeaderAccept
1785238792541,true,1785238792582,LeaderAccept
1785238792696,true,1785238792738,LeaderAccept
1785238792864,true,1785238792906,LeaderAccept
1785238793047,true,1785238793089,LeaderAccept
1785238793248,false,1785238793289,LeaderAccept
1785238793468,true,1785238793510,LeaderAccept
1785238793716,false,1785238793757,LeaderAccept
1785238793996,false,1785238794038,LeaderAccept
1785238794317,true,1785238794355,FastAccept
1785238794694,false,1785238794732,FastAccept
1785238795148,false,1785238795187,FastAccept
1785238795720,false,1785238795759,FastAccept
1785238796480,false,1785238796519,FastAccept
1785238797590,false,1785238797629,FastAccept
1785238799525,false,1785238799563,FastAccept
1785238804611,false,1785238804652,LeaderAccept
1785238808563,true,1785238808602,FastAccept
1785238808596,false,1785238808634,FastAccept
1785238808629,true,1785238808667,FastAccept
1785238808663,true,1785238808701,FastAccept
1785238808697,true,1785238808761,LeaderAccept
1785238808732,false,1785238808781,LeaderAccept
1785238808767,true,1785238808805,FastAccept
1785238808803,true,1785238808841,FastAccept
1785238808839,true,1785238808878,FastAccept
1785238808877,true,1785238808915,FastAccept
1785238808915,false,1785238808954,FastAccept
1785238808953,false,1785238808992,FastAccept
1785238808993,false,1785238809032,FastAccept
1785238809033,false,1785238809072,FastAccept
1785238809074,true,1785238809112,FastAccept
1785238809115,true,1785238809174,LeaderAccept
1785238809158,false,1785238809196,FastAccept
1785238809201,true,1785238809240,FastAccept
1785238809245,false,1785238809284,FastAccept
1785238809290,true,1785238809329,FastAccept
1785238809336,false,1785238809375,FastAccept
1785238809383,true,1785238809446,SlowAccept
1785238809431,false,1785238809470,FastAccept
1785238809480,true,1785238809519,FastAccept
1785238809531,false,1785238809569,FastAccept
1785238809582,true,1785238809621,FastAccept
1785238809636,false,1785238809675,FastAccept
1785238809690,true,1785238809729,FastAccept
1785238809747,true,1785238809786,FastAccept
1785238809804,true,1785238809843,FastAccept
1785238809863,true,1785238809902,FastAccept
1785238809923,true,1785238809962,FastAccept
1785238809986,false,1785238810025,FastAccept
1785238810051,false,1785238810090,FastAccept
1785238810118,false,1785238810157,FastAccept
1785238810187,false,1785238810226,FastAccept
1785238810259,false,1785238810298,FastAccept
1785238810333,false,1785238810371,FastAccept
1785238810410,false,1785238810449,FastAccept
1785238810490,true,1785238810528,FastAccept
1785238810573,true,1785238810611,FastAccept
1785238810659,false,1785238810697,FastAccept
1785238810748,false,1785238810787,FastAccept
1785238810842,false,1785238810881,FastAccept
1785238810941,false,1785238810980,FastAccept
1785238811044,true,1785238811083,FastAccept
1785238811154,true,1785238811193,FastAccept
1785238811269,true,1785238811308,FastAccept
1785238811391,true,1785238811430,FastAccept
1785238811521,false,1785238811560,FastAccept
1785238811660,true,1785238811699,FastAccept
1785238811808,true,1785238811847,FastAccept
1785238811967,false,1785238812006,FastAccept
1785238812139,false,1785238812178,FastAccept
1785238812327,false,1785238812365,FastAccept
1785238812533,false,1785238812571,FastAccept
1785238812761,false,1785238812799,FastAccept
1785238813017,true,1785238813056,FastAccept
1785238813307,true,1785238813346,FastAccept
1785238813644,true,1785238813683,FastAccept
1785238814041,false,1785238814079,FastAccept
1785238814524,true,1785238814563,FastAccept
1785238815140,true,1785238815178,FastAccept
1785238815977,true,1785238816016,FastAccept
1785238817249,true,1785238817295,FastAccept
1785238819650,true,1785238819696,FastAccept
1785238822755,true,1785238822796,LeaderAccept
1785238822778,true,1785238822818,LeaderAccept
1785238822800,false,1785238822841,LeaderAccept
1785238822824,true,1785238822865,LeaderAccept
1785238822847,true,1785238822888,LeaderAccept
1785238822871,false,1785238822911,LeaderAccept
1785238822895,false,1785238822936,LeaderAccept
1785238822919,false,1785238822959,LeaderAccept
1785238822943,false,1785238822984,LeaderAccept
1785238822967,false,1785238823009,LeaderAccept
1785238822993,false,1785238823034,LeaderAccept
1785238823018,false,1785238823059,LeaderAccept
1785238823044,false,1785238823085,LeaderAccept
1785238823069,false,1785238823110,LeaderAccept
1785238823095,true,1785238823137,LeaderAccept
1785238823121,true,1785238823162,LeaderAccept
1785238823149,false,1785238823190,LeaderAccept
1785238823177,true,1785238823218,LeaderAccept
1785238823203,true,1785238823244,LeaderAccept
1785238823230,true,1785238823271,LeaderAccept
1785238823259,true,1785238823300,LeaderAccept
1785238823287,true,1785238823328,LeaderAccept
1785238823315,false,1785238823356,LeaderAccept
1785238823344,false,1785238823386,LeaderAccept
1785238823374,true,1785238823415,LeaderAccept
1785238823404,false,1785238823445,LeaderAccept
1785238823435,true,1785238823476,LeaderAccept
1785238823466,true,1785238823507,LeaderAccept
1785238823498,false,1785238823539,LeaderAccept
1785238823529,true,1785238823570,LeaderAccept
1785238823562,false,1785238823603,LeaderAccept
1785238823595,false,1785238823637,LeaderAccept
1785238823629,false,1785238823670,LeaderAccept
1785238823663,true,1785238823704,LeaderAccept
1785238823698,false,1785238823739,LeaderAccept
1785238823734,false,1785238823775,LeaderAccept
1785238823770,true,1785238823811,LeaderAccept
1785238823807,true,1785238823848,LeaderAccept
1785238823844,false,1785238823885,LeaderAccept
1785238823882,true,1785238823923,LeaderAccept
1785238823920,false,1785238823961,LeaderAccept
1785238823959,false,1785238824000,LeaderAccept
1785238824000,false,1785238824041,LeaderAccept
1785238824041,true,1785238824082,LeaderAccept
1785238824082,false,1785238824123,LeaderAccept
1785238824124,false,1785238824165,LeaderAccept
1785238824168,false,1785238824209,LeaderAccept
1785238824211,false,1785238824253,LeaderAccept
1785238824257,false,1785238824298,LeaderAccept
1785238824304,false,1785238824345,LeaderAccept
1785238824352,true,1785238824393,LeaderAccept
1785238824400,false,1785238824441,LeaderAccept
1785238824450,false,1785238824491,LeaderAccept
1785238824500,true,1785238824541,LeaderAccept
1785238824553,true,1785238824594,LeaderAccept
1785238824607,true,1785238824648,LeaderAccept
1785238824661,false,1785238824703,LeaderAccept
1785238824718,false,1785238824759,LeaderAccept
1785238824776,false,1785238824817,LeaderAccept
1785238824835,true,1785238824877,LeaderAccept
1785238824897,true,1785238824938,LeaderAccept
1785238824961,false,1785238825003,LeaderAccept
1785238825027,true,1785238825068,LeaderAccept
1785238825095,true,1785238825137,LeaderAccept
1785238825165,true,1785238825206,LeaderAccept
1785238825238,false,1785238825279,LeaderAccept
1785238825313,true,1785238825355,LeaderAccept
1785238825391,false,1785238825432,LeaderAccept
1785238825471,false,1785238825513,LeaderAccept
1785238825555,false,1785238825597,LeaderAccept
1785238825643,true,1785238825685,LeaderAccept
1785238825734,false,1785238825775,LeaderAccept
1785238825830,true,1785238825872,LeaderAccept
1785238825931,true,1785238825973,LeaderAccept
1785238826036,false,1785238826077,LeaderAccept
1785238826148,true,1785238826189,LeaderAccept
1785238826265,true,1785238826303,FastAccept
1785238826388,false,1785238826427,FastAccept
1785238826520,true,1785238826559,FastAccept
1785238826662,true,1785238826701,FastAccept
1785238826813,true,1785238826873,LeaderAccept
1785238826976,true,1785238827015,FastAccept
1785238827153,false,1785238827192,FastAccept
1785238827347,false,1785238827386,FastAccept
1785238827560,false,1785238827599,FastAccept
1785238827796,true,1785238827835,FastAccept
1785238828063,true,1785238828101,FastAccept
1785238828367,false,1785238828406,FastAccept
1785238828720,false,1785238828759,FastAccept
1785238829142,true,1785238829181,FastAccept
1785238829663,true,1785238829756,LeaderAccept
1785238830338,false,1785238830379,LeaderAccept
1785238831283,false,1785238831325,LeaderAccept
1785238832799,true,1785238832841,LeaderAccept
1785238834080,true,1785238834121,LeaderAccept
1785238834108,true,1785238834150,LeaderAccept
1785238834137,true,1785238834178,LeaderAccept
1785238834166,false,1785238834207,LeaderAccept
1785238834194,false,1785238834236,LeaderAccept
1785238834224,true,1785238834265,LeaderAccept
1785238834254,false,1785238834298,LeaderAccept
1785238834285,false,1785238834326,LeaderAccept
1785238834316,true,1785238834358,LeaderAccept
1785238834347,false,1785238834388,LeaderAccept
1785238834380,false,1785238834421,LeaderAccept
1785238834413,true,1785238834454,LeaderAccept
1785238834446,true,1785238834487,LeaderAccept
1785238834480,true,1785238834521,LeaderAccept
1785238834515,false,1785238834556,LeaderAccept
1785238834549,false,1785238834590,LeaderAccept
1785238834585,false,1785238834626,LeaderAccept
1785238834621,true,1785238834662,LeaderAccept
1785238834657,true,1785238834699,LeaderAccept
1785238834694,false,1785238834736,LeaderAccept
1785238834732,false,1785238834775,LeaderAccept
1785238834771,true,1785238834812,LeaderAccept
1785238834810,false,1785238834852,LeaderAccept
1785238834851,false,1785238834892,LeaderAccept
1785238834892,true,1785238834933,LeaderAccept
1785238834934,false,1785238834976,LeaderAccept
1785238834977,false,1785238835019,LeaderAccept
1785238835021,true,1785238835062,LeaderAccept
1785238835065,false,1785238835107,LeaderAccept
1785238835110,false,1785238835152,LeaderAccept
1785238835156,true,1785238835198,LeaderAccept
1785238835204,false,1785238835246,LeaderAccept
1785238835253,false,1785238835295,LeaderAccept
1785238835303,true,1785238835346,LeaderAccept
1785238835354,true,1785238835395,LeaderAccept
1785238835407,false,1785238835450,LeaderAccept
1785238835461,true,1785238835504,LeaderAccept
1785238835516,true,1785238835557,LeaderAccept
1785238835572,false,1785238835614,LeaderAccept
1785238835631,true,1785238835673,LeaderAccept
1785238835691,true,1785238835733,LeaderAccept
1785238835752,false,1785238835794,LeaderAccept
1785238835815,false,1785238835857,LeaderAccept
1785238835881,true,1785238835923,LeaderAccept
1785238835950,false,1785238835991,LeaderAccept
1785238836020,true,1785238836062,LeaderAccept
1785238836093,true,1785238836134,LeaderAccept
1785238836168,false,1785238836209,LeaderAccept
1785238836246,false,1785238836288,LeaderAccept
1785238836328,false,1785238836370,LeaderAccept
1785238836412,true,1785238836454,LeaderAccept
1785238836500,true,1785238836542,LeaderAccept
1785238836592,true,1785238836633,LeaderAccept
1785238836687,false,1785238836730,LeaderAccept
1785238836789,true,1785238836831,LeaderAccept
1785238836894,false,1785238836936,LeaderAccept
1785238837005,false,1785238837046,LeaderAccept
1785238837124,false,1785238837165,LeaderAccept
1785238837249,false,1785238837290,LeaderAccept
1785238837382,false,1785238837424,LeaderAccept
1785238837525,false,1785238837567,LeaderAccept
1785238837678,true,1785238837719,LeaderAccept
1785238837842,true,1785238837884,LeaderAccept
1785238838021,false,1785238838063,LeaderAccept
1785238838216,false,1785238838258,LeaderAccept
1785238838432,false,1785238838473,LeaderAccept
1785238838672,true,1785238838713,LeaderAccept
1785238838941,true,1785238838983,LeaderAccept
1785238839250,false,1785238839293,LeaderAccept
1785238839610,false,1785238839652,LeaderAccept
1785238840042,false,1785238840083,LeaderAccept
1785238840577,true,1785238840618,LeaderAccept
1785238841276,true,1785238841315,FastAccept
1785238842266,false,1785238842306,FastAccept
1785238843890,false,1785238843929,FastAccept
1785238847548,false,1785238847586,FastAccept
1785238858176,false,1785238858215,FastAccept
1785238858209,false,1785238858248,FastAccept
1785238858244,true,1785238858282,FastAccept
1785238858278,false,1785238858317,FastAccept
1785238858314,false,1785238858352,FastAccept
1785238858349,false,1785238858388,FastAccept
1785238858386,false,1785238858424,FastAccept
1785238858422,true,1785238858461,FastAccept
1785238858460,false,1785238858499,FastAccept
1785238858499,false,1785238858537,FastAccept
1785238858537,false,1785238858576,FastAccept
1785238858577,false,1785238858615,FastAccept
1785238858617,false,1785238858668,LeaderAccept
1785238858659,true,1785238858697,FastAccept
1785238858700,false,1785238858739,FastAccept
1785238858743,false,1785238858782,FastAccept
1785238858788,false,1785238858827,FastAccept
1785238858833,true,1785238858872,FastAccept
1785238858879,true,1785238858918,FastAccept
1785238858925,false,1785238858964,FastAccept
1785238858973,true,1785238859012,FastAccept
1785238859022,false,1785238859061,FastAccept
1785238859073,false,1785238859111,FastAccept
1785238859124,false,1785238859163,FastAccept
1785238859177,false,1785238859216,FastAccept
1785238859231,false,1785238859270,FastAccept
1785238859288,false,1785238859327,FastAccept
1785238859345,false,1785238859383,FastAccept
1785238859404,true,1785238859442,FastAccept
1785238859465,false,1785238859504,FastAccept
1785238859527,true,1785238859566,FastAccept
1785238859591,false,1785238859630,FastAccept
1785238859657,true,1785238859696,FastAccept
1785238859727,true,1785238859765,FastAccept
1785238859798,false,1785238859836,FastAccept
1785238859872,false,1785238859911,FastAccept
1785238859948,false,1785238859986,FastAccept
1785238860027,false,1785238860066,FastAccept
1785238860111,false,1785238860150,FastAccept
1785238860197,true,1785238860236,FastAccept
1785238860286,true,1785238860325,FastAccept
1785238860381,false,1785238860420,FastAccept
1785238860479,true,1785238860517,FastAccept
1785238860582,false,1785238860620,FastAccept
1785238860691,true,1785238860730,FastAccept
1785238860806,false,1785238860845,FastAccept
1785238860928,true,1785238860967,FastAccept
1785238861058,false,1785238861097,FastAccept
1785238861196,false,1785238861235,FastAccept
1785238861342,true,1785238861381,FastAccept
1785238861501,true,1785238861540,FastAccept
1785238861672,true,1785238861711,FastAccept
1785238861858,false,1785238861897,FastAccept
1785238862063,false,1785238862103,FastAccept
1785238862291,true,1785238862330,FastAccept
1785238862546,true,1785238862585,FastAccept
1785238862833,false,1785238862872,FastAccept
1785238863167,false,1785238863206,FastAccept
1785238863560,true,1785238863599,FastAccept
1785238864039,false,1785238864078,FastAccept
1785238864645,true,1785238864692,FastAccept
1785238865468,false,1785238865509,LeaderAccept
1785238866707,false,1785238866745,FastAccept
1785238869008,false,1785238869047,FastAccept
1785238876279,true,1785238876366,LeaderAccept
1785238877614,false,1785238877655,LeaderAccept
1785238877631,true,1785238877671,LeaderAccept
1785238877647,false,1785238877688,LeaderAccept
1785238877663,false,1785238877704,LeaderAccept
1785238877680,true,1785238877720,LeaderAccept
1785238877696,false,1785238877738,LeaderAccept
1785238877713,false,1785238877754,LeaderAccept
1785238877731,false,1785238877772,LeaderAccept
1785238877749,false,1785238877790,LeaderAccept
1785238877767,false,1785238877808,LeaderAccept
1785238877784,true,1785238877826,LeaderAccept
1785238877801,true,1785238877842,LeaderAccept
1785238877820,true,1785238877861,LeaderAccept
1785238877838,false,1785238877879,LeaderAccept
1785238877857,false,1785238877898,LeaderAccept
1785238877874,false,1785238877916,LeaderAccept
1785238877892,true,1785238877934,LeaderAccept
1785238877910,true,1785238877951,LeaderAccept
1785238877929,false,1785238877970,LeaderAccept
1785238877948,true,1785238877989,LeaderAccept
1785238877967,true,1785238878007,LeaderAccept
1785238877986,true,1785238878027,LeaderAccept
1785238878006,true,1785238878048,LeaderAccept
1785238878026,true,1785238878067,LeaderAccept
1785238878045,false,1785238878086,LeaderAccept
1785238878066,false,1785238878107,LeaderAccept
1785238878086,false,1785238878128,LeaderAccept
1785238878107,false,1785238878148,LeaderAccept
1785238878128,true,1785238878169,LeaderAccept
1785238878148,true,1785238878189,LeaderAccept
1785238878168,false,1785238878210,LeaderAccept
1785238878189,false,1785238878230,LeaderAccept
1785238878211,false,1785238878252,LeaderAccept
1785238878233,true,1785238878274,LeaderAccept
1785238878254,true,1785238878295,LeaderAccept
1785238878276,false,1785238878317,LeaderAccept
1785238878298,true,1785238878339,LeaderAccept
1785238878321,true,1785238878361,LeaderAccept
1785238878343,false,1785238878384,LeaderAccept
1785238878367,true,1785238878408,LeaderAccept
1785238878390,true,1785238878431,LeaderAccept
1785238878413,false,1785238878454,LeaderAccept
1785238878436,false,1785238878477,LeaderAccept
1785238878461,false,1785238878502,LeaderAccept
1785238878486,true,1785238878527,LeaderAccept
1785238878510,false,1785238878551,LeaderAccept
1785238878535,true,1785238878577,LeaderAccept
1785238878560,true,1785238878601,LeaderAccept
1785238878586,true,1785238878627,LeaderAccept
1785238878612,true,1785238878653,LeaderAccept
1785238878639,false,1785238878681,LeaderAccept
1785238878665,false,1785238878707,LeaderAccept
1785238878693,true,1785238878733,LeaderAccept
1785238878720,true,1785238878761,LeaderAccept
1785238878748,false,1785238878789,LeaderAccept
1785238878776,false,1785238878817,LeaderAccept
1785238878805,true,1785238878847,LeaderAccept
1785238878834,true,1785238878876,LeaderAccept
1785238878864,true,1785238878905,LeaderAccept
1785238878894,true,1785238878935,LeaderAccept
1785238878923,false,1785238878964,LeaderAccept
1785238878954,true,1785238878995,LeaderAccept
1785238878984,false,1785238879025,LeaderAccept
1785238879016,false,1785238879057,LeaderAccept
1785238879047,true,1785238879088,LeaderAccept
1785238879080,false,1785238879121,LeaderAccept
1785238879113,false,1785238879154,LeaderAccept
1785238879145,false,1785238879186,LeaderAccept
1785238879178,false,1785238879220,LeaderAccept
1785238879213,true,1785238879254,LeaderAccept
1785238879247,false,1785238879288,LeaderAccept
1785238879282,false,1785238879323,LeaderAccept
1785238879319,true,1785238879361,LeaderAccept
1785238879356,false,1785238879396,LeaderAccept
1785238879393,true,1785238879434,LeaderAccept
1785238879431,false,1785238879472,LeaderAccept
1785238879469,true,1785238879510,LeaderAccept
1785238879509,true,1785238879550,LeaderAccept
1785238879549,true,1785238879590,LeaderAccept
1785238879590,true,1785238879632,LeaderAccept
1785238879633,true,1785238879674,LeaderAccept
1785238879676,true,1785238879717,LeaderAccept
1785238879720,true,1785238879761,LeaderAccept
1785238879765,true,1785238879806,LeaderAccept
1785238879811,true,1785238879852,LeaderAccept
1785238879857,true,1785238879898,LeaderAccept
1785238879904,true,1785238879945,LeaderAccept
1785238879954,false,1785238879995,LeaderAccept
1785238880004,true,1785238880045,LeaderAccept
1785238880056,false,1785238880097,LeaderAccept
1785238880108,false,1785238880149,LeaderAccept
1785238880163,false,1785238880204,LeaderAccept
1785238880219,false,1785238880260,LeaderAccept
1785238880276,false,1785238880316,LeaderAccept
1785238880335,false,1785238880375,LeaderAccept
1785238880394,false,1785238880435,LeaderAccept
1785238880457,true,1785238880498,LeaderAccept
1785238880521,true,1785238880562,LeaderAccept
1785238880588,true,1785238880629,LeaderAccept
1785238880656,false,1785238880698,LeaderAccept
1785238880727,false,1785238880768,LeaderAccept
1785238880799,false,1785238880841,LeaderAccept
1785238880875,true,1785238880918,LeaderAccept
1785238880955,false,1785238880996,LeaderAccept
1785238881036,false,1785238881078,LeaderAccept
1785238881122,false,1785238881163,LeaderAccept
1785238881212,false,1785238881253,LeaderAccept
1785238881306,false,1785238881347,LeaderAccept
1785238881402,true,1785238881444,LeaderAccept
1785238881505,true,1785238881547,LeaderAccept
1785238881613,false,1785238881654,LeaderAccept
1785238881726,true,1785238881769,LeaderAccept
1785238881846,false,1785238881888,LeaderAccept
1785238881974,true,1785238882015,LeaderAccept
1785238882110,true,1785238882151,LeaderAccept
1785238882255,true,1785238882296,LeaderAccept
1785238882411,false,1785238882452,LeaderAccept
1785238882580,false,1785238882621,LeaderAccept
1785238882763,true,1785238882805,LeaderAccept
1785238882964,true,1785238883006,LeaderAccept
1785238883185,true,1785238883227,LeaderAccept
1785238883433,false,1785238883476,LeaderAccept
1785238883714,false,1785238883756,LeaderAccept
1785238884036,false,1785238884078,LeaderAccept
1785238884415,false,1785238884473,LeaderAccept
1785238884873,true,1785238884912,FastAccept
1785238885448,false,1785238885487,FastAccept
1785238886213,true,1785238886252,FastAccept
1785238887335,true,1785238887373,FastAccept
1785238889299,false,1785238889345,FastAccept
1785238894543,false,1785238894585,LeaderAccept
1785238898472,false,1785238898511,FastAccept
1785238898487,true,1785238898525,FastAccept
1785238898503,false,1785238898542,FastAccept
1785238898520,false,1785238898558,FastAccept
1785238898537,false,1785238898575,FastAccept
1785238898554,false,1785238898592,FastAccept
1785238898571,true,1785238898609,FastAccept
1785238898588,false,1785238898626,FastAccept
1785238898605,false,1785238898643,FastAccept
1785238898622,false,1785238898660,FastAccept
1785238898639,false,1785238898677,FastAccept
1785238898657,true,1785238898740,LeaderAccept
1785238898674,false,1785238898734,SlowAccept
1785238898692,false,1785238898734,FastAccept
1785238898710,false,1785238898766,LeaderAccept
1785238898727,true,1785238898792,LeaderAccept
1785238898746,false,1785238898795,LeaderAccept
1785238898764,true,1785238898818,LeaderAccept
1785238898783,false,1785238898870,LeaderAccept
1785238898802,false,1785238898865,SlowAccept
1785238898820,false,1785238898865,FastAccept
1785238898840,true,1785238898896,LeaderAccept
1785238898859,false,1785238898917,LeaderAccept
1785238898878,false,1785238898919,LeaderAccept
1785238898897,false,1785238898938,LeaderAccept
1785238898916,true,1785238898958,LeaderAccept
1785238898937,false,1785238898978,LeaderAccept
1785238898956,true,1785238898998,LeaderAccept
1785238898977,true,1785238899019,LeaderAccept
1785238898998,false,1785238899039,LeaderAccept
1785238899018,false,1785238899059,LeaderAccept
1785238899039,true,1785238899080,LeaderAccept
1785238899059,false,1785238899101,LeaderAccept
1785238899080,false,1785238899121,LeaderAccept
1785238899102,false,1785238899144,LeaderAccept
1785238899123,false,1785238899164,LeaderAccept
1785238899146,false,1785238899187,LeaderAccept
1785238899167,false,1785238899209,LeaderAccept
1785238899189,false,1785238899230,LeaderAccept
1785238899212,true,1785238899254,LeaderAccept
1785238899235,false,1785238899276,LeaderAccept
1785238899258,false,1785238899300,LeaderAccept
1785238899282,false,1785238899323,LeaderAccept
1785238899306,true,1785238899347,LeaderAccept
1785238899329,true,1785238899370,LeaderAccept
1785238899354,true,1785238899395,LeaderAccept
1785238899377,true,1785238899419,LeaderAccept
1785238899401,true,1785238899443,LeaderAccept
1785238899427,true,1785238899468,LeaderAccept
1785238899451,true,1785238899493,LeaderAccept
1785238899477,true,1785238899518,LeaderAccept
1785238899502,true,1785238899544,LeaderAccept
1785238899528,false,1785238899569,LeaderAccept
1785238899555,true,1785238899596,LeaderAccept
1785238899581,false,1785238899623,LeaderAccept
1785238899608,true,1785238899650,LeaderAccept
1785238899636,true,1785238899677,LeaderAccept
1785238899664,false,1785238899705,LeaderAccept
1785238899691,false,1785238899733,LeaderAccept
1785238899720,true,1785238899761,LeaderAccept
1785238899749,false,1785238899790,LeaderAccept
1785238899779,false,1785238899820,LeaderAccept
1785238899808,true,1785238899850,LeaderAccept
1785238899839,false,1785238899880,LeaderAccept
1785238899870,false,1785238899911,LeaderAccept
1785238899900,false,1785238899942,LeaderAccept
1785238899931,true,1785238899972,LeaderAccept
1785238899964,true,1785238900005,LeaderAccept
1785238899996,true,1785238900038,LeaderAccept
1785238900029,true,1785238900071,LeaderAccept
1785238900064,false,1785238900106,LeaderAccept
1785238900099,true,1785238900141,LeaderAccept
1785238900134,true,1785238900176,LeaderAccept
1785238900170,true,1785238900211,LeaderAccept
1785238900206,false,1785238900247,LeaderAccept
1785238900243,false,1785238900285,LeaderAccept
1785238900280,true,1785238900322,LeaderAccept
1785238900318,false,1785238900360,LeaderAccept
1785238900357,true,1785238900398,LeaderAccept
1785238900397,false,1785238900438,LeaderAccept
1785238900437,false,1785238900479,LeaderAccept
1785238900477,false,1785238900520,LeaderAccept
1785238900519,false,1785238900562,LeaderAccept
1785238900563,true,1785238900605,LeaderAccept
1785238900607,true,1785238900648,LeaderAccept
1785238900651,false,1785238900693,LeaderAccept
1785238900698,true,1785238900739,LeaderAccept
1785238900745,true,1785238900786,LeaderAccept
1785238900792,false,1785238900834,LeaderAccept
1785238900842,false,1785238900884,LeaderAccept
1785238900892,true,1785238900933,LeaderAccept
1785238900944,false,1785238900986,LeaderAccept
1785238900997,true,1785238901038,LeaderAccept
1785238901050,false,1785238901092,LeaderAccept
1785238901106,false,1785238901148,LeaderAccept
1785238901163,true,1785238901205,LeaderAccept
1785238901221,true,1785238901264,LeaderAccept
1785238901281,true,1785238901323,LeaderAccept
1785238901344,true,1785238901385,LeaderAccept
1785238901408,false,1785238901450,LeaderAccept
1785238901474,true,1785238901516,LeaderAccept
1785238901543,false,1785238901584,LeaderAccept
1785238901613,false,1785238901655,LeaderAccept
1785238901687,true,1785238901729,LeaderAccept
1785238901763,true,1785238901805,LeaderAccept
1785238901842,false,1785238901883,LeaderAccept
1785238901924,false,1785238901962,FastAccept
1785238902009,true,1785238902047,FastAccept
1785238902098,false,1785238902137,FastAccept
1785238902191,true,1785238902230,FastAccept
1785238902289,false,1785238902328,FastAccept
1785238902392,false,1785238902430,FastAccept
1785238902499,false,1785238902538,FastAccept
1785238902612,false,1785238902651,FastAccept
1785238902733,false,1785238902771,FastAccept
1785238902860,true,1785238902898,FastAccept
1785238902996,false,1785238903034,FastAccept
1785238903141,true,1785238903179,FastAccept
1785238903297,false,1785238903336,FastAccept
1785238903464,false,1785238903503,FastAccept
1785238903647,true,1785238903686,FastAccept
1785238903848,false,1785238903887,FastAccept
1785238904069,true,1785238904108,FastAccept
1785238904317,false,1785238904356,FastAccept
1785238904597,true,1785238904636,FastAccept
1785238904917,true,1785238904956,FastAccept
1785238905294,true,1785238905332,FastAccept
1785238905749,true,1785238905788,FastAccept
1785238906319,true,1785238906358,FastAccept
1785238907078,true,1785238907117,FastAccept
1785238907785,false,1785238907823,FastAccept
1785238907800,false,1785238907839,FastAccept
1785238907815,true,1785238907854,FastAccept
1785238907831,false,1785238907869,FastAccept
1785238907847,true,1785238907885,FastAccept
1785238907862,true,1785238907901,FastAccept
1785238907877,true,1785238907916,FastAccept
1785238907893,false,1785238907931,FastAccept
1785238907910,true,1785238907948,FastAccept
1785238907926,false,1785238907964,FastAccept
1785238907942,false,1785238907981,FastAccept
1785238907958,false,1785238907996,FastAccept
1785238907974,false,1785238908012,FastAccept
1785238907991,false,1785238908029,FastAccept
1785238908008,true,1785238908046,FastAccept
1785238908025,false,1785238908063,FastAccept
1785238908041,false,1785238908079,FastAccept
1785238908058,false,1785238908097,FastAccept
1785238908076,false,1785238908114,FastAccept
1785238908093,true,1785238908132,FastAccept
1785238908111,false,1785238908150,FastAccept
1785238908128,false,1785238908166,FastAccept
1785238908147,true,1785238908186,FastAccept
1785238908166,false,1785238908204,FastAccept
1785238908184,true,1785238908222,FastAccept
1785238908202,true,1785238908241,FastAccept
1785238908220,true,1785238908259,FastAccept
1785238908239,true,1785238908277,FastAccept
1785238908257,true,1785238908296,FastAccept
1785238908276,true,1785238908315,FastAccept
1785238908295,false,1785238908334,FastAccept
1785238908315,false,1785238908354,FastAccept
1785238908334,true,1785238908372,FastAccept
1785238908353,false,1785238908392,FastAccept
1785238908373,true,1785238908411,FastAccept
1785238908393,true,1785238908432,FastAccept
1785238908414,false,1785238908452,FastAccept
1785238908434,true,1785238908473,FastAccept
1785238908454,false,1785238908493,FastAccept
1785238908476,true,1785238908515,FastAccept
1785238908498,true,1785238908537,FastAccept
1785238908519,false,1785238908558,FastAccept
1785238908541,false,1785238908580,FastAccept
1785238908563,true,1785238908602,FastAccept
1785238908584,false,1785238908623,FastAccept
1785238908607,true,1785238908646,FastAccept
1785238908630,true,1785238908669,FastAccept
1785238908653,true,1785238908692,FastAccept
1785238908676,false,1785238908715,FastAccept
1785238908699,true,1785238908738,FastAccept
1785238908723,true,1785238908761,FastAccept
1785238908747,true,1785238908786,FastAccept
1785238908771,true,1785238908809,FastAccept
1785238908795,false,1785238908833,FastAccept
1785238908820,false,1785238908858,FastAccept
1785238908844,true,1785238908883,FastAccept
1785238908869,false,1785238908908,FastAccept
1785238908894,false,1785238908933,FastAccept
1785238908919,false,1785238908958,FastAccept
1785238908945,false,1785238908984,FastAccept
1785238908971,true,1785238909010,FastAccept
1785238908998,true,1785238909037,FastAccept
1785238909025,false,1785238909065,FastAccept
1785238909052,true,1785238909091,FastAccept
1785238909081,false,1785238909120,FastAccept
1785238909109,false,1785238909148,FastAccept
1785238909136,false,1785238909176,FastAccept
1785238909166,true,1785238909205,FastAccept
1785238909196,false,1785238909235,FastAccept
1785238909226,true,1785238909265,FastAccept
1785238909256,false,1785238909295,FastAccept
1785238909286,false,1785238909325,FastAccept
1785238909318,false,1785238909357,FastAccept
1785238909350,false,1785238909389,FastAccept
1785238909382,true,1785238909420,FastAccept
1785238909415,false,1785238909453,FastAccept
1785238909448,true,1785238909487,FastAccept
1785238909482,false,1785238909520,FastAccept
1785238909516,false,1785238909555,FastAccept
1785238909551,true,1785238909589,FastAccept
1785238909585,false,1785238909624,FastAccept
1785238909620,true,1785238909659,FastAccept
1785238909657,true,1785238909696,FastAccept
1785238909695,false,1785238909734,FastAccept
1785238909733,true,1785238909771,FastAccept
1785238909771,false,1785238909810,FastAccept
1785238909811,false,1785238909849,FastAccept
1785238909850,true,1785238909889,FastAccept
1785238909892,true,1785238909930,FastAccept
1785238909933,true,1785238909972,FastAccept
1785238909975,true,1785238910014,FastAccept
1785238910018,false,1785238910057,FastAccept
1785238910063,true,1785238910101,FastAccept
1785238910107,false,1785238910146,FastAccept
1785238910154,false,1785238910193,FastAccept
1785238910201,true,1785238910241,FastAccept
1785238910250,false,1785238910289,FastAccept
1785238910300,false,1785238910340,FastAccept
1785238910351,false,1785238910390,FastAccept
1785238910403,true,1785238910442,FastAccept
1785238910456,true,1785238910496,FastAccept
1785238910512,true,1785238910551,FastAccept
1785238910568,true,1785238910607,FastAccept
1785238910627,true,1785238910666,FastAccept
1785238910687,true,1785238910726,FastAccept
1785238910749,false,1785238910788,FastAccept
1785238910813,false,1785238910852,FastAccept
1785238910878,true,1785238910917,FastAccept
1785238910945,true,1785238910984,FastAccept
1785238911014,true,1785238911053,FastAccept
1785238911087,false,1785238911125,FastAccept
1785238911161,false,1785238911200,FastAccept
1785238911238,true,1785238911277,FastAccept
1785238911318,false,1785238911357,FastAccept
1785238911401,true,1785238911440,FastAccept
1785238911489,true,1785238911528,FastAccept
1785238911581,true,1785238911620,FastAccept
1785238911675,true,1785238911714,FastAccept
1785238911774,true,1785238911812,FastAccept
1785238911879,false,1785238911925,FastAccept
1785238911989,true,1785238912050,SlowAccept
1785238912105,false,1785238912147,LeaderAccept
1785238912229,true,1785238912270,LeaderAccept
1785238912360,true,1785238912401,LeaderAccept
1785238912499,false,1785238912541,LeaderAccept
1785238912650,true,1785238912691,LeaderAccept
1785238912812,true,1785238912853,LeaderAccept
1785238912987,true,1785238913028,LeaderAccept
1785238913178,true,1785238913220,LeaderAccept
1785238913388,false,1785238913431,LeaderAccept
1785238913621,false,1785238913663,LeaderAccept
1785238913883,false,1785238913925,LeaderAccept
1785238914181,true,1785238914223,LeaderAccept
1785238914527,true,1785238914569,LeaderAccept
1785238914939,true,1785238914979,FastAccept
1785238915446,true,1785238915487,LeaderAccept
1785238916098,false,1785238916139,LeaderAccept
1785238917000,false,1785238917042,LeaderAccept
1785238918416,true,1785238918480,SlowAccept
1785238921285,true,1785238921324,FastAccept
1785238933335,true,1785238933374,FastAccept
1785238944398,true,1785238944440,LeaderAccept
1785238944421,false,1785238944462,LeaderAccept
1785238944443,false,1785238944484,LeaderAccept
1785238944465,false,1785238944506,LeaderAccept
1785238944488,false,1785238944528,LeaderAccept
1785238944511,true,1785238944552,LeaderAccept
1785238944534,false,1785238944575,LeaderAccept
1785238944557,false,1785238944598,LeaderAccept
1785238944581,true,1785238944622,LeaderAccept
1785238944605,false,1785238944646,LeaderAccept
1785238944629,false,1785238944670,LeaderAccept
1785238944654,false,1785238944695,LeaderAccept
1785238944678,false,1785238944719,LeaderAccept
1785238944703,false,1785238944744,LeaderAccept
1785238944727,false,1785238944769,LeaderAccept
1785238944752,true,1785238944794,LeaderAccept
1785238944778,true,1785238944819,LeaderAccept
1785238944804,true,1785238944845,LeaderAccept
1785238944830,false,1785238944872,LeaderAccept
1785238944858,true,1785238944899,LeaderAccept
1785238944885,false,1785238944926,LeaderAccept
1785238944912,false,1785238944953,LeaderAccept
1785238944940,true,1785238944981,LeaderAccept
1785238944968,true,1785238945009,LeaderAccept
1785238944996,false,1785238945038,LeaderAccept
1785238945026,false,1785238945066,LeaderAccept
1785238945054,false,1785238945095,LeaderAccept
1785238945084,false,1785238945126,LeaderAccept
1785238945114,false,1785238945155,LeaderAccept
1785238945145,true,1785238945186,LeaderAccept
1785238945175,true,1785238945217,LeaderAccept
1785238945207,false,1785238945248,LeaderAccept
1785238945239,false,1785238945280,LeaderAccept
1785238945271,true,1785238945313,LeaderAccept
1785238945305,false,1785238945345,LeaderAccept
1785238945339,false,1785238945381,LeaderAccept
1785238945373,false,1785238945414,LeaderAccept
1785238945408,true,1785238945449,LeaderAccept
1785238945443,false,1785238945483,LeaderAccept
1785238945478,false,1785238945520,LeaderAccept
1785238945514,true,1785238945556,LeaderAccept
1785238945552,false,1785238945593,LeaderAccept
1785238945590,true,1785238945631,LeaderAccept
1785238945629,true,1785238945671,LeaderAccept
1785238945668,true,1785238945709,LeaderAccept
1785238945709,true,1785238945750,LeaderAccept
1785238945750,true,1785238945792,LeaderAccept
1785238945791,false,1785238945833,LeaderAccept
1785238945834,false,1785238945875,LeaderAccept
1785238945877,false,1785238945919,LeaderAccept
1785238945922,false,1785238945963,LeaderAccept
1785238945966,false,1785238946008,LeaderAccept
1785238946013,true,1785238946054,LeaderAccept
1785238946061,true,1785238946102,LeaderAccept
1785238946109,false,1785238946151,LeaderAccept
1785238946159,true,1785238946200,LeaderAccept
1785238946209,true,1785238946251,LeaderAccept
1785238946262,true,1785238946303,LeaderAccept
1785238946316,false,1785238946357,LeaderAccept
1785238946371,true,1785238946412,LeaderAccept
1785238946426,false,1785238946468,LeaderAccept
1785238946485,true,1785238946527,LeaderAccept
1785238946545,true,1785238946586,LeaderAccept
1785238946606,false,1785238946648,LeaderAccept
1785238946670,true,1785238946712,LeaderAccept
1785238946736,true,1785238946777,LeaderAccept
1785238946804,false,1785238946846,LeaderAccept
1785238946874,true,1785238946915,LeaderAccept
1785238946947,true,1785238946989,LeaderAccept
1785238947022,true,1785238947064,LeaderAccept
1785238947100,true,1785238947142,LeaderAccept
1785238947181,true,1785238947222,LeaderAccept
1785238947266,true,1785238947307,LeaderAccept
1785238947353,false,1785238947395,LeaderAccept
1785238947444,false,1785238947486,LeaderAccept
1785238947539,false,1785238947581,LeaderAccept
1785238947640,false,1785238947682,LeaderAccept
1785238947746,true,1785238947788,LeaderAccept
1785238947858,true,1785238947899,LeaderAccept
1785238947976,false,1785238948018,LeaderAccept
1785238948101,true,1785238948143,LeaderAccept
1785238948233,false,1785238948272,FastAccept
1785238948375,true,1785238948413,FastAccept
1785238948527,false,1785238948565,FastAccept
1785238948691,false,1785238948729,FastAccept
1785238948869,true,1785238948908,FastAccept
1785238949063,true,1785238949102,FastAccept
1785238949277,false,1785238949316,FastAccept
1785238949514,true,1785238949553,FastAccept
1785238949782,true,1785238949820,FastAccept
1785238950088,true,1785238950127,FastAccept
1785238950443,false,1785238950482,FastAccept
1785238950869,true,1785238950908,FastAccept
1785238951395,false,1785238951433,FastAccept
1785238952077,true,1785238952117,FastAccept
1785238953038,false,1785238953077,FastAccept
1785238954590,true,1785238954629,FastAccept
1785238957963,false,1785238958013,LeaderAccept
1785238976162,false,1785238976201,FastAccept
1785238982616,true,1785238982655,FastAccept
1785238982639,false,1785238982678,FastAccept
1785238982664,false,1785238982703,FastAccept
1785238982688,true,1785238982727,FastAccept
1785238982714,true,1785238982753,FastAccept
1785238982739,true,1785238982778,FastAccept
1785238982764,true,1785238982804,FastAccept
1785238982789,true,1785238982828,FastAccept
1785238982816,false,1785238982854,FastAccept
1785238982843,true,1785238982881,FastAccept
1785238982870,false,1785238982909,FastAccept
1785238982896,true,1785238982942,FastAccept
1785238982924,false,1785238982990,SlowAccept
1785238982951,true,1785238983016,SlowAccept
1785238982980,false,1785238983042,SlowAccept
1785238983009,false,1785238983074,LeaderAccept
1785238983037,false,1785238983099,LeaderAccept
1785238983066,false,1785238983126,LeaderAccept
1785238983097,true,1785238983147,LeaderAccept
1785238983127,false,1785238983166,FastAccept
1785238983158,true,1785238983197,FastAccept
1785238983189,true,1785238983228,FastAccept
1785238983221,false,1785238983260,FastAccept
1785238983252,true,1785238983291,FastAccept
1785238983285,false,1785238983324,FastAccept
1785238983318,true,1785238983356,FastAccept
1785238983351,false,1785238983390,FastAccept
1785238983385,true,1785238983424,FastAccept
1785238983420,true,1785238983458,FastAccept
1785238983455,false,1785238983494,FastAccept
1785238983492,true,1785238983530,FastAccept
1785238983528,false,1785238983567,FastAccept
1785238983565,false,1785238983604,FastAccept
1785238983604,true,1785238983642,FastAccept
1785238983642,false,1785238983681,FastAccept
1785238983682,false,1785238983735,LeaderAccept
1785238983721,false,1785238983762,LeaderAccept
1785238983761,true,1785238983802,LeaderAccept
1785238983802,false,1785238983844,LeaderAccept
1785238983845,true,1785238983886,LeaderAccept
1785238983888,false,1785238983929,LeaderAccept
1785238983933,false,1785238983974,LeaderAccept
1785238983979,true,1785238984019,LeaderAccept
1785238984024,false,1785238984066,LeaderAccept
1785238984072,true,1785238984113,LeaderAccept
1785238984121,true,1785238984161,LeaderAccept
1785238984170,true,1785238984212,LeaderAccept
1785238984222,false,1785238984262,LeaderAccept
1785238984273,true,1785238984315,LeaderAccept
1785238984326,true,1785238984367,LeaderAccept
1785238984381,false,1785238984423,LeaderAccept
1785238984438,true,1785238984479,LeaderAccept
1785238984496,true,1785238984537,LeaderAccept
1785238984555,true,1785238984596,LeaderAccept
1785238984616,true,1785238984658,LeaderAccept
1785238984680,true,1785238984721,LeaderAccept
1785238984745,true,1785238984786,LeaderAccept
1785238984812,false,1785238984854,LeaderAccept
1785238984882,true,1785238984924,LeaderAccept
1785238984954,true,1785238984995,LeaderAccept
1785238985029,true,1785238985070,LeaderAccept
1785238985107,false,1785238985148,LeaderAccept
1785238985188,true,1785238985229,LeaderAccept
1785238985272,false,1785238985313,LeaderAccept
1785238985359,false,1785238985401,LeaderAccept
1785238985451,true,1785238985493,LeaderAccept
1785238985547,true,1785238985588,LeaderAccept
1785238985646,true,1785238985688,LeaderAccept
1785238985752,false,1785238985793,LeaderAccept
1785238985863,true,1785238985904,LeaderAccept
1785238985979,true,1785238986022,LeaderAccept
1785238986104,true,1785238986146,LeaderAccept
1785238986236,true,1785238986277,LeaderAccept
1785238986376,true,1785238986418,LeaderAccept
1785238986528,false,1785238986569,LeaderAccept
1785238986691,true,1785238986732,LeaderAccept
1785238986868,false,1785238986909,LeaderAccept
1785238987061,false,1785238987102,LeaderAccept
1785238987272,false,1785238987314,LeaderAccept
1785238987508,true,1785238987549,LeaderAccept
1785238987773,true,1785238987812,FastAccept
1785238988076,true,1785238988136,LeaderAccept
1785238988427,true,1785238988466,FastAccept
1785238988846,true,1785238988892,FastAccept
1785238989363,true,1785238989402,FastAccept
1785238990031,false,1785238990070,FastAccept
1785238990964,true,1785238991002,FastAccept
1785238992450,false,1785238992489,FastAccept
1785238995574,false,1785238995615,LeaderAccept
1785239010458,true,1785239010497,FastAccept
1785239015599,true,1785239015638,FastAccept
1785239015633,true,1785239015672,FastAccept
1785239015669,false,1785239015708,FastAccept
1785239015706,true,1785239015744,FastAccept
1785239015743,false,1785239015781,FastAccept
1785239015781,true,1785239015819,FastAccept
1785239015819,false,1785239015858,FastAccept
1785239015858,false,1785239015896,FastAccept
1785239015897,false,1785239015936,FastAccept
1785239015937,false,1785239015976,FastAccept
1785239015979,true,1785239016018,FastAccept
1785239016021,false,1785239016059,FastAccept
1785239016064,false,1785239016103,FastAccept
1785239016108,true,1785239016147,FastAccept
1785239016153,false,1785239016192,FastAccept
1785239016199,false,1785239016238,FastAccept
1785239016246,true,1785239016284,FastAccept
1785239016294,true,1785239016333,FastAccept
1785239016343,false,1785239016382,FastAccept
1785239016394,false,1785239016433,FastAccept
1785239016446,false,1785239016485,FastAccept
1785239016499,true,1785239016538,FastAccept
1785239016553,false,1785239016592,FastAccept
1785239016609,true,1785239016648,FastAccept
1785239016667,false,1785239016706,FastAccept
1785239016726,true,1785239016764,FastAccept
1785239016787,true,1785239016825,FastAccept
1785239016848,false,1785239016887,FastAccept
1785239016913,false,1785239016952,FastAccept
1785239016978,true,1785239017017,FastAccept
1785239017046,false,1785239017085,FastAccept
1785239017118,true,1785239017157,FastAccept
1785239017192,true,1785239017230,FastAccept
1785239017268,true,1785239017307,FastAccept
1785239017347,false,1785239017385,FastAccept
1785239017429,false,1785239017468,FastAccept
1785239017515,false,1785239017554,FastAccept
1785239017605,true,1785239017644,FastAccept
1785239017698,true,1785239017737,FastAccept
1785239017796,false,1785239017835,FastAccept
1785239017898,true,1785239017937,FastAccept
1785239018006,true,1785239018045,FastAccept
1785239018120,false,1785239018159,FastAccept
1785239018240,true,1785239018279,FastAccept
1785239018367,false,1785239018406,FastAccept
1785239018504,true,1785239018542,FastAccept
1785239018650,false,1785239018689,FastAccept
1785239018807,true,1785239018846,FastAccept
1785239018976,false,1785239019016,FastAccept
1785239019160,true,1785239019200,FastAccept
1785239019362,true,1785239019401,FastAccept
1785239019584,false,1785239019624,FastAccept
1785239019834,false,1785239019873,FastAccept
1785239020116,false,1785239020155,FastAccept
1785239020442,false,1785239020481,FastAccept
1785239020823,false,1785239020862,FastAccept
1785239021286,true,1785239021324,FastAccept
1785239021868,true,1785239021907,FastAccept
1785239022646,false,1785239022685,FastAccept
1785239023794,true,1785239023833,FastAccept
1785239025830,true,1785239025872,LeaderAccept
1785239031464,true,1785239031503,FastAccept
1785239039140,true,1785239039179,FastAccept
1785239039171,true,1785239039210,FastAccept
1785239039203,true,1785239039264,SlowAccept
1785239039236,false,1785239039290,LeaderAccept
1785239039269,true,1785239039307,FastAccept
1785239039303,false,1785239039341,FastAccept
1785239039337,false,1785239039376,FastAccept
1785239039373,false,1785239039411,FastAccept
1785239039409,false,1785239039448,FastAccept
1785239039446,false,1785239039484,FastAccept
1785239039482,true,1785239039521,FastAccept
1785239039519,true,1785239039558,FastAccept
1785239039558,true,1785239039596,FastAccept
1785239039596,false,1785239039634,FastAccept
1785239039636,false,1785239039674,FastAccept
1785239039675,false,1785239039714,FastAccept
1785239039716,false,1785239039755,FastAccept
1785239039758,false,1785239039796,FastAccept
1785239039801,true,1785239039839,FastAccept
1785239039844,true,1785239039902,LeaderAccept
1785239039888,true,1785239039928,FastAccept
1785239039934,false,1785239039973,FastAccept
1785239039981,false,1785239040019,FastAccept
1785239040029,false,1785239040067,FastAccept
1785239040078,false,1785239040117,FastAccept
1785239040128,true,1785239040167,FastAccept
1785239040179,false,1785239040218,FastAccept
1785239040231,true,1785239040270,FastAccept
1785239040284,false,1785239040323,FastAccept
1785239040340,true,1785239040378,FastAccept
1785239040396,true,1785239040434,FastAccept
1785239040453,true,1785239040493,FastAccept
1785239040514,true,1785239040553,FastAccept
1785239040576,false,1785239040614,FastAccept
1785239040640,true,1785239040678,FastAccept
1785239040704,false,1785239040743,FastAccept
1785239040771,false,1785239040810,FastAccept
1785239040842,false,1785239040881,FastAccept
1785239040914,true,1785239040953,FastAccept
1785239040989,true,1785239041028,FastAccept
1785239041066,false,1785239041105,FastAccept
1785239041147,false,1785239041185,FastAccept
1785239041231,true,1785239041270,FastAccept
1785239041319,false,1785239041358,FastAccept
1785239041411,false,1785239041450,FastAccept
1785239041506,true,1785239041545,FastAccept
1785239041607,false,1785239041646,FastAccept
1785239041713,false,1785239041752,FastAccept
1785239041824,false,1785239041863,FastAccept
1785239041942,false,1785239042006,LeaderAccept
1785239042066,true,1785239042106,FastAccept
1785239042199,true,1785239042238,FastAccept
1785239042340,false,1785239042379,FastAccept
1785239042492,true,1785239042531,FastAccept
1785239042655,false,1785239042694,FastAccept
1785239042833,false,1785239042872,FastAccept
1785239043027,false,1785239043066,FastAccept
1785239043240,false,1785239043279,FastAccept
1785239043478,false,1785239043541,LeaderAccept
1785239043744,true,1785239043786,LeaderAccept
1785239044049,false,1785239044091,LeaderAccept
1785239044404,true,1785239044446,LeaderAccept
1785239044827,true,1785239044869,LeaderAccept
1785239045351,false,1785239045392,LeaderAccept
1785239046030,true,1785239046072,LeaderAccept
1785239046984,true,1785239047026,LeaderAccept
1785239048522,false,1785239048560,FastAccept
1785239051835,true,1785239051876,LeaderAccept
1785239069200,false,1785239069239,FastAccept
1785239071197,false,1785239071236,FastAccept
1785239071222,true,1785239071261,FastAccept
1785239071246,true,1785239071285,FastAccept
1785239071271,true,1785239071310,FastAccept
1785239071295,false,1785239071334,FastAccept
1785239071321,true,1785239071360,FastAccept
1785239071347,true,1785239071386,FastAccept
1785239071373,false,1785239071412,FastAccept
1785239071399,false,1785239071438,FastAccept
1785239071426,false,1785239071465,FastAccept
1785239071452,false,1785239071517,LeaderAccept
1785239071480,false,1785239071543,LeaderAccept
1785239071507,true,1785239071569,LeaderAccept
1785239071536,true,1785239071595,LeaderAccept
1785239071564,false,1785239071621,LeaderAccept
1785239071593,true,1785239071641,LeaderAccept
1785239071622,false,1785239071661,FastAccept
1785239071651,true,1785239071690,FastAccept
1785239071682,false,1785239071720,FastAccept
1785239071712,false,1785239071752,FastAccept
1785239071744,false,1785239071782,FastAccept
1785239071775,false,1785239071813,FastAccept
1785239071806,true,1785239071845,FastAccept
1785239071839,false,1785239071877,FastAccept
1785239071872,false,1785239071910,FastAccept
1785239071905,false,1785239071944,FastAccept
1785239071940,true,1785239071978,FastAccept
1785239071975,true,1785239072014,FastAccept
1785239072010,true,1785239072049,FastAccept
1785239072046,false,1785239072084,FastAccept
1785239072082,false,1785239072121,FastAccept
1785239072119,true,1785239072158,FastAccept
1785239072156,false,1785239072195,FastAccept
1785239072195,true,1785239072233,FastAccept
1785239072235,true,1785239072273,FastAccept
1785239072275,false,1785239072313,FastAccept
1785239072316,true,1785239072354,FastAccept
1785239072356,true,1785239072395,FastAccept
1785239072398,false,1785239072437,FastAccept
1785239072441,true,1785239072480,FastAccept
1785239072486,true,1785239072525,FastAccept
1785239072532,true,1785239072570,FastAccept
1785239072578,false,1785239072616,FastAccept
1785239072624,false,1785239072663,FastAccept
1785239072672,true,1785239072711,FastAccept
1785239072721,true,1785239072760,FastAccept
1785239072771,false,1785239072810,FastAccept
1785239072823,true,1785239072862,FastAccept
1785239072876,false,1785239072915,FastAccept
1785239072930,false,1785239072969,FastAccept
1785239072986,true,1785239073025,FastAccept
1785239073044,false,1785239073082,FastAccept
1785239073103,true,1785239073141,FastAccept
1785239073164,false,1785239073203,FastAccept
1785239073227,true,1785239073266,FastAccept
1785239073292,true,1785239073331,FastAccept
1785239073359,false,1785239073398,FastAccept
1785239073428,true,1785239073468,FastAccept
1785239073500,true,1785239073539,FastAccept
1785239073573,true,1785239073612,FastAccept
1785239073650,true,1785239073689,FastAccept
1785239073730,false,1785239073768,FastAccept
1785239073812,true,1785239073851,FastAccept
1785239073899,true,1785239073937,FastAccept
1785239073989,false,1785239074028,FastAccept
1785239074083,false,1785239074122,FastAccept
1785239074182,false,1785239074221,FastAccept
1785239074285,true,1785239074324,FastAccept
1785239074394,true,1785239074433,FastAccept
1785239074509,false,1785239074549,FastAccept
1785239074632,false,1785239074671,FastAccept
1785239074762,false,1785239074801,FastAccept
1785239074900,true,1785239074938,FastAccept
1785239075047,true,1785239075086,FastAccept
1785239075206,false,1785239075245,FastAccept
1785239075378,true,1785239075418,FastAccept
1785239075566,true,1785239075605,FastAccept
1785239075771,true,1785239075810,FastAccept
1785239076000,true,1785239076038,FastAccept
1785239076255,true,1785239076294,FastAccept
1785239076544,true,1785239076583,FastAccept
1785239076880,false,1785239076918,FastAccept
1785239077276,true,1785239077335,LeaderAccept
1785239077759,true,1785239077800,LeaderAccept
1785239078373,true,1785239078415,LeaderAccept
1785239079207,false,1785239079248,LeaderAccept
1785239080471,false,1785239080510,FastAccept
1785239082849,true,1785239082888,FastAccept
1785239090656,false,1785239090695,FastAccept
1785239107104,false,1785239107164,LeaderAccept
1785239107114,true,1785239107164,FastAccept
1785239107148,false,1785239107187,FastAccept
1785239107184,false,1785239107222,FastAccept
1785239107220,false,1785239107258,FastAccept
1785239107257,false,1785239107296,FastAccept
1785239107293,false,1785239107332,FastAccept
1785239107331,false,1785239107385,SlowAccept
1785239107369,false,1785239107430,SlowAccept
1785239107409,true,1785239107448,FastAccept
1785239107449,true,1785239107488,FastAccept
1785239107490,true,1785239107529,FastAccept
1785239107531,true,1785239107569,FastAccept
1785239107574,true,1785239107613,FastAccept
1785239107617,true,1785239107667,LeaderAccept
1785239107660,true,1785239107699,FastAccept
1785239107706,false,1785239107744,FastAccept
1785239107752,false,1785239107799,LeaderAccept
1785239107799,true,1785239107838,FastAccept
1785239107848,true,1785239107887,FastAccept
1785239107897,true,1785239107937,FastAccept
1785239107949,false,1785239107987,FastAccept
1785239108001,true,1785239108039,FastAccept
1785239108054,false,1785239108093,FastAccept
1785239108109,true,1785239108149,FastAccept
1785239108166,false,1785239108205,FastAccept
1785239108224,true,1785239108263,FastAccept
1785239108284,false,1785239108323,FastAccept
1785239108346,true,1785239108385,FastAccept
1785239108410,true,1785239108449,FastAccept
1785239108476,true,1785239108515,FastAccept
1785239108543,true,1785239108583,FastAccept
1785239108614,true,1785239108653,FastAccept
1785239108686,true,1785239108744,LeaderAccept
1785239108761,false,1785239108800,FastAccept
1785239108839,false,1785239108878,FastAccept
1785239108920,true,1785239108959,FastAccept
1785239109004,false,1785239109043,FastAccept
1785239109091,true,1785239109130,FastAccept
1785239109183,true,1785239109222,FastAccept
1785239109278,false,1785239109318,FastAccept
1785239109379,true,1785239109418,FastAccept
1785239109485,true,1785239109525,FastAccept
1785239109596,true,1785239109635,FastAccept
1785239109714,false,1785239109753,FastAccept
1785239109838,true,1785239109877,FastAccept
1785239109971,true,1785239110010,FastAccept
1785239110112,false,1785239110151,FastAccept
1785239110264,true,1785239110302,FastAccept
1785239110427,false,1785239110466,FastAccept
1785239110604,true,1785239110643,FastAccept
1785239110798,true,1785239110836,FastAccept
1785239111011,false,1785239111050,FastAccept
1785239111247,true,1785239111286,FastAccept
1785239111514,false,1785239111553,FastAccept
1785239111818,true,1785239111857,FastAccept
1785239112172,false,1785239112211,FastAccept
1785239112594,false,1785239112633,FastAccept
1785239113114,false,1785239113153,FastAccept
1785239113790,false,1785239113829,FastAccept
1785239114737,true,1785239114776,FastAccept
1785239116256,false,1785239116295,FastAccept
1785239119502,false,1785239119540,FastAccept
1785239135940,true,1785239136007,LeaderAccept
1785239167306,false,1785239167345,FastAccept
1785239167335,false,1785239167374,FastAccept
1785239167365,true,1785239167404,FastAccept
1785239167395,true,1785239167434,FastAccept
1785239167426,true,1785239167464,FastAccept
1785239167457,true,1785239167495,FastAccept
1785239167488,false,1785239167526,FastAccept
1785239167520,true,1785239167558,FastAccept
1785239167551,false,1785239167597,FastAccept
1785239167583,false,1785239167644,SlowAccept
1785239167617,true,1785239167670,LeaderAccept
1785239167651,false,1785239167690,FastAccept
1785239167685,false,1785239167724,FastAccept
1785239167720,false,1785239167758,FastAccept
1785239167754,true,1785239167793,FastAccept
1785239167790,true,1785239167829,FastAccept
1785239167826,false,1785239167865,FastAccept
1785239167864,false,1785239167903,FastAccept
1785239167903,true,1785239167941,FastAccept
1785239167941,false,1785239167980,FastAccept
1785239167981,true,1785239168020,FastAccept
1785239168021,true,1785239168059,FastAccept
1785239168062,true,1785239168101,FastAccept
1785239168104,true,1785239168143,FastAccept
1785239168147,false,1785239168186,FastAccept
1785239168191,true,1785239168230,FastAccept
1785239168236,false,1785239168275,FastAccept
1785239168281,true,1785239168320,FastAccept
1785239168327,false,1785239168366,FastAccept
1785239168375,false,1785239168413,FastAccept
1785239168423,false,1785239168462,FastAccept
1785239168474,true,1785239168513,FastAccept
1785239168526,true,1785239168565,FastAccept
1785239168578,true,1785239168617,FastAccept
1785239168632,false,1785239168671,FastAccept
1785239168687,false,1785239168726,FastAccept
1785239168744,true,1785239168783,FastAccept
1785239168802,false,1785239168841,FastAccept
1785239168863,false,1785239168902,FastAccept
1785239168924,true,1785239168963,FastAccept
1785239168987,false,1785239169026,FastAccept
1785239169053,true,1785239169091,FastAccept
1785239169121,false,1785239169176,LeaderAccept
1785239169191,false,1785239169230,FastAccept
1785239169264,false,1785239169303,FastAccept
1785239169339,false,1785239169378,FastAccept
1785239169417,false,1785239169456,FastAccept
1785239169499,true,1785239169537,FastAccept
1785239169583,true,1785239169621,FastAccept
1785239169670,false,1785239169709,FastAccept
1785239169763,true,1785239169802,FastAccept
1785239169860,false,1785239169899,FastAccept
1785239169961,false,1785239170000,FastAccept
1785239170068,false,1785239170107,FastAccept
1785239170179,false,1785239170218,FastAccept
1785239170298,false,1785239170337,FastAccept
1785239170424,false,1785239170463,FastAccept
1785239170557,false,1785239170596,FastAccept
1785239170700,false,1785239170740,FastAccept
1785239170854,false,1785239170893,FastAccept
1785239171020,true,1785239171059,FastAccept
1785239171199,false,1785239171238,FastAccept
1785239171395,false,1785239171434,FastAccept
1785239171612,false,1785239171650,FastAccept
1785239171853,true,1785239171892,FastAccept
1785239172125,false,1785239172163,FastAccept
1785239172436,false,1785239172475,FastAccept
1785239172799,false,1785239172838,FastAccept
1785239173235,true,1785239173274,FastAccept
1785239173775,true,1785239173814,FastAccept
1785239174485,true,1785239174524,FastAccept
1785239175497,true,1785239175536,FastAccept
1785239177173,false,1785239177212,FastAccept
1785239181044,true,1785239181084,FastAccept
1785239188591,true,1785239188629,FastAccept
1785239188626,false,1785239188676,LeaderAccept
1785239188661,false,1785239188722,SlowAccept
1785239188696,false,1785239188741,LeaderAccept
1785239188732,true,1785239188796,LeaderAccept
1785239188770,true,1785239188808,FastAccept
1785239188808,false,1785239188846,FastAccept
1785239188846,true,1785239188902,LeaderAccept
1785239188886,false,1785239188924,FastAccept
1785239188925,false,1785239188984,LeaderAccept
1785239188967,false,1785239189031,SlowAccept
1785239189009,true,1785239189057,LeaderAccept
1785239189052,true,1785239189103,LeaderAccept
1785239189096,false,1785239189156,SlowAccept
1785239189141,true,1785239189180,FastAccept
1785239189186,false,1785239189225,FastAccept
1785239189233,false,1785239189285,LeaderAccept
1785239189281,false,1785239189320,FastAccept
1785239189330,false,1785239189382,LeaderAccept
1785239189379,false,1785239189418,FastAccept
1785239189430,true,1785239189486,LeaderAccept
1785239189483,false,1785239189547,LeaderAccept
1785239189537,true,1785239189595,LeaderAccept
1785239189592,true,1785239189630,FastAccept
1785239189647,false,1785239189704,LeaderAccept
1785239189705,true,1785239189744,FastAccept
1785239189765,true,1785239189804,FastAccept
1785239189827,true,1785239189866,FastAccept
1785239189890,false,1785239189955,SlowAccept
1785239189956,true,1785239190011,LeaderAccept
1785239190024,false,1785239190083,SlowAccept
1785239190094,false,1785239190132,FastAccept
1785239190166,true,1785239190233,LeaderAccept
1785239190240,true,1785239190280,FastAccept
1785239190318,true,1785239190357,FastAccept
1785239190398,true,1785239190437,FastAccept
1785239190483,true,1785239190522,FastAccept
1785239190570,false,1785239190624,LeaderAccept
1785239190662,true,1785239190701,FastAccept
1785239190758,true,1785239190797,FastAccept
1785239190859,true,1785239190919,LeaderAccept
1785239190965,true,1785239191003,FastAccept
1785239191075,false,1785239191114,FastAccept
1785239191192,false,1785239191271,LeaderAccept
1785239191317,false,1785239191356,FastAccept
1785239191449,false,1785239191508,LeaderAccept
1785239191589,true,1785239191628,FastAccept
1785239191741,false,1785239191787,FastAccept
1785239191903,true,1785239191942,FastAccept
1785239192081,true,1785239192120,FastAccept
1785239192274,true,1785239192313,FastAccept
1785239192487,false,1785239192547,LeaderAccept
1785239192723,false,1785239192763,FastAccept
1785239192990,false,1785239193029,FastAccept
1785239193293,false,1785239193332,FastAccept
1785239193647,false,1785239193686,FastAccept
1785239194068,false,1785239194107,FastAccept
1785239194589,false,1785239194627,FastAccept
1785239195263,false,1785239195302,FastAccept
1785239196207,true,1785239196246,FastAccept
1785239197721,true,1785239197760,FastAccept
1785239200946,true,1785239200986,FastAccept
1785239217122,true,1785239217161,FastAccept
1785239231069,true,1785239231108,FastAccept
1785239231085,true,1785239231124,FastAccept
1785239231100,false,1785239231139,FastAccept
1785239231115,true,1785239231154,FastAccept
1785239231131,false,1785239231169,FastAccept
1785239231146,false,1785239231185,FastAccept
1785239231163,false,1785239231202,FastAccept
1785239231180,true,1785239231218,FastAccept
1785239231196,true,1785239231234,FastAccept
1785239231213,true,1785239231251,FastAccept
1785239231229,true,1785239231268,FastAccept
1785239231246,false,1785239231284,FastAccept
1785239231263,false,1785239231301,FastAccept
1785239231279,false,1785239231318,FastAccept
1785239231296,true,1785239231335,FastAccept
1785239231313,false,1785239231352,FastAccept
1785239231330,true,1785239231369,FastAccept
1785239231348,false,1785239231386,FastAccept
1785239231366,false,1785239231404,FastAccept
1785239231384,false,1785239231423,FastAccept
1785239231402,true,1785239231440,FastAccept
1785239231419,true,1785239231458,FastAccept
1785239231438,true,1785239231477,FastAccept
1785239231457,false,1785239231495,FastAccept
1785239231476,false,1785239231514,FastAccept
1785239231495,false,1785239231533,FastAccept
1785239231514,true,1785239231552,FastAccept
1785239231533,false,1785239231571,FastAccept
1785239231552,false,1785239231591,FastAccept
1785239231572,true,1785239231611,FastAccept
1785239231592,false,1785239231631,FastAccept
1785239231612,true,1785239231650,FastAccept
1785239231632,true,1785239231670,FastAccept
1785239231652,true,1785239231691,FastAccept
1785239231673,true,1785239231711,FastAccept
1785239231693,true,1785239231731,FastAccept
1785239231713,false,1785239231778,LeaderAccept
1785239231735,false,1785239231821,LeaderAccept
1785239231756,false,1785239231816,SlowAccept
1785239231777,true,1785239231834,LeaderAccept
1785239231799,true,1785239231880,LeaderAccept
1785239231821,true,1785239231880,SlowAccept
1785239231842,false,1785239231921,LeaderAccept
1785239231864,true,1785239231946,LeaderAccept
1785239231886,true,1785239231993,LeaderAccept
1785239231910,false,1785239231969,SlowAccept
1785239231933,false,1785239232040,LeaderAccept
1785239231957,true,1785239232017,SlowAccept
1785239231981,false,1785239232040,SlowAccept
1785239232004,true,1785239232064,SlowAccept
1785239232028,true,1785239232179,LeaderAccept
1785239232053,false,1785239232112,SlowAccept
1785239232078,true,1785239232138,SlowAccept
1785239232102,true,1785239232184,LeaderAccept
1785239232127,true,1785239232184,LeaderAccept
1785239232153,true,1785239232214,LeaderAccept
1785239232178,false,1785239232258,LeaderAccept
1785239232204,true,1785239232279,LeaderAccept
1785239232231,true,1785239232279,LeaderAccept
1785239232258,false,1785239232361,LeaderAccept
1785239232284,false,1785239232428,LeaderAccept
1785239232312,false,1785239232383,LeaderAccept
1785239232340,true,1785239232412,LeaderAccept
1785239232369,true,1785239232433,LeaderAccept
1785239232397,true,1785239232458,LeaderAccept
1785239232426,false,1785239232484,LeaderAccept
1785239232455,false,1785239232505,LeaderAccept
1785239232485,true,1785239232548,SlowAccept
1785239232516,true,1785239232574,LeaderAccept
1785239232546,false,1785239232594,LeaderAccept
1785239232578,true,1785239232642,SlowAccept
1785239232610,false,1785239232670,LeaderAccept
1785239232642,false,1785239232690,LeaderAccept
1785239232674,false,1785239232720,FastAccept
1785239232708,false,1785239232772,LeaderAccept
1785239232741,true,1785239232793,LeaderAccept
1785239232775,true,1785239232814,FastAccept
1785239232811,true,1785239232873,SlowAccept
1785239232846,false,1785239232947,LeaderAccept
1785239232883,false,1785239232947,SlowAccept
1785239232920,true,1785239232983,LeaderAccept
1785239232957,false,1785239232995,FastAccept
1785239232995,true,1785239233054,SlowAccept
1785239233034,false,1785239233085,LeaderAccept
1785239233073,true,1785239233140,LeaderAccept
1785239233113,true,1785239233159,FastAccept
1785239233155,false,1785239233209,LeaderAccept
1785239233197,true,1785239233261,LeaderAccept
1785239233240,true,1785239233279,FastAccept
1785239233284,false,1785239233333,LeaderAccept
1785239233328,true,1785239233393,LeaderAccept
1785239233374,true,1785239233440,SlowAccept
1785239233421,true,1785239233466,FastAccept
1785239233468,true,1785239233507,FastAccept
1785239233517,true,1785239233574,LeaderAccept
1785239233567,false,1785239233620,LeaderAccept
1785239233617,false,1785239233678,SlowAccept
1785239233670,true,1785239233730,LeaderAccept
1785239233724,false,1785239233786,LeaderAccept
1785239233778,false,1785239233836,LeaderAccept
1785239233834,false,1785239233899,LeaderAccept
1785239233892,true,1785239233951,LeaderAccept
1785239233952,false,1785239233998,FastAccept
1785239234013,false,1785239234072,LeaderAccept
1785239234077,false,1785239234115,FastAccept
1785239234142,true,1785239234181,FastAccept
1785239234210,true,1785239234271,SlowAccept
1785239234281,true,1785239234331,LeaderAccept
1785239234354,true,1785239234392,FastAccept
1785239234429,true,1785239234493,SlowAccept
1785239234506,true,1785239234559,LeaderAccept
1785239234588,true,1785239234626,FastAccept
1785239234672,false,1785239234718,FastAccept
1785239234760,true,1785239234818,LeaderAccept
1785239234852,true,1785239234891,FastAccept
1785239234948,false,1785239234987,FastAccept
1785239235049,true,1785239235109,LeaderAccept
1785239235155,true,1785239235194,FastAccept
1785239235267,true,1785239235306,FastAccept
1785239235385,true,1785239235451,SlowAccept
1785239235510,false,1785239235548,FastAccept
1785239235643,true,1785239235682,FastAccept
1785239235785,false,1785239235824,FastAccept
1785239235938,true,1785239235988,LeaderAccept
1785239236102,true,1785239236141,FastAccept
1785239236281,true,1785239236319,FastAccept
1785239236476,true,1785239236536,LeaderAccept
1785239236691,false,1785239236730,FastAccept
1785239236931,true,1785239236970,FastAccept
1785239237200,true,1785239237247,FastAccept
1785239237509,true,1785239237548,FastAccept
1785239237869,false,1785239237908,FastAccept
1785239238299,false,1785239238338,FastAccept
1785239238833,false,1785239238891,LeaderAccept
1785239239529,true,1785239239588,LeaderAccept
1785239240514,false,1785239240553,FastAccept
1785239242127,false,1785239242178,LeaderAccept
1785239245740,false,1785239245778,FastAccept
1785239262442,false,1785239262481,FastAccept
1785239262469,false,1785239262507,FastAccept
1785239262494,true,1785239262533,FastAccept
1785239262521,false,1785239262560,FastAccept
1785239262548,false,1785239262587,FastAccept
1785239262576,true,1785239262615,FastAccept
1785239262604,true,1785239262643,FastAccept
1785239262633,false,1785239262672,FastAccept
1785239262662,false,1785239262724,LeaderAccept
1785239262691,true,1785239262750,LeaderAccept
1785239262721,false,1785239262771,LeaderAccept
1785239262750,false,1785239262789,FastAccept
1785239262780,false,1785239262820,FastAccept
1785239262811,true,1785239262849,FastAccept
1785239262842,true,1785239262881,FastAccept
1785239262874,true,1785239262912,FastAccept
1785239262906,false,1785239262944,FastAccept
1785239262939,false,1785239262978,FastAccept
1785239262972,false,1785239263010,FastAccept
1785239263006,true,1785239263057,LeaderAccept
1785239263041,false,1785239263080,FastAccept
1785239263076,true,1785239263114,FastAccept
1785239263111,false,1785239263149,FastAccept
1785239263147,true,1785239263185,FastAccept
1785239263184,false,1785239263247,SlowAccept
1785239263220,false,1785239263274,LeaderAccept
1785239263259,true,1785239263297,FastAccept
1785239263297,false,1785239263336,FastAccept
1785239263336,true,1785239263375,FastAccept
1785239263377,false,1785239263415,FastAccept
1785239263418,true,1785239263456,FastAccept
1785239263460,true,1785239263498,FastAccept
1785239263502,false,1785239263541,FastAccept
1785239263546,true,1785239263585,FastAccept
1785239263589,true,1785239263628,FastAccept
1785239263634,false,1785239263673,FastAccept
1785239263681,true,1785239263720,FastAccept
1785239263729,true,1785239263778,LeaderAccept
1785239263777,true,1785239263816,FastAccept
1785239263826,false,1785239263865,FastAccept
1785239263877,true,1785239263937,LeaderAccept
1785239263930,false,1785239263968,FastAccept
1785239263984,true,1785239264023,FastAccept
1785239264039,true,1785239264078,FastAccept
1785239264095,false,1785239264134,FastAccept
1785239264153,false,1785239264192,FastAccept
1785239264212,false,1785239264252,FastAccept
1785239264274,true,1785239264313,FastAccept
1785239264338,false,1785239264376,FastAccept
1785239264402,true,1785239264441,FastAccept
1785239264470,true,1785239264509,FastAccept
1785239264540,false,1785239264578,FastAccept
1785239264613,false,1785239264651,FastAccept
1785239264688,true,1785239264726,FastAccept
1785239264766,true,1785239264804,FastAccept
1785239264847,false,1785239264886,FastAccept
1785239264931,false,1785239264970,FastAccept
1785239265019,false,1785239265058,FastAccept
1785239265110,false,1785239265149,FastAccept
1785239265206,false,1785239265245,FastAccept
1785239265307,true,1785239265346,FastAccept
1785239265413,true,1785239265451,FastAccept
1785239265524,true,1785239265562,FastAccept
1785239265642,true,1785239265681,FastAccept
1785239265767,false,1785239265806,FastAccept
1785239265900,true,1785239265939,FastAccept
1785239266042,false,1785239266081,FastAccept
1785239266194,true,1785239266233,FastAccept
1785239266357,false,1785239266396,FastAccept
1785239266535,true,1785239266574,FastAccept
1785239266730,true,1785239266769,FastAccept
1785239266943,false,1785239266982,FastAccept
1785239267181,false,1785239267220,FastAccept
1785239267448,true,1785239267487,FastAccept
1785239267508,false,1785239267547,FastAccept
1785239267532,false,1785239267571,FastAccept
1785239267555,true,1785239267594,FastAccept
1785239267579,true,1785239267618,FastAccept
1785239267603,false,1785239267642,FastAccept
1785239267627,false,1785239267665,FastAccept
1785239267651,false,1785239267690,FastAccept
1785239267676,true,1785239267715,FastAccept
1785239267701,false,1785239267740,FastAccept
1785239267727,true,1785239267766,FastAccept
1785239267753,true,1785239267792,FastAccept
1785239267779,true,1785239267818,FastAccept
1785239267806,true,1785239267845,FastAccept
1785239267833,false,1785239267871,FastAccept
1785239267860,false,1785239267899,FastAccept
1785239267888,false,1785239267927,FastAccept
1785239267916,true,1785239267954,FastAccept
1785239267944,false,1785239267983,FastAccept
1785239267973,false,1785239268012,FastAccept
1785239268002,false,1785239268041,FastAccept
1785239268031,true,1785239268069,FastAccept
1785239268061,true,1785239268099,FastAccept
1785239268090,false,1785239268129,FastAccept
1785239268120,false,1785239268159,FastAccept
1785239268152,true,1785239268191,FastAccept
1785239268183,false,1785239268222,FastAccept
1785239268215,false,1785239268254,FastAccept
1785239268247,true,1785239268286,FastAccept
1785239268280,false,1785239268318,FastAccept
1785239268313,false,1785239268353,FastAccept
1785239268348,true,1785239268386,FastAccept
1785239268382,false,1785239268421,FastAccept
1785239268417,false,1785239268455,FastAccept
1785239268453,false,1785239268491,FastAccept
1785239268488,true,1785239268527,FastAccept
1785239268526,true,1785239268564,FastAccept
1785239268563,true,1785239268602,FastAccept
1785239268602,true,1785239268640,FastAccept
1785239268640,false,1785239268679,FastAccept
1785239268679,true,1785239268718,FastAccept
1785239268720,true,1785239268759,FastAccept
1785239268761,true,1785239268799,FastAccept
1785239268803,false,1785239268841,FastAccept
1785239268846,true,1785239268884,FastAccept
1785239268889,true,1785239268928,FastAccept
1785239268933,false,1785239268972,FastAccept
1785239268979,false,1785239269018,FastAccept
1785239269026,true,1785239269065,FastAccept
1785239269074,true,1785239269113,FastAccept
1785239269123,false,1785239269179,LeaderAccept
1785239269174,true,1785239269212,FastAccept
1785239269224,false,1785239269263,FastAccept
1785239269276,true,1785239269315,FastAccept
1785239269330,true,1785239269369,FastAccept
1785239269386,false,1785239269424,FastAccept
1785239269443,false,1785239269482,FastAccept
1785239269502,true,1785239269541,FastAccept
1785239269563,true,1785239269601,FastAccept
1785239269625,true,1785239269665,FastAccept
1785239269690,false,1785239269729,FastAccept
1785239269757,false,1785239269795,FastAccept
1785239269826,true,1785239269865,FastAccept
1785239269897,false,1785239269935,FastAccept
1785239269971,true,1785239270010,FastAccept
1785239270047,true,1785239270085,FastAccept
1785239270126,true,1785239270165,FastAccept
1785239270208,false,1785239270246,FastAccept
1785239270294,false,1785239270333,FastAccept
1785239270382,true,1785239270421,FastAccept
1785239270476,false,1785239270515,FastAccept
1785239270573,false,1785239270612,FastAccept
1785239270676,false,1785239270715,FastAccept
1785239270784,true,1785239270823,FastAccept
1785239270898,false,1785239270937,FastAccept
1785239271019,true,1785239271059,FastAccept
1785239271147,false,1785239271187,FastAccept
1785239271283,false,1785239271322,FastAccept
1785239271429,false,1785239271468,FastAccept
1785239271586,false,1785239271625,FastAccept
1785239271755,false,1785239271794,FastAccept
1785239271940,true,1785239271979,FastAccept
1785239272141,false,1785239272238,LeaderAccept
1785239272364,true,1785239272403,FastAccept
1785239272612,true,1785239272658,FastAccept
1785239272895,false,1785239272941,FastAccept
1785239273219,false,1785239273279,LeaderAccept
1785239273601,true,1785239273639,FastAccept
1785239274062,false,1785239274101,FastAccept
1785239274642,true,1785239274681,FastAccept
1785239275418,true,1785239275464,FastAccept
1785239276559,false,1785239276598,FastAccept
1785239278578,true,1785239278617,FastAccept
1785239284119,false,1785239284158,FastAccept
1785239290237,false,1785239290276,FastAccept
1785239290259,false,1785239290394,LeaderAccept
1785239290282,false,1785239290345,SlowAccept
1785239290305,false,1785239290372,SlowAccept
1785239290330,false,1785239290394,SlowAccept
1785239290353,true,1785239290399,FastAccept
1785239290378,true,1785239290424,FastAccept
1785239290403,true,1785239290449,FastAccept
1785239290427,true,1785239290489,LeaderAccept
1785239290453,true,1785239290515,LeaderAccept
1785239290478,true,1785239290568,LeaderAccept
1785239290504,false,1785239290568,LeaderAccept
1785239290529,false,1785239290594,LeaderAccept
1785239290556,true,1785239290643,LeaderAccept
1785239290583,true,1785239290643,LeaderAccept
1785239290609,true,1785239290670,LeaderAccept
1785239290637,false,1785239290696,LeaderAccept
1785239290665,false,1785239290725,LeaderAccept
1785239290694,true,1785239290751,LeaderAccept
1785239290723,true,1785239290772,LeaderAccept
1785239290751,true,1785239290790,FastAccept
1785239290781,true,1785239290843,SlowAccept
1785239290811,false,1785239290875,LeaderAccept
1785239290840,true,1785239290902,LeaderAccept
1785239290871,true,1785239290931,LeaderAccept
1785239290901,false,1785239290940,FastAccept
1785239290932,false,1785239290971,FastAccept
1785239290965,true,1785239291004,FastAccept
1785239290998,false,1785239291063,LeaderAccept
1785239291031,true,1785239291083,LeaderAccept
1785239291065,true,1785239291104,FastAccept
1785239291099,true,1785239291145,FastAccept
1785239291134,true,1785239291199,LeaderAccept
1785239291169,true,1785239291220,LeaderAccept
1785239291205,true,1785239291243,FastAccept
1785239291241,false,1785239291295,LeaderAccept
1785239291278,false,1785239291317,FastAccept
1785239291315,false,1785239291354,FastAccept
1785239291354,false,1785239291415,SlowAccept
1785239291393,false,1785239291441,LeaderAccept
1785239291433,false,1785239291471,FastAccept
1785239291474,false,1785239291513,FastAccept
1785239291516,true,1785239291555,FastAccept
1785239291558,false,1785239291596,FastAccept
1785239291601,true,1785239291639,FastAccept
1785239291644,true,1785239291704,LeaderAccept
1785239291690,false,1785239291729,FastAccept
1785239291736,true,1785239291775,FastAccept
1785239291784,false,1785239291830,FastAccept
1785239291832,true,1785239291870,FastAccept
1785239291882,false,1785239291920,FastAccept
1785239291933,true,1785239291971,FastAccept
1785239291984,true,1785239292023,FastAccept
1785239292037,false,1785239292076,FastAccept
1785239292092,true,1785239292130,FastAccept
1785239292148,true,1785239292207,SlowAccept
1785239292206,true,1785239292245,FastAccept
1785239292266,true,1785239292305,FastAccept
1785239292327,false,1785239292366,FastAccept
1785239292390,true,1785239292429,FastAccept
1785239292455,true,1785239292494,FastAccept
1785239292522,true,1785239292561,FastAccept
1785239292591,false,1785239292630,FastAccept
1785239292663,true,1785239292702,FastAccept
1785239292738,true,1785239292777,FastAccept
1785239292814,false,1785239292880,SlowAccept
1785239292895,true,1785239292933,FastAccept
1785239292978,true,1785239293018,FastAccept
1785239293064,false,1785239293103,FastAccept
1785239293155,true,1785239293194,FastAccept
1785239293250,false,1785239293289,FastAccept
1785239293349,false,1785239293387,FastAccept
1785239293454,true,1785239293493,FastAccept
1785239293564,true,1785239293603,FastAccept
1785239293680,false,1785239293719,FastAccept
1785239293803,true,1785239293865,SlowAccept
1785239293934,false,1785239293973,FastAccept
1785239294073,false,1785239294112,FastAccept
1785239294222,true,1785239294261,FastAccept
1785239294382,false,1785239294421,FastAccept
1785239294556,true,1785239294595,FastAccept
1785239294746,true,1785239294785,FastAccept
1785239294954,false,1785239294993,FastAccept
1785239295186,false,1785239295224,FastAccept
1785239295445,false,1785239295484,FastAccept
1785239295740,false,1785239295779,FastAccept
1785239296082,false,1785239296130,LeaderAccept
1785239296486,false,1785239296525,FastAccept
1785239296982,false,1785239297033,LeaderAccept
1785239297617,false,1785239297656,FastAccept
1785239298488,true,1785239298549,SlowAccept
1785239299835,true,1785239299873,FastAccept
1785239302473,false,1785239302512,FastAccept
1785239312342,true,1785239312380,FastAccept
1785239329760,true,1785239329799,FastAccept
1785239329779,true,1785239329818,FastAccept
1785239329799,false,1785239329838,FastAccept
1785239329818,false,1785239329877,LeaderAccept
1785239329839,false,1785239329933,LeaderAccept
1785239329859,true,1785239329905,FastAccept
1785239329879,true,1785239329918,FastAccept
1785239329901,true,1785239329961,LeaderAccept
1785239329922,true,1785239330017,LeaderAccept
1785239329944,true,1785239330010,SlowAccept
1785239329966,true,1785239330010,FastAccept
1785239329987,true,1785239330040,LeaderAccept
1785239330010,false,1785239330069,LeaderAccept
1785239330031,false,1785239330118,LeaderAccept
1785239330053,false,1785239330118,SlowAccept
1785239330076,false,1785239330118,FastAccept
1785239330099,false,1785239330164,SlowAccept
1785239330123,true,1785239330168,FastAccept
1785239330146,true,1785239330184,FastAccept
1785239330170,false,1785239330208,FastAccept
1785239330194,false,1785239330232,FastAccept
1785239330217,true,1785239330280,LeaderAccept
1785239330241,true,1785239330487,LeaderAccept
1785239330266,false,1785239330329,SlowAccept
1785239330290,true,1785239330336,FastAccept
1785239330316,false,1785239330361,FastAccept
1785239330342,true,1785239330387,FastAccept
1785239330368,false,1785239330414,FastAccept
1785239330394,false,1785239330439,FastAccept
1785239330420,true,1785239330466,FastAccept
1785239330447,true,1785239330515,LeaderAccept
1785239330474,false,1785239330543,LeaderAccept
1785239330502,true,1785239330628,LeaderAccept
1785239330529,false,1785239330592,SlowAccept
1785239330558,true,1785239330621,SlowAccept
1785239330587,false,1785239330657,LeaderAccept
1785239330615,true,1785239330685,LeaderAccept
1785239330645,true,1785239330714,LeaderAccept
1785239330675,true,1785239330742,LeaderAccept
1785239330705,true,1785239330770,LeaderAccept
1785239330737,true,1785239330798,LeaderAccept
1785239330768,true,1785239330819,LeaderAccept
1785239330799,true,1785239330838,FastAccept
1785239330832,false,1785239330871,FastAccept
1785239330865,false,1785239330916,LeaderAccept
1785239330899,false,1785239330937,FastAccept
1785239330932,false,1785239330971,FastAccept
1785239330966,false,1785239331005,FastAccept
1785239331002,true,1785239331040,FastAccept
1785239331037,false,1785239331076,FastAccept
1785239331073,true,1785239331112,FastAccept
1785239331110,true,1785239331148,FastAccept
1785239331147,false,1785239331186,FastAccept
1785239331185,false,1785239331242,LeaderAccept
1785239331225,true,1785239331264,FastAccept
1785239331265,false,1785239331304,FastAccept
1785239331306,true,1785239331344,FastAccept
1785239331347,false,1785239331385,FastAccept
1785239331389,false,1785239331428,FastAccept
1785239331432,true,1785239331470,FastAccept
1785239331475,false,1785239331514,FastAccept
1785239331520,true,1785239331559,FastAccept
1785239331566,false,1785239331628,SlowAccept
1785239331613,true,1785239331651,FastAccept
1785239331661,true,1785239331699,FastAccept
1785239331710,true,1785239331748,FastAccept
1785239331759,false,1785239331798,FastAccept
1785239331811,false,1785239331850,FastAccept
1785239331864,true,1785239331903,FastAccept
1785239331918,false,1785239331956,FastAccept
1785239331974,false,1785239332012,FastAccept
1785239332031,true,1785239332070,FastAccept
1785239332089,false,1785239332128,FastAccept
1785239332149,false,1785239332188,FastAccept
1785239332211,false,1785239332249,FastAccept
1785239332275,true,1785239332313,FastAccept
1785239332340,true,1785239332379,FastAccept
1785239332408,true,1785239332447,FastAccept
1785239332479,true,1785239332518,FastAccept
1785239332552,true,1785239332591,FastAccept
1785239332628,true,1785239332674,FastAccept
1785239332706,false,1785239332752,FastAccept
1785239332788,true,1785239332833,FastAccept
1785239332873,true,1785239332937,LeaderAccept
1785239332962,false,1785239333019,LeaderAccept
1785239333054,false,1785239333110,LeaderAccept
1785239333150,true,1785239333189,FastAccept
1785239333251,false,1785239333290,FastAccept
1785239333358,true,1785239333404,FastAccept
1785239333471,false,1785239333517,FastAccept
1785239333591,true,1785239333650,LeaderAccept
1785239333717,true,1785239333756,FastAccept
1785239333852,false,1785239333890,FastAccept
1785239333996,true,1785239334034,FastAccept
1785239334151,false,1785239334189,FastAccept
1785239334318,false,1785239334363,FastAccept
1785239334499,false,1785239334562,LeaderAccept
1785239334697,true,1785239334735,FastAccept
1785239334916,true,1785239334954,FastAccept
1785239335160,true,1785239335198,FastAccept
1785239335436,true,1785239335475,FastAccept
1785239335752,false,1785239335791,FastAccept
1785239336121,true,1785239336160,FastAccept
1785239336567,false,1785239336606,FastAccept
1785239337122,true,1785239337161,FastAccept
1785239337856,true,1785239337895,FastAccept
1785239338914,false,1785239338952,FastAccept
1785239340706,true,1785239340745,FastAccept
1785239343543,true,1785239343635,LeaderAccept
1785239343574,true,1785239343620,LeaderAccept
1785239343605,false,1785239343656,LeaderAccept
1785239343637,true,1785239343682,FastAccept
1785239343668,false,1785239343730,LeaderAccept
1785239343701,false,1785239343750,LeaderAccept
1785239343734,false,1785239343779,FastAccept
1785239343768,true,1785239343836,LeaderAccept
1785239343802,true,1785239343856,LeaderAccept
1785239343836,true,1785239343913,LeaderAccept
1785239343871,true,1785239343913,FastAccept
1785239343907,true,1785239343990,LeaderAccept
1785239343942,false,1785239343990,FastAccept
1785239343979,true,1785239344049,LeaderAccept
1785239344016,true,1785239344069,LeaderAccept
1785239344054,false,1785239344092,FastAccept
1785239344092,false,1785239344138,FastAccept
1785239344132,true,1785239344187,LeaderAccept
1785239344171,true,1785239344218,FastAccept
1785239344212,true,1785239344329,LeaderAccept
1785239344255,false,1785239344300,FastAccept
1785239344298,false,1785239344349,LeaderAccept
1785239344342,false,1785239344398,LeaderAccept
1785239344386,true,1785239344447,LeaderAccept
1785239344432,false,1785239344496,SlowAccept
1785239344479,false,1785239344545,SlowAccept
1785239344527,false,1785239344572,FastAccept
1785239344575,true,1785239344614,FastAccept
1785239344626,false,1785239344672,FastAccept
1785239344678,false,1785239344723,FastAccept
1785239344730,true,1785239344776,FastAccept
1785239344785,false,1785239344823,FastAccept
1785239344839,true,1785239344878,FastAccept
1785239344896,false,1785239344934,FastAccept
1785239344955,false,1785239344993,FastAccept
1785239345015,false,1785239345054,FastAccept
1785239345078,false,1785239345117,FastAccept
1785239345142,true,1785239345181,FastAccept
1785239345208,true,1785239345264,LeaderAccept
1785239345275,false,1785239345337,LeaderAccept
1785239345346,false,1785239345392,FastAccept
1785239345418,true,1785239345464,FastAccept
1785239345494,false,1785239345532,FastAccept
1785239345572,false,1785239345610,FastAccept
1785239345653,true,1785239345692,FastAccept
1785239345739,true,1785239345778,FastAccept
1785239345828,false,1785239345867,FastAccept
1785239345921,true,1785239345960,FastAccept
1785239346018,true,1785239346057,FastAccept
1785239346120,false,1785239346159,FastAccept
1785239346226,true,1785239346265,FastAccept
1785239346339,true,1785239346398,LeaderAccept
1785239346458,true,1785239346504,FastAccept
1785239346583,true,1785239346622,FastAccept
1785239346717,false,1785239346756,FastAccept
1785239346860,true,1785239346900,FastAccept
1785239347015,false,1785239347054,FastAccept
1785239347182,false,1785239347221,FastAccept
1785239347363,false,1785239347402,FastAccept
1785239347562,false,1785239347601,FastAccept
1785239347781,true,1785239347820,FastAccept
1785239348025,true,1785239348064,FastAccept
1785239348301,false,1785239348340,FastAccept
1785239348618,true,1785239348656,FastAccept
1785239348988,true,1785239349054,LeaderAccept
1785239349434,true,1785239349497,SlowAccept
1785239349990,false,1785239350053,SlowAccept
1785239350724,true,1785239350779,LeaderAccept
1785239351783,false,1785239351847,SlowAccept
1785239353580,true,1785239353619,FastAccept
1785239357991,false,1785239358050,LeaderAccept
1785239384099,true,1785239384144,FastAccept
1785239384117,false,1785239384163,FastAccept
1785239384135,true,1785239384201,LeaderAccept
1785239384153,true,1785239384220,LeaderAccept
1785239384172,false,1785239384221,LeaderAccept
1785239384191,false,1785239384248,LeaderAccept
1785239384210,true,1785239384302,LeaderAccept
1785239384228,true,1785239384274,FastAccept
1785239384248,true,1785239384302,LeaderAccept
1785239384266,true,1785239384354,LeaderAccept
1785239384285,true,1785239384351,SlowAccept
1785239384304,false,1785239384351,FastAccept
1785239384324,true,1785239384382,LeaderAccept
1785239384344,false,1785239384405,LeaderAccept
1785239384364,false,1785239384458,LeaderAccept
1785239384385,false,1785239384430,FastAccept
1785239384405,false,1785239384444,FastAccept
1785239384426,false,1785239384486,LeaderAccept
1785239384447,true,1785239384533,LeaderAccept
1785239384468,false,1785239384533,SlowAccept
1785239384489,false,1785239384534,FastAccept
1785239384511,false,1785239384562,LeaderAccept
1785239384532,false,1785239384591,LeaderAccept
1785239384555,false,1785239384619,LeaderAccept
1785239384577,false,1785239384673,LeaderAccept
1785239384599,false,1785239384645,FastAccept
1785239384621,true,1785239384660,FastAccept
1785239384644,false,1785239384702,LeaderAccept
1785239384667,true,1785239384751,LeaderAccept
1785239384691,true,1785239384746,LeaderAccept
1785239384714,false,1785239384774,LeaderAccept
1785239384739,false,1785239384802,LeaderAccept
1785239384763,true,1785239384851,LeaderAccept
1785239384788,false,1785239384846,LeaderAccept
1785239384813,false,1785239384875,LeaderAccept
1785239384837,false,1785239384903,LeaderAccept
1785239384863,true,1785239384930,LeaderAccept
1785239384889,true,1785239384979,LeaderAccept
1785239384914,true,1785239384979,SlowAccept
1785239384941,false,1785239384987,FastAccept
1785239384968,true,1785239385026,LeaderAccept
1785239384995,true,1785239385054,LeaderAccept
1785239385022,true,1785239385160,LeaderAccept
1785239385040,false,1785239385104,SlowAccept
1785239385067,false,1785239385131,SlowAccept
1785239385095,false,1785239385160,SlowAccept
1785239385123,false,1785239385186,SlowAccept
1785239385152,false,1785239385215,SlowAccept
1785239385181,true,1785239385242,LeaderAccept
1785239385210,false,1785239385271,LeaderAccept
1785239385239,true,1785239385291,LeaderAccept
1785239385270,true,1785239385308,FastAccept
1785239385301,false,1785239385339,FastAccept
1785239385332,true,1785239385400,LeaderAccept
1785239385362,false,1785239385428,LeaderAccept
1785239385394,true,1785239385456,LeaderAccept
1785239385426,true,1785239385477,LeaderAccept
1785239385458,false,1785239385497,FastAccept
1785239385492,true,1785239385530,FastAccept
1785239385526,true,1785239385592,LeaderAccept
1785239385561,false,1785239385612,LeaderAccept
1785239385596,false,1785239385662,LeaderAccept
1785239385632,true,1785239385682,LeaderAccept
1785239385669,true,1785239385740,LeaderAccept
1785239385705,true,1785239385761,LeaderAccept
1785239385743,true,1785239385782,FastAccept
1785239385782,false,1785239385828,FastAccept
1785239385821,false,1785239385877,LeaderAccept
1785239385861,true,1785239385900,FastAccept
1785239385902,true,1785239385954,LeaderAccept
1785239385943,true,1785239385982,FastAccept
1785239385985,false,1785239386031,FastAccept
1785239386029,true,1785239386080,LeaderAccept
1785239386072,true,1785239386111,FastAccept
1785239386117,true,1785239386182,SlowAccept
1785239386162,false,1785239386201,FastAccept
1785239386209,true,1785239386248,FastAccept
1785239386258,false,1785239386297,FastAccept
1785239386307,false,1785239386346,FastAccept
1785239386358,true,1785239386396,FastAccept
1785239386410,false,1785239386466,LeaderAccept
1785239386463,true,1785239386502,FastAccept
1785239386518,true,1785239386576,LeaderAccept
1785239386574,true,1785239386612,FastAccept
1785239386631,false,1785239386692,LeaderAccept
1785239386690,true,1785239386729,FastAccept
1785239386751,false,1785239386790,FastAccept
1785239386813,false,1785239386852,FastAccept
1785239386877,false,1785239386924,FastAccept
1785239386944,false,1785239386983,FastAccept
1785239387013,true,1785239387065,LeaderAccept
1785239387085,true,1785239387124,FastAccept
1785239387159,false,1785239387197,FastAccept
1785239387236,false,1785239387275,FastAccept
1785239387316,true,1785239387354,FastAccept
1785239387399,false,1785239387445,FastAccept
1785239387485,true,1785239387524,FastAccept
1785239387574,true,1785239387613,FastAccept
1785239387668,true,1785239387707,FastAccept
1785239387767,false,1785239387806,FastAccept
1785239387870,true,1785239387909,FastAccept
1785239387979,false,1785239388018,FastAccept
1785239388094,false,1785239388133,FastAccept
1785239388215,false,1785239388254,FastAccept
1785239388344,false,1785239388383,FastAccept
1785239388481,true,1785239388520,FastAccept
1785239388627,true,1785239388666,FastAccept
1785239388786,false,1785239388824,FastAccept
1785239388957,false,1785239389003,FastAccept
1785239389143,false,1785239389182,FastAccept
1785239389347,false,1785239389386,FastAccept
1785239389572,true,1785239389611,FastAccept
1785239389824,false,1785239389884,LeaderAccept
1785239390110,false,1785239390169,SlowAccept
1785239390441,false,1785239390501,LeaderAccept
1785239390831,true,1785239390876,FastAccept
1785239391304,false,1785239391363,LeaderAccept
1785239391903,true,1785239391942,FastAccept
1785239392713,false,1785239392751,FastAccept
1785239393923,false,1785239393961,FastAccept
1785239396137,false,1785239396189,LeaderAccept
1785239402840,false,1785239402879,FastAccept
1785239405083,true,1785239405129,FastAccept
1785239405098,true,1785239405137,FastAccept
1785239405112,false,1785239405186,LeaderAccept
1785239405128,false,1785239405167,FastAccept
1785239405142,true,1785239405215,LeaderAccept
1785239405157,true,1785239405196,FastAccept
1785239405173,false,1785239405243,LeaderAccept
1785239405188,false,1785239405227,FastAccept
1785239405204,false,1785239405271,LeaderAccept
1785239405219,true,1785239405258,FastAccept
1785239405235,false,1785239405301,LeaderAccept
1785239405250,false,1785239405301,SlowAccept
1785239405267,false,1785239405328,LeaderAccept
1785239405284,false,1785239405356,LeaderAccept
1785239405300,false,1785239405345,FastAccept
1785239405317,true,1785239405385,LeaderAccept
1785239405333,true,1785239405402,LeaderAccept
1785239405349,true,1785239405414,LeaderAccept
1785239405367,true,1785239405431,LeaderAccept
1785239405384,true,1785239405435,LeaderAccept
1785239405401,false,1785239405461,LeaderAccept
1785239405418,true,1785239405489,LeaderAccept
1785239405435,true,1785239405474,FastAccept
1785239405452,true,1785239405544,LeaderAccept
1785239405470,false,1785239405516,FastAccept
1785239405488,true,1785239405526,FastAccept
1785239405505,true,1785239405598,LeaderAccept
1785239405524,true,1785239405570,FastAccept
1785239405542,true,1785239405598,LeaderAccept
1785239405559,true,1785239405652,LeaderAccept
1785239405578,false,1785239405623,FastAccept
1785239405597,true,1785239405652,LeaderAccept
1785239405616,false,1785239405673,LeaderAccept
1785239405635,false,1785239405697,LeaderAccept
1785239405654,true,1785239405726,LeaderAccept
1785239405674,true,1785239405713,FastAccept
1785239405694,false,1785239405755,LeaderAccept
1785239405714,false,1785239405809,LeaderAccept
1785239405734,true,1785239405780,FastAccept
1785239405754,false,1785239405793,FastAccept
1785239405775,false,1785239405837,LeaderAccept
1785239405796,true,1785239405891,LeaderAccept
1785239405817,false,1785239405863,FastAccept
1785239405837,false,1785239405877,FastAccept
1785239405859,false,1785239405921,LeaderAccept
1785239405880,false,1785239405976,LeaderAccept
1785239405902,true,1785239405947,FastAccept
1785239405924,true,1785239405963,FastAccept
1785239405946,false,1785239406004,LeaderAccept
1785239405969,false,1785239406033,LeaderAccept
1785239405992,false,1785239406081,LeaderAccept
1785239406014,true,1785239406060,FastAccept
1785239406037,false,1785239406076,FastAccept
1785239406060,true,1785239406099,FastAccept
1785239406084,false,1785239406123,FastAccept
1785239406108,false,1785239406147,FastAccept
1785239406132,false,1785239406171,FastAccept
1785239406157,false,1785239406196,FastAccept
1785239406181,true,1785239406220,FastAccept
1785239406205,true,1785239406245,FastAccept
1785239406231,true,1785239406270,FastAccept
1785239406255,false,1785239406294,FastAccept
1785239406281,true,1785239406320,FastAccept
1785239406307,false,1785239406345,FastAccept
1785239406333,false,1785239406400,LeaderAccept
1785239406359,false,1785239406430,LeaderAccept
1785239406387,false,1785239406458,LeaderAccept
1785239406414,true,1785239406515,LeaderAccept
1785239406442,true,1785239406507,SlowAccept
1785239406470,true,1785239406602,LeaderAccept
1785239406499,false,1785239406565,SlowAccept
1785239406528,true,1785239406593,SlowAccept
1785239406557,true,1785239406630,LeaderAccept
1785239406587,false,1785239406658,LeaderAccept
1785239406617,true,1785239406687,LeaderAccept
1785239406648,false,1785239406715,LeaderAccept
1785239406679,false,1785239406743,LeaderAccept
1785239406710,false,1785239406772,LeaderAccept
1785239406741,true,1785239406793,LeaderAccept
1785239406774,true,1785239406812,FastAccept
1785239406807,false,1785239406846,FastAccept
1785239406840,false,1785239406879,FastAccept
1785239406875,true,1785239406913,FastAccept
1785239406910,true,1785239406948,FastAccept
1785239406946,false,1785239406985,FastAccept
1785239406981,false,1785239407020,FastAccept
1785239407018,false,1785239407057,FastAccept
1785239407054,true,1785239407093,FastAccept
1785239407092,true,1785239407131,FastAccept
1785239407131,false,1785239407169,FastAccept
1785239407169,true,1785239407208,FastAccept
1785239407208,false,1785239407247,FastAccept
1785239407249,false,1785239407288,FastAccept
1785239407291,false,1785239407329,FastAccept
1785239407334,true,1785239407394,LeaderAccept
1785239407377,true,1785239407416,FastAccept
1785239407422,false,1785239407460,FastAccept
1785239407467,false,1785239407505,FastAccept
1785239407512,true,1785239407551,FastAccept
1785239407560,true,1785239407598,FastAccept
1785239407609,true,1785239407648,FastAccept
1785239407658,false,1785239407696,FastAccept
1785239407708,false,1785239407748,FastAccept
1785239407760,false,1785239407799,FastAccept
1785239407813,true,1785239407853,FastAccept
1785239407868,false,1785239407907,FastAccept
1785239407923,true,1785239407962,FastAccept
1785239407981,false,1785239408020,FastAccept
1785239408041,true,1785239408080,FastAccept
1785239408085,true,1785239408124,FastAccept
1785239408108,false,1785239408148,FastAccept
1785239408132,true,1785239408172,FastAccept
1785239408157,true,1785239408196,FastAccept
1785239408182,true,1785239408221,FastAccept
1785239408207,false,1785239408246,FastAccept
1785239408232,false,1785239408271,FastAccept
1785239408258,true,1785239408297,FastAccept
1785239408284,false,1785239408323,FastAccept
1785239408310,false,1785239408349,FastAccept
1785239408337,true,1785239408376,FastAccept
1785239408364,true,1785239408402,FastAccept
1785239408391,false,1785239408430,FastAccept
1785239408419,true,1785239408458,FastAccept
1785239408447,false,1785239408486,FastAccept
1785239408475,false,1785239408514,FastAccept
1785239408504,true,1785239408543,FastAccept
1785239408532,false,1785239408571,FastAccept
1785239408562,false,1785239408600,FastAccept
1785239408591,false,1785239408630,FastAccept
1785239408622,false,1785239408660,FastAccept
1785239408652,true,1785239408691,FastAccept
1785239408684,true,1785239408723,FastAccept
1785239408715,true,1785239408754,FastAccept
1785239408748,false,1785239408787,FastAccept
1785239408780,true,1785239408819,FastAccept
1785239408814,true,1785239408853,FastAccept
1785239408848,true,1785239408886,FastAccept
1785239408882,false,1785239408920,FastAccept
1785239408917,true,1785239408955,FastAccept
1785239408952,true,1785239408991,FastAccept
1785239408988,false,1785239409043,LeaderAccept
1785239409023,false,1785239409061,FastAccept
1785239409061,false,1785239409099,FastAccept
1785239409099,false,1785239409137,FastAccept
1785239409137,false,1785239409176,FastAccept
1785239409177,true,1785239409216,FastAccept
1785239409217,true,1785239409256,FastAccept
1785239409257,true,1785239409296,FastAccept
1785239409298,false,1785239409337,FastAccept
1785239409340,true,1785239409379,FastAccept
1785239409384,true,1785239409422,FastAccept
1785239409427,false,1785239409466,FastAccept
1785239409473,true,1785239409511,FastAccept
1785239409519,true,1785239409557,FastAccept
1785239409565,false,1785239409604,FastAccept
1785239409613,true,1785239409652,FastAccept
1785239409662,true,1785239409702,FastAccept
1785239409713,true,1785239409752,FastAccept
1785239409764,false,1785239409803,FastAccept
1785239409817,false,1785239409856,FastAccept
1785239409871,false,1785239409910,FastAccept
1785239409927,false,1785239409966,FastAccept
1785239409985,false,1785239410024,FastAccept
1785239410044,true,1785239410083,FastAccept
1785239410106,false,1785239410144,FastAccept
1785239410168,true,1785239410208,FastAccept
1785239410234,true,1785239410273,FastAccept
1785239410301,true,1785239410340,FastAccept
1785239410371,false,1785239410409,FastAccept
1785239410443,false,1785239410482,FastAccept
1785239410517,true,1785239410556,FastAccept
1785239410595,false,1785239410634,FastAccept
1785239410676,true,1785239410715,FastAccept
1785239410759,true,1785239410798,FastAccept
1785239410847,true,1785239410887,FastAccept
1785239410938,false,1785239410976,FastAccept
1785239411033,false,1785239411072,FastAccept
1785239411133,false,1785239411172,FastAccept
1785239411238,false,1785239411277,FastAccept
1785239411348,true,1785239411387,FastAccept
1785239411464,true,1785239411503,FastAccept
1785239411587,false,1785239411626,FastAccept
1785239411719,true,1785239411758,FastAccept
1785239411859,true,1785239411898,FastAccept
1785239412008,true,1785239412047,FastAccept
1785239412170,true,1785239412208,FastAccept
1785239412345,false,1785239412384,FastAccept
1785239412536,true,1785239412575,FastAccept
1785239412746,true,1785239412808,LeaderAccept
1785239412979,false,1785239413018,FastAccept
1785239413240,false,1785239413279,FastAccept
1785239413539,true,1785239413578,FastAccept
1785239413884,false,1785239413923,FastAccept
1785239414296,false,1785239414335,FastAccept
1785239414801,true,1785239414839,FastAccept
1785239415449,true,1785239415489,FastAccept
1785239416347,true,1785239416386,FastAccept
1785239417751,true,1785239417789,FastAccept
1785239420585,false,1785239420623,FastAccept
1785239432264,false,1785239432303,FastAccept
1785239461712,false,1785239461757,FastAccept
1785239461727,true,1785239461765,FastAccept
1785239461741,true,1785239461796,SlowAccept
1785239461757,true,1785239461802,FastAccept
1785239461772,true,1785239461851,LeaderAccept
1785239461787,false,1785239461851,SlowAccept
1785239461802,false,1785239461866,LeaderAccept
1785239461817,true,1785239461895,LeaderAccept
1785239461833,true,1785239461888,SlowAccept
1785239461849,true,1785239461916,LeaderAccept
1785239461865,false,1785239461916,LeaderAccept
1785239461881,true,1785239461945,LeaderAccept
1785239461897,false,1785239461948,LeaderAccept
1785239461913,false,1785239461986,LeaderAccept
1785239461930,true,1785239461986,SlowAccept
1785239461947,false,1785239461993,FastAccept
1785239461963,false,1785239462021,LeaderAccept
1785239461980,false,1785239462049,LeaderAccept
1785239461997,true,1785239462049,LeaderAccept
1785239462014,false,1785239462087,LeaderAccept
1785239462030,false,1785239462087,SlowAccept
1785239462048,true,1785239462098,LeaderAccept
1785239462066,true,1785239462123,LeaderAccept
1785239462084,false,1785239462152,LeaderAccept
1785239462101,true,1785239462148,FastAccept
1785239462120,true,1785239462177,LeaderAccept
1785239462138,true,1785239462205,LeaderAccept
1785239462156,true,1785239462202,FastAccept
1785239462174,false,1785239462230,LeaderAccept
1785239462193,false,1785239462286,LeaderAccept
1785239462212,true,1785239462257,FastAccept
1785239462230,true,1785239462286,LeaderAccept
1785239462249,true,1785239462343,LeaderAccept
1785239462269,true,1785239462335,SlowAccept
1785239462287,true,1785239462343,LeaderAccept
1785239462306,false,1785239462364,LeaderAccept
1785239462326,true,1785239462384,LeaderAccept
1785239462346,true,1785239462405,LeaderAccept
1785239462366,false,1785239462424,LeaderAccept
1785239462385,false,1785239462444,LeaderAccept
1785239462406,false,1785239462466,LeaderAccept
1785239462426,true,1785239462486,LeaderAccept
1785239462447,true,1785239462507,LeaderAccept
1785239462468,false,1785239462527,LeaderAccept
1785239462489,false,1785239462550,LeaderAccept
1785239462510,false,1785239462570,LeaderAccept
1785239462531,false,1785239462594,LeaderAccept
1785239462553,false,1785239462614,LeaderAccept
1785239462576,false,1785239462638,LeaderAccept
1785239462598,false,1785239462658,LeaderAccept
1785239462620,false,1785239462683,LeaderAccept
1785239462643,false,1785239462703,LeaderAccept
1785239462665,false,1785239462729,LeaderAccept
1785239462689,false,1785239462750,LeaderAccept
1785239462713,false,1785239462777,LeaderAccept
1785239462736,false,1785239462797,LeaderAccept
1785239462761,true,1785239462825,LeaderAccept
1785239462785,true,1785239462847,LeaderAccept
1785239462809,false,1785239462875,LeaderAccept
1785239462834,false,1785239462898,LeaderAccept
1785239462860,true,1785239462927,LeaderAccept
1785239462885,true,1785239462952,LeaderAccept
1785239462910,false,1785239463027,LeaderAccept
1785239462937,false,1785239463000,SlowAccept
1785239462964,false,1785239463027,SlowAccept
1785239462991,false,1785239463055,SlowAccept
1785239463018,true,1785239463088,LeaderAccept
1785239463046,true,1785239463287,LeaderAccept
1785239463073,true,1785239463137,SlowAccept
1785239463101,true,1785239463167,SlowAccept
1785239463130,false,1785239463194,SlowAccept
1785239463158,true,1785239463223,SlowAccept
1785239463188,false,1785239463251,SlowAccept
1785239463217,false,1785239463280,SlowAccept
1785239463248,true,1785239463315,LeaderAccept
1785239463279,false,1785239463343,LeaderAccept
1785239463310,false,1785239463372,LeaderAccept
1785239463342,false,1785239463392,LeaderAccept
1785239463374,false,1785239463413,FastAccept
1785239463406,true,1785239463445,FastAccept
1785239463440,false,1785239463478,FastAccept
1785239463474,true,1785239463512,FastAccept
1785239463509,false,1785239463547,FastAccept
1785239463544,true,1785239463582,FastAccept
1785239463579,false,1785239463617,FastAccept
1785239463615,true,1785239463653,FastAccept
1785239463651,true,1785239463690,FastAccept
1785239463689,false,1785239463727,FastAccept
1785239463727,false,1785239463766,FastAccept
1785239463766,true,1785239463804,FastAccept
1785239463804,true,1785239463843,FastAccept
1785239463845,false,1785239463884,FastAccept
1785239463886,false,1785239463931,FastAccept
1785239463928,true,1785239463980,LeaderAccept
1785239463970,true,1785239464016,FastAccept
1785239464013,false,1785239464065,LeaderAccept
1785239464058,false,1785239464096,FastAccept
1785239464104,false,1785239464142,FastAccept
1785239464151,true,1785239464190,FastAccept
1785239464199,false,1785239464237,FastAccept
1785239464248,true,1785239464287,FastAccept
1785239464298,true,1785239464337,FastAccept
1785239464350,true,1785239464388,FastAccept
1785239464403,true,1785239464441,FastAccept
1785239464457,false,1785239464495,FastAccept
1785239464511,false,1785239464550,FastAccept
1785239464568,false,1785239464607,FastAccept
1785239464627,true,1785239464666,FastAccept
1785239464688,false,1785239464726,FastAccept
1785239464749,false,1785239464788,FastAccept
1785239464814,false,1785239464852,FastAccept
1785239464880,false,1785239464919,FastAccept
1785239464947,false,1785239464986,FastAccept
1785239465018,false,1785239465057,FastAccept
1785239465091,true,1785239465130,FastAccept
1785239465167,false,1785239465223,LeaderAccept
1785239465246,false,1785239465285,FastAccept
1785239465327,false,1785239465385,LeaderAccept
1785239465412,false,1785239465451,FastAccept
1785239465500,true,1785239465563,LeaderAccept
1785239465593,true,1785239465631,FastAccept
1785239465690,true,1785239465744,SlowAccept
1785239465791,true,1785239465830,FastAccept
1785239465897,true,1785239465943,FastAccept
1785239466009,false,1785239466048,FastAccept
1785239466129,true,1785239466175,FastAccept
1785239466255,true,1785239466294,FastAccept
1785239466389,true,1785239466428,FastAccept
1785239466533,false,1785239466572,FastAccept
1785239466687,false,1785239466726,FastAccept
1785239466853,true,1785239466892,FastAccept
1785239467034,true,1785239467072,FastAccept
1785239467231,true,1785239467270,FastAccept
1785239467448,true,1785239467487,FastAccept
1785239467692,false,1785239467731,FastAccept
1785239467965,true,1785239468004,FastAccept
1785239468280,false,1785239468319,FastAccept
1785239468646,true,1785239468685,FastAccept
1785239469088,false,1785239469127,FastAccept
1785239469638,true,1785239469695,LeaderAccept
1785239470361,false,1785239470399,FastAccept
1785239471398,false,1785239471436,FastAccept
1785239473138,false,1785239473200,LeaderAccept
1785239477295,false,1785239477334,FastAccept
1785239481670,false,1785239481709,FastAccept
1785239481687,false,1785239481725,FastAccept
1785239481703,true,1785239481741,FastAccept
1785239481720,false,1785239481758,FastAccept
1785239481737,false,1785239481775,FastAccept
1785239481754,false,1785239481792,FastAccept
1785239481770,false,1785239481809,FastAccept
1785239481788,false,1785239481826,FastAccept
1785239481804,false,1785239481842,FastAccept
1785239481821,false,1785239481860,FastAccept
1785239481839,false,1785239481878,FastAccept
1785239481857,false,1785239481895,FastAccept
1785239481875,true,1785239481914,FastAccept
1785239481892,true,1785239481931,FastAccept
1785239481910,false,1785239481949,FastAccept
1785239481929,false,1785239481968,FastAccept
1785239481948,true,1785239481986,FastAccept
1785239481967,false,1785239482006,FastAccept
1785239481986,false,1785239482025,FastAccept
1785239482005,true,1785239482044,FastAccept
1785239482024,false,1785239482063,FastAccept
1785239482044,true,1785239482083,FastAccept
1785239482063,true,1785239482102,FastAccept
1785239482082,true,1785239482121,FastAccept
1785239482103,true,1785239482142,FastAccept
1785239482122,false,1785239482161,FastAccept
1785239482143,true,1785239482182,FastAccept
1785239482163,true,1785239482202,FastAccept
1785239482184,true,1785239482222,FastAccept
1785239482204,false,1785239482243,FastAccept
1785239482226,true,1785239482264,FastAccept
1785239482246,true,1785239482285,FastAccept
1785239482268,true,1785239482307,FastAccept
1785239482289,true,1785239482328,FastAccept
1785239482312,false,1785239482351,FastAccept
1785239482333,true,1785239482372,FastAccept
1785239482356,true,1785239482394,FastAccept
1785239482378,true,1785239482417,FastAccept
1785239482400,true,1785239482439,FastAccept
1785239482424,false,1785239482463,FastAccept
1785239482447,true,1785239482486,FastAccept
1785239482470,false,1785239482509,FastAccept
1785239482494,false,1785239482532,FastAccept
1785239482517,false,1785239482557,FastAccept
1785239482542,false,1785239482580,FastAccept
1785239482567,false,1785239482606,FastAccept
1785239482591,false,1785239482630,FastAccept
1785239482617,true,1785239482656,FastAccept
1785239482643,false,1785239482682,FastAccept
1785239482669,false,1785239482708,FastAccept
1785239482696,false,1785239482735,FastAccept
1785239482723,false,1785239482762,FastAccept
1785239482750,false,1785239482789,FastAccept
1785239482777,true,1785239482816,FastAccept
1785239482805,true,1785239482844,FastAccept
1785239482833,false,1785239482872,FastAccept
1785239482862,false,1785239482901,FastAccept
1785239482891,true,1785239482929,FastAccept
1785239482920,false,1785239482959,FastAccept
1785239482950,false,1785239482988,FastAccept
1785239482979,true,1785239483018,FastAccept
1785239483010,true,1785239483048,FastAccept
1785239483040,false,1785239483079,FastAccept
1785239483071,true,1785239483110,FastAccept
1785239483104,true,1785239483142,FastAccept
1785239483135,true,1785239483174,FastAccept
1785239483167,true,1785239483206,FastAccept
1785239483200,true,1785239483239,FastAccept
1785239483234,false,1785239483273,FastAccept
1785239483269,true,1785239483308,FastAccept
1785239483304,true,1785239483343,FastAccept
1785239483339,true,1785239483378,FastAccept
1785239483376,false,1785239483415,FastAccept
1785239483412,false,1785239483451,FastAccept
1785239483449,false,1785239483488,FastAccept
1785239483488,true,1785239483526,FastAccept
1785239483526,false,1785239483565,FastAccept
1785239483566,false,1785239483605,FastAccept
1785239483607,false,1785239483646,FastAccept
1785239483648,true,1785239483688,FastAccept
1785239483690,true,1785239483729,FastAccept
1785239483732,false,1785239483771,FastAccept
1785239483776,false,1785239483814,FastAccept
1785239483821,false,1785239483913,LeaderAccept
1785239483867,false,1785239483912,FastAccept
1785239483914,false,1785239483959,FastAccept
1785239483962,true,1785239484000,FastAccept
1785239484010,true,1785239484049,FastAccept
1785239484061,false,1785239484107,FastAccept
1785239484113,false,1785239484176,SlowAccept
1785239484165,true,1785239484218,SlowAccept
1785239484219,true,1785239484307,LeaderAccept
1785239484275,true,1785239484328,LeaderAccept
1785239484331,true,1785239484377,FastAccept
1785239484389,true,1785239484453,SlowAccept
1785239484450,true,1785239484511,LeaderAccept
1785239484512,true,1785239484551,FastAccept
1785239484576,false,1785239484622,FastAccept
1785239484642,false,1785239484697,LeaderAccept
1785239484711,false,1785239484757,FastAccept
1785239484781,true,1785239484832,LeaderAccept
1785239484855,false,1785239484908,SlowAccept
1785239484931,false,1785239484970,FastAccept
1785239485010,false,1785239485070,LeaderAccept
1785239485092,false,1785239485131,FastAccept
1785239485178,false,1785239485217,FastAccept
1785239485268,false,1785239485314,FastAccept
1785239485361,false,1785239485400,FastAccept
1785239485458,true,1785239485504,FastAccept
1785239485560,true,1785239485599,FastAccept
1785239485667,true,1785239485719,SlowAccept
1785239485781,false,1785239485819,FastAccept
1785239485901,false,1785239485939,FastAccept
1785239486028,false,1785239486066,FastAccept
1785239486164,true,1785239486203,FastAccept
1785239486309,false,1785239486348,FastAccept
1785239486465,true,1785239486504,FastAccept
1785239486633,true,1785239486679,FastAccept
1785239486816,true,1785239486854,FastAccept
1785239487016,false,1785239487062,FastAccept
1785239487238,true,1785239487277,FastAccept
1785239487485,true,1785239487545,LeaderAccept
1785239487764,false,1785239487803,FastAccept
1785239488086,true,1785239488125,FastAccept
1785239488464,false,1785239488502,FastAccept
1785239488919,true,1785239488958,FastAccept
1785239489490,false,1785239489529,FastAccept
1785239490250,false,1785239490864,LeaderAccept
1785239491362,true,1785239491427,LeaderAccept
1785239493297,true,1785239493336,FastAccept
1785239498391,false,1785239498430,FastAccept
1785239525525,true,1785239525564,FastAccept
1785239525561,false,1785239525600,FastAccept
1785239525598,true,1785239525637,FastAccept
1785239525635,false,1785239525674,FastAccept
1785239525673,false,1785239525712,FastAccept
1785239525712,true,1785239525751,FastAccept
1785239525751,false,1785239525789,FastAccept
1785239525790,true,1785239525829,FastAccept
1785239525830,false,1785239525870,FastAccept
1785239525872,false,1785239525928,LeaderAccept
1785239525913,false,1785239525952,FastAccept
1785239525956,false,1785239525995,FastAccept
1785239526000,true,1785239526039,FastAccept
1785239526044,false,1785239526083,FastAccept
1785239526090,true,1785239526129,FastAccept
1785239526136,false,1785239526175,FastAccept
1785239526184,true,1785239526224,FastAccept
1785239526234,false,1785239526273,FastAccept
1785239526284,true,1785239526323,FastAccept
1785239526335,false,1785239526374,FastAccept
1785239526387,false,1785239526426,FastAccept
1785239526441,false,1785239526481,FastAccept
1785239526497,true,1785239526535,FastAccept
1785239526554,true,1785239526593,FastAccept
1785239526612,true,1785239526651,FastAccept
1785239526673,true,1785239526712,FastAccept
1785239526735,true,1785239526774,FastAccept
1785239526799,true,1785239526838,FastAccept
1785239526866,true,1785239526904,FastAccept
1785239526934,false,1785239526973,FastAccept
1785239527005,true,1785239527044,FastAccept
1785239527078,true,1785239527117,FastAccept
1785239527154,true,1785239527193,FastAccept
1785239527232,true,1785239527271,FastAccept
1785239527313,false,1785239527352,FastAccept
1785239527399,true,1785239527437,FastAccept
1785239527488,true,1785239527527,FastAccept
1785239527581,false,1785239527620,FastAccept
1785239527677,false,1785239527716,FastAccept
1785239527780,true,1785239527819,FastAccept
1785239527887,false,1785239527926,FastAccept
1785239528000,false,1785239528039,FastAccept
1785239528119,false,1785239528159,FastAccept
1785239528246,false,1785239528285,FastAccept
1785239528381,false,1785239528420,FastAccept
1785239528525,true,1785239528564,FastAccept
1785239528681,false,1785239528721,FastAccept
1785239528849,true,1785239528888,FastAccept
1785239529031,true,1785239529070,FastAccept
1785239529230,false,1785239529270,FastAccept
1785239529450,true,1785239529490,FastAccept
1785239529696,false,1785239529735,FastAccept
1785239529974,false,1785239530013,FastAccept
1785239530292,false,1785239530332,FastAccept
1785239530666,false,1785239530722,SlowAccept
1785239531116,true,1785239531155,FastAccept
1785239531680,false,1785239531726,FastAccept
1785239532426,true,1785239532472,FastAccept
1785239533509,true,1785239533594,LeaderAccept
1785239535368,true,1785239535428,LeaderAccept
1785239540079,true,1785239540119,FastAccept
1785239549414,true,1785239549468,SlowAccept
1785239549429,true,1785239549488,SlowAccept
1785239549446,true,1785239549497,LeaderAccept
1785239549461,true,1785239549526,LeaderAccept
1785239549478,false,1785239549546,LeaderAccept
1785239549495,false,1785239549546,LeaderAccept
1785239549512,true,1785239549601,LeaderAccept
1785239549529,false,1785239549596,SlowAccept
1785239549546,false,1785239549601,LeaderAccept
1785239549562,false,1785239549630,LeaderAccept
1785239549580,false,1785239549649,LeaderAccept
1785239549597,true,1785239549650,LeaderAccept
1785239549614,true,1785239549670,LeaderAccept
1785239549631,true,1785239549687,LeaderAccept
1785239549649,true,1785239549717,LeaderAccept
1785239549667,true,1785239549737,LeaderAccept
1785239549685,false,1785239549737,LeaderAccept
1785239549703,false,1785239549757,LeaderAccept
1785239549721,true,1785239549775,LeaderAccept
1785239549739,true,1785239549800,LeaderAccept
1785239549757,false,1785239549827,LeaderAccept
1785239549775,true,1785239549821,FastAccept
1785239549793,false,1785239549847,LeaderAccept
1785239549813,true,1785239549870,LeaderAccept
1785239549831,true,1785239549914,LeaderAccept
1785239549850,false,1785239549914,SlowAccept
1785239549869,true,1785239549916,FastAccept
1785239549889,false,1785239549944,LeaderAccept
1785239549908,true,1785239549967,LeaderAccept
1785239549928,false,1785239550013,LeaderAccept
1785239549948,true,1785239550013,SlowAccept
1785239549967,false,1785239550013,FastAccept
1785239549987,true,1785239550044,LeaderAccept
1785239550008,false,1785239550070,LeaderAccept
1785239550029,false,1785239550097,LeaderAccept
1785239550050,true,1785239550097,FastAccept
1785239550070,false,1785239550109,FastAccept
1785239550091,true,1785239550152,LeaderAccept
1785239550113,false,1785239550176,LeaderAccept
1785239550134,false,1785239550232,LeaderAccept
1785239550157,false,1785239550203,FastAccept
1785239550180,true,1785239550219,FastAccept
1785239550202,true,1785239550261,LeaderAccept
1785239550225,false,1785239550310,LeaderAccept
1785239550247,false,1785239550310,SlowAccept
1785239550271,true,1785239550328,LeaderAccept
1785239550294,false,1785239550353,LeaderAccept
1785239550318,false,1785239550385,LeaderAccept
1785239550342,false,1785239550458,LeaderAccept
1785239550367,true,1785239550413,FastAccept
1785239550392,false,1785239550438,FastAccept
1785239550417,true,1785239550477,LeaderAccept
1785239550441,false,1785239550505,LeaderAccept
1785239550466,false,1785239550534,LeaderAccept
1785239550493,true,1785239550583,LeaderAccept
1785239550518,false,1785239550583,SlowAccept
1785239550545,false,1785239550607,LeaderAccept
1785239550571,false,1785239550635,LeaderAccept
1785239550599,true,1785239550665,LeaderAccept
1785239550627,false,1785239550693,LeaderAccept
1785239550655,false,1785239550717,LeaderAccept
1785239550683,false,1785239550746,LeaderAccept
1785239550711,true,1785239550775,LeaderAccept
1785239550740,false,1785239550804,LeaderAccept
1785239550770,false,1785239550832,LeaderAccept
1785239550800,true,1785239550862,LeaderAccept
1785239550831,false,1785239550882,LeaderAccept
1785239550861,false,1785239550925,SlowAccept
1785239550893,true,1785239550957,LeaderAccept
1785239550924,true,1785239550985,LeaderAccept
1785239550956,true,1785239551006,LeaderAccept
1785239550988,true,1785239551054,LeaderAccept
1785239551022,false,1785239551074,LeaderAccept
1785239551056,false,1785239551094,FastAccept
1785239551089,true,1785239551127,FastAccept
1785239551124,true,1785239551175,LeaderAccept
1785239551158,false,1785239551229,LeaderAccept
1785239551194,true,1785239551250,LeaderAccept
1785239551230,true,1785239551269,FastAccept
1785239551268,false,1785239551306,FastAccept
1785239551306,false,1785239551361,LeaderAccept
1785239551345,true,1785239551410,SlowAccept
1785239551383,true,1785239551439,LeaderAccept
1785239551424,true,1785239551463,FastAccept
1785239551465,true,1785239551504,FastAccept
1785239551507,false,1785239551563,LeaderAccept
1785239551550,true,1785239551596,FastAccept
1785239551594,true,1785239551645,LeaderAccept
1785239551637,false,1785239551676,FastAccept
1785239551682,false,1785239551721,FastAccept
1785239551729,false,1785239551791,LeaderAccept
1785239551776,false,1785239551835,LeaderAccept
1785239551825,false,1785239551863,FastAccept
1785239551875,false,1785239551913,FastAccept
1785239551926,false,1785239551977,LeaderAccept
1785239551979,false,1785239552037,LeaderAccept
1785239552032,true,1785239552078,FastAccept
1785239552087,false,1785239552126,FastAccept
1785239552144,false,1785239552183,FastAccept
1785239552202,false,1785239552241,FastAccept
1785239552262,true,1785239552314,LeaderAccept
1785239552318,false,1785239552357,FastAccept
1785239552348,true,1785239552415,LeaderAccept
1785239552378,true,1785239552444,LeaderAccept
1785239552409,false,1785239552486,LeaderAccept
1785239552439,true,1785239552502,LeaderAccept
1785239552471,false,1785239552523,LeaderAccept
1785239552502,true,1785239552699,FastAccept
1785239552534,false,1785239552699,FastAccept
1785239552567,false,1785239552701,FastAccept
1785239552600,false,1785239552730,LeaderAccept
1785239552633,false,1785239552730,FastAccept
1785239552668,true,1785239552730,FastAccept
1785239552702,false,1785239552749,FastAccept
1785239552737,true,1785239552805,LeaderAccept
1785239552774,true,1785239552857,LeaderAccept
1785239552811,true,1785239552880,LeaderAccept
1785239552848,true,1785239552902,LeaderAccept
1785239552885,false,1785239552931,FastAccept
1785239552924,true,1785239552982,LeaderAccept
1785239552964,true,1785239553003,FastAccept
1785239553003,false,1785239553077,LeaderAccept
1785239553044,true,1785239553099,LeaderAccept
1785239553086,false,1785239553125,FastAccept
1785239553128,false,1785239553167,FastAccept
1785239553172,true,1785239553210,FastAccept
1785239553216,false,1785239553255,FastAccept
1785239553261,true,1785239553300,FastAccept
1785239553308,true,1785239553366,LeaderAccept
1785239553355,true,1785239553401,FastAccept
1785239553404,true,1785239553443,FastAccept
1785239553454,false,1785239553493,FastAccept
1785239553504,true,1785239553566,LeaderAccept
1785239553557,true,1785239553596,FastAccept
1785239553611,true,1785239553650,FastAccept
1785239553666,true,1785239553706,FastAccept
1785239553723,false,1785239553762,FastAccept
1785239553781,true,1785239553820,FastAccept
1785239553841,true,1785239553879,FastAccept
1785239553902,false,1785239553941,FastAccept
1785239553966,false,1785239554012,FastAccept
1785239554031,true,1785239554070,FastAccept
1785239554099,false,1785239554137,FastAccept
1785239554169,false,1785239554208,FastAccept
1785239554241,true,1785239554280,FastAccept
1785239554316,true,1785239554355,FastAccept
1785239554394,true,1785239554433,FastAccept
1785239554475,true,1785239554514,FastAccept
1785239554559,false,1785239554598,FastAccept
1785239554646,true,1785239554686,FastAccept
1785239554738,true,1785239554777,FastAccept
1785239554834,false,1785239554887,LeaderAccept
1785239554935,false,1785239554975,FastAccept
1785239555041,false,1785239555080,FastAccept
1785239555151,true,1785239555190,FastAccept
1785239555269,true,1785239555308,FastAccept
1785239555393,true,1785239555432,FastAccept
1785239555526,true,1785239555595,LeaderAccept
1785239555667,false,1785239555730,LeaderAccept
1785239555818,true,1785239555874,SlowAccept
1785239555982,true,1785239556021,FastAccept
1785239556159,true,1785239556219,LeaderAccept
1785239556353,true,1785239556406,LeaderAccept
1785239556567,false,1785239556605,FastAccept
1785239556804,false,1785239556843,FastAccept
1785239557070,true,1785239557121,SlowAccept
1785239557375,true,1785239557432,LeaderAccept
1785239557729,true,1785239557768,FastAccept
1785239558152,false,1785239558191,FastAccept
1785239558675,false,1785239558721,FastAccept
1785239559353,false,1785239559414,LeaderAccept
1785239560306,true,1785239560357,LeaderAccept
1785239561837,true,1785239561894,LeaderAccept
1785239565129,true,1785239565168,FastAccept
1785239582203,false,1785239582249,FastAccept
1785239588502,false,1785239588541,FastAccept
1785239588520,false,1785239588611,LeaderAccept
1785239588540,false,1785239588585,FastAccept
1785239588558,true,1785239588611,LeaderAccept
1785239588578,true,1785239588639,LeaderAccept
1785239588598,true,1785239588678,LeaderAccept
1785239588618,false,1785239588678,LeaderAccept
1785239588638,true,1785239588697,LeaderAccept
1785239588659,true,1785239588725,LeaderAccept
1785239588678,true,1785239588725,FastAccept
1785239588699,true,1785239588738,FastAccept
1785239588720,true,1785239588801,LeaderAccept
1785239588741,true,1785239588842,SlowAccept
1785239588762,false,1785239588842,LeaderAccept
1785239588783,true,1785239588887,LeaderAccept
1785239588805,false,1785239588911,LeaderAccept
1785239588827,false,1785239588887,SlowAccept
1785239588849,false,1785239588911,SlowAccept
1785239588871,false,1785239588931,SlowAccept
1785239588894,true,1785239588960,SlowAccept
1785239588916,false,1785239588962,FastAccept
1785239588939,true,1785239588981,LeaderAccept
1785239588962,true,1785239589004,LeaderAccept
1785239588986,false,1785239589027,LeaderAccept
1785239589010,false,1785239589052,LeaderAccept
1785239589034,true,1785239589085,LeaderAccept
1785239589058,true,1785239589100,LeaderAccept
1785239589083,true,1785239589124,LeaderAccept
1785239589107,true,1785239589172,LeaderAccept
1785239589132,false,1785239589174,LeaderAccept
1785239589158,true,1785239589209,LeaderAccept
1785239589184,true,1785239589226,LeaderAccept
1785239589209,false,1785239589251,LeaderAccept
1785239589236,false,1785239589286,LeaderAccept
1785239589263,false,1785239589314,LeaderAccept
1785239589290,false,1785239589342,LeaderAccept
1785239589318,false,1785239589360,LeaderAccept
1785239589345,false,1785239589387,LeaderAccept
1785239589373,false,1785239589436,LeaderAccept
1785239589401,false,1785239589443,LeaderAccept
1785239589431,false,1785239589477,LeaderAccept
1785239589460,false,1785239589501,LeaderAccept
1785239589490,false,1785239589532,LeaderAccept
1785239589520,true,1785239589561,LeaderAccept
1785239589551,true,1785239589592,LeaderAccept
1785239589582,false,1785239589633,LeaderAccept
1785239589614,false,1785239589656,LeaderAccept
1785239589646,true,1785239589688,LeaderAccept
1785239589679,true,1785239589720,LeaderAccept
1785239589712,true,1785239589753,LeaderAccept
1785239589745,false,1785239589788,LeaderAccept
1785239589780,false,1785239589821,LeaderAccept
1785239589815,false,1785239589902,LeaderAccept
1785239589849,false,1785239589902,LeaderAccept
1785239589886,false,1785239589936,LeaderAccept
1785239589923,false,1785239589966,LeaderAccept
1785239589959,false,1785239590001,LeaderAccept
1785239589997,false,1785239590038,LeaderAccept
1785239590036,true,1785239590077,LeaderAccept
1785239590076,false,1785239590118,LeaderAccept
1785239590116,false,1785239590167,LeaderAccept
1785239590157,false,1785239590216,LeaderAccept
1785239590199,true,1785239590241,LeaderAccept
1785239590242,true,1785239590283,LeaderAccept
1785239590285,false,1785239590335,LeaderAccept
1785239590329,false,1785239590379,LeaderAccept
1785239590374,false,1785239590425,LeaderAccept
1785239590421,true,1785239590485,LeaderAccept
1785239590468,false,1785239590510,LeaderAccept
1785239590517,false,1785239590559,LeaderAccept
1785239590567,false,1785239590613,FastAccept
1785239590618,false,1785239590657,FastAccept
1785239590669,true,1785239590726,LeaderAccept
1785239590723,false,1785239590766,LeaderAccept
1785239590778,false,1785239590838,LeaderAccept
1785239590834,false,1785239590889,SlowAccept
1785239590893,false,1785239590932,FastAccept
1785239590953,true,1785239590992,FastAccept
1785239591014,true,1785239591053,FastAccept
1785239591078,true,1785239591117,FastAccept
1785239591144,true,1785239591190,FastAccept
1785239591212,true,1785239591269,LeaderAccept
1785239591282,false,1785239591320,FastAccept
1785239591354,true,1785239591400,FastAccept
1785239591429,true,1785239591483,LeaderAccept
1785239591506,true,1785239591566,LeaderAccept
1785239591586,true,1785239591638,SlowAccept
1785239591670,true,1785239591709,FastAccept
1785239591758,true,1785239591846,LeaderAccept
1785239591849,false,1785239591888,FastAccept
1785239591945,true,1785239591991,FastAccept
1785239592045,false,1785239592083,FastAccept
1785239592150,false,1785239592189,FastAccept
1785239592261,true,1785239592300,FastAccept
1785239592377,true,1785239592417,FastAccept
1785239592502,false,1785239592562,SlowAccept
1785239592634,false,1785239592693,LeaderAccept
1785239592774,true,1785239592834,LeaderAccept
1785239592926,true,1785239592965,FastAccept
1785239593089,true,1785239593128,FastAccept
1785239593266,false,1785239593305,FastAccept
1785239593458,true,1785239593497,FastAccept
1785239593671,true,1785239593710,FastAccept
1785239593906,false,1785239593945,FastAccept
1785239594170,true,1785239594209,FastAccept
1785239594473,false,1785239594533,LeaderAccept
1785239594824,true,1785239594863,FastAccept
1785239595242,true,1785239595293,LeaderAccept
1785239595757,true,1785239595796,FastAccept
1785239596424,false,1785239596462,FastAccept
1785239597353,false,1785239597392,FastAccept
1785239598833,true,1785239598884,LeaderAccept
1785239601929,false,1785239601968,FastAccept
1785239616492,true,1785239616531,FastAccept
1785239621935,true,1785239621995,SlowAccept
1785239621951,false,1785239621995,FastAccept
1785239621966,true,1785239622031,LeaderAccept
1785239621981,false,1785239622021,FastAccept
1785239621996,true,1785239622114,LeaderAccept
1785239622012,true,1785239622058,FastAccept
1785239622028,false,1785239622092,SlowAccept
1785239622044,false,1785239622106,SlowAccept
1785239622060,false,1785239622128,LeaderAccept
1785239622076,true,1785239622143,LeaderAccept
1785239622091,false,1785239622157,LeaderAccept
1785239622108,true,1785239622172,LeaderAccept
1785239622124,false,1785239622185,LeaderAccept
1785239622140,true,1785239622193,LeaderAccept
1785239622156,false,1785239622214,LeaderAccept
1785239622172,false,1785239622242,LeaderAccept
1785239622189,false,1785239622227,FastAccept
1785239622206,true,1785239622302,LeaderAccept
1785239622223,true,1785239622269,FastAccept
1785239622241,false,1785239622302,SlowAccept
1785239622257,false,1785239622326,LeaderAccept
1785239622274,false,1785239622331,LeaderAccept
1785239622292,false,1785239622383,LeaderAccept
1785239622310,false,1785239622375,SlowAccept
1785239622328,true,1785239622375,FastAccept
1785239622346,true,1785239622412,LeaderAccept
1785239622363,true,1785239622430,LeaderAccept
1785239622381,true,1785239622432,LeaderAccept
1785239622400,true,1785239622458,LeaderAccept
1785239622419,false,1785239622513,LeaderAccept
1785239622438,false,1785239622483,FastAccept
1785239622457,true,1785239622513,LeaderAccept
1785239622476,true,1785239622569,LeaderAccept
1785239622496,true,1785239622541,FastAccept
1785239622515,true,1785239622553,FastAccept
1785239622535,true,1785239622626,LeaderAccept
1785239622555,false,1785239622619,SlowAccept
1785239622574,false,1785239622619,FastAccept
1785239622595,true,1785239622649,LeaderAccept
1785239622615,false,1785239622677,LeaderAccept
1785239622636,false,1785239622731,LeaderAccept
1785239622657,true,1785239622703,FastAccept
1785239622678,false,1785239622717,FastAccept
1785239622699,false,1785239622759,LeaderAccept
1785239622721,false,1785239622802,LeaderAccept
1785239622742,true,1785239622802,LeaderAccept
1785239622765,false,1785239622806,LeaderAccept
1785239622787,true,1785239622828,LeaderAccept
1785239622809,true,1785239622850,LeaderAccept
1785239622831,false,1785239622873,LeaderAccept
1785239622853,true,1785239622894,LeaderAccept
1785239622877,false,1785239622927,LeaderAccept
1785239622900,true,1785239622941,LeaderAccept
1785239622924,true,1785239622965,LeaderAccept
1785239622947,true,1785239622989,LeaderAccept
1785239622972,true,1785239623013,LeaderAccept
1785239622997,false,1785239623037,LeaderAccept
1785239623022,true,1785239623071,LeaderAccept
1785239623046,false,1785239623088,LeaderAccept
1785239623072,false,1785239623113,LeaderAccept
1785239623098,true,1785239623140,LeaderAccept
1785239623124,true,1785239623166,LeaderAccept
1785239623150,true,1785239623192,LeaderAccept
1785239623177,true,1785239623216,FastAccept
1785239623204,false,1785239623265,SlowAccept
1785239623231,false,1785239623294,SlowAccept
1785239623258,true,1785239623322,SlowAccept
1785239623287,true,1785239623352,SlowAccept
1785239623315,false,1785239623380,SlowAccept
1785239623344,false,1785239623408,SlowAccept
1785239623373,true,1785239623438,SlowAccept
1785239623402,false,1785239623463,LeaderAccept
1785239623433,true,1785239623484,LeaderAccept
1785239623463,false,1785239623505,LeaderAccept
1785239623494,false,1785239623533,FastAccept
1785239623526,false,1785239623566,FastAccept
1785239623558,false,1785239623597,FastAccept
1785239623590,true,1785239623657,LeaderAccept
1785239623623,false,1785239623685,LeaderAccept
1785239623655,false,1785239623706,LeaderAccept
1785239623688,true,1785239623727,FastAccept
1785239623723,true,1785239623761,FastAccept
1785239623758,false,1785239623796,FastAccept
1785239623793,true,1785239623831,FastAccept
1785239623829,true,1785239623867,FastAccept
1785239623866,false,1785239623905,FastAccept
1785239623903,false,1785239623942,FastAccept
1785239623942,true,1785239623981,FastAccept
1785239623980,false,1785239624020,FastAccept
1785239624020,true,1785239624058,FastAccept
1785239624059,true,1785239624119,LeaderAccept
1785239624101,true,1785239624140,FastAccept
1785239624143,true,1785239624181,FastAccept
1785239624186,false,1785239624224,FastAccept
1785239624229,true,1785239624286,LeaderAccept
1785239624274,true,1785239624334,LeaderAccept
1785239624320,false,1785239624400,LeaderAccept
1785239624367,false,1785239624429,LeaderAccept
1785239624414,false,1785239624467,LeaderAccept
1785239624463,false,1785239624517,LeaderAccept
1785239624513,false,1785239624571,LeaderAccept
1785239624565,true,1785239624628,SlowAccept
1785239624617,true,1785239624663,FastAccept
1785239624670,false,1785239624722,LeaderAccept
1785239624726,true,1785239624779,LeaderAccept
1785239624783,false,1785239624825,LeaderAccept
1785239624842,true,1785239624883,LeaderAccept
1785239624901,false,1785239624943,LeaderAccept
1785239624963,false,1785239625004,LeaderAccept
1785239625027,true,1785239625094,LeaderAccept
1785239625093,false,1785239625135,LeaderAccept
1785239625161,false,1785239625203,LeaderAccept
1785239625232,false,1785239625273,LeaderAccept
1785239625304,true,1785239625345,LeaderAccept
1785239625380,false,1785239625420,LeaderAccept
1785239625457,true,1785239625499,LeaderAccept
1785239625539,false,1785239625580,LeaderAccept
1785239625623,false,1785239625664,LeaderAccept
1785239625712,false,1785239625772,LeaderAccept
1785239625804,true,1785239625869,SlowAccept
1785239625901,false,1785239625940,FastAccept
1785239626003,true,1785239626042,FastAccept
1785239626110,true,1785239626148,FastAccept
1785239626221,true,1785239626273,LeaderAccept
1785239626339,true,1785239626399,LeaderAccept
1785239626465,false,1785239626531,SlowAccept
1785239626599,false,1785239626638,FastAccept
1785239626741,false,1785239626780,FastAccept
1785239626895,true,1785239626933,FastAccept
1785239627060,true,1785239627100,FastAccept
1785239627239,false,1785239627295,LeaderAccept
1785239627436,true,1785239627482,FastAccept
1785239627653,true,1785239627692,FastAccept
1785239627895,false,1785239627958,SlowAccept
1785239628167,false,1785239628206,FastAccept
1785239628478,false,1785239628517,FastAccept
1785239628843,false,1785239628904,LeaderAccept
1785239629280,true,1785239629319,FastAccept
1785239629823,false,1785239629862,FastAccept
1785239630535,false,1785239630573,FastAccept
1785239631551,true,1785239631590,FastAccept
1785239633239,false,1785239633278,FastAccept
1785239637165,true,1785239637204,FastAccept
1785239665100,true,1785239665161,LeaderAccept
