request_time,write,response_time,accept_status
1785413162438,true,1785413162512,FastAccept
1785413162514,false,1785413162587,FastAccept
1785413162591,false,1785413162684,LeaderAccept
1785413162672,false,1785413162764,LeaderAccept
1785413162756,true,1785413162848,LeaderAccept
1785413162845,true,1785413162937,LeaderAccept
1785413162936,false,1785413163028,LeaderAccept
1785413163032,true,1785413163124,LeaderAccept
1785413163133,true,1785413163226,LeaderAccept
1785413163240,true,1785413163332,LeaderAccept
1785413163351,true,1785413163443,LeaderAccept
1785413163469,true,1785413163561,LeaderAccept
1785413163594,false,1785413163686,LeaderAccept
1785413163727,true,1785413163820,LeaderAccept
1785413163869,false,1785413163960,LeaderAccept
1785413164022,false,1785413164113,LeaderAccept
1785413164187,true,1785413164279,LeaderAccept
1785413164365,false,1785413164456,LeaderAccept
1785413164561,true,1785413164653,LeaderAccept
1785413164776,true,1785413164868,LeaderAccept
1785413165015,true,1785413165107,LeaderAccept
1785413165285,false,1785413165377,LeaderAccept
1785413165595,true,1785413165686,LeaderAccept
1785413165955,false,1785413166047,LeaderAccept
1785413166387,false,1785413166479,LeaderAccept
1785413166922,false,1785413167013,LeaderAccept
1785413167619,false,1785413167711,LeaderAccept
1785413168608,false,1785413168700,LeaderAccept
1785413170229,false,1785413170321,LeaderAccept
1785413173874,false,1785413173965,LeaderAccept
1785413189205,false,1785413189279,FastAccept
1785413189230,false,1785413189304,FastAccept
1785413189255,false,1785413189329,FastAccept
1785413189281,true,1785413189355,FastAccept
1785413189307,true,1785413189381,FastAccept
1785413189335,true,1785413189409,FastAccept
1785413189361,false,1785413189457,LeaderAccept
1785413189389,false,1785413189484,LeaderAccept
1785413189416,false,1785413189508,LeaderAccept
1785413189444,false,1785413189536,LeaderAccept
1785413189474,true,1785413189565,LeaderAccept
1785413189502,true,1785413189594,LeaderAccept
1785413189532,true,1785413189624,LeaderAccept
1785413189562,false,1785413189654,LeaderAccept
1785413189593,false,1785413189685,LeaderAccept
1785413189623,true,1785413189715,LeaderAccept
1785413189655,true,1785413189747,LeaderAccept
1785413189686,true,1785413189777,LeaderAccept
1785413189719,true,1785413189810,LeaderAccept
1785413189751,true,1785413189843,LeaderAccept
1785413189785,true,1785413189876,LeaderAccept
1785413189819,true,1785413189911,LeaderAccept
1785413189853,true,1785413189946,LeaderAccept
1785413189888,true,1785413189980,LeaderAccept
1785413189923,true,1785413190016,LeaderAccept
1785413189960,false,1785413190052,LeaderAccept
1785413189997,true,1785413190089,LeaderAccept
1785413190035,false,1785413190126,LeaderAccept
1785413190073,false,1785413190165,LeaderAccept
1785413190112,false,1785413190204,LeaderAccept
1785413190152,false,1785413190243,LeaderAccept
1785413190193,true,1785413190285,LeaderAccept
1785413190233,false,1785413190325,LeaderAccept
1785413190276,true,1785413190367,LeaderAccept
1785413190318,true,1785413190410,LeaderAccept
1785413190362,false,1785413190454,LeaderAccept
1785413190407,true,1785413190498,LeaderAccept
1785413190452,true,1785413190544,LeaderAccept
1785413190498,false,1785413190590,LeaderAccept
1785413190546,true,1785413190638,LeaderAccept
1785413190595,true,1785413190687,LeaderAccept
1785413190646,false,1785413190738,LeaderAccept
1785413190697,true,1785413190789,LeaderAccept
1785413190749,true,1785413190841,LeaderAccept
1785413190803,false,1785413190895,LeaderAccept
1785413190858,true,1785413190950,LeaderAccept
1785413190915,true,1785413191007,LeaderAccept
1785413190973,false,1785413191065,LeaderAccept
1785413191033,false,1785413191125,LeaderAccept
1785413191096,false,1785413191187,LeaderAccept
1785413191159,true,1785413191251,LeaderAccept
1785413191226,true,1785413191317,LeaderAccept
1785413191293,true,1785413191386,LeaderAccept
1785413191364,false,1785413191456,LeaderAccept
1785413191436,true,1785413191528,LeaderAccept
1785413191511,false,1785413191603,LeaderAccept
1785413191589,false,1785413191681,LeaderAccept
1785413191671,false,1785413191763,LeaderAccept
1785413191756,false,1785413191848,LeaderAccept
1785413191844,true,1785413191936,LeaderAccept
1785413191936,true,1785413192028,LeaderAccept
1785413192032,false,1785413192124,LeaderAccept
1785413192133,true,1785413192225,LeaderAccept
1785413192239,true,1785413192332,LeaderAccept
1785413192351,false,1785413192443,LeaderAccept
1785413192469,true,1785413192561,LeaderAccept
1785413192595,false,1785413192687,LeaderAccept
1785413192728,true,1785413192820,LeaderAccept
1785413192872,false,1785413192963,LeaderAccept
1785413193026,true,1785413193118,LeaderAccept
1785413193191,true,1785413193283,LeaderAccept
1785413193370,true,1785413193462,LeaderAccept
1785413193568,false,1785413193660,LeaderAccept
1785413193784,true,1785413193876,LeaderAccept
1785413194026,true,1785413194118,LeaderAccept
1785413194297,true,1785413194389,LeaderAccept
1785413194609,true,1785413194701,LeaderAccept
1785413194973,true,1785413195065,LeaderAccept
1785413195409,false,1785413195501,LeaderAccept
1785413195952,false,1785413196044,LeaderAccept
1785413196662,true,1785413196754,LeaderAccept
1785413197676,false,1785413197769,LeaderAccept
1785413199359,false,1785413199451,LeaderAccept
1785413203260,true,1785413203352,LeaderAccept
1785413216080,true,1785413216172,LeaderAccept
1785413216098,false,1785413216190,LeaderAccept
1785413216115,false,1785413216207,LeaderAccept
1785413216133,true,1785413216225,LeaderAccept
1785413216151,true,1785413216243,LeaderAccept
1785413216169,true,1785413216261,LeaderAccept
1785413216188,false,1785413216280,LeaderAccept
1785413216207,false,1785413216298,LeaderAccept
1785413216225,false,1785413216318,LeaderAccept
1785413216244,true,1785413216336,LeaderAccept
1785413216264,true,1785413216355,LeaderAccept
1785413216283,false,1785413216374,LeaderAccept
1785413216303,false,1785413216395,LeaderAccept
1785413216323,false,1785413216415,LeaderAccept
1785413216343,true,1785413216434,LeaderAccept
1785413216363,true,1785413216455,LeaderAccept
1785413216384,false,1785413216475,LeaderAccept
1785413216404,true,1785413216496,LeaderAccept
1785413216425,false,1785413216517,LeaderAccept
1785413216446,true,1785413216537,LeaderAccept
1785413216467,false,1785413216558,LeaderAccept
1785413216487,true,1785413216579,LeaderAccept
1785413216509,false,1785413216600,LeaderAccept
1785413216530,false,1785413216622,LeaderAccept
1785413216553,true,1785413216644,LeaderAccept
1785413216574,true,1785413216666,LeaderAccept
1785413216596,true,1785413216688,LeaderAccept
1785413216620,true,1785413216711,LeaderAccept
1785413216642,false,1785413216734,LeaderAccept
1785413216665,true,1785413216757,LeaderAccept
1785413216688,false,1785413216780,LeaderAccept
1785413216711,true,1785413216803,LeaderAccept
1785413216735,true,1785413216826,LeaderAccept
1785413216759,true,1785413216850,LeaderAccept
1785413216783,true,1785413216874,LeaderAccept
1785413216807,false,1785413216899,LeaderAccept
1785413216832,false,1785413216924,LeaderAccept
1785413216858,true,1785413216949,LeaderAccept
1785413216883,false,1785413216975,LeaderAccept
1785413216909,true,1785413217001,LeaderAccept
1785413216935,true,1785413217027,LeaderAccept
1785413216961,true,1785413217053,LeaderAccept
1785413216988,false,1785413217080,LeaderAccept
1785413217015,false,1785413217106,LeaderAccept
1785413217042,true,1785413217133,LeaderAccept
1785413217069,true,1785413217161,LeaderAccept
1785413217097,true,1785413217188,LeaderAccept
1785413217126,false,1785413217217,LeaderAccept
1785413217155,true,1785413217246,LeaderAccept
1785413217185,false,1785413217277,LeaderAccept
1785413217214,false,1785413217307,LeaderAccept
1785413217245,false,1785413217336,LeaderAccept
1785413217276,true,1785413217368,LeaderAccept
1785413217306,true,1785413217398,LeaderAccept
1785413217339,false,1785413217431,LeaderAccept
1785413217370,false,1785413217461,LeaderAccept
1785413217402,true,1785413217494,LeaderAccept
1785413217436,false,1785413217528,LeaderAccept
1785413217470,true,1785413217561,LeaderAccept
1785413217505,true,1785413217597,LeaderAccept
1785413217539,false,1785413217631,LeaderAccept
1785413217575,true,1785413217667,LeaderAccept
1785413217610,false,1785413217702,LeaderAccept
1785413217647,true,1785413217739,LeaderAccept
1785413217683,false,1785413217775,LeaderAccept
1785413217721,false,1785413217813,LeaderAccept
1785413217760,true,1785413217852,LeaderAccept
1785413217799,false,1785413217892,LeaderAccept
1785413217840,true,1785413217932,LeaderAccept
1785413217880,true,1785413217973,LeaderAccept
1785413217922,false,1785413218014,LeaderAccept
1785413217964,true,1785413218055,LeaderAccept
1785413218007,true,1785413218099,LeaderAccept
1785413218051,false,1785413218143,LeaderAccept
1785413218097,true,1785413218188,LeaderAccept
1785413218143,false,1785413218235,LeaderAccept
1785413218190,false,1785413218282,LeaderAccept
1785413218239,true,1785413218331,LeaderAccept
1785413218289,false,1785413218381,LeaderAccept
1785413218339,false,1785413218431,LeaderAccept
1785413218391,true,1785413218483,LeaderAccept
1785413218445,true,1785413218536,LeaderAccept
1785413218499,false,1785413218592,LeaderAccept
1785413218556,true,1785413218647,LeaderAccept
1785413218614,true,1785413218705,LeaderAccept
1785413218674,true,1785413218765,LeaderAccept
1785413218736,true,1785413218828,LeaderAccept
1785413218800,false,1785413218892,LeaderAccept
1785413218865,false,1785413218956,LeaderAccept
1785413218933,true,1785413219024,LeaderAccept
1785413219003,true,1785413219095,LeaderAccept
1785413219075,true,1785413219167,LeaderAccept
1785413219149,false,1785413219242,LeaderAccept
1785413219227,true,1785413219320,LeaderAccept
1785413219307,false,1785413219399,LeaderAccept
1785413219391,false,1785413219483,LeaderAccept
1785413219479,false,1785413219571,LeaderAccept
1785413219570,false,1785413219663,LeaderAccept
1785413219666,false,1785413219758,LeaderAccept
1785413219766,true,1785413219858,LeaderAccept
1785413219872,false,1785413219964,LeaderAccept
1785413219983,false,1785413220075,LeaderAccept
1785413220099,false,1785413220191,LeaderAccept
1785413220223,true,1785413220315,LeaderAccept
1785413220356,false,1785413220448,LeaderAccept
1785413220496,false,1785413220588,LeaderAccept
1785413220648,true,1785413220739,LeaderAccept
1785413220811,false,1785413220903,LeaderAccept
1785413220987,true,1785413221079,LeaderAccept
1785413221181,true,1785413221272,LeaderAccept
1785413221394,false,1785413221486,LeaderAccept
1785413221631,true,1785413221723,LeaderAccept
1785413221896,true,1785413221988,LeaderAccept
1785413222200,false,1785413222292,LeaderAccept
1785413222552,false,1785413222644,LeaderAccept
1785413222973,false,1785413223065,LeaderAccept
1785413223492,true,1785413223584,LeaderAccept
1785413224163,false,1785413224255,LeaderAccept
1785413225102,false,1785413225176,FastAccept
1785413226604,false,1785413226678,FastAccept
1785413229785,true,1785413229877,LeaderAccept
1785413240681,true,1785413240756,FastAccept
1785413240700,true,1785413240774,FastAccept
1785413240717,false,1785413240792,FastAccept
1785413240736,true,1785413240810,FastAccept
1785413240753,false,1785413240828,FastAccept
1785413240772,true,1785413240846,FastAccept
1785413240791,true,1785413240865,FastAccept
1785413240809,false,1785413240884,FastAccept
1785413240827,false,1785413240902,FastAccept
1785413240846,false,1785413240921,FastAccept
1785413240865,false,1785413240940,FastAccept
1785413240885,true,1785413240960,FastAccept
1785413240904,false,1785413240979,FastAccept
1785413240923,true,1785413240998,FastAccept
1785413240943,false,1785413241017,FastAccept
1785413240962,true,1785413241191,SlowAccept
1785413240981,true,1785413241191,FastAccept
1785413241001,true,1785413241191,FastAccept
1785413241021,false,1785413241191,FastAccept
1785413241043,true,1785413241272,SlowAccept
1785413241063,true,1785413241272,FastAccept
1785413241085,false,1785413241272,FastAccept
1785413241106,true,1785413241272,LeaderAccept
1785413241127,true,1785413241272,LeaderAccept
1785413241148,true,1785413241272,LeaderAccept
1785413241171,true,1785413241272,LeaderAccept
1785413241193,false,1785413241284,LeaderAccept
1785413241215,false,1785413241307,LeaderAccept
1785413241237,false,1785413241329,LeaderAccept
1785413241261,false,1785413241353,LeaderAccept
1785413241283,false,1785413241375,LeaderAccept
1785413241306,true,1785413241398,LeaderAccept
1785413241330,true,1785413241422,LeaderAccept
1785413241354,false,1785413241447,LeaderAccept
1785413241378,false,1785413241470,LeaderAccept
1785413241402,false,1785413241495,LeaderAccept
1785413241427,true,1785413241520,LeaderAccept
1785413241453,true,1785413241545,LeaderAccept
1785413241478,false,1785413241570,LeaderAccept
1785413241503,false,1785413241595,LeaderAccept
1785413241529,false,1785413241620,LeaderAccept
1785413241554,true,1785413241646,LeaderAccept
1785413241580,true,1785413241672,LeaderAccept
1785413241607,true,1785413241699,LeaderAccept
1785413241635,false,1785413241726,LeaderAccept
1785413241663,true,1785413241754,LeaderAccept
1785413241690,true,1785413241783,LeaderAccept
1785413241718,true,1785413241811,LeaderAccept
1785413241748,false,1785413241841,LeaderAccept
1785413241776,false,1785413241868,LeaderAccept
1785413241805,true,1785413241897,LeaderAccept
1785413241834,false,1785413241926,LeaderAccept
1785413241864,true,1785413241956,LeaderAccept
1785413241894,true,1785413241986,LeaderAccept
1785413241925,true,1785413242017,LeaderAccept
1785413241956,false,1785413242047,LeaderAccept
1785413241987,false,1785413242078,LeaderAccept
1785413242019,true,1785413242111,LeaderAccept
1785413242053,true,1785413242144,LeaderAccept
1785413242087,false,1785413242179,LeaderAccept
1785413242120,false,1785413242211,LeaderAccept
1785413242154,true,1785413242247,LeaderAccept
1785413242190,true,1785413242281,LeaderAccept
1785413242226,false,1785413242318,LeaderAccept
1785413242263,true,1785413242355,LeaderAccept
1785413242300,false,1785413242392,LeaderAccept
1785413242337,true,1785413242429,LeaderAccept
1785413242375,true,1785413242467,LeaderAccept
1785413242414,true,1785413242506,LeaderAccept
1785413242453,false,1785413242545,LeaderAccept
1785413242494,false,1785413242586,LeaderAccept
1785413242535,true,1785413242627,LeaderAccept
1785413242577,false,1785413242669,LeaderAccept
1785413242620,false,1785413242712,LeaderAccept
1785413242664,true,1785413242756,LeaderAccept
1785413242710,false,1785413242802,LeaderAccept
1785413242755,false,1785413242847,LeaderAccept
1785413242802,false,1785413242894,LeaderAccept
1785413242851,true,1785413242943,LeaderAccept
1785413242900,false,1785413242992,LeaderAccept
1785413242951,false,1785413243043,LeaderAccept
1785413243003,true,1785413243095,LeaderAccept
1785413243055,false,1785413243146,LeaderAccept
1785413243110,false,1785413243202,LeaderAccept
1785413243166,true,1785413243257,LeaderAccept
1785413243223,true,1785413243315,LeaderAccept
1785413243283,true,1785413243375,LeaderAccept
1785413243343,false,1785413243434,LeaderAccept
1785413243407,true,1785413243498,LeaderAccept
1785413243472,false,1785413243563,LeaderAccept
1785413243538,true,1785413243630,LeaderAccept
1785413243608,true,1785413243700,LeaderAccept
1785413243679,false,1785413243771,LeaderAccept
1785413243753,false,1785413243844,LeaderAccept
1785413243830,true,1785413243921,LeaderAccept
1785413243910,false,1785413244002,LeaderAccept
1785413243993,false,1785413244085,LeaderAccept
1785413244079,true,1785413244170,LeaderAccept
1785413244169,false,1785413244261,LeaderAccept
1785413244264,true,1785413244355,LeaderAccept
1785413244362,false,1785413244454,LeaderAccept
1785413244467,false,1785413244558,LeaderAccept
1785413244575,false,1785413244667,LeaderAccept
1785413244690,true,1785413244782,LeaderAccept
1785413244812,false,1785413244904,LeaderAccept
1785413244941,false,1785413245033,LeaderAccept
1785413245079,true,1785413245171,LeaderAccept
1785413245227,false,1785413245320,LeaderAccept
1785413245387,true,1785413245479,LeaderAccept
1785413245559,false,1785413245651,LeaderAccept
1785413245746,true,1785413245838,LeaderAccept
1785413245952,true,1785413246044,LeaderAccept
1785413246180,true,1785413246272,LeaderAccept
1785413246435,false,1785413246527,LeaderAccept
1785413246726,false,1785413246818,LeaderAccept
1785413247061,false,1785413247152,LeaderAccept
1785413247457,true,1785413247549,LeaderAccept
1785413247940,false,1785413248032,LeaderAccept
1785413248554,false,1785413248645,LeaderAccept
1785413249387,false,1785413249479,LeaderAccept
1785413250651,true,1785413250744,LeaderAccept
1785413253028,false,1785413253120,LeaderAccept
1785413256432,false,1785413256524,LeaderAccept
1785413256447,true,1785413256539,LeaderAccept
1785413256464,true,1785413256555,LeaderAccept
1785413256479,true,1785413256571,LeaderAccept
1785413256494,false,1785413256587,LeaderAccept
1785413256511,false,1785413256602,LeaderAccept
1785413256526,false,1785413256617,LeaderAccept
1785413256542,false,1785413256633,LeaderAccept
1785413256559,false,1785413256650,LeaderAccept
1785413256574,true,1785413256665,LeaderAccept
1785413256590,false,1785413256681,LeaderAccept
1785413256606,false,1785413256698,LeaderAccept
1785413256624,false,1785413256715,LeaderAccept
1785413256640,true,1785413256732,LeaderAccept
1785413256657,true,1785413256749,LeaderAccept
1785413256674,true,1785413256766,LeaderAccept
1785413256691,true,1785413256783,LeaderAccept
1785413256708,false,1785413256800,LeaderAccept
1785413256725,true,1785413256816,LeaderAccept
1785413256742,true,1785413256833,LeaderAccept
1785413256759,true,1785413256850,LeaderAccept
1785413256776,false,1785413256867,LeaderAccept
1785413256794,false,1785413256886,LeaderAccept
1785413256812,false,1785413256904,LeaderAccept
1785413256830,true,1785413256922,LeaderAccept
1785413256848,true,1785413256940,LeaderAccept
1785413256868,false,1785413256959,LeaderAccept
1785413256887,false,1785413256979,LeaderAccept
1785413256905,true,1785413256997,LeaderAccept
1785413256924,true,1785413257016,LeaderAccept
1785413256943,true,1785413257035,LeaderAccept
1785413256962,true,1785413257054,LeaderAccept
1785413256982,false,1785413257073,LeaderAccept
1785413257001,true,1785413257093,LeaderAccept
1785413257021,false,1785413257113,LeaderAccept
1785413257041,false,1785413257133,LeaderAccept
1785413257062,true,1785413257154,LeaderAccept
1785413257083,false,1785413257174,LeaderAccept
1785413257103,false,1785413257195,LeaderAccept
1785413257125,false,1785413257216,LeaderAccept
1785413257146,true,1785413257238,LeaderAccept
1785413257167,true,1785413257259,LeaderAccept
1785413257188,false,1785413257280,LeaderAccept
1785413257211,false,1785413257302,LeaderAccept
1785413257232,true,1785413257324,LeaderAccept
1785413257254,false,1785413257345,LeaderAccept
1785413257277,false,1785413257368,LeaderAccept
1785413257299,true,1785413257391,LeaderAccept
1785413257323,true,1785413257414,LeaderAccept
1785413257345,false,1785413257437,LeaderAccept
1785413257368,true,1785413257460,LeaderAccept
1785413257392,true,1785413257484,LeaderAccept
1785413257416,false,1785413257508,LeaderAccept
1785413257440,false,1785413257532,LeaderAccept
1785413257465,true,1785413257557,LeaderAccept
1785413257489,true,1785413257581,LeaderAccept
1785413257514,false,1785413257606,LeaderAccept
1785413257539,true,1785413257631,LeaderAccept
1785413257565,false,1785413257656,LeaderAccept
1785413257592,false,1785413257683,LeaderAccept
1785413257618,false,1785413257710,LeaderAccept
1785413257645,false,1785413257737,LeaderAccept
1785413257673,true,1785413257764,LeaderAccept
1785413257700,true,1785413257791,LeaderAccept
1785413257728,true,1785413257820,LeaderAccept
1785413257757,false,1785413257848,LeaderAccept
1785413257786,true,1785413257877,LeaderAccept
1785413257815,true,1785413257906,LeaderAccept
1785413257844,true,1785413257935,LeaderAccept
1785413257874,true,1785413257965,LeaderAccept
1785413257903,false,1785413257995,LeaderAccept
1785413257934,true,1785413258026,LeaderAccept
1785413257965,true,1785413258057,LeaderAccept
1785413257996,true,1785413258088,LeaderAccept
1785413258028,false,1785413258120,LeaderAccept
1785413258060,true,1785413258152,LeaderAccept
1785413258093,false,1785413258185,LeaderAccept
1785413258127,false,1785413258219,LeaderAccept
1785413258161,true,1785413258252,LeaderAccept
1785413258195,true,1785413258287,LeaderAccept
1785413258230,false,1785413258321,LeaderAccept
1785413258266,false,1785413258358,LeaderAccept
1785413258302,true,1785413258394,LeaderAccept
1785413258340,true,1785413258433,LeaderAccept
1785413258377,false,1785413258469,LeaderAccept
1785413258415,false,1785413258507,LeaderAccept
1785413258455,true,1785413258547,LeaderAccept
1785413258495,true,1785413258587,LeaderAccept
1785413258535,true,1785413258627,LeaderAccept
1785413258576,false,1785413258668,LeaderAccept
1785413258619,true,1785413258711,LeaderAccept
1785413258662,false,1785413258754,LeaderAccept
1785413258706,false,1785413258798,LeaderAccept
1785413258752,false,1785413258844,LeaderAccept
1785413258798,true,1785413258889,LeaderAccept
1785413258845,true,1785413258936,LeaderAccept
1785413258893,true,1785413258985,LeaderAccept
1785413258944,true,1785413259035,LeaderAccept
1785413258994,false,1785413259086,LeaderAccept
1785413259046,true,1785413259138,LeaderAccept
1785413259099,true,1785413259190,LeaderAccept
1785413259153,true,1785413259244,LeaderAccept
1785413259210,true,1785413259301,LeaderAccept
1785413259267,false,1785413259358,LeaderAccept
1785413259326,false,1785413259417,LeaderAccept
1785413259387,false,1785413259478,LeaderAccept
1785413259450,false,1785413259542,LeaderAccept
1785413259515,false,1785413259607,LeaderAccept
1785413259582,true,1785413259673,LeaderAccept
1785413259651,true,1785413259742,LeaderAccept
1785413259722,true,1785413259814,LeaderAccept
1785413259797,true,1785413259889,LeaderAccept
1785413259873,false,1785413259965,LeaderAccept
1785413259953,true,1785413260045,LeaderAccept
1785413260036,false,1785413260128,LeaderAccept
1785413260123,false,1785413260214,LeaderAccept
1785413260213,true,1785413260304,LeaderAccept
1785413260307,true,1785413260398,LeaderAccept
1785413260406,false,1785413260499,LeaderAccept
1785413260510,false,1785413260602,LeaderAccept
1785413260620,false,1785413260712,LeaderAccept
1785413260735,false,1785413260827,LeaderAccept
1785413260857,true,1785413260948,LeaderAccept
1785413260986,true,1785413261078,LeaderAccept
1785413261125,true,1785413261217,LeaderAccept
1785413261275,false,1785413261366,LeaderAccept
1785413261434,true,1785413261526,LeaderAccept
1785413261608,false,1785413261699,LeaderAccept
1785413261797,false,1785413261888,LeaderAccept
1785413262005,true,1785413262096,LeaderAccept
1785413262235,false,1785413262326,LeaderAccept
1785413262493,true,1785413262585,LeaderAccept
1785413262785,false,1785413262877,LeaderAccept
1785413263125,true,1785413263217,LeaderAccept
1785413263526,false,1785413263618,LeaderAccept
1785413264017,true,1785413264109,LeaderAccept
1785413264642,true,1785413264734,LeaderAccept
1785413265497,true,1785413265589,LeaderAccept
1785413266808,true,1785413266900,LeaderAccept
1785413269332,true,1785413269424,LeaderAccept
1785413270292,true,1785413270383,LeaderAccept
1785413270313,false,1785413270404,LeaderAccept
1785413270333,true,1785413270424,LeaderAccept
1785413270353,true,1785413270445,LeaderAccept
1785413270375,false,1785413270466,LeaderAccept
1785413270397,true,1785413270488,LeaderAccept
1785413270418,true,1785413270509,LeaderAccept
1785413270440,false,1785413270532,LeaderAccept
1785413270462,false,1785413270553,LeaderAccept
1785413270484,false,1785413270576,LeaderAccept
1785413270506,true,1785413270597,LeaderAccept
1785413270528,true,1785413270619,LeaderAccept
1785413270551,false,1785413270644,LeaderAccept
1785413270574,false,1785413270665,LeaderAccept
1785413270598,true,1785413270689,LeaderAccept
1785413270622,true,1785413270713,LeaderAccept
1785413270645,false,1785413270736,LeaderAccept
1785413270670,false,1785413270761,LeaderAccept
1785413270694,true,1785413270785,LeaderAccept
1785413270719,false,1785413270810,LeaderAccept
1785413270745,false,1785413270836,LeaderAccept
1785413270770,false,1785413270861,LeaderAccept
1785413270796,true,1785413270888,LeaderAccept
1785413270823,false,1785413270914,LeaderAccept
1785413270849,false,1785413270940,LeaderAccept
1785413270875,false,1785413270967,LeaderAccept
1785413270902,true,1785413270993,LeaderAccept
1785413270929,false,1785413271020,LeaderAccept
1785413270956,false,1785413271047,LeaderAccept
1785413270984,false,1785413271075,LeaderAccept
1785413271013,false,1785413271104,LeaderAccept
1785413271042,true,1785413271133,LeaderAccept
1785413271071,false,1785413271162,LeaderAccept
1785413271101,false,1785413271193,LeaderAccept
1785413271130,false,1785413271221,LeaderAccept
1785413271160,true,1785413271252,LeaderAccept
1785413271191,true,1785413271282,LeaderAccept
1785413271222,true,1785413271314,LeaderAccept
1785413271254,true,1785413271345,LeaderAccept
1785413271286,false,1785413271378,LeaderAccept
1785413271320,true,1785413271411,LeaderAccept
1785413271354,false,1785413271445,LeaderAccept
1785413271387,false,1785413271479,LeaderAccept
1785413271421,true,1785413271513,LeaderAccept
1785413271456,false,1785413271548,LeaderAccept
1785413271491,true,1785413271583,LeaderAccept
1785413271527,false,1785413271619,LeaderAccept
1785413271565,false,1785413271656,LeaderAccept
1785413271602,true,1785413271693,LeaderAccept
1785413271640,false,1785413271732,LeaderAccept
1785413271679,false,1785413271771,LeaderAccept
1785413271719,true,1785413271810,LeaderAccept
1785413271760,true,1785413271851,LeaderAccept
1785413271801,true,1785413271892,LeaderAccept
1785413271844,false,1785413271935,LeaderAccept
1785413271886,false,1785413271977,LeaderAccept
1785413271931,true,1785413272022,LeaderAccept
1785413271976,false,1785413272068,LeaderAccept
1785413272021,true,1785413272113,LeaderAccept
1785413272069,true,1785413272161,LeaderAccept
1785413272116,false,1785413272208,LeaderAccept
1785413272166,true,1785413272257,LeaderAccept
1785413272216,false,1785413272308,LeaderAccept
1785413272268,false,1785413272360,LeaderAccept
1785413272320,true,1785413272412,LeaderAccept
1785413272375,true,1785413272466,LeaderAccept
1785413272430,false,1785413272522,LeaderAccept
1785413272487,true,1785413272579,LeaderAccept
1785413272546,false,1785413272637,LeaderAccept
1785413272607,false,1785413272698,LeaderAccept
1785413272670,false,1785413272762,LeaderAccept
1785413272735,false,1785413272826,LeaderAccept
1785413272801,false,1785413272892,LeaderAccept
1785413272870,true,1785413272961,LeaderAccept
1785413272941,false,1785413273032,LeaderAccept
1785413273015,true,1785413273106,LeaderAccept
1785413273092,true,1785413273183,LeaderAccept
1785413273171,true,1785413273263,LeaderAccept
1785413273254,false,1785413273345,LeaderAccept
1785413273339,false,1785413273431,LeaderAccept
1785413273428,false,1785413273520,LeaderAccept
1785413273522,true,1785413273614,LeaderAccept
1785413273620,false,1785413273712,LeaderAccept
1785413273723,true,1785413273814,LeaderAccept
1785413273832,false,1785413273924,LeaderAccept
1785413273945,false,1785413274037,LeaderAccept
1785413274065,true,1785413274157,LeaderAccept
1785413274193,true,1785413274285,LeaderAccept
1785413274330,false,1785413274422,LeaderAccept
1785413274477,false,1785413274569,LeaderAccept
1785413274633,true,1785413274725,LeaderAccept
1785413274804,false,1785413274896,LeaderAccept
1785413274988,true,1785413275080,LeaderAccept
1785413275190,true,1785413275282,LeaderAccept
1785413275413,false,1785413275505,LeaderAccept
1785413275664,true,1785413275756,LeaderAccept
1785413275947,true,1785413276039,LeaderAccept
1785413276274,true,1785413276365,LeaderAccept
1785413276658,true,1785413276750,LeaderAccept
1785413277123,true,1785413277215,LeaderAccept
1785413277710,true,1785413277802,LeaderAccept
1785413278496,true,1785413278588,LeaderAccept
1785413279660,false,1785413279735,FastAccept
1785413281743,false,1785413281835,LeaderAccept
1785413284661,false,1785413284752,LeaderAccept
1785413284682,true,1785413284773,LeaderAccept
1785413284704,true,1785413284796,LeaderAccept
1785413284728,true,1785413284819,LeaderAccept
1785413284750,true,1785413284842,LeaderAccept
1785413284773,true,1785413284865,LeaderAccept
1785413284797,true,1785413284889,LeaderAccept
1785413284821,true,1785413284912,LeaderAccept
1785413284844,true,1785413284935,LeaderAccept
1785413284868,true,1785413284960,LeaderAccept
1785413284893,true,1785413284985,LeaderAccept
1785413284917,true,1785413285009,LeaderAccept
1785413284942,false,1785413285034,LeaderAccept
1785413284967,true,1785413285059,LeaderAccept
1785413284994,true,1785413285085,LeaderAccept
1785413285019,false,1785413285111,LeaderAccept
1785413285045,true,1785413285137,LeaderAccept
1785413285072,true,1785413285164,LeaderAccept
1785413285100,false,1785413285191,LeaderAccept
1785413285128,false,1785413285219,LeaderAccept
1785413285156,true,1785413285247,LeaderAccept
1785413285183,false,1785413285275,LeaderAccept
1785413285213,false,1785413285303,LeaderAccept
1785413285242,true,1785413285333,LeaderAccept
1785413285271,false,1785413285363,LeaderAccept
1785413285301,false,1785413285393,LeaderAccept
1785413285332,true,1785413285423,LeaderAccept
1785413285362,true,1785413285454,LeaderAccept
1785413285393,false,1785413285484,LeaderAccept
1785413285425,false,1785413285516,LeaderAccept
1785413285457,true,1785413285548,LeaderAccept
1785413285490,true,1785413285581,LeaderAccept
1785413285522,false,1785413285613,LeaderAccept
1785413285557,true,1785413285648,LeaderAccept
1785413285590,true,1785413285682,LeaderAccept
1785413285626,true,1785413285717,LeaderAccept
1785413285661,true,1785413285752,LeaderAccept
1785413285696,false,1785413285788,LeaderAccept
1785413285733,false,1785413285825,LeaderAccept
1785413285770,true,1785413285862,LeaderAccept
1785413285807,false,1785413285899,LeaderAccept
1785413285845,true,1785413285937,LeaderAccept
1785413285885,true,1785413285977,LeaderAccept
1785413285925,true,1785413286017,LeaderAccept
1785413285966,true,1785413286058,LeaderAccept
1785413286008,false,1785413286100,LeaderAccept
1785413286050,false,1785413286142,LeaderAccept
1785413286093,false,1785413286185,LeaderAccept
1785413286137,true,1785413286229,LeaderAccept
1785413286182,false,1785413286275,LeaderAccept
1785413286229,true,1785413286321,LeaderAccept
1785413286277,false,1785413286369,LeaderAccept
1785413286325,true,1785413286417,LeaderAccept
1785413286374,true,1785413286466,LeaderAccept
1785413286425,true,1785413286516,LeaderAccept
1785413286476,false,1785413286568,LeaderAccept
1785413286530,true,1785413286621,LeaderAccept
1785413286584,false,1785413286677,LeaderAccept
1785413286641,true,1785413286733,LeaderAccept
1785413286698,true,1785413286790,LeaderAccept
1785413286757,false,1785413286849,LeaderAccept
1785413286818,true,1785413286911,LeaderAccept
1785413286882,false,1785413286973,LeaderAccept
1785413286946,true,1785413287038,LeaderAccept
1785413287013,true,1785413287104,LeaderAccept
1785413287081,true,1785413287173,LeaderAccept
1785413287154,false,1785413287246,LeaderAccept
1785413287229,true,1785413287321,LeaderAccept
1785413287306,true,1785413287398,LeaderAccept
1785413287386,false,1785413287478,LeaderAccept
1785413287469,true,1785413287561,LeaderAccept
1785413287556,true,1785413287648,LeaderAccept
1785413287647,true,1785413287739,LeaderAccept
1785413287742,true,1785413287834,LeaderAccept
1785413287842,false,1785413287934,LeaderAccept
1785413287947,true,1785413288038,LeaderAccept
1785413288056,false,1785413288148,LeaderAccept
1785413288172,false,1785413288264,LeaderAccept
1785413288294,false,1785413288386,LeaderAccept
1785413288424,true,1785413288516,LeaderAccept
1785413288563,false,1785413288655,LeaderAccept
1785413288712,true,1785413288804,LeaderAccept
1785413288872,false,1785413288965,LeaderAccept
1785413289046,true,1785413289138,LeaderAccept
1785413289235,true,1785413289327,LeaderAccept
1785413289442,false,1785413289534,LeaderAccept
1785413289672,false,1785413289764,LeaderAccept
1785413289930,true,1785413290022,LeaderAccept
1785413290223,true,1785413290315,LeaderAccept
1785413290564,false,1785413290655,LeaderAccept
1785413290966,true,1785413291058,LeaderAccept
1785413291458,false,1785413291550,LeaderAccept
1785413292087,false,1785413292179,LeaderAccept
1785413292949,false,1785413293041,LeaderAccept
1785413294273,true,1785413294365,LeaderAccept
1785413296840,true,1785413296932,LeaderAccept
1785413304292,false,1785413304367,FastAccept
1785413304327,true,1785413304402,FastAccept
1785413304361,true,1785413304436,FastAccept
1785413304397,false,1785413304472,FastAccept
1785413304432,false,1785413304507,FastAccept
1785413304469,true,1785413304543,FastAccept
1785413304506,false,1785413304581,FastAccept
1785413304543,true,1785413304618,FastAccept
1785413304581,false,1785413304655,FastAccept
1785413304619,false,1785413304694,FastAccept
1785413304659,true,1785413304734,FastAccept
1785413304700,true,1785413304775,FastAccept
1785413304741,false,1785413304816,FastAccept
1785413304783,true,1785413304858,FastAccept
1785413304826,false,1785413304901,FastAccept
1785413304870,true,1785413304945,FastAccept
1785413304916,true,1785413304990,FastAccept
1785413304962,false,1785413305036,FastAccept
1785413305009,true,1785413305083,FastAccept
1785413305056,false,1785413305131,FastAccept
1785413305105,true,1785413305180,FastAccept
1785413305154,false,1785413305229,FastAccept
1785413305206,true,1785413305281,FastAccept
1785413305258,true,1785413305333,FastAccept
1785413305312,false,1785413305387,FastAccept
1785413305369,true,1785413305443,FastAccept
1785413305426,false,1785413305500,FastAccept
1785413305484,false,1785413305559,FastAccept
1785413305545,false,1785413305620,FastAccept
1785413305607,false,1785413305682,FastAccept
1785413305670,true,1785413305745,FastAccept
1785413305736,true,1785413305811,FastAccept
1785413305804,false,1785413305880,FastAccept
1785413305874,false,1785413305949,FastAccept
1785413305947,true,1785413306022,FastAccept
1785413306022,false,1785413306097,FastAccept
1785413306101,true,1785413306176,FastAccept
1785413306182,true,1785413306257,FastAccept
1785413306266,true,1785413306341,FastAccept
1785413306355,true,1785413306429,FastAccept
1785413306448,true,1785413306523,FastAccept
1785413306545,true,1785413306620,FastAccept
1785413306646,true,1785413306721,FastAccept
1785413306753,true,1785413306829,FastAccept
1785413306865,true,1785413306940,FastAccept
1785413306984,true,1785413307059,FastAccept
1785413307111,false,1785413307186,FastAccept
1785413307245,false,1785413307320,FastAccept
1785413307388,false,1785413307463,FastAccept
1785413307542,true,1785413307617,FastAccept
1785413307710,false,1785413307785,FastAccept
1785413307890,false,1785413307965,FastAccept
1785413308088,true,1785413308163,FastAccept
1785413308307,true,1785413308381,FastAccept
1785413308550,true,1785413308625,FastAccept
1785413308824,false,1785413308899,FastAccept
1785413309140,false,1785413309214,FastAccept
1785413309508,false,1785413309583,FastAccept
1785413309952,false,1785413310027,FastAccept
1785413310504,true,1785413310580,FastAccept
1785413311233,false,1785413311308,FastAccept
1785413312280,false,1785413312355,FastAccept
1785413314048,false,1785413314123,FastAccept
1785413318323,true,1785413318623,LeaderAccept
1785413337835,true,1785413337927,LeaderAccept
1785413337854,false,1785413337946,LeaderAccept
1785413337873,false,1785413337965,LeaderAccept
1785413337893,false,1785413337984,LeaderAccept
1785413337913,false,1785413338005,LeaderAccept
1785413337932,true,1785413338024,LeaderAccept
1785413337952,true,1785413338044,LeaderAccept
1785413337972,false,1785413338064,LeaderAccept
1785413337992,false,1785413338084,LeaderAccept
1785413338013,true,1785413338104,LeaderAccept
1785413338033,false,1785413338125,LeaderAccept
1785413338054,false,1785413338146,LeaderAccept
1785413338075,true,1785413338167,LeaderAccept
1785413338097,true,1785413338188,LeaderAccept
1785413338119,true,1785413338211,LeaderAccept
1785413338140,true,1785413338232,LeaderAccept
1785413338162,true,1785413338253,LeaderAccept
1785413338184,false,1785413338275,LeaderAccept
1785413338206,true,1785413338298,LeaderAccept
1785413338229,false,1785413338321,LeaderAccept
1785413338252,true,1785413338344,LeaderAccept
1785413338275,true,1785413338366,LeaderAccept
1785413338299,false,1785413338390,LeaderAccept
1785413338324,false,1785413338415,LeaderAccept
1785413338348,false,1785413338439,LeaderAccept
1785413338372,false,1785413338464,LeaderAccept
1785413338397,false,1785413338489,LeaderAccept
1785413338422,true,1785413338514,LeaderAccept
1785413338448,true,1785413338540,LeaderAccept
1785413338473,true,1785413338565,LeaderAccept
1785413338499,true,1785413338591,LeaderAccept
1785413338525,false,1785413338616,LeaderAccept
1785413338552,true,1785413338643,LeaderAccept
1785413338578,false,1785413338670,LeaderAccept
1785413338605,false,1785413338697,LeaderAccept
1785413338633,true,1785413338725,LeaderAccept
1785413338661,false,1785413338753,LeaderAccept
1785413338689,true,1785413338780,LeaderAccept
1785413338718,true,1785413338810,LeaderAccept
1785413338748,true,1785413338839,LeaderAccept
1785413338777,true,1785413338869,LeaderAccept
1785413338807,false,1785413338899,LeaderAccept
1785413338838,false,1785413338930,LeaderAccept
1785413338869,true,1785413338960,LeaderAccept
1785413338900,false,1785413338992,LeaderAccept
1785413338932,true,1785413339023,LeaderAccept
1785413338964,false,1785413339056,LeaderAccept
1785413338997,false,1785413339089,LeaderAccept
1785413339031,false,1785413339122,LeaderAccept
1785413339065,true,1785413339156,LeaderAccept
1785413339099,true,1785413339190,LeaderAccept
1785413339135,false,1785413339226,LeaderAccept
1785413339171,true,1785413339262,LeaderAccept
1785413339208,false,1785413339299,LeaderAccept
1785413339245,true,1785413339336,LeaderAccept
1785413339282,true,1785413339374,LeaderAccept
1785413339322,false,1785413339413,LeaderAccept
1785413339360,false,1785413339452,LeaderAccept
1785413339400,true,1785413339492,LeaderAccept
1785413339441,true,1785413339533,LeaderAccept
1785413339484,false,1785413339576,LeaderAccept
1785413339526,true,1785413339618,LeaderAccept
1785413339570,false,1785413339662,LeaderAccept
1785413339613,false,1785413339705,LeaderAccept
1785413339658,false,1785413339750,LeaderAccept
1785413339704,false,1785413339796,LeaderAccept
1785413339752,true,1785413339843,LeaderAccept
1785413339799,true,1785413339891,LeaderAccept
1785413339848,true,1785413339941,LeaderAccept
1785413339899,false,1785413339991,LeaderAccept
1785413339951,true,1785413340043,LeaderAccept
1785413340004,true,1785413340096,LeaderAccept
1785413340059,false,1785413340151,LeaderAccept
1785413340116,false,1785413340208,LeaderAccept
1785413340174,false,1785413340266,LeaderAccept
1785413340234,false,1785413340326,LeaderAccept
1785413340296,false,1785413340388,LeaderAccept
1785413340358,true,1785413340450,LeaderAccept
1785413340424,false,1785413340515,LeaderAccept
1785413340490,true,1785413340582,LeaderAccept
1785413340560,false,1785413340651,LeaderAccept
1785413340631,true,1785413340724,LeaderAccept
1785413340706,true,1785413340798,LeaderAccept
1785413340783,true,1785413340875,LeaderAccept
1785413340863,true,1785413340955,LeaderAccept
1785413340946,true,1785413341038,LeaderAccept
1785413341033,true,1785413341125,LeaderAccept
1785413341123,true,1785413341215,LeaderAccept
1785413341218,false,1785413341310,LeaderAccept
1785413341317,false,1785413341409,LeaderAccept
1785413341421,true,1785413341513,LeaderAccept
1785413341531,false,1785413341623,LeaderAccept
1785413341646,false,1785413341738,LeaderAccept
1785413341768,true,1785413341860,LeaderAccept
1785413341899,false,1785413341991,LeaderAccept
1785413342038,false,1785413342130,LeaderAccept
1785413342186,true,1785413342278,LeaderAccept
1785413342346,false,1785413342438,LeaderAccept
1785413342521,true,1785413342612,LeaderAccept
1785413342710,false,1785413342802,LeaderAccept
1785413342917,false,1785413343009,LeaderAccept
1785413343147,false,1785413343240,LeaderAccept
1785413343405,true,1785413343497,LeaderAccept
1785413343698,true,1785413343790,LeaderAccept
1785413344039,false,1785413344131,LeaderAccept
1785413344441,false,1785413344533,LeaderAccept
1785413344934,false,1785413345026,LeaderAccept
1785413345563,false,1785413345656,LeaderAccept
1785413346425,true,1785413346517,LeaderAccept
1785413347750,false,1785413347842,LeaderAccept
1785413350319,false,1785413350411,LeaderAccept
1785413359596,true,1785413359688,LeaderAccept
1785413366011,true,1785413366087,FastAccept
1785413366044,false,1785413366119,FastAccept
1785413366076,false,1785413366151,FastAccept
1785413366109,true,1785413366184,FastAccept
1785413366144,false,1785413366218,FastAccept
1785413366178,true,1785413366253,FastAccept
1785413366213,false,1785413366288,FastAccept
1785413366249,false,1785413366323,FastAccept
1785413366286,false,1785413366381,LeaderAccept
1785413366323,false,1785413366418,LeaderAccept
1785413366361,true,1785413366452,LeaderAccept
1785413366400,true,1785413366492,LeaderAccept
1785413366438,true,1785413366530,LeaderAccept
1785413366479,false,1785413366571,LeaderAccept
1785413366519,false,1785413366611,LeaderAccept
1785413366561,true,1785413366652,LeaderAccept
1785413366602,false,1785413366694,LeaderAccept
1785413366646,false,1785413366737,LeaderAccept
1785413366690,false,1785413366781,LeaderAccept
1785413366734,false,1785413366826,LeaderAccept
1785413366781,false,1785413366872,LeaderAccept
1785413366827,true,1785413366920,LeaderAccept
1785413366876,false,1785413366968,LeaderAccept
1785413366924,true,1785413367017,LeaderAccept
1785413366974,true,1785413367066,LeaderAccept
1785413367025,false,1785413367118,LeaderAccept
1785413367078,true,1785413367171,LeaderAccept
1785413367132,true,1785413367224,LeaderAccept
1785413367188,true,1785413367280,LeaderAccept
1785413367246,false,1785413367338,LeaderAccept
1785413367304,true,1785413367396,LeaderAccept
1785413367364,true,1785413367456,LeaderAccept
1785413367426,false,1785413367518,LeaderAccept
1785413367490,true,1785413367582,LeaderAccept
1785413367557,false,1785413367649,LeaderAccept
1785413367626,false,1785413367718,LeaderAccept
1785413367698,false,1785413367790,LeaderAccept
1785413367771,true,1785413367864,LeaderAccept
1785413367847,true,1785413367939,LeaderAccept
1785413367926,true,1785413368018,LeaderAccept
1785413368008,true,1785413368100,LeaderAccept
1785413368094,true,1785413368186,LeaderAccept
1785413368184,true,1785413368276,LeaderAccept
1785413368277,false,1785413368369,LeaderAccept
1785413368375,true,1785413368467,LeaderAccept
1785413368477,false,1785413368569,LeaderAccept
1785413368585,true,1785413368677,LeaderAccept
1785413368699,false,1785413368791,LeaderAccept
1785413368820,false,1785413368913,LeaderAccept
1785413368948,false,1785413369040,LeaderAccept
1785413369084,false,1785413369176,LeaderAccept
1785413369231,true,1785413369323,LeaderAccept
1785413369387,false,1785413369479,LeaderAccept
1785413369558,false,1785413369650,LeaderAccept
1785413369743,false,1785413369835,LeaderAccept
1785413369945,false,1785413370037,LeaderAccept
1785413370170,true,1785413370261,LeaderAccept
1785413370420,false,1785413370512,LeaderAccept
1785413370703,false,1785413370984,LeaderAccept
1785413371030,true,1785413371311,LeaderAccept
1785413371415,false,1785413371695,LeaderAccept
1785413371880,false,1785413372160,LeaderAccept
1785413372467,false,1785413372748,LeaderAccept
1785413373254,true,1785413373535,LeaderAccept
1785413374420,false,1785413374700,LeaderAccept
1785413376508,false,1785413376789,LeaderAccept
1785413382439,false,1785413382721,LeaderAccept
1785413383923,false,1785413384204,LeaderAccept
1785413383934,false,1785413384214,LeaderAccept
1785413383952,true,1785413384232,LeaderAccept
1785413383970,true,1785413384251,LeaderAccept
1785413383990,true,1785413384270,LeaderAccept
1785413384008,true,1785413384288,LeaderAccept
1785413384026,false,1785413384307,LeaderAccept
1785413384046,false,1785413384326,LeaderAccept
1785413384065,false,1785413384345,LeaderAccept
1785413384084,false,1785413384365,LeaderAccept
1785413384103,false,1785413384384,LeaderAccept
1785413384124,false,1785413384404,LeaderAccept
1785413384143,false,1785413384423,LeaderAccept
1785413384163,false,1785413384444,LeaderAccept
1785413384184,false,1785413384465,LeaderAccept
1785413384204,false,1785413384485,LeaderAccept
1785413384224,true,1785413384504,LeaderAccept
1785413384245,true,1785413384525,LeaderAccept
1785413384267,false,1785413384547,LeaderAccept
1785413384288,false,1785413384569,LeaderAccept
1785413384310,false,1785413384591,LeaderAccept
1785413384332,true,1785413384613,LeaderAccept
1785413384355,false,1785413384635,LeaderAccept
1785413384377,true,1785413384657,LeaderAccept
1785413384399,true,1785413384680,LeaderAccept
1785413384423,true,1785413384703,LeaderAccept
1785413384445,true,1785413384725,LeaderAccept
1785413384469,true,1785413384749,LeaderAccept
1785413384492,false,1785413384773,LeaderAccept
1785413384516,false,1785413384797,LeaderAccept
1785413384541,true,1785413384821,LeaderAccept
1785413384565,true,1785413384846,LeaderAccept
1785413384590,true,1785413384870,LeaderAccept
1785413384615,true,1785413384896,LeaderAccept
1785413384640,false,1785413384921,LeaderAccept
1785413384665,true,1785413384945,LeaderAccept
1785413384691,false,1785413384972,LeaderAccept
1785413384718,false,1785413384998,LeaderAccept
1785413384745,true,1785413385025,LeaderAccept
1785413384771,false,1785413385051,LeaderAccept
1785413384798,false,1785413385079,LeaderAccept
1785413384826,true,1785413385106,LeaderAccept
1785413384853,false,1785413385133,LeaderAccept
1785413384882,false,1785413385162,LeaderAccept
1785413384910,false,1785413385190,LeaderAccept
1785413384939,false,1785413385220,LeaderAccept
1785413384968,true,1785413385249,LeaderAccept
1785413384998,false,1785413385278,LeaderAccept
1785413385028,false,1785413385309,LeaderAccept
1785413385059,false,1785413385340,LeaderAccept
1785413385091,false,1785413385372,LeaderAccept
1785413385122,true,1785413385403,LeaderAccept
1785413385154,true,1785413385435,LeaderAccept
1785413385188,false,1785413385469,LeaderAccept
1785413385221,true,1785413385502,LeaderAccept
1785413385254,false,1785413385535,LeaderAccept
1785413385289,true,1785413385570,LeaderAccept
1785413385323,true,1785413385604,LeaderAccept
1785413385358,true,1785413385639,LeaderAccept
1785413385395,true,1785413385676,LeaderAccept
1785413385431,true,1785413385712,LeaderAccept
1785413385468,false,1785413385749,LeaderAccept
1785413385506,false,1785413385787,LeaderAccept
1785413385544,false,1785413385825,LeaderAccept
1785413385583,false,1785413385864,LeaderAccept
1785413385623,true,1785413385904,LeaderAccept
1785413385664,true,1785413385945,LeaderAccept
1785413385706,true,1785413385987,LeaderAccept
1785413385748,false,1785413386029,LeaderAccept
1785413385791,true,1785413386073,LeaderAccept
1785413385836,true,1785413386117,LeaderAccept
1785413385882,true,1785413386163,LeaderAccept
1785413385928,false,1785413386209,LeaderAccept
1785413385975,false,1785413386256,LeaderAccept
1785413386024,false,1785413386304,LeaderAccept
1785413386074,true,1785413386356,LeaderAccept
1785413386124,false,1785413386406,LeaderAccept
1785413386176,true,1785413386457,LeaderAccept
1785413386230,false,1785413386511,LeaderAccept
1785413386284,true,1785413386565,LeaderAccept
1785413386340,false,1785413386622,LeaderAccept
1785413386398,true,1785413386678,LeaderAccept
1785413386457,false,1785413386738,LeaderAccept
1785413386518,true,1785413386799,LeaderAccept
1785413386581,true,1785413386862,LeaderAccept
1785413386647,true,1785413386928,LeaderAccept
1785413386715,true,1785413386995,LeaderAccept
1785413386784,false,1785413387064,LeaderAccept
1785413386856,true,1785413387136,LeaderAccept
1785413386930,true,1785413387211,LeaderAccept
1785413387008,true,1785413387288,LeaderAccept
1785413387089,false,1785413387369,LeaderAccept
1785413387173,true,1785413387454,LeaderAccept
1785413387260,false,1785413387541,LeaderAccept
1785413387351,true,1785413387632,LeaderAccept
1785413387447,false,1785413387728,LeaderAccept
1785413387547,false,1785413387827,LeaderAccept
1785413387651,false,1785413387933,LeaderAccept
1785413387763,true,1785413388044,LeaderAccept
1785413387880,true,1785413388161,LeaderAccept
1785413388003,false,1785413388284,LeaderAccept
1785413388135,true,1785413388416,LeaderAccept
1785413388275,false,1785413388556,LeaderAccept
1785413388426,false,1785413388707,LeaderAccept
1785413388590,true,1785413388871,LeaderAccept
1785413388766,true,1785413389046,LeaderAccept
1785413388957,true,1785413389238,LeaderAccept
1785413389169,false,1785413389450,LeaderAccept
1785413389403,true,1785413389684,LeaderAccept
1785413389667,false,1785413389948,LeaderAccept
1785413389968,false,1785413390249,LeaderAccept
1785413390318,false,1785413390600,LeaderAccept
1785413390734,false,1785413391015,LeaderAccept
1785413391247,true,1785413391528,LeaderAccept
1785413391909,false,1785413392189,LeaderAccept
1785413392829,true,1785413393110,LeaderAccept
1785413394287,false,1785413394568,LeaderAccept
1785413397308,false,1785413397589,LeaderAccept
1785413410978,true,1785413411262,LeaderAccept
1785413417093,true,1785413417376,LeaderAccept
1785413417121,false,1785413417405,LeaderAccept
1785413417150,true,1785413417433,LeaderAccept
1785413417178,true,1785413417461,LeaderAccept
1785413417208,false,1785413417491,LeaderAccept
1785413417237,false,1785413417520,LeaderAccept
1785413417267,false,1785413417551,LeaderAccept
1785413417298,false,1785413417581,LeaderAccept
1785413417328,false,1785413417612,LeaderAccept
1785413417359,false,1785413417643,LeaderAccept
1785413417391,true,1785413417674,LeaderAccept
1785413417424,true,1785413417707,LeaderAccept
1785413417457,false,1785413417740,LeaderAccept
1785413417491,true,1785413417774,LeaderAccept
1785413417524,false,1785413417807,LeaderAccept
1785413417558,false,1785413417842,LeaderAccept
1785413417594,false,1785413417877,LeaderAccept
1785413417629,true,1785413417913,LeaderAccept
1785413417666,true,1785413417949,LeaderAccept
1785413417703,true,1785413417986,LeaderAccept
1785413417740,false,1785413418023,LeaderAccept
1785413417779,true,1785413418062,LeaderAccept
1785413417818,true,1785413418101,LeaderAccept
1785413417858,false,1785413418141,LeaderAccept
1785413417898,false,1785413418181,LeaderAccept
1785413417940,true,1785413418223,LeaderAccept
1785413417981,true,1785413418264,LeaderAccept
1785413418024,false,1785413418307,LeaderAccept
1785413418068,false,1785413418351,LeaderAccept
1785413418113,true,1785413418397,LeaderAccept
1785413418159,false,1785413418442,LeaderAccept
1785413418207,false,1785413418490,LeaderAccept
1785413418254,false,1785413418537,LeaderAccept
1785413418303,false,1785413418587,LeaderAccept
1785413418353,true,1785413418637,LeaderAccept
1785413418406,false,1785413418689,LeaderAccept
1785413418459,true,1785413418743,LeaderAccept
1785413418513,true,1785413418796,LeaderAccept
1785413418569,true,1785413418852,LeaderAccept
1785413418625,true,1785413418908,LeaderAccept
1785413418683,false,1785413418966,LeaderAccept
1785413418744,false,1785413419027,LeaderAccept
1785413418806,false,1785413419090,LeaderAccept
1785413418870,true,1785413419154,LeaderAccept
1785413418937,false,1785413419220,LeaderAccept
1785413419005,true,1785413419289,LeaderAccept
1785413419076,false,1785413419360,LeaderAccept
1785413419149,true,1785413419432,LeaderAccept
1785413419225,true,1785413419508,LeaderAccept
1785413419303,false,1785413419586,LeaderAccept
1785413419386,true,1785413419669,LeaderAccept
1785413419472,false,1785413419755,LeaderAccept
1785413419561,true,1785413419844,LeaderAccept
1785413419653,true,1785413419936,LeaderAccept
1785413419751,false,1785413420034,LeaderAccept
1785413419852,false,1785413420136,LeaderAccept
1785413419959,false,1785413420243,LeaderAccept
1785413420072,false,1785413420356,LeaderAccept
1785413420192,false,1785413420475,LeaderAccept
1785413420319,true,1785413420603,LeaderAccept
1785413420454,true,1785413420738,LeaderAccept
1785413420600,false,1785413420884,LeaderAccept
1785413420755,false,1785413421039,LeaderAccept
1785413420923,false,1785413421206,LeaderAccept
1785413421105,true,1785413421389,LeaderAccept
1785413421306,true,1785413421589,LeaderAccept
1785413421526,false,1785413421809,LeaderAccept
1785413421772,true,1785413422056,LeaderAccept
1785413422051,false,1785413422334,LeaderAccept
1785413422372,false,1785413422655,LeaderAccept
1785413422747,false,1785413423031,LeaderAccept
1785413423200,true,1785413423483,LeaderAccept
1785413423767,false,1785413424050,LeaderAccept
1785413424519,true,1785413424802,LeaderAccept
1785413425615,false,1785413425878,FastAccept
1785413427511,true,1785413427774,FastAccept
1785413432400,true,1785413432663,FastAccept
1785413451307,false,1785413451591,LeaderAccept
1785413451341,false,1785413451624,LeaderAccept
1785413451374,false,1785413451657,LeaderAccept
1785413451409,true,1785413451692,LeaderAccept
1785413451443,true,1785413451726,LeaderAccept
1785413451477,false,1785413451760,LeaderAccept
1785413451513,true,1785413451796,LeaderAccept
1785413451548,true,1785413451832,LeaderAccept
1785413451586,false,1785413451869,LeaderAccept
1785413451623,true,1785413451907,LeaderAccept
1785413451662,true,1785413451945,LeaderAccept
1785413451700,true,1785413451983,LeaderAccept
1785413451739,true,1785413452023,LeaderAccept
1785413451780,true,1785413452063,LeaderAccept
1785413451820,true,1785413452103,LeaderAccept
1785413451862,false,1785413452145,LeaderAccept
1785413451904,false,1785413452187,LeaderAccept
1785413451947,true,1785413452230,LeaderAccept
1785413451991,true,1785413452275,LeaderAccept
1785413452036,false,1785413452319,LeaderAccept
1785413452082,false,1785413452365,LeaderAccept
1785413452130,false,1785413452413,LeaderAccept
1785413452178,true,1785413452461,LeaderAccept
1785413452227,false,1785413452510,LeaderAccept
1785413452278,true,1785413452561,LeaderAccept
1785413452330,true,1785413452613,LeaderAccept
1785413452384,false,1785413452667,LeaderAccept
1785413452438,false,1785413452721,LeaderAccept
1785413452494,false,1785413452777,LeaderAccept
1785413452552,true,1785413452835,LeaderAccept
1785413452612,false,1785413452896,LeaderAccept
1785413452674,false,1785413452957,LeaderAccept
1785413452737,false,1785413453020,LeaderAccept
1785413452802,true,1785413453086,LeaderAccept
1785413452870,true,1785413453154,LeaderAccept
1785413452941,false,1785413453224,LeaderAccept
1785413453013,false,1785413453297,LeaderAccept
1785413453089,true,1785413453373,LeaderAccept
1785413453167,true,1785413453450,LeaderAccept
1785413453248,false,1785413453531,LeaderAccept
1785413453332,false,1785413453616,LeaderAccept
1785413453419,true,1785413453703,LeaderAccept
1785413453511,false,1785413453795,LeaderAccept
1785413453607,true,1785413453890,LeaderAccept
1785413453707,false,1785413453991,LeaderAccept
1785413453813,true,1785413454097,LeaderAccept
1785413453925,true,1785413454208,LeaderAccept
1785413454043,false,1785413454326,LeaderAccept
1785413454167,true,1785413454451,LeaderAccept
1785413454300,false,1785413454583,LeaderAccept
1785413454442,false,1785413454726,LeaderAccept
1785413454593,true,1785413454877,LeaderAccept
1785413454757,true,1785413455041,LeaderAccept
1785413454935,false,1785413455219,LeaderAccept
1785413455128,true,1785413455413,LeaderAccept
1785413455341,true,1785413455625,LeaderAccept
1785413455578,false,1785413455862,LeaderAccept
1785413455844,false,1785413456127,LeaderAccept
1785413456148,false,1785413456432,LeaderAccept
1785413456503,false,1785413456787,LeaderAccept
1785413456925,true,1785413457209,LeaderAccept
1785413457448,false,1785413457732,LeaderAccept
1785413458125,false,1785413458409,LeaderAccept
1785413459075,true,1785413459359,LeaderAccept
1785413460602,false,1785413460865,FastAccept
1785413463876,true,1785413464139,FastAccept
1785413480705,false,1785413480989,LeaderAccept
1785413490022,false,1785413490356,LeaderAccept
1785413490037,false,1785413490373,LeaderAccept
1785413490054,false,1785413490356,LeaderAccept
1785413490069,false,1785413490356,LeaderAccept
1785413490086,true,1785413490373,LeaderAccept
1785413490101,true,1785413490397,LeaderAccept
1785413490117,false,1785413490421,LeaderAccept
1785413490133,false,1785413490445,LeaderAccept
1785413490150,true,1785413490470,LeaderAccept
1785413490166,true,1785413490495,LeaderAccept
1785413490182,false,1785413490495,LeaderAccept
1785413490200,false,1785413490520,LeaderAccept
1785413490216,true,1785413490534,LeaderAccept
1785413490233,false,1785413490534,LeaderAccept
1785413490251,false,1785413490548,LeaderAccept
1785413490268,true,1785413490561,LeaderAccept
1785413490285,false,1785413490569,LeaderAccept
1785413490304,true,1785413490587,LeaderAccept
1785413490321,false,1785413490604,LeaderAccept
1785413490339,true,1785413490623,LeaderAccept
1785413490358,false,1785413490641,LeaderAccept
1785413490376,true,1785413490660,LeaderAccept
1785413490395,true,1785413490678,LeaderAccept
1785413490413,false,1785413490697,LeaderAccept
1785413490432,false,1785413490715,LeaderAccept
1785413490451,true,1785413490734,LeaderAccept
1785413490470,true,1785413490753,LeaderAccept
1785413490490,false,1785413490773,LeaderAccept
1785413490509,true,1785413490793,LeaderAccept
1785413490528,false,1785413490812,LeaderAccept
1785413490549,false,1785413490832,LeaderAccept
1785413490569,false,1785413490852,LeaderAccept
1785413490588,false,1785413490871,LeaderAccept
1785413490609,false,1785413490892,LeaderAccept
1785413490629,false,1785413490912,LeaderAccept
1785413490651,false,1785413490934,LeaderAccept
1785413490672,false,1785413490955,LeaderAccept
1785413490693,false,1785413490976,LeaderAccept
1785413490714,true,1785413490998,LeaderAccept
1785413490736,true,1785413491020,LeaderAccept
1785413490758,false,1785413491042,LeaderAccept
1785413490780,false,1785413491063,LeaderAccept
1785413490803,true,1785413491086,LeaderAccept
1785413490825,true,1785413491108,LeaderAccept
1785413490847,false,1785413491130,LeaderAccept
1785413490871,true,1785413491154,LeaderAccept
1785413490894,true,1785413491177,LeaderAccept
1785413490918,true,1785413491201,LeaderAccept
1785413490941,true,1785413491224,LeaderAccept
1785413490966,false,1785413491249,LeaderAccept
1785413490991,true,1785413491274,LeaderAccept
1785413491015,true,1785413491298,LeaderAccept
1785413491040,false,1785413491324,LeaderAccept
1785413491065,false,1785413491348,LeaderAccept
1785413491090,true,1785413491374,LeaderAccept
1785413491116,false,1785413491399,LeaderAccept
1785413491142,false,1785413491425,LeaderAccept
1785413491169,true,1785413491452,LeaderAccept
1785413491195,true,1785413491479,LeaderAccept
1785413491222,false,1785413491505,LeaderAccept
1785413491249,false,1785413491532,LeaderAccept
1785413491276,true,1785413491559,LeaderAccept
1785413491304,true,1785413491587,LeaderAccept
1785413491332,false,1785413491615,LeaderAccept
1785413491361,true,1785413491645,LeaderAccept
1785413491391,false,1785413491674,LeaderAccept
1785413491421,true,1785413491704,LeaderAccept
1785413491452,true,1785413491735,LeaderAccept
1785413491482,false,1785413491765,LeaderAccept
1785413491513,true,1785413491796,LeaderAccept
1785413491544,true,1785413491828,LeaderAccept
1785413491576,false,1785413491859,LeaderAccept
1785413491609,false,1785413491892,LeaderAccept
1785413491641,false,1785413491925,LeaderAccept
1785413491676,false,1785413491959,LeaderAccept
1785413491709,true,1785413491992,LeaderAccept
1785413491743,true,1785413492026,LeaderAccept
1785413491778,false,1785413492061,LeaderAccept
1785413491815,true,1785413492098,LeaderAccept
1785413491851,true,1785413492135,LeaderAccept
1785413491888,true,1785413492171,LeaderAccept
1785413491926,true,1785413492210,LeaderAccept
1785413491965,false,1785413492249,LeaderAccept
1785413492005,true,1785413492288,LeaderAccept
1785413492044,true,1785413492327,LeaderAccept
1785413492085,true,1785413492368,LeaderAccept
1785413492126,false,1785413492410,LeaderAccept
1785413492169,false,1785413492452,LeaderAccept
1785413492212,false,1785413492496,LeaderAccept
1785413492257,false,1785413492540,LeaderAccept
1785413492302,true,1785413492586,LeaderAccept
1785413492348,true,1785413492631,LeaderAccept
1785413492395,true,1785413492678,LeaderAccept
1785413492443,false,1785413492727,LeaderAccept
1785413492494,false,1785413492778,LeaderAccept
1785413492544,true,1785413492828,LeaderAccept
1785413492596,false,1785413492879,LeaderAccept
1785413492650,true,1785413492933,LeaderAccept
1785413492705,false,1785413492988,LeaderAccept
1785413492761,false,1785413493045,LeaderAccept
1785413492820,false,1785413493104,LeaderAccept
1785413492879,false,1785413493163,LeaderAccept
1785413492940,true,1785413493224,LeaderAccept
1785413493003,true,1785413493287,LeaderAccept
1785413493068,false,1785413493352,LeaderAccept
1785413493136,true,1785413493419,LeaderAccept
1785413493206,false,1785413493490,LeaderAccept
1785413493277,true,1785413493561,LeaderAccept
1785413493351,false,1785413493635,LeaderAccept
1785413493428,true,1785413493712,LeaderAccept
1785413493508,false,1785413493792,LeaderAccept
1785413493592,false,1785413493875,LeaderAccept
1785413493678,false,1785413493961,LeaderAccept
1785413493768,true,1785413494052,LeaderAccept
1785413493863,false,1785413494147,LeaderAccept
1785413493963,true,1785413494246,LeaderAccept
1785413494068,false,1785413494352,LeaderAccept
1785413494178,true,1785413494461,LeaderAccept
1785413494294,false,1785413494578,LeaderAccept
1785413494416,true,1785413494700,LeaderAccept
1785413494546,true,1785413494830,LeaderAccept
1785413494686,false,1785413494969,LeaderAccept
1785413494834,true,1785413495118,LeaderAccept
1785413494996,true,1785413495280,LeaderAccept
1785413495170,false,1785413495454,LeaderAccept
1785413495359,false,1785413495642,LeaderAccept
1785413495567,false,1785413495851,LeaderAccept
1785413495798,true,1785413496081,LeaderAccept
1785413496058,false,1785413496341,LeaderAccept
1785413496353,false,1785413496637,LeaderAccept
1785413496695,true,1785413496979,LeaderAccept
1785413497102,false,1785413497385,LeaderAccept
1785413497599,true,1785413497883,LeaderAccept
1785413498235,false,1785413498519,LeaderAccept
1785413499111,false,1785413499395,LeaderAccept
1785413500465,false,1785413500749,LeaderAccept
1785413503129,false,1785413503413,LeaderAccept
1785413512992,false,1785413513275,LeaderAccept
1785413513007,true,1785413513291,LeaderAccept
1785413513022,false,1785413513306,LeaderAccept
1785413513037,false,1785413513321,LeaderAccept
1785413513053,false,1785413513336,LeaderAccept
1785413513068,true,1785413513352,LeaderAccept
1785413513085,false,1785413513368,LeaderAccept
1785413513101,false,1785413513384,LeaderAccept
1785413513116,true,1785413513399,LeaderAccept
1785413513133,true,1785413513416,LeaderAccept
1785413513149,false,1785413513432,LeaderAccept
1785413513165,false,1785413513448,LeaderAccept
1785413513181,true,1785413513464,LeaderAccept
1785413513199,true,1785413513482,LeaderAccept
1785413513215,false,1785413513530,LeaderAccept
1785413513231,true,1785413513530,LeaderAccept
1785413513249,true,1785413513531,LeaderAccept
1785413513265,true,1785413513548,LeaderAccept
1785413513282,false,1785413513565,LeaderAccept
1785413513300,false,1785413513584,LeaderAccept
1785413513317,false,1785413513600,LeaderAccept
1785413513335,true,1785413513618,LeaderAccept
1785413513352,true,1785413513635,LeaderAccept
1785413513370,false,1785413513653,LeaderAccept
1785413513388,false,1785413513672,LeaderAccept
1785413513407,true,1785413513689,LeaderAccept
1785413513425,true,1785413513709,LeaderAccept
1785413513444,true,1785413513727,LeaderAccept
1785413513462,true,1785413513745,LeaderAccept
1785413513481,true,1785413513764,LeaderAccept
1785413513500,false,1785413513783,LeaderAccept
1785413513520,false,1785413513802,LeaderAccept
1785413513539,false,1785413513823,LeaderAccept
1785413513560,true,1785413513843,LeaderAccept
1785413513579,true,1785413513862,LeaderAccept
1785413513599,true,1785413513882,LeaderAccept
1785413513619,false,1785413513902,LeaderAccept
1785413513639,true,1785413513922,LeaderAccept
1785413513659,false,1785413513942,LeaderAccept
1785413513680,false,1785413513963,LeaderAccept
1785413513701,false,1785413513984,LeaderAccept
1785413513721,true,1785413514004,LeaderAccept
1785413513742,true,1785413514025,LeaderAccept
1785413513763,false,1785413514047,LeaderAccept
1785413513785,true,1785413514069,LeaderAccept
1785413513808,false,1785413514091,LeaderAccept
1785413513829,true,1785413514112,LeaderAccept
1785413513851,false,1785413514135,LeaderAccept
1785413513874,false,1785413514157,LeaderAccept
1785413513896,true,1785413514179,LeaderAccept
1785413513919,false,1785413514202,LeaderAccept
1785413513944,true,1785413514227,LeaderAccept
1785413513967,false,1785413514250,LeaderAccept
1785413513991,false,1785413514274,LeaderAccept
1785413514015,false,1785413514299,LeaderAccept
1785413514040,false,1785413514323,LeaderAccept
1785413514065,true,1785413514347,LeaderAccept
1785413514089,false,1785413514372,LeaderAccept
1785413514114,false,1785413514397,LeaderAccept
1785413514139,false,1785413514422,LeaderAccept
1785413514165,false,1785413514449,LeaderAccept
1785413514191,true,1785413514475,LeaderAccept
1785413514219,true,1785413514502,LeaderAccept
1785413514245,true,1785413514528,LeaderAccept
1785413514273,false,1785413514555,LeaderAccept
1785413514300,false,1785413514583,LeaderAccept
1785413514328,true,1785413514611,LeaderAccept
1785413514357,false,1785413514640,LeaderAccept
1785413514386,true,1785413514669,LeaderAccept
1785413514414,false,1785413514698,LeaderAccept
1785413514443,true,1785413514726,LeaderAccept
1785413514473,true,1785413514757,LeaderAccept
1785413514505,false,1785413514788,LeaderAccept
1785413514535,true,1785413514819,LeaderAccept
1785413514568,false,1785413514851,LeaderAccept
1785413514600,true,1785413514883,LeaderAccept
1785413514633,false,1785413514917,LeaderAccept
1785413514665,true,1785413514949,LeaderAccept
1785413514700,false,1785413514983,LeaderAccept
1785413514733,false,1785413515017,LeaderAccept
1785413514767,true,1785413515051,LeaderAccept
1785413514803,true,1785413515086,LeaderAccept
1785413514838,true,1785413515122,LeaderAccept
1785413514874,false,1785413515158,LeaderAccept
1785413514912,true,1785413515195,LeaderAccept
1785413514949,true,1785413515232,LeaderAccept
1785413514988,false,1785413515272,LeaderAccept
1785413515026,false,1785413515309,LeaderAccept
1785413515065,false,1785413515349,LeaderAccept
1785413515105,true,1785413515389,LeaderAccept
1785413515146,true,1785413515429,LeaderAccept
1785413515188,false,1785413515472,LeaderAccept
1785413515231,false,1785413515515,LeaderAccept
1785413515275,false,1785413515559,LeaderAccept
1785413515321,true,1785413515604,LeaderAccept
1785413515367,true,1785413515650,LeaderAccept
1785413515413,true,1785413515697,LeaderAccept
1785413515461,true,1785413515745,LeaderAccept
1785413515510,true,1785413515794,LeaderAccept
1785413515561,false,1785413515844,LeaderAccept
1785413515612,false,1785413515896,LeaderAccept
1785413515666,false,1785413515949,LeaderAccept
1785413515720,true,1785413516004,LeaderAccept
1785413515776,false,1785413516060,LeaderAccept
1785413515833,true,1785413516116,LeaderAccept
1785413515893,true,1785413516176,LeaderAccept
1785413515953,false,1785413516237,LeaderAccept
1785413516016,true,1785413516300,LeaderAccept
1785413516080,true,1785413516364,LeaderAccept
1785413516147,true,1785413516430,LeaderAccept
1785413516215,false,1785413516499,LeaderAccept
1785413516286,true,1785413516570,LeaderAccept
1785413516359,true,1785413516643,LeaderAccept
1785413516435,false,1785413516719,LeaderAccept
1785413516515,false,1785413516798,LeaderAccept
1785413516598,false,1785413516881,LeaderAccept
1785413516683,true,1785413516967,LeaderAccept
1785413516772,true,1785413517055,LeaderAccept
1785413516866,true,1785413517149,LeaderAccept
1785413516963,true,1785413517247,LeaderAccept
1785413517067,true,1785413517350,LeaderAccept
1785413517175,false,1785413517458,LeaderAccept
1785413517289,false,1785413517572,LeaderAccept
1785413517410,false,1785413517694,LeaderAccept
1785413517538,false,1785413517821,LeaderAccept
1785413517675,false,1785413517959,LeaderAccept
1785413517820,true,1785413518104,LeaderAccept
1785413517977,false,1785413518261,LeaderAccept
1785413518147,false,1785413518430,LeaderAccept
1785413518331,true,1785413518615,LeaderAccept
1785413518534,true,1785413518818,LeaderAccept
1785413518758,false,1785413519041,LeaderAccept
1785413519008,false,1785413519292,LeaderAccept
1785413519291,true,1785413519575,LeaderAccept
1785413519618,false,1785413519902,LeaderAccept
1785413520002,false,1785413520286,LeaderAccept
1785413520467,false,1785413520751,LeaderAccept
1785413521055,true,1785413521338,LeaderAccept
1785413521841,false,1785413522125,LeaderAccept
1785413523006,true,1785413523290,LeaderAccept
1785413525091,true,1785413525375,LeaderAccept
1785413531003,true,1785413531267,FastAccept
1785413560890,true,1785413561219,LeaderAccept
1785413560914,true,1785413561219,LeaderAccept
1785413560939,true,1785413561234,LeaderAccept
1785413560965,false,1785413561248,LeaderAccept
1785413560990,false,1785413561294,LeaderAccept
1785413561016,true,1785413561319,LeaderAccept
1785413561042,true,1785413561420,LeaderAccept
1785413561070,true,1785413561420,LeaderAccept
1785413561096,false,1785413561420,LeaderAccept
1785413561124,false,1785413561420,LeaderAccept
1785413561151,false,1785413561478,LeaderAccept
1785413561179,true,1785413561478,LeaderAccept
1785413561209,false,1785413561492,LeaderAccept
1785413561238,false,1785413561520,LeaderAccept
1785413561267,false,1785413561550,LeaderAccept
1785413561296,false,1785413561579,LeaderAccept
1785413561326,false,1785413561609,LeaderAccept
1785413561357,false,1785413561640,LeaderAccept
1785413561387,true,1785413561671,LeaderAccept
1785413561418,false,1785413561702,LeaderAccept
1785413561451,false,1785413561733,LeaderAccept
1785413561483,false,1785413561767,LeaderAccept
1785413561516,false,1785413561799,LeaderAccept
1785413561550,true,1785413561833,LeaderAccept
1785413561583,true,1785413561866,LeaderAccept
1785413561617,true,1785413561901,LeaderAccept
1785413561652,true,1785413561936,LeaderAccept
1785413561688,false,1785413561971,LeaderAccept
1785413561725,false,1785413562008,LeaderAccept
1785413561762,false,1785413562045,LeaderAccept
1785413561799,false,1785413562082,LeaderAccept
1785413561838,false,1785413562122,LeaderAccept
1785413561878,false,1785413562161,LeaderAccept
1785413561917,false,1785413562200,LeaderAccept
1785413561957,false,1785413562241,LeaderAccept
1785413561998,false,1785413562282,LeaderAccept
1785413562040,false,1785413562323,LeaderAccept
1785413562084,true,1785413562366,LeaderAccept
1785413562127,true,1785413562411,LeaderAccept
1785413562172,true,1785413562455,LeaderAccept
1785413562218,false,1785413562501,LeaderAccept
1785413562265,false,1785413562548,LeaderAccept
1785413562313,true,1785413562596,LeaderAccept
1785413562363,true,1785413562646,LeaderAccept
1785413562413,false,1785413562697,LeaderAccept
1785413562464,true,1785413562748,LeaderAccept
1785413562518,false,1785413562801,LeaderAccept
1785413562572,false,1785413562855,LeaderAccept
1785413562628,true,1785413562912,LeaderAccept
1785413562686,false,1785413562969,LeaderAccept
1785413562745,false,1785413563028,LeaderAccept
1785413562806,true,1785413563090,LeaderAccept
1785413562869,false,1785413563152,LeaderAccept
1785413562933,false,1785413563216,LeaderAccept
1785413563000,false,1785413563284,LeaderAccept
1785413563070,true,1785413563353,LeaderAccept
1785413563142,false,1785413563425,LeaderAccept
1785413563216,true,1785413563499,LeaderAccept
1785413563292,false,1785413563576,LeaderAccept
1785413563372,false,1785413563655,LeaderAccept
1785413563456,false,1785413563739,LeaderAccept
1785413563543,false,1785413563826,LeaderAccept
1785413563633,false,1785413563917,LeaderAccept
1785413563727,true,1785413564011,LeaderAccept
1785413563826,false,1785413564109,LeaderAccept
1785413563929,false,1785413564213,LeaderAccept
1785413564038,true,1785413564321,LeaderAccept
1785413564154,false,1785413564437,LeaderAccept
1785413564275,false,1785413564559,LeaderAccept
1785413564406,false,1785413564689,LeaderAccept
1785413564545,true,1785413564828,LeaderAccept
1785413564692,false,1785413564976,LeaderAccept
1785413564851,true,1785413565135,LeaderAccept
1785413565023,false,1785413565307,LeaderAccept
1785413565210,true,1785413565494,LeaderAccept
1785413565417,false,1785413565700,LeaderAccept
1785413565645,false,1785413565928,LeaderAccept
1785413565901,false,1785413566184,LeaderAccept
1785413566191,false,1785413566475,LeaderAccept
1785413566527,true,1785413566812,LeaderAccept
1785413566924,true,1785413567208,LeaderAccept
1785413567409,true,1785413567692,LeaderAccept
1785413568024,false,1785413568307,LeaderAccept
1785413568861,false,1785413569145,LeaderAccept
1785413570133,true,1785413570417,LeaderAccept
1785413572533,true,1785413572818,LeaderAccept
1785413580499,true,1785413580762,FastAccept
1785413600369,false,1785413600632,FastAccept
1785413600409,true,1785413600693,LeaderAccept
1785413600449,true,1785413600734,LeaderAccept
1785413600491,true,1785413600775,LeaderAccept
1785413600533,true,1785413600817,LeaderAccept
1785413600577,true,1785413600861,LeaderAccept
1785413600620,true,1785413600904,LeaderAccept
1785413600666,false,1785413600950,LeaderAccept
1785413600711,false,1785413600995,LeaderAccept
1785413600758,true,1785413601042,LeaderAccept
1785413600807,true,1785413601090,LeaderAccept
1785413600857,true,1785413601140,LeaderAccept
1785413600907,false,1785413601190,LeaderAccept
1785413600959,false,1785413601243,LeaderAccept
1785413601013,false,1785413601297,LeaderAccept
1785413601067,false,1785413601351,LeaderAccept
1785413601123,false,1785413601407,LeaderAccept
1785413601181,false,1785413601465,LeaderAccept
1785413601241,true,1785413601524,LeaderAccept
1785413601301,false,1785413601585,LeaderAccept
1785413601365,false,1785413601648,LeaderAccept
1785413601429,false,1785413601712,LeaderAccept
1785413601496,true,1785413601780,LeaderAccept
1785413601565,true,1785413601849,LeaderAccept
1785413601637,false,1785413601921,LeaderAccept
1785413601712,true,1785413601995,LeaderAccept
1785413601788,true,1785413602071,LeaderAccept
1785413601867,false,1785413602151,LeaderAccept
1785413601950,false,1785413602234,LeaderAccept
1785413602038,false,1785413602321,LeaderAccept
1785413602129,false,1785413602412,LeaderAccept
1785413602223,true,1785413602507,LeaderAccept
1785413602323,true,1785413602606,LeaderAccept
1785413602426,true,1785413602710,LeaderAccept
1785413602536,false,1785413602820,LeaderAccept
1785413602652,false,1785413602935,LeaderAccept
1785413602774,true,1785413603058,LeaderAccept
1785413602904,true,1785413603188,LeaderAccept
1785413603043,false,1785413603327,LeaderAccept
1785413603191,true,1785413603475,LeaderAccept
1785413603351,false,1785413603635,LeaderAccept
1785413603524,false,1785413603808,LeaderAccept
1785413603713,false,1785413603997,LeaderAccept
1785413603920,false,1785413604204,LeaderAccept
1785413604150,true,1785413604434,LeaderAccept
1785413604408,true,1785413604692,LeaderAccept
1785413604701,true,1785413604985,LeaderAccept
1785413605039,false,1785413605323,LeaderAccept
1785413605440,true,1785413605704,FastAccept
1785413605930,true,1785413606194,FastAccept
1785413606555,true,1785413606819,FastAccept
1785413607410,false,1785413607673,FastAccept
1785413608718,true,1785413608981,FastAccept
1785413611235,false,1785413611498,FastAccept
1785413620091,true,1785413620354,FastAccept
1785413630790,false,1785413631053,FastAccept
1785413630820,true,1785413631084,FastAccept
1785413630852,true,1785413631115,FastAccept
1785413630883,false,1785413631146,FastAccept
1785413630916,true,1785413631179,FastAccept
1785413630948,true,1785413631212,FastAccept
1785413630981,false,1785413631302,FastAccept
1785413631015,true,1785413631302,FastAccept
1785413631049,true,1785413631313,FastAccept
1785413631084,false,1785413631346,FastAccept
1785413631119,false,1785413631382,FastAccept
1785413631154,true,1785413631418,FastAccept
1785413631192,true,1785413631455,FastAccept
1785413631229,false,1785413631492,FastAccept
1785413631266,true,1785413631529,FastAccept
1785413631304,true,1785413631567,FastAccept
1785413631343,true,1785413631606,FastAccept
1785413631382,false,1785413631645,FastAccept
1785413631422,false,1785413631685,FastAccept
1785413631463,false,1785413631726,FastAccept
1785413631505,true,1785413631768,FastAccept
1785413631548,true,1785413631812,FastAccept
1785413631592,true,1785413631856,FastAccept
1785413631637,false,1785413631901,FastAccept
1785413631684,true,1785413631947,FastAccept
1785413631730,true,1785413631994,FastAccept
1785413631778,false,1785413632042,FastAccept
1785413631828,false,1785413632091,FastAccept
1785413631878,false,1785413632141,FastAccept
1785413631930,true,1785413632193,FastAccept
1785413631983,true,1785413632246,FastAccept
1785413632037,true,1785413632301,FastAccept
1785413632093,false,1785413632356,FastAccept
1785413632150,true,1785413632414,FastAccept
1785413632209,false,1785413632472,FastAccept
1785413632270,false,1785413632533,FastAccept
1785413632333,true,1785413632596,FastAccept
1785413632397,false,1785413632661,FastAccept
1785413632465,false,1785413632728,FastAccept
1785413632534,true,1785413632797,FastAccept
1785413632605,false,1785413632869,FastAccept
1785413632679,false,1785413632942,FastAccept
1785413632755,true,1785413633019,FastAccept
1785413632834,true,1785413633097,FastAccept
1785413632918,true,1785413633181,FastAccept
1785413633004,true,1785413633267,FastAccept
1785413633094,false,1785413633358,FastAccept
1785413633188,false,1785413633451,FastAccept
1785413633287,true,1785413633550,FastAccept
1785413633390,true,1785413633653,FastAccept
1785413633499,false,1785413633762,FastAccept
1785413633613,true,1785413633877,FastAccept
1785413633735,true,1785413633998,FastAccept
1785413633863,true,1785413634127,FastAccept
1785413634001,false,1785413634264,FastAccept
1785413634148,true,1785413634412,FastAccept
1785413634307,true,1785413634570,FastAccept
1785413634478,true,1785413634742,FastAccept
1785413634665,true,1785413634929,FastAccept
1785413634870,true,1785413635133,FastAccept
1785413635097,true,1785413635360,FastAccept
1785413635351,true,1785413635635,LeaderAccept
1785413635639,false,1785413635923,LeaderAccept
1785413635972,false,1785413636255,LeaderAccept
1785413636364,true,1785413636648,LeaderAccept
1785413636842,true,1785413637125,LeaderAccept
1785413637448,true,1785413637732,LeaderAccept
1785413638269,true,1785413638552,LeaderAccept
1785413639470,false,1785413639754,LeaderAccept
1785413639498,true,1785413639781,LeaderAccept
1785413639525,true,1785413639808,LeaderAccept
1785413639552,true,1785413639835,LeaderAccept
1785413639580,true,1785413639864,LeaderAccept
1785413639608,true,1785413639891,LeaderAccept
1785413639638,false,1785413639922,LeaderAccept
1785413639666,true,1785413639950,LeaderAccept
1785413639695,true,1785413639979,LeaderAccept
1785413639725,false,1785413640009,LeaderAccept
1785413639755,true,1785413640038,LeaderAccept
1785413639785,true,1785413640068,LeaderAccept
1785413639816,true,1785413640100,LeaderAccept
1785413639848,false,1785413640132,LeaderAccept
1785413639881,false,1785413640164,LeaderAccept
1785413639914,true,1785413640197,LeaderAccept
1785413639947,true,1785413640230,LeaderAccept
1785413639980,true,1785413640264,LeaderAccept
1785413640015,true,1785413640298,LeaderAccept
1785413640050,true,1785413640333,LeaderAccept
1785413640086,false,1785413640369,LeaderAccept
1785413640122,false,1785413640406,LeaderAccept
1785413640158,true,1785413640441,LeaderAccept
1785413640196,true,1785413640479,LeaderAccept
1785413640234,false,1785413640517,LeaderAccept
1785413640272,true,1785413640556,LeaderAccept
1785413640312,false,1785413640596,LeaderAccept
1785413640352,true,1785413640635,LeaderAccept
1785413640392,true,1785413640676,LeaderAccept
1785413640434,false,1785413640718,LeaderAccept
1785413640477,false,1785413640760,LeaderAccept
1785413640520,false,1785413640805,LeaderAccept
1785413640566,false,1785413640850,LeaderAccept
1785413640611,false,1785413640895,LeaderAccept
1785413640657,false,1785413640941,LeaderAccept
1785413640704,false,1785413640989,LeaderAccept
1785413640753,true,1785413641036,LeaderAccept
1785413640803,false,1785413641087,LeaderAccept
1785413640853,true,1785413641137,LeaderAccept
1785413640905,false,1785413641188,LeaderAccept
1785413640958,false,1785413641242,LeaderAccept
1785413641014,true,1785413641297,LeaderAccept
1785413641070,true,1785413641354,LeaderAccept
1785413641128,true,1785413641411,LeaderAccept
1785413641187,true,1785413641471,LeaderAccept
1785413641248,true,1785413641532,LeaderAccept
1785413641312,false,1785413641595,LeaderAccept
1785413641377,true,1785413641661,LeaderAccept
1785413641445,false,1785413641728,LeaderAccept
1785413641514,false,1785413641798,LeaderAccept
1785413641586,false,1785413641870,LeaderAccept
1785413641661,true,1785413641945,LeaderAccept
1785413641738,false,1785413642022,LeaderAccept
1785413641819,false,1785413642103,LeaderAccept
1785413641903,false,1785413642188,LeaderAccept
1785413641991,true,1785413642275,LeaderAccept
1785413642082,true,1785413642366,LeaderAccept
1785413642178,false,1785413642462,LeaderAccept
1785413642279,true,1785413642562,LeaderAccept
1785413642384,true,1785413642668,LeaderAccept
1785413642495,false,1785413642779,LeaderAccept
1785413642613,true,1785413642897,LeaderAccept
1785413642737,true,1785413643021,LeaderAccept
1785413642869,false,1785413643153,LeaderAccept
1785413643010,false,1785413643294,LeaderAccept
1785413643162,false,1785413643445,LeaderAccept
1785413643326,false,1785413643609,LeaderAccept
1785413643504,false,1785413643787,LeaderAccept
1785413643698,false,1785413643982,LeaderAccept
1785413643910,false,1785413644194,LeaderAccept
1785413644146,false,1785413644430,LeaderAccept
1785413644412,false,1785413644696,LeaderAccept
1785413644716,false,1785413645000,LeaderAccept
1785413645070,true,1785413645355,LeaderAccept
1785413645491,true,1785413645775,LeaderAccept
1785413646011,false,1785413646295,LeaderAccept
1785413646510,true,1785413646793,LeaderAccept
1785413646536,true,1785413646819,LeaderAccept
1785413646563,true,1785413646846,LeaderAccept
1785413646589,true,1785413646872,LeaderAccept
1785413646616,true,1785413646899,LeaderAccept
1785413646645,false,1785413646928,LeaderAccept
1785413646672,true,1785413646955,LeaderAccept
1785413646701,true,1785413646984,LeaderAccept
1785413646730,false,1785413647013,LeaderAccept
1785413646758,false,1785413647041,LeaderAccept
1785413646788,true,1785413647071,LeaderAccept
1785413646817,false,1785413647100,LeaderAccept
1785413646848,false,1785413647131,LeaderAccept
1785413646879,false,1785413647162,LeaderAccept
1785413646910,true,1785413647193,LeaderAccept
1785413646941,true,1785413647225,LeaderAccept
1785413646973,false,1785413647257,LeaderAccept
1785413647006,true,1785413647289,LeaderAccept
1785413647040,true,1785413647324,LeaderAccept
1785413647073,false,1785413647356,LeaderAccept
1785413647107,true,1785413647391,LeaderAccept
1785413647142,false,1785413647426,LeaderAccept
1785413647177,false,1785413647461,LeaderAccept
1785413647213,true,1785413647496,LeaderAccept
1785413647249,false,1785413647533,LeaderAccept
1785413647286,false,1785413647570,LeaderAccept
1785413647324,true,1785413647607,LeaderAccept
1785413647362,true,1785413647646,LeaderAccept
1785413647401,true,1785413647684,LeaderAccept
1785413647441,false,1785413647725,LeaderAccept
1785413647481,true,1785413647765,LeaderAccept
1785413647522,true,1785413647806,LeaderAccept
1785413647564,true,1785413647848,LeaderAccept
1785413647608,true,1785413647891,LeaderAccept
1785413647653,false,1785413647936,LeaderAccept
1785413647698,false,1785413647982,LeaderAccept
1785413647745,true,1785413648028,LeaderAccept
1785413647792,false,1785413648076,LeaderAccept
1785413647840,true,1785413648124,LeaderAccept
1785413647890,false,1785413648174,LeaderAccept
1785413647940,true,1785413648224,LeaderAccept
1785413647992,false,1785413648276,LeaderAccept
1785413648045,false,1785413648328,LeaderAccept
1785413648099,false,1785413648382,LeaderAccept
1785413648155,false,1785413648438,LeaderAccept
1785413648212,true,1785413648495,LeaderAccept
1785413648271,true,1785413648555,LeaderAccept
1785413648332,true,1785413648616,LeaderAccept
1785413648395,true,1785413648678,LeaderAccept
1785413648460,true,1785413648744,LeaderAccept
1785413648527,false,1785413648811,LeaderAccept
1785413648596,false,1785413648880,LeaderAccept
1785413648668,true,1785413648952,LeaderAccept
1785413648744,false,1785413649027,LeaderAccept
1785413648821,true,1785413649104,LeaderAccept
1785413648901,false,1785413649185,LeaderAccept
1785413648985,true,1785413649269,LeaderAccept
1785413649072,true,1785413649356,LeaderAccept
1785413649163,false,1785413649446,LeaderAccept
1785413649257,true,1785413649542,LeaderAccept
1785413649357,false,1785413649641,LeaderAccept
1785413649461,true,1785413649745,LeaderAccept
1785413649571,false,1785413649855,LeaderAccept
1785413649687,true,1785413649971,LeaderAccept
1785413649810,true,1785413650094,LeaderAccept
1785413649941,true,1785413650225,LeaderAccept
1785413650080,false,1785413650364,LeaderAccept
1785413650229,true,1785413650513,LeaderAccept
1785413650390,false,1785413650674,LeaderAccept
1785413650564,false,1785413650848,LeaderAccept
1785413650754,false,1785413651038,LeaderAccept
1785413650963,true,1785413651248,LeaderAccept
1785413651196,false,1785413651480,LeaderAccept
1785413651456,true,1785413651740,LeaderAccept
1785413651752,true,1785413652036,LeaderAccept
1785413652095,false,1785413652379,LeaderAccept
1785413652502,false,1785413652784,LeaderAccept
1785413653001,true,1785413653265,FastAccept
1785413653641,false,1785413653905,FastAccept
1785413654522,false,1785413654804,LeaderAccept
1785413655888,false,1785413655967,FastAccept
1785413658592,false,1785413658671,FastAccept
1785413669044,true,1785413669140,LeaderAccept
1785413724232,false,1785413724462,SlowAccept
1785413724260,false,1785413724462,FastAccept
1785413724289,false,1785413724462,FastAccept
1785413724317,true,1785413724462,FastAccept
1785413724346,false,1785413724462,FastAccept
1785413724377,true,1785413724607,SlowAccept
1785413724406,true,1785413724636,LeaderAccept
1785413724436,false,1785413724667,LeaderAccept
1785413724468,false,1785413724698,LeaderAccept
1785413724499,true,1785413724729,LeaderAccept
1785413724530,true,1785413724760,LeaderAccept
1785413724563,true,1785413724793,LeaderAccept
1785413724595,false,1785413724692,LeaderAccept
1785413724628,true,1785413724725,LeaderAccept
1785413724662,false,1785413724758,LeaderAccept
1785413724696,false,1785413724793,LeaderAccept
1785413724731,false,1785413724828,LeaderAccept
1785413724766,true,1785413724862,LeaderAccept
1785413724802,false,1785413724898,LeaderAccept
1785413724838,false,1785413724935,LeaderAccept
1785413724876,true,1785413724972,LeaderAccept
1785413724913,true,1785413725010,LeaderAccept
1785413724952,false,1785413725048,LeaderAccept
1785413724991,false,1785413725088,LeaderAccept
1785413725032,false,1785413725128,LeaderAccept
1785413725073,true,1785413725169,LeaderAccept
1785413725114,false,1785413725210,LeaderAccept
1785413725157,true,1785413725254,LeaderAccept
1785413725201,true,1785413725297,LeaderAccept
1785413725246,false,1785413725342,LeaderAccept
1785413725291,true,1785413725388,LeaderAccept
1785413725338,false,1785413725434,LeaderAccept
1785413725386,true,1785413725483,LeaderAccept
1785413725435,false,1785413725531,LeaderAccept
1785413725485,true,1785413725581,LeaderAccept
1785413725536,false,1785413725633,LeaderAccept
1785413725589,true,1785413725685,LeaderAccept
1785413725643,true,1785413725740,LeaderAccept
1785413725698,false,1785413725794,LeaderAccept
1785413725755,false,1785413725852,LeaderAccept
1785413725813,true,1785413725910,LeaderAccept
1785413725873,false,1785413725969,LeaderAccept
1785413725936,false,1785413726032,LeaderAccept
1785413726000,true,1785413726096,LeaderAccept
1785413726065,true,1785413726162,LeaderAccept
1785413726134,true,1785413726230,LeaderAccept
1785413726204,false,1785413726301,LeaderAccept
1785413726278,true,1785413726374,LeaderAccept
1785413726353,false,1785413726449,LeaderAccept
1785413726432,false,1785413726528,LeaderAccept
1785413726513,true,1785413726610,LeaderAccept
1785413726598,true,1785413726694,LeaderAccept
1785413726686,false,1785413726783,LeaderAccept
1785413726779,false,1785413726875,LeaderAccept
1785413726876,false,1785413726973,LeaderAccept
1785413726979,true,1785413727075,LeaderAccept
1785413727086,true,1785413727182,LeaderAccept
1785413727199,false,1785413727296,LeaderAccept
1785413727317,false,1785413727414,LeaderAccept
1785413727443,false,1785413727540,LeaderAccept
1785413727577,false,1785413727674,LeaderAccept
1785413727720,true,1785413727817,LeaderAccept
1785413727874,false,1785413727972,LeaderAccept
1785413728040,false,1785413728137,LeaderAccept
1785413728221,false,1785413728319,LeaderAccept
1785413728419,true,1785413728516,LeaderAccept
1785413728637,false,1785413728734,LeaderAccept
1785413728881,true,1785413728977,LeaderAccept
1785413729156,true,1785413729252,LeaderAccept
1785413729471,true,1785413729567,LeaderAccept
1785413729839,true,1785413729936,LeaderAccept
1785413730281,true,1785413730378,LeaderAccept
1785413730833,false,1785413730930,LeaderAccept
1785413731561,false,1785413731657,LeaderAccept
1785413732606,true,1785413732703,LeaderAccept
1785413734368,true,1785413734465,LeaderAccept
1785413738618,false,1785413738849,LeaderAccept
1785413746530,true,1785413746626,LeaderAccept
1785413746545,true,1785413746642,LeaderAccept
1785413746560,false,1785413746657,LeaderAccept
1785413746577,false,1785413746673,LeaderAccept
1785413746592,false,1785413746689,LeaderAccept
1785413746608,true,1785413746705,LeaderAccept
1785413746625,false,1785413746722,LeaderAccept
1785413746641,false,1785413746738,LeaderAccept
1785413746657,true,1785413746753,LeaderAccept
1785413746673,false,1785413746769,LeaderAccept
1785413746689,true,1785413746785,LeaderAccept
1785413746705,true,1785413746801,LeaderAccept
1785413746723,true,1785413746819,LeaderAccept
1785413746740,false,1785413746836,LeaderAccept
1785413746756,false,1785413746853,LeaderAccept
1785413746774,true,1785413746870,LeaderAccept
1785413746792,true,1785413746888,LeaderAccept
1785413746809,false,1785413746906,LeaderAccept
1785413746827,true,1785413746924,LeaderAccept
1785413746846,true,1785413746942,LeaderAccept
1785413746863,true,1785413746960,LeaderAccept
1785413746881,true,1785413746978,LeaderAccept
1785413746899,false,1785413746995,LeaderAccept
1785413746918,true,1785413747015,LeaderAccept
1785413746936,true,1785413747032,LeaderAccept
1785413746955,true,1785413747051,LeaderAccept
1785413746973,true,1785413747070,LeaderAccept
1785413746992,true,1785413747089,LeaderAccept
1785413747012,false,1785413747108,LeaderAccept
1785413747031,false,1785413747128,LeaderAccept
1785413747051,false,1785413747147,LeaderAccept
1785413747070,true,1785413747167,LeaderAccept
1785413747090,true,1785413747186,LeaderAccept
1785413747110,true,1785413747207,LeaderAccept
1785413747130,true,1785413747226,LeaderAccept
1785413747150,true,1785413747247,LeaderAccept
1785413747171,false,1785413747267,LeaderAccept
1785413747191,true,1785413747288,LeaderAccept
1785413747212,true,1785413747309,LeaderAccept
1785413747233,false,1785413747330,LeaderAccept
1785413747255,false,1785413747352,LeaderAccept
1785413747277,false,1785413747373,LeaderAccept
1785413747298,true,1785413747395,LeaderAccept
1785413747320,true,1785413747417,LeaderAccept
1785413747342,false,1785413747439,LeaderAccept
1785413747365,true,1785413747461,LeaderAccept
1785413747387,false,1785413747484,LeaderAccept
1785413747411,false,1785413747507,LeaderAccept
1785413747434,true,1785413747530,LeaderAccept
1785413747458,true,1785413747554,LeaderAccept
1785413747481,true,1785413747578,LeaderAccept
1785413747505,false,1785413747601,LeaderAccept
1785413747529,false,1785413747626,LeaderAccept
1785413747554,true,1785413747650,LeaderAccept
1785413747579,true,1785413747675,LeaderAccept
1785413747604,true,1785413747700,LeaderAccept
1785413747631,false,1785413747727,LeaderAccept
1785413747656,false,1785413747753,LeaderAccept
1785413747682,false,1785413747778,LeaderAccept
1785413747709,false,1785413747805,LeaderAccept
1785413747736,true,1785413747832,LeaderAccept
1785413747763,true,1785413747860,LeaderAccept
1785413747790,true,1785413747886,LeaderAccept
1785413747819,false,1785413747914,LeaderAccept
1785413747847,false,1785413747944,LeaderAccept
1785413747876,false,1785413747972,LeaderAccept
1785413747906,false,1785413748002,LeaderAccept
1785413747936,false,1785413748032,LeaderAccept
1785413747965,false,1785413748062,LeaderAccept
1785413747995,true,1785413748091,LeaderAccept
1785413748026,true,1785413748123,LeaderAccept
1785413748057,true,1785413748153,LeaderAccept
1785413748088,true,1785413748184,LeaderAccept
1785413748120,false,1785413748216,LeaderAccept
1785413748152,false,1785413748248,LeaderAccept
1785413748186,false,1785413748282,LeaderAccept
1785413748220,true,1785413748316,LeaderAccept
1785413748254,true,1785413748351,LeaderAccept
1785413748289,true,1785413748386,LeaderAccept
1785413748326,true,1785413748422,LeaderAccept
1785413748362,true,1785413748458,LeaderAccept
1785413748399,true,1785413748495,LeaderAccept
1785413748436,false,1785413748533,LeaderAccept
1785413748474,false,1785413748571,LeaderAccept
1785413748514,true,1785413748610,LeaderAccept
1785413748553,false,1785413748650,LeaderAccept
1785413748594,true,1785413748690,LeaderAccept
1785413748635,true,1785413748732,LeaderAccept
1785413748676,false,1785413748773,LeaderAccept
1785413748720,true,1785413748816,LeaderAccept
1785413748763,false,1785413748859,LeaderAccept
1785413748807,true,1785413748904,LeaderAccept
1785413748853,false,1785413748949,LeaderAccept
1785413748900,true,1785413748996,LeaderAccept
1785413748948,true,1785413749044,LeaderAccept
1785413748996,false,1785413749092,LeaderAccept
1785413749046,true,1785413749143,LeaderAccept
1785413749098,false,1785413749194,LeaderAccept
1785413749150,false,1785413749247,LeaderAccept
1785413749204,false,1785413749301,LeaderAccept
1785413749261,false,1785413749357,LeaderAccept
1785413749318,false,1785413749415,LeaderAccept
1785413749376,true,1785413749473,LeaderAccept
1785413749436,true,1785413749533,LeaderAccept
1785413749498,true,1785413749595,LeaderAccept
1785413749562,false,1785413749658,LeaderAccept
1785413749629,true,1785413749725,LeaderAccept
1785413749697,true,1785413749794,LeaderAccept
1785413749768,true,1785413749865,LeaderAccept
1785413749842,false,1785413749938,LeaderAccept
1785413749918,false,1785413750014,LeaderAccept
1785413749996,true,1785413750093,LeaderAccept
1785413750079,true,1785413750176,LeaderAccept
1785413750163,true,1785413750260,LeaderAccept
1785413750252,false,1785413750348,LeaderAccept
1785413750344,false,1785413750441,LeaderAccept
1785413750441,true,1785413750537,LeaderAccept
1785413750543,true,1785413750640,LeaderAccept
1785413750650,true,1785413750747,LeaderAccept
1785413750764,false,1785413750860,LeaderAccept
1785413750884,true,1785413750980,LeaderAccept
1785413751010,false,1785413751108,LeaderAccept
1785413751146,false,1785413751243,LeaderAccept
1785413751290,false,1785413751387,LeaderAccept
1785413751445,true,1785413751541,LeaderAccept
1785413751613,true,1785413751710,LeaderAccept
1785413751795,false,1785413751877,FastAccept
1785413751994,false,1785413752225,LeaderAccept
1785413752214,false,1785413752311,LeaderAccept
1785413752460,true,1785413752557,LeaderAccept
1785413752738,false,1785413752820,FastAccept
1785413753057,false,1785413753139,FastAccept
1785413753431,true,1785413753513,FastAccept
1785413753883,false,1785413753964,FastAccept
1785413754447,true,1785413754543,LeaderAccept
1785413755195,true,1785413755292,LeaderAccept
1785413756282,true,1785413756379,LeaderAccept
1785413758152,false,1785413758249,LeaderAccept
1785413761626,false,1785413761722,LeaderAccept
1785413761651,true,1785413761748,LeaderAccept
1785413761678,false,1785413761774,LeaderAccept
1785413761703,false,1785413761799,LeaderAccept
1785413761729,true,1785413761825,LeaderAccept
1785413761756,false,1785413761852,LeaderAccept
1785413761782,true,1785413761878,LeaderAccept
1785413761809,false,1785413761906,LeaderAccept
1785413761838,false,1785413761934,LeaderAccept
1785413761866,true,1785413761962,LeaderAccept
1785413761895,false,1785413761991,LeaderAccept
1785413761923,true,1785413762019,LeaderAccept
1785413761953,true,1785413762049,LeaderAccept
1785413761982,false,1785413762079,LeaderAccept
1785413762012,false,1785413762109,LeaderAccept
1785413762044,true,1785413762140,LeaderAccept
1785413762075,false,1785413762171,LeaderAccept
1785413762106,true,1785413762202,LeaderAccept
1785413762138,false,1785413762234,LeaderAccept
1785413762170,true,1785413762266,LeaderAccept
1785413762204,false,1785413762300,LeaderAccept
1785413762237,false,1785413762334,LeaderAccept
1785413762272,true,1785413762368,LeaderAccept
1785413762306,false,1785413762402,LeaderAccept
1785413762341,false,1785413762437,LeaderAccept
1785413762376,true,1785413762472,LeaderAccept
1785413762413,true,1785413762508,LeaderAccept
1785413762450,false,1785413762546,LeaderAccept
1785413762487,true,1785413762583,LeaderAccept
1785413762526,true,1785413762622,LeaderAccept
1785413762564,true,1785413762661,LeaderAccept
1785413762605,true,1785413762702,LeaderAccept
1785413762645,false,1785413762742,LeaderAccept
1785413762686,false,1785413762782,LeaderAccept
1785413762728,true,1785413762824,LeaderAccept
1785413762771,false,1785413762867,LeaderAccept
1785413762815,true,1785413762912,LeaderAccept
1785413762860,true,1785413762956,LeaderAccept
1785413762906,false,1785413763002,LeaderAccept
1785413762952,true,1785413763048,LeaderAccept
1785413763000,false,1785413763096,LeaderAccept
1785413763050,false,1785413763146,LeaderAccept
1785413763101,false,1785413763197,LeaderAccept
1785413763152,false,1785413763248,LeaderAccept
1785413763204,false,1785413763300,LeaderAccept
1785413763258,true,1785413763355,LeaderAccept
1785413763315,true,1785413763411,LeaderAccept
1785413763372,true,1785413763469,LeaderAccept
1785413763432,false,1785413763528,LeaderAccept
1785413763492,true,1785413763588,LeaderAccept
1785413763554,true,1785413763651,LeaderAccept
1785413763619,true,1785413763715,LeaderAccept
1785413763685,false,1785413763781,LeaderAccept
1785413763754,false,1785413763850,LeaderAccept
1785413763825,true,1785413763921,LeaderAccept
1785413763899,false,1785413763995,LeaderAccept
1785413763975,false,1785413764072,LeaderAccept
1785413764054,true,1785413764151,LeaderAccept
1785413764136,false,1785413764233,LeaderAccept
1785413764222,true,1785413764318,LeaderAccept
1785413764311,false,1785413764407,LeaderAccept
1785413764405,false,1785413764501,LeaderAccept
1785413764504,false,1785413764600,LeaderAccept
1785413764606,true,1785413764703,LeaderAccept
1785413764715,false,1785413764811,LeaderAccept
1785413764830,true,1785413764926,LeaderAccept
1785413764950,false,1785413765048,LeaderAccept
1785413765079,false,1785413765175,LeaderAccept
1785413765215,true,1785413765312,LeaderAccept
1785413765361,false,1785413765458,LeaderAccept
1785413765518,true,1785413765614,LeaderAccept
1785413765688,true,1785413765784,LeaderAccept
1785413765873,true,1785413765969,LeaderAccept
1785413766075,false,1785413766172,LeaderAccept
1785413766300,true,1785413766396,LeaderAccept
1785413766551,true,1785413766647,LeaderAccept
1785413766834,true,1785413766931,LeaderAccept
1785413767161,true,1785413767258,LeaderAccept
1785413767545,false,1785413767641,LeaderAccept
1785413768012,true,1785413768108,LeaderAccept
1785413768599,true,1785413768695,LeaderAccept
1785413769386,true,1785413769483,LeaderAccept
1785413770554,true,1785413770651,LeaderAccept
1785413772647,true,1785413772726,FastAccept
1785413778605,true,1785413778684,FastAccept
1785413802883,true,1785413803192,LeaderAccept
1785413802913,false,1785413803222,LeaderAccept
1785413802944,false,1785413803254,LeaderAccept
1785413802977,true,1785413803287,LeaderAccept
1785413803009,false,1785413803319,LeaderAccept
1785413803041,true,1785413803351,LeaderAccept
1785413803074,false,1785413803256,LeaderAccept
1785413803108,true,1785413803291,LeaderAccept
1785413803142,true,1785413803325,LeaderAccept
1785413803177,true,1785413803360,LeaderAccept
1785413803213,false,1785413803395,LeaderAccept
1785413803249,false,1785413803431,LeaderAccept
1785413803286,false,1785413803469,LeaderAccept
1785413803324,false,1785413803506,LeaderAccept
1785413803361,true,1785413803543,LeaderAccept
1785413803400,false,1785413803581,LeaderAccept
1785413803440,true,1785413803622,LeaderAccept
1785413803480,false,1785413803663,LeaderAccept
1785413803521,false,1785413803703,LeaderAccept
1785413803563,true,1785413803746,LeaderAccept
1785413803607,true,1785413803789,LeaderAccept
1785413803650,false,1785413803832,LeaderAccept
1785413803694,false,1785413803877,LeaderAccept
1785413803740,true,1785413803922,LeaderAccept
1785413803786,false,1785413803969,LeaderAccept
1785413803835,false,1785413804017,LeaderAccept
1785413803883,false,1785413804065,LeaderAccept
1785413803933,true,1785413804115,LeaderAccept
1785413803984,false,1785413804166,LeaderAccept
1785413804036,true,1785413804218,LeaderAccept
1785413804090,true,1785413804272,LeaderAccept
1785413804146,false,1785413804329,LeaderAccept
1785413804202,true,1785413804385,LeaderAccept
1785413804261,true,1785413804443,LeaderAccept
1785413804320,false,1785413804503,LeaderAccept
1785413804382,true,1785413804565,LeaderAccept
1785413804445,true,1785413804628,LeaderAccept
1785413804511,false,1785413804693,LeaderAccept
1785413804578,true,1785413804760,LeaderAccept
1785413804648,true,1785413804830,LeaderAccept
1785413804721,true,1785413804903,LeaderAccept
1785413804796,true,1785413804979,LeaderAccept
1785413804874,true,1785413805057,LeaderAccept
1785413804955,false,1785413805138,LeaderAccept
1785413805040,true,1785413805223,LeaderAccept
1785413805128,true,1785413805311,LeaderAccept
1785413805220,true,1785413805403,LeaderAccept
1785413805317,false,1785413805499,LeaderAccept
1785413805418,false,1785413805600,LeaderAccept
1785413805524,false,1785413805706,LeaderAccept
1785413805635,false,1785413805818,LeaderAccept
1785413805754,false,1785413805936,LeaderAccept
1785413805879,false,1785413806062,LeaderAccept
1785413806012,true,1785413806195,LeaderAccept
1785413806154,false,1785413806337,LeaderAccept
1785413806307,true,1785413806489,LeaderAccept
1785413806472,false,1785413806655,LeaderAccept
1785413806652,true,1785413806834,LeaderAccept
1785413806847,false,1785413807030,LeaderAccept
1785413807063,true,1785413807373,LeaderAccept
1785413807304,true,1785413807487,LeaderAccept
1785413807574,false,1785413807733,FastAccept
1785413807883,true,1785413808042,FastAccept
1785413808245,true,1785413808404,FastAccept
1785413808677,true,1785413808836,FastAccept
1785413809215,true,1785413809374,FastAccept
1785413809917,false,1785413810076,FastAccept
1785413810914,true,1785413811073,FastAccept
1785413812554,false,1785413812713,FastAccept
1785413816276,true,1785413816435,FastAccept
1785413838937,false,1785413839192,LeaderAccept
1785413838974,false,1785413839192,LeaderAccept
1785413839010,false,1785413839192,LeaderAccept
1785413839047,true,1785413839237,LeaderAccept
1785413839086,true,1785413839268,LeaderAccept
1785413839124,false,1785413839313,LeaderAccept
1785413839163,true,1785413839345,LeaderAccept
1785413839203,true,1785413839386,LeaderAccept
1785413839244,false,1785413839426,LeaderAccept
1785413839286,true,1785413839468,LeaderAccept
1785413839330,true,1785413839512,LeaderAccept
1785413839373,true,1785413839555,LeaderAccept
1785413839419,false,1785413839601,LeaderAccept
1785413839464,true,1785413839646,LeaderAccept
1785413839511,true,1785413839693,LeaderAccept
1785413839559,false,1785413839742,LeaderAccept
1785413839608,true,1785413839790,LeaderAccept
1785413839658,false,1785413839840,LeaderAccept
1785413839710,true,1785413839893,LeaderAccept
1785413839762,false,1785413839945,LeaderAccept
1785413839817,false,1785413839999,LeaderAccept
1785413839872,false,1785413840055,LeaderAccept
1785413839929,false,1785413840111,LeaderAccept
1785413839987,true,1785413840169,LeaderAccept
1785413840047,true,1785413840229,LeaderAccept
1785413840109,true,1785413840291,LeaderAccept
1785413840173,true,1785413840356,LeaderAccept
1785413840240,true,1785413840422,LeaderAccept
1785413840309,false,1785413840491,LeaderAccept
1785413840379,false,1785413840561,LeaderAccept
1785413840452,true,1785413840634,LeaderAccept
1785413840528,true,1785413840710,LeaderAccept
1785413840607,false,1785413840790,LeaderAccept
1785413840690,true,1785413840872,LeaderAccept
1785413840775,true,1785413840958,LeaderAccept
1785413840864,false,1785413841047,LeaderAccept
1785413840957,true,1785413841140,LeaderAccept
1785413841054,true,1785413841236,LeaderAccept
1785413841157,true,1785413841339,LeaderAccept
1785413841265,false,1785413841447,LeaderAccept
1785413841378,true,1785413841561,LeaderAccept
1785413841498,false,1785413841681,LeaderAccept
1785413841625,true,1785413841808,LeaderAccept
1785413841760,false,1785413841942,LeaderAccept
1785413841905,false,1785413842087,LeaderAccept
1785413842060,false,1785413842242,LeaderAccept
1785413842229,true,1785413842411,LeaderAccept
1785413842411,false,1785413842593,LeaderAccept
1785413842612,false,1785413842794,LeaderAccept
1785413842833,false,1785413843016,LeaderAccept
1785413843080,false,1785413843263,LeaderAccept
1785413843359,true,1785413843541,LeaderAccept
1785413843681,true,1785413843863,LeaderAccept
1785413844057,false,1785413844239,LeaderAccept
1785413844511,true,1785413844693,LeaderAccept
1785413845081,true,1785413845263,LeaderAccept
1785413845839,false,1785413846021,LeaderAccept
1785413846944,true,1785413847127,LeaderAccept
1785413848866,false,1785413849025,FastAccept
1785413853886,false,1785413854069,LeaderAccept
1785413875537,false,1785413875696,FastAccept
1785413875576,false,1785413875734,FastAccept
1785413875614,true,1785413875773,FastAccept
1785413875654,false,1785413875812,FastAccept
1785413875693,false,1785413875852,FastAccept
1785413875733,false,1785413875892,FastAccept
1785413875774,true,1785413875933,FastAccept
1785413875817,true,1785413875975,FastAccept
1785413875859,false,1785413876018,FastAccept
1785413875903,true,1785413876062,FastAccept
1785413875948,true,1785413876107,FastAccept
1785413875994,false,1785413876153,FastAccept
1785413876041,true,1785413876200,FastAccept
1785413876089,true,1785413876248,FastAccept
1785413876138,true,1785413876297,FastAccept
1785413876189,true,1785413876347,FastAccept
1785413876240,false,1785413876399,FastAccept
1785413876293,false,1785413876452,FastAccept
1785413876347,true,1785413876506,FastAccept
1785413876403,true,1785413876562,FastAccept
1785413876460,true,1785413876619,FastAccept
1785413876519,false,1785413876678,FastAccept
1785413876579,false,1785413876738,FastAccept
1785413876643,true,1785413876801,FastAccept
1785413876707,false,1785413876866,FastAccept
1785413876775,true,1785413876934,FastAccept
1785413876844,true,1785413877003,FastAccept
1785413876916,true,1785413877075,FastAccept
1785413876989,false,1785413877148,FastAccept
1785413877065,false,1785413877224,FastAccept
1785413877144,true,1785413877303,FastAccept
1785413877226,false,1785413877385,FastAccept
1785413877312,true,1785413877471,FastAccept
1785413877402,false,1785413877561,FastAccept
1785413877496,false,1785413877656,FastAccept
1785413877594,true,1785413877753,FastAccept
1785413877698,true,1785413877857,FastAccept
1785413877807,true,1785413877966,FastAccept
1785413877921,false,1785413878081,FastAccept
1785413878042,true,1785413878201,FastAccept
1785413878170,true,1785413878329,FastAccept
1785413878307,true,1785413878466,FastAccept
1785413878454,false,1785413878613,FastAccept
1785413878611,true,1785413878770,FastAccept
1785413878781,false,1785413878940,FastAccept
1785413878966,true,1785413879125,FastAccept
1785413879169,false,1785413879328,FastAccept
1785413879395,false,1785413879554,FastAccept
1785413879646,true,1785413879805,FastAccept
1785413879931,false,1785413880091,FastAccept
1785413880260,true,1785413880419,FastAccept
1785413880647,false,1785413880806,FastAccept
1785413881117,true,1785413881276,FastAccept
1785413881710,true,1785413881869,FastAccept
1785413882508,true,1785413882667,FastAccept
1785413883696,false,1785413883855,FastAccept
1785413885849,false,1785413886008,FastAccept
1785413892161,true,1785413892344,LeaderAccept
1785413906158,true,1785413906334,LeaderAccept
1785413906173,false,1785413906350,LeaderAccept
1785413906189,true,1785413906366,LeaderAccept
1785413906206,false,1785413906382,LeaderAccept
1785413906221,false,1785413906397,LeaderAccept
1785413906237,true,1785413906413,LeaderAccept
1785413906253,false,1785413906431,LeaderAccept
1785413906270,true,1785413906446,LeaderAccept
1785413906286,true,1785413906462,LeaderAccept
1785413906303,false,1785413906480,LeaderAccept
1785413906321,true,1785413906497,LeaderAccept
1785413906337,true,1785413906514,LeaderAccept
1785413906354,true,1785413906530,LeaderAccept
1785413906371,true,1785413906547,LeaderAccept
1785413906388,false,1785413906565,LeaderAccept
1785413906406,true,1785413906582,LeaderAccept
1785413906425,true,1785413906601,LeaderAccept
1785413906443,true,1785413906619,LeaderAccept
1785413906460,true,1785413906636,LeaderAccept
1785413906478,true,1785413906655,LeaderAccept
1785413906497,true,1785413906674,LeaderAccept
1785413906515,false,1785413906691,LeaderAccept
1785413906534,true,1785413906710,LeaderAccept
1785413906553,true,1785413906729,LeaderAccept
1785413906571,false,1785413906748,LeaderAccept
1785413906590,true,1785413906767,LeaderAccept
1785413906609,true,1785413906785,LeaderAccept
1785413906628,true,1785413906805,LeaderAccept
1785413906649,false,1785413906825,LeaderAccept
1785413906668,true,1785413906845,LeaderAccept
1785413906689,false,1785413906865,LeaderAccept
1785413906710,false,1785413906886,LeaderAccept
1785413906730,false,1785413906906,LeaderAccept
1785413906751,true,1785413906927,LeaderAccept
1785413906772,false,1785413906949,LeaderAccept
1785413906794,false,1785413906969,LeaderAccept
1785413906815,false,1785413906992,LeaderAccept
1785413906837,false,1785413907014,LeaderAccept
1785413906859,false,1785413907036,LeaderAccept
1785413906881,false,1785413907058,LeaderAccept
1785413906904,true,1785413907080,LeaderAccept
1785413906927,true,1785413907104,LeaderAccept
1785413906950,true,1785413907126,LeaderAccept
1785413906973,true,1785413907150,LeaderAccept
1785413906995,true,1785413907172,LeaderAccept
1785413907018,true,1785413907196,LeaderAccept
1785413907041,false,1785413907218,LeaderAccept
1785413907066,true,1785413907242,LeaderAccept
1785413907090,false,1785413907267,LeaderAccept
1785413907115,true,1785413907291,LeaderAccept
1785413907139,true,1785413907316,LeaderAccept
1785413907164,false,1785413907341,LeaderAccept
1785413907190,false,1785413907366,LeaderAccept
1785413907215,false,1785413907391,LeaderAccept
1785413907241,true,1785413907418,LeaderAccept
1785413907267,true,1785413907443,LeaderAccept
1785413907294,true,1785413907470,LeaderAccept
1785413907320,false,1785413907497,LeaderAccept
1785413907347,false,1785413907524,LeaderAccept
1785413907375,true,1785413907552,LeaderAccept
1785413907403,false,1785413907580,LeaderAccept
1785413907431,true,1785413907608,LeaderAccept
1785413907460,true,1785413907637,LeaderAccept
1785413907489,false,1785413907666,LeaderAccept
1785413907519,false,1785413907696,LeaderAccept
1785413907549,true,1785413907726,LeaderAccept
1785413907579,true,1785413907757,LeaderAccept
1785413907610,false,1785413907787,LeaderAccept
1785413907641,false,1785413907818,LeaderAccept
1785413907673,false,1785413907850,LeaderAccept
1785413907706,false,1785413907883,LeaderAccept
1785413907739,true,1785413907916,LeaderAccept
1785413907774,true,1785413907950,LeaderAccept
1785413907808,false,1785413907984,LeaderAccept
1785413907842,false,1785413908019,LeaderAccept
1785413907877,true,1785413908054,LeaderAccept
1785413907914,true,1785413908091,LeaderAccept
1785413907950,true,1785413908127,LeaderAccept
1785413907987,true,1785413908164,LeaderAccept
1785413908026,true,1785413908202,LeaderAccept
1785413908064,false,1785413908241,LeaderAccept
1785413908103,true,1785413908280,LeaderAccept
1785413908143,false,1785413908320,LeaderAccept
1785413908184,false,1785413908361,LeaderAccept
1785413908226,true,1785413908402,LeaderAccept
1785413908269,true,1785413908445,LeaderAccept
1785413908312,true,1785413908489,LeaderAccept
1785413908356,false,1785413908533,LeaderAccept
1785413908401,true,1785413908578,LeaderAccept
1785413908448,true,1785413908625,LeaderAccept
1785413908495,true,1785413908673,LeaderAccept
1785413908544,true,1785413908721,LeaderAccept
1785413908595,true,1785413908771,LeaderAccept
1785413908645,true,1785413908823,LeaderAccept
1785413908697,false,1785413908874,LeaderAccept
1785413908750,true,1785413908927,LeaderAccept
1785413908804,false,1785413908981,LeaderAccept
1785413908861,true,1785413909038,LeaderAccept
1785413908918,false,1785413909095,LeaderAccept
1785413908978,true,1785413909155,LeaderAccept
1785413909039,false,1785413909216,LeaderAccept
1785413909102,true,1785413909279,LeaderAccept
1785413909167,true,1785413909344,LeaderAccept
1785413909234,true,1785413909411,LeaderAccept
1785413909303,false,1785413909480,LeaderAccept
1785413909375,true,1785413909552,LeaderAccept
1785413909449,true,1785413909627,LeaderAccept
1785413909527,false,1785413909704,LeaderAccept
1785413909606,false,1785413909783,LeaderAccept
1785413909689,true,1785413909867,LeaderAccept
1785413909776,true,1785413909953,LeaderAccept
1785413909866,true,1785413910043,LeaderAccept
1785413909961,false,1785413910138,LeaderAccept
1785413910061,true,1785413910237,LeaderAccept
1785413910165,false,1785413910342,LeaderAccept
1785413910276,false,1785413910452,LeaderAccept
1785413910391,false,1785413910568,LeaderAccept
1785413910515,true,1785413910691,LeaderAccept
1785413910646,false,1785413910822,LeaderAccept
1785413910786,true,1785413910963,LeaderAccept
1785413910936,false,1785413911113,LeaderAccept
1785413911096,true,1785413911273,LeaderAccept
1785413911270,false,1785413911447,LeaderAccept
1785413911460,true,1785413911637,LeaderAccept
1785413911669,false,1785413911847,LeaderAccept
1785413911901,false,1785413912078,LeaderAccept
1785413912162,true,1785413912346,SlowAccept
1785413912457,true,1785413912634,LeaderAccept
1785413912800,false,1785413912959,FastAccept
1785413913207,false,1785413913384,LeaderAccept
1785413913706,true,1785413913865,FastAccept
1785413914345,true,1785413914504,FastAccept
1785413915225,true,1785413915384,FastAccept
1785413916590,true,1785413916749,FastAccept
1785413919290,false,1785413919449,FastAccept
1785413929704,true,1785413929864,FastAccept
1785413958963,true,1785413959140,LeaderAccept
1785413958991,false,1785413959168,LeaderAccept
1785413959020,false,1785413959196,LeaderAccept
1785413959049,true,1785413959226,LeaderAccept
1785413959080,true,1785413959257,LeaderAccept
1785413959110,true,1785413959287,LeaderAccept
1785413959140,false,1785413959317,LeaderAccept
1785413959172,false,1785413959348,LeaderAccept
1785413959203,true,1785413959380,LeaderAccept
1785413959235,false,1785413959412,LeaderAccept
1785413959269,false,1785413959445,LeaderAccept
1785413959302,false,1785413959479,LeaderAccept
1785413959335,false,1785413959512,LeaderAccept
1785413959370,true,1785413959546,LeaderAccept
1785413959405,false,1785413959581,LeaderAccept
1785413959441,false,1785413959617,LeaderAccept
1785413959477,true,1785413959654,LeaderAccept
1785413959514,true,1785413959691,LeaderAccept
1785413959552,false,1785413959728,LeaderAccept
1785413959589,false,1785413959766,LeaderAccept
1785413959628,true,1785413959805,LeaderAccept
1785413959668,true,1785413959845,LeaderAccept
1785413959708,false,1785413959885,LeaderAccept
1785413959750,true,1785413959926,LeaderAccept
1785413959791,true,1785413959968,LeaderAccept
1785413959835,true,1785413960012,LeaderAccept
1785413959878,true,1785413960055,LeaderAccept
1785413959922,false,1785413960099,LeaderAccept
1785413959968,true,1785413960145,LeaderAccept
1785413960015,false,1785413960192,LeaderAccept
1785413960062,true,1785413960240,LeaderAccept
1785413960111,true,1785413960288,LeaderAccept
1785413960161,false,1785413960338,LeaderAccept
1785413960213,true,1785413960390,LeaderAccept
1785413960266,true,1785413960442,LeaderAccept
1785413960319,true,1785413960496,LeaderAccept
1785413960374,false,1785413960551,LeaderAccept
1785413960431,true,1785413960608,LeaderAccept
1785413960489,true,1785413960665,LeaderAccept
1785413960550,false,1785413960726,LeaderAccept
1785413960612,false,1785413960789,LeaderAccept
1785413960675,false,1785413960852,LeaderAccept
1785413960742,false,1785413960919,LeaderAccept
1785413960809,false,1785413960987,LeaderAccept
1785413960879,true,1785413961056,LeaderAccept
1785413960952,false,1785413961130,LeaderAccept
1785413961028,false,1785413961205,LeaderAccept
1785413961106,true,1785413961282,LeaderAccept
1785413961187,false,1785413961364,LeaderAccept
1785413961271,false,1785413961448,LeaderAccept
1785413961360,true,1785413961536,LeaderAccept
1785413961451,true,1785413961628,LeaderAccept
1785413961547,true,1785413961724,LeaderAccept
1785413961648,false,1785413961825,LeaderAccept
1785413961755,false,1785413961932,LeaderAccept
1785413961866,true,1785413962044,LeaderAccept
1785413961984,false,1785413962160,LeaderAccept
1785413962109,false,1785413962285,LeaderAccept
1785413962242,true,1785413962419,LeaderAccept
1785413962386,false,1785413962562,LeaderAccept
1785413962539,true,1785413962715,LeaderAccept
1785413962704,true,1785413962881,LeaderAccept
1785413962883,false,1785413963059,LeaderAccept
1785413963079,false,1785413963256,LeaderAccept
1785413963296,false,1785413963473,LeaderAccept
1785413963536,false,1785413963713,LeaderAccept
1785413963807,true,1785413963984,LeaderAccept
1785413964117,false,1785413964294,LeaderAccept
1785413964479,false,1785413964656,LeaderAccept
1785413964913,true,1785413965090,LeaderAccept
1785413965451,false,1785413965628,LeaderAccept
1785413966155,false,1785413966331,LeaderAccept
1785413967155,false,1785413967333,LeaderAccept
1785413968805,false,1785413968982,LeaderAccept
1785413972568,true,1785413972746,LeaderAccept
1785413981030,false,1785413981189,FastAccept
1785413981057,false,1785413981216,FastAccept
1785413981082,false,1785413981241,FastAccept
1785413981109,true,1785413981268,FastAccept
1785413981135,false,1785413981294,FastAccept
1785413981162,false,1785413981334,FastAccept
1785413981189,true,1785413981348,FastAccept
1785413981217,true,1785413981376,FastAccept
1785413981245,true,1785413981405,FastAccept
1785413981273,true,1785413981432,FastAccept
1785413981301,true,1785413981461,FastAccept
1785413981331,false,1785413981490,FastAccept
1785413981361,true,1785413981519,FastAccept
1785413981390,false,1785413981549,FastAccept
1785413981421,true,1785413981579,FastAccept
1785413981451,false,1785413981610,FastAccept
1785413981482,true,1785413981641,FastAccept
1785413981513,true,1785413981672,FastAccept
1785413981546,false,1785413981705,FastAccept
1785413981578,true,1785413981737,FastAccept
1785413981611,true,1785413981770,FastAccept
1785413981645,true,1785413981804,FastAccept
1785413981680,false,1785413981839,FastAccept
1785413981714,false,1785413981873,FastAccept
1785413981750,false,1785413981909,FastAccept
1785413981786,false,1785413981945,FastAccept
1785413981823,false,1785413981982,FastAccept
1785413981861,true,1785413982021,FastAccept
1785413981900,false,1785413982059,FastAccept
1785413981938,true,1785413982098,FastAccept
1785413981978,false,1785413982137,FastAccept
1785413982019,false,1785413982178,FastAccept
1785413982060,false,1785413982219,FastAccept
1785413982103,false,1785413982262,FastAccept
1785413982145,false,1785413982304,FastAccept
1785413982190,false,1785413982349,FastAccept
1785413982234,false,1785413982394,FastAccept
1785413982280,false,1785413982439,FastAccept
1785413982328,false,1785413982487,FastAccept
1785413982375,false,1785413982534,FastAccept
1785413982424,false,1785413982583,FastAccept
1785413982474,true,1785413982633,FastAccept
1785413982526,true,1785413982685,FastAccept
1785413982578,true,1785413982737,FastAccept
1785413982632,false,1785413982792,FastAccept
1785413982688,true,1785413982847,FastAccept
1785413982746,true,1785413982905,FastAccept
1785413982805,false,1785413982964,FastAccept
1785413982865,true,1785413983025,FastAccept
1785413982927,false,1785413983087,FastAccept
1785413982991,false,1785413983150,FastAccept
1785413983058,true,1785413983217,FastAccept
1785413983127,true,1785413983286,FastAccept
1785413983197,false,1785413983357,FastAccept
1785413983271,true,1785413983430,FastAccept
1785413983347,true,1785413983506,FastAccept
1785413983426,true,1785413983585,FastAccept
1785413983509,false,1785413983668,FastAccept
1785413983594,true,1785413983753,FastAccept
1785413983683,true,1785413983842,FastAccept
1785413983776,false,1785413983936,FastAccept
1785413983874,true,1785413984033,FastAccept
1785413983976,true,1785413984135,FastAccept
1785413984085,true,1785413984244,FastAccept
1785413984198,true,1785413984358,FastAccept
1785413984319,true,1785413984478,FastAccept
1785413984447,false,1785413984606,FastAccept
1785413984584,false,1785413984743,FastAccept
1785413984729,true,1785413984888,FastAccept
1785413984885,true,1785413985045,FastAccept
1785413985054,false,1785413985213,FastAccept
1785413985237,true,1785413985397,FastAccept
1785413985439,false,1785413985598,FastAccept
1785413985662,false,1785413985821,FastAccept
1785413985910,false,1785413986070,FastAccept
1785413986191,false,1785413986350,FastAccept
1785413986514,true,1785413986673,FastAccept
1785413986895,false,1785413987054,FastAccept
1785413987354,false,1785413987514,FastAccept
1785413987932,false,1785413988091,FastAccept
1785413988704,true,1785413988863,FastAccept
1785413989840,false,1785413989999,FastAccept
1785413991841,false,1785413992018,LeaderAccept
1785413997282,true,1785413997459,LeaderAccept
1785414015214,true,1785414015433,LeaderAccept
1785414015231,true,1785414015416,SlowAccept
1785414015248,true,1785414015433,SlowAccept
1785414015266,false,1785414015529,LeaderAccept
1785414015283,true,1785414015529,LeaderAccept
1785414015301,true,1785414015529,LeaderAccept
1785414015319,true,1785414015529,LeaderAccept
1785414015337,false,1785414015529,LeaderAccept
1785414015355,false,1785414015548,LeaderAccept
1785414015375,true,1785414015558,LeaderAccept
1785414015393,false,1785414015576,LeaderAccept
1785414015412,true,1785414015596,LeaderAccept
1785414015432,true,1785414015616,LeaderAccept
1785414015451,false,1785414015634,LeaderAccept
1785414015470,true,1785414015654,LeaderAccept
1785414015490,false,1785414015673,LeaderAccept
1785414015509,false,1785414015693,LeaderAccept
1785414015528,false,1785414015711,LeaderAccept
1785414015548,false,1785414015731,LeaderAccept
1785414015568,false,1785414015751,LeaderAccept
1785414015589,true,1785414015772,LeaderAccept
1785414015610,true,1785414015793,LeaderAccept
1785414015631,true,1785414015814,LeaderAccept
1785414015651,true,1785414015834,LeaderAccept
1785414015672,true,1785414015855,LeaderAccept
1785414015693,false,1785414015876,LeaderAccept
1785414015714,true,1785414015898,LeaderAccept
1785414015736,false,1785414015918,LeaderAccept
1785414015759,false,1785414015941,LeaderAccept
1785414015781,true,1785414015964,LeaderAccept
1785414015804,false,1785414015987,LeaderAccept
1785414015826,true,1785414016009,LeaderAccept
1785414015850,false,1785414016033,LeaderAccept
1785414015873,false,1785414016056,LeaderAccept
1785414015896,true,1785414016079,LeaderAccept
1785414015921,false,1785414016103,LeaderAccept
1785414015945,false,1785414016127,LeaderAccept
1785414015969,true,1785414016152,LeaderAccept
1785414015993,false,1785414016176,LeaderAccept
1785414016019,true,1785414016201,LeaderAccept
1785414016045,false,1785414016228,LeaderAccept
1785414016070,true,1785414016253,LeaderAccept
1785414016096,false,1785414016279,LeaderAccept
1785414016122,false,1785414016305,LeaderAccept
1785414016148,false,1785414016332,LeaderAccept
1785414016175,true,1785414016358,LeaderAccept
1785414016202,true,1785414016386,LeaderAccept
1785414016230,true,1785414016412,LeaderAccept
1785414016257,false,1785414016440,LeaderAccept
1785414016285,true,1785414016468,LeaderAccept
1785414016314,false,1785414016497,LeaderAccept
1785414016343,false,1785414016526,LeaderAccept
1785414016372,false,1785414016555,LeaderAccept
1785414016402,true,1785414016585,LeaderAccept
1785414016432,true,1785414016615,LeaderAccept
1785414016463,false,1785414016646,LeaderAccept
1785414016494,false,1785414016676,LeaderAccept
1785414016525,true,1785414016708,LeaderAccept
1785414016557,true,1785414016740,LeaderAccept
1785414016589,false,1785414016772,LeaderAccept
1785414016623,true,1785414016805,LeaderAccept
1785414016657,false,1785414016840,LeaderAccept
1785414016692,true,1785414016875,LeaderAccept
1785414016726,true,1785414016909,LeaderAccept
1785414016762,false,1785414016945,LeaderAccept
1785414016798,true,1785414016982,LeaderAccept
1785414016836,false,1785414017019,LeaderAccept
1785414016873,true,1785414017056,LeaderAccept
1785414016912,false,1785414017095,LeaderAccept
1785414016950,false,1785414017134,LeaderAccept
1785414016990,false,1785414017173,LeaderAccept
1785414017030,false,1785414017213,LeaderAccept
1785414017071,true,1785414017254,LeaderAccept
1785414017113,true,1785414017296,LeaderAccept
1785414017155,false,1785414017338,LeaderAccept
1785414017198,true,1785414017382,LeaderAccept
1785414017244,true,1785414017427,LeaderAccept
1785414017289,true,1785414017472,LeaderAccept
1785414017336,true,1785414017519,LeaderAccept
1785414017383,false,1785414017567,LeaderAccept
1785414017432,true,1785414017615,LeaderAccept
1785414017482,false,1785414017665,LeaderAccept
1785414017533,true,1785414017716,LeaderAccept
1785414017585,true,1785414017768,LeaderAccept
1785414017638,true,1785414017822,LeaderAccept
1785414017694,false,1785414017877,LeaderAccept
1785414017751,true,1785414017933,LeaderAccept
1785414017809,false,1785414017992,LeaderAccept
1785414017869,false,1785414018052,LeaderAccept
1785414017931,false,1785414018115,LeaderAccept
1785414017996,false,1785414018179,LeaderAccept
1785414018061,false,1785414018245,LeaderAccept
1785414018129,true,1785414018312,LeaderAccept
1785414018199,true,1785414018382,LeaderAccept
1785414018272,false,1785414018455,LeaderAccept
1785414018348,true,1785414018531,LeaderAccept
1785414018426,false,1785414018609,LeaderAccept
1785414018507,false,1785414018691,LeaderAccept
1785414018592,true,1785414018775,LeaderAccept
1785414018681,true,1785414018864,LeaderAccept
1785414018773,true,1785414018957,LeaderAccept
1785414018869,true,1785414019052,LeaderAccept
1785414018970,false,1785414019153,LeaderAccept
1785414019077,true,1785414019260,LeaderAccept
1785414019189,false,1785414019372,LeaderAccept
1785414019307,true,1785414019490,LeaderAccept
1785414019433,true,1785414019616,LeaderAccept
1785414019568,false,1785414019751,LeaderAccept
1785414019711,false,1785414019895,LeaderAccept
1785414019865,false,1785414020048,LeaderAccept
1785414020030,true,1785414020213,LeaderAccept
1785414020210,false,1785414020393,LeaderAccept
1785414020406,true,1785414020565,FastAccept
1785414020624,true,1785414020783,FastAccept
1785414020865,false,1785414021048,LeaderAccept
1785414021138,true,1785414021297,FastAccept
1785414021450,true,1785414021609,FastAccept
1785414021816,true,1785414021975,FastAccept
1785414022253,true,1785414022412,FastAccept
1785414022798,false,1785414022957,FastAccept
1785414023513,true,1785414023671,FastAccept
1785414024533,true,1785414024692,FastAccept
1785414026233,false,1785414026392,FastAccept
1785414029698,false,1785414029857,FastAccept
1785414029721,true,1785414029880,FastAccept
1785414029746,false,1785414029904,FastAccept
1785414029770,false,1785414029929,FastAccept
1785414029794,false,1785414029953,FastAccept
1785414029820,false,1785414030013,FastAccept
1785414029845,true,1785414030013,FastAccept
1785414029870,false,1785414030029,FastAccept
1785414029896,true,1785414030055,FastAccept
1785414029923,true,1785414030082,FastAccept
1785414029949,true,1785414030108,FastAccept
1785414029976,true,1785414030135,FastAccept
1785414030003,true,1785414030162,FastAccept
1785414030030,true,1785414030188,FastAccept
1785414030058,false,1785414030217,FastAccept
1785414030086,false,1785414030245,FastAccept
1785414030115,false,1785414030274,FastAccept
1785414030144,false,1785414030303,FastAccept
1785414030173,false,1785414030332,FastAccept
1785414030204,false,1785414030363,FastAccept
1785414030235,true,1785414030393,FastAccept
1785414030265,true,1785414030424,FastAccept
1785414030296,true,1785414030455,FastAccept
1785414030327,false,1785414030486,FastAccept
1785414030359,true,1785414030519,FastAccept
1785414030393,true,1785414030552,FastAccept
1785414030427,true,1785414030585,FastAccept
1785414030460,true,1785414030619,FastAccept
1785414030494,false,1785414030653,FastAccept
1785414030530,true,1785414030689,FastAccept
1785414030565,true,1785414030724,FastAccept
1785414030602,false,1785414030761,FastAccept
1785414030638,false,1785414030798,FastAccept
1785414030677,false,1785414030836,FastAccept
1785414030715,true,1785414030874,FastAccept
1785414030754,false,1785414030913,FastAccept
1785414030794,true,1785414030953,FastAccept
1785414030834,false,1785414030993,FastAccept
1785414030875,true,1785414031034,FastAccept
1785414030917,false,1785414031076,FastAccept
1785414030961,false,1785414031120,FastAccept
1785414031004,false,1785414031163,FastAccept
1785414031049,true,1785414031208,FastAccept
1785414031095,false,1785414031254,FastAccept
1785414031142,true,1785414031301,FastAccept
1785414031191,false,1785414031349,FastAccept
1785414031239,false,1785414031398,FastAccept
1785414031289,false,1785414031448,FastAccept
1785414031341,false,1785414031500,FastAccept
1785414031395,true,1785414031553,FastAccept
1785414031450,false,1785414031608,FastAccept
1785414031505,true,1785414031664,FastAccept
1785414031563,true,1785414031722,FastAccept
1785414031622,false,1785414031780,FastAccept
1785414031682,false,1785414031841,FastAccept
1785414031746,false,1785414031905,FastAccept
1785414031811,false,1785414031970,FastAccept
1785414031877,true,1785414032036,FastAccept
1785414031947,false,1785414032106,FastAccept
1785414032018,false,1785414032177,FastAccept
1785414032091,true,1785414032250,FastAccept
1785414032168,true,1785414032327,FastAccept
1785414032247,false,1785414032407,FastAccept
1785414032331,true,1785414032490,FastAccept
1785414032417,true,1785414032576,FastAccept
1785414032506,true,1785414032665,FastAccept
1785414032600,false,1785414032759,FastAccept
1785414032698,false,1785414032858,FastAccept
1785414032802,false,1785414032961,FastAccept
1785414032911,true,1785414033095,LeaderAccept
1785414033025,false,1785414033208,LeaderAccept
1785414033146,true,1785414033329,LeaderAccept
1785414033275,false,1785414033458,LeaderAccept
1785414033413,false,1785414033596,LeaderAccept
1785414033559,false,1785414033742,LeaderAccept
1785414033717,true,1785414033900,LeaderAccept
1785414033888,true,1785414034072,LeaderAccept
1785414034074,false,1785414034257,LeaderAccept
1785414034279,true,1785414034462,LeaderAccept
1785414034505,true,1785414034688,LeaderAccept
1785414034757,false,1785414034940,LeaderAccept
1785414035044,true,1785414035227,LeaderAccept
1785414035373,true,1785414035556,LeaderAccept
1785414035762,true,1785414035945,LeaderAccept
1785414036235,false,1785414036418,LeaderAccept
1785414036832,true,1785414037016,LeaderAccept
1785414037638,true,1785414037822,LeaderAccept
1785414038844,false,1785414039027,LeaderAccept
1785414041046,false,1785414041229,LeaderAccept
1785414047663,false,1785414047846,LeaderAccept
1785414068746,false,1785414068947,LeaderAccept
1785414068779,true,1785414068981,LeaderAccept
1785414068813,true,1785414069016,LeaderAccept
1785414068848,false,1785414069049,LeaderAccept
1785414068883,true,1785414069084,LeaderAccept
1785414068920,false,1785414069121,LeaderAccept
1785414068956,false,1785414069157,LeaderAccept
1785414068994,false,1785414069196,LeaderAccept
1785414069032,true,1785414069234,LeaderAccept
1785414069072,false,1785414069273,LeaderAccept
1785414069112,true,1785414069313,LeaderAccept
1785414069153,true,1785414069354,LeaderAccept
1785414069195,true,1785414069396,LeaderAccept
1785414069237,true,1785414069438,LeaderAccept
1785414069280,true,1785414069482,LeaderAccept
1785414069325,true,1785414069526,LeaderAccept
1785414069369,false,1785414069571,LeaderAccept
1785414069415,true,1785414069617,LeaderAccept
1785414069463,false,1785414069664,LeaderAccept
1785414069510,true,1785414069712,LeaderAccept
1785414069559,false,1785414069761,LeaderAccept
1785414069611,false,1785414069812,LeaderAccept
1785414069662,true,1785414069864,LeaderAccept
1785414069716,true,1785414069917,LeaderAccept
1785414069770,true,1785414069972,LeaderAccept
1785414069826,true,1785414070028,LeaderAccept
1785414069884,true,1785414070085,LeaderAccept
1785414069943,false,1785414070145,LeaderAccept
1785414070004,true,1785414070206,LeaderAccept
1785414070068,true,1785414070269,LeaderAccept
1785414070133,true,1785414070334,LeaderAccept
1785414070199,false,1785414070401,LeaderAccept
1785414070268,false,1785414070470,LeaderAccept
1785414070339,true,1785414070541,LeaderAccept
1785414070413,true,1785414070615,LeaderAccept
1785414070491,true,1785414070692,LeaderAccept
1785414070570,true,1785414070772,LeaderAccept
1785414070653,false,1785414070855,LeaderAccept
1785414070739,false,1785414070941,LeaderAccept
1785414070830,true,1785414071031,LeaderAccept
1785414070924,true,1785414071126,LeaderAccept
1785414071023,false,1785414071225,LeaderAccept
1785414071127,true,1785414071329,LeaderAccept
1785414071237,true,1785414071439,LeaderAccept
1785414071352,true,1785414071554,LeaderAccept
1785414071474,false,1785414071677,LeaderAccept
1785414071604,false,1785414071805,LeaderAccept
1785414071741,false,1785414071943,LeaderAccept
1785414071890,true,1785414072091,LeaderAccept
1785414072049,true,1785414072252,LeaderAccept
1785414072222,false,1785414072424,LeaderAccept
1785414072409,true,1785414072611,LeaderAccept
1785414072615,false,1785414072816,LeaderAccept
1785414072844,true,1785414073046,LeaderAccept
1785414073099,false,1785414073301,LeaderAccept
1785414073389,true,1785414073591,LeaderAccept
1785414073724,true,1785414073926,LeaderAccept
1785414074120,true,1785414074322,LeaderAccept
1785414074604,true,1785414074806,LeaderAccept
1785414075218,false,1785414075420,SlowAccept
1785414076053,false,1785414076230,FastAccept
1785414077320,true,1785414077523,LeaderAccept
1785414079707,false,1785414079884,FastAccept
1785414087574,false,1785414087751,FastAccept
1785414087849,true,1785414088026,FastAccept
1785414087866,true,1785414088044,FastAccept
1785414087884,false,1785414088061,FastAccept
1785414087901,false,1785414088078,FastAccept
1785414087918,false,1785414088095,FastAccept
1785414087937,true,1785414088114,FastAccept
1785414087954,true,1785414088131,FastAccept
1785414087972,true,1785414088183,FastAccept
1785414087991,true,1785414088201,FastAccept
1785414088008,true,1785414088201,FastAccept
1785414088026,false,1785414088203,FastAccept
1785414088045,true,1785414088221,FastAccept
1785414088063,false,1785414088240,FastAccept
1785414088081,false,1785414088258,FastAccept
1785414088100,true,1785414088277,FastAccept
1785414088119,true,1785414088296,FastAccept
1785414088138,true,1785414088315,FastAccept
1785414088158,false,1785414088335,FastAccept
1785414088177,false,1785414088354,FastAccept
1785414088197,false,1785414088375,FastAccept
1785414088217,false,1785414088394,FastAccept
1785414088238,true,1785414088415,FastAccept
1785414088258,true,1785414088435,FastAccept
1785414088278,false,1785414088455,FastAccept
1785414088299,true,1785414088476,FastAccept
1785414088320,true,1785414088497,FastAccept
1785414088341,true,1785414088518,FastAccept
1785414088362,false,1785414088539,FastAccept
1785414088385,false,1785414088562,FastAccept
1785414088407,false,1785414088584,FastAccept
1785414088429,false,1785414088606,FastAccept
1785414088452,true,1785414088629,FastAccept
1785414088474,true,1785414088652,FastAccept
1785414088497,true,1785414088674,FastAccept
1785414088519,false,1785414088696,FastAccept
1785414088543,true,1785414088720,FastAccept
1785414088567,true,1785414088744,FastAccept
1785414088590,true,1785414088767,FastAccept
1785414088614,false,1785414088791,FastAccept
1785414088638,false,1785414088815,FastAccept
1785414088663,true,1785414088840,FastAccept
1785414088687,true,1785414088864,FastAccept
1785414088712,true,1785414088889,FastAccept
1785414088737,false,1785414088915,FastAccept
1785414088762,true,1785414088939,FastAccept
1785414088788,false,1785414088994,SlowAccept
1785414088814,false,1785414089019,SlowAccept
1785414088841,false,1785414089043,SlowAccept
1785414088868,false,1785414089071,SlowAccept
1785414088895,true,1785414089097,SlowAccept
1785414088924,true,1785414089125,SlowAccept
1785414088952,false,1785414089154,SlowAccept
1785414088982,false,1785414089184,SlowAccept
1785414089010,true,1785414089212,LeaderAccept
1785414089039,true,1785414089241,LeaderAccept
1785414089070,true,1785414089271,LeaderAccept
1785414089099,false,1785414089301,LeaderAccept
1785414089130,true,1785414089332,LeaderAccept
1785414089161,true,1785414089362,LeaderAccept
1785414089192,false,1785414089394,LeaderAccept
1785414089224,true,1785414089426,LeaderAccept
1785414089257,false,1785414089459,LeaderAccept
1785414089290,true,1785414089492,LeaderAccept
1785414089324,true,1785414089526,LeaderAccept
1785414089359,false,1785414089561,LeaderAccept
1785414089393,false,1785414089595,LeaderAccept
1785414089428,true,1785414089630,LeaderAccept
1785414089464,true,1785414089666,LeaderAccept
1785414089501,false,1785414089702,LeaderAccept
1785414089537,true,1785414089739,LeaderAccept
1785414089576,false,1785414089777,LeaderAccept
1785414089614,false,1785414089816,LeaderAccept
1785414089653,true,1785414089855,LeaderAccept
1785414089693,true,1785414089895,LeaderAccept
1785414089735,true,1785414089936,LeaderAccept
1785414089776,false,1785414089978,LeaderAccept
1785414089818,false,1785414090020,LeaderAccept
1785414089861,true,1785414090063,LeaderAccept
1785414089905,false,1785414090106,LeaderAccept
1785414089950,false,1785414090153,LeaderAccept
1785414089997,true,1785414090198,LeaderAccept
1785414090044,true,1785414090246,LeaderAccept
1785414090092,true,1785414090294,LeaderAccept
1785414090143,false,1785414090345,LeaderAccept
1785414090193,false,1785414090395,LeaderAccept
1785414090245,false,1785414090447,LeaderAccept
1785414090298,true,1785414090501,LeaderAccept
1785414090353,true,1785414090555,LeaderAccept
1785414090409,true,1785414090611,LeaderAccept
1785414090467,false,1785414090669,LeaderAccept
1785414090526,false,1785414090727,LeaderAccept
1785414090588,true,1785414090789,LeaderAccept
1785414090651,true,1785414090853,LeaderAccept
1785414090716,true,1785414090917,LeaderAccept
1785414090784,false,1785414090985,LeaderAccept
1785414090853,true,1785414091054,LeaderAccept
1785414090925,true,1785414091126,LeaderAccept
1785414091000,false,1785414091201,LeaderAccept
1785414091077,false,1785414091279,LeaderAccept
1785414091157,true,1785414091359,LeaderAccept
1785414091241,false,1785414091442,LeaderAccept
1785414091328,false,1785414091530,LeaderAccept
1785414091420,false,1785414091621,LeaderAccept
1785414091515,true,1785414091717,LeaderAccept
1785414091615,false,1785414091816,LeaderAccept
1785414091720,false,1785414091922,LeaderAccept
1785414091830,true,1785414092032,LeaderAccept
1785414091947,true,1785414092148,LeaderAccept
1785414092071,false,1785414092272,LeaderAccept
1785414092203,false,1785414092405,LeaderAccept
1785414092343,true,1785414092545,LeaderAccept
1785414092493,false,1785414092695,LeaderAccept
1785414092654,true,1785414092856,LeaderAccept
1785414092829,true,1785414093032,LeaderAccept
1785414093020,false,1785414093222,LeaderAccept
1785414093230,true,1785414093432,LeaderAccept
1785414093464,false,1785414093666,LeaderAccept
1785414093727,true,1785414093928,LeaderAccept
1785414094026,true,1785414094228,LeaderAccept
1785414094372,false,1785414094574,LeaderAccept
1785414094785,true,1785414094962,FastAccept
1785414095290,false,1785414095467,FastAccept
1785414095941,false,1785414096143,SlowAccept
1785414096685,false,1785414096861,FastAccept
1785414096721,false,1785414096933,SlowAccept
1785414096758,true,1785414097050,SlowAccept
1785414096796,true,1785414097050,SlowAccept
1785414096834,false,1785414097074,SlowAccept
1785414096874,false,1785414097084,LeaderAccept
1785414096913,true,1785414097114,LeaderAccept
1785414096954,true,1785414097154,LeaderAccept
1785414096995,false,1785414097196,LeaderAccept
1785414097037,false,1785414097238,LeaderAccept
1785414097080,true,1785414097281,LeaderAccept
1785414097124,true,1785414097325,LeaderAccept
1785414097170,true,1785414097371,LeaderAccept
1785414097216,false,1785414097418,LeaderAccept
1785414097264,true,1785414097465,LeaderAccept
1785414097312,false,1785414097514,LeaderAccept
1785414097361,true,1785414097563,LeaderAccept
1785414097413,true,1785414097614,LeaderAccept
1785414097465,true,1785414097665,LeaderAccept
1785414097518,true,1785414097720,LeaderAccept
1785414097573,false,1785414097775,LeaderAccept
1785414097630,false,1785414097831,LeaderAccept
1785414097688,true,1785414097888,LeaderAccept
1785414097748,false,1785414097949,LeaderAccept
1785414097809,false,1785414098011,LeaderAccept
1785414097873,false,1785414098074,LeaderAccept
1785414097939,false,1785414098140,LeaderAccept
1785414098007,false,1785414098209,LeaderAccept
1785414098076,false,1785414098278,LeaderAccept
1785414098148,false,1785414098350,LeaderAccept
1785414098223,false,1785414098424,LeaderAccept
1785414098300,false,1785414098501,LeaderAccept
1785414098380,false,1785414098582,LeaderAccept
1785414098464,true,1785414098666,LeaderAccept
1785414098553,true,1785414098755,LeaderAccept
1785414098644,true,1785414098846,LeaderAccept
1785414098740,false,1785414098942,LeaderAccept
1785414098840,false,1785414099041,LeaderAccept
1785414098946,true,1785414099147,LeaderAccept
1785414099057,true,1785414099258,LeaderAccept
1785414099174,false,1785414099375,LeaderAccept
1785414099298,true,1785414099500,LeaderAccept
1785414099431,false,1785414099633,LeaderAccept
1785414099571,false,1785414099773,LeaderAccept
1785414099722,true,1785414099923,LeaderAccept
1785414099886,false,1785414100087,LeaderAccept
1785414100062,false,1785414100264,LeaderAccept
1785414100256,true,1785414100457,LeaderAccept
1785414100468,true,1785414100670,LeaderAccept
1785414100705,false,1785414100906,LeaderAccept
1785414100971,false,1785414101172,LeaderAccept
1785414101275,true,1785414101476,LeaderAccept
1785414101628,false,1785414101830,LeaderAccept
1785414102048,true,1785414102250,LeaderAccept
1785414102568,true,1785414102769,LeaderAccept
1785414103240,false,1785414103441,LeaderAccept
1785414104181,false,1785414104383,SlowAccept
1785414105688,false,1785414105865,FastAccept
1785414108884,false,1785414109086,LeaderAccept
