request_time,write,response_time,accept_status
1785410524173,true,1785410524374,FastAccept
1785410524714,true,1785410524999,SlowAccept
1785410525421,false,1785410525715,LeaderAccept
1785410526429,false,1785410526722,LeaderAccept
1785410528095,true,1785410528155,FastAccept
1785410531927,true,1785410532220,SlowAccept
1785410532309,true,1785410532832,LeaderAccept
1785410532345,true,1785410533333,LeaderAccept
1785410532383,true,1785410532958,LeaderAccept
1785410532421,false,1785410532958,SlowAccept
1785410532460,true,1785410532753,SlowAccept
1785410532499,true,1785410533084,LeaderAccept
1785410532539,true,1785410532831,SlowAccept
1785410532580,true,1785410532874,SlowAccept
1785410532622,true,1785410533333,LeaderAccept
1785410532664,true,1785410533333,LeaderAccept
1785410532708,true,1785410533530,LeaderAccept
1785410532752,true,1785410533727,LeaderAccept
1785410532798,true,1785410533333,LeaderAccept
1785410532845,true,1785410533137,SlowAccept
1785410532892,false,1785410533184,SlowAccept
1785410532939,false,1785410533439,LeaderAccept
1785410532989,true,1785410533282,SlowAccept
1785410533040,true,1785410533333,SlowAccept
1785410533093,true,1785410534039,LeaderAccept
1785410533147,true,1785410533859,LeaderAccept
1785410533202,false,1785410533727,LeaderAccept
1785410533258,false,1785410533530,FastAccept
1785410533317,true,1785410533609,SlowAccept
1785410533376,false,1785410533669,SlowAccept
1785410533438,true,1785410533859,LeaderAccept
1785410533501,false,1785410533996,LeaderAccept
1785410533566,true,1785410533859,SlowAccept
1785410533633,false,1785410534301,LeaderAccept
1785410533703,true,1785410534301,LeaderAccept
1785410533775,true,1785410534039,FastAccept
1785410533849,true,1785410534039,FastAccept
1785410533927,true,1785410534220,SlowAccept
1785410534008,true,1785410534301,SlowAccept
1785410534091,true,1785410534301,FastAccept
1785410534179,true,1785410534659,LeaderAccept
1785410534271,true,1785410534758,LeaderAccept
1785410534366,true,1785410534835,LeaderAccept
1785410534465,false,1785410535092,LeaderAccept
1785410534571,false,1785410534835,FastAccept
1785410534682,false,1785410534835,FastAccept
1785410534799,true,1785410535092,SlowAccept
1785410534923,true,1785410535092,FastAccept
1785410535055,false,1785410535604,LeaderAccept
1785410535196,false,1785410535256,FastAccept
1785410535347,true,1785410535604,FastAccept
1785410535510,true,1785410535604,FastAccept
1785410535686,false,1785410535746,FastAccept
1785410535878,false,1785410536354,LeaderAccept
1785410536090,false,1785410536354,FastAccept
1785410536325,true,1785410536618,LeaderAccept
1785410536590,true,1785410536649,FastAccept
1785410536891,false,1785410536951,FastAccept
1785410537242,false,1785410537301,FastAccept
1785410537660,true,1785410537720,FastAccept
1785410538175,true,1785410538239,FastAccept
1785410538840,false,1785410539133,LeaderAccept
1785410539767,false,1785410540059,LeaderAccept
1785410541240,false,1785410541324,SlowAccept
1785410544315,true,1785410544608,LeaderAccept
1785410558620,false,1785410558913,LeaderAccept
1785410588825,false,1785410589333,LeaderAccept
1785410588842,false,1785410589333,LeaderAccept
1785410588860,false,1785410589135,FastAccept
1785410588877,false,1785410589135,FastAccept
1785410588894,false,1785410589135,SlowAccept
1785410588912,true,1785410589205,SlowAccept
1785410588930,false,1785410589412,LeaderAccept
1785410588948,true,1785410589412,LeaderAccept
1785410588966,true,1785410589412,LeaderAccept
1785410588985,false,1785410589412,LeaderAccept
1785410589003,false,1785410589412,LeaderAccept
1785410589022,false,1785410589315,SlowAccept
1785410589041,true,1785410589333,SlowAccept
1785410589060,false,1785410589412,LeaderAccept
1785410589079,false,1785410589412,LeaderAccept
1785410589098,false,1785410589638,LeaderAccept
1785410589118,true,1785410589412,SlowAccept
1785410589138,false,1785410589681,SlowAccept
1785410589158,false,1785410589681,LeaderAccept
1785410589178,false,1785410589941,LeaderAccept
1785410589198,true,1785410589726,LeaderAccept
1785410589218,true,1785410589941,LeaderAccept
1785410589239,false,1785410589768,LeaderAccept
1785410589260,false,1785410589795,SlowAccept
1785410589281,false,1785410589795,LeaderAccept
1785410589303,true,1785410589941,LeaderAccept
1785410589324,true,1785410589843,LeaderAccept
1785410589345,false,1785410589638,SlowAccept
1785410589366,false,1785410589890,LeaderAccept
1785410589388,true,1785410589941,LeaderAccept
1785410589410,true,1785410589941,LeaderAccept
1785410589433,false,1785410589726,SlowAccept
1785410589456,true,1785410589941,LeaderAccept
1785410589479,true,1785410589941,LeaderAccept
1785410589503,false,1785410589941,LeaderAccept
1785410589526,false,1785410589941,LeaderAccept
1785410589550,true,1785410589941,LeaderAccept
1785410589574,true,1785410589941,LeaderAccept
1785410589598,true,1785410589890,SlowAccept
1785410589622,true,1785410589941,LeaderAccept
1785410589647,true,1785410590178,LeaderAccept
1785410589673,true,1785410590178,LeaderAccept
1785410589699,false,1785410590354,LeaderAccept
1785410589724,false,1785410590236,LeaderAccept
1785410589749,false,1785410590294,LeaderAccept
1785410589776,false,1785410590294,LeaderAccept
1785410589803,false,1785410590354,SlowAccept
1785410589830,false,1785410590354,LeaderAccept
1785410589858,false,1785410590354,LeaderAccept
1785410589886,false,1785410590178,SlowAccept
1785410589914,true,1785410590354,LeaderAccept
1785410589943,true,1785410590236,SlowAccept
1785410589972,false,1785410590354,LeaderAccept
1785410590001,true,1785410590355,LeaderAccept
1785410590031,true,1785410590577,SlowAccept
1785410590061,true,1785410590577,LeaderAccept
1785410590092,false,1785410590833,LeaderAccept
1785410590122,true,1785410590647,LeaderAccept
1785410590154,false,1785410591165,LeaderAccept
1785410590185,false,1785410590718,LeaderAccept
1785410590218,false,1785410590718,LeaderAccept
1785410590251,true,1785410590790,LeaderAccept
1785410590284,true,1785410590790,LeaderAccept
1785410590319,false,1785410591088,LeaderAccept
1785410590354,true,1785410590647,SlowAccept
1785410590389,false,1785410590682,SlowAccept
1785410590425,true,1785410590718,SlowAccept
1785410590462,false,1785410591165,LeaderAccept
1785410590499,true,1785410591010,LeaderAccept
1785410590537,true,1785410591165,LeaderAccept
1785410590576,false,1785410591088,LeaderAccept
1785410590616,true,1785410591164,LeaderAccept
1785410590657,false,1785410591165,LeaderAccept
1785410590698,false,1785410591165,LeaderAccept
1785410590740,false,1785410591165,LeaderAccept
1785410590783,true,1785410591165,LeaderAccept
1785410590827,false,1785410591401,LeaderAccept
1785410590871,false,1785410591164,SlowAccept
1785410590916,false,1785410591401,LeaderAccept
1785410590962,true,1785410591401,LeaderAccept
1785410591009,true,1785410591504,LeaderAccept
1785410591058,true,1785410591504,LeaderAccept
1785410591108,false,1785410591401,SlowAccept
1785410591159,true,1785410591504,LeaderAccept
1785410591211,true,1785410591726,LeaderAccept
1785410591264,true,1785410591726,LeaderAccept
1785410591319,true,1785410591847,LeaderAccept
1785410591374,true,1785410591504,FastAccept
1785410591433,true,1785410591847,LeaderAccept
1785410591492,true,1785410591847,LeaderAccept
1785410591554,false,1785410592103,LeaderAccept
1785410591617,false,1785410592103,LeaderAccept
1785410591682,false,1785410592103,LeaderAccept
1785410591750,true,1785410592103,LeaderAccept
1785410591820,true,1785410592129,LeaderAccept
1785410591892,false,1785410592185,LeaderAccept
1785410591967,true,1785410592260,LeaderAccept
1785410592044,true,1785410592536,LeaderAccept
1785410592125,true,1785410592536,LeaderAccept
1785410592208,false,1785410592703,LeaderAccept
1785410592296,true,1785410592703,LeaderAccept
1785410592387,false,1785410592876,LeaderAccept
1785410592483,false,1785410592980,LeaderAccept
1785410592583,true,1785410593089,LeaderAccept
1785410592688,false,1785410592980,SlowAccept
1785410592798,false,1785410593089,SlowAccept
1785410592914,false,1785410593302,LeaderAccept
1785410593038,false,1785410593331,LeaderAccept
1785410593169,true,1785410593462,LeaderAccept
1785410593309,true,1785410593602,LeaderAccept
1785410593460,true,1785410593753,LeaderAccept
1785410593622,true,1785410593916,LeaderAccept
1785410593798,true,1785410594091,LeaderAccept
1785410593990,true,1785410594046,FastAccept
1785410594200,false,1785410594921,LeaderAccept
1785410594435,true,1785410594728,SlowAccept
1785410594699,false,1785410594921,FastAccept
1785410594999,false,1785410595056,FastAccept
1785410595348,true,1785410595404,FastAccept
1785410595762,false,1785410595818,FastAccept
1785410596272,false,1785410596329,FastAccept
1785410596929,false,1785410596985,FastAccept
1785410597842,false,1785410597898,FastAccept
1785410599282,false,1785410599338,FastAccept
1785410602239,false,1785410602482,FastAccept
1785410609406,false,1785410609506,FastAccept
1785410609437,true,1785410609506,FastAccept
1785410609468,false,1785410609526,FastAccept
1785410609500,true,1785410609557,FastAccept
1785410609532,true,1785410609588,FastAccept
1785410609564,true,1785410609620,FastAccept
1785410609597,false,1785410609890,LeaderAccept
1785410609631,true,1785410609890,FastAccept
1785410609665,true,1785410609890,FastAccept
1785410609700,true,1785410609890,FastAccept
1785410609735,true,1785410609890,FastAccept
1785410609771,false,1785410609890,FastAccept
1785410609809,false,1785410609890,FastAccept
1785410609846,false,1785410609921,LeaderAccept
1785410609884,false,1785410610176,LeaderAccept
1785410609922,true,1785410610215,LeaderAccept
1785410609962,true,1785410610255,LeaderAccept
1785410610002,false,1785410610295,LeaderAccept
1785410610043,true,1785410610336,LeaderAccept
1785410610085,false,1785410610601,LeaderAccept
1785410610127,true,1785410610698,LeaderAccept
1785410610171,false,1785410610698,LeaderAccept
1785410610216,true,1785410610698,LeaderAccept
1785410610261,false,1785410610698,LeaderAccept
1785410610308,true,1785410610698,LeaderAccept
1785410610356,false,1785410610649,SlowAccept
1785410610405,true,1785410610698,SlowAccept
1785410610455,false,1785410610748,LeaderAccept
1785410610506,true,1785410610987,LeaderAccept
1785410610558,true,1785410611133,LeaderAccept
1785410610611,true,1785410611133,LeaderAccept
1785410610666,true,1785410611133,LeaderAccept
1785410610723,true,1785410610987,FastAccept
1785410610780,false,1785410611073,SlowAccept
1785410610840,false,1785410611133,SlowAccept
1785410610902,false,1785410611194,LeaderAccept
1785410610965,false,1785410611258,LeaderAccept
1785410611031,false,1785410611323,LeaderAccept
1785410611098,false,1785410611610,LeaderAccept
1785410611168,false,1785410611224,FastAccept
1785410611241,true,1785410611297,FastAccept
1785410611316,true,1785410611610,LeaderAccept
1785410611394,false,1785410611610,FastAccept
1785410611475,false,1785410611610,FastAccept
1785410611560,false,1785410611853,LeaderAccept
1785410611648,false,1785410611705,FastAccept
1785410611740,true,1785410611797,FastAccept
1785410611825,true,1785410611881,FastAccept
1785410611864,true,1785410611921,FastAccept
1785410611904,true,1785410611961,FastAccept
1785410611945,false,1785410612002,FastAccept
1785410611987,false,1785410612043,FastAccept
1785410612028,false,1785410612084,FastAccept
1785410612071,false,1785410612640,LeaderAccept
1785410612114,false,1785410612640,LeaderAccept
1785410612158,true,1785410612640,LeaderAccept
1785410612204,true,1785410612364,FastAccept
1785410612250,true,1785410612364,FastAccept
1785410612298,false,1785410612591,SlowAccept
1785410612347,true,1785410612640,SlowAccept
1785410612396,true,1785410612689,LeaderAccept
1785410612447,true,1785410613137,LeaderAccept
1785410612499,true,1785410612640,FastAccept
1785410612553,true,1785410613137,LeaderAccept
1785410612608,true,1785410613137,LeaderAccept
1785410612665,true,1785410612929,FastAccept
1785410612723,true,1785410612929,FastAccept
1785410612782,true,1785410613075,SlowAccept
1785410612844,true,1785410613137,SlowAccept
1785410612907,false,1785410613200,LeaderAccept
1785410612973,true,1785410613137,FastAccept
1785410613040,true,1785410613710,LeaderAccept
1785410613110,false,1785410613166,FastAccept
1785410613183,false,1785410613710,LeaderAccept
1785410613258,false,1785410613522,FastAccept
1785410613336,false,1785410613522,FastAccept
1785410613416,false,1785410613710,SlowAccept
1785410613500,false,1785410613792,LeaderAccept
1785410613588,false,1785410613710,FastAccept
1785410613679,false,1785410613972,LeaderAccept
1785410613775,false,1785410613831,FastAccept
1785410613875,true,1785410613931,FastAccept
1785410613980,true,1785410614036,FastAccept
1785410614091,false,1785410614328,FastAccept
1785410614208,true,1785410614328,FastAccept
1785410614332,true,1785410614389,FastAccept
1785410614464,true,1785410614521,FastAccept
1785410614605,true,1785410614662,FastAccept
1785410614756,true,1785410614813,FastAccept
1785410614918,false,1785410614975,FastAccept
1785410615095,false,1785410615388,LeaderAccept
1785410615288,true,1785410615388,FastAccept
1785410615500,false,1785410615556,FastAccept
1785410615735,true,1785410615791,FastAccept
1785410616000,true,1785410616057,FastAccept
1785410616303,false,1785410616360,FastAccept
1785410616655,true,1785410616711,FastAccept
1785410617074,false,1785410617131,FastAccept
1785410617591,false,1785410617648,FastAccept
1785410618259,false,1785410618490,FastAccept
1785410619192,true,1785410619410,FastAccept
1785410620171,false,1785410620368,LeaderAccept
1785410620187,false,1785410620478,LeaderAccept
1785410620203,true,1785410620494,LeaderAccept
1785410620219,false,1785410620368,LeaderAccept
1785410620235,false,1785410620526,LeaderAccept
1785410620251,false,1785410620542,LeaderAccept
1785410620267,true,1785410620368,LeaderAccept
1785410620284,false,1785410620575,LeaderAccept
1785410620300,false,1785410620592,LeaderAccept
1785410620317,false,1785410620392,LeaderAccept
1785410620334,false,1785410620626,LeaderAccept
1785410620351,false,1785410620644,LeaderAccept
1785410620368,false,1785410620449,LeaderAccept
1785410620385,true,1785410620676,LeaderAccept
1785410620402,false,1785410620694,LeaderAccept
1785410620420,false,1785410620493,LeaderAccept
1785410620437,true,1785410620730,LeaderAccept
1785410620455,true,1785410620747,LeaderAccept
1785410620473,true,1785410620764,LeaderAccept
1785410620491,false,1785410620783,LeaderAccept
1785410620510,false,1785410620802,LeaderAccept
1785410620528,false,1785410620818,LeaderAccept
1785410620546,true,1785410620838,LeaderAccept
1785410620564,true,1785410620856,LeaderAccept
1785410620583,false,1785410620875,LeaderAccept
1785410620601,true,1785410620893,LeaderAccept
1785410620620,true,1785410620912,LeaderAccept
1785410620639,true,1785410620930,LeaderAccept
1785410620658,false,1785410620950,LeaderAccept
1785410620678,true,1785410620970,LeaderAccept
1785410620697,false,1785410620989,LeaderAccept
1785410620716,false,1785410621008,LeaderAccept
1785410620737,false,1785410621028,LeaderAccept
1785410620757,true,1785410621302,LeaderAccept
1785410620777,false,1785410621302,LeaderAccept
1785410620798,true,1785410621331,SlowAccept
1785410620818,true,1785410621354,LeaderAccept
1785410620840,false,1785410621379,LeaderAccept
1785410620861,true,1785410621403,SlowAccept
1785410620883,true,1785410621528,LeaderAccept
1785410620905,false,1785410621451,SlowAccept
1785410620927,true,1785410621472,SlowAccept
1785410620949,true,1785410621502,SlowAccept
1785410620971,true,1785410621528,LeaderAccept
1785410620994,true,1785410621921,LeaderAccept
1785410621017,false,1785410621528,LeaderAccept
1785410621039,false,1785410621528,LeaderAccept
1785410621063,false,1785410621354,SlowAccept
1785410621087,true,1785410621528,LeaderAccept
1785410621111,true,1785410621528,LeaderAccept
1785410621135,false,1785410621428,SlowAccept
1785410621160,false,1785410621528,LeaderAccept
1785410621184,true,1785410621714,LeaderAccept
1785410621209,true,1785410621743,LeaderAccept
1785410621235,false,1785410621528,SlowAccept
1785410621261,false,1785410621528,LeaderAccept
1785410621287,true,1785410622043,LeaderAccept
1785410621313,true,1785410621859,SlowAccept
1785410621340,true,1785410621528,LeaderAccept
1785410621367,false,1785410622403,LeaderAccept
1785410621395,false,1785410621921,LeaderAccept
1785410621423,true,1785410621714,SlowAccept
1785410621451,true,1785410621743,SlowAccept
1785410621479,false,1785410621771,SlowAccept
1785410621508,false,1785410621800,SlowAccept
1785410621537,true,1785410622046,LeaderAccept
1785410621567,false,1785410622327,LeaderAccept
1785410621597,false,1785410621889,SlowAccept
1785410621628,true,1785410621921,SlowAccept
1785410621659,false,1785410622196,SlowAccept
1785410621691,false,1785410622236,LeaderAccept
1785410621723,true,1785410622252,LeaderAccept
1785410621755,true,1785410622327,SlowAccept
1785410621788,true,1785410622327,LeaderAccept
1785410621822,false,1785410622564,LeaderAccept
1785410621856,false,1785410622616,LeaderAccept
1785410621891,false,1785410622443,SlowAccept
1785410621926,true,1785410622443,LeaderAccept
1785410621962,true,1785410622252,SlowAccept
1785410621998,false,1785410622522,LeaderAccept
1785410622035,false,1785410622564,LeaderAccept
1785410622074,true,1785410622365,SlowAccept
1785410622112,false,1785410622403,SlowAccept
1785410622151,false,1785410622616,LeaderAccept
1785410622191,true,1785410622727,LeaderAccept
1785410622231,false,1785410622522,SlowAccept
1785410622273,false,1785410622564,SlowAccept
1785410622315,true,1785410623284,LeaderAccept
1785410622359,false,1785410622882,LeaderAccept
1785410622403,false,1785410622931,LeaderAccept
1785410622448,true,1785410622931,LeaderAccept
1785410622493,false,1785410622784,SlowAccept
1785410622541,false,1785410622833,SlowAccept
1785410622590,true,1785410622882,SlowAccept
1785410622640,true,1785410622931,SlowAccept
1785410622691,false,1785410622931,LeaderAccept
1785410622742,true,1785410623034,SlowAccept
1785410622795,true,1785410623087,SlowAccept
1785410622850,false,1785410623374,LeaderAccept
1785410622906,true,1785410623197,SlowAccept
1785410622963,true,1785410623374,LeaderAccept
1785410623022,false,1785410623374,LeaderAccept
1785410623083,false,1785410623374,SlowAccept
1785410623145,true,1785410623681,LeaderAccept
1785410623210,false,1785410623681,LeaderAccept
1785410623277,true,1785410623681,LeaderAccept
1785410623346,true,1785410624022,LeaderAccept
1785410623418,false,1785410623681,FastAccept
1785410623491,false,1785410624188,LeaderAccept
1785410623568,false,1785410624022,LeaderAccept
1785410623648,true,1785410624022,LeaderAccept
1785410623730,true,1785410624022,SlowAccept
1785410623817,true,1785410624293,LeaderAccept
1785410623907,false,1785410624392,LeaderAccept
1785410624002,true,1785410624496,LeaderAccept
1785410624101,false,1785410624496,LeaderAccept
1785410624204,false,1785410624496,SlowAccept
1785410624312,false,1785410624496,FastAccept
1785410624428,false,1785410624720,SlowAccept
1785410624550,false,1785410624720,FastAccept
1785410624680,false,1785410624971,LeaderAccept
1785410624818,true,1785410624906,FastAccept
1785410624966,true,1785410625021,FastAccept
1785410625124,false,1785410625180,FastAccept
1785410625297,false,1785410625604,LeaderAccept
1785410625484,false,1785410625539,FastAccept
1785410625690,true,1785410625746,FastAccept
1785410625918,true,1785410625973,FastAccept
1785410626172,false,1785410626228,FastAccept
1785410626462,false,1785410626534,FastAccept
1785410626797,false,1785410626852,FastAccept
1785410627193,true,1785410627456,FastAccept
1785410627675,true,1785410627967,LeaderAccept
1785410628289,false,1785410628344,FastAccept
1785410629122,false,1785410629176,FastAccept
1785410630384,false,1785410630439,FastAccept
1785410630663,false,1785410630718,FastAccept
1785410630696,false,1785410630752,FastAccept
1785410630730,true,1785410630785,FastAccept
1785410630764,false,1785410630819,FastAccept
1785410630799,false,1785410630854,FastAccept
1785410630835,false,1785410630891,FastAccept
1785410630873,false,1785410630928,FastAccept
1785410630910,true,1785410630965,FastAccept
1785410630948,false,1785410631003,FastAccept
1785410630987,false,1785410631042,FastAccept
1785410631028,false,1785410631083,FastAccept
1785410631068,false,1785410631123,FastAccept
1785410631109,false,1785410631164,FastAccept
1785410631151,true,1785410631206,FastAccept
1785410631194,false,1785410631485,LeaderAccept
1785410631237,false,1785410631528,LeaderAccept
1785410631281,false,1785410631572,LeaderAccept
1785410631326,true,1785410631617,LeaderAccept
1785410631373,true,1785410631664,LeaderAccept
1785410631420,false,1785410631712,LeaderAccept
1785410631468,true,1785410631759,LeaderAccept
1785410631518,false,1785410631808,LeaderAccept
1785410631569,false,1785410631860,LeaderAccept
1785410631621,false,1785410631913,LeaderAccept
1785410631674,false,1785410631965,LeaderAccept
1785410631729,false,1785410632020,LeaderAccept
1785410631785,false,1785410632076,LeaderAccept
1785410631843,false,1785410632133,LeaderAccept
1785410631902,true,1785410632203,LeaderAccept
1785410631963,false,1785410632254,LeaderAccept
1785410632026,true,1785410632318,LeaderAccept
1785410632092,false,1785410632383,LeaderAccept
1785410632159,true,1785410632449,LeaderAccept
1785410632228,true,1785410632519,LeaderAccept
1785410632300,false,1785410632591,LeaderAccept
1785410632376,false,1785410632666,LeaderAccept
1785410632453,false,1785410632743,LeaderAccept
1785410632533,false,1785410632824,LeaderAccept
1785410632617,false,1785410632690,LeaderAccept
1785410632704,true,1785410632776,LeaderAccept
1785410632795,true,1785410633086,LeaderAccept
1785410632890,false,1785410633181,LeaderAccept
1785410632990,true,1785410633280,LeaderAccept
1785410633094,false,1785410633385,LeaderAccept
1785410633205,true,1785410633497,LeaderAccept
1785410633321,false,1785410633613,LeaderAccept
1785410633445,true,1785410633737,LeaderAccept
1785410633576,false,1785410633867,LeaderAccept
1785410633715,false,1785410634006,LeaderAccept
1785410633865,true,1785410634156,LeaderAccept
1785410634026,true,1785410634492,LeaderAccept
1785410634201,true,1785410634492,SlowAccept
1785410634391,false,1785410634492,FastAccept
1785410634601,false,1785410634892,SlowAccept
1785410634834,true,1785410635125,LeaderAccept
1785410635095,true,1785410635531,LeaderAccept
1785410635393,false,1785410635531,FastAccept
1785410635738,false,1785410635873,FastAccept
1785410636148,true,1785410636440,LeaderAccept
1785410636651,false,1785410636707,FastAccept
1785410637298,true,1785410637354,FastAccept
1785410638190,false,1785410638426,FastAccept
1785410639585,false,1785410639641,FastAccept
1785410642384,false,1785410642439,FastAccept
1785410650102,true,1785410650611,LeaderAccept
1785410650119,true,1785410650611,LeaderAccept
1785410650136,true,1785410650611,LeaderAccept
1785410650154,false,1785410650445,SlowAccept
1785410650171,false,1785410650611,LeaderAccept
1785410650189,true,1785410650711,LeaderAccept
1785410650207,false,1785410650711,LeaderAccept
1785410650225,false,1785410650711,LeaderAccept
1785410650244,false,1785410650789,LeaderAccept
1785410650262,false,1785410650789,LeaderAccept
1785410650281,false,1785410650852,LeaderAccept
1785410650300,true,1785410650917,LeaderAccept
1785410650319,true,1785410650611,SlowAccept
1785410650338,true,1785410650852,LeaderAccept
1785410650358,false,1785410650852,LeaderAccept
1785410650377,false,1785410650916,LeaderAccept
1785410650397,false,1785410650917,LeaderAccept
1785410650416,true,1785410650917,LeaderAccept
1785410650436,true,1785410650917,LeaderAccept
1785410650457,false,1785410650917,LeaderAccept
1785410650478,true,1785410650917,LeaderAccept
1785410650498,true,1785410650789,SlowAccept
1785410650519,true,1785410650917,LeaderAccept
1785410650540,true,1785410650917,LeaderAccept
1785410650561,true,1785410650852,SlowAccept
1785410650582,false,1785410650917,LeaderAccept
1785410650603,false,1785410650917,LeaderAccept
1785410650625,false,1785410650916,SlowAccept
1785410650647,false,1785410651197,SlowAccept
1785410650669,true,1785410651197,LeaderAccept
1785410650691,true,1785410651197,LeaderAccept
1785410650713,false,1785410651247,LeaderAccept
1785410650736,false,1785410651247,LeaderAccept
1785410650759,false,1785410651247,LeaderAccept
1785410650782,true,1785410651247,LeaderAccept
1785410650806,true,1785410651247,LeaderAccept
1785410650830,false,1785410651247,LeaderAccept
1785410650855,true,1785410651247,LeaderAccept
1785410650880,true,1785410651247,LeaderAccept
1785410650905,false,1785410651435,LeaderAccept
1785410650930,true,1785410651435,LeaderAccept
1785410650955,true,1785410651435,LeaderAccept
1785410650981,false,1785410651435,LeaderAccept
1785410651007,false,1785410651435,LeaderAccept
1785410651033,false,1785410651435,LeaderAccept
1785410651060,true,1785410651435,LeaderAccept
1785410651087,false,1785410651435,LeaderAccept
1785410651115,true,1785410651641,LeaderAccept
1785410651143,true,1785410651672,LeaderAccept
1785410651172,true,1785410651672,LeaderAccept
1785410651200,true,1785410651673,LeaderAccept
1785410651229,false,1785410651769,LeaderAccept
1785410651259,false,1785410651769,LeaderAccept
1785410651289,true,1785410651769,LeaderAccept
1785410651319,true,1785410651769,LeaderAccept
1785410651350,false,1785410651769,LeaderAccept
1785410651381,false,1785410651672,SlowAccept
1785410651413,true,1785410651769,LeaderAccept
1785410651445,true,1785410651976,LeaderAccept
1785410651478,true,1785410651769,SlowAccept
1785410651511,true,1785410651976,LeaderAccept
1785410651545,false,1785410652088,LeaderAccept
1785410651580,true,1785410652297,LeaderAccept
1785410651614,false,1785410652126,LeaderAccept
1785410651649,false,1785410652126,LeaderAccept
1785410651685,true,1785410651976,SlowAccept
1785410651721,false,1785410652126,LeaderAccept
1785410651758,false,1785410652297,LeaderAccept
1785410651796,false,1785410652088,SlowAccept
1785410651834,false,1785410652126,SlowAccept
1785410651873,true,1785410652297,LeaderAccept
1785410651913,false,1785410652462,LeaderAccept
1785410651954,false,1785410652462,LeaderAccept
1785410651995,true,1785410652507,LeaderAccept
1785410652038,false,1785410652507,LeaderAccept
1785410652081,true,1785410652507,LeaderAccept
1785410652125,false,1785410652619,LeaderAccept
1785410652170,true,1785410652462,SlowAccept
1785410652216,true,1785410652619,LeaderAccept
1785410652263,true,1785410652619,LeaderAccept
1785410652312,true,1785410652908,LeaderAccept
1785410652362,true,1785410652908,LeaderAccept
1785410652412,true,1785410652908,LeaderAccept
1785410652464,true,1785410652977,LeaderAccept
1785410652517,true,1785410652977,LeaderAccept
1785410652572,true,1785410653160,LeaderAccept
1785410652628,true,1785410652908,FastAccept
1785410652685,true,1785410652977,SlowAccept
1785410652744,false,1785410653269,LeaderAccept
1785410652805,true,1785410653269,LeaderAccept
1785410652868,false,1785410653269,LeaderAccept
1785410652933,false,1785410653405,LeaderAccept
1785410653000,false,1785410653405,LeaderAccept
1785410653070,false,1785410653269,FastAccept
1785410653142,false,1785410653405,FastAccept
1785410653216,false,1785410653664,LeaderAccept
1785410653293,false,1785410653405,FastAccept
1785410653373,true,1785410653664,LeaderAccept
1785410653456,true,1785410653960,LeaderAccept
1785410653543,true,1785410653960,LeaderAccept
1785410653633,false,1785410653960,LeaderAccept
1785410653727,false,1785410653960,FastAccept
1785410653826,false,1785410653960,FastAccept
1785410653930,true,1785410654569,LeaderAccept
1785410654039,false,1785410654569,LeaderAccept
1785410654154,false,1785410654445,SlowAccept
1785410654276,false,1785410654569,LeaderAccept
1785410654406,false,1785410654697,LeaderAccept
1785410654544,false,1785410654607,FastAccept
1785410654692,true,1785410654984,LeaderAccept
1785410654851,true,1785410654984,FastAccept
1785410655024,false,1785410655088,FastAccept
1785410655212,true,1785410655276,FastAccept
1785410655419,false,1785410655711,LeaderAccept
1785410655648,true,1785410655939,LeaderAccept
1785410655904,true,1785410656196,LeaderAccept
1785410656196,true,1785410656259,FastAccept
1785410656534,false,1785410656597,FastAccept
1785410656932,false,1785410656995,FastAccept
1785410657418,true,1785410658329,LeaderAccept
1785410658038,true,1785410658329,SlowAccept
1785410658882,true,1785410659341,LeaderAccept
1785410660168,false,1785410660517,LeaderAccept
1785410662614,false,1785410662954,LeaderAccept
1785410670921,false,1785410671213,SlowAccept
1785410679150,false,1785410679206,FastAccept
1785410679175,true,1785410679230,FastAccept
1785410679200,false,1785410679255,FastAccept
1785410679226,false,1785410679281,FastAccept
1785410679252,false,1785410679307,FastAccept
1785410679278,false,1785410679332,FastAccept
1785410679304,true,1785410679359,FastAccept
1785410679332,true,1785410679387,FastAccept
1785410679359,true,1785410679413,FastAccept
1785410679386,false,1785410679442,FastAccept
1785410679413,false,1785410679468,FastAccept
1785410679441,false,1785410679496,FastAccept
1785410679469,false,1785410679524,FastAccept
1785410679498,true,1785410679553,FastAccept
1785410679527,false,1785410679582,FastAccept
1785410679557,false,1785410679612,FastAccept
1785410679586,false,1785410679642,FastAccept
1785410679617,false,1785410679672,FastAccept
1785410679648,true,1785410679703,FastAccept
1785410679678,false,1785410679734,FastAccept
1785410679710,false,1785410679765,FastAccept
1785410679742,false,1785410679797,FastAccept
1785410679774,true,1785410679829,FastAccept
1785410679807,false,1785410679862,FastAccept
1785410679841,true,1785410679896,FastAccept
1785410679875,false,1785410679930,FastAccept
1785410679909,false,1785410679964,FastAccept
1785410679944,false,1785410679999,FastAccept
1785410679980,true,1785410680035,FastAccept
1785410680018,false,1785410680073,FastAccept
1785410680055,false,1785410680110,FastAccept
1785410680093,false,1785410680148,FastAccept
1785410680132,true,1785410680424,LeaderAccept
1785410680172,false,1785410680424,FastAccept
1785410680212,true,1785410680424,FastAccept
1785410680252,true,1785410680424,FastAccept
1785410680294,false,1785410680424,FastAccept
1785410680336,false,1785410680424,FastAccept
1785410680380,true,1785410681112,LeaderAccept
1785410680424,false,1785410680904,LeaderAccept
1785410680469,false,1785410680524,FastAccept
1785410680516,false,1785410680571,FastAccept
1785410680563,false,1785410680618,FastAccept
1785410680612,false,1785410680904,SlowAccept
1785410680662,false,1785410681112,LeaderAccept
1785410680713,false,1785410681112,LeaderAccept
1785410680766,true,1785410680904,FastAccept
1785410680820,false,1785410681112,SlowAccept
1785410680876,false,1785410681167,LeaderAccept
1785410680932,false,1785410681222,LeaderAccept
1785410680989,true,1785410681280,LeaderAccept
1785410681049,true,1785410681340,LeaderAccept
1785410681111,true,1785410681403,LeaderAccept
1785410681174,true,1785410681465,LeaderAccept
1785410681239,true,1785410681530,LeaderAccept
1785410681306,true,1785410681597,LeaderAccept
1785410681376,true,1785410681667,LeaderAccept
1785410681449,true,1785410681740,LeaderAccept
1785410681524,true,1785410681815,LeaderAccept
1785410681602,false,1785410681893,LeaderAccept
1785410681683,true,1785410681975,LeaderAccept
1785410681767,false,1785410682059,LeaderAccept
1785410681855,true,1785410682332,LeaderAccept
1785410681946,true,1785410682332,LeaderAccept
1785410682041,false,1785410682332,SlowAccept
1785410682141,false,1785410682649,LeaderAccept
1785410682247,true,1785410682649,LeaderAccept
1785410682358,false,1785410682649,SlowAccept
1785410682475,false,1785410682767,LeaderAccept
1785410682599,true,1785410682890,LeaderAccept
1785410682731,false,1785410683023,LeaderAccept
1785410682872,false,1785410683163,LeaderAccept
1785410683024,false,1785410683479,LeaderAccept
1785410683187,true,1785410683478,SlowAccept
1785410683362,true,1785410683847,LeaderAccept
1785410683555,true,1785410683847,SlowAccept
1785410683767,true,1785410683847,FastAccept
1785410684002,false,1785410684294,LeaderAccept
1785410684267,true,1785410684322,FastAccept
1785410684569,true,1785410684861,LeaderAccept
1785410684921,true,1785410684976,FastAccept
1785410685340,false,1785410685396,FastAccept
1785410685856,false,1785410685911,FastAccept
1785410686524,true,1785410687058,LeaderAccept
1785410687455,false,1785410688146,LeaderAccept
1785410688938,true,1785410689230,LeaderAccept
1785410692049,false,1785410692340,LeaderAccept
1785410706780,false,1785410706830,FastAccept
1785410716523,false,1785410716619,LeaderAccept
1785410716543,false,1785410716651,LeaderAccept
1785410716564,true,1785410716651,LeaderAccept
1785410716585,true,1785410716689,LeaderAccept
1785410716606,false,1785410716692,LeaderAccept
1785410716627,false,1785410716758,LeaderAccept
1785410716648,true,1785410716758,LeaderAccept
1785410716670,false,1785410716758,LeaderAccept
1785410716692,true,1785410716824,LeaderAccept
1785410716714,false,1785410716824,LeaderAccept
1785410716736,false,1785410716824,LeaderAccept
1785410716758,true,1785410716891,LeaderAccept
1785410716781,true,1785410716891,LeaderAccept
1785410716804,true,1785410716891,LeaderAccept
1785410716827,true,1785410716962,LeaderAccept
1785410716850,false,1785410716962,LeaderAccept
1785410716874,true,1785410716965,LeaderAccept
1785410716898,false,1785410717039,LeaderAccept
1785410716922,false,1785410717018,LeaderAccept
1785410716947,true,1785410717039,LeaderAccept
1785410716972,true,1785410717114,LeaderAccept
1785410716997,false,1785410717094,LeaderAccept
1785410717023,false,1785410717114,LeaderAccept
1785410717049,true,1785410717189,SlowAccept
1785410717075,false,1785410717189,LeaderAccept
1785410717101,true,1785410717201,LeaderAccept
1785410717128,false,1785410717269,SlowAccept
1785410717155,false,1785410717269,LeaderAccept
1785410717182,false,1785410717284,LeaderAccept
1785410717210,false,1785410717297,LeaderAccept
1785410717238,false,1785410717413,LeaderAccept
1785410717267,true,1785410717413,LeaderAccept
1785410717296,false,1785410717413,LeaderAccept
1785410717325,true,1785410717417,LeaderAccept
1785410717355,false,1785410717556,LeaderAccept
1785410717385,false,1785410717487,LeaderAccept
1785410717416,true,1785410717535,LeaderAccept
1785410717447,false,1785410717535,SlowAccept
1785410717479,true,1785410717556,SlowAccept
1785410717511,false,1785410717632,LeaderAccept
1785410717544,true,1785410717699,LeaderAccept
1785410717577,true,1785410717664,SlowAccept
1785410717611,true,1785410717732,LeaderAccept
1785410717645,true,1785410717803,LeaderAccept
1785410717680,true,1785410717768,SlowAccept
1785410717715,true,1785410717838,LeaderAccept
1785410717751,false,1785410717911,LeaderAccept
1785410717787,false,1785410717875,SlowAccept
1785410717824,false,1785410717936,LeaderAccept
1785410717861,false,1785410717949,LeaderAccept
1785410717900,false,1785410718010,LeaderAccept
1785410717939,true,1785410718026,LeaderAccept
1785410717979,false,1785410718067,LeaderAccept
1785410718020,true,1785410718118,LeaderAccept
1785410718061,true,1785410718148,LeaderAccept
1785410718103,true,1785410718191,LeaderAccept
1785410718146,false,1785410718251,LeaderAccept
1785410718190,true,1785410718277,LeaderAccept
1785410718235,false,1785410718323,LeaderAccept
1785410718281,false,1785410718416,LeaderAccept
1785410718328,false,1785410718416,SlowAccept
1785410718376,false,1785410718508,LeaderAccept
1785410718425,false,1785410718512,LeaderAccept
1785410718476,true,1785410718564,LeaderAccept
1785410718528,false,1785410718619,LeaderAccept
1785410718580,false,1785410718668,LeaderAccept
1785410718635,false,1785410718723,LeaderAccept
1785410718691,false,1785410718836,LeaderAccept
1785410718749,true,1785410718837,LeaderAccept
1785410718808,false,1785410718895,LeaderAccept
1785410718869,false,1785410719019,LeaderAccept
1785410718931,true,1785410719018,SlowAccept
1785410718995,false,1785410719071,SlowAccept
1785410719062,true,1785410719125,FastAccept
1785410719131,true,1785410719219,LeaderAccept
1785410719202,true,1785410719265,FastAccept
1785410719275,true,1785410719326,FastAccept
1785410719351,true,1785410719439,LeaderAccept
1785410719431,true,1785410719482,FastAccept
1785410719514,false,1785410719565,FastAccept
1785410719600,false,1785410719688,LeaderAccept
1785410719690,true,1785410719778,LeaderAccept
1785410719784,false,1785410719835,FastAccept
1785410719882,true,1785410719958,SlowAccept
1785410719985,true,1785410720036,FastAccept
1785410720094,false,1785410720145,FastAccept
1785410720208,true,1785410720285,SlowAccept
1785410720329,false,1785410720381,FastAccept
1785410720458,true,1785410720546,LeaderAccept
1785410720596,true,1785410720647,FastAccept
1785410720742,false,1785410720793,FastAccept
1785410720900,false,1785410720951,FastAccept
1785410721071,true,1785410721122,FastAccept
1785410721257,false,1785410721309,FastAccept
1785410721461,true,1785410721512,FastAccept
1785410721687,true,1785410721738,FastAccept
1785410721939,true,1785410721990,FastAccept
1785410722225,false,1785410722275,FastAccept
1785410722555,true,1785410722607,FastAccept
1785410722944,true,1785410722995,FastAccept
1785410723416,true,1785410723466,FastAccept
1785410724013,true,1785410724064,FastAccept
1785410724818,false,1785410724869,FastAccept
1785410726022,false,1785410726074,FastAccept
1785410728217,true,1785410728269,FastAccept
1785410732435,false,1785410732487,FastAccept
1785410732456,true,1785410732508,FastAccept
1785410732477,true,1785410732529,FastAccept
1785410732499,false,1785410732551,FastAccept
1785410732521,true,1785410732572,FastAccept
1785410732543,false,1785410732594,FastAccept
1785410732565,false,1785410732616,FastAccept
1785410732587,false,1785410732638,FastAccept
1785410732609,true,1785410732660,FastAccept
1785410732632,false,1785410732684,FastAccept
1785410732655,true,1785410732707,FastAccept
1785410732679,false,1785410732730,FastAccept
1785410732703,false,1785410732754,FastAccept
1785410732727,false,1785410732777,FastAccept
1785410732751,false,1785410732801,FastAccept
1785410732775,true,1785410732826,FastAccept
1785410732799,false,1785410732850,FastAccept
1785410732824,true,1785410732876,FastAccept
1785410732850,false,1785410732901,FastAccept
1785410732875,false,1785410732926,FastAccept
1785410732901,true,1785410732952,FastAccept
1785410732927,false,1785410732978,FastAccept
1785410732954,true,1785410733005,FastAccept
1785410732980,true,1785410733032,FastAccept
1785410733008,false,1785410733059,FastAccept
1785410733036,true,1785410733087,FastAccept
1785410733064,false,1785410733115,FastAccept
1785410733092,false,1785410733143,FastAccept
1785410733121,true,1785410733172,FastAccept
1785410733150,true,1785410733201,FastAccept
1785410733180,true,1785410733231,FastAccept
1785410733210,true,1785410733261,FastAccept
1785410733241,false,1785410733291,FastAccept
1785410733271,true,1785410733322,FastAccept
1785410733302,false,1785410733354,FastAccept
1785410733334,false,1785410733385,FastAccept
1785410733367,true,1785410733418,FastAccept
1785410733400,false,1785410733451,FastAccept
1785410733434,false,1785410733485,FastAccept
1785410733468,false,1785410733519,FastAccept
1785410733503,true,1785410733554,FastAccept
1785410733537,true,1785410733589,FastAccept
1785410733573,true,1785410733625,FastAccept
1785410733609,true,1785410733660,FastAccept
1785410733646,true,1785410733697,FastAccept
1785410733683,true,1785410733734,FastAccept
1785410733721,false,1785410733772,FastAccept
1785410733760,false,1785410733811,FastAccept
1785410733799,true,1785410733850,FastAccept
1785410733839,true,1785410733890,FastAccept
1785410733880,true,1785410733931,FastAccept
1785410733922,false,1785410733974,FastAccept
1785410733965,false,1785410734016,FastAccept
1785410734009,true,1785410734061,FastAccept
1785410734054,false,1785410734105,FastAccept
1785410734099,true,1785410734149,FastAccept
1785410734145,true,1785410734196,FastAccept
1785410734193,true,1785410734244,FastAccept
1785410734241,true,1785410734292,FastAccept
1785410734291,true,1785410734342,FastAccept
1785410734342,false,1785410734393,FastAccept
1785410734394,true,1785410734445,FastAccept
1785410734448,false,1785410734498,FastAccept
1785410734503,true,1785410734554,FastAccept
1785410734560,true,1785410734610,FastAccept
1785410734618,false,1785410734669,FastAccept
1785410734678,true,1785410734729,FastAccept
1785410734740,true,1785410734791,FastAccept
1785410734803,true,1785410734855,FastAccept
1785410734869,true,1785410734920,FastAccept
1785410734937,false,1785410734989,FastAccept
1785410735007,false,1785410735059,FastAccept
1785410735080,false,1785410735132,FastAccept
1785410735155,true,1785410735207,FastAccept
1785410735233,true,1785410735284,FastAccept
1785410735315,true,1785410735366,FastAccept
1785410735399,true,1785410735450,FastAccept
1785410735486,false,1785410735538,FastAccept
1785410735578,false,1785410735665,LeaderAccept
1785410735673,true,1785410735760,LeaderAccept
1785410735773,true,1785410735861,LeaderAccept
1785410735879,true,1785410735966,LeaderAccept
1785410735991,true,1785410736079,SlowAccept
1785410736109,true,1785410736197,SlowAccept
1785410736234,true,1785410736322,LeaderAccept
1785410736367,true,1785410736456,LeaderAccept
1785410736509,false,1785410736597,LeaderAccept
1785410736662,false,1785410736758,LeaderAccept
1785410736826,false,1785410736897,LeaderAccept
1785410737005,false,1785410737055,FastAccept
1785410737200,true,1785410737251,FastAccept
1785410737415,false,1785410737465,FastAccept
1785410737654,false,1785410737705,FastAccept
1785410737923,true,1785410737974,FastAccept
1785410738231,false,1785410738307,SlowAccept
1785410738590,false,1785410738666,SlowAccept
1785410739019,false,1785410739069,FastAccept
1785410739551,false,1785410739602,FastAccept
1785410740243,false,1785410740294,FastAccept
1785410741222,false,1785410741273,FastAccept
1785410742818,true,1785410742869,FastAccept
1785410746361,true,1785410746449,LeaderAccept
1785410755155,true,1785410755206,FastAccept
1785410755175,false,1785410755225,FastAccept
1785410755195,true,1785410755246,FastAccept
1785410755215,true,1785410755266,FastAccept
1785410755236,false,1785410755287,FastAccept
1785410755256,false,1785410755307,FastAccept
1785410755277,false,1785410755328,FastAccept
1785410755298,false,1785410755349,FastAccept
1785410755319,false,1785410755370,FastAccept
1785410755340,true,1785410755391,FastAccept
1785410755361,true,1785410755412,FastAccept
1785410755383,false,1785410755434,FastAccept
1785410755404,false,1785410755456,FastAccept
1785410755427,true,1785410755478,FastAccept
1785410755449,false,1785410755500,FastAccept
1785410755472,false,1785410755523,FastAccept
1785410755494,false,1785410755545,FastAccept
1785410755518,true,1785410755569,FastAccept
1785410755542,false,1785410755593,FastAccept
1785410755566,false,1785410755617,FastAccept
1785410755590,true,1785410755641,FastAccept
1785410755616,false,1785410755666,FastAccept
1785410755640,true,1785410755690,FastAccept
1785410755665,true,1785410755716,FastAccept
1785410755690,true,1785410755740,FastAccept
1785410755715,true,1785410755765,FastAccept
1785410755740,true,1785410755790,FastAccept
1785410755765,false,1785410755816,FastAccept
1785410755792,false,1785410755842,FastAccept
1785410755818,false,1785410755869,FastAccept
1785410755845,false,1785410755896,FastAccept
1785410755872,false,1785410755924,FastAccept
1785410755900,true,1785410755952,FastAccept
1785410755928,true,1785410755979,FastAccept
1785410755956,false,1785410756007,FastAccept
1785410755985,true,1785410756036,FastAccept
1785410756014,true,1785410756066,FastAccept
1785410756044,true,1785410756095,FastAccept
1785410756074,false,1785410756125,FastAccept
1785410756104,true,1785410756155,FastAccept
1785410756135,false,1785410756186,FastAccept
1785410756167,true,1785410756218,FastAccept
1785410756199,true,1785410756251,FastAccept
1785410756232,false,1785410756283,FastAccept
1785410756265,true,1785410756353,SlowAccept
1785410756299,true,1785410756387,SlowAccept
1785410756334,false,1785410756421,SlowAccept
1785410756369,true,1785410756457,SlowAccept
1785410756404,true,1785410756492,SlowAccept
1785410756440,true,1785410756528,SlowAccept
1785410756476,true,1785410756564,SlowAccept
1785410756513,true,1785410756601,LeaderAccept
1785410756551,true,1785410756638,LeaderAccept
1785410756588,false,1785410756675,LeaderAccept
1785410756627,false,1785410756714,LeaderAccept
1785410756666,false,1785410756754,LeaderAccept
1785410756707,false,1785410756795,LeaderAccept
1785410756749,true,1785410756837,LeaderAccept
1785410756792,true,1785410756880,LeaderAccept
1785410756835,false,1785410756923,LeaderAccept
1785410756879,true,1785410756967,LeaderAccept
1785410756924,false,1785410757011,LeaderAccept
1785410756970,true,1785410757058,LeaderAccept
1785410757017,false,1785410757104,LeaderAccept
1785410757066,false,1785410757153,LeaderAccept
1785410757115,true,1785410757202,LeaderAccept
1785410757165,true,1785410757252,LeaderAccept
1785410757216,false,1785410757303,LeaderAccept
1785410757269,true,1785410757356,LeaderAccept
1785410757323,true,1785410757410,LeaderAccept
1785410757378,true,1785410757465,LeaderAccept
1785410757435,false,1785410757523,LeaderAccept
1785410757495,true,1785410757581,LeaderAccept
1785410757555,false,1785410757646,LeaderAccept
1785410757617,true,1785410757708,LeaderAccept
1785410757681,false,1785410757775,LeaderAccept
1785410757748,true,1785410757835,SlowAccept
1785410757817,false,1785410757922,LeaderAccept
1785410757887,false,1785410757995,LeaderAccept
1785410757961,true,1785410758049,LeaderAccept
1785410758038,true,1785410758128,LeaderAccept
1785410758118,false,1785410758211,LeaderAccept
1785410758200,true,1785410758297,LeaderAccept
1785410758286,false,1785410758385,LeaderAccept
1785410758376,false,1785410758480,LeaderAccept
1785410758470,true,1785410758654,LeaderAccept
1785410758568,true,1785410758654,SlowAccept
1785410758671,true,1785410758758,LeaderAccept
1785410758779,true,1785410758867,LeaderAccept
1785410758893,true,1785410758983,LeaderAccept
1785410759014,false,1785410759107,LeaderAccept
1785410759142,true,1785410759243,LeaderAccept
1785410759279,false,1785410759437,LeaderAccept
1785410759426,true,1785410759514,LeaderAccept
1785410759584,false,1785410759672,LeaderAccept
1785410759755,true,1785410759842,LeaderAccept
1785410759940,false,1785410760016,SlowAccept
1785410760143,false,1785410760219,SlowAccept
1785410760213,false,1785410760276,FastAccept
1785410760223,true,1785410760276,FastAccept
1785410760246,false,1785410760334,SlowAccept
1785410760270,true,1785410760357,SlowAccept
1785410760294,false,1785410760407,LeaderAccept
1785410760319,true,1785410760407,SlowAccept
1785410760344,true,1785410760431,LeaderAccept
1785410760370,false,1785410760461,LeaderAccept
1785410760395,true,1785410760482,LeaderAccept
1785410760421,false,1785410760509,LeaderAccept
1785410760447,false,1785410760588,LeaderAccept
1785410760473,true,1785410760588,LeaderAccept
1785410760500,false,1785410760588,LeaderAccept
1785410760527,false,1785410760669,LeaderAccept
1785410760554,false,1785410760669,LeaderAccept
1785410760582,true,1785410760669,SlowAccept
1785410760610,false,1785410760697,LeaderAccept
1785410760638,true,1785410760769,LeaderAccept
1785410760667,false,1785410760754,LeaderAccept
1785410760696,false,1785410760783,LeaderAccept
1785410760725,true,1785410760825,LeaderAccept
1785410760756,false,1785410760842,LeaderAccept
1785410760786,true,1785410760873,LeaderAccept
1785410760817,true,1785410760925,LeaderAccept
1785410760848,true,1785410760935,LeaderAccept
1785410760880,false,1785410760967,LeaderAccept
1785410760913,true,1785410761000,LeaderAccept
1785410760946,true,1785410761067,LeaderAccept
1785410760980,false,1785410761171,LeaderAccept
1785410761014,true,1785410761101,SlowAccept
1785410761048,true,1785410761135,SlowAccept
1785410761083,true,1785410761267,LeaderAccept
1785410761119,true,1785410761207,SlowAccept
1785410761156,true,1785410761243,SlowAccept
1785410761193,true,1785410761280,LeaderAccept
1785410761231,false,1785410761318,LeaderAccept
1785410761269,true,1785410761356,LeaderAccept
1785410761308,true,1785410761395,LeaderAccept
1785410761348,true,1785410761435,LeaderAccept
1785410761389,false,1785410761476,LeaderAccept
1785410761430,true,1785410761560,LeaderAccept
1785410761472,false,1785410761560,SlowAccept
1785410761515,false,1785410761604,LeaderAccept
1785410761560,true,1785410761676,LeaderAccept
1785410761605,true,1785410761692,LeaderAccept
1785410761651,true,1785410761739,LeaderAccept
1785410761698,false,1785410761785,LeaderAccept
1785410761746,true,1785410761834,LeaderAccept
1785410761796,true,1785410761884,LeaderAccept
1785410761847,true,1785410761935,LeaderAccept
1785410761899,true,1785410761986,LeaderAccept
1785410761952,true,1785410762040,LeaderAccept
1785410762007,false,1785410762094,LeaderAccept
1785410762063,true,1785410762165,LeaderAccept
1785410762120,false,1785410762207,LeaderAccept
1785410762179,false,1785410762267,LeaderAccept
1785410762240,false,1785410762328,LeaderAccept
1785410762303,true,1785410762391,LeaderAccept
1785410762368,true,1785410762419,FastAccept
1785410762435,true,1785410762486,FastAccept
1785410762504,true,1785410762580,SlowAccept
1785410762575,true,1785410762626,FastAccept
1785410762649,true,1785410762836,LeaderAccept
1785410762726,false,1785410762815,SlowAccept
1785410762806,true,1785410763103,LeaderAccept
1785410762889,false,1785410763012,LeaderAccept
1785410762975,false,1785410763063,SlowAccept
1785410763066,true,1785410763154,SlowAccept
1785410763161,true,1785410763248,SlowAccept
1785410763259,true,1785410763347,SlowAccept
1785410763363,false,1785410763451,SlowAccept
1785410763473,true,1785410763581,LeaderAccept
1785410763588,true,1785410763706,LeaderAccept
1785410763709,false,1785410763766,FastAccept
1785410763838,true,1785410763889,FastAccept
1785410763977,false,1785410764371,LeaderAccept
1785410764125,true,1785410764212,SlowAccept
1785410764284,false,1785410764392,LeaderAccept
1785410764456,false,1785410764544,LeaderAccept
1785410764644,false,1785410764746,LeaderAccept
1785410764850,false,1785410764901,FastAccept
1785410765079,true,1785410765130,FastAccept
1785410765335,false,1785410765386,FastAccept
1785410765624,false,1785410765676,FastAccept
1785410765959,true,1785410766047,LeaderAccept
1785410766356,false,1785410766419,FastAccept
1785410766839,false,1785410766890,FastAccept
1785410767454,true,1785410767505,FastAccept
1785410768290,true,1785410768378,LeaderAccept
1785410769558,false,1785410769610,FastAccept
1785410771948,false,1785410771999,FastAccept
1785410779844,false,1785410779895,FastAccept
1785410791532,true,1785410791583,FastAccept
1785410791548,true,1785410791599,FastAccept
1785410791564,true,1785410791615,FastAccept
1785410791580,false,1785410791631,FastAccept
1785410791596,false,1785410791751,LeaderAccept
1785410791612,true,1785410791683,FastAccept
1785410791629,false,1785410791716,SlowAccept
1785410791646,true,1785410791804,LeaderAccept
1785410791663,true,1785410791751,SlowAccept
1785410791681,true,1785410791803,LeaderAccept
1785410791698,false,1785410791803,LeaderAccept
1785410791716,false,1785410791803,SlowAccept
1785410791733,false,1785410791820,LeaderAccept
1785410791750,true,1785410791838,LeaderAccept
1785410791768,true,1785410791855,LeaderAccept
1785410791786,false,1785410791928,LeaderAccept
1785410791803,true,1785410791928,LeaderAccept
1785410791822,true,1785410791928,LeaderAccept
1785410791841,false,1785410791928,SlowAccept
1785410791860,true,1785410791947,LeaderAccept
1785410791879,false,1785410791966,LeaderAccept
1785410791898,true,1785410791985,LeaderAccept
1785410791917,false,1785410792063,LeaderAccept
1785410791937,true,1785410792063,LeaderAccept
1785410791956,false,1785410792063,LeaderAccept
1785410791976,true,1785410792063,SlowAccept
1785410791995,true,1785410792082,LeaderAccept
1785410792015,false,1785410792102,LeaderAccept
1785410792035,false,1785410792123,LeaderAccept
1785410792056,false,1785410792203,LeaderAccept
1785410792076,false,1785410792203,LeaderAccept
1785410792096,false,1785410792203,LeaderAccept
1785410792117,true,1785410792204,LeaderAccept
1785410792138,true,1785410792225,LeaderAccept
1785410792160,false,1785410792247,LeaderAccept
1785410792181,true,1785410792269,LeaderAccept
1785410792203,true,1785410792349,LeaderAccept
1785410792225,true,1785410792349,LeaderAccept
1785410792247,true,1785410792349,LeaderAccept
1785410792269,true,1785410792356,LeaderAccept
1785410792292,false,1785410792379,LeaderAccept
1785410792315,true,1785410792402,LeaderAccept
1785410792338,true,1785410792424,LeaderAccept
1785410792361,true,1785410792496,SlowAccept
1785410792385,false,1785410792496,LeaderAccept
1785410792409,true,1785410792496,LeaderAccept
1785410792433,false,1785410792520,LeaderAccept
1785410792457,false,1785410792544,LeaderAccept
1785410792482,false,1785410792569,LeaderAccept
1785410792507,false,1785410792594,LeaderAccept
1785410792532,false,1785410792622,LeaderAccept
1785410792558,true,1785410792645,LeaderAccept
1785410792584,true,1785410792671,LeaderAccept
1785410792610,true,1785410792698,LeaderAccept
1785410792637,false,1785410792724,LeaderAccept
1785410792664,false,1785410792752,LeaderAccept
1785410792692,false,1785410792779,LeaderAccept
1785410792720,false,1785410792811,LeaderAccept
1785410792748,false,1785410792835,LeaderAccept
1785410792777,true,1785410792864,LeaderAccept
1785410792806,true,1785410792892,LeaderAccept
1785410792835,true,1785410792922,LeaderAccept
1785410792864,false,1785410792951,LeaderAccept
1785410792894,false,1785410792981,LeaderAccept
1785410792924,false,1785410793016,LeaderAccept
1785410792955,false,1785410793042,LeaderAccept
1785410792987,true,1785410793075,LeaderAccept
1785410793019,false,1785410793106,LeaderAccept
1785410793051,true,1785410793139,LeaderAccept
1785410793084,false,1785410793172,LeaderAccept
1785410793117,true,1785410793205,LeaderAccept
1785410793151,true,1785410793344,LeaderAccept
1785410793186,true,1785410793273,SlowAccept
1785410793221,true,1785410793308,SlowAccept
1785410793256,false,1785410793344,SlowAccept
1785410793293,true,1785410793380,LeaderAccept
1785410793330,false,1785410793418,LeaderAccept
1785410793368,false,1785410793456,LeaderAccept
1785410793407,false,1785410793531,LeaderAccept
1785410793446,true,1785410793533,LeaderAccept
1785410793486,true,1785410793574,LeaderAccept
1785410793527,false,1785410793614,LeaderAccept
1785410793568,false,1785410793656,LeaderAccept
1785410793610,true,1785410793698,LeaderAccept
1785410793654,false,1785410793762,LeaderAccept
1785410793698,false,1785410793786,LeaderAccept
1785410793744,true,1785410793832,LeaderAccept
1785410793790,false,1785410793878,LeaderAccept
1785410793837,false,1785410793924,LeaderAccept
1785410793885,false,1785410793974,LeaderAccept
1785410793934,false,1785410794021,LeaderAccept
1785410793984,true,1785410794124,SlowAccept
1785410794036,true,1785410794124,LeaderAccept
1785410794089,false,1785410794177,LeaderAccept
1785410794143,true,1785410794231,LeaderAccept
1785410794199,false,1785410794286,LeaderAccept
1785410794256,false,1785410794344,LeaderAccept
1785410794315,false,1785410794403,LeaderAccept
1785410794376,false,1785410794468,LeaderAccept
1785410794439,false,1785410794527,SlowAccept
1785410794504,true,1785410794555,FastAccept
1785410794571,false,1785410794622,FastAccept
1785410794640,true,1785410794692,FastAccept
1785410794712,true,1785410794763,FastAccept
1785410794786,false,1785410794838,FastAccept
1785410794863,true,1785410794952,LeaderAccept
1785410794943,true,1785410794995,FastAccept
1785410795026,false,1785410795077,FastAccept
1785410795112,true,1785410795163,FastAccept
1785410795202,false,1785410795253,FastAccept
1785410795296,false,1785410795347,FastAccept
1785410795394,true,1785410795445,FastAccept
1785410795497,false,1785410795548,FastAccept
1785410795606,false,1785410795658,FastAccept
1785410795721,true,1785410795772,FastAccept
1785410795843,true,1785410795894,FastAccept
1785410795973,true,1785410796024,FastAccept
1785410796111,false,1785410796162,FastAccept
1785410796259,true,1785410796310,FastAccept
1785410796417,true,1785410796468,FastAccept
1785410796589,false,1785410796640,FastAccept
1785410796776,false,1785410796827,FastAccept
1785410796982,false,1785410797033,FastAccept
1785410797209,false,1785410797261,FastAccept
1785410797464,false,1785410797551,LeaderAccept
1785410797753,true,1785410797840,LeaderAccept
1785410798086,true,1785410798173,SlowAccept
1785410798479,false,1785410798566,SlowAccept
1785410798958,true,1785410799009,FastAccept
1785410799567,false,1785410799654,LeaderAccept
1785410800060,true,1785410800148,LeaderAccept
1785410800078,false,1785410800165,LeaderAccept
1785410800096,true,1785410800182,LeaderAccept
1785410800114,false,1785410800202,LeaderAccept
1785410800132,false,1785410800220,LeaderAccept
1785410800151,false,1785410800238,LeaderAccept
1785410800170,true,1785410800257,LeaderAccept
1785410800189,true,1785410800276,LeaderAccept
1785410800208,true,1785410800295,LeaderAccept
1785410800228,false,1785410800315,LeaderAccept
1785410800247,false,1785410800335,LeaderAccept
1785410800267,true,1785410800353,LeaderAccept
1785410800287,false,1785410800374,LeaderAccept
1785410800307,true,1785410800393,LeaderAccept
1785410800327,true,1785410800413,LeaderAccept
1785410800347,false,1785410800433,LeaderAccept
1785410800366,true,1785410800453,LeaderAccept
1785410800387,true,1785410800473,LeaderAccept
1785410800408,false,1785410800495,LeaderAccept
1785410800429,true,1785410800515,LeaderAccept
1785410800450,true,1785410800536,LeaderAccept
1785410800471,true,1785410800558,LeaderAccept
1785410800493,false,1785410800579,LeaderAccept
1785410800515,false,1785410800602,LeaderAccept
1785410800536,true,1785410800623,LeaderAccept
1785410800559,true,1785410800645,LeaderAccept
1785410800582,false,1785410800669,LeaderAccept
1785410800605,true,1785410800691,LeaderAccept
1785410800628,false,1785410800715,LeaderAccept
1785410800652,false,1785410800738,LeaderAccept
1785410800674,true,1785410800761,LeaderAccept
1785410800698,false,1785410800785,LeaderAccept
1785410800722,true,1785410800808,LeaderAccept
1785410800746,false,1785410800833,LeaderAccept
1785410800769,true,1785410800856,LeaderAccept
1785410800795,true,1785410800882,LeaderAccept
1785410800821,false,1785410800908,LeaderAccept
1785410800847,true,1785410800934,LeaderAccept
1785410800874,true,1785410800961,LeaderAccept
1785410800900,true,1785410800986,LeaderAccept
1785410800926,true,1785410801013,LeaderAccept
1785410800953,false,1785410801040,LeaderAccept
1785410800980,true,1785410801067,LeaderAccept
1785410801008,true,1785410801095,LeaderAccept
1785410801036,false,1785410801122,LeaderAccept
1785410801064,false,1785410801150,LeaderAccept
1785410801093,false,1785410801179,LeaderAccept
1785410801122,true,1785410801209,LeaderAccept
1785410801151,true,1785410801239,LeaderAccept
1785410801182,false,1785410801269,LeaderAccept
1785410801212,false,1785410801299,LeaderAccept
1785410801243,false,1785410801330,LeaderAccept
1785410801274,true,1785410801361,LeaderAccept
1785410801306,true,1785410801393,LeaderAccept
1785410801339,false,1785410801426,LeaderAccept
1785410801372,true,1785410801460,LeaderAccept
1785410801406,true,1785410801493,LeaderAccept
1785410801440,true,1785410801528,LeaderAccept
1785410801475,true,1785410801563,LeaderAccept
1785410801510,true,1785410801597,LeaderAccept
1785410801546,true,1785410801633,LeaderAccept
1785410801583,false,1785410801670,LeaderAccept
1785410801620,true,1785410801707,LeaderAccept
1785410801658,true,1785410801728,LeaderAccept
1785410801696,true,1785410801783,LeaderAccept
1785410801735,false,1785410801822,LeaderAccept
1785410801775,false,1785410801862,LeaderAccept
1785410801816,true,1785410801903,LeaderAccept
1785410801856,false,1785410801943,LeaderAccept
1785410801899,false,1785410801986,LeaderAccept
1785410801942,false,1785410802030,LeaderAccept
1785410801986,true,1785410802074,LeaderAccept
1785410802031,true,1785410802119,LeaderAccept
1785410802077,true,1785410802164,LeaderAccept
1785410802124,true,1785410802212,LeaderAccept
1785410802172,true,1785410802259,LeaderAccept
1785410802222,true,1785410802309,LeaderAccept
1785410802273,false,1785410802360,LeaderAccept
1785410802325,false,1785410802413,LeaderAccept
1785410802378,false,1785410802465,LeaderAccept
1785410802433,false,1785410802521,LeaderAccept
1785410802489,false,1785410802576,LeaderAccept
1785410802547,false,1785410802634,LeaderAccept
1785410802606,false,1785410802694,LeaderAccept
1785410802667,true,1785410802755,LeaderAccept
1785410802730,true,1785410802818,SlowAccept
1785410802795,true,1785410802846,FastAccept
1785410802862,true,1785410802950,LeaderAccept
1785410802932,true,1785410803040,LeaderAccept
1785410803003,true,1785410803095,LeaderAccept
1785410803077,true,1785410803180,LeaderAccept
1785410803154,false,1785410803261,LeaderAccept
1785410803234,false,1785410803324,LeaderAccept
1785410803316,true,1785410803418,LeaderAccept
1785410803403,true,1785410803491,SlowAccept
1785410803493,true,1785410803675,LeaderAccept
1785410803587,false,1785410803686,LeaderAccept
1785410803686,true,1785410803878,LeaderAccept
1785410803790,false,1785410803898,LeaderAccept
1785410803900,true,1785410803992,LeaderAccept
1785410804015,false,1785410804137,LeaderAccept
1785410804137,true,1785410804288,LeaderAccept
1785410804267,false,1785410804354,LeaderAccept
1785410804405,true,1785410804495,LeaderAccept
1785410804552,true,1785410804657,LeaderAccept
1785410804711,true,1785410804786,SlowAccept
1785410804883,true,1785410804970,LeaderAccept
1785410805071,true,1785410805122,FastAccept
1785410805277,true,1785410805386,LeaderAccept
1785410805505,false,1785410805593,LeaderAccept
1785410805761,false,1785410805837,SlowAccept
1785410806052,true,1785410806102,FastAccept
1785410806387,false,1785410806475,LeaderAccept
1785410806783,true,1785410806859,SlowAccept
1785410807265,true,1785410807316,FastAccept
1785410807878,false,1785410807966,LeaderAccept
1785410808712,true,1785410808763,FastAccept
1785410809977,true,1785410810065,LeaderAccept
1785410812357,true,1785410812407,FastAccept
1785410820171,false,1785410820222,FastAccept
1785410838087,true,1785410838174,LeaderAccept
1785410838110,false,1785410838198,LeaderAccept
1785410838134,true,1785410838221,LeaderAccept
1785410838158,true,1785410838245,LeaderAccept
1785410838182,false,1785410838270,LeaderAccept
1785410838207,true,1785410838294,LeaderAccept
1785410838230,false,1785410838318,LeaderAccept
1785410838256,true,1785410838343,LeaderAccept
1785410838281,false,1785410838369,LeaderAccept
1785410838307,false,1785410838395,LeaderAccept
1785410838333,false,1785410838420,LeaderAccept
1785410838359,false,1785410838447,LeaderAccept
1785410838386,true,1785410838474,LeaderAccept
1785410838413,false,1785410838499,LeaderAccept
1785410838440,false,1785410838527,LeaderAccept
1785410838468,true,1785410838555,LeaderAccept
1785410838496,false,1785410838584,LeaderAccept
1785410838526,true,1785410838613,LeaderAccept
1785410838554,false,1785410838641,LeaderAccept
1785410838583,true,1785410838670,LeaderAccept
1785410838613,false,1785410838700,LeaderAccept
1785410838643,true,1785410838731,LeaderAccept
1785410838674,true,1785410838761,LeaderAccept
1785410838705,true,1785410838793,LeaderAccept
1785410838737,true,1785410838825,LeaderAccept
1785410838769,false,1785410838856,LeaderAccept
1785410838801,true,1785410838889,LeaderAccept
1785410838834,false,1785410838922,LeaderAccept
1785410838868,false,1785410838956,LeaderAccept
1785410838902,true,1785410838990,LeaderAccept
1785410838937,false,1785410839025,LeaderAccept
1785410838972,false,1785410839060,LeaderAccept
1785410839007,false,1785410839095,LeaderAccept
1785410839044,true,1785410839131,LeaderAccept
1785410839081,true,1785410839168,LeaderAccept
1785410839118,false,1785410839206,LeaderAccept
1785410839157,false,1785410839245,LeaderAccept
1785410839196,true,1785410839283,LeaderAccept
1785410839236,false,1785410839324,LeaderAccept
1785410839277,true,1785410839364,LeaderAccept
1785410839318,true,1785410839406,LeaderAccept
1785410839360,true,1785410839448,LeaderAccept
1785410839403,true,1785410839490,LeaderAccept
1785410839447,false,1785410839536,LeaderAccept
1785410839492,true,1785410839580,LeaderAccept
1785410839538,false,1785410839625,LeaderAccept
1785410839585,true,1785410839673,LeaderAccept
1785410839633,false,1785410839720,LeaderAccept
1785410839682,false,1785410839769,LeaderAccept
1785410839732,false,1785410839819,LeaderAccept
1785410839783,true,1785410839871,LeaderAccept
1785410839836,true,1785410839923,LeaderAccept
1785410839890,true,1785410839978,LeaderAccept
1785410839946,false,1785410840034,LeaderAccept
1785410840003,false,1785410840091,LeaderAccept
1785410840062,true,1785410840149,LeaderAccept
1785410840122,false,1785410840210,LeaderAccept
1785410840184,false,1785410840271,LeaderAccept
1785410840247,true,1785410840298,FastAccept
1785410840314,false,1785410840365,FastAccept
1785410840382,true,1785410840433,FastAccept
1785410840453,false,1785410840504,FastAccept
1785410840526,false,1785410840577,FastAccept
1785410840602,false,1785410840690,LeaderAccept
1785410840681,false,1785410840732,FastAccept
1785410840763,false,1785410840814,FastAccept
1785410840848,true,1785410840900,FastAccept
1785410840937,true,1785410840988,FastAccept
1785410841030,false,1785410841082,FastAccept
1785410841128,true,1785410841216,SlowAccept
1785410841230,false,1785410841281,FastAccept
1785410841337,false,1785410841388,FastAccept
1785410841450,false,1785410841501,FastAccept
1785410841568,false,1785410841620,FastAccept
1785410841695,false,1785410841746,FastAccept
1785410841831,false,1785410841919,SlowAccept
1785410841976,false,1785410842027,FastAccept
1785410842132,false,1785410842183,FastAccept
1785410842300,false,1785410842351,FastAccept
1785410842483,true,1785410842534,FastAccept
1785410842683,false,1785410842735,FastAccept
1785410842904,false,1785410842955,FastAccept
1785410843151,false,1785410843202,FastAccept
1785410843429,true,1785410843480,FastAccept
1785410843750,false,1785410843801,FastAccept
1785410844126,false,1785410844177,FastAccept
1785410844579,false,1785410844630,FastAccept
1785410845147,true,1785410845198,FastAccept
1785410845901,true,1785410845952,FastAccept
1785410847001,true,1785410847052,FastAccept
1785410848905,true,1785410849043,LeaderAccept
1785410853837,false,1785410853887,FastAccept
1785410862184,true,1785410862324,LeaderAccept
1785410862207,false,1785410862364,LeaderAccept
1785410862230,false,1785410862364,SlowAccept
1785410862254,false,1785410862389,SlowAccept
1785410862277,false,1785410862413,LeaderAccept
1785410862301,true,1785410862413,LeaderAccept
1785410862325,true,1785410862415,LeaderAccept
1785410862350,false,1785410862509,LeaderAccept
1785410862375,true,1785410862516,LeaderAccept
1785410862400,false,1785410862509,LeaderAccept
1785410862425,false,1785410862516,LeaderAccept
1785410862451,false,1785410862542,LeaderAccept
1785410862477,true,1785410862575,LeaderAccept
1785410862502,true,1785410862644,LeaderAccept
1785410862529,false,1785410862670,LeaderAccept
1785410862556,true,1785410862697,LeaderAccept
1785410862583,false,1785410862737,LeaderAccept
1785410862610,false,1785410862782,LeaderAccept
1785410862638,false,1785410862782,SlowAccept
1785410862666,false,1785410862811,SlowAccept
1785410862695,false,1785410862842,LeaderAccept
1785410862724,true,1785410862842,LeaderAccept
1785410862753,false,1785410862842,SlowAccept
1785410862783,true,1785410862871,LeaderAccept
1785410862814,true,1785410862933,LeaderAccept
1785410862845,false,1785410862964,LeaderAccept
1785410862876,true,1785410862995,LeaderAccept
1785410862908,true,1785410863027,LeaderAccept
1785410862939,true,1785410863060,LeaderAccept
1785410862972,false,1785410863093,LeaderAccept
1785410863005,true,1785410863126,LeaderAccept
1785410863039,false,1785410863160,LeaderAccept
1785410863073,false,1785410863195,LeaderAccept
1785410863108,true,1785410863216,LeaderAccept
1785410863144,true,1785410863293,LeaderAccept
1785410863180,true,1785410863287,LeaderAccept
1785410863216,true,1785410863324,LeaderAccept
1785410863254,true,1785410863341,LeaderAccept
1785410863292,false,1785410863386,LeaderAccept
1785410863331,true,1785410863418,LeaderAccept
1785410863370,true,1785410863456,LeaderAccept
1785410863410,true,1785410863497,LeaderAccept
1785410863451,true,1785410863538,LeaderAccept
1785410863493,false,1785410863580,LeaderAccept
1785410863536,false,1785410863687,LeaderAccept
1785410863580,false,1785410863757,LeaderAccept
1785410863625,false,1785410863757,LeaderAccept
1785410863670,true,1785410863803,LeaderAccept
1785410863716,false,1785410863851,LeaderAccept
1785410863764,true,1785410863900,LeaderAccept
1785410863812,true,1785410863950,LeaderAccept
1785410863862,true,1785410863984,LeaderAccept
1785410863913,false,1785410864054,SlowAccept
1785410863966,false,1785410864108,LeaderAccept
1785410864020,false,1785410864108,LeaderAccept
1785410864076,false,1785410864165,LeaderAccept
1785410864133,false,1785410864220,LeaderAccept
1785410864191,false,1785410864278,LeaderAccept
1785410864251,false,1785410864339,LeaderAccept
1785410864313,false,1785410864400,LeaderAccept
1785410864377,true,1785410864465,LeaderAccept
1785410864443,true,1785410864531,LeaderAccept
1785410864511,true,1785410864588,SlowAccept
1785410864581,true,1785410864669,LeaderAccept
1785410864654,true,1785410864730,SlowAccept
1785410864730,false,1785410864806,SlowAccept
1785410864808,false,1785410864871,FastAccept
1785410864889,false,1785410864953,FastAccept
1785410864974,true,1785410865025,FastAccept
1785410865062,false,1785410865113,FastAccept
1785410865155,true,1785410865207,FastAccept
1785410865252,false,1785410865303,FastAccept
1785410865354,false,1785410865405,FastAccept
1785410865461,false,1785410865513,FastAccept
1785410865574,true,1785410865626,FastAccept
1785410865694,true,1785410865745,FastAccept
1785410865820,true,1785410865872,FastAccept
1785410865955,true,1785410866006,FastAccept
1785410866099,false,1785410866150,FastAccept
1785410866253,false,1785410866304,FastAccept
1785410866420,false,1785410866471,FastAccept
1785410866601,true,1785410866652,FastAccept
1785410866799,false,1785410866850,FastAccept
1785410867019,true,1785410867069,FastAccept
1785410867263,false,1785410867313,FastAccept
1785410867538,false,1785410867589,FastAccept
1785410867854,false,1785410867905,FastAccept
1785410868224,true,1785410868311,LeaderAccept
1785410868668,true,1785410868755,LeaderAccept
1785410869221,true,1785410869309,LeaderAccept
1785410869953,false,1785410870041,LeaderAccept
1785410871008,false,1785410871059,FastAccept
1785410872792,false,1785410872843,FastAccept
1785410877143,true,1785410877251,LeaderAccept
1785410883337,false,1785410883388,FastAccept
1785410883355,true,1785410883406,FastAccept
1785410883374,true,1785410883425,FastAccept
1785410883393,true,1785410883444,FastAccept
1785410883412,true,1785410883464,FastAccept
1785410883432,true,1785410883483,FastAccept
1785410883451,false,1785410883502,FastAccept
1785410883470,false,1785410883521,FastAccept
1785410883490,false,1785410883541,FastAccept
1785410883510,true,1785410883561,FastAccept
1785410883530,true,1785410883581,FastAccept
1785410883549,true,1785410883601,FastAccept
1785410883570,false,1785410883621,FastAccept
1785410883590,true,1785410883641,FastAccept
1785410883611,true,1785410883662,FastAccept
1785410883633,false,1785410883684,FastAccept
1785410883654,false,1785410883705,FastAccept
1785410883675,true,1785410883725,FastAccept
1785410883695,false,1785410883746,FastAccept
1785410883717,true,1785410883768,FastAccept
1785410883739,true,1785410883790,FastAccept
1785410883761,false,1785410883812,FastAccept
1785410883784,true,1785410883835,FastAccept
1785410883807,true,1785410883918,LeaderAccept
1785410883830,true,1785410883918,SlowAccept
1785410883853,true,1785410883940,LeaderAccept
1785410883877,false,1785410883964,LeaderAccept
1785410883901,true,1785410883989,LeaderAccept
1785410883925,true,1785410884012,LeaderAccept
1785410883949,false,1785410884036,LeaderAccept
1785410883974,false,1785410884061,LeaderAccept
1785410883999,false,1785410884086,LeaderAccept
1785410884024,true,1785410884111,LeaderAccept
1785410884049,true,1785410884135,LeaderAccept
1785410884075,true,1785410884162,LeaderAccept
1785410884101,false,1785410884189,LeaderAccept
1785410884128,false,1785410884216,LeaderAccept
1785410884155,true,1785410884243,LeaderAccept
1785410884181,true,1785410884269,LeaderAccept
1785410884209,false,1785410884296,LeaderAccept
1785410884237,true,1785410884324,LeaderAccept
1785410884265,false,1785410884353,LeaderAccept
1785410884294,false,1785410884381,LeaderAccept
1785410884323,false,1785410884411,LeaderAccept
1785410884353,false,1785410884439,LeaderAccept
1785410884383,true,1785410884471,LeaderAccept
1785410884413,true,1785410884504,LeaderAccept
1785410884444,true,1785410884531,LeaderAccept
1785410884476,false,1785410884563,LeaderAccept
1785410884508,false,1785410884595,LeaderAccept
1785410884540,true,1785410884628,LeaderAccept
1785410884573,false,1785410884660,LeaderAccept
1785410884606,true,1785410884693,LeaderAccept
1785410884640,false,1785410884728,LeaderAccept
1785410884674,true,1785410884761,LeaderAccept
1785410884708,true,1785410884796,LeaderAccept
1785410884744,false,1785410884831,LeaderAccept
1785410884779,true,1785410884866,LeaderAccept
1785410884816,true,1785410884904,LeaderAccept
1785410884854,false,1785410884942,LeaderAccept
1785410884892,true,1785410884979,LeaderAccept
1785410884930,true,1785410885018,LeaderAccept
1785410884970,true,1785410885058,LeaderAccept
1785410885010,true,1785410885098,LeaderAccept
1785410885051,true,1785410885139,LeaderAccept
1785410885093,false,1785410885182,LeaderAccept
1785410885136,false,1785410885224,LeaderAccept
1785410885180,true,1785410885269,LeaderAccept
1785410885225,false,1785410885313,LeaderAccept
1785410885271,false,1785410885405,LeaderAccept
1785410885317,false,1785410885405,SlowAccept
1785410885364,true,1785410885452,LeaderAccept
1785410885413,false,1785410885501,LeaderAccept
1785410885463,false,1785410885551,LeaderAccept
1785410885515,false,1785410885603,LeaderAccept
1785410885567,true,1785410885656,LeaderAccept
1785410885621,true,1785410885709,LeaderAccept
1785410885677,true,1785410885765,LeaderAccept
1785410885734,true,1785410885822,LeaderAccept
1785410885793,true,1785410885881,LeaderAccept
1785410885854,true,1785410885941,LeaderAccept
1785410885916,true,1785410886004,LeaderAccept
1785410885980,false,1785410886066,LeaderAccept
1785410886046,true,1785410886133,LeaderAccept
1785410886114,true,1785410886201,LeaderAccept
1785410886184,false,1785410886270,LeaderAccept
1785410886257,true,1785410886345,LeaderAccept
1785410886333,true,1785410886420,LeaderAccept
1785410886411,true,1785410886498,LeaderAccept
1785410886493,true,1785410886581,LeaderAccept
1785410886578,false,1785410886666,LeaderAccept
1785410886667,true,1785410886755,LeaderAccept
1785410886760,false,1785410886847,LeaderAccept
1785410886857,true,1785410886945,LeaderAccept
1785410886959,true,1785410887047,LeaderAccept
1785410887066,true,1785410887154,LeaderAccept
1785410887180,true,1785410887268,LeaderAccept
1785410887299,false,1785410887386,LeaderAccept
1785410887425,true,1785410887513,LeaderAccept
1785410887560,true,1785410887648,LeaderAccept
1785410887704,true,1785410887792,LeaderAccept
1785410887860,false,1785410887947,LeaderAccept
1785410888027,false,1785410888115,LeaderAccept
1785410888209,false,1785410888297,LeaderAccept
1785410888408,true,1785410888496,LeaderAccept
1785410888628,false,1785410888717,SlowAccept
1785410888873,false,1785410888961,SlowAccept
1785410889149,false,1785410889201,FastAccept
1785410889466,false,1785410889517,FastAccept
1785410889837,true,1785410889887,FastAccept
1785410890283,true,1785410890334,FastAccept
1785410890841,true,1785410890928,SlowAccept
1785410891578,false,1785410891654,LeaderAccept
1785410892644,true,1785410892732,LeaderAccept
1785410894459,false,1785410894535,LeaderAccept
1785410898954,false,1785410899005,FastAccept
1785410931613,true,1785410931700,LeaderAccept
1785410931642,true,1785410931729,LeaderAccept
1785410931670,false,1785410931757,LeaderAccept
1785410931699,false,1785410931787,LeaderAccept
1785410931729,false,1785410931815,LeaderAccept
1785410931759,true,1785410931847,LeaderAccept
1785410931790,true,1785410931877,LeaderAccept
1785410931821,true,1785410931908,LeaderAccept
1785410931852,false,1785410931939,LeaderAccept
1785410931884,false,1785410931971,LeaderAccept
1785410931916,false,1785410932003,LeaderAccept
1785410931949,true,1785410932037,LeaderAccept
1785410931983,false,1785410932071,LeaderAccept
1785410932017,true,1785410932104,LeaderAccept
1785410932051,false,1785410932139,LeaderAccept
1785410932086,true,1785410932174,LeaderAccept
1785410932122,false,1785410932209,LeaderAccept
1785410932158,false,1785410932245,LeaderAccept
1785410932194,true,1785410932281,LeaderAccept
1785410932232,false,1785410932319,LeaderAccept
1785410932270,true,1785410932356,LeaderAccept
1785410932309,false,1785410932397,LeaderAccept
1785410932349,true,1785410932436,LeaderAccept
1785410932390,true,1785410932477,LeaderAccept
1785410932430,false,1785410932518,LeaderAccept
1785410932473,true,1785410932560,LeaderAccept
1785410932516,true,1785410932603,LeaderAccept
1785410932560,false,1785410932648,LeaderAccept
1785410932605,true,1785410932692,LeaderAccept
1785410932651,true,1785410932739,LeaderAccept
1785410932698,true,1785410932784,LeaderAccept
1785410932745,false,1785410932832,LeaderAccept
1785410932794,true,1785410932881,LeaderAccept
1785410932844,false,1785410932931,LeaderAccept
1785410932895,true,1785410932983,LeaderAccept
1785410932947,true,1785410933035,LeaderAccept
1785410933001,false,1785410933089,LeaderAccept
1785410933057,false,1785410933144,LeaderAccept
1785410933114,false,1785410933201,LeaderAccept
1785410933173,true,1785410933261,LeaderAccept
1785410933234,false,1785410933321,LeaderAccept
1785410933296,true,1785410933348,FastAccept
1785410933360,true,1785410933412,FastAccept
1785410933426,false,1785410933478,FastAccept
1785410933494,false,1785410933545,FastAccept
1785410933564,true,1785410933616,FastAccept
1785410933636,true,1785410933688,FastAccept
1785410933712,false,1785410933764,FastAccept
1785410933791,false,1785410933843,FastAccept
1785410933873,false,1785410933925,FastAccept
1785410933958,false,1785410934009,FastAccept
1785410934047,false,1785410934098,FastAccept
1785410934139,true,1785410934191,FastAccept
1785410934236,true,1785410934288,FastAccept
1785410934338,true,1785410934390,FastAccept
1785410934446,true,1785410934497,FastAccept
1785410934558,false,1785410934610,FastAccept
1785410934678,true,1785410934729,FastAccept
1785410934804,false,1785410934856,FastAccept
1785410934939,true,1785410934991,FastAccept
1785410935083,false,1785410935135,FastAccept
1785410935238,true,1785410935289,FastAccept
1785410935405,true,1785410935456,FastAccept
1785410935586,false,1785410935637,FastAccept
1785410935784,false,1785410935835,FastAccept
1785410936003,true,1785410936054,FastAccept
1785410936247,false,1785410936299,FastAccept
1785410936522,true,1785410936670,LeaderAccept
1785410936838,true,1785410936994,LeaderAccept
1785410937208,true,1785410937374,LeaderAccept
1785410937653,false,1785410937704,FastAccept
1785410938209,true,1785410938260,FastAccept
1785410938942,true,1785410939018,SlowAccept
1785410939999,false,1785410940086,LeaderAccept
1785410941791,false,1785410941879,SlowAccept
1785410946180,false,1785410946232,FastAccept
1785410972132,true,1785410972211,SlowAccept
1785410972147,true,1785410972229,LeaderAccept
1785410972162,true,1785410972236,LeaderAccept
1785410972178,false,1785410972252,LeaderAccept
1785410972193,false,1785410972262,LeaderAccept
1785410972208,false,1785410972294,LeaderAccept
1785410972224,true,1785410972310,LeaderAccept
1785410972240,false,1785410972310,LeaderAccept
1785410972256,false,1785410972342,LeaderAccept
1785410972272,false,1785410972358,LeaderAccept
1785410972288,true,1785410972375,LeaderAccept
1785410972305,true,1785410972392,LeaderAccept
1785410972322,false,1785410972409,LeaderAccept
1785410972338,false,1785410972423,LeaderAccept
1785410972354,true,1785410972439,LeaderAccept
1785410972370,false,1785410972457,LeaderAccept
1785410972387,false,1785410972474,LeaderAccept
1785410972404,true,1785410972491,LeaderAccept
1785410972421,false,1785410972507,LeaderAccept
1785410972438,false,1785410972525,LeaderAccept
1785410972455,true,1785410972542,LeaderAccept
1785410972472,false,1785410972559,LeaderAccept
1785410972490,false,1785410972577,LeaderAccept
1785410972507,false,1785410972595,LeaderAccept
1785410972525,true,1785410972612,LeaderAccept
1785410972543,true,1785410972629,LeaderAccept
1785410972561,true,1785410972647,LeaderAccept
1785410972578,true,1785410972665,LeaderAccept
1785410972597,false,1785410972685,LeaderAccept
1785410972616,true,1785410972703,LeaderAccept
1785410972635,true,1785410972721,LeaderAccept
1785410972654,true,1785410972741,LeaderAccept
1785410972673,false,1785410972760,LeaderAccept
1785410972693,true,1785410972780,LeaderAccept
1785410972712,true,1785410972799,LeaderAccept
1785410972732,false,1785410972819,LeaderAccept
1785410972752,false,1785410972839,LeaderAccept
1785410972773,true,1785410972860,LeaderAccept
1785410972793,true,1785410972879,LeaderAccept
1785410972813,false,1785410972899,LeaderAccept
1785410972834,true,1785410972920,LeaderAccept
1785410972854,false,1785410972941,LeaderAccept
1785410972876,true,1785410972963,LeaderAccept
1785410972898,true,1785410972985,LeaderAccept
1785410972920,false,1785410973007,LeaderAccept
1785410972942,false,1785410973029,LeaderAccept
1785410972964,true,1785410973051,LeaderAccept
1785410972986,true,1785410973072,LeaderAccept
1785410973008,true,1785410973094,LeaderAccept
1785410973032,false,1785410973119,LeaderAccept
1785410973055,false,1785410973141,LeaderAccept
1785410973078,true,1785410973164,LeaderAccept
1785410973102,false,1785410973189,LeaderAccept
1785410973126,true,1785410973212,LeaderAccept
1785410973150,true,1785410973237,LeaderAccept
1785410973175,true,1785410973262,LeaderAccept
1785410973200,false,1785410973286,LeaderAccept
1785410973225,false,1785410973312,LeaderAccept
1785410973250,true,1785410973337,LeaderAccept
1785410973275,false,1785410973361,LeaderAccept
1785410973300,false,1785410973387,LeaderAccept
1785410973326,false,1785410973412,LeaderAccept
1785410973352,true,1785410973440,LeaderAccept
1785410973379,false,1785410973465,LeaderAccept
1785410973406,true,1785410973493,LeaderAccept
1785410973434,false,1785410973521,LeaderAccept
1785410973462,false,1785410973607,LeaderAccept
1785410973490,false,1785410973607,LeaderAccept
1785410973519,false,1785410973607,LeaderAccept
1785410973548,false,1785410973635,LeaderAccept
1785410973577,true,1785410973664,LeaderAccept
1785410973607,false,1785410973694,LeaderAccept
1785410973637,true,1785410973724,LeaderAccept
1785410973667,true,1785410973754,LeaderAccept
1785410973698,false,1785410973785,LeaderAccept
1785410973730,false,1785410973818,LeaderAccept
1785410973762,true,1785410973849,LeaderAccept
1785410973795,false,1785410973882,LeaderAccept
1785410973828,true,1785410973914,LeaderAccept
1785410973861,true,1785410973948,LeaderAccept
1785410973895,false,1785410973982,LeaderAccept
1785410973929,true,1785410974016,LeaderAccept
1785410973964,false,1785410974050,LeaderAccept
1785410974000,false,1785410974088,LeaderAccept
1785410974037,true,1785410974124,LeaderAccept
1785410974075,true,1785410974162,LeaderAccept
1785410974113,true,1785410974200,LeaderAccept
1785410974152,false,1785410974238,LeaderAccept
1785410974191,false,1785410974277,LeaderAccept
1785410974231,false,1785410974318,LeaderAccept
1785410974272,false,1785410974342,LeaderAccept
1785410974314,true,1785410974383,LeaderAccept
1785410974356,true,1785410974444,LeaderAccept
1785410974400,true,1785410974487,LeaderAccept
1785410974444,true,1785410974530,LeaderAccept
1785410974489,true,1785410974576,LeaderAccept
1785410974536,true,1785410974622,LeaderAccept
1785410974584,false,1785410974672,LeaderAccept
1785410974633,false,1785410974720,LeaderAccept
1785410974682,true,1785410974769,LeaderAccept
1785410974733,true,1785410974819,LeaderAccept
1785410974785,true,1785410974872,LeaderAccept
1785410974839,false,1785410974926,LeaderAccept
1785410974893,false,1785410974980,LeaderAccept
1785410974950,true,1785410975038,LeaderAccept
1785410975008,true,1785410975095,LeaderAccept
1785410975068,true,1785410975155,LeaderAccept
1785410975130,true,1785410975189,FastAccept
1785410975193,false,1785410975253,FastAccept
1785410975259,true,1785410975318,FastAccept
1785410975326,true,1785410975385,FastAccept
1785410975395,false,1785410975455,FastAccept
1785410975467,false,1785410975527,FastAccept
1785410975542,true,1785410975601,FastAccept
1785410975620,false,1785410975680,FastAccept
1785410975701,true,1785410975760,FastAccept
1785410975785,true,1785410975845,FastAccept
1785410975872,true,1785410975931,FastAccept
1785410975963,true,1785410976023,FastAccept
1785410976059,true,1785410976119,FastAccept
1785410976159,true,1785410976218,FastAccept
1785410976265,false,1785410976324,FastAccept
1785410976375,false,1785410976434,FastAccept
1785410976491,false,1785410976550,FastAccept
1785410976615,false,1785410976693,SlowAccept
1785410976746,false,1785410976805,FastAccept
1785410976887,false,1785410976947,FastAccept
1785410977038,false,1785410977097,FastAccept
1785410977200,true,1785410977260,FastAccept
1785410977376,false,1785410977435,FastAccept
1785410977568,true,1785410977627,FastAccept
1785410977779,true,1785410977838,FastAccept
1785410978013,false,1785410978072,FastAccept
1785410978276,true,1785410978334,FastAccept
1785410978576,false,1785410978635,FastAccept
1785410978925,true,1785410978984,FastAccept
1785410979340,false,1785410979399,FastAccept
1785410979850,true,1785410979909,FastAccept
1785410980507,true,1785410980567,FastAccept
1785410981421,false,1785410981481,FastAccept
1785410982863,true,1785410982923,FastAccept
1785410985827,true,1785410985886,FastAccept
1785410998865,true,1785410998951,FastAccept
1785411029765,true,1785411029849,FastAccept
1785411029784,true,1785411029868,FastAccept
1785411029803,false,1785411029887,FastAccept
1785411029822,true,1785411029906,FastAccept
1785411029842,true,1785411029926,FastAccept
1785411029861,false,1785411029945,FastAccept
1785411029880,true,1785411029964,FastAccept
1785411029900,true,1785411029984,FastAccept
1785411029920,false,1785411030004,FastAccept
1785411029941,true,1785411030025,FastAccept
1785411029961,false,1785411030046,FastAccept
1785411029982,false,1785411030066,FastAccept
1785411030003,true,1785411030087,FastAccept
1785411030024,true,1785411030109,FastAccept
1785411030046,false,1785411030131,FastAccept
1785411030067,true,1785411030152,FastAccept
1785411030089,false,1785411030173,FastAccept
1785411030111,false,1785411030195,FastAccept
1785411030133,true,1785411030218,FastAccept
1785411030155,false,1785411030239,FastAccept
1785411030177,true,1785411030261,FastAccept
1785411030200,true,1785411030285,FastAccept
1785411030224,false,1785411030308,FastAccept
1785411030247,false,1785411030332,FastAccept
1785411030271,false,1785411030354,FastAccept
1785411030294,false,1785411030379,FastAccept
1785411030319,false,1785411030403,FastAccept
1785411030343,false,1785411030427,FastAccept
1785411030367,false,1785411030450,FastAccept
1785411030392,false,1785411030477,FastAccept
1785411030417,true,1785411030501,FastAccept
1785411030443,true,1785411030527,FastAccept
1785411030469,false,1785411030553,FastAccept
1785411030496,true,1785411030580,FastAccept
1785411030523,true,1785411030608,FastAccept
1785411030550,false,1785411030634,FastAccept
1785411030577,true,1785411030660,FastAccept
1785411030604,false,1785411030688,FastAccept
1785411030632,true,1785411030716,FastAccept
1785411030660,false,1785411030744,FastAccept
1785411030688,false,1785411030772,FastAccept
1785411030717,false,1785411030800,FastAccept
1785411030746,true,1785411030829,FastAccept
1785411030776,true,1785411030861,FastAccept
1785411030807,true,1785411030890,FastAccept
1785411030838,true,1785411030922,FastAccept
1785411030869,true,1785411030953,FastAccept
1785411030900,true,1785411030985,FastAccept
1785411030933,true,1785411031017,FastAccept
1785411030966,false,1785411031050,FastAccept
1785411030999,false,1785411031082,FastAccept
1785411031033,false,1785411031117,FastAccept
1785411031068,false,1785411031152,FastAccept
1785411031103,false,1785411031186,FastAccept
1785411031138,true,1785411031221,FastAccept
1785411031174,true,1785411031258,FastAccept
1785411031211,false,1785411031330,FastAccept
1785411031248,false,1785411031332,FastAccept
1785411031286,true,1785411031506,LeaderAccept
1785411031325,true,1785411031506,SlowAccept
1785411031365,false,1785411031512,LeaderAccept
1785411031405,true,1785411031567,LeaderAccept
1785411031446,false,1785411031575,LeaderAccept
1785411031488,true,1785411031632,LeaderAccept
1785411031531,false,1785411031689,LeaderAccept
1785411031575,false,1785411031749,LeaderAccept
1785411031620,true,1785411031749,LeaderAccept
1785411031666,true,1785411031810,LeaderAccept
1785411031713,false,1785411031871,LeaderAccept
1785411031761,true,1785411031991,LeaderAccept
1785411031810,false,1785411031990,SlowAccept
1785411031860,true,1785411031993,LeaderAccept
1785411031910,false,1785411032055,LeaderAccept
1785411031963,true,1785411032112,LeaderAccept
1785411032017,true,1785411032173,LeaderAccept
1785411032072,true,1785411032235,LeaderAccept
1785411032129,true,1785411032296,LeaderAccept
1785411032187,true,1785411032357,LeaderAccept
1785411032247,true,1785411032417,LeaderAccept
1785411032309,true,1785411032478,LeaderAccept
1785411032372,false,1785411032539,LeaderAccept
1785411032438,false,1785411032600,LeaderAccept
1785411032506,false,1785411032661,LeaderAccept
1785411032576,false,1785411032722,LeaderAccept
1785411032649,false,1785411032782,LeaderAccept
1785411032725,true,1785411032809,FastAccept
1785411032802,false,1785411032886,FastAccept
1785411032884,true,1785411032969,FastAccept
1785411032969,true,1785411033053,FastAccept
1785411033057,false,1785411033141,FastAccept
1785411033149,false,1785411033233,FastAccept
1785411033246,true,1785411033330,FastAccept
1785411033348,false,1785411033432,FastAccept
1785411033454,true,1785411033538,FastAccept
1785411033566,false,1785411033650,FastAccept
1785411033685,false,1785411033829,SlowAccept
1785411033811,true,1785411033967,LeaderAccept
1785411033945,false,1785411034089,SlowAccept
1785411034088,true,1785411034289,LeaderAccept
1785411034242,false,1785411034387,LeaderAccept
1785411034408,true,1785411034553,SlowAccept
1785411034588,true,1785411034733,SlowAccept
1785411034784,true,1785411034930,LeaderAccept
1785411035001,false,1785411035146,LeaderAccept
1785411035243,false,1785411035388,SlowAccept
1785411035516,true,1785411035662,LeaderAccept
1785411035829,false,1785411036200,LeaderAccept
1785411036194,false,1785411036277,FastAccept
1785411036632,true,1785411036777,LeaderAccept
1785411037177,false,1785411037261,FastAccept
1785411037892,false,1785411038012,FastAccept
1785411038915,false,1785411039096,LeaderAccept
1785411040620,true,1785411040704,FastAccept
1785411044617,true,1785411044761,SlowAccept
1785411051511,true,1785411051646,LeaderAccept
1785411051533,false,1785411051758,LeaderAccept
1785411051555,true,1785411051646,FastAccept
1785411051578,true,1785411051697,FastAccept
1785411051600,false,1785411051768,LeaderAccept
1785411051623,false,1785411051707,FastAccept
1785411051646,true,1785411051816,LeaderAccept
1785411051669,false,1785411051819,LeaderAccept
1785411051692,true,1785411051836,LeaderAccept
1785411051716,false,1785411051877,LeaderAccept
1785411051740,true,1785411051884,LeaderAccept
1785411051764,true,1785411051894,LeaderAccept
1785411051789,false,1785411051939,LeaderAccept
1785411051813,true,1785411051943,LeaderAccept
1785411051838,false,1785411051999,LeaderAccept
1785411051864,false,1785411051999,LeaderAccept
1785411051889,false,1785411052061,LeaderAccept
1785411051915,true,1785411052061,LeaderAccept
1785411051941,true,1785411052122,LeaderAccept
1785411051968,true,1785411052122,LeaderAccept
1785411051996,true,1785411052125,LeaderAccept
1785411052024,false,1785411052182,LeaderAccept
1785411052051,true,1785411052182,LeaderAccept
1785411052079,false,1785411052209,LeaderAccept
1785411052106,true,1785411052251,LeaderAccept
1785411052135,true,1785411052270,LeaderAccept
1785411052164,false,1785411052309,LeaderAccept
1785411052194,true,1785411052331,LeaderAccept
1785411052224,true,1785411052369,LeaderAccept
1785411052255,true,1785411052392,LeaderAccept
1785411052286,false,1785411052431,LeaderAccept
1785411052318,false,1785411052452,LeaderAccept
1785411052350,true,1785411052486,LeaderAccept
1785411052383,false,1785411052521,LeaderAccept
1785411052416,true,1785411052547,LeaderAccept
1785411052450,false,1785411052609,LeaderAccept
1785411052484,false,1785411052643,LeaderAccept
1785411052518,false,1785411052649,LeaderAccept
1785411052553,true,1785411052684,LeaderAccept
1785411052589,true,1785411052744,LeaderAccept
1785411052625,true,1785411052806,LeaderAccept
1785411052662,true,1785411052807,LeaderAccept
1785411052699,true,1785411052866,LeaderAccept
1785411052737,false,1785411052866,LeaderAccept
1785411052775,true,1785411052927,LeaderAccept
1785411052814,true,1785411052962,LeaderAccept
1785411052855,false,1785411052988,LeaderAccept
1785411052896,false,1785411053026,LeaderAccept
1785411052938,true,1785411053087,LeaderAccept
1785411052981,true,1785411053148,LeaderAccept
1785411053025,true,1785411053155,LeaderAccept
1785411053071,false,1785411053215,LeaderAccept
1785411053117,false,1785411053270,LeaderAccept
1785411053164,false,1785411053294,LeaderAccept
1785411053212,true,1785411053356,LeaderAccept
1785411053261,false,1785411053416,LeaderAccept
1785411053312,false,1785411053477,LeaderAccept
1785411053363,false,1785411053596,LeaderAccept
1785411053416,true,1785411053596,SlowAccept
1785411053470,false,1785411053599,LeaderAccept
1785411053526,false,1785411053656,LeaderAccept
1785411053583,true,1785411053717,LeaderAccept
1785411053641,false,1785411053786,LeaderAccept
1785411053702,true,1785411053846,LeaderAccept
1785411053764,false,1785411053900,LeaderAccept
1785411053828,false,1785411053961,LeaderAccept
1785411053895,false,1785411054025,LeaderAccept
1785411053964,false,1785411054139,LeaderAccept
1785411054034,true,1785411054201,LeaderAccept
1785411054108,true,1785411054262,LeaderAccept
1785411054184,false,1785411054329,LeaderAccept
1785411054262,false,1785411054391,LeaderAccept
1785411054344,true,1785411054429,FastAccept
1785411054430,false,1785411054514,FastAccept
1785411054519,false,1785411054603,FastAccept
1785411054612,true,1785411054787,LeaderAccept
1785411054709,true,1785411054853,LeaderAccept
1785411054811,false,1785411054970,LeaderAccept
1785411054919,true,1785411055093,LeaderAccept
1785411055032,true,1785411055212,SlowAccept
1785411055152,false,1785411055317,LeaderAccept
1785411055279,true,1785411055440,LeaderAccept
1785411055414,true,1785411055561,LeaderAccept
1785411055559,true,1785411055689,LeaderAccept
1785411055715,true,1785411055865,LeaderAccept
1785411055883,false,1785411056048,LeaderAccept
1785411056066,true,1785411056232,LeaderAccept
1785411056266,false,1785411056414,LeaderAccept
1785411056487,false,1785411056659,LeaderAccept
1785411056733,false,1785411056902,LeaderAccept
1785411057012,false,1785411057146,LeaderAccept
1785411057332,true,1785411057416,FastAccept
1785411057707,true,1785411057791,FastAccept
1785411058161,false,1785411058245,FastAccept
1785411058729,true,1785411058813,FastAccept
1785411059482,true,1785411059566,FastAccept
1785411060579,true,1785411060664,FastAccept
1785411061048,false,1785411061132,FastAccept
1785411061072,false,1785411061156,FastAccept
1785411061096,true,1785411061180,FastAccept
1785411061121,false,1785411061205,FastAccept
1785411061146,true,1785411061230,FastAccept
1785411061171,true,1785411061255,FastAccept
1785411061197,false,1785411061280,FastAccept
1785411061222,true,1785411061306,FastAccept
1785411061248,true,1785411061332,FastAccept
1785411061275,false,1785411061395,FastAccept
1785411061302,false,1785411061395,FastAccept
1785411061329,true,1785411061449,FastAccept
1785411061356,true,1785411061449,FastAccept
1785411061384,true,1785411061564,SlowAccept
1785411061412,true,1785411061564,FastAccept
1785411061440,true,1785411061621,SlowAccept
1785411061470,false,1785411061680,LeaderAccept
1785411061499,true,1785411061680,SlowAccept
1785411061529,false,1785411061681,LeaderAccept
1785411061559,false,1785411061689,LeaderAccept
1785411061590,false,1785411061741,LeaderAccept
1785411061621,false,1785411061749,LeaderAccept
1785411061652,false,1785411061801,LeaderAccept
1785411061684,true,1785411061813,LeaderAccept
1785411061716,false,1785411061862,LeaderAccept
1785411061749,false,1785411061879,LeaderAccept
1785411061782,false,1785411061926,LeaderAccept
1785411061816,false,1785411061946,LeaderAccept
1785411061851,false,1785411061984,LeaderAccept
1785411061886,false,1785411062045,LeaderAccept
1785411061921,false,1785411062068,LeaderAccept
1785411061958,true,1785411062105,LeaderAccept
1785411061995,false,1785411062128,LeaderAccept
1785411062033,true,1785411062167,LeaderAccept
1785411062071,true,1785411062228,LeaderAccept
1785411062110,false,1785411062288,LeaderAccept
1785411062150,false,1785411062295,LeaderAccept
1785411062191,true,1785411062350,LeaderAccept
1785411062233,false,1785411062410,LeaderAccept
1785411062275,false,1785411062410,LeaderAccept
1785411062319,false,1785411062471,LeaderAccept
1785411062363,true,1785411062532,LeaderAccept
1785411062408,true,1785411062537,LeaderAccept
1785411062454,true,1785411062598,LeaderAccept
1785411062501,false,1785411062654,LeaderAccept
1785411062549,true,1785411062715,LeaderAccept
1785411062598,true,1785411062776,LeaderAccept
1785411062649,true,1785411062778,LeaderAccept
1785411062701,false,1785411062837,LeaderAccept
1785411062754,true,1785411062898,LeaderAccept
1785411062809,false,1785411062959,LeaderAccept
1785411062865,true,1785411063019,LeaderAccept
1785411062924,false,1785411063081,LeaderAccept
1785411062983,false,1785411063142,LeaderAccept
1785411063044,false,1785411063203,LeaderAccept
1785411063107,false,1785411063264,LeaderAccept
1785411063172,true,1785411063325,LeaderAccept
1785411063238,false,1785411063386,LeaderAccept
1785411063308,true,1785411063453,LeaderAccept
1785411063380,true,1785411063509,LeaderAccept
1785411063454,false,1785411063537,FastAccept
1785411063530,true,1785411063614,FastAccept
1785411063611,false,1785411063694,FastAccept
1785411063694,true,1785411063778,FastAccept
1785411063781,true,1785411063865,FastAccept
1785411063871,false,1785411063954,FastAccept
1785411063965,true,1785411064049,FastAccept
1785411064064,true,1785411064148,FastAccept
1785411064168,false,1785411064253,FastAccept
1785411064278,false,1785411064362,FastAccept
1785411064394,true,1785411064478,FastAccept
1785411064516,true,1785411064600,FastAccept
1785411064646,true,1785411064730,FastAccept
1785411064785,true,1785411064870,FastAccept
1785411064934,false,1785411065018,FastAccept
1785411065094,false,1785411065178,FastAccept
1785411065267,true,1785411065352,FastAccept
1785411065456,true,1785411065540,FastAccept
1785411065664,true,1785411065748,FastAccept
1785411065894,false,1785411065978,FastAccept
1785411066152,true,1785411066236,FastAccept
1785411066445,true,1785411066529,FastAccept
1785411066785,true,1785411066869,FastAccept
1785411067188,false,1785411067272,FastAccept
1785411067680,true,1785411067764,FastAccept
1785411068309,false,1785411068393,FastAccept
1785411069169,false,1785411069314,SlowAccept
1785411070491,true,1785411070636,LeaderAccept
1785411073048,false,1785411073132,FastAccept
1785411082229,true,1785411082313,FastAccept
1785411085027,true,1785411085111,FastAccept
1785411085068,false,1785411085152,FastAccept
1785411085110,false,1785411085194,FastAccept
1785411085152,false,1785411085236,FastAccept
1785411085195,false,1785411085280,FastAccept
1785411085239,true,1785411085323,FastAccept
1785411085284,true,1785411085368,FastAccept
1785411085330,false,1785411085414,FastAccept
1785411085377,false,1785411085461,FastAccept
1785411085425,true,1785411085509,FastAccept
1785411085475,false,1785411085559,FastAccept
1785411085526,true,1785411085610,FastAccept
1785411085578,true,1785411085662,FastAccept
1785411085632,true,1785411085716,FastAccept
1785411085687,false,1785411085771,FastAccept
1785411085744,true,1785411085828,FastAccept
1785411085802,false,1785411085885,FastAccept
1785411085861,false,1785411085945,FastAccept
1785411085923,false,1785411086007,FastAccept
1785411085986,false,1785411086070,FastAccept
1785411086051,true,1785411086134,FastAccept
1785411086118,true,1785411086202,FastAccept
1785411086187,false,1785411086271,FastAccept
1785411086259,false,1785411086343,FastAccept
1785411086333,false,1785411086417,FastAccept
1785411086409,false,1785411086493,FastAccept
1785411086490,true,1785411086575,FastAccept
1785411086574,false,1785411086658,FastAccept
1785411086661,false,1785411086745,FastAccept
1785411086752,false,1785411086836,FastAccept
1785411086847,true,1785411086980,LeaderAccept
1785411086946,false,1785411087029,FastAccept
1785411087050,true,1785411087134,FastAccept
1785411087159,false,1785411087243,FastAccept
1785411087275,false,1785411087358,FastAccept
1785411087397,false,1785411087481,FastAccept
1785411087527,false,1785411087611,FastAccept
1785411087666,true,1785411087750,FastAccept
1785411087815,false,1785411087899,FastAccept
1785411087976,true,1785411088061,FastAccept
1785411088150,true,1785411088234,FastAccept
1785411088340,true,1785411088424,FastAccept
1785411088548,false,1785411088633,FastAccept
1785411088779,false,1785411088863,FastAccept
1785411089038,true,1785411089122,FastAccept
1785411089332,true,1785411089416,FastAccept
1785411089673,false,1785411089759,FastAccept
1785411090077,false,1785411090161,FastAccept
1785411090571,false,1785411090650,FastAccept
1785411091204,true,1785411091283,FastAccept
1785411092071,false,1785411092151,FastAccept
1785411093409,false,1785411093489,FastAccept
1785411096020,false,1785411096099,FastAccept
1785411105647,false,1785411105727,FastAccept
1785411111134,false,1785411111213,FastAccept
1785411111157,true,1785411111236,FastAccept
1785411111180,true,1785411111259,FastAccept
1785411111203,false,1785411111282,FastAccept
1785411111226,true,1785411111305,FastAccept
1785411111250,true,1785411111329,FastAccept
1785411111274,true,1785411111388,SlowAccept
1785411111298,false,1785411111412,SlowAccept
1785411111323,true,1785411111437,LeaderAccept
1785411111348,true,1785411111462,LeaderAccept
1785411111373,true,1785411111470,LeaderAccept
1785411111398,true,1785411111495,LeaderAccept
1785411111424,true,1785411111521,LeaderAccept
1785411111450,false,1785411111548,LeaderAccept
1785411111476,true,1785411111574,LeaderAccept
1785411111503,false,1785411111600,LeaderAccept
1785411111530,false,1785411111627,LeaderAccept
1785411111557,true,1785411111654,LeaderAccept
1785411111584,true,1785411111682,LeaderAccept
1785411111613,false,1785411111711,LeaderAccept
1785411111642,false,1785411111740,LeaderAccept
1785411111671,true,1785411111768,LeaderAccept
1785411111700,false,1785411111798,LeaderAccept
1785411111730,false,1785411111827,LeaderAccept
1785411111760,true,1785411111857,LeaderAccept
1785411111791,false,1785411111889,LeaderAccept
1785411111822,false,1785411111920,LeaderAccept
1785411111854,false,1785411111952,LeaderAccept
1785411111886,false,1785411111983,LeaderAccept
1785411111918,true,1785411112016,LeaderAccept
1785411111951,true,1785411112065,LeaderAccept
1785411111984,false,1785411112087,LeaderAccept
1785411112019,false,1785411112122,LeaderAccept
1785411112054,false,1785411112157,LeaderAccept
1785411112089,true,1785411112192,LeaderAccept
1785411112125,false,1785411112228,LeaderAccept
1785411112163,true,1785411112266,LeaderAccept
1785411112200,false,1785411112314,LeaderAccept
1785411112238,false,1785411112353,LeaderAccept
1785411112277,false,1785411112380,LeaderAccept
1785411112316,false,1785411112419,LeaderAccept
1785411112356,true,1785411112471,LeaderAccept
1785411112397,true,1785411112511,LeaderAccept
1785411112439,true,1785411112543,LeaderAccept
1785411112482,false,1785411112596,LeaderAccept
1785411112526,true,1785411112641,LeaderAccept
1785411112571,false,1785411112685,LeaderAccept
1785411112617,false,1785411112730,LeaderAccept
1785411112663,false,1785411112777,LeaderAccept
1785411112710,false,1785411112824,LeaderAccept
1785411112758,true,1785411112873,LeaderAccept
1785411112808,true,1785411112922,LeaderAccept
1785411112859,true,1785411112963,LeaderAccept
1785411112911,false,1785411113014,LeaderAccept
1785411112965,true,1785411113068,LeaderAccept
1785411113020,true,1785411113123,LeaderAccept
1785411113077,false,1785411113180,LeaderAccept
1785411113135,true,1785411113237,LeaderAccept
1785411113194,false,1785411113297,LeaderAccept
1785411113255,false,1785411113358,LeaderAccept
1785411113318,false,1785411113421,LeaderAccept
1785411113384,true,1785411113488,LeaderAccept
1785411113452,true,1785411113555,LeaderAccept
1785411113522,false,1785411113625,LeaderAccept
1785411113594,false,1785411113697,LeaderAccept
1785411113669,true,1785411113747,FastAccept
1785411113746,true,1785411113825,FastAccept
1785411113827,false,1785411113906,FastAccept
1785411113911,false,1785411113990,FastAccept
1785411113998,false,1785411114077,FastAccept
1785411114089,true,1785411114168,FastAccept
1785411114186,true,1785411114266,FastAccept
1785411114286,false,1785411114365,FastAccept
1785411114391,true,1785411114470,FastAccept
1785411114501,false,1785411114580,FastAccept
1785411114618,false,1785411114697,FastAccept
1785411114742,false,1785411114821,FastAccept
1785411114874,true,1785411114953,FastAccept
1785411115014,true,1785411115093,FastAccept
1785411115164,false,1785411115243,FastAccept
1785411115326,false,1785411115405,FastAccept
1785411115502,true,1785411115582,FastAccept
1785411115695,true,1785411115774,FastAccept
1785411115906,true,1785411115985,FastAccept
1785411116141,false,1785411116220,FastAccept
1785411116405,false,1785411116484,FastAccept
1785411116706,false,1785411116785,FastAccept
1785411117055,true,1785411117134,FastAccept
1785411117471,false,1785411117551,FastAccept
1785411117983,true,1785411118063,FastAccept
1785411118644,false,1785411118771,LeaderAccept
1785411119563,true,1785411119678,LeaderAccept
1785411121018,true,1785411121098,FastAccept
1785411124028,true,1785411124107,FastAccept
1785411137580,true,1785411137659,FastAccept
1785411169213,false,1785411169292,FastAccept
1785411169234,true,1785411169314,FastAccept
1785411169255,false,1785411169334,FastAccept
1785411169276,false,1785411169356,FastAccept
1785411169298,true,1785411169378,FastAccept
1785411169320,false,1785411169399,FastAccept
1785411169342,false,1785411169422,FastAccept
1785411169365,true,1785411169444,FastAccept
1785411169388,true,1785411169468,FastAccept
1785411169412,false,1785411169491,FastAccept
1785411169434,true,1785411169514,FastAccept
1785411169458,false,1785411169537,FastAccept
1785411169481,false,1785411169560,FastAccept
1785411169505,true,1785411169584,FastAccept
1785411169529,false,1785411169608,FastAccept
1785411169553,false,1785411169632,FastAccept
1785411169578,false,1785411169657,FastAccept
1785411169603,false,1785411169682,FastAccept
1785411169628,true,1785411169708,FastAccept
1785411169655,true,1785411169734,FastAccept
1785411169680,true,1785411169948,LeaderAccept
1785411169706,false,1785411169931,LeaderAccept
1785411169733,true,1785411169847,SlowAccept
1785411169760,true,1785411169874,SlowAccept
1785411169787,true,1785411170113,LeaderAccept
1785411169815,false,1785411170020,LeaderAccept
1785411169843,true,1785411169984,LeaderAccept
1785411169871,true,1785411170020,LeaderAccept
1785411169900,false,1785411170057,LeaderAccept
1785411169929,false,1785411170076,LeaderAccept
1785411169959,false,1785411170171,LeaderAccept
1785411169989,false,1785411170142,LeaderAccept
1785411170019,false,1785411170210,LeaderAccept
1785411170049,true,1785411170191,LeaderAccept
1785411170081,true,1785411170211,LeaderAccept
1785411170113,true,1785411170373,LeaderAccept
1785411170145,false,1785411170289,LeaderAccept
1785411170178,true,1785411170330,LeaderAccept
1785411170210,true,1785411170333,LeaderAccept
1785411170244,false,1785411170373,LeaderAccept
1785411170279,true,1785411170464,LeaderAccept
1785411170314,true,1785411170442,LeaderAccept
1785411170350,false,1785411170525,LeaderAccept
1785411170386,true,1785411170504,LeaderAccept
1785411170423,true,1785411170554,LeaderAccept
1785411170460,true,1785411170595,LeaderAccept
1785411170498,false,1785411170625,LeaderAccept
1785411170537,false,1785411170724,LeaderAccept
1785411170576,false,1785411170714,LeaderAccept
1785411170617,false,1785411170764,LeaderAccept
1785411170658,false,1785411170792,LeaderAccept
1785411170700,true,1785411170822,LeaderAccept
1785411170743,false,1785411170926,LeaderAccept
1785411170787,true,1785411170901,LeaderAccept
1785411170832,true,1785411170978,LeaderAccept
1785411170878,true,1785411171010,LeaderAccept
1785411170925,false,1785411171048,LeaderAccept
1785411170973,false,1785411171108,LeaderAccept
1785411171022,true,1785411171157,LeaderAccept
1785411171072,false,1785411171197,LeaderAccept
1785411171124,true,1785411171253,LeaderAccept
1785411171176,true,1785411171313,LeaderAccept
1785411171230,true,1785411171414,LeaderAccept
1785411171285,false,1785411171432,LeaderAccept
1785411171342,false,1785411171459,LeaderAccept
1785411171401,false,1785411171536,LeaderAccept
1785411171461,false,1785411171607,LeaderAccept
1785411171523,true,1785411171709,LeaderAccept
1785411171587,true,1785411171722,LeaderAccept
1785411171653,false,1785411171791,LeaderAccept
1785411171721,true,1785411171918,LeaderAccept
1785411171791,true,1785411171918,LeaderAccept
1785411171864,true,1785411172019,LeaderAccept
1785411171940,true,1785411172076,LeaderAccept
1785411172019,false,1785411172161,LeaderAccept
1785411172100,true,1785411172300,LeaderAccept
1785411172185,true,1785411172299,SlowAccept
1785411172274,false,1785411172389,SlowAccept
1785411172367,false,1785411172451,FastAccept
1785411172464,true,1785411172578,SlowAccept
1785411172565,false,1785411172679,SlowAccept
1785411172672,false,1785411172872,LeaderAccept
1785411172785,true,1785411172957,LeaderAccept
1785411172905,true,1785411173066,LeaderAccept
1785411173032,true,1785411173149,LeaderAccept
1785411173166,true,1785411173280,LeaderAccept
1785411173310,false,1785411173413,LeaderAccept
1785411173465,false,1785411173573,SlowAccept
1785411173631,false,1785411173785,SlowAccept
1785411173812,false,1785411173915,LeaderAccept
1785411174010,false,1785411174142,LeaderAccept
1785411174229,false,1785411174343,LeaderAccept
1785411174472,true,1785411174607,LeaderAccept
1785411174747,true,1785411174861,SlowAccept
1785411175062,true,1785411175177,LeaderAccept
1785411175431,true,1785411175571,LeaderAccept
1785411175874,false,1785411175978,SlowAccept
1785411176426,false,1785411176506,FastAccept
1785411177155,true,1785411177234,FastAccept
1785411178203,true,1785411178282,FastAccept
1785411179971,true,1785411180050,FastAccept
