request_time,write,response_time,accept_status
1785410530477,true,1785410530563,SlowAccept
1785410530495,true,1785410530563,FastAccept
1785410530512,false,1785410530813,SlowAccept
1785410530529,false,1785410531285,LeaderAccept
1785410530547,false,1785410530813,FastAccept
1785410530564,false,1785410530866,SlowAccept
1785410530582,false,1785410530866,FastAccept
1785410530600,false,1785410530866,FastAccept
1785410530618,true,1785410530866,FastAccept
1785410530636,false,1785410530866,FastAccept
1785410530654,true,1785410530866,FastAccept
1785410530672,true,1785410530866,FastAccept
1785410530690,true,1785410530866,FastAccept
1785410530709,false,1785410530866,FastAccept
1785410530728,false,1785410530866,FastAccept
1785410530747,false,1785410530866,FastAccept
1785410530767,false,1785410531068,SlowAccept
1785410530786,true,1785410531088,SlowAccept
1785410530806,true,1785410531088,FastAccept
1785410530827,true,1785410531285,LeaderAccept
1785410530846,true,1785410531088,FastAccept
1785410530866,true,1785410531167,SlowAccept
1785410530886,false,1785410531167,FastAccept
1785410530906,false,1785410531167,FastAccept
1785410530927,false,1785410531167,FastAccept
1785410530948,true,1785410531167,FastAccept
1785410530969,true,1785410531167,FastAccept
1785410530990,false,1785410531291,LeaderAccept
1785410531012,false,1785410531285,FastAccept
1785410531033,true,1785410531800,LeaderAccept
1785410531055,false,1785410531591,LeaderAccept
1785410531077,false,1785410531855,LeaderAccept
1785410531100,true,1785410531641,LeaderAccept
1785410531122,false,1785410531641,LeaderAccept
1785410531145,true,1785410531641,LeaderAccept
1785410531168,false,1785410531968,LeaderAccept
1785410531192,true,1785410532747,LeaderAccept
1785410531216,true,1785410532826,LeaderAccept
1785410531240,false,1785410532293,LeaderAccept
1785410531264,true,1785410531800,LeaderAccept
1785410531289,false,1785410531591,SlowAccept
1785410531314,true,1785410531641,LeaderAccept
1785410531340,true,1785410531641,SlowAccept
1785410531365,false,1785410531855,LeaderAccept
1785410531392,true,1785410531942,LeaderAccept
1785410531418,false,1785410531691,FastAccept
1785410531445,true,1785410531747,SlowAccept
1785410531472,true,1785410531775,SlowAccept
1785410531499,true,1785410531800,SlowAccept
1785410531526,false,1785410532062,LeaderAccept
1785410531554,true,1785410532062,LeaderAccept
1785410531582,false,1785410531855,FastAccept
1785410531611,false,1785410532192,LeaderAccept
1785410531641,true,1785410531942,SlowAccept
1785410531670,false,1785410531968,SlowAccept
1785410531699,true,1785410532002,SlowAccept
1785410531730,false,1785410532032,SlowAccept
1785410531760,true,1785410532062,SlowAccept
1785410531791,true,1785410532293,LeaderAccept
1785410531823,true,1785410532398,LeaderAccept
1785410531855,false,1785410532156,SlowAccept
1785410531889,false,1785410532192,SlowAccept
1785410531922,false,1785410532473,LeaderAccept
1785410531956,false,1785410532258,SlowAccept
1785410531990,false,1785410532293,SlowAccept
1785410532025,false,1785410532826,LeaderAccept
1785410532060,true,1785410532632,LeaderAccept
1785410532096,true,1785410532398,SlowAccept
1785410532133,false,1785410532406,FastAccept
1785410532170,true,1785410532473,SlowAccept
1785410532208,false,1785410532510,SlowAccept
1785410532247,true,1785410532549,SlowAccept
1785410532286,false,1785410532588,SlowAccept
1785410532326,true,1785410532826,LeaderAccept
1785410532367,true,1785410532868,LeaderAccept
1785410532409,true,1785410532632,SlowAccept
1785410532451,false,1785410532952,LeaderAccept
1785410532495,false,1785410532747,SlowAccept
1785410532539,true,1785410533078,LeaderAccept
1785410532584,true,1785410533128,LeaderAccept
1785410532630,false,1785410533131,LeaderAccept
1785410532677,false,1785410533178,LeaderAccept
1785410532725,false,1785410532999,FastAccept
1785410532776,true,1785410533078,SlowAccept
1785410532826,true,1785410533128,SlowAccept
1785410532878,false,1785410533327,LeaderAccept
1785410532931,false,1785410533226,SlowAccept
1785410532986,false,1785410533524,LeaderAccept
1785410533042,true,1785410533721,LeaderAccept
1785410533100,true,1785410533853,LeaderAccept
1785410533161,false,1785410533434,FastAccept
1785410533222,false,1785410533524,SlowAccept
1785410533285,false,1785410533587,SlowAccept
1785410533351,true,1785410533652,SlowAccept
1785410533418,false,1785410533721,SlowAccept
1785410533488,true,1785410533990,LeaderAccept
1785410533561,false,1785410534033,LeaderAccept
1785410533635,false,1785410533853,FastAccept
1785410533713,true,1785410533990,SlowAccept
1785410533794,false,1785410534752,LeaderAccept
1785410533879,true,1785410534181,SlowAccept
1785410533966,true,1785410534214,FastAccept
1785410534057,true,1785410534295,FastAccept
1785410534153,false,1785410534295,FastAccept
1785410534253,false,1785410534555,SlowAccept
1785410534359,true,1785410534653,SlowAccept
1785410534469,true,1785410534752,SlowAccept
1785410534586,true,1785410535086,LeaderAccept
1785410534711,false,1785410535012,SlowAccept
1785410534842,true,1785410535086,FastAccept
1785410534983,false,1785410535086,FastAccept
1785410535133,true,1785410535191,FastAccept
1785410535296,false,1785410535598,SlowAccept
1785410535472,false,1785410535598,FastAccept
1785410535664,true,1785410535721,FastAccept
1785410535877,false,1785410536165,SlowAccept
1785410536112,true,1785410536376,LeaderAccept
1785410536376,true,1785410536433,FastAccept
1785410536678,true,1785410536734,FastAccept
1785410537028,false,1785410537085,FastAccept
1785410537446,true,1785410537502,FastAccept
1785410537960,true,1785410538016,FastAccept
1785410538624,true,1785410538926,SlowAccept
1785410539550,true,1785410539853,SlowAccept
1785410541021,false,1785410541077,FastAccept
1785410544088,true,1785410544162,LeaderAccept
1785410558294,true,1785410558566,FastAccept
1785410559251,true,1785410559734,LeaderAccept
1785410559275,false,1785410559548,FastAccept
1785410559301,false,1785410559548,FastAccept
1785410559326,true,1785410559599,FastAccept
1785410559352,true,1785410559599,FastAccept
1785410559379,true,1785410559680,SlowAccept
1785410559405,false,1785410559680,FastAccept
1785410559433,true,1785410559734,SlowAccept
1785410559460,true,1785410559734,FastAccept
1785410559488,true,1785410559734,FastAccept
1785410559516,true,1785410560057,LeaderAccept
1785410559545,true,1785410560120,LeaderAccept
1785410559573,true,1785410559875,SlowAccept
1785410559602,true,1785410559875,FastAccept
1785410559633,false,1785410559934,SlowAccept
1785410559663,false,1785410559934,FastAccept
1785410559693,true,1785410559995,SlowAccept
1785410559724,true,1785410559995,FastAccept
1785410559756,false,1785410560057,SlowAccept
1785410559787,true,1785410560361,LeaderAccept
1785410559819,true,1785410560120,SlowAccept
1785410559851,false,1785410560120,FastAccept
1785410559884,true,1785410560856,LeaderAccept
1785410559918,false,1785410560219,SlowAccept
1785410559952,false,1785410560253,SlowAccept
1785410559987,true,1785410560253,FastAccept
1785410560023,false,1785410560514,LeaderAccept
1785410560060,false,1785410560361,SlowAccept
1785410560097,true,1785410560361,FastAccept
1785410560135,true,1785410560437,SlowAccept
1785410560173,false,1785410560476,SlowAccept
1785410560212,false,1785410560514,SlowAccept
1785410560253,false,1785410560514,FastAccept
1785410560293,false,1785410560856,LeaderAccept
1785410560334,true,1785410560856,LeaderAccept
1785410560376,false,1785410560678,SlowAccept
1785410560420,true,1785410560693,FastAccept
1785410560463,false,1785410560765,SlowAccept
1785410560508,false,1785410560765,FastAccept
1785410560554,true,1785410560856,SlowAccept
1785410560601,false,1785410560903,LeaderAccept
1785410560649,true,1785410561411,LeaderAccept
1785410560698,true,1785410560856,FastAccept
1785410560748,true,1785410560856,FastAccept
1785410560799,false,1785410561207,LeaderAccept
1785410560851,false,1785410561207,LeaderAccept
1785410560905,true,1785410561207,SlowAccept
1785410560961,true,1785410561207,FastAccept
1785410561018,true,1785410561207,FastAccept
1785410561077,true,1785410561207,FastAccept
1785410561138,false,1785410561411,FastAccept
1785410561201,true,1785410561411,FastAccept
1785410561265,true,1785410561411,FastAccept
1785410561332,true,1785410561411,FastAccept
1785410561400,true,1785410561702,SlowAccept
1785410561472,true,1785410561773,LeaderAccept
1785410561545,true,1785410561702,FastAccept
1785410561621,false,1785410561702,FastAccept
1785410561701,false,1785410561758,FastAccept
1785410561783,true,1785410561840,FastAccept
1785410561868,true,1785410561925,FastAccept
1785410561957,false,1785410562014,FastAccept
1785410562051,false,1785410562108,FastAccept
1785410562148,true,1785410562206,FastAccept
1785410562250,true,1785410562307,FastAccept
1785410562358,false,1785410562415,FastAccept
1785410562473,true,1785410562530,FastAccept
1785410562593,true,1785410562650,FastAccept
1785410562720,true,1785410562777,FastAccept
1785410562855,false,1785410562912,FastAccept
1785410563000,true,1785410563058,FastAccept
1785410563156,true,1785410563214,FastAccept
1785410563325,true,1785410563382,FastAccept
1785410563508,true,1785410563565,FastAccept
1785410563709,false,1785410563767,FastAccept
1785410563931,true,1785410563988,FastAccept
1785410564180,true,1785410564237,FastAccept
1785410564460,false,1785410564517,FastAccept
1785410564783,true,1785410564839,FastAccept
1785410565162,true,1785410565219,FastAccept
1785410565621,true,1785410565677,FastAccept
1785410566196,false,1785410566252,FastAccept
1785410566963,false,1785410567019,FastAccept
1785410568089,true,1785410568144,FastAccept
1785410570063,false,1785410570119,FastAccept
1785410575358,false,1785410575415,FastAccept
1785410579954,true,1785410580219,SlowAccept
1785410579987,false,1785410580219,FastAccept
1785410580021,false,1785410580219,FastAccept
1785410580055,false,1785410580337,SlowAccept
1785410580090,true,1785410580337,FastAccept
1785410580125,true,1785410580399,SlowAccept
1785410580161,true,1785410580464,SlowAccept
1785410580197,false,1785410580464,FastAccept
1785410580234,false,1785410580741,LeaderAccept
1785410580272,false,1785410580529,FastAccept
1785410580310,false,1785410580529,FastAccept
1785410580349,false,1785410580651,SlowAccept
1785410580389,true,1785410580651,FastAccept
1785410580430,true,1785410580897,LeaderAccept
1785410580471,false,1785410580897,LeaderAccept
1785410580514,false,1785410580741,FastAccept
1785410580558,true,1785410580897,LeaderAccept
1785410580602,false,1785410581297,LeaderAccept
1785410580648,false,1785410580897,FastAccept
1785410580694,false,1785410580897,LeaderAccept
1785410580741,true,1785410581297,LeaderAccept
1785410580789,true,1785410581297,LeaderAccept
1785410580839,false,1785410581111,FastAccept
1785410580890,true,1785410581111,FastAccept
1785410580942,false,1785410581297,LeaderAccept
1785410580996,true,1785410581297,SlowAccept
1785410581051,false,1785410581297,LeaderAccept
1785410581108,false,1785410581561,LeaderAccept
1785410581166,true,1785410581297,FastAccept
1785410581226,false,1785410581297,FastAccept
1785410581288,true,1785410581561,FastAccept
1785410581351,true,1785410581561,FastAccept
1785410581416,false,1785410581561,FastAccept
1785410581484,true,1785410581561,FastAccept
1785410581555,true,1785410581857,LeaderAccept
1785410581627,true,1785410581710,LeaderAccept
1785410581702,true,1785410581757,FastAccept
1785410581779,true,1785410581835,FastAccept
1785410581860,true,1785410582134,FastAccept
1785410581943,true,1785410582134,LeaderAccept
1785410582031,false,1785410582134,FastAccept
1785410582122,true,1785410582320,FastAccept
1785410582217,false,1785410582320,FastAccept
1785410582317,true,1785410582699,LeaderAccept
1785410582423,false,1785410582699,SlowAccept
1785410582533,true,1785410582699,FastAccept
1785410582650,true,1785410582708,LeaderAccept
1785410582774,true,1785410582831,FastAccept
1785410582906,false,1785410583092,FastAccept
1785410583047,true,1785410583104,FastAccept
1785410583198,true,1785410583337,FastAccept
1785410583360,false,1785410583416,FastAccept
1785410583536,true,1785410583593,FastAccept
1785410583729,true,1785410583935,FastAccept
1785410583941,false,1785410583997,FastAccept
1785410584176,false,1785410584310,FastAccept
1785410584441,true,1785410584496,FastAccept
1785410584742,true,1785410584798,FastAccept
1785410585092,true,1785410585358,SlowAccept
1785410585510,true,1785410585566,FastAccept
1785410586025,false,1785410586081,FastAccept
1785410586690,true,1785410586746,FastAccept
1785410587441,true,1785410587498,FastAccept
1785410587458,false,1785410587514,FastAccept
1785410587474,false,1785410587530,FastAccept
1785410587491,true,1785410587547,FastAccept
1785410587507,true,1785410587563,FastAccept
1785410587523,true,1785410587579,FastAccept
1785410587541,true,1785410587598,FastAccept
1785410587559,false,1785410587616,FastAccept
1785410587576,true,1785410587633,FastAccept
1785410587593,false,1785410587649,FastAccept
1785410587611,false,1785410587667,FastAccept
1785410587629,false,1785410587686,FastAccept
1785410587647,false,1785410587703,FastAccept
1785410587666,false,1785410587722,FastAccept
1785410587684,false,1785410587740,FastAccept
1785410587702,false,1785410587758,FastAccept
1785410587720,true,1785410587777,FastAccept
1785410587740,false,1785410587797,FastAccept
1785410587758,true,1785410587815,FastAccept
1785410587777,true,1785410587833,FastAccept
1785410587796,true,1785410587853,FastAccept
1785410587815,true,1785410587871,FastAccept
1785410587834,true,1785410587891,FastAccept
1785410587853,true,1785410587909,FastAccept
1785410587873,true,1785410587929,FastAccept
1785410587893,true,1785410587949,FastAccept
1785410587913,false,1785410587969,FastAccept
1785410587933,false,1785410587989,FastAccept
1785410587955,true,1785410588011,FastAccept
1785410587976,false,1785410588032,FastAccept
1785410587997,false,1785410588054,FastAccept
1785410588018,true,1785410588074,FastAccept
1785410588039,true,1785410588095,FastAccept
1785410588061,false,1785410588118,FastAccept
1785410588083,true,1785410588140,FastAccept
1785410588105,false,1785410588161,FastAccept
1785410588127,true,1785410588183,FastAccept
1785410588149,true,1785410588205,FastAccept
1785410588172,true,1785410588228,FastAccept
1785410588195,true,1785410588251,FastAccept
1785410588219,false,1785410588275,FastAccept
1785410588243,true,1785410588299,FastAccept
1785410588267,false,1785410588323,FastAccept
1785410588291,false,1785410588348,FastAccept
1785410588315,false,1785410588371,FastAccept
1785410588340,false,1785410588396,FastAccept
1785410588365,true,1785410588421,FastAccept
1785410588391,false,1785410588447,FastAccept
1785410588416,true,1785410588472,FastAccept
1785410588443,true,1785410588498,FastAccept
1785410588469,true,1785410588525,FastAccept
1785410588497,true,1785410588552,FastAccept
1785410588524,false,1785410588579,FastAccept
1785410588551,false,1785410588607,FastAccept
1785410588579,true,1785410588635,FastAccept
1785410588606,false,1785410588662,FastAccept
1785410588634,false,1785410588690,FastAccept
1785410588663,false,1785410588719,FastAccept
1785410588692,false,1785410588749,FastAccept
1785410588722,false,1785410588778,FastAccept
1785410588752,true,1785410588808,FastAccept
1785410588782,true,1785410588838,FastAccept
1785410588812,false,1785410589098,SlowAccept
1785410588843,false,1785410589128,SlowAccept
1785410588875,true,1785410589631,LeaderAccept
1785410588907,true,1785410589405,LeaderAccept
1785410588939,true,1785410589233,SlowAccept
1785410588972,false,1785410589270,SlowAccept
1785410589005,false,1785410589270,FastAccept
1785410589040,false,1785410589405,LeaderAccept
1785410589074,true,1785410589327,SlowAccept
1785410589110,false,1785410589631,LeaderAccept
1785410589147,true,1785410589405,SlowAccept
1785410589183,true,1785410589720,LeaderAccept
1785410589221,true,1785410589761,LeaderAccept
1785410589260,true,1785410589405,LeaderAccept
1785410589298,true,1785410589836,LeaderAccept
1785410589337,false,1785410589884,LeaderAccept
1785410589377,false,1785410589934,LeaderAccept
1785410589419,true,1785410589934,LeaderAccept
1785410589460,true,1785410589761,SlowAccept
1785410589504,true,1785410589934,LeaderAccept
1785410589548,true,1785410589934,LeaderAccept
1785410589592,false,1785410589934,LeaderAccept
1785410589639,false,1785410590172,LeaderAccept
1785410589685,false,1785410590230,LeaderAccept
1785410589733,false,1785410590287,SlowAccept
1785410589782,false,1785410589934,LeaderAccept
1785410589832,false,1785410590348,LeaderAccept
1785410589883,false,1785410590348,LeaderAccept
1785410589936,false,1785410590348,LeaderAccept
1785410589990,false,1785410590348,LeaderAccept
1785410590045,false,1785410590571,LeaderAccept
1785410590102,true,1785410590640,LeaderAccept
1785410590161,false,1785410590928,LeaderAccept
1785410590221,true,1785410591004,LeaderAccept
1785410590283,false,1785410590783,LeaderAccept
1785410590347,true,1785410590826,LeaderAccept
1785410590414,true,1785410590928,LeaderAccept
1785410590482,false,1785410590783,SlowAccept
1785410590553,false,1785410590826,FastAccept
1785410590626,false,1785410590928,SlowAccept
1785410590702,false,1785410591004,SlowAccept
1785410590780,true,1785410591082,SlowAccept
1785410590861,false,1785410591498,LeaderAccept
1785410590946,true,1785410591395,LeaderAccept
1785410591035,false,1785410591498,LeaderAccept
1785410591127,false,1785410591498,LeaderAccept
1785410591225,false,1785410591498,FastAccept
1785410591326,true,1785410591498,FastAccept
1785410591433,true,1785410591720,SlowAccept
1785410591547,true,1785410591841,SlowAccept
1785410591666,true,1785410592097,LeaderAccept
1785410591794,true,1785410592097,SlowAccept
1785410591929,true,1785410592230,LeaderAccept
1785410592072,true,1785410592530,LeaderAccept
1785410592227,true,1785410592530,SlowAccept
1785410592394,true,1785410592696,SlowAccept
1785410592575,true,1785410592870,SlowAccept
1785410592774,false,1785410593296,LeaderAccept
1785410592993,true,1785410593296,SlowAccept
1785410593237,false,1785410593296,FastAccept
1785410593512,true,1785410593814,LeaderAccept
1785410593828,false,1785410594130,LeaderAccept
1785410594197,true,1785410594487,SlowAccept
1785410594642,false,1785410594915,FastAccept
1785410595198,false,1785410595254,FastAccept
1785410595930,true,1785410595986,FastAccept
1785410596985,false,1785410597041,FastAccept
1785410598774,true,1785410598830,FastAccept
1785410603147,false,1785410603410,SlowAccept
1785410620995,true,1785410621296,SlowAccept
1785410621016,false,1785410621522,LeaderAccept
1785410621039,false,1785410621522,LeaderAccept
1785410621061,false,1785410621522,LeaderAccept
1785410621083,false,1785410621522,LeaderAccept
1785410621106,true,1785410621522,LeaderAccept
1785410621129,true,1785410621522,LeaderAccept
1785410621152,false,1785410621522,LeaderAccept
1785410621175,false,1785410621708,LeaderAccept
1785410621199,false,1785410621737,LeaderAccept
1785410621223,true,1785410621765,LeaderAccept
1785410621247,true,1785410621765,LeaderAccept
1785410621272,false,1785410621795,LeaderAccept
1785410621296,true,1785410621522,LeaderAccept
1785410621320,true,1785410622105,LeaderAccept
1785410621345,true,1785410621884,LeaderAccept
1785410621371,false,1785410621915,LeaderAccept
1785410621397,false,1785410621915,LeaderAccept
1785410621423,true,1785410621915,LeaderAccept
1785410621450,false,1785410621915,LeaderAccept
1785410621477,false,1785410621915,LeaderAccept
1785410621504,false,1785410622037,LeaderAccept
1785410621532,false,1785410622037,LeaderAccept
1785410621560,true,1785410622085,LeaderAccept
1785410621588,false,1785410622361,LeaderAccept
1785410621617,true,1785410622167,LeaderAccept
1785410621646,false,1785410622191,LeaderAccept
1785410621676,true,1785410622439,LeaderAccept
1785410621707,false,1785410622285,LeaderAccept
1785410621737,true,1785410622037,SlowAccept
1785410621768,true,1785410622041,FastAccept
1785410621800,false,1785410622085,SlowAccept
1785410621832,true,1785410622105,FastAccept
1785410621864,false,1785410622167,SlowAccept
1785410621897,false,1785410622439,LeaderAccept
1785410621930,true,1785410622231,SlowAccept
1785410621964,true,1785410622439,LeaderAccept
1785410621999,false,1785410622517,LeaderAccept
1785410622034,false,1785410622559,LeaderAccept
1785410622070,false,1785410622559,LeaderAccept
1785410622106,false,1785410622610,LeaderAccept
1785410622143,true,1785410622610,LeaderAccept
1785410622181,true,1785410622737,LeaderAccept
1785410622220,true,1785410622737,LeaderAccept
1785410622258,false,1785410622779,LeaderAccept
1785410622297,false,1785410622559,FastAccept
1785410622338,true,1785410622610,FastAccept
1785410622379,false,1785410622926,LeaderAccept
1785410622421,true,1785410622722,SlowAccept
1785410622464,false,1785410622737,FastAccept
1785410622508,false,1785410623029,LeaderAccept
1785410622553,true,1785410623082,LeaderAccept
1785410622599,true,1785410623137,LeaderAccept
1785410622646,false,1785410623137,LeaderAccept
1785410622694,false,1785410623249,LeaderAccept
1785410622743,false,1785410623249,LeaderAccept
1785410622793,true,1785410623279,LeaderAccept
1785410622844,false,1785410623369,LeaderAccept
1785410622897,false,1785410623369,LeaderAccept
1785410622951,false,1785410623369,LeaderAccept
1785410623006,true,1785410623279,FastAccept
1785410623063,true,1785410623336,FastAccept
1785410623123,true,1785410623369,FastAccept
1785410623183,true,1785410623888,LeaderAccept
1785410623245,true,1785410623676,LeaderAccept
1785410623309,false,1785410623676,LeaderAccept
1785410623375,false,1785410623676,SlowAccept
1785410623444,false,1785410623676,SlowAccept
1785410623514,false,1785410624017,LeaderAccept
1785410623587,false,1785410623888,SlowAccept
1785410623664,false,1785410623888,LeaderAccept
1785410623743,false,1785410624184,LeaderAccept
1785410623825,true,1785410624017,FastAccept
1785410623911,true,1785410624184,FastAccept
1785410624000,true,1785410624288,SlowAccept
1785410624093,false,1785410624387,SlowAccept
1785410624190,true,1785410624715,LeaderAccept
1785410624292,false,1785410624491,FastAccept
1785410624400,true,1785410624491,FastAccept
1785410624514,true,1785410624715,FastAccept
1785410624634,true,1785410624901,SlowAccept
1785410624762,false,1785410624901,FastAccept
1785410624899,true,1785410624955,FastAccept
1785410625044,true,1785410625100,FastAccept
1785410625201,false,1785410625257,FastAccept
1785410625370,false,1785410625426,FastAccept
1785410625553,false,1785410625628,LeaderAccept
1785410625754,false,1785410625810,FastAccept
1785410625978,false,1785410626034,FastAccept
1785410626226,true,1785410626282,FastAccept
1785410626507,true,1785410626564,FastAccept
1785410626831,false,1785410626887,FastAccept
1785410627212,true,1785410627539,LeaderAccept
1785410627671,true,1785410627962,SlowAccept
1785410628249,true,1785410628305,FastAccept
1785410629020,true,1785410629113,FastAccept
1785410630154,false,1785410630210,FastAccept
1785410632150,false,1785410632450,LeaderAccept
1785410637562,true,1785410637619,FastAccept
1785410648132,false,1785410648189,FastAccept
1785410648153,false,1785410648210,FastAccept
1785410648172,false,1785410648230,FastAccept
1785410648193,false,1785410648250,FastAccept
1785410648213,true,1785410648271,FastAccept
1785410648233,false,1785410648291,FastAccept
1785410648254,false,1785410648311,FastAccept
1785410648275,true,1785410648332,FastAccept
1785410648296,true,1785410648353,FastAccept
1785410648317,true,1785410648374,FastAccept
1785410648338,true,1785410648395,FastAccept
1785410648360,false,1785410648416,FastAccept
1785410648381,false,1785410648438,FastAccept
1785410648403,true,1785410648460,FastAccept
1785410648425,true,1785410648481,FastAccept
1785410648447,false,1785410648505,FastAccept
1785410648470,true,1785410648528,FastAccept
1785410648493,true,1785410648550,FastAccept
1785410648516,true,1785410648574,FastAccept
1785410648539,false,1785410648596,FastAccept
1785410648563,true,1785410648620,FastAccept
1785410648587,true,1785410648643,FastAccept
1785410648611,true,1785410648668,FastAccept
1785410648635,true,1785410648692,FastAccept
1785410648660,true,1785410648718,FastAccept
1785410648685,true,1785410648742,FastAccept
1785410648712,false,1785410648769,FastAccept
1785410648737,false,1785410648794,FastAccept
1785410648763,false,1785410648821,FastAccept
1785410648790,false,1785410648846,FastAccept
1785410648817,false,1785410648874,FastAccept
1785410648844,true,1785410648901,FastAccept
1785410648871,false,1785410648927,FastAccept
1785410648898,true,1785410648955,FastAccept
1785410648926,false,1785410648984,FastAccept
1785410648955,false,1785410649011,FastAccept
1785410648983,true,1785410649040,FastAccept
1785410649013,false,1785410649071,FastAccept
1785410649044,true,1785410649101,FastAccept
1785410649074,false,1785410649131,FastAccept
1785410649104,true,1785410649162,FastAccept
1785410649135,false,1785410649192,FastAccept
1785410649166,true,1785410649223,FastAccept
1785410649198,true,1785410649255,FastAccept
1785410649230,false,1785410649288,FastAccept
1785410649263,false,1785410649321,FastAccept
1785410649297,false,1785410649354,FastAccept
1785410649331,false,1785410649416,SlowAccept
1785410649365,false,1785410649451,SlowAccept
1785410649401,false,1785410649815,LeaderAccept
1785410649437,true,1785410649710,FastAccept
1785410649473,true,1785410650224,LeaderAccept
1785410649510,true,1785410650006,LeaderAccept
1785410649548,true,1785410650006,LeaderAccept
1785410649586,false,1785410649815,FastAccept
1785410649625,true,1785410650144,LeaderAccept
1785410649665,true,1785410650440,LeaderAccept
1785410649706,true,1785410650224,LeaderAccept
1785410649747,false,1785410650006,FastAccept
1785410649789,false,1785410650006,SlowAccept
1785410649833,true,1785410650006,SlowAccept
1785410649877,true,1785410650606,LeaderAccept
1785410649922,true,1785410650224,SlowAccept
1785410649968,false,1785410650440,LeaderAccept
1785410650015,true,1785410650567,LeaderAccept
1785410650064,false,1785410650224,FastAccept
1785410650113,false,1785410650405,SlowAccept
1785410650163,true,1785410650606,LeaderAccept
1785410650216,false,1785410650567,LeaderAccept
1785410650270,true,1785410650784,LeaderAccept
1785410650324,false,1785410650848,LeaderAccept
1785410650380,false,1785410650606,SlowAccept
1785410650437,true,1785410650912,LeaderAccept
1785410650496,true,1785410650912,LeaderAccept
1785410650557,false,1785410650912,LeaderAccept
1785410650620,true,1785410650912,LeaderAccept
1785410650686,false,1785410650912,LeaderAccept
1785410650752,false,1785410651242,LeaderAccept
1785410650822,true,1785410651243,LeaderAccept
1785410650893,false,1785410651431,LeaderAccept
1785410650967,false,1785410651431,LeaderAccept
1785410651043,false,1785410651431,LeaderAccept
1785410651123,true,1785410651765,LeaderAccept
1785410651206,true,1785410651431,LeaderAccept
1785410651292,true,1785410651765,LeaderAccept
1785410651383,false,1785410651765,LeaderAccept
1785410651477,false,1785410651972,LeaderAccept
1785410651577,false,1785410651765,LeaderAccept
1785410651680,false,1785410652122,LeaderAccept
1785410651789,true,1785410652293,LeaderAccept
1785410651904,false,1785410652458,LeaderAccept
1785410652026,true,1785410652503,LeaderAccept
1785410652156,false,1785410652614,LeaderAccept
1785410652295,false,1785410652503,LeaderAccept
1785410652443,true,1785410653155,LeaderAccept
1785410652602,false,1785410652904,SlowAccept
1785410652774,false,1785410653264,LeaderAccept
1785410652962,true,1785410653264,SlowAccept
1785410653168,true,1785410653660,LeaderAccept
1785410653397,false,1785410653956,LeaderAccept
1785410653654,true,1785410653956,SlowAccept
1785410653945,false,1785410654218,FastAccept
1785410654282,false,1785410654564,LeaderAccept
1785410654680,false,1785410654979,SlowAccept
1785410655165,true,1785410655222,FastAccept
1785410655783,true,1785410655841,FastAccept
1785410656625,true,1785410656682,FastAccept
1785410657267,false,1785410657324,FastAccept
1785410657283,true,1785410657340,FastAccept
1785410657300,true,1785410657358,FastAccept
1785410657318,false,1785410657375,FastAccept
1785410657335,false,1785410657392,FastAccept
1785410657352,false,1785410657409,FastAccept
1785410657370,false,1785410657428,FastAccept
1785410657388,true,1785410657446,FastAccept
1785410657406,true,1785410657705,SlowAccept
1785410657424,true,1785410657705,FastAccept
1785410657442,false,1785410657705,FastAccept
1785410657460,false,1785410657705,FastAccept
1785410657478,false,1785410657705,FastAccept
1785410657497,true,1785410657705,FastAccept
1785410657515,true,1785410657705,FastAccept
1785410657534,false,1785410657705,FastAccept
1785410657553,true,1785410657705,FastAccept
1785410657572,false,1785410657705,FastAccept
1785410657591,true,1785410657705,FastAccept
1785410657611,false,1785410657705,FastAccept
1785410657631,false,1785410657705,FastAccept
1785410657651,false,1785410657925,FastAccept
1785410657672,true,1785410658325,LeaderAccept
1785410657692,true,1785410657925,FastAccept
1785410657712,false,1785410659781,LeaderAccept
1785410657732,true,1785410657925,FastAccept
1785410657753,false,1785410658054,SlowAccept
1785410657774,false,1785410658054,FastAccept
1785410657797,true,1785410659537,LeaderAccept
1785410657818,true,1785410658066,FastAccept
1785410657840,false,1785410658066,FastAccept
1785410657862,false,1785410658066,FastAccept
1785410657884,true,1785410658066,FastAccept
1785410657907,true,1785410658208,SlowAccept
1785410657930,true,1785410658231,SlowAccept
1785410657953,true,1785410658231,FastAccept
1785410657976,true,1785410658498,LeaderAccept
1785410657999,true,1785410658272,FastAccept
1785410658023,true,1785410658580,LeaderAccept
1785410658047,true,1785410658580,LeaderAccept
1785410658071,false,1785410658325,FastAccept
1785410658096,true,1785410658325,FastAccept
1785410658122,false,1785410658325,FastAccept
1785410658147,true,1785410658325,FastAccept
1785410658173,false,1785410659169,LeaderAccept
1785410658199,false,1785410659455,LeaderAccept
1785410658225,false,1785410658498,FastAccept
1785410658252,false,1785410658554,SlowAccept
1785410658279,false,1785410658580,SlowAccept
1785410658307,false,1785410658580,FastAccept
1785410658335,false,1785410658580,FastAccept
1785410658362,false,1785410658580,FastAccept
1785410658391,false,1785410658580,FastAccept
1785410658419,true,1785410658692,FastAccept
1785410658449,true,1785410658721,FastAccept
1785410658478,false,1785410658780,SlowAccept
1785410658508,true,1785410658809,SlowAccept
1785410658539,true,1785410658840,SlowAccept
1785410658570,true,1785410658840,FastAccept
1785410658601,false,1785410658840,FastAccept
1785410658632,true,1785410658840,FastAccept
1785410658664,true,1785410658936,FastAccept
1785410658696,true,1785410658969,FastAccept
1785410658730,false,1785410659031,SlowAccept
1785410658763,true,1785410659065,SlowAccept
1785410658798,true,1785410659099,SlowAccept
1785410658833,true,1785410659099,FastAccept
1785410658869,true,1785410659169,SlowAccept
1785410658905,true,1785410659169,FastAccept
1785410658943,false,1785410659216,FastAccept
1785410658980,true,1785410659253,FastAccept
1785410659018,true,1785410659319,SlowAccept
1785410659057,false,1785410659537,LeaderAccept
1785410659098,true,1785410659337,FastAccept
1785410659138,false,1785410659455,SlowAccept
1785410659179,false,1785410659781,LeaderAccept
1785410659221,true,1785410659455,FastAccept
1785410659264,true,1785410659537,FastAccept
1785410659308,false,1785410659537,FastAccept
1785410659352,true,1785410659781,LeaderAccept
1785410659397,true,1785410659670,FastAccept
1785410659444,true,1785410659746,SlowAccept
1785410659491,true,1785410659781,SlowAccept
1785410659540,false,1785410659858,LeaderAccept
1785410659591,false,1785410659781,LeaderAccept
1785410659642,true,1785410659943,LeaderAccept
1785410659694,true,1785410660220,LeaderAccept
1785410659748,true,1785410659826,LeaderAccept
1785410659804,false,1785410660342,LeaderAccept
1785410659860,true,1785410659934,LeaderAccept
1785410659919,false,1785410660220,SlowAccept
1785410659979,true,1785410660220,FastAccept
1785410660041,false,1785410660342,SlowAccept
1785410660105,true,1785410660407,SlowAccept
1785410660171,true,1785410660512,LeaderAccept
1785410660239,true,1785410660512,FastAccept
1785410660310,true,1785410660512,LeaderAccept
1785410660383,true,1785410660512,FastAccept
1785410660458,true,1785410660537,LeaderAccept
1785410660536,false,1785410660617,SlowAccept
1785410660617,true,1785410660673,FastAccept
1785410660703,true,1785410660782,LeaderAccept
1785410660792,false,1785410660849,FastAccept
1785410660884,true,1785410661157,FastAccept
1785410660980,true,1785410661170,FastAccept
1785410661082,true,1785410661601,LeaderAccept
1785410661188,false,1785410661585,LeaderAccept
1785410661300,false,1785410661585,SlowAccept
1785410661419,false,1785410661585,FastAccept
1785410661545,true,1785410662057,LeaderAccept
1785410661679,false,1785410661954,SlowAccept
1785410661823,true,1785410662124,LeaderAccept
1785410661977,false,1785410662057,FastAccept
1785410662144,false,1785410662202,FastAccept
1785410662325,true,1785410662382,FastAccept
1785410662523,false,1785410662581,FastAccept
1785410662741,false,1785410662949,FastAccept
1785410662984,true,1785410663041,FastAccept
1785410663259,true,1785410663316,FastAccept
1785410663573,false,1785410663631,FastAccept
1785410663942,true,1785410663998,FastAccept
1785410664384,false,1785410664651,SlowAccept
1785410664935,false,1785410665019,FastAccept
1785410665660,true,1785410665716,FastAccept
1785410666702,true,1785410666978,SlowAccept
1785410668455,false,1785410668513,FastAccept
1785410669945,false,1785410670002,FastAccept
1785410669962,true,1785410670020,FastAccept
1785410669979,true,1785410670036,FastAccept
1785410669996,false,1785410670053,FastAccept
1785410670014,true,1785410670071,FastAccept
1785410670031,false,1785410670088,FastAccept
1785410670049,true,1785410670106,FastAccept
1785410670067,false,1785410670124,FastAccept
1785410670085,true,1785410670142,FastAccept
1785410670103,false,1785410670160,FastAccept
1785410670123,false,1785410670179,FastAccept
1785410670141,true,1785410670198,FastAccept
1785410670160,false,1785410670217,FastAccept
1785410670179,true,1785410670236,FastAccept
1785410670200,false,1785410670257,FastAccept
1785410670219,true,1785410670276,FastAccept
1785410670239,true,1785410670296,FastAccept
1785410670258,true,1785410670315,FastAccept
1785410670278,true,1785410670335,FastAccept
1785410670298,false,1785410670355,FastAccept
1785410670318,true,1785410670376,FastAccept
1785410670340,false,1785410670620,SlowAccept
1785410670360,true,1785410670620,FastAccept
1785410670381,true,1785410670620,FastAccept
1785410670402,false,1785410670620,FastAccept
1785410670424,false,1785410670620,FastAccept
1785410670445,false,1785410670620,FastAccept
1785410670467,false,1785410670620,FastAccept
1785410670489,false,1785410670620,FastAccept
1785410670511,true,1785410670620,FastAccept
1785410670533,true,1785410670620,FastAccept
1785410670557,false,1785410670620,FastAccept
1785410670579,false,1785410671721,LeaderAccept
1785410670602,false,1785410670660,FastAccept
1785410670626,true,1785410672097,LeaderAccept
1785410670650,false,1785410670707,FastAccept
1785410670674,true,1785410672312,LeaderAccept
1785410670698,true,1785410670971,FastAccept
1785410670722,true,1785410670971,FastAccept
1785410670747,false,1785410670971,FastAccept
1785410670772,false,1785410670971,FastAccept
1785410670797,false,1785410670971,FastAccept
1785410670823,false,1785410671095,FastAccept
1785410670849,false,1785410671095,FastAccept
1785410670875,true,1785410671149,FastAccept
1785410670902,true,1785410671149,FastAccept
1785410670929,false,1785410671461,LeaderAccept
1785410670957,false,1785410671258,SlowAccept
1785410670985,true,1785410671258,FastAccept
1785410671014,true,1785410671258,FastAccept
1785410671042,false,1785410671258,FastAccept
1785410671071,true,1785410671344,FastAccept
1785410671100,true,1785410671344,FastAccept
1785410671130,true,1785410671432,SlowAccept
1785410671160,false,1785410671461,SlowAccept
1785410671190,true,1785410671461,FastAccept
1785410671222,false,1785410671721,LeaderAccept
1785410671253,true,1785410671526,FastAccept
1785410671285,true,1785410671526,FastAccept
1785410671317,false,1785410671590,FastAccept
1785410671351,false,1785410671590,FastAccept
1785410671384,true,1785410671686,SlowAccept
1785410671419,false,1785410671721,SlowAccept
1785410671453,true,1785410671721,FastAccept
1785410671489,false,1785410671977,LeaderAccept
1785410671524,true,1785410671721,LeaderAccept
1785410671561,false,1785410672097,LeaderAccept
1785410671599,false,1785410671901,SlowAccept
1785410671636,false,1785410671938,SlowAccept
1785410671675,true,1785410671977,SlowAccept
1785410671714,false,1785410671977,FastAccept
1785410671754,false,1785410672312,LeaderAccept
1785410671795,true,1785410672097,SlowAccept
1785410671836,false,1785410672097,FastAccept
1785410671879,true,1785410672097,FastAccept
1785410671922,true,1785410672195,FastAccept
1785410671966,false,1785410672195,FastAccept
1785410672011,true,1785410672312,SlowAccept
1785410672057,false,1785410672660,LeaderAccept
1785410672104,false,1785410672660,LeaderAccept
1785410672153,false,1785410672660,LeaderAccept
1785410672202,true,1785410672660,LeaderAccept
1785410672253,false,1785410672312,FastAccept
1785410672305,false,1785410672579,FastAccept
1785410672359,false,1785410672660,SlowAccept
1785410672413,false,1785410672715,LeaderAccept
1785410672469,false,1785410672770,LeaderAccept
1785410672526,false,1785410672660,FastAccept
1785410672586,true,1785410672660,FastAccept
1785410672647,false,1785410672705,FastAccept
1785410672710,false,1785410672767,FastAccept
1785410672775,true,1785410672833,FastAccept
1785410672842,true,1785410672899,FastAccept
1785410672911,false,1785410672969,FastAccept
1785410672983,true,1785410673040,FastAccept
1785410673057,false,1785410673114,FastAccept
1785410673135,true,1785410673192,FastAccept
1785410673215,false,1785410673272,FastAccept
1785410673298,true,1785410673355,FastAccept
1785410673385,false,1785410673442,FastAccept
1785410673475,false,1785410673532,FastAccept
1785410673570,true,1785410673628,FastAccept
1785410673669,false,1785410673726,FastAccept
1785410673773,false,1785410673831,FastAccept
1785410673883,false,1785410673941,FastAccept
1785410673999,true,1785410674056,FastAccept
1785410674123,false,1785410674180,FastAccept
1785410674253,true,1785410674310,FastAccept
1785410674392,false,1785410674449,FastAccept
1785410674541,false,1785410674598,FastAccept
1785410674701,true,1785410674759,FastAccept
1785410674875,true,1785410674932,FastAccept
1785410675065,false,1785410675122,FastAccept
1785410675273,true,1785410675331,FastAccept
1785410675504,false,1785410675562,FastAccept
1785410675763,false,1785410675820,FastAccept
1785410676058,false,1785410676115,FastAccept
1785410676399,true,1785410676456,FastAccept
1785410676803,false,1785410676860,FastAccept
1785410677298,false,1785410677354,FastAccept
1785410677931,true,1785410677988,FastAccept
1785410678800,false,1785410678857,FastAccept
1785410680141,true,1785410680420,SlowAccept
1785410682763,true,1785410683064,LeaderAccept
1785410686224,false,1785410686282,FastAccept
1785410686242,true,1785410686299,FastAccept
1785410686260,false,1785410686534,FastAccept
1785410686279,false,1785410686534,FastAccept
1785410686297,true,1785410686534,FastAccept
1785410686316,false,1785410686534,FastAccept
1785410686335,true,1785410686534,FastAccept
1785410686355,true,1785410686534,FastAccept
1785410686374,true,1785410686534,FastAccept
1785410686394,false,1785410686534,FastAccept
1785410686413,false,1785410686534,FastAccept
1785410686432,true,1785410686534,FastAccept
1785410686452,false,1785410686534,FastAccept
1785410686472,true,1785410686534,FastAccept
1785410686493,false,1785410686794,SlowAccept
1785410686513,true,1785410687054,LeaderAccept
1785410686534,true,1785410686811,FastAccept
1785410686555,false,1785410686811,FastAccept
1785410686576,true,1785410686811,FastAccept
1785410686597,true,1785410686811,FastAccept
1785410686620,false,1785410686811,FastAccept
1785410686641,false,1785410686811,FastAccept
1785410686663,true,1785410686811,FastAccept
1785410686685,false,1785410686811,FastAccept
1785410686707,true,1785410686811,FastAccept
1785410686731,false,1785410687032,SlowAccept
1785410686753,true,1785410687054,SlowAccept
1785410686777,true,1785410687101,LeaderAccept
1785410686800,true,1785410687073,FastAccept
1785410686823,true,1785410687073,FastAccept
1785410686847,true,1785410687073,FastAccept
1785410686871,false,1785410687073,FastAccept
1785410686896,false,1785410687073,FastAccept
1785410686920,true,1785410687073,FastAccept
1785410686945,true,1785410687073,FastAccept
1785410686971,true,1785410687073,FastAccept
1785410686996,false,1785410687965,LeaderAccept
1785410687022,false,1785410688142,LeaderAccept
1785410687048,true,1785410688521,LeaderAccept
1785410687074,true,1785410687375,SlowAccept
1785410687101,true,1785410687375,FastAccept
1785410687128,true,1785410687375,FastAccept
1785410687157,false,1785410687375,FastAccept
1785410687184,true,1785410687375,FastAccept
1785410687212,false,1785410687375,FastAccept
1785410687241,false,1785410687514,FastAccept
1785410687270,true,1785410687543,FastAccept
1785410687301,false,1785410687574,FastAccept
1785410687331,true,1785410687633,SlowAccept
1785410687361,false,1785410687633,FastAccept
1785410687392,true,1785410687633,FastAccept
1785410687423,true,1785410687633,FastAccept
1785410687455,true,1785410687744,SlowAccept
1785410687487,false,1785410687759,FastAccept
1785410687520,false,1785410687793,FastAccept
1785410687553,false,1785410687855,SlowAccept
1785410687587,false,1785410687888,SlowAccept
1785410687621,true,1785410687888,FastAccept
1785410687656,true,1785410687888,FastAccept
1785410687692,false,1785410687965,FastAccept
1785410687728,true,1785410687965,FastAccept
1785410687766,true,1785410688038,FastAccept
1785410687803,true,1785410688075,FastAccept
1785410687841,true,1785410688142,SlowAccept
1785410687880,false,1785410688142,FastAccept
1785410687919,true,1785410688142,FastAccept
1785410687959,true,1785410688875,LeaderAccept
1785410688000,true,1785410688521,LeaderAccept
1785410688042,false,1785410688343,SlowAccept
1785410688085,false,1785410688358,FastAccept
1785410688129,true,1785410688358,FastAccept
1785410688174,true,1785410688358,FastAccept
1785410688219,true,1785410688521,SlowAccept
1785410688267,false,1785410688875,LeaderAccept
1785410688314,false,1785410688875,LeaderAccept
1785410688363,true,1785410688521,FastAccept
1785410688414,true,1785410688521,FastAccept
1785410688465,true,1785410688738,FastAccept
1785410688519,true,1785410688820,SlowAccept
1785410688573,false,1785410688875,SlowAccept
1785410688628,false,1785410688875,FastAccept
1785410688686,true,1785410688875,FastAccept
1785410688745,true,1785410688875,FastAccept
1785410688806,false,1785410688875,FastAccept
1785410688868,false,1785410688926,FastAccept
1785410688932,false,1785410689226,SlowAccept
1785410688998,true,1785410689226,FastAccept
1785410689067,false,1785410689226,FastAccept
1785410689139,true,1785410689226,FastAccept
1785410689212,false,1785410689269,FastAccept
1785410689289,true,1785410689346,FastAccept
1785410689368,true,1785410689928,LeaderAccept
1785410689450,false,1785410689507,FastAccept
1785410689536,true,1785410689594,FastAccept
1785410689626,false,1785410689927,SlowAccept
1785410689719,true,1785410689927,FastAccept
1785410689817,false,1785410689928,FastAccept
1785410689920,false,1785410689976,FastAccept
1785410690027,true,1785410690084,FastAccept
1785410690140,false,1785410690197,FastAccept
1785410690260,false,1785410690318,FastAccept
1785410690388,false,1785410690445,FastAccept
1785410690524,true,1785410690581,FastAccept
1785410690670,false,1785410690727,FastAccept
1785410690826,false,1785410690883,FastAccept
1785410690996,true,1785410691053,FastAccept
1785410691179,false,1785410691437,SlowAccept
1785410691381,true,1785410691644,SlowAccept
1785410691605,true,1785410691875,SlowAccept
1785410691854,true,1785410692131,SlowAccept
1785410692135,false,1785410692437,LeaderAccept
1785410692459,false,1785410692760,SlowAccept
1785410692841,false,1785410693344,LeaderAccept
1785410693301,true,1785410693388,SlowAccept
1785410693882,false,1785410694376,LeaderAccept
1785410694656,true,1785410694957,SlowAccept
1785410695796,true,1785410695972,FastAccept
1785410697809,false,1785410697946,FastAccept
1785410703317,false,1785410703590,FastAccept
1785410762634,true,1785410762688,FastAccept
1785410762660,true,1785410762734,SlowAccept
1785410762686,false,1785410762759,FastAccept
1785410762713,false,1785410762767,FastAccept
1785410762741,false,1785410762834,LeaderAccept
1785410762768,false,1785410762892,SlowAccept
1785410762797,false,1785410762850,FastAccept
1785410762825,false,1785410762950,LeaderAccept
1785410762853,true,1785410762950,SlowAccept
1785410762882,true,1785410762975,SlowAccept
1785410762912,false,1785410763010,SlowAccept
1785410762943,true,1785410763153,LeaderAccept
1785410762973,false,1785410763101,LeaderAccept
1785410763003,false,1785410763101,SlowAccept
1785410763034,true,1785410763153,LeaderAccept
1785410763067,true,1785410763153,LeaderAccept
1785410763099,true,1785410763249,LeaderAccept
1785410763131,false,1785410763228,SlowAccept
1785410763164,false,1785410763249,LeaderAccept
1785410763197,true,1785410763349,LeaderAccept
1785410763231,true,1785410763329,SlowAccept
1785410763266,false,1785410763349,LeaderAccept
1785410763301,false,1785410763508,LeaderAccept
1785410763337,false,1785410763415,SlowAccept
1785410763373,true,1785410763508,LeaderAccept
1785410763410,false,1785410763508,SlowAccept
1785410763448,true,1785410763508,FastAccept
1785410763486,false,1785410763540,FastAccept
1785410763526,false,1785410763680,LeaderAccept
1785410763566,false,1785410763663,SlowAccept
1785410763607,true,1785410763680,FastAccept
1785410763649,true,1785410763703,FastAccept
1785410763692,true,1785410763764,FastAccept
1785410763735,true,1785410763788,FastAccept
1785410763779,false,1785410763833,FastAccept
1785410763825,true,1785410763879,FastAccept
1785410763872,true,1785410763926,FastAccept
1785410763920,false,1785410763974,FastAccept
1785410763969,false,1785410764062,SlowAccept
1785410764019,true,1785410764117,SlowAccept
1785410764070,false,1785410764167,SlowAccept
1785410764122,true,1785410764273,LeaderAccept
1785410764175,true,1785410764273,SlowAccept
1785410764230,true,1785410764328,SlowAccept
1785410764286,false,1785410764390,LeaderAccept
1785410764344,true,1785410764415,LeaderAccept
1785410764403,true,1785410764457,FastAccept
1785410764465,false,1785410764543,SlowAccept
1785410764529,false,1785410764583,FastAccept
1785410764594,false,1785410764648,FastAccept
1785410764661,false,1785410764730,SlowAccept
1785410764731,true,1785410764785,FastAccept
1785410764803,true,1785410764857,FastAccept
1785410764878,true,1785410764932,FastAccept
1785410764956,true,1785410765010,FastAccept
1785410765036,false,1785410765090,FastAccept
1785410765120,false,1785410765174,FastAccept
1785410765208,true,1785410765262,FastAccept
1785410765300,true,1785410765355,FastAccept
1785410765396,false,1785410765474,SlowAccept
1785410765496,true,1785410765549,FastAccept
1785410765601,false,1785410765655,FastAccept
1785410765712,false,1785410765765,FastAccept
1785410765830,false,1785410765884,FastAccept
1785410765954,true,1785410766046,SlowAccept
1785410766086,true,1785410766140,FastAccept
1785410766227,true,1785410766281,FastAccept
1785410766378,true,1785410766442,LeaderAccept
1785410766541,false,1785410766595,FastAccept
1785410766718,false,1785410766772,FastAccept
1785410766911,true,1785410766965,FastAccept
1785410767124,false,1785410767178,FastAccept
1785410767361,false,1785410767415,FastAccept
1785410767627,true,1785410767681,FastAccept
1785410767930,true,1785410767984,FastAccept
1785410768283,false,1785410768376,SlowAccept
1785410768704,true,1785410768757,FastAccept
1785410769223,false,1785410769277,FastAccept
1785410769895,false,1785410769948,FastAccept
1785410770837,false,1785410770890,FastAccept
1785410772344,false,1785410772397,FastAccept
1785410775543,true,1785410775597,FastAccept
1785410787769,true,1785410787823,FastAccept
1785410787787,false,1785410787841,FastAccept
1785410787805,false,1785410787858,FastAccept
1785410787823,false,1785410787877,FastAccept
1785410787841,true,1785410787894,FastAccept
1785410787860,false,1785410787914,FastAccept
1785410787878,true,1785410787931,FastAccept
1785410787896,true,1785410787950,FastAccept
1785410787915,true,1785410787969,FastAccept
1785410787934,true,1785410787987,FastAccept
1785410787953,false,1785410788007,FastAccept
1785410787972,true,1785410788026,FastAccept
1785410787991,false,1785410788045,FastAccept
1785410788011,true,1785410788064,FastAccept
1785410788031,true,1785410788084,FastAccept
1785410788051,false,1785410788105,FastAccept
1785410788071,false,1785410788124,FastAccept
1785410788091,false,1785410788145,FastAccept
1785410788112,true,1785410788166,FastAccept
1785410788134,true,1785410788187,FastAccept
1785410788155,false,1785410788209,FastAccept
1785410788176,true,1785410788230,FastAccept
1785410788198,true,1785410788252,FastAccept
1785410788220,true,1785410788274,FastAccept
1785410788242,false,1785410788340,SlowAccept
1785410788264,false,1785410788340,FastAccept
1785410788286,false,1785410788340,FastAccept
1785410788309,true,1785410788427,LeaderAccept
1785410788332,true,1785410788385,FastAccept
1785410788355,true,1785410788473,LeaderAccept
1785410788378,true,1785410788496,LeaderAccept
1785410788402,true,1785410788520,LeaderAccept
1785410788425,true,1785410788522,LeaderAccept
1785410788449,true,1785410788520,LeaderAccept
1785410788474,false,1785410789185,LeaderAccept
1785410788499,false,1785410788597,SlowAccept
1785410788524,false,1785410788597,FastAccept
1785410788549,true,1785410788622,FastAccept
1785410788575,false,1785410788628,FastAccept
1785410788600,true,1785410788673,FastAccept
1785410788626,true,1785410788680,FastAccept
1785410788653,false,1785410788750,SlowAccept
1785410788680,false,1785410788750,FastAccept
1785410788708,false,1785410788805,SlowAccept
1785410788735,false,1785410788805,FastAccept
1785410788763,true,1785410788861,SlowAccept
1785410788791,true,1785410788861,FastAccept
1785410788820,false,1785410788918,SlowAccept
1785410788849,false,1785410788918,FastAccept
1785410788879,false,1785410788977,SlowAccept
1785410788909,true,1785410788977,FastAccept
1785410788940,true,1785410789038,SlowAccept
1785410788971,false,1785410789038,FastAccept
1785410789003,true,1785410789101,SlowAccept
1785410789034,false,1785410789101,FastAccept
1785410789067,false,1785410789165,SlowAccept
1785410789100,false,1785410789165,FastAccept
1785410789134,false,1785410789286,LeaderAccept
1785410789168,true,1785410789265,SlowAccept
1785410789203,true,1785410789321,LeaderAccept
1785410789237,true,1785410789355,LeaderAccept
1785410789273,true,1785410789370,LeaderAccept
1785410789309,true,1785410789444,LeaderAccept
1785410789346,false,1785410789444,SlowAccept
1785410789383,false,1785410789444,FastAccept
1785410789421,false,1785410789474,FastAccept
1785410789460,false,1785410789513,FastAccept
1785410789499,false,1785410789553,FastAccept
1785410789539,true,1785410789593,FastAccept
1785410789580,false,1785410789633,FastAccept
1785410789622,false,1785410789676,FastAccept
1785410789666,false,1785410789719,FastAccept
1785410789709,true,1785410789763,FastAccept
1785410789754,true,1785410789807,FastAccept
1785410789801,true,1785410789854,FastAccept
1785410789848,false,1785410789901,FastAccept
1785410789896,false,1785410789949,FastAccept
1785410789945,true,1785410789998,FastAccept
1785410789995,false,1785410790049,FastAccept
1785410790047,false,1785410790101,FastAccept
1785410790100,true,1785410790154,FastAccept
1785410790154,false,1785410790207,FastAccept
1785410790209,false,1785410790263,FastAccept
1785410790266,true,1785410790344,SlowAccept
1785410790326,true,1785410790379,FastAccept
1785410790386,false,1785410790440,FastAccept
1785410790450,false,1785410790503,FastAccept
1785410790514,true,1785410790568,FastAccept
1785410790582,false,1785410790635,FastAccept
1785410790651,true,1785410790704,FastAccept
1785410790721,false,1785410790775,FastAccept
1785410790794,true,1785410790848,FastAccept
1785410790870,true,1785410790924,FastAccept
1785410790949,false,1785410791003,FastAccept
1785410791031,false,1785410791085,FastAccept
1785410791117,true,1785410791171,FastAccept
1785410791207,true,1785410791260,FastAccept
1785410791301,false,1785410791354,FastAccept
1785410791398,true,1785410791451,FastAccept
1785410791500,true,1785410791553,FastAccept
1785410791607,false,1785410791681,SlowAccept
1785410791720,true,1785410791801,LeaderAccept
1785410791840,false,1785410791926,LeaderAccept
1785410791968,false,1785410792061,LeaderAccept
1785410792103,false,1785410792201,SlowAccept
1785410792249,false,1785410792347,SlowAccept
1785410792405,true,1785410792494,LeaderAccept
1785410792574,true,1785410792645,LeaderAccept
1785410792758,false,1785410792855,LeaderAccept
1785410792960,false,1785410793058,LeaderAccept
1785410793182,false,1785410793306,LeaderAccept
1785410793431,false,1785410793529,SlowAccept
1785410793712,true,1785410793809,LeaderAccept
1785410794035,true,1785410794121,LeaderAccept
1785410794414,false,1785410794524,LeaderAccept
1785410794873,true,1785410794949,SlowAccept
1785410795450,true,1785410795504,FastAccept
1785410796219,false,1785410796273,FastAccept
1785410797349,true,1785410797407,SlowAccept
1785410799337,false,1785410799434,LeaderAccept
1785410804700,false,1785410804773,FastAccept
1785410815532,false,1785410815586,FastAccept
1785410815570,false,1785410815624,FastAccept
1785410815609,false,1785410815662,FastAccept
1785410815649,true,1785410815703,FastAccept
1785410815690,true,1785410815744,FastAccept
1785410815732,true,1785410815785,FastAccept
1785410815774,false,1785410815847,FastAccept
1785410815817,true,1785410815870,FastAccept
1785410815861,true,1785410815915,FastAccept
1785410815907,true,1785410815959,FastAccept
1785410815952,false,1785410816006,FastAccept
1785410815999,false,1785410816052,FastAccept
1785410816047,false,1785410816100,FastAccept
1785410816096,true,1785410816150,FastAccept
1785410816147,false,1785410816201,FastAccept
1785410816199,true,1785410816253,FastAccept
1785410816252,true,1785410816306,FastAccept
1785410816306,false,1785410816360,FastAccept
1785410816362,false,1785410816416,FastAccept
1785410816419,false,1785410816473,FastAccept
1785410816478,false,1785410816531,FastAccept
1785410816539,true,1785410816592,FastAccept
1785410816601,true,1785410816655,FastAccept
1785410816667,true,1785410816720,FastAccept
1785410816733,false,1785410816787,FastAccept
1785410816802,false,1785410816856,FastAccept
1785410816874,true,1785410816928,FastAccept
1785410816948,true,1785410817002,FastAccept
1785410817026,false,1785410817079,FastAccept
1785410817106,true,1785410817159,FastAccept
1785410817189,true,1785410817243,FastAccept
1785410817275,false,1785410817328,FastAccept
1785410817366,false,1785410817420,FastAccept
1785410817460,true,1785410817514,FastAccept
1785410817558,true,1785410817612,FastAccept
1785410817663,false,1785410817716,FastAccept
1785410817771,false,1785410817824,FastAccept
1785410817886,true,1785410817939,FastAccept
1785410818007,false,1785410818060,FastAccept
1785410818136,false,1785410818189,FastAccept
1785410818274,false,1785410818328,FastAccept
1785410818421,true,1785410818475,FastAccept
1785410818580,false,1785410818634,FastAccept
1785410818752,false,1785410818806,FastAccept
1785410818939,true,1785410818993,FastAccept
1785410819144,true,1785410819198,FastAccept
1785410819371,true,1785410819425,FastAccept
1785410819626,true,1785410819680,FastAccept
1785410819916,true,1785410819970,FastAccept
1785410820249,false,1785410820303,FastAccept
1785410820643,true,1785410820733,LeaderAccept
1785410821122,false,1785410821220,SlowAccept
1785410821731,false,1785410821807,LeaderAccept
1785410822556,true,1785410822647,SlowAccept
1785410823802,false,1785410823855,FastAccept
1785410826122,false,1785410826176,FastAccept
1785410833525,false,1785410833579,FastAccept
1785410847217,false,1785410847271,FastAccept
1785410847235,true,1785410847289,FastAccept
1785410847254,true,1785410847307,FastAccept
1785410847272,false,1785410847326,FastAccept
1785410847290,true,1785410847343,FastAccept
1785410847308,false,1785410847362,FastAccept
1785410847327,true,1785410847380,FastAccept
1785410847346,false,1785410847400,FastAccept
1785410847365,false,1785410847419,FastAccept
1785410847384,true,1785410847437,FastAccept
1785410847403,true,1785410847456,FastAccept
1785410847423,true,1785410847476,FastAccept
1785410847443,false,1785410847497,FastAccept
1785410847463,false,1785410847516,FastAccept
1785410847483,false,1785410847537,FastAccept
1785410847504,false,1785410847557,FastAccept
1785410847524,true,1785410847579,FastAccept
1785410847545,false,1785410847599,FastAccept
1785410847567,true,1785410847620,FastAccept
1785410847588,true,1785410847642,FastAccept
1785410847609,false,1785410847663,FastAccept
1785410847631,false,1785410847685,FastAccept
1785410847653,false,1785410847707,FastAccept
1785410847675,true,1785410847729,FastAccept
1785410847697,false,1785410847751,FastAccept
1785410847719,false,1785410847773,FastAccept
1785410847742,true,1785410847796,FastAccept
1785410847765,false,1785410847818,FastAccept
1785410847788,true,1785410847841,FastAccept
1785410847811,true,1785410847864,FastAccept
1785410847834,true,1785410847887,FastAccept
1785410847858,false,1785410847912,FastAccept
1785410847882,true,1785410847936,FastAccept
1785410847906,false,1785410847960,FastAccept
1785410847931,true,1785410847985,FastAccept
1785410847956,false,1785410848009,FastAccept
1785410847981,true,1785410848034,FastAccept
1785410848007,false,1785410848061,FastAccept
1785410848033,false,1785410848086,FastAccept
1785410848059,true,1785410848113,FastAccept
1785410848086,false,1785410848139,FastAccept
1785410848113,true,1785410848166,FastAccept
1785410848141,false,1785410848194,FastAccept
1785410848169,false,1785410848222,FastAccept
1785410848197,true,1785410848251,FastAccept
1785410848226,true,1785410848280,FastAccept
1785410848255,true,1785410848309,FastAccept
1785410848284,true,1785410848382,SlowAccept
1785410848314,true,1785410848382,FastAccept
1785410848345,true,1785410848443,SlowAccept
1785410848375,false,1785410848443,FastAccept
1785410848406,false,1785410848504,SlowAccept
1785410848439,false,1785410848504,FastAccept
1785410848471,false,1785410848622,LeaderAccept
1785410848503,true,1785410848601,SlowAccept
1785410848536,true,1785410848655,LeaderAccept
1785410848571,false,1785410848689,LeaderAccept
1785410848605,true,1785410848724,LeaderAccept
1785410848641,true,1785410848759,LeaderAccept
1785410848676,false,1785410848774,LeaderAccept
1785410848712,true,1785410848846,LeaderAccept
1785410848749,true,1785410848846,SlowAccept
1785410848786,false,1785410848846,FastAccept
1785410848824,true,1785410848878,FastAccept
1785410848863,true,1785410848917,FastAccept
1785410848902,false,1785410848989,SlowAccept
1785410848942,false,1785410849015,FastAccept
1785410848983,false,1785410849037,FastAccept
1785410849026,false,1785410849079,FastAccept
1785410849068,false,1785410849122,FastAccept
1785410849111,false,1785410849165,FastAccept
1785410849156,true,1785410849210,FastAccept
1785410849202,false,1785410849256,FastAccept
1785410849249,false,1785410849303,FastAccept
1785410849297,false,1785410849351,FastAccept
1785410849347,true,1785410849400,FastAccept
1785410849396,false,1785410849450,FastAccept
1785410849447,false,1785410849500,FastAccept
1785410849499,false,1785410849553,FastAccept
1785410849553,false,1785410849607,FastAccept
1785410849608,true,1785410849662,FastAccept
1785410849665,true,1785410849719,FastAccept
1785410849723,false,1785410849777,FastAccept
1785410849782,true,1785410849836,FastAccept
1785410849844,true,1785410849898,FastAccept
1785410849909,true,1785410849963,FastAccept
1785410849974,false,1785410850028,FastAccept
1785410850041,true,1785410850095,FastAccept
1785410850112,false,1785410850167,FastAccept
1785410850184,false,1785410850238,FastAccept
1785410850260,true,1785410850315,FastAccept
1785410850337,true,1785410850391,FastAccept
1785410850418,false,1785410850472,FastAccept
1785410850503,false,1785410850556,FastAccept
1785410850591,false,1785410850644,FastAccept
1785410850682,true,1785410850736,FastAccept
1785410850778,false,1785410850833,FastAccept
1785410850879,true,1785410850933,FastAccept
1785410850985,false,1785410851040,FastAccept
1785410851097,false,1785410851151,FastAccept
1785410851216,false,1785410851269,FastAccept
1785410851341,true,1785410851394,FastAccept
1785410851473,true,1785410851527,FastAccept
1785410851614,false,1785410851668,FastAccept
1785410851766,true,1785410851820,FastAccept
1785410851930,true,1785410851985,FastAccept
1785410852108,false,1785410852162,FastAccept
1785410852302,true,1785410852356,FastAccept
1785410852517,false,1785410852571,FastAccept
1785410852755,true,1785410852808,FastAccept
1785410853023,true,1785410853077,FastAccept
1785410853329,true,1785410853382,FastAccept
1785410853685,false,1785410853739,FastAccept
1785410854111,false,1785410854165,FastAccept
1785410854637,true,1785410854692,FastAccept
1785410855322,false,1785410855376,FastAccept
1785410856286,true,1785410856342,FastAccept
1785410857847,false,1785410857901,FastAccept
1785410861252,false,1785410861306,FastAccept
1785410876635,false,1785410876689,FastAccept
1785410876655,false,1785410876708,FastAccept
1785410876673,false,1785410876727,FastAccept
1785410876692,true,1785410876746,FastAccept
1785410876711,false,1785410876765,FastAccept
1785410876731,false,1785410876784,FastAccept
1785410876751,false,1785410876804,FastAccept
1785410876771,true,1785410876825,FastAccept
1785410876792,false,1785410876845,FastAccept
1785410876813,true,1785410876867,FastAccept
1785410876833,false,1785410876887,FastAccept
1785410876854,true,1785410876908,FastAccept
1785410876875,false,1785410876928,FastAccept
1785410876897,true,1785410876950,FastAccept
1785410876918,false,1785410876972,FastAccept
1785410876940,false,1785410876994,FastAccept
1785410876963,true,1785410877016,FastAccept
1785410876985,true,1785410877039,FastAccept
1785410877008,false,1785410877062,FastAccept
1785410877031,true,1785410877084,FastAccept
1785410877054,false,1785410877107,FastAccept
1785410877076,false,1785410877130,FastAccept
1785410877099,true,1785410877152,FastAccept
1785410877123,false,1785410877176,FastAccept
1785410877146,true,1785410877227,SlowAccept
1785410877170,false,1785410877227,FastAccept
1785410877194,true,1785410877293,LeaderAccept
1785410877219,false,1785410877272,FastAccept
1785410877243,true,1785410877932,LeaderAccept
1785410877268,false,1785410877341,FastAccept
1785410877294,false,1785410877392,SlowAccept
1785410877320,true,1785410877418,SlowAccept
1785410877346,true,1785410877444,SlowAccept
1785410877373,false,1785410877471,SlowAccept
1785410877399,true,1785410877497,SlowAccept
1785410877426,false,1785410877524,SlowAccept
1785410877453,true,1785410877551,SlowAccept
1785410877481,true,1785410877580,SlowAccept
1785410877509,true,1785410877608,SlowAccept
1785410877538,false,1785410877637,SlowAccept
1785410877567,false,1785410877665,SlowAccept
1785410877598,true,1785410877696,SlowAccept
1785410877627,false,1785410877726,SlowAccept
1785410877657,false,1785410877755,SlowAccept
1785410877687,false,1785410877785,SlowAccept
1785410877718,true,1785410877817,SlowAccept
1785410877750,false,1785410877847,SlowAccept
1785410877782,false,1785410877880,SlowAccept
1785410877814,true,1785410877911,SlowAccept
1785410877847,true,1785410877965,LeaderAccept
1785410877880,true,1785410877998,LeaderAccept
1785410877914,false,1785410878033,LeaderAccept
1785410877949,false,1785410878067,LeaderAccept
1785410877985,true,1785410878082,LeaderAccept
1785410878021,false,1785410878105,LeaderAccept
1785410878057,true,1785410878192,LeaderAccept
1785410878094,false,1785410878192,SlowAccept
1785410878132,false,1785410878192,FastAccept
1785410878170,true,1785410878225,FastAccept
1785410878209,true,1785410878263,FastAccept
1785410878249,true,1785410878303,FastAccept
1785410878290,true,1785410878344,FastAccept
1785410878331,true,1785410878385,FastAccept
1785410878374,false,1785410878427,FastAccept
1785410878417,true,1785410878471,FastAccept
1785410878461,false,1785410878514,FastAccept
1785410878506,false,1785410878559,FastAccept
1785410878553,false,1785410878606,FastAccept
1785410878600,true,1785410878653,FastAccept
1785410878648,true,1785410878702,FastAccept
1785410878697,false,1785410878750,FastAccept
1785410878747,false,1785410878800,FastAccept
1785410878799,true,1785410878853,FastAccept
1785410878853,false,1785410878906,FastAccept
1785410878908,true,1785410878962,FastAccept
1785410878964,true,1785410879018,FastAccept
1785410879022,false,1785410879075,FastAccept
1785410879082,true,1785410879135,FastAccept
1785410879143,false,1785410879197,FastAccept
1785410879206,true,1785410879260,FastAccept
1785410879271,false,1785410879325,FastAccept
1785410879338,true,1785410879392,FastAccept
1785410879407,true,1785410879461,FastAccept
1785410879479,false,1785410879533,FastAccept
1785410879555,false,1785410879608,FastAccept
1785410879633,true,1785410879686,FastAccept
1785410879713,true,1785410879767,FastAccept
1785410879796,false,1785410879849,FastAccept
1785410879884,false,1785410879937,FastAccept
1785410879974,false,1785410880028,FastAccept
1785410880069,true,1785410880122,FastAccept
1785410880169,false,1785410880223,FastAccept
1785410880273,false,1785410880327,FastAccept
1785410880383,true,1785410880437,FastAccept
1785410880499,true,1785410880553,FastAccept
1785410880623,false,1785410880676,FastAccept
1785410880754,true,1785410880807,FastAccept
1785410880894,false,1785410880947,FastAccept
1785410881044,true,1785410881097,FastAccept
1785410881204,false,1785410881258,FastAccept
1785410881378,false,1785410881431,FastAccept
1785410881569,true,1785410881622,FastAccept
1785410881777,true,1785410881830,FastAccept
1785410882008,false,1785410882061,FastAccept
1785410882268,false,1785410882322,FastAccept
1785410882564,true,1785410882618,FastAccept
1785410882908,false,1785410882961,FastAccept
1785410883314,true,1785410883367,FastAccept
1785410883812,false,1785410883890,SlowAccept
1785410884451,false,1785410884547,LeaderAccept
1785410885329,false,1785410885401,LeaderAccept
1785410886693,false,1785410886790,LeaderAccept
1785410889386,false,1785410889439,FastAccept
1785410899733,false,1785410899787,FastAccept
1785410913180,false,1785410913234,FastAccept
1785410913208,true,1785410913262,FastAccept
1785410913237,false,1785410913290,FastAccept
1785410913266,true,1785410913320,FastAccept
1785410913296,false,1785410913349,FastAccept
1785410913325,false,1785410913379,FastAccept
1785410913357,true,1785410913410,FastAccept
1785410913387,true,1785410913441,FastAccept
1785410913419,true,1785410913472,FastAccept
1785410913450,false,1785410913504,FastAccept
1785410913483,false,1785410913537,FastAccept
1785410913515,false,1785410913568,FastAccept
1785410913548,true,1785410913601,FastAccept
1785410913582,false,1785410913635,FastAccept
1785410913616,false,1785410913669,FastAccept
1785410913650,false,1785410913704,FastAccept
1785410913686,true,1785410913739,FastAccept
1785410913721,false,1785410913774,FastAccept
1785410913758,false,1785410913812,FastAccept
1785410913796,true,1785410913850,FastAccept
1785410913833,false,1785410913886,FastAccept
1785410913871,true,1785410913925,FastAccept
1785410913910,true,1785410913964,FastAccept
1785410913950,true,1785410914004,FastAccept
1785410913991,true,1785410914045,FastAccept
1785410914032,false,1785410914086,FastAccept
1785410914075,false,1785410914128,FastAccept
1785410914118,true,1785410914172,FastAccept
1785410914162,true,1785410914216,FastAccept
1785410914208,false,1785410914261,FastAccept
1785410914254,true,1785410914308,FastAccept
1785410914301,false,1785410914354,FastAccept
1785410914349,false,1785410914403,FastAccept
1785410914399,true,1785410914452,FastAccept
1785410914449,true,1785410914503,FastAccept
1785410914501,false,1785410914556,FastAccept
1785410914555,false,1785410914609,FastAccept
1785410914610,false,1785410914663,FastAccept
1785410914666,false,1785410914720,FastAccept
1785410914724,false,1785410914777,FastAccept
1785410914784,false,1785410914837,FastAccept
1785410914845,false,1785410914899,FastAccept
1785410914908,true,1785410914963,FastAccept
1785410914973,false,1785410915027,FastAccept
1785410915041,true,1785410915095,FastAccept
1785410915111,true,1785410915165,FastAccept
1785410915184,false,1785410915237,FastAccept
1785410915259,true,1785410915312,FastAccept
1785410915336,true,1785410915390,FastAccept
1785410915418,true,1785410915472,FastAccept
1785410915501,true,1785410915599,SlowAccept
1785410915589,false,1785410915687,LeaderAccept
1785410915680,false,1785410915778,SlowAccept
1785410915775,false,1785410915872,SlowAccept
1785410915875,true,1785410915972,SlowAccept
1785410915980,true,1785410916078,SlowAccept
1785410916091,true,1785410916188,SlowAccept
1785410916207,false,1785410916305,SlowAccept
1785410916330,true,1785410916403,FastAccept
1785410916461,false,1785410916558,SlowAccept
1785410916601,true,1785410916654,FastAccept
1785410916751,true,1785410916848,SlowAccept
1785410916912,false,1785410916966,FastAccept
1785410917087,true,1785410917185,SlowAccept
1785410917279,false,1785410917333,FastAccept
1785410917490,false,1785410917589,SlowAccept
1785410917724,false,1785410917778,FastAccept
1785410917988,false,1785410918095,LeaderAccept
1785410918287,false,1785410918365,SlowAccept
1785410918636,false,1785410918714,LeaderAccept
1785410919049,false,1785410919362,LeaderAccept
1785410919557,false,1785410919611,FastAccept
1785410920212,true,1785410920284,FastAccept
1785410921120,true,1785410921174,FastAccept
1785410922548,true,1785410922602,FastAccept
1785410925465,true,1785410925518,FastAccept
1785410938001,false,1785410938054,FastAccept
1785410954693,false,1785410954747,FastAccept
1785410954722,true,1785410954776,FastAccept
1785410954752,false,1785410954805,FastAccept
1785410954782,true,1785410954835,FastAccept
1785410954813,false,1785410954866,FastAccept
1785410954845,true,1785410954898,FastAccept
1785410954877,true,1785410954931,FastAccept
1785410954910,false,1785410954964,FastAccept
1785410954942,false,1785410954995,FastAccept
1785410954975,true,1785410955028,FastAccept
1785410955009,false,1785410955062,FastAccept
1785410955043,false,1785410955097,FastAccept
1785410955078,true,1785410955132,FastAccept
1785410955114,true,1785410955168,FastAccept
1785410955151,false,1785410955204,FastAccept
1785410955187,true,1785410955241,FastAccept
1785410955225,false,1785410955279,FastAccept
1785410955264,false,1785410955318,FastAccept
1785410955303,false,1785410955357,FastAccept
1785410955343,false,1785410955397,FastAccept
1785410955384,false,1785410955437,FastAccept
1785410955425,false,1785410955479,FastAccept
1785410955467,false,1785410955521,FastAccept
1785410955510,false,1785410955564,FastAccept
1785410955554,true,1785410955608,FastAccept
1785410955599,false,1785410955653,FastAccept
1785410955646,true,1785410955699,FastAccept
1785410955692,false,1785410955746,FastAccept
1785410955740,true,1785410955795,FastAccept
1785410955789,false,1785410955843,FastAccept
1785410955839,true,1785410955892,FastAccept
1785410955890,true,1785410955944,FastAccept
1785410955943,true,1785410955997,FastAccept
1785410955997,true,1785410956050,FastAccept
1785410956052,true,1785410956107,FastAccept
1785410956110,true,1785410956164,FastAccept
1785410956168,true,1785410956222,FastAccept
1785410956228,true,1785410956282,FastAccept
1785410956290,false,1785410956344,FastAccept
1785410956355,true,1785410956408,FastAccept
1785410956422,true,1785410956476,FastAccept
1785410956490,true,1785410956544,FastAccept
1785410956562,false,1785410956615,FastAccept
1785410956635,false,1785410956688,FastAccept
1785410956711,true,1785410956763,FastAccept
1785410956791,true,1785410956843,FastAccept
1785410956874,true,1785410956926,FastAccept
1785410956960,true,1785410957013,FastAccept
1785410957049,false,1785410957101,FastAccept
1785410957143,false,1785410957195,FastAccept
1785410957240,true,1785410957293,FastAccept
1785410957342,false,1785410957394,FastAccept
1785410957450,false,1785410957502,FastAccept
1785410957563,false,1785410957615,FastAccept
1785410957683,true,1785410957736,FastAccept
1785410957810,false,1785410957863,FastAccept
1785410957946,true,1785410957999,FastAccept
1785410958091,true,1785410958144,FastAccept
1785410958247,true,1785410958300,FastAccept
1785410958416,true,1785410958469,FastAccept
1785410958600,true,1785410958652,FastAccept
1785410958801,true,1785410958854,FastAccept
1785410959024,true,1785410959077,FastAccept
1785410959273,true,1785410959326,FastAccept
1785410959555,false,1785410959608,FastAccept
1785410959880,true,1785410959932,FastAccept
1785410960260,false,1785410960312,FastAccept
1785410960720,false,1785410960878,LeaderAccept
1785410961299,true,1785410961402,LeaderAccept
1785410962072,true,1785410962307,LeaderAccept
1785410963208,true,1785410963314,LeaderAccept
1785410965212,false,1785410965264,FastAccept
1785410970668,true,1785410970721,FastAccept
1785411004331,false,1785411004383,FastAccept
1785411004362,true,1785411004415,FastAccept
1785411004394,true,1785411004447,FastAccept
1785411004425,true,1785411004477,FastAccept
1785411004457,false,1785411004510,FastAccept
1785411004490,false,1785411004543,FastAccept
1785411004523,false,1785411004805,LeaderAccept
1785411004557,false,1785411004654,SlowAccept
1785411004592,true,1785411004689,SlowAccept
1785411004626,false,1785411004723,SlowAccept
1785411004661,false,1785411004759,SlowAccept
1785411004697,true,1785411004795,SlowAccept
1785411004734,false,1785411004830,LeaderAccept
1785411004772,false,1785411004824,FastAccept
1785411004810,true,1785411004863,FastAccept
1785411004849,true,1785411004901,FastAccept
1785411004889,false,1785411004942,FastAccept
1785411004930,true,1785411004982,FastAccept
1785411004971,false,1785411005027,FastAccept
1785411005014,true,1785411005070,FastAccept
1785411005056,true,1785411005112,FastAccept
1785411005100,false,1785411005162,FastAccept
1785411005145,true,1785411005207,FastAccept
1785411005191,false,1785411005253,FastAccept
1785411005238,true,1785411005299,FastAccept
1785411005285,true,1785411005347,FastAccept
1785411005334,false,1785411005396,FastAccept
1785411005384,false,1785411005445,FastAccept
1785411005435,false,1785411005491,FastAccept
1785411005487,true,1785411005542,FastAccept
1785411005540,false,1785411005596,FastAccept
1785411005595,true,1785411005651,FastAccept
1785411005652,false,1785411005708,FastAccept
1785411005711,false,1785411005772,FastAccept
1785411005771,false,1785411005832,FastAccept
1785411005832,true,1785411005894,FastAccept
1785411005896,false,1785411005957,FastAccept
1785411005961,true,1785411006023,FastAccept
1785411006029,false,1785411006090,FastAccept
1785411006099,true,1785411006161,FastAccept
1785411006172,true,1785411006233,FastAccept
1785411006248,true,1785411006309,FastAccept
1785411006326,false,1785411006387,FastAccept
1785411006407,false,1785411006468,FastAccept
1785411006492,false,1785411006553,FastAccept
1785411006580,false,1785411006641,FastAccept
1785411006672,false,1785411006733,FastAccept
1785411006769,false,1785411006831,FastAccept
1785411006871,false,1785411006932,FastAccept
1785411006977,true,1785411007038,FastAccept
1785411007089,false,1785411007151,FastAccept
1785411007208,true,1785411007270,FastAccept
1785411007334,true,1785411007396,FastAccept
1785411007468,false,1785411007529,FastAccept
1785411007611,true,1785411007672,FastAccept
1785411007765,false,1785411007826,FastAccept
1785411007930,true,1785411007992,FastAccept
1785411008110,true,1785411008172,FastAccept
1785411008307,false,1785411008368,FastAccept
1785411008524,false,1785411008585,FastAccept
1785411008766,true,1785411008827,FastAccept
1785411009039,false,1785411009100,FastAccept
1785411009351,true,1785411009413,FastAccept
1785411009717,false,1785411009779,FastAccept
1785411010157,false,1785411010218,FastAccept
1785411010702,true,1785411010763,FastAccept
1785411011418,false,1785411011480,FastAccept
1785411012244,true,1785411012623,LeaderAccept
1785411012260,false,1785411012367,FastAccept
1785411012275,false,1785411012367,FastAccept
1785411012292,true,1785411012367,FastAccept
1785411012307,true,1785411012378,FastAccept
1785411012323,false,1785411012394,FastAccept
1785411012340,true,1785411012411,FastAccept
1785411012356,false,1785411012488,SlowAccept
1785411012372,false,1785411012504,SlowAccept
1785411012389,false,1785411012504,FastAccept
1785411012406,false,1785411012538,SlowAccept
1785411012423,true,1785411012555,SlowAccept
1785411012440,false,1785411012571,SlowAccept
1785411012457,false,1785411012589,SlowAccept
1785411012474,false,1785411012606,SlowAccept
1785411012491,false,1785411012623,SlowAccept
1785411012509,true,1785411013219,LeaderAccept
1785411012527,false,1785411013219,LeaderAccept
1785411012544,true,1785411013219,LeaderAccept
1785411012562,false,1785411012693,SlowAccept
1785411012580,true,1785411012710,SlowAccept
1785411012598,false,1785411012729,SlowAccept
1785411012616,false,1785411012748,SlowAccept
1785411012636,true,1785411012767,SlowAccept
1785411012654,false,1785411012786,SlowAccept
1785411012673,false,1785411012805,SlowAccept
1785411012692,false,1785411012823,SlowAccept
1785411012710,true,1785411012842,SlowAccept
1785411012730,false,1785411012861,SlowAccept
1785411012750,false,1785411012881,SlowAccept
1785411012769,true,1785411012901,SlowAccept
1785411012789,false,1785411012921,SlowAccept
1785411012809,true,1785411012941,SlowAccept
1785411012829,true,1785411012961,SlowAccept
1785411012850,false,1785411012982,SlowAccept
1785411012870,true,1785411013001,SlowAccept
1785411012890,true,1785411013022,SlowAccept
1785411012911,false,1785411013042,SlowAccept
1785411012932,false,1785411013063,SlowAccept
1785411012953,true,1785411013084,SlowAccept
1785411012974,true,1785411013106,SlowAccept
1785411012996,false,1785411013127,SlowAccept
1785411013019,true,1785411013151,SlowAccept
1785411013041,true,1785411013172,SlowAccept
1785411013064,true,1785411013195,SlowAccept
1785411013087,true,1785411013219,SlowAccept
1785411013110,false,1785411014088,LeaderAccept
1785411013133,true,1785411014088,LeaderAccept
1785411013157,false,1785411013227,FastAccept
1785411013181,false,1785411013252,FastAccept
1785411013205,true,1785411013276,FastAccept
1785411013230,true,1785411013362,SlowAccept
1785411013255,false,1785411013386,SlowAccept
1785411013280,false,1785411013412,SlowAccept
1785411013305,false,1785411013437,SlowAccept
1785411013331,false,1785411013463,SlowAccept
1785411013357,true,1785411013489,SlowAccept
1785411013383,true,1785411013516,SlowAccept
1785411013409,true,1785411013541,SlowAccept
1785411013436,true,1785411013568,SlowAccept
1785411013463,true,1785411013594,SlowAccept
1785411013490,true,1785411013622,SlowAccept
1785411013518,true,1785411013649,SlowAccept
1785411013547,true,1785411013679,SlowAccept
1785411013576,false,1785411013707,SlowAccept
1785411013605,false,1785411013737,SlowAccept
1785411013635,false,1785411013766,SlowAccept
1785411013666,false,1785411013798,SlowAccept
1785411013696,true,1785411013827,SlowAccept
1785411013727,false,1785411013859,SlowAccept
1785411013758,false,1785411013888,SlowAccept
1785411013791,true,1785411013922,SlowAccept
1785411013823,false,1785411013954,SlowAccept
1785411013856,false,1785411013987,SlowAccept
1785411013888,false,1785411014019,SlowAccept
1785411013922,false,1785411014053,SlowAccept
1785411013956,false,1785411014088,SlowAccept
1785411013991,false,1785411015536,LeaderAccept
1785411014028,true,1785411014098,FastAccept
1785411014064,false,1785411014135,FastAccept
1785411014101,false,1785411014172,FastAccept
1785411014139,false,1785411014210,FastAccept
1785411014178,true,1785411014249,FastAccept
1785411014217,false,1785411014288,FastAccept
1785411014257,true,1785411014328,FastAccept
1785411014297,true,1785411014368,FastAccept
1785411014339,false,1785411014409,FastAccept
1785411014381,true,1785411014452,FastAccept
1785411014425,false,1785411014496,FastAccept
1785411014468,true,1785411014539,FastAccept
1785411014514,true,1785411014584,FastAccept
1785411014559,true,1785411014630,FastAccept
1785411014607,false,1785411014678,FastAccept
1785411014654,true,1785411014725,FastAccept
1785411014703,true,1785411014774,FastAccept
1785411014754,true,1785411014885,SlowAccept
1785411014805,false,1785411014937,SlowAccept
1785411014858,true,1785411014989,SlowAccept
1785411014912,true,1785411015043,SlowAccept
1785411014968,true,1785411015100,SlowAccept
1785411015025,false,1785411015156,SlowAccept
1785411015083,true,1785411015214,SlowAccept
1785411015143,true,1785411015275,SlowAccept
1785411015206,false,1785411015337,SlowAccept
1785411015270,false,1785411015402,SlowAccept
1785411015336,false,1785411015468,SlowAccept
1785411015404,true,1785411015536,SlowAccept
1785411015475,true,1785411015537,FastAccept
1785411015548,false,1785411015610,FastAccept
1785411015624,true,1785411015686,FastAccept
1785411015703,false,1785411015765,FastAccept
1785411015785,true,1785411015846,FastAccept
1785411015870,false,1785411015932,FastAccept
1785411015959,false,1785411016021,FastAccept
1785411016052,false,1785411016113,FastAccept
1785411016149,false,1785411016211,FastAccept
1785411016252,false,1785411016313,FastAccept
1785411016359,true,1785411016420,FastAccept
1785411016473,false,1785411016534,FastAccept
1785411016593,true,1785411016655,FastAccept
1785411016720,true,1785411016782,FastAccept
1785411016856,false,1785411016918,FastAccept
1785411017001,true,1785411017063,FastAccept
1785411017157,true,1785411017219,FastAccept
1785411017326,true,1785411017387,FastAccept
1785411017509,false,1785411017571,FastAccept
1785411017710,true,1785411017772,FastAccept
1785411017932,false,1785411017994,FastAccept
1785411018180,false,1785411018242,FastAccept
1785411018461,false,1785411018523,FastAccept
1785411018783,false,1785411018844,FastAccept
1785411019161,true,1785411019283,LeaderAccept
1785411019619,true,1785411019746,SlowAccept
1785411020193,true,1785411020325,SlowAccept
1785411020959,false,1785411021081,LeaderAccept
1785411022080,true,1785411022151,FastAccept
1785411024042,true,1785411024104,FastAccept
1785411029275,false,1785411029336,FastAccept
1785411042468,false,1785411042530,FastAccept
1785411042488,false,1785411042549,FastAccept
1785411042508,true,1785411042570,FastAccept
1785411042529,true,1785411042591,FastAccept
1785411042550,true,1785411042611,FastAccept
1785411042570,true,1785411042631,FastAccept
1785411042591,true,1785411042652,FastAccept
1785411042612,true,1785411042673,FastAccept
1785411042633,false,1785411042695,FastAccept
1785411042655,true,1785411042717,FastAccept
1785411042677,false,1785411042739,FastAccept
1785411042699,false,1785411042761,FastAccept
1785411042722,true,1785411042783,FastAccept
1785411042744,true,1785411042806,FastAccept
1785411042767,false,1785411043748,LeaderAccept
1785411042790,false,1785411042889,FastAccept
1785411042815,false,1785411042946,SlowAccept
1785411042838,true,1785411042946,FastAccept
1785411042862,true,1785411042946,FastAccept
1785411042886,true,1785411042957,FastAccept
1785411042911,true,1785411043042,SlowAccept
1785411042937,true,1785411043068,SlowAccept
1785411042962,true,1785411043093,SlowAccept
1785411042987,false,1785411043119,SlowAccept
1785411043013,true,1785411043144,SlowAccept
1785411043039,true,1785411043171,SlowAccept
1785411043065,false,1785411043196,SlowAccept
1785411043091,false,1785411043223,SlowAccept
1785411043118,true,1785411043249,SlowAccept
1785411043146,false,1785411043277,SlowAccept
1785411043173,true,1785411043304,SlowAccept
1785411043201,false,1785411043333,SlowAccept
1785411043230,true,1785411043362,SlowAccept
1785411043260,false,1785411043392,SlowAccept
1785411043289,true,1785411043420,SlowAccept
1785411043319,false,1785411043450,SlowAccept
1785411043349,true,1785411043481,SlowAccept
1785411043380,true,1785411043511,SlowAccept
1785411043411,false,1785411043542,SlowAccept
1785411043443,false,1785411043574,SlowAccept
1785411043475,false,1785411043606,SlowAccept
1785411043507,false,1785411043638,SlowAccept
1785411043540,true,1785411043672,SlowAccept
1785411043574,true,1785411043705,SlowAccept
1785411043608,true,1785411043740,SlowAccept
1785411043643,true,1785411043774,LeaderAccept
1785411043678,false,1785411044851,LeaderAccept
1785411043714,true,1785411043784,FastAccept
1785411043750,true,1785411043820,FastAccept
1785411043787,false,1785411043858,FastAccept
1785411043825,true,1785411043896,FastAccept
1785411043864,true,1785411043935,FastAccept
1785411043903,true,1785411043974,FastAccept
1785411043943,false,1785411044014,FastAccept
1785411043984,false,1785411044055,FastAccept
1785411044026,true,1785411044097,FastAccept
1785411044070,true,1785411044141,FastAccept
1785411044113,false,1785411044184,FastAccept
1785411044158,false,1785411044228,FastAccept
1785411044204,false,1785411044274,FastAccept
1785411044250,true,1785411044321,FastAccept
1785411044297,false,1785411044368,FastAccept
1785411044346,false,1785411044417,FastAccept
1785411044396,true,1785411044527,SlowAccept
1785411044446,true,1785411044578,SlowAccept
1785411044498,false,1785411044630,SlowAccept
1785411044551,true,1785411044683,SlowAccept
1785411044606,false,1785411044785,LeaderAccept
1785411044662,false,1785411044785,SlowAccept
1785411044720,true,1785411044851,SlowAccept
1785411044781,false,1785411044912,SlowAccept
1785411044842,true,1785411044973,SlowAccept
1785411044905,false,1785411045037,SlowAccept
1785411044970,false,1785411045102,SlowAccept
1785411045037,true,1785411045168,SlowAccept
1785411045106,true,1785411045238,LeaderAccept
1785411045178,true,1785411045240,FastAccept
1785411045253,false,1785411045315,FastAccept
1785411045330,false,1785411045392,FastAccept
1785411045411,true,1785411045472,FastAccept
1785411045494,true,1785411045556,FastAccept
1785411045581,false,1785411045643,FastAccept
1785411045672,false,1785411045733,FastAccept
1785411045767,true,1785411045829,FastAccept
1785411045867,false,1785411045928,FastAccept
1785411045972,true,1785411046033,FastAccept
1785411046082,false,1785411046144,FastAccept
1785411046198,true,1785411046260,FastAccept
1785411046321,false,1785411046383,FastAccept
1785411046452,true,1785411046514,FastAccept
1785411046591,false,1785411046662,FastAccept
1785411046741,true,1785411046873,SlowAccept
1785411046902,true,1785411047033,SlowAccept
1785411047076,false,1785411047207,SlowAccept
1785411047266,true,1785411047398,SlowAccept
1785411047475,false,1785411047607,SlowAccept
1785411047708,false,1785411047839,LeaderAccept
1785411047968,false,1785411048039,FastAccept
1785411048265,true,1785411048396,SlowAccept
1785411048608,true,1785411048739,SlowAccept
1785411049017,true,1785411049148,SlowAccept
1785411049517,false,1785411049649,SlowAccept
1785411050161,true,1785411050231,FastAccept
1785411051046,false,1785411051179,SlowAccept
1785411052425,true,1785411052556,LeaderAccept
1785411055169,false,1785411055291,LeaderAccept
1785411065986,false,1785411066048,FastAccept
1785411076571,false,1785411076632,FastAccept
1785411076589,true,1785411076651,FastAccept
1785411076608,true,1785411076670,FastAccept
1785411076627,true,1785411076689,FastAccept
1785411076646,false,1785411076707,FastAccept
1785411076665,false,1785411076727,FastAccept
1785411076684,false,1785411076746,FastAccept
1785411076704,false,1785411076765,FastAccept
1785411076724,true,1785411076785,FastAccept
1785411076744,false,1785411076805,FastAccept
1785411076764,true,1785411076826,FastAccept
1785411076784,false,1785411076847,FastAccept
1785411076805,false,1785411076867,FastAccept
1785411076826,false,1785411076887,FastAccept
1785411076847,false,1785411076909,FastAccept
1785411076868,false,1785411076929,FastAccept
1785411076889,true,1785411076951,FastAccept
1785411076911,false,1785411076972,FastAccept
1785411076933,true,1785411076995,FastAccept
1785411076955,false,1785411077016,FastAccept
1785411076977,false,1785411077038,FastAccept
1785411077000,false,1785411077062,FastAccept
1785411077023,true,1785411077085,FastAccept
1785411077046,true,1785411077107,FastAccept
1785411077069,true,1785411077130,FastAccept
1785411077092,false,1785411077154,FastAccept
1785411077116,true,1785411077178,FastAccept
1785411077140,true,1785411078225,LeaderAccept
1785411077164,false,1785411077235,FastAccept
1785411077188,true,1785411077259,FastAccept
1785411077213,false,1785411077284,FastAccept
1785411077238,false,1785411077308,FastAccept
1785411077263,true,1785411077334,FastAccept
1785411077289,true,1785411077360,FastAccept
1785411077315,true,1785411077386,FastAccept
1785411077341,false,1785411077412,FastAccept
1785411077369,true,1785411077439,FastAccept
1785411077396,false,1785411077467,FastAccept
1785411077423,true,1785411077494,FastAccept
1785411077451,false,1785411077522,FastAccept
1785411077480,true,1785411077551,FastAccept
1785411077508,false,1785411077579,FastAccept
1785411077537,false,1785411077608,FastAccept
1785411077567,true,1785411077638,FastAccept
1785411077596,true,1785411077667,FastAccept
1785411077626,false,1785411077697,FastAccept
1785411077657,true,1785411077728,FastAccept
1785411077688,true,1785411077759,FastAccept
1785411077720,true,1785411077792,FastAccept
1785411077752,true,1785411077823,FastAccept
1785411077785,false,1785411077856,FastAccept
1785411077818,false,1785411077888,FastAccept
1785411077851,false,1785411077922,FastAccept
1785411077885,true,1785411077955,FastAccept
1785411077920,false,1785411077991,FastAccept
1785411077955,false,1785411078026,FastAccept
1785411077991,false,1785411078061,FastAccept
1785411078027,true,1785411078098,FastAccept
1785411078064,true,1785411078136,FastAccept
1785411078102,true,1785411079453,LeaderAccept
1785411078141,false,1785411078225,FastAccept
1785411078181,true,1785411078252,FastAccept
1785411078221,false,1785411078292,FastAccept
1785411078262,true,1785411078333,FastAccept
1785411078304,true,1785411078375,FastAccept
1785411078347,true,1785411078419,FastAccept
1785411078391,true,1785411078462,FastAccept
1785411078436,true,1785411078507,FastAccept
1785411078482,true,1785411078552,FastAccept
1785411078528,true,1785411078599,FastAccept
1785411078575,false,1785411078645,FastAccept
1785411078623,false,1785411078694,FastAccept
1785411078672,false,1785411078803,SlowAccept
1785411078722,false,1785411078854,SlowAccept
1785411078774,false,1785411078906,SlowAccept
1785411078829,false,1785411078960,SlowAccept
1785411078883,true,1785411079015,SlowAccept
1785411078939,true,1785411079071,SlowAccept
1785411078997,true,1785411079129,SlowAccept
1785411079057,false,1785411079188,SlowAccept
1785411079118,true,1785411079249,SlowAccept
1785411079181,false,1785411079314,SlowAccept
1785411079247,true,1785411079379,SlowAccept
1785411079314,true,1785411079444,SlowAccept
1785411079383,false,1785411079514,LeaderAccept
1785411079455,false,1785411079516,FastAccept
1785411079530,true,1785411079592,FastAccept
1785411079607,true,1785411079669,FastAccept
1785411079687,false,1785411079748,FastAccept
1785411079770,false,1785411079831,FastAccept
1785411079857,true,1785411079918,FastAccept
1785411079949,false,1785411080011,FastAccept
1785411080044,false,1785411080106,FastAccept
1785411080144,true,1785411080205,FastAccept
1785411080249,false,1785411080311,FastAccept
1785411080359,true,1785411080420,FastAccept
1785411080476,true,1785411080538,FastAccept
1785411080599,true,1785411080661,FastAccept
1785411080730,true,1785411080792,FastAccept
1785411080870,false,1785411080932,FastAccept
1785411081020,false,1785411081082,FastAccept
1785411081182,false,1785411081244,FastAccept
1785411081357,true,1785411081419,FastAccept
1785411081548,true,1785411081610,FastAccept
1785411081758,false,1785411081819,FastAccept
1785411081991,false,1785411082052,FastAccept
1785411082253,true,1785411082375,LeaderAccept
1785411082551,true,1785411082612,FastAccept
1785411082897,true,1785411082958,FastAccept
1785411083308,false,1785411083369,FastAccept
1785411083813,false,1785411083875,FastAccept
1785411084463,false,1785411084524,FastAccept
1785411085362,false,1785411085423,FastAccept
1785411086771,true,1785411086894,LeaderAccept
1785411089619,true,1785411089680,FastAccept
1785411101443,true,1785411101546,SlowAccept
1785411140078,false,1785411140139,FastAccept
1785411140101,false,1785411140163,FastAccept
1785411140125,true,1785411140187,FastAccept
1785411140150,false,1785411140212,FastAccept
1785411140175,true,1785411140236,FastAccept
1785411140200,true,1785411140262,FastAccept
1785411140225,true,1785411140287,FastAccept
1785411140250,false,1785411140311,FastAccept
1785411140276,false,1785411140337,FastAccept
1785411140302,false,1785411140363,FastAccept
1785411140328,false,1785411140390,FastAccept
1785411140355,false,1785411140416,FastAccept
1785411140382,true,1785411140443,FastAccept
1785411140409,true,1785411140470,FastAccept
1785411140437,false,1785411140561,LeaderAccept
1785411140466,true,1785411140527,FastAccept
1785411140494,false,1785411140622,LeaderAccept
1785411140523,false,1785411140584,FastAccept
1785411140552,true,1785411140683,LeaderAccept
1785411140583,true,1785411140644,FastAccept
1785411140613,false,1785411140743,LeaderAccept
1785411140644,false,1785411140705,FastAccept
1785411140675,false,1785411140804,LeaderAccept
1785411140707,false,1785411140768,FastAccept
1785411140739,false,1785411140834,LeaderAccept
1785411140773,false,1785411140834,FastAccept
1785411140806,false,1785411140867,FastAccept
1785411140840,true,1785411140901,FastAccept
1785411140874,false,1785411140936,FastAccept
1785411140909,false,1785411140970,FastAccept
1785411140944,false,1785411141006,FastAccept
1785411140980,true,1785411141042,FastAccept
1785411141017,true,1785411141079,FastAccept
1785411141054,true,1785411141115,FastAccept
1785411141092,true,1785411141153,FastAccept
1785411141131,true,1785411141192,FastAccept
1785411141171,false,1785411141232,FastAccept
1785411141212,false,1785411141273,FastAccept
1785411141252,false,1785411141314,FastAccept
1785411141294,false,1785411141355,FastAccept
1785411141337,false,1785411141409,FastAccept
1785411141382,false,1785411141455,FastAccept
1785411141426,true,1785411141498,FastAccept
1785411141471,false,1785411141543,FastAccept
1785411141517,false,1785411141590,FastAccept
1785411141565,true,1785411141638,FastAccept
1785411141614,true,1785411141687,FastAccept
1785411141664,true,1785411141736,FastAccept
1785411141715,false,1785411141816,SlowAccept
1785411141768,false,1785411141868,SlowAccept
1785411141821,true,1785411141922,SlowAccept
1785411141876,true,1785411141977,SlowAccept
1785411141932,false,1785411142033,SlowAccept
1785411141990,true,1785411142091,SlowAccept
1785411142050,true,1785411142152,SlowAccept
1785411142112,true,1785411142244,LeaderAccept
1785411142176,true,1785411142305,LeaderAccept
1785411142241,true,1785411142333,LeaderAccept
1785411142309,true,1785411142370,FastAccept
1785411142379,false,1785411142441,FastAccept
1785411142452,false,1785411142514,FastAccept
1785411142527,true,1785411142588,FastAccept
1785411142605,false,1785411142666,FastAccept
1785411142686,true,1785411142747,FastAccept
1785411142770,false,1785411142831,FastAccept
1785411142857,true,1785411142919,FastAccept
1785411142949,true,1785411143010,FastAccept
1785411143045,true,1785411143106,FastAccept
1785411143145,false,1785411143207,FastAccept
1785411143251,true,1785411143313,FastAccept
1785411143362,true,1785411143424,FastAccept
1785411143480,true,1785411143541,FastAccept
1785411143605,true,1785411143666,FastAccept
1785411143737,false,1785411143798,FastAccept
1785411143879,true,1785411143940,FastAccept
1785411144032,false,1785411144093,FastAccept
1785411144195,true,1785411144258,FastAccept
1785411144373,true,1785411144434,FastAccept
1785411144567,true,1785411144629,FastAccept
1785411144781,true,1785411144842,FastAccept
1785411145019,true,1785411145080,FastAccept
1785411145287,false,1785411145348,FastAccept
1785411145593,false,1785411145654,FastAccept
1785411145949,false,1785411146010,FastAccept
1785411146374,false,1785411146435,FastAccept
1785411146900,true,1785411146962,FastAccept
1785411147584,false,1785411147645,FastAccept
1785411148547,true,1785411148608,FastAccept
1785411150103,true,1785411150164,FastAccept
1785411151171,false,1785411151231,FastAccept
1785411151185,false,1785411151246,FastAccept
1785411151200,false,1785411151261,FastAccept
1785411151215,true,1785411151276,FastAccept
1785411151230,false,1785411151291,FastAccept
1785411151245,true,1785411151306,FastAccept
1785411151260,false,1785411151321,FastAccept
1785411151275,true,1785411151336,FastAccept
1785411151290,false,1785411151351,FastAccept
1785411151305,false,1785411151367,FastAccept
1785411151321,true,1785411151382,FastAccept
1785411151337,false,1785411151399,FastAccept
1785411151353,false,1785411151414,FastAccept
1785411151369,false,1785411151431,FastAccept
1785411151385,false,1785411151447,FastAccept
1785411151402,true,1785411151463,FastAccept
1785411151418,false,1785411151480,FastAccept
1785411151435,true,1785411151496,FastAccept
1785411151451,true,1785411151513,FastAccept
1785411151468,false,1785411151529,FastAccept
1785411151484,true,1785411151546,FastAccept
1785411151501,true,1785411151562,FastAccept
1785411151518,true,1785411151580,FastAccept
1785411151535,true,1785411151597,FastAccept
1785411151553,false,1785411151615,FastAccept
1785411151570,false,1785411151632,FastAccept
1785411151588,true,1785411151650,FastAccept
1785411151607,false,1785411151668,FastAccept
1785411151624,true,1785411151686,FastAccept
1785411151642,true,1785411151704,FastAccept
1785411151660,true,1785411151721,FastAccept
1785411151679,true,1785411151740,FastAccept
1785411151697,true,1785411151758,FastAccept
1785411151716,true,1785411151777,FastAccept
1785411151735,false,1785411151796,FastAccept
1785411151754,true,1785411151815,FastAccept
1785411151773,true,1785411151835,FastAccept
1785411151793,false,1785411151855,FastAccept
1785411151813,true,1785411151874,FastAccept
1785411151833,true,1785411151894,FastAccept
1785411151854,true,1785411151915,FastAccept
1785411151874,true,1785411151935,FastAccept
1785411151894,false,1785411151955,FastAccept
1785411151915,true,1785411151976,FastAccept
1785411151935,false,1785411151996,FastAccept
1785411151955,false,1785411152017,FastAccept
1785411151976,true,1785411152037,FastAccept
1785411151997,false,1785411152058,FastAccept
1785411152018,true,1785411152080,FastAccept
1785411152040,true,1785411152102,FastAccept
1785411152062,true,1785411152123,FastAccept
1785411152084,false,1785411152145,FastAccept
1785411152106,true,1785411152168,FastAccept
1785411152129,true,1785411152190,FastAccept
1785411152152,false,1785411152214,FastAccept
1785411152175,true,1785411152236,FastAccept
1785411152198,true,1785411152260,FastAccept
1785411152221,true,1785411152282,FastAccept
1785411152245,true,1785411152307,FastAccept
1785411152270,false,1785411152332,FastAccept
1785411152295,true,1785411152357,FastAccept
1785411152320,true,1785411152381,FastAccept
1785411152344,false,1785411152405,FastAccept
1785411152369,false,1785411152430,FastAccept
1785411152394,true,1785411152455,FastAccept
1785411152420,false,1785411152482,FastAccept
1785411152447,false,1785411152508,FastAccept
1785411152473,true,1785411152534,FastAccept
1785411152500,true,1785411152561,FastAccept
1785411152527,true,1785411152588,FastAccept
1785411152555,false,1785411152616,FastAccept
1785411152583,true,1785411152644,FastAccept
1785411152612,false,1785411152673,FastAccept
1785411152640,false,1785411152702,FastAccept
1785411152669,true,1785411152730,FastAccept
1785411152698,false,1785411152759,FastAccept
1785411152728,true,1785411152789,FastAccept
1785411152759,true,1785411153001,LeaderAccept
1785411152789,true,1785411153001,LeaderAccept
1785411152820,true,1785411152940,LeaderAccept
1785411152852,true,1785411153041,LeaderAccept
1785411152884,false,1785411153075,LeaderAccept
1785411152917,true,1785411153041,LeaderAccept
1785411152951,true,1785411153084,LeaderAccept
1785411152985,true,1785411153075,SlowAccept
1785411153021,false,1785411153146,LeaderAccept
1785411153057,false,1785411153146,SlowAccept
1785411153092,true,1785411153330,LeaderAccept
1785411153128,true,1785411153218,SlowAccept
1785411153165,true,1785411153254,SlowAccept
1785411153202,true,1785411153292,SlowAccept
1785411153240,true,1785411153330,SlowAccept
1785411153279,false,1785411153368,SlowAccept
1785411153318,true,1785411153552,LeaderAccept
1785411153358,false,1785411153483,LeaderAccept
1785411153399,true,1785411153527,LeaderAccept
1785411153441,false,1785411153552,LeaderAccept
1785411153484,true,1785411153596,LeaderAccept
1785411153528,true,1785411153643,LeaderAccept
1785411153573,true,1785411153690,LeaderAccept
1785411153619,true,1785411153755,LeaderAccept
1785411153665,false,1785411153755,SlowAccept
1785411153714,false,1785411153804,SlowAccept
1785411153762,true,1785411153852,SlowAccept
1785411153812,true,1785411153902,SlowAccept
1785411153863,true,1785411154038,LeaderAccept
1785411153916,true,1785411154006,SlowAccept
1785411153970,true,1785411154275,LeaderAccept
1785411154026,true,1785411154127,SlowAccept
1785411154083,true,1785411154184,SlowAccept
1785411154142,true,1785411154243,SlowAccept
1785411154203,true,1785411154336,LeaderAccept
1785411154265,true,1785411154396,LeaderAccept
1785411154329,false,1785411154439,LeaderAccept
1785411154396,true,1785411154468,FastAccept
1785411154465,true,1785411154618,LeaderAccept
1785411154535,true,1785411154618,FastAccept
1785411154608,true,1785411154669,FastAccept
1785411154684,true,1785411154745,FastAccept
1785411154764,false,1785411154825,FastAccept
1785411154846,true,1785411154907,FastAccept
1785411154932,true,1785411155033,SlowAccept
1785411155021,true,1785411155119,LeaderAccept
1785411155114,false,1785411155210,LeaderAccept
1785411155211,false,1785411155283,FastAccept
1785411155313,true,1785411155427,LeaderAccept
1785411155422,true,1785411155527,LeaderAccept
1785411155535,true,1785411155656,LeaderAccept
1785411155655,true,1785411155776,LeaderAccept
1785411155783,true,1785411155874,LeaderAccept
1785411155918,true,1785411156011,LeaderAccept
1785411156063,false,1785411156149,LeaderAccept
1785411156219,false,1785411156317,LeaderAccept
1785411156388,false,1785411156478,LeaderAccept
1785411156572,false,1785411156666,LeaderAccept
1785411156773,false,1785411156863,SlowAccept
1785411156994,true,1785411157084,SlowAccept
1785411157242,true,1785411157343,SlowAccept
1785411157522,true,1785411157614,LeaderAccept
1785411157845,false,1785411157906,FastAccept
1785411158224,false,1785411158284,FastAccept
1785411158680,false,1785411158741,FastAccept
1785411159253,false,1785411159315,FastAccept
1785411160017,false,1785411160079,FastAccept
1785411161135,false,1785411161196,FastAccept
1785411163089,false,1785411163151,FastAccept
1785411168280,false,1785411168341,FastAccept
1785411169689,false,1785411169770,SlowAccept
1785411169705,false,1785411169795,SlowAccept
1785411169722,false,1785411169823,SlowAccept
1785411169738,true,1785411169855,LeaderAccept
1785411169754,true,1785411170204,LeaderAccept
1785411169771,true,1785411169850,FastAccept
1785411169789,true,1785411169923,LeaderAccept
1785411169806,false,1785411169907,SlowAccept
1785411169823,true,1785411169923,SlowAccept
1785411169840,false,1785411169978,LeaderAccept
1785411169857,false,1785411170051,LeaderAccept
1785411169876,false,1785411170014,LeaderAccept
1785411169893,false,1785411170032,LeaderAccept
1785411169911,true,1785411170166,LeaderAccept
1785411169930,false,1785411170070,LeaderAccept
1785411169948,true,1785411170070,LeaderAccept
1785411169966,true,1785411170089,LeaderAccept
1785411169984,true,1785411170118,LeaderAccept
1785411170003,false,1785411170127,LeaderAccept
1785411170022,true,1785411170204,LeaderAccept
1785411170041,true,1785411170166,LeaderAccept
1785411170060,false,1785411170186,LeaderAccept
1785411170079,false,1785411170199,LeaderAccept
1785411170098,false,1785411170204,LeaderAccept
1785411170118,false,1785411170306,LeaderAccept
1785411170137,true,1785411170265,LeaderAccept
1785411170158,false,1785411170285,LeaderAccept
1785411170179,false,1785411170306,LeaderAccept
1785411170199,false,1785411170309,LeaderAccept
1785411170220,false,1785411170348,LeaderAccept
1785411170240,true,1785411170417,LeaderAccept
1785411170261,true,1785411170391,LeaderAccept
1785411170282,true,1785411170413,LeaderAccept
1785411170305,false,1785411170417,LeaderAccept
1785411170326,false,1785411170440,LeaderAccept
1785411170348,true,1785411170480,LeaderAccept
1785411170371,true,1785411170501,LeaderAccept
1785411170393,false,1785411170501,LeaderAccept
1785411170415,true,1785411170530,LeaderAccept
1785411170437,true,1785411170553,LeaderAccept
1785411170460,false,1785411170571,LeaderAccept
1785411170483,false,1785411170601,LeaderAccept
1785411170506,true,1785411170642,LeaderAccept
1785411170529,false,1785411170667,LeaderAccept
1785411170553,true,1785411170642,SlowAccept
1785411170577,true,1785411170667,SlowAccept
1785411170601,false,1785411170690,SlowAccept
1785411170625,true,1785411170798,LeaderAccept
1785411170650,true,1785411170740,SlowAccept
1785411170676,false,1785411170766,SlowAccept
1785411170702,true,1785411170876,LeaderAccept
1785411170728,true,1785411170870,LeaderAccept
1785411170754,true,1785411170844,SlowAccept
1785411170781,false,1785411170870,SlowAccept
1785411170808,false,1785411170986,LeaderAccept
1785411170837,false,1785411171023,LeaderAccept
1785411170864,true,1785411170954,SlowAccept
1785411170892,false,1785411170982,SlowAccept
1785411170921,false,1785411171047,LeaderAccept
1785411170950,true,1785411171075,LeaderAccept
1785411170979,false,1785411171107,LeaderAccept
1785411171009,true,1785411171133,LeaderAccept
1785411171039,true,1785411171173,LeaderAccept
1785411171070,false,1785411171173,LeaderAccept
1785411171101,true,1785411171229,LeaderAccept
1785411171133,true,1785411171223,SlowAccept
1785411171165,false,1785411171289,LeaderAccept
1785411171198,true,1785411171289,SlowAccept
1785411171231,true,1785411171322,SlowAccept
1785411171265,false,1785411171355,SlowAccept
1785411171299,true,1785411171432,LeaderAccept
1785411171334,false,1785411171435,LeaderAccept
1785411171369,false,1785411171472,LeaderAccept
1785411171405,false,1785411171512,LeaderAccept
1785411171442,true,1785411171570,LeaderAccept
1785411171479,false,1785411171570,SlowAccept
1785411171517,true,1785411171645,LeaderAccept
1785411171556,false,1785411171645,SlowAccept
1785411171595,false,1785411171685,SlowAccept
1785411171635,true,1785411171807,LeaderAccept
1785411171676,true,1785411171766,SlowAccept
1785411171717,false,1785411171807,SlowAccept
1785411171760,true,1785411171861,SlowAccept
1785411171803,false,1785411171893,SlowAccept
1785411171848,false,1785411171938,SlowAccept
1785411171893,true,1785411171994,SlowAccept
1785411171939,true,1785411172029,SlowAccept
1785411171986,true,1785411172208,LeaderAccept
1785411172035,true,1785411172136,SlowAccept
1785411172086,false,1785411172176,SlowAccept
1785411172136,true,1785411172307,LeaderAccept
1785411172188,false,1785411172307,LeaderAccept
1785411172242,true,1785411172375,LeaderAccept
1785411172297,true,1785411172375,LeaderAccept
1785411172354,true,1785411172427,FastAccept
1785411172413,false,1785411172514,SlowAccept
1785411172472,true,1785411172554,LeaderAccept
1785411172533,true,1785411172595,FastAccept
1785411172596,true,1785411172702,LeaderAccept
1785411172661,true,1785411172755,LeaderAccept
1785411172728,false,1785411172821,SlowAccept
1785411172798,false,1785411172899,SlowAccept
1785411172870,false,1785411172967,LeaderAccept
1785411172945,false,1785411173042,SlowAccept
1785411173023,false,1785411173125,SlowAccept
1785411173104,false,1785411173224,LeaderAccept
1785411173188,true,1785411173285,LeaderAccept
1785411173276,true,1785411173375,LeaderAccept
1785411173367,true,1785411173459,SlowAccept
1785411173463,false,1785411173548,LeaderAccept
1785411173564,false,1785411173690,LeaderAccept
1785411173669,true,1785411173773,LeaderAccept
1785411173780,true,1785411173841,FastAccept
1785411173897,false,1785411174024,LeaderAccept
1785411174022,false,1785411174118,SlowAccept
1785411174153,true,1785411174214,FastAccept
1785411174293,true,1785411174384,LeaderAccept
1785411174444,false,1785411174546,SlowAccept
1785411174607,true,1785411174669,FastAccept
1785411174783,true,1785411174874,LeaderAccept
1785411174975,true,1785411175033,LeaderAccept
1785411175187,true,1785411175266,SlowAccept
1785411175422,false,1785411175521,SlowAccept
1785411175686,true,1785411175745,LeaderAccept
1785411175987,true,1785411176049,FastAccept
1785411176338,true,1785411176400,FastAccept
1785411176755,false,1785411176823,SlowAccept
1785411177269,true,1785411177331,FastAccept
1785411177933,false,1785411178006,FastAccept
1785411178858,false,1785411178920,FastAccept
1785411180327,true,1785411180388,FastAccept
1785411183385,false,1785411183446,FastAccept
