request_time,write,response_time,accept_status
1785428213790,true,1785428213836,FastAccept
1785428213806,true,1785428213853,FastAccept
1785428213823,false,1785428213870,FastAccept
1785428213840,false,1785428213886,FastAccept
1785428213857,false,1785428213903,FastAccept
1785428213874,false,,
1785428213891,false,1785428213937,FastAccept
1785428213909,false,1785428213955,FastAccept
1785428213927,true,1785428213973,FastAccept
1785428213945,false,1785428213991,FastAccept
1785428213963,true,1785428214009,FastAccept
1785428213982,true,1785428214028,FastAccept
1785428214000,true,1785428214046,FastAccept
1785428214019,false,1785428214065,FastAccept
1785428214038,false,1785428214083,FastAccept
1785428214057,false,1785428214103,FastAccept
1785428214076,false,1785428214122,FastAccept
1785428214095,true,1785428214142,FastAccept
1785428214115,true,1785428214162,FastAccept
1785428214135,true,1785428214181,FastAccept
1785428214155,true,1785428214201,FastAccept
1785428214175,true,1785428214221,FastAccept
1785428214196,false,1785428214241,FastAccept
1785428214217,false,1785428214262,FastAccept
1785428214237,false,1785428214283,FastAccept
1785428214259,true,1785428214304,FastAccept
1785428214281,true,1785428214327,FastAccept
1785428214303,false,1785428214349,FastAccept
1785428214325,false,1785428214370,FastAccept
1785428214346,true,1785428214392,FastAccept
1785428214369,false,1785428214414,FastAccept
1785428214392,false,1785428214458,SlowAccept
1785428214414,true,1785428214459,FastAccept
1785428214437,false,1785428214482,FastAccept
1785428214459,true,1785428214505,FastAccept
1785428214482,false,1785428214528,FastAccept
1785428214506,true,1785428214551,FastAccept
1785428214529,true,1785428214575,FastAccept
1785428214554,false,1785428214599,FastAccept
1785428214579,true,1785428214625,FastAccept
1785428214604,false,1785428214650,FastAccept
1785428214628,true,1785428214675,FastAccept
1785428214653,true,1785428214698,FastAccept
1785428214678,false,1785428214724,FastAccept
1785428214704,true,1785428214750,FastAccept
1785428214729,false,1785428214775,FastAccept
1785428214756,true,1785428214802,FastAccept
1785428214783,true,1785428214829,FastAccept
1785428214809,true,1785428214855,FastAccept
1785428214836,false,1785428214882,FastAccept
1785428214863,true,1785428214909,FastAccept
1785428214891,false,1785428214937,FastAccept
1785428214919,false,,
1785428214949,true,1785428214994,FastAccept
1785428214978,false,1785428215024,FastAccept
1785428215008,true,1785428215054,FastAccept
1785428215038,false,1785428215084,FastAccept
1785428215069,true,1785428215115,FastAccept
1785428215100,true,1785428215146,FastAccept
1785428215131,true,1785428215177,FastAccept
1785428215163,false,1785428215209,FastAccept
1785428215196,false,1785428215242,FastAccept
1785428215229,false,1785428215275,FastAccept
1785428215262,false,,
1785428215296,false,1785428215342,FastAccept
1785428215330,false,1785428215377,FastAccept
1785428215365,true,1785428215412,FastAccept
1785428215401,true,1785428215446,FastAccept
1785428215437,false,1785428215483,FastAccept
1785428215474,true,1785428215520,FastAccept
1785428215511,false,1785428215557,FastAccept
1785428215549,true,1785428215595,FastAccept
1785428215589,false,1785428215635,FastAccept
1785428215628,true,,
1785428215669,true,,
1785428215710,true,,
1785428215753,false,1785428215799,FastAccept
1785428215796,false,1785428215842,FastAccept
1785428215840,true,1785428215886,FastAccept
1785428215886,true,1785428215939,FastAccept
1785428215931,false,,
1785428215978,false,,
1785428216027,false,,
1785428216076,true,,
1785428216126,true,,
1785428216178,false,1785428216224,FastAccept
1785428216231,false,1785428216277,FastAccept
1785428216285,false,1785428216331,FastAccept
1785428216341,true,1785428216387,FastAccept
1785428216400,true,1785428216453,FastAccept
1785428216459,false,,
1785428216520,false,,
1785428216582,false,1785428216629,LeaderAccept
1785428216647,true,1785428216694,LeaderAccept
1785428216715,false,1785428216762,LeaderAccept
1785428216785,true,1785428216832,LeaderAccept
1785428216856,false,1785428216903,LeaderAccept
1785428216931,false,1785428216978,LeaderAccept
1785428217007,true,1785428217054,LeaderAccept
1785428217087,false,1785428217135,LeaderAccept
1785428217170,true,1785428217217,LeaderAccept
1785428217256,true,1785428217303,LeaderAccept
1785428217346,true,1785428217393,LeaderAccept
1785428217441,false,1785428217488,LeaderAccept
1785428217539,false,1785428217586,LeaderAccept
1785428217644,true,1785428217691,LeaderAccept
1785428217753,true,1785428217801,LeaderAccept
1785428217868,true,1785428217920,LeaderAccept
1785428217991,false,1785428218061,SlowAccept
1785428218121,true,,
1785428218259,false,,
1785428218408,true,1785428218454,FastAccept
1785428218567,false,,
1785428218741,false,1785428218787,FastAccept
1785428218929,true,1785428218975,FastAccept
1785428219137,false,1785428219183,FastAccept
1785428219366,true,1785428219413,FastAccept
1785428219623,true,1785428219670,FastAccept
1785428219915,true,1785428219985,SlowAccept
1785428220253,false,1785428220299,FastAccept
1785428220654,true,1785428220700,FastAccept
1785428221143,true,1785428221189,FastAccept
1785428221766,true,,
1785428222616,true,1785428222663,LeaderAccept
1785428223916,false,1785428223963,LeaderAccept
1785428226404,true,1785428226451,LeaderAccept
1785428235039,true,1785428235086,LeaderAccept
1785428242562,true,1785428242608,FastAccept
1785428242587,false,1785428242633,FastAccept
1785428242612,false,1785428242658,FastAccept
1785428242639,true,,
1785428242664,true,1785428242711,FastAccept
1785428242691,true,1785428242737,FastAccept
1785428242717,false,1785428242763,FastAccept
1785428242743,true,1785428242789,FastAccept
1785428242770,true,1785428242816,FastAccept
1785428242797,true,1785428242843,FastAccept
1785428242825,true,,
1785428242854,true,1785428242900,FastAccept
1785428242882,true,1785428242928,FastAccept
1785428242911,true,1785428242958,FastAccept
1785428242940,false,,
1785428242970,false,1785428243016,FastAccept
1785428243000,true,1785428243047,FastAccept
1785428243031,true,1785428243078,FastAccept
1785428243062,false,,
1785428243093,true,1785428243139,FastAccept
1785428243125,true,1785428243171,FastAccept
1785428243158,false,1785428243204,FastAccept
1785428243191,true,1785428243237,FastAccept
1785428243226,false,1785428243272,FastAccept
1785428243261,false,1785428243307,FastAccept
1785428243295,true,,
1785428243331,false,1785428243377,FastAccept
1785428243367,false,1785428243414,FastAccept
1785428243404,true,1785428243450,FastAccept
1785428243442,true,,
1785428243481,false,1785428243527,FastAccept
1785428243519,false,1785428243565,FastAccept
1785428243558,false,1785428243605,FastAccept
1785428243599,false,1785428243645,FastAccept
1785428243639,true,1785428243685,FastAccept
1785428243682,false,1785428243728,FastAccept
1785428243724,true,,
1785428243768,false,1785428243814,FastAccept
1785428243812,false,1785428243858,FastAccept
1785428243858,true,1785428243904,FastAccept
1785428243905,false,,
1785428243954,true,1785428244000,FastAccept
1785428244002,true,1785428244048,FastAccept
1785428244052,true,1785428244098,FastAccept
1785428244103,false,1785428244150,FastAccept
1785428244155,false,1785428244201,FastAccept
1785428244208,true,1785428244255,FastAccept
1785428244264,true,1785428244310,FastAccept
1785428244321,true,1785428244367,FastAccept
1785428244380,true,1785428244427,FastAccept
1785428244440,false,1785428244487,FastAccept
1785428244502,true,,
1785428244567,true,1785428244613,FastAccept
1785428244632,true,1785428244679,FastAccept
1785428244700,true,1785428244747,FastAccept
1785428244770,true,1785428244816,FastAccept
1785428244843,true,1785428244890,FastAccept
1785428244919,false,1785428244965,FastAccept
1785428244997,false,1785428245043,FastAccept
1785428245079,true,1785428245126,FastAccept
1785428245164,true,1785428245210,FastAccept
1785428245253,false,1785428245299,FastAccept
1785428245345,false,,
1785428245443,true,1785428245489,FastAccept
1785428245544,true,1785428245590,FastAccept
1785428245651,false,1785428245698,FastAccept
1785428245764,true,1785428245810,FastAccept
1785428245884,true,1785428245930,FastAccept
1785428246010,true,1785428246056,FastAccept
1785428246145,false,1785428246191,FastAccept
1785428246288,true,1785428246334,FastAccept
1785428246443,true,1785428246489,FastAccept
1785428246609,true,1785428246655,FastAccept
1785428246790,true,1785428246837,FastAccept
1785428246988,false,1785428247034,FastAccept
1785428247206,true,1785428247253,FastAccept
1785428247450,true,1785428247496,FastAccept
1785428247726,false,1785428247772,FastAccept
1785428248041,true,1785428248087,FastAccept
1785428248411,true,1785428248457,FastAccept
1785428248854,true,1785428248901,FastAccept
1785428249408,false,1785428249455,FastAccept
1785428250139,false,1785428250185,FastAccept
1785428251189,true,1785428251235,FastAccept
1785428252964,false,1785428253011,FastAccept
1785428257276,false,1785428257323,FastAccept
1785428263267,true,,
1785428263300,false,1785428263346,FastAccept
1785428263335,false,1785428263381,FastAccept
1785428263369,false,1785428263416,FastAccept
1785428263404,true,1785428263450,FastAccept
1785428263440,true,1785428263503,SlowAccept
1785428263477,true,1785428263523,FastAccept
1785428263513,false,,
1785428263550,false,1785428263596,FastAccept
1785428263589,false,,
1785428263627,false,1785428263673,FastAccept
1785428263667,false,1785428263713,FastAccept
1785428263707,true,1785428263753,FastAccept
1785428263748,true,1785428263793,FastAccept
1785428263789,false,1785428263848,SlowAccept
1785428263833,false,1785428263878,FastAccept
1785428263876,true,,
1785428263922,false,1785428263968,FastAccept
1785428263967,false,1785428264013,FastAccept
1785428264013,false,1785428264058,FastAccept
1785428264061,true,1785428264107,FastAccept
1785428264109,true,1785428264175,SlowAccept
1785428264158,false,1785428264205,FastAccept
1785428264209,true,,
1785428264261,false,1785428264307,FastAccept
1785428264315,true,,
1785428264370,false,1785428264416,FastAccept
1785428264426,false,1785428264472,FastAccept
1785428264484,true,1785428264530,FastAccept
1785428264543,false,1785428264589,FastAccept
1785428264604,true,1785428264650,FastAccept
1785428264667,true,1785428264713,FastAccept
1785428264733,false,,
1785428264801,true,1785428264846,FastAccept
1785428264870,true,,
1785428264942,true,1785428264988,FastAccept
1785428265017,true,1785428265063,FastAccept
1785428265094,true,1785428265140,FastAccept
1785428265174,true,1785428265220,FastAccept
1785428265258,true,1785428265305,FastAccept
1785428265346,false,1785428265392,FastAccept
1785428265437,true,,
1785428265532,false,1785428265578,FastAccept
1785428265632,true,1785428265678,FastAccept
1785428265738,false,1785428265783,FastAccept
1785428265848,true,1785428265894,FastAccept
1785428265965,true,1785428266011,FastAccept
1785428266089,true,1785428266135,FastAccept
1785428266220,false,1785428266266,FastAccept
1785428266361,true,1785428266407,FastAccept
1785428266512,true,1785428266558,FastAccept
1785428266674,false,1785428266720,FastAccept
1785428266851,true,1785428266898,FastAccept
1785428267043,true,1785428267089,FastAccept
1785428267256,false,1785428267302,FastAccept
1785428267492,false,1785428267537,FastAccept
1785428267756,true,1785428267802,FastAccept
1785428268059,true,1785428268105,FastAccept
1785428268410,true,1785428268457,FastAccept
1785428268829,true,1785428268876,FastAccept
1785428269346,false,1785428269392,FastAccept
1785428270013,true,1785428270059,FastAccept
1785428270753,true,1785428270799,FastAccept
1785428270769,false,1785428270815,FastAccept
1785428270785,false,1785428270831,FastAccept
1785428270802,true,1785428270848,FastAccept
1785428270818,true,1785428270864,FastAccept
1785428270836,true,1785428270881,FastAccept
1785428270852,true,1785428270898,FastAccept
1785428270869,false,1785428270915,FastAccept
1785428270886,true,1785428270932,FastAccept
1785428270904,false,1785428270950,FastAccept
1785428270921,false,1785428270967,FastAccept
1785428270939,false,1785428270986,FastAccept
1785428270957,false,1785428271003,FastAccept
1785428270975,false,1785428271021,FastAccept
1785428270993,false,1785428271038,FastAccept
1785428271012,false,1785428271057,FastAccept
1785428271030,true,1785428271076,FastAccept
1785428271049,false,1785428271095,FastAccept
1785428271068,true,1785428271114,FastAccept
1785428271086,true,1785428271132,FastAccept
1785428271105,true,1785428271151,FastAccept
1785428271124,true,1785428271169,FastAccept
1785428271143,true,1785428271189,FastAccept
1785428271163,true,1785428271209,FastAccept
1785428271184,true,1785428271230,FastAccept
1785428271204,true,1785428271250,FastAccept
1785428271223,false,1785428271270,FastAccept
1785428271243,false,1785428271289,FastAccept
1785428271263,true,1785428271309,FastAccept
1785428271283,false,1785428271329,FastAccept
1785428271304,false,1785428271350,FastAccept
1785428271325,true,1785428271371,FastAccept
1785428271346,true,1785428271392,FastAccept
1785428271367,false,1785428271413,FastAccept
1785428271388,true,1785428271434,FastAccept
1785428271410,false,1785428271456,FastAccept
1785428271432,true,1785428271478,FastAccept
1785428271455,true,1785428271501,FastAccept
1785428271478,true,1785428271524,FastAccept
1785428271501,true,1785428271547,FastAccept
1785428271524,false,1785428271570,FastAccept
1785428271547,true,1785428271593,FastAccept
1785428271571,false,1785428271617,FastAccept
1785428271596,false,1785428271642,FastAccept
1785428271620,false,1785428271666,FastAccept
1785428271645,false,1785428271691,FastAccept
1785428271670,true,1785428271716,FastAccept
1785428271695,false,1785428271741,FastAccept
1785428271721,true,1785428271767,FastAccept
1785428271746,true,1785428271793,FastAccept
1785428271772,true,1785428271818,FastAccept
1785428271798,true,1785428271844,FastAccept
1785428271825,false,1785428271871,FastAccept
1785428271852,false,1785428271898,FastAccept
1785428271879,true,1785428271925,FastAccept
1785428271907,false,1785428271954,FastAccept
1785428271935,false,1785428271982,FastAccept
1785428271963,false,1785428272009,FastAccept
1785428271991,false,1785428272037,FastAccept
1785428272020,false,1785428272066,FastAccept
1785428272050,true,1785428272096,FastAccept
1785428272081,true,1785428272126,FastAccept
1785428272111,false,1785428272157,FastAccept
1785428272143,false,,
1785428272174,true,,
1785428272206,true,,
1785428272239,true,,
1785428272271,false,,
1785428272304,false,,
1785428272339,false,,
1785428272373,true,,
1785428272408,false,,
1785428272445,true,,
1785428272481,true,,
1785428272518,true,,
1785428272557,true,,
1785428272595,true,1785428272642,LeaderAccept
1785428272634,false,1785428272681,LeaderAccept
1785428272674,false,1785428272721,LeaderAccept
1785428272715,true,1785428272762,LeaderAccept
1785428272758,true,1785428272804,LeaderAccept
1785428272800,true,1785428272847,LeaderAccept
1785428272844,true,1785428272891,LeaderAccept
1785428272888,false,1785428272935,LeaderAccept
1785428272934,false,1785428272981,LeaderAccept
1785428272980,false,1785428273027,LeaderAccept
1785428273027,false,1785428273074,LeaderAccept
1785428273075,false,1785428273122,LeaderAccept
1785428273124,false,1785428273171,LeaderAccept
1785428273174,false,1785428273221,LeaderAccept
1785428273226,false,1785428273274,LeaderAccept
1785428273280,false,1785428273326,LeaderAccept
1785428273334,false,1785428273382,LeaderAccept
1785428273390,true,1785428273437,LeaderAccept
1785428273448,false,1785428273496,LeaderAccept
1785428273508,true,1785428273556,LeaderAccept
1785428273569,false,1785428273616,LeaderAccept
1785428273632,true,1785428273680,LeaderAccept
1785428273697,true,1785428273744,LeaderAccept
1785428273765,false,1785428273812,LeaderAccept
1785428273834,false,1785428273881,LeaderAccept
1785428273907,false,1785428273954,LeaderAccept
1785428273981,false,1785428274028,LeaderAccept
1785428274059,true,1785428274106,LeaderAccept
1785428274138,false,1785428274185,LeaderAccept
1785428274221,true,1785428274268,LeaderAccept
1785428274309,false,1785428274359,LeaderAccept
1785428274400,false,1785428274448,LeaderAccept
1785428274494,false,1785428274541,LeaderAccept
1785428274594,true,1785428274641,LeaderAccept
1785428274698,true,1785428274745,LeaderAccept
1785428274809,true,1785428274856,LeaderAccept
1785428274924,true,1785428274972,LeaderAccept
1785428275047,true,1785428275094,LeaderAccept
1785428275177,true,1785428275224,LeaderAccept
1785428275317,true,1785428275364,LeaderAccept
1785428275466,true,1785428275513,LeaderAccept
1785428275627,true,1785428275675,LeaderAccept
1785428275801,true,1785428275848,LeaderAccept
1785428275991,false,1785428276038,LeaderAccept
1785428276200,true,1785428276247,LeaderAccept
1785428276431,false,1785428276478,LeaderAccept
1785428276691,true,1785428276739,LeaderAccept
1785428276987,false,1785428277035,LeaderAccept
1785428277330,true,1785428277377,LeaderAccept
1785428277737,false,1785428277785,LeaderAccept
1785428278235,false,1785428278281,FastAccept
1785428278874,true,,
1785428279754,false,1785428279800,FastAccept
1785428281117,true,1785428281163,FastAccept
1785428283811,false,1785428283857,FastAccept
1785428294166,true,1785428294214,LeaderAccept
1785428304307,true,1785428304353,FastAccept
1785428304322,false,1785428304368,FastAccept
1785428304338,false,1785428304384,FastAccept
1785428304353,false,1785428304399,FastAccept
1785428304368,true,1785428304414,FastAccept
1785428304384,true,1785428304430,FastAccept
1785428304400,false,1785428304446,FastAccept
1785428304416,false,1785428304462,FastAccept
1785428304431,false,1785428304477,FastAccept
1785428304447,true,1785428304493,FastAccept
1785428304463,true,1785428304509,FastAccept
1785428304479,false,,
1785428304495,true,1785428304542,FastAccept
1785428304511,true,1785428304557,FastAccept
1785428304529,true,1785428304575,FastAccept
1785428304545,false,1785428304591,FastAccept
1785428304563,false,1785428304609,FastAccept
1785428304579,true,1785428304625,FastAccept
1785428304596,false,1785428304650,FastAccept
1785428304613,false,1785428304660,FastAccept
1785428304630,false,1785428304676,FastAccept
1785428304649,false,1785428304695,FastAccept
1785428304667,true,1785428304713,FastAccept
1785428304684,false,1785428304730,FastAccept
1785428304702,true,1785428304748,FastAccept
1785428304720,false,1785428304766,FastAccept
1785428304738,true,1785428304784,FastAccept
1785428304756,false,1785428304802,FastAccept
1785428304775,true,1785428304821,FastAccept
1785428304794,true,1785428304840,FastAccept
1785428304813,false,1785428304859,FastAccept
1785428304832,true,1785428304878,FastAccept
1785428304851,false,1785428304897,FastAccept
1785428304871,false,1785428304916,FastAccept
1785428304890,true,1785428304936,FastAccept
1785428304910,true,,
1785428304930,false,1785428304976,FastAccept
1785428304951,false,1785428304997,FastAccept
1785428304971,false,1785428305017,FastAccept
1785428304991,false,1785428305037,FastAccept
1785428305012,true,1785428305058,FastAccept
1785428305033,true,1785428305079,FastAccept
1785428305055,true,1785428305101,FastAccept
1785428305076,false,1785428305122,FastAccept
1785428305097,false,1785428305143,FastAccept
1785428305119,true,1785428305165,FastAccept
1785428305141,false,1785428305187,FastAccept
1785428305163,true,1785428305209,FastAccept
1785428305186,false,1785428305232,FastAccept
1785428305209,false,1785428305254,FastAccept
1785428305232,true,1785428305278,FastAccept
1785428305256,true,1785428305302,FastAccept
1785428305279,false,1785428305325,FastAccept
1785428305303,false,1785428305349,FastAccept
1785428305327,false,1785428305373,FastAccept
1785428305352,true,1785428305398,FastAccept
1785428305378,false,1785428305423,FastAccept
1785428305403,false,1785428305448,FastAccept
1785428305429,false,1785428305475,FastAccept
1785428305455,true,1785428305501,FastAccept
1785428305480,true,1785428305526,FastAccept
1785428305506,true,1785428305552,FastAccept
1785428305532,true,1785428305578,FastAccept
1785428305559,true,1785428305605,FastAccept
1785428305586,false,1785428305632,FastAccept
1785428305614,false,1785428305660,FastAccept
1785428305642,false,1785428305688,FastAccept
1785428305671,false,1785428305717,FastAccept
1785428305699,false,1785428305746,FastAccept
1785428305728,false,1785428305774,FastAccept
1785428305758,false,1785428305804,FastAccept
1785428305787,true,1785428305834,FastAccept
1785428305817,true,1785428305864,FastAccept
1785428305848,true,1785428305894,FastAccept
1785428305879,false,1785428305925,FastAccept
1785428305910,true,1785428305956,FastAccept
1785428305942,false,1785428305988,FastAccept
1785428305975,true,1785428306022,FastAccept
1785428306008,true,1785428306054,FastAccept
1785428306042,true,1785428306088,FastAccept
1785428306077,false,1785428306131,FastAccept
1785428306111,true,1785428306158,FastAccept
1785428306147,true,1785428306193,FastAccept
1785428306183,false,1785428306229,FastAccept
1785428306219,false,1785428306266,FastAccept
1785428306256,false,1785428306302,FastAccept
1785428306294,false,1785428306340,FastAccept
1785428306332,false,1785428306378,FastAccept
1785428306372,true,1785428306419,FastAccept
1785428306413,true,1785428306459,FastAccept
1785428306454,false,1785428306500,FastAccept
1785428306496,true,1785428306542,FastAccept
1785428306539,true,1785428306586,FastAccept
1785428306584,true,1785428306629,FastAccept
1785428306628,true,1785428306674,FastAccept
1785428306674,false,1785428306720,FastAccept
1785428306720,false,1785428306766,FastAccept
1785428306768,true,1785428306814,FastAccept
1785428306817,false,1785428306864,FastAccept
1785428306867,false,1785428306913,FastAccept
1785428306918,true,1785428306964,FastAccept
1785428306971,false,1785428307017,FastAccept
1785428307024,false,1785428307071,FastAccept
1785428307079,false,1785428307125,FastAccept
1785428307136,false,1785428307183,FastAccept
1785428307195,true,1785428307241,FastAccept
1785428307255,false,1785428307302,FastAccept
1785428307317,false,1785428307371,FastAccept
1785428307381,true,1785428307427,FastAccept
1785428307447,true,1785428307494,FastAccept
1785428307515,true,1785428307562,FastAccept
1785428307585,true,1785428307631,FastAccept
1785428307659,false,1785428307705,FastAccept
1785428307735,false,1785428307781,FastAccept
1785428307813,true,1785428307860,FastAccept
1785428307895,true,1785428307941,FastAccept
1785428307981,false,1785428308027,FastAccept
1785428308069,true,1785428308115,FastAccept
1785428308161,true,1785428308207,FastAccept
1785428308258,true,1785428308304,FastAccept
1785428308360,false,1785428308406,FastAccept
1785428308466,true,1785428308512,FastAccept
1785428308579,true,1785428308625,FastAccept
1785428308698,true,1785428308744,FastAccept
1785428308825,true,1785428308871,FastAccept
1785428308959,true,1785428309006,FastAccept
1785428309103,true,1785428309150,FastAccept
1785428309257,false,1785428309304,FastAccept
1785428309424,false,1785428309470,FastAccept
1785428309606,false,1785428309652,FastAccept
1785428309805,false,1785428309850,FastAccept
1785428310023,false,1785428310069,FastAccept
1785428310267,true,1785428310314,FastAccept
1785428310543,false,1785428310590,FastAccept
1785428310859,true,1785428310906,FastAccept
1785428311229,false,1785428311275,FastAccept
1785428311674,false,1785428311720,FastAccept
1785428312229,true,1785428312276,FastAccept
1785428312962,false,1785428313008,FastAccept
1785428314018,true,1785428314064,FastAccept
1785428315810,false,1785428315858,LeaderAccept
1785428320195,true,1785428320242,FastAccept
1785428321121,false,,
1785428321143,false,,
1785428321166,false,,
1785428321190,false,,
1785428321213,false,1785428321271,SlowAccept
1785428321237,false,,
1785428321261,true,,
1785428321285,true,,
1785428321309,true,,
1785428321335,true,,
1785428321360,false,,
1785428321385,true,1785428321438,LeaderAccept
1785428321412,true,1785428321463,LeaderAccept
1785428321438,true,1785428321489,LeaderAccept
1785428321464,false,1785428321517,LeaderAccept
1785428321491,false,1785428321543,LeaderAccept
1785428321518,true,1785428321569,LeaderAccept
1785428321545,true,1785428321591,LeaderAccept
1785428321574,true,1785428321625,LeaderAccept
1785428321602,false,1785428321654,LeaderAccept
1785428321631,true,1785428321683,LeaderAccept
1785428321660,false,1785428321712,LeaderAccept
1785428321690,false,1785428321742,LeaderAccept
1785428321720,true,,
1785428321750,false,1785428321797,LeaderAccept
1785428321780,true,1785428321832,LeaderAccept
1785428321811,false,1785428321864,LeaderAccept
1785428321843,false,1785428321895,LeaderAccept
1785428321875,true,1785428321926,LeaderAccept
1785428321907,true,1785428321960,LeaderAccept
1785428321941,false,1785428321987,LeaderAccept
1785428321974,true,1785428322021,LeaderAccept
1785428322008,false,1785428322055,LeaderAccept
1785428322043,false,1785428322091,LeaderAccept
1785428322079,true,1785428322126,LeaderAccept
1785428322115,false,1785428322162,LeaderAccept
1785428322153,false,1785428322199,LeaderAccept
1785428322190,false,1785428322237,LeaderAccept
1785428322228,true,1785428322275,LeaderAccept
1785428322268,true,1785428322315,LeaderAccept
1785428322308,true,1785428322355,LeaderAccept
1785428322348,false,1785428322395,LeaderAccept
1785428322389,false,1785428322436,LeaderAccept
1785428322431,false,1785428322479,LeaderAccept
1785428322474,false,1785428322522,LeaderAccept
1785428322518,true,1785428322564,LeaderAccept
1785428322562,false,1785428322609,LeaderAccept
1785428322608,true,1785428322655,LeaderAccept
1785428322654,false,1785428322700,LeaderAccept
1785428322702,false,1785428322750,LeaderAccept
1785428322751,true,1785428322798,LeaderAccept
1785428322801,false,1785428322848,LeaderAccept
1785428322853,false,1785428322901,LeaderAccept
1785428322906,true,1785428322954,LeaderAccept
1785428322960,true,1785428323007,LeaderAccept
1785428323015,false,1785428323062,LeaderAccept
1785428323072,true,1785428323120,LeaderAccept
1785428323131,false,1785428323178,LeaderAccept
1785428323191,false,1785428323238,LeaderAccept
1785428323253,false,1785428323301,LeaderAccept
1785428323317,true,1785428323364,LeaderAccept
1785428323383,true,1785428323430,LeaderAccept
1785428323451,true,1785428323498,LeaderAccept
1785428323522,false,1785428323569,LeaderAccept
1785428323595,false,1785428323643,LeaderAccept
1785428323671,true,1785428323717,LeaderAccept
1785428323749,false,1785428323796,LeaderAccept
1785428323830,true,1785428323877,LeaderAccept
1785428323915,true,1785428323962,LeaderAccept
1785428324003,false,1785428324050,LeaderAccept
1785428324097,false,1785428324143,LeaderAccept
1785428324194,false,1785428324241,LeaderAccept
1785428324296,false,1785428324343,LeaderAccept
1785428324403,true,1785428324451,LeaderAccept
1785428324516,true,1785428324563,LeaderAccept
1785428324637,true,1785428324684,LeaderAccept
1785428324763,false,1785428324810,LeaderAccept
1785428324898,false,1785428324946,LeaderAccept
1785428325043,false,1785428325090,LeaderAccept
1785428325199,true,1785428325246,LeaderAccept
1785428325366,true,1785428325414,LeaderAccept
1785428325548,false,1785428325596,LeaderAccept
1785428325747,true,1785428325794,LeaderAccept
1785428325968,false,1785428326015,LeaderAccept
1785428326213,true,1785428326262,LeaderAccept
1785428326491,false,1785428326539,LeaderAccept
1785428326811,false,1785428326858,LeaderAccept
1785428327186,false,1785428327231,FastAccept
1785428327636,true,1785428327690,FastAccept
1785428328200,true,,
1785428328948,false,1785428328994,FastAccept
1785428329049,true,,
1785428329066,true,1785428329112,FastAccept
1785428329084,false,1785428329130,FastAccept
1785428329103,false,1785428329149,FastAccept
1785428329120,true,1785428329166,FastAccept
1785428329139,true,1785428329185,FastAccept
1785428329157,true,1785428329204,FastAccept
1785428329176,true,1785428329223,FastAccept
1785428329195,true,1785428329241,FastAccept
1785428329213,true,1785428329259,FastAccept
1785428329232,true,1785428329278,FastAccept
1785428329251,true,1785428329316,SlowAccept
1785428329270,false,1785428329316,FastAccept
1785428329290,true,1785428329336,FastAccept
1785428329309,false,1785428329355,FastAccept
1785428329329,true,1785428329375,FastAccept
1785428329349,false,1785428329395,FastAccept
1785428329369,false,1785428329416,FastAccept
1785428329390,false,1785428329436,FastAccept
1785428329412,false,1785428329457,FastAccept
1785428329432,false,1785428329478,FastAccept
1785428329453,false,1785428329500,FastAccept
1785428329475,false,1785428329521,FastAccept
1785428329496,false,1785428329560,SlowAccept
1785428329518,false,1785428329564,FastAccept
1785428329540,true,1785428329593,FastAccept
1785428329562,true,1785428329608,FastAccept
1785428329584,false,1785428329630,FastAccept
1785428329607,true,1785428329653,FastAccept
1785428329630,true,1785428329676,FastAccept
1785428329653,true,1785428329699,FastAccept
1785428329677,false,1785428329723,FastAccept
1785428329700,true,1785428329745,FastAccept
1785428329723,true,1785428329769,FastAccept
1785428329748,true,1785428329793,FastAccept
1785428329772,false,1785428329818,FastAccept
1785428329798,true,,
1785428329822,true,1785428329869,FastAccept
1785428329848,true,1785428329894,FastAccept
1785428329873,true,1785428329919,FastAccept
1785428329898,true,1785428329944,FastAccept
1785428329924,false,1785428329970,FastAccept
1785428329950,true,1785428329996,FastAccept
1785428329977,true,1785428330023,FastAccept
1785428330004,false,1785428330050,FastAccept
1785428330031,true,1785428330077,FastAccept
1785428330059,false,1785428330105,FastAccept
1785428330087,false,1785428330133,FastAccept
1785428330115,true,,
1785428330144,true,1785428330190,FastAccept
1785428330173,false,1785428330219,FastAccept
1785428330203,true,1785428330249,FastAccept
1785428330233,true,1785428330280,FastAccept
1785428330264,true,1785428330311,FastAccept
1785428330295,true,1785428330342,FastAccept
1785428330326,false,1785428330372,FastAccept
1785428330358,false,1785428330404,FastAccept
1785428330390,true,1785428330436,FastAccept
1785428330423,true,1785428330469,FastAccept
1785428330457,true,1785428330503,FastAccept
1785428330492,false,1785428330538,FastAccept
1785428330526,true,1785428330572,FastAccept
1785428330561,false,1785428330607,FastAccept
1785428330597,true,1785428330643,FastAccept
1785428330634,false,1785428330679,FastAccept
1785428330671,true,1785428330717,FastAccept
1785428330710,true,1785428330756,FastAccept
1785428330748,true,1785428330794,FastAccept
1785428330787,true,1785428330833,FastAccept
1785428330827,true,1785428330873,FastAccept
1785428330868,true,1785428330914,FastAccept
1785428330910,false,,
1785428330953,true,1785428330999,FastAccept
1785428330997,true,1785428331042,FastAccept
1785428331042,false,1785428331087,FastAccept
1785428331087,true,1785428331133,FastAccept
1785428331133,true,1785428331179,FastAccept
1785428331180,true,1785428331226,FastAccept
1785428331228,false,1785428331274,FastAccept
1785428331277,false,1785428331323,FastAccept
1785428331328,false,1785428331374,FastAccept
1785428331381,true,1785428331426,FastAccept
1785428331435,false,1785428331481,FastAccept
1785428331489,true,1785428331535,FastAccept
1785428331545,false,1785428331591,FastAccept
1785428331603,false,1785428331649,FastAccept
1785428331662,true,1785428331708,FastAccept
1785428331723,false,1785428331769,FastAccept
1785428331786,false,1785428331833,FastAccept
1785428331851,true,1785428331897,FastAccept
1785428331918,true,1785428331964,FastAccept
1785428331987,false,1785428332033,FastAccept
1785428332059,true,1785428332105,FastAccept
1785428332134,false,1785428332181,FastAccept
1785428332212,false,1785428332258,FastAccept
1785428332292,true,1785428332338,FastAccept
1785428332375,true,1785428332421,FastAccept
1785428332462,false,1785428332508,FastAccept
1785428332554,false,1785428332600,FastAccept
1785428332648,false,,
1785428332749,false,1785428332802,FastAccept
1785428332854,false,,
1785428332964,true,1785428333038,SlowAccept
1785428333081,true,,
1785428333204,false,,
1785428333336,true,1785428333383,LeaderAccept
1785428333476,false,1785428333523,LeaderAccept
1785428333627,true,1785428333674,LeaderAccept
1785428333788,false,1785428333835,LeaderAccept
1785428333963,true,1785428334016,LeaderAccept
1785428334154,false,1785428334202,LeaderAccept
1785428334364,false,1785428334416,LeaderAccept
1785428334597,true,1785428334644,LeaderAccept
1785428334859,false,1785428334906,FastAccept
1785428335158,true,1785428335204,FastAccept
1785428335505,false,1785428335550,FastAccept
1785428335916,true,1785428335962,FastAccept
1785428336421,true,1785428336467,FastAccept
1785428337071,true,1785428337123,LeaderAccept
1785428337971,true,,
1785428339382,false,1785428339434,LeaderAccept
1785428342237,true,1785428342283,FastAccept
1785428354132,false,1785428354179,FastAccept
1785428358745,true,1785428358791,FastAccept
1785428358774,false,1785428358820,FastAccept
1785428358804,false,1785428358850,FastAccept
1785428358835,false,1785428358881,FastAccept
1785428358866,true,1785428358912,FastAccept
1785428358899,true,1785428358945,FastAccept
1785428358932,false,1785428358978,FastAccept
1785428358964,false,1785428359010,FastAccept
1785428358997,false,1785428359043,FastAccept
1785428359031,true,1785428359077,FastAccept
1785428359065,false,1785428359111,FastAccept
1785428359100,true,1785428359147,FastAccept
1785428359137,true,1785428359183,FastAccept
1785428359173,true,1785428359219,FastAccept
1785428359209,false,1785428359256,FastAccept
1785428359246,false,1785428359293,FastAccept
1785428359284,false,1785428359330,FastAccept
1785428359324,false,1785428359370,FastAccept
1785428359363,false,1785428359409,FastAccept
1785428359404,true,1785428359450,FastAccept
1785428359446,true,1785428359492,FastAccept
1785428359487,false,1785428359533,FastAccept
1785428359530,false,1785428359576,FastAccept
1785428359575,true,1785428359621,FastAccept
1785428359619,true,1785428359665,FastAccept
1785428359665,false,1785428359711,FastAccept
1785428359712,true,1785428359758,FastAccept
1785428359759,true,1785428359805,FastAccept
1785428359808,true,1785428359854,FastAccept
1785428359858,false,1785428359904,FastAccept
1785428359909,true,1785428359956,FastAccept
1785428359962,false,1785428360008,FastAccept
1785428360016,true,1785428360062,FastAccept
1785428360072,true,1785428360118,FastAccept
1785428360129,false,1785428360176,FastAccept
1785428360188,false,1785428360234,FastAccept
1785428360249,true,1785428360295,FastAccept
1785428360311,false,1785428360357,FastAccept
1785428360376,true,1785428360422,FastAccept
1785428360442,false,1785428360489,FastAccept
1785428360511,true,1785428360557,FastAccept
1785428360581,false,1785428360627,FastAccept
1785428360654,false,1785428360700,FastAccept
1785428360731,false,1785428360777,FastAccept
1785428360809,true,1785428360856,FastAccept
1785428360891,false,1785428360937,FastAccept
1785428360976,false,1785428361023,FastAccept
1785428361065,true,1785428361111,FastAccept
1785428361159,false,1785428361205,FastAccept
1785428361256,true,1785428361302,FastAccept
1785428361359,true,1785428361406,FastAccept
1785428361466,false,1785428361513,FastAccept
1785428361579,true,1785428361625,FastAccept
1785428361700,false,1785428361746,FastAccept
1785428361827,false,1785428361874,FastAccept
1785428361962,false,1785428362008,FastAccept
1785428362108,true,1785428362154,FastAccept
1785428362264,false,1785428362310,FastAccept
1785428362432,false,1785428362478,FastAccept
1785428362615,false,1785428362662,FastAccept
1785428362816,false,1785428362863,FastAccept
1785428363037,false,1785428363082,FastAccept
1785428363284,false,1785428363330,FastAccept
1785428363564,true,1785428363610,FastAccept
1785428363886,false,1785428363932,FastAccept
1785428364262,false,,
1785428364717,true,1785428364764,LeaderAccept
1785428365288,true,1785428365335,LeaderAccept
1785428366048,false,1785428366095,LeaderAccept
1785428367157,true,1785428367203,FastAccept
1785428369087,false,,
1785428374154,true,,
1785428380838,false,1785428380884,FastAccept
1785428380879,true,,
1785428380921,false,1785428380967,FastAccept
1785428380965,false,1785428381011,FastAccept
1785428381008,false,1785428381054,FastAccept
1785428381053,true,1785428381099,FastAccept
1785428381098,false,1785428381144,FastAccept
1785428381144,true,1785428381190,FastAccept
1785428381191,false,,
1785428381241,false,1785428381287,FastAccept
1785428381290,true,1785428381336,FastAccept
1785428381341,true,1785428381387,FastAccept
1785428381393,false,1785428381439,FastAccept
1785428381448,true,1785428381494,FastAccept
1785428381503,false,1785428381557,FastAccept
1785428381560,false,1785428381607,FastAccept
1785428381620,false,1785428381694,SlowAccept
1785428381680,true,1785428381726,FastAccept
1785428381743,false,1785428381789,FastAccept
1785428381806,false,1785428381852,FastAccept
1785428381873,true,1785428381919,FastAccept
1785428381941,false,1785428381987,FastAccept
1785428382011,true,1785428382057,FastAccept
1785428382084,true,1785428382130,FastAccept
1785428382160,false,1785428382207,FastAccept
1785428382239,false,1785428382285,FastAccept
1785428382320,true,1785428382366,FastAccept
1785428382404,false,,
1785428382494,true,1785428382540,FastAccept
1785428382586,false,1785428382632,FastAccept
1785428382683,false,1785428382729,FastAccept
1785428382785,true,1785428382831,FastAccept
1785428382891,false,1785428382937,FastAccept
1785428383004,true,1785428383049,FastAccept
1785428383123,true,1785428383169,FastAccept
1785428383249,true,1785428383295,FastAccept
1785428383383,false,1785428383429,FastAccept
1785428383527,false,1785428383573,FastAccept
1785428383682,true,1785428383728,FastAccept
1785428383849,false,1785428383895,FastAccept
1785428384029,true,1785428384075,FastAccept
1785428384227,false,1785428384275,FastAccept
1785428384445,true,1785428384492,FastAccept
1785428384688,true,1785428384734,FastAccept
1785428384963,false,1785428385009,FastAccept
1785428385277,true,1785428385323,FastAccept
1785428385645,true,1785428385691,FastAccept
1785428386087,false,1785428386133,FastAccept
1785428386638,false,1785428386684,FastAccept
1785428387363,true,1785428387409,FastAccept
1785428388406,false,1785428388453,LeaderAccept
1785428390161,true,,
1785428394377,false,1785428394424,FastAccept
1785428420285,true,1785428420331,FastAccept
1785428420312,true,1785428420358,FastAccept
1785428420339,false,1785428420385,FastAccept
1785428420365,false,1785428420411,FastAccept
1785428420392,true,1785428420438,FastAccept
1785428420419,true,1785428420466,FastAccept
1785428420447,true,1785428420494,FastAccept
1785428420475,false,1785428420521,FastAccept
1785428420503,false,1785428420549,FastAccept
1785428420532,true,1785428420578,FastAccept
1785428420561,true,1785428420607,FastAccept
1785428420591,true,1785428420638,FastAccept
1785428420622,true,1785428420668,FastAccept
1785428420652,false,1785428420698,FastAccept
1785428420683,true,1785428420729,FastAccept
1785428420716,false,1785428420762,FastAccept
1785428420747,false,1785428420793,FastAccept
1785428420780,true,1785428420826,FastAccept
1785428420813,false,1785428420860,FastAccept
1785428420848,true,1785428420894,FastAccept
1785428420882,false,1785428420928,FastAccept
1785428420917,true,1785428420963,FastAccept
1785428420953,true,1785428420999,FastAccept
1785428420988,true,1785428421035,FastAccept
1785428421026,false,1785428421072,FastAccept
1785428421063,false,1785428421109,FastAccept
1785428421101,false,1785428421147,FastAccept
1785428421140,false,1785428421187,FastAccept
1785428421181,true,1785428421227,FastAccept
1785428421222,true,1785428421268,FastAccept
1785428421262,false,1785428421308,FastAccept
1785428421304,true,1785428421350,FastAccept
1785428421347,true,1785428421394,FastAccept
1785428421392,true,1785428421438,FastAccept
1785428421436,true,1785428421482,FastAccept
1785428421481,false,1785428421527,FastAccept
1785428421527,true,1785428421573,FastAccept
1785428421575,true,1785428421621,FastAccept
1785428421625,true,1785428421671,FastAccept
1785428421674,false,1785428421721,FastAccept
1785428421725,false,1785428421771,FastAccept
1785428421777,true,1785428421824,FastAccept
1785428421831,true,1785428421877,FastAccept
1785428421887,true,1785428421933,FastAccept
1785428421943,false,1785428421989,FastAccept
1785428422001,false,1785428422048,FastAccept
1785428422061,true,1785428422107,FastAccept
1785428422122,true,1785428422169,FastAccept
1785428422186,true,1785428422232,FastAccept
1785428422251,true,1785428422298,FastAccept
1785428422319,false,1785428422365,FastAccept
1785428422389,false,1785428422435,FastAccept
1785428422461,true,1785428422508,FastAccept
1785428422537,true,1785428422583,FastAccept
1785428422615,false,1785428422662,FastAccept
1785428422696,false,1785428422742,FastAccept
1785428422780,false,,
1785428422868,true,,
1785428422960,false,,
1785428423056,true,,
1785428423157,false,1785428423210,LeaderAccept
1785428423263,true,1785428423315,LeaderAccept
1785428423375,true,1785428423427,LeaderAccept
1785428423493,false,1785428423545,LeaderAccept
1785428423618,true,1785428423670,LeaderAccept
1785428423751,false,1785428423798,LeaderAccept
1785428423895,true,1785428423947,LeaderAccept
1785428424048,false,,
1785428424212,false,1785428424264,LeaderAccept
1785428424392,true,1785428424445,LeaderAccept
1785428424587,false,1785428424634,LeaderAccept
1785428424803,false,,
1785428425043,false,1785428425091,LeaderAccept
1785428425314,true,1785428425366,LeaderAccept
1785428425624,false,1785428425671,LeaderAccept
1785428425986,false,1785428426032,FastAccept
1785428426418,true,1785428426485,SlowAccept
1785428426955,false,,
1785428427658,true,1785428427705,LeaderAccept
1785428428654,true,1785428428701,LeaderAccept
1785428430293,true,1785428430340,LeaderAccept
1785428434012,false,1785428434058,FastAccept
1785428457893,false,1785428457940,LeaderAccept
1785428462823,false,1785428462870,FastAccept
1785428462856,true,1785428462902,FastAccept
1785428462888,false,1785428462934,FastAccept
1785428462922,false,1785428462968,FastAccept
1785428462956,true,1785428463002,FastAccept
1785428462990,true,1785428463036,FastAccept
1785428463025,true,1785428463072,FastAccept
1785428463062,false,1785428463108,FastAccept
1785428463098,true,,
1785428463135,false,1785428463181,FastAccept
1785428463172,false,1785428463218,FastAccept
1785428463210,false,1785428463257,FastAccept
1785428463249,false,1785428463295,FastAccept
1785428463289,false,1785428463335,FastAccept
1785428463329,false,1785428463375,FastAccept
1785428463370,true,1785428463417,FastAccept
1785428463412,true,,
1785428463454,false,1785428463499,FastAccept
1785428463497,true,1785428463543,FastAccept
1785428463542,false,1785428463588,FastAccept
1785428463588,false,1785428463633,FastAccept
1785428463635,true,1785428463681,FastAccept
1785428463682,true,1785428463728,FastAccept
1785428463732,true,1785428463778,FastAccept
1785428463782,false,1785428463828,FastAccept
1785428463833,false,1785428463879,FastAccept
1785428463886,true,1785428463932,FastAccept
1785428463940,true,1785428463987,FastAccept
1785428463996,false,1785428464042,FastAccept
1785428464054,false,1785428464100,FastAccept
1785428464112,false,1785428464159,FastAccept
1785428464172,true,1785428464218,FastAccept
1785428464235,false,1785428464281,FastAccept
1785428464300,true,1785428464346,FastAccept
1785428464366,false,1785428464412,FastAccept
1785428464434,false,1785428464481,FastAccept
1785428464504,false,1785428464550,FastAccept
1785428464578,true,1785428464624,FastAccept
1785428464653,true,1785428464699,FastAccept
1785428464732,true,1785428464779,FastAccept
1785428464814,true,1785428464860,FastAccept
1785428464900,false,1785428464946,FastAccept
1785428464988,true,1785428465034,FastAccept
1785428465081,true,1785428465128,FastAccept
1785428465179,false,1785428465225,FastAccept
1785428465281,false,1785428465327,FastAccept
1785428465388,true,1785428465434,FastAccept
1785428465501,false,1785428465547,FastAccept
1785428465622,true,1785428465668,FastAccept
1785428465750,true,1785428465796,FastAccept
1785428465885,true,1785428465931,FastAccept
1785428466030,false,1785428466076,FastAccept
1785428466185,true,1785428466231,FastAccept
1785428466353,true,1785428466399,FastAccept
1785428466536,false,1785428466582,FastAccept
1785428466737,false,1785428466783,FastAccept
1785428466957,false,1785428467004,FastAccept
1785428467204,false,1785428467250,FastAccept
1785428467483,true,1785428467530,FastAccept
1785428467805,true,1785428467851,FastAccept
1785428468182,true,1785428468228,FastAccept
1785428468636,true,1785428468682,FastAccept
1785428469205,false,1785428469251,FastAccept
1785428469961,false,1785428470008,FastAccept
1785428471064,true,1785428471111,FastAccept
1785428472978,true,1785428473025,FastAccept
1785428477961,false,1785428478007,FastAccept
1785428506522,true,1785428506569,LeaderAccept
1785428506542,true,1785428506589,LeaderAccept
1785428506561,true,1785428506608,LeaderAccept
1785428506581,true,1785428506628,LeaderAccept
1785428506600,true,1785428506647,LeaderAccept
1785428506620,false,1785428506667,LeaderAccept
1785428506640,false,,
1785428506660,true,1785428506717,LeaderAccept
1785428506682,false,1785428506728,LeaderAccept
1785428506702,false,1785428506754,LeaderAccept
1785428506723,true,1785428506770,LeaderAccept
1785428506745,true,1785428506791,LeaderAccept
1785428506766,false,1785428506813,LeaderAccept
1785428506788,true,,
1785428506810,false,1785428506856,LeaderAccept
1785428506831,false,1785428506879,LeaderAccept
1785428506854,false,1785428506906,LeaderAccept
1785428506877,false,1785428506924,LeaderAccept
1785428506899,true,1785428506945,LeaderAccept
1785428506921,true,1785428506968,LeaderAccept
1785428506944,false,1785428506991,LeaderAccept
1785428506968,false,1785428507015,LeaderAccept
1785428506991,false,1785428507038,LeaderAccept
1785428507015,false,1785428507061,LeaderAccept
1785428507039,false,1785428507086,LeaderAccept
1785428507063,false,1785428507111,LeaderAccept
1785428507088,true,1785428507140,LeaderAccept
1785428507113,false,1785428507161,LeaderAccept
1785428507138,true,1785428507186,LeaderAccept
1785428507165,true,1785428507211,LeaderAccept
1785428507190,true,1785428507237,LeaderAccept
1785428507216,true,1785428507264,LeaderAccept
1785428507243,false,1785428507290,LeaderAccept
1785428507269,true,1785428507315,LeaderAccept
1785428507296,false,1785428507343,LeaderAccept
1785428507324,true,1785428507370,LeaderAccept
1785428507351,true,1785428507398,LeaderAccept
1785428507380,false,1785428507427,LeaderAccept
1785428507408,false,1785428507455,LeaderAccept
1785428507436,false,1785428507483,LeaderAccept
1785428507465,true,1785428507512,LeaderAccept
1785428507495,true,1785428507542,LeaderAccept
1785428507525,false,1785428507572,LeaderAccept
1785428507556,true,1785428507604,LeaderAccept
1785428507587,true,1785428507634,LeaderAccept
1785428507618,true,1785428507666,LeaderAccept
1785428507650,false,1785428507697,LeaderAccept
1785428507682,false,1785428507729,LeaderAccept
1785428507715,false,1785428507763,LeaderAccept
1785428507748,true,1785428507796,LeaderAccept
1785428507783,true,1785428507830,LeaderAccept
1785428507817,true,1785428507864,LeaderAccept
1785428507852,true,1785428507899,LeaderAccept
1785428507888,true,1785428507935,LeaderAccept
1785428507924,true,1785428507971,LeaderAccept
1785428507961,true,1785428508009,LeaderAccept
1785428508000,false,1785428508047,LeaderAccept
1785428508038,false,1785428508085,LeaderAccept
1785428508077,false,1785428508124,LeaderAccept
1785428508117,true,1785428508164,LeaderAccept
1785428508158,false,1785428508205,LeaderAccept
1785428508199,true,1785428508246,LeaderAccept
1785428508241,true,1785428508288,LeaderAccept
1785428508284,false,1785428508331,LeaderAccept
1785428508329,false,1785428508376,LeaderAccept
1785428508374,false,1785428508421,LeaderAccept
1785428508420,false,1785428508467,LeaderAccept
1785428508467,true,1785428508513,LeaderAccept
1785428508516,true,1785428508563,LeaderAccept
1785428508566,false,1785428508613,LeaderAccept
1785428508617,false,1785428508664,LeaderAccept
1785428508669,false,1785428508717,LeaderAccept
1785428508723,true,1785428508770,LeaderAccept
1785428508778,true,1785428508826,LeaderAccept
1785428508836,false,1785428508883,LeaderAccept
1785428508893,true,1785428508941,LeaderAccept
1785428508953,false,1785428509000,LeaderAccept
1785428509015,false,1785428509061,LeaderAccept
1785428509079,false,1785428509126,LeaderAccept
1785428509145,false,1785428509192,LeaderAccept
1785428509212,true,1785428509260,LeaderAccept
1785428509282,true,1785428509330,LeaderAccept
1785428509354,true,1785428509402,LeaderAccept
1785428509429,true,1785428509477,LeaderAccept
1785428509506,true,1785428509552,FastAccept
1785428509586,false,1785428509632,FastAccept
1785428509671,false,1785428509717,FastAccept
1785428509758,false,1785428509804,FastAccept
1785428509850,false,1785428509896,FastAccept
1785428509945,false,1785428509991,FastAccept
1785428510045,true,1785428510092,FastAccept
1785428510150,false,1785428510196,FastAccept
1785428510260,false,,
1785428510377,false,1785428510423,FastAccept
1785428510501,true,1785428510547,FastAccept
1785428510633,true,1785428510679,FastAccept
1785428510774,true,1785428510820,FastAccept
1785428510924,false,1785428510971,FastAccept
1785428511086,false,1785428511132,FastAccept
1785428511263,true,1785428511309,FastAccept
1785428511454,false,1785428511500,FastAccept
1785428511665,false,1785428511711,FastAccept
1785428511900,true,1785428511946,FastAccept
1785428512163,false,1785428512209,FastAccept
1785428512464,false,1785428512510,FastAccept
1785428512813,true,1785428512859,FastAccept
1785428513229,true,1785428513275,FastAccept
1785428513740,false,1785428513786,FastAccept
1785428514401,false,1785428514447,FastAccept
1785428515320,true,1785428515366,FastAccept
1785428516772,false,1785428516818,FastAccept
1785428519771,true,1785428519817,FastAccept
1785428520471,false,1785428520517,FastAccept
1785428520503,false,1785428520549,FastAccept
1785428520534,true,1785428520581,FastAccept
1785428520566,true,,
1785428520598,false,1785428520644,FastAccept
1785428520632,true,1785428520678,FastAccept
1785428520666,true,,
1785428520699,false,1785428520745,FastAccept
1785428520733,true,1785428520779,FastAccept
1785428520768,false,,
1785428520804,false,1785428520850,FastAccept
1785428520840,false,1785428520886,FastAccept
1785428520877,false,,
1785428520914,true,1785428520961,FastAccept
1785428520952,true,1785428520998,FastAccept
1785428520990,false,,
1785428521029,false,1785428521075,FastAccept
1785428521070,false,1785428521116,FastAccept
1785428521111,false,1785428521156,FastAccept
1785428521152,true,1785428521198,FastAccept
1785428521194,true,1785428521240,FastAccept
1785428521237,false,1785428521283,FastAccept
1785428521281,true,1785428521328,FastAccept
1785428521327,true,1785428521373,FastAccept
1785428521373,false,1785428521418,FastAccept
1785428521420,true,1785428521467,FastAccept
1785428521469,false,1785428521515,FastAccept
1785428521518,false,1785428521564,FastAccept
1785428521569,false,,
1785428521622,true,1785428521668,FastAccept
1785428521675,false,1785428521721,FastAccept
1785428521731,true,,
1785428521787,false,1785428521833,FastAccept
1785428521845,false,1785428521892,FastAccept
1785428521905,true,,
1785428521966,true,1785428522013,FastAccept
1785428522030,true,1785428522076,FastAccept
1785428522095,false,1785428522170,SlowAccept
1785428522163,true,1785428522208,FastAccept
1785428522233,true,1785428522279,FastAccept
1785428522306,true,1785428522352,FastAccept
1785428522380,false,1785428522427,FastAccept
1785428522458,false,1785428522504,FastAccept
1785428522538,false,1785428522584,FastAccept
1785428522623,true,1785428522669,FastAccept
1785428522710,false,1785428522756,FastAccept
1785428522801,true,1785428522847,FastAccept
1785428522897,true,1785428522943,FastAccept
1785428522997,false,1785428523045,FastAccept
1785428523103,false,1785428523150,FastAccept
1785428523214,false,1785428523260,FastAccept
1785428523331,false,1785428523378,FastAccept
1785428523455,true,1785428523501,FastAccept
1785428523588,true,1785428523634,FastAccept
1785428523728,true,1785428523775,FastAccept
1785428523879,false,1785428523926,FastAccept
1785428524042,false,1785428524088,FastAccept
1785428524064,true,1785428524110,FastAccept
1785428524086,true,1785428524132,FastAccept
1785428524108,false,1785428524154,FastAccept
1785428524130,false,1785428524176,FastAccept
1785428524151,true,1785428524197,FastAccept
1785428524173,true,1785428524219,FastAccept
1785428524195,false,1785428524241,FastAccept
1785428524218,false,1785428524264,FastAccept
1785428524241,true,1785428524287,FastAccept
1785428524264,false,1785428524310,FastAccept
1785428524287,false,1785428524332,FastAccept
1785428524310,false,1785428524356,FastAccept
1785428524335,true,1785428524380,FastAccept
1785428524359,false,1785428524405,FastAccept
1785428524384,false,1785428524431,FastAccept
1785428524410,true,1785428524456,FastAccept
1785428524435,true,1785428524481,FastAccept
1785428524460,true,1785428524506,FastAccept
1785428524485,true,1785428524532,FastAccept
1785428524511,true,1785428524557,FastAccept
1785428524537,false,,
1785428524564,true,1785428524610,FastAccept
1785428524590,false,1785428524636,FastAccept
1785428524617,false,1785428524663,FastAccept
1785428524644,true,1785428524690,FastAccept
1785428524672,false,1785428524718,FastAccept
1785428524701,false,1785428524748,FastAccept
1785428524731,false,1785428524777,FastAccept
1785428524761,false,1785428524807,FastAccept
1785428524790,false,1785428524836,FastAccept
1785428524820,false,1785428524866,FastAccept
1785428524850,true,1785428524897,FastAccept
1785428524881,true,1785428524928,FastAccept
1785428524913,true,1785428524959,FastAccept
1785428524945,false,1785428524991,FastAccept
1785428524978,true,1785428525024,FastAccept
1785428525010,false,1785428525056,FastAccept
1785428525043,true,1785428525089,FastAccept
1785428525077,false,1785428525124,FastAccept
1785428525112,false,1785428525158,FastAccept
1785428525147,true,1785428525193,FastAccept
1785428525183,true,1785428525229,FastAccept
1785428525220,true,1785428525266,FastAccept
1785428525258,false,1785428525304,FastAccept
1785428525295,false,,
1785428525333,false,1785428525380,FastAccept
1785428525373,false,1785428525419,FastAccept
1785428525412,true,1785428525458,FastAccept
1785428525452,false,1785428525498,FastAccept
1785428525493,true,1785428525539,FastAccept
1785428525535,true,1785428525581,FastAccept
1785428525578,false,1785428525624,FastAccept
1785428525622,false,1785428525668,FastAccept
1785428525667,false,1785428525713,FastAccept
1785428525713,true,1785428525759,FastAccept
1785428525760,false,1785428525806,FastAccept
1785428525808,false,1785428525854,FastAccept
1785428525857,true,1785428525904,FastAccept
1785428525908,false,1785428525954,FastAccept
1785428525959,true,1785428526005,FastAccept
1785428526012,true,1785428526058,FastAccept
1785428526066,true,1785428526112,FastAccept
1785428526123,false,1785428526169,FastAccept
1785428526180,true,1785428526226,FastAccept
1785428526240,false,1785428526285,FastAccept
1785428526301,true,1785428526346,FastAccept
1785428526364,false,,
1785428526428,true,1785428526474,FastAccept
1785428526495,false,1785428526541,FastAccept
1785428526564,false,1785428526610,FastAccept
1785428526636,true,1785428526682,FastAccept
1785428526710,false,1785428526757,FastAccept
1785428526787,true,1785428526833,FastAccept
1785428526867,false,1785428526913,FastAccept
1785428526950,false,1785428526996,FastAccept
1785428527036,true,1785428527082,FastAccept
1785428527126,true,1785428527172,FastAccept
1785428527220,true,1785428527266,FastAccept
1785428527320,true,1785428527366,FastAccept
1785428527423,true,1785428527470,FastAccept
1785428527532,true,1785428527578,FastAccept
1785428527647,false,1785428527693,FastAccept
1785428527770,false,1785428527816,FastAccept
1785428527899,false,1785428527946,FastAccept
1785428528037,false,1785428528083,FastAccept
1785428528186,true,,
1785428528345,true,1785428528391,FastAccept
1785428528517,false,1785428528563,FastAccept
1785428528705,true,1785428528751,FastAccept
1785428528910,true,1785428528957,FastAccept
1785428529138,false,1785428529184,FastAccept
1785428529394,true,1785428529440,FastAccept
1785428529685,true,1785428529731,FastAccept
1785428530021,false,1785428530067,FastAccept
1785428530417,true,,
1785428530901,true,1785428530953,LeaderAccept
1785428531516,false,1785428531569,LeaderAccept
1785428532354,false,1785428532406,LeaderAccept
1785428533624,false,1785428533677,FastAccept
1785428536021,false,1785428536068,LeaderAccept
1785428543965,false,1785428544012,FastAccept
1785428562967,false,,
1785428563002,false,,
1785428563036,true,,
1785428563071,false,,
1785428563107,false,1785428563164,SlowAccept
1785428563143,false,,
1785428563180,false,,
1785428563218,true,,
1785428563257,true,1785428563316,SlowAccept
1785428563296,false,,
1785428563336,true,1785428563398,SlowAccept
1785428563378,true,,
1785428563419,true,,
1785428563461,false,,
1785428563505,true,1785428563567,SlowAccept
1785428563549,false,,
1785428563594,false,1785428563646,LeaderAccept
1785428563641,true,1785428563687,LeaderAccept
1785428563689,true,1785428563740,LeaderAccept
1785428563737,false,1785428563784,LeaderAccept
1785428563786,false,1785428563839,LeaderAccept
1785428563837,false,1785428563884,LeaderAccept
1785428563890,true,1785428563942,LeaderAccept
1785428563943,false,1785428563990,LeaderAccept
1785428563997,true,1785428564044,LeaderAccept
1785428564054,false,1785428564101,LeaderAccept
1785428564111,false,1785428564158,LeaderAccept
1785428564170,false,1785428564218,LeaderAccept
1785428564231,true,1785428564278,LeaderAccept
1785428564294,true,1785428564342,LeaderAccept
1785428564359,false,1785428564406,LeaderAccept
1785428564426,true,1785428564473,LeaderAccept
1785428564495,true,1785428564543,LeaderAccept
1785428564567,false,1785428564614,LeaderAccept
1785428564641,true,1785428564688,LeaderAccept
1785428564718,false,1785428564765,LeaderAccept
1785428564799,true,1785428564846,LeaderAccept
1785428564882,true,1785428564929,LeaderAccept
1785428564969,true,1785428565016,LeaderAccept
1785428565059,false,,
1785428565154,false,1785428565201,LeaderAccept
1785428565253,true,,
1785428565357,false,1785428565405,LeaderAccept
1785428565467,true,,
1785428565583,false,1785428565631,LeaderAccept
1785428565706,false,,
1785428565837,false,1785428565884,LeaderAccept
1785428565976,false,1785428566037,SlowAccept
1785428566125,false,1785428566171,FastAccept
1785428566286,false,1785428566350,SlowAccept
1785428566461,false,1785428566507,FastAccept
1785428566652,false,1785428566698,FastAccept
1785428566861,true,1785428566907,FastAccept
1785428567093,false,1785428567140,FastAccept
1785428567354,false,1785428567400,FastAccept
1785428567650,false,1785428567696,FastAccept
1785428567994,true,1785428568040,FastAccept
1785428568402,false,1785428568448,FastAccept
1785428568903,true,1785428568949,FastAccept
1785428569546,false,1785428569592,FastAccept
1785428570431,true,,
1785428571810,false,,
1785428574553,true,,
1785428585363,false,1785428585415,LeaderAccept
1785428606893,false,1785428606940,FastAccept
1785428606925,true,1785428606971,FastAccept
1785428606956,false,1785428607003,FastAccept
1785428606988,false,1785428607034,FastAccept
1785428607020,true,1785428607066,FastAccept
1785428607053,false,,
1785428607087,true,1785428607133,FastAccept
1785428607120,false,1785428607166,FastAccept
1785428607154,true,1785428607200,FastAccept
1785428607189,false,1785428607235,FastAccept
1785428607224,true,1785428607270,FastAccept
1785428607260,false,1785428607306,FastAccept
1785428607298,false,1785428607344,FastAccept
1785428607335,true,1785428607381,FastAccept
1785428607373,true,1785428607419,FastAccept
1785428607412,false,1785428607458,FastAccept
1785428607451,true,1785428607497,FastAccept
1785428607491,false,1785428607537,FastAccept
1785428607532,true,1785428607578,FastAccept
1785428607573,true,1785428607619,FastAccept
1785428607615,true,1785428607661,FastAccept
1785428607658,false,1785428607704,FastAccept
1785428607703,false,,
1785428607750,true,1785428607796,FastAccept
1785428607796,false,1785428607842,FastAccept
1785428607843,false,1785428607889,FastAccept
1785428607891,false,1785428607938,FastAccept
1785428607941,true,1785428607987,FastAccept
1785428607992,false,1785428608038,FastAccept
1785428608044,false,1785428608090,FastAccept
1785428608097,true,1785428608144,FastAccept
1785428608153,true,1785428608199,FastAccept
1785428608209,true,1785428608255,FastAccept
1785428608267,false,1785428608313,FastAccept
1785428608328,false,1785428608374,FastAccept
1785428608389,true,1785428608435,FastAccept
1785428608452,false,1785428608498,FastAccept
1785428608518,true,1785428608565,FastAccept
1785428608586,false,1785428608633,FastAccept
1785428608656,false,1785428608702,FastAccept
1785428608728,true,1785428608775,FastAccept
1785428608803,true,1785428608849,FastAccept
1785428608881,true,1785428608928,FastAccept
1785428608962,true,1785428609008,FastAccept
1785428609046,true,1785428609092,FastAccept
1785428609134,false,1785428609181,FastAccept
1785428609226,true,1785428609272,FastAccept
1785428609322,false,1785428609369,FastAccept
1785428609423,false,1785428609469,FastAccept
1785428609529,false,1785428609575,FastAccept
1785428609640,true,1785428609687,FastAccept
1785428609758,true,1785428609804,FastAccept
1785428609883,false,1785428609929,FastAccept
1785428610015,false,1785428610089,SlowAccept
1785428610157,true,1785428610203,FastAccept
1785428610310,false,1785428610356,FastAccept
1785428610473,true,1785428610519,FastAccept
1785428610652,true,1785428610698,FastAccept
1785428610846,false,1785428610892,FastAccept
1785428611061,true,1785428611106,FastAccept
1785428611299,false,1785428611345,FastAccept
1785428611567,true,1785428611614,FastAccept
1785428611874,false,1785428611920,FastAccept
1785428612231,true,1785428612277,FastAccept
1785428612657,true,1785428612703,FastAccept
1785428613186,false,1785428613231,FastAccept
1785428613873,false,1785428613920,FastAccept
1785428614842,true,1785428614888,FastAccept
1785428616414,true,1785428616466,LeaderAccept
1785428619861,false,1785428619913,LeaderAccept
1785428624076,false,1785428624122,FastAccept
1785428624093,false,1785428624139,FastAccept
1785428624108,true,1785428624154,FastAccept
1785428624125,true,1785428624171,FastAccept
1785428624140,false,1785428624186,FastAccept
1785428624156,true,1785428624202,FastAccept
1785428624172,false,1785428624218,FastAccept
1785428624188,true,1785428624234,FastAccept
1785428624204,false,1785428624250,FastAccept
1785428624221,false,1785428624267,FastAccept
1785428624239,true,1785428624285,FastAccept
1785428624255,true,1785428624301,FastAccept
1785428624272,false,1785428624318,FastAccept
1785428624289,false,1785428624335,FastAccept
1785428624306,true,1785428624352,FastAccept
1785428624323,false,1785428624369,FastAccept
1785428624341,true,1785428624387,FastAccept
1785428624359,false,1785428624405,FastAccept
1785428624377,false,1785428624423,FastAccept
1785428624396,false,1785428624442,FastAccept
1785428624413,false,1785428624459,FastAccept
1785428624431,false,1785428624477,FastAccept
1785428624449,false,1785428624495,FastAccept
1785428624467,false,1785428624513,FastAccept
1785428624485,true,1785428624531,FastAccept
1785428624504,true,1785428624551,FastAccept
1785428624523,true,1785428624569,FastAccept
1785428624543,true,1785428624588,FastAccept
1785428624562,false,1785428624635,SlowAccept
1785428624581,true,1785428624635,FastAccept
1785428624602,false,1785428624647,FastAccept
1785428624621,false,1785428624667,FastAccept
1785428624641,true,1785428624687,FastAccept
1785428624662,true,,
1785428624683,true,1785428624728,FastAccept
1785428624704,false,1785428624750,FastAccept
1785428624724,false,1785428624770,FastAccept
1785428624745,false,1785428624791,FastAccept
1785428624766,true,1785428624812,FastAccept
1785428624788,false,1785428624833,FastAccept
1785428624809,false,1785428624855,FastAccept
1785428624831,false,1785428624877,FastAccept
1785428624853,true,1785428624899,FastAccept
1785428624876,false,,
1785428624898,false,1785428624944,FastAccept
1785428624921,true,1785428624967,FastAccept
1785428624944,false,1785428624990,FastAccept
1785428624967,true,1785428625013,FastAccept
1785428624990,true,1785428625036,FastAccept
1785428625014,true,1785428625059,FastAccept
1785428625037,true,1785428625082,FastAccept
1785428625062,false,,
1785428625086,false,1785428625132,FastAccept
1785428625112,true,,
1785428625136,true,1785428625183,FastAccept
1785428625163,false,1785428625208,FastAccept
1785428625188,true,1785428625234,FastAccept
1785428625215,false,1785428625261,FastAccept
1785428625241,false,1785428625287,FastAccept
1785428625267,true,1785428625313,FastAccept
1785428625294,true,1785428625341,FastAccept
1785428625322,false,1785428625368,FastAccept
1785428625350,false,1785428625396,FastAccept
1785428625378,false,,
1785428625407,false,1785428625453,FastAccept
1785428625436,false,1785428625482,FastAccept
1785428625465,false,1785428625511,FastAccept
1785428625496,false,1785428625542,FastAccept
1785428625526,true,1785428625572,FastAccept
1785428625557,false,1785428625603,FastAccept
1785428625589,true,1785428625635,FastAccept
1785428625620,true,1785428625666,FastAccept
1785428625652,false,1785428625698,FastAccept
1785428625684,true,,
1785428625717,true,1785428625763,FastAccept
1785428625750,true,1785428625797,FastAccept
1785428625784,true,1785428625830,FastAccept
1785428625819,false,1785428625865,FastAccept
1785428625855,false,1785428625901,FastAccept
1785428625891,false,1785428625944,FastAccept
1785428625927,true,1785428625974,FastAccept
1785428625964,true,1785428626010,FastAccept
1785428626002,true,1785428626048,FastAccept
1785428626040,false,,
1785428626079,true,1785428626125,FastAccept
1785428626119,false,1785428626165,FastAccept
1785428626161,true,1785428626207,FastAccept
1785428626203,true,1785428626248,FastAccept
1785428626245,false,1785428626291,FastAccept
1785428626289,true,1785428626334,FastAccept
1785428626334,false,1785428626379,FastAccept
1785428626379,false,1785428626425,FastAccept
1785428626425,false,1785428626471,FastAccept
1785428626472,false,,
1785428626520,false,1785428626567,FastAccept
1785428626570,false,1785428626616,FastAccept
1785428626620,false,1785428626666,FastAccept
1785428626672,false,1785428626719,FastAccept
1785428626726,true,1785428626772,FastAccept
1785428626781,true,1785428626827,FastAccept
1785428626837,true,1785428626883,FastAccept
1785428626895,true,1785428626941,FastAccept
1785428626956,false,1785428627002,FastAccept
1785428627017,false,,
1785428627080,true,1785428627126,FastAccept
1785428627145,true,1785428627191,FastAccept
1785428627212,false,1785428627258,FastAccept
1785428627283,true,1785428627329,FastAccept
1785428627355,false,1785428627401,FastAccept
1785428627430,true,1785428627476,FastAccept
1785428627507,false,1785428627553,FastAccept
1785428627589,true,1785428627635,FastAccept
1785428627672,true,1785428627718,FastAccept
1785428627759,false,1785428627805,FastAccept
1785428627850,false,1785428627896,FastAccept
1785428627945,true,1785428627991,FastAccept
1785428628045,false,1785428628091,FastAccept
1785428628151,false,1785428628197,FastAccept
1785428628261,true,1785428628307,FastAccept
1785428628379,true,1785428628425,FastAccept
1785428628502,false,,
1785428628634,true,1785428628680,FastAccept
1785428628774,false,1785428628820,FastAccept
1785428628925,false,1785428628971,FastAccept
1785428629087,false,1785428629133,FastAccept
1785428629262,false,,
1785428629323,false,,
1785428629340,true,,
1785428629358,false,,
1785428629376,true,,
1785428629393,false,,
1785428629411,true,,
1785428629430,false,,
1785428629448,true,,
1785428629466,true,,
1785428629484,true,,
1785428629503,true,,
1785428629522,true,,
1785428629541,true,1785428629588,LeaderAccept
1785428629561,true,1785428629608,LeaderAccept
1785428629580,true,1785428629627,LeaderAccept
1785428629599,false,1785428629646,LeaderAccept
1785428629619,true,1785428629665,LeaderAccept
1785428629639,true,1785428629685,LeaderAccept
1785428629659,true,1785428629705,LeaderAccept
1785428629679,false,1785428629726,LeaderAccept
1785428629700,false,1785428629747,LeaderAccept
1785428629722,true,1785428629768,LeaderAccept
1785428629742,true,1785428629789,LeaderAccept
1785428629763,true,1785428629811,LeaderAccept
1785428629785,true,1785428629831,LeaderAccept
1785428629807,false,1785428629853,LeaderAccept
1785428629828,false,1785428629874,LeaderAccept
1785428629851,true,1785428629897,LeaderAccept
1785428629873,false,1785428629920,LeaderAccept
1785428629895,false,1785428629942,LeaderAccept
1785428629918,false,1785428629965,LeaderAccept
1785428629941,true,1785428629988,LeaderAccept
1785428629964,false,1785428630011,LeaderAccept
1785428629988,true,1785428630035,LeaderAccept
1785428630012,true,1785428630059,LeaderAccept
1785428630036,true,1785428630082,LeaderAccept
1785428630060,true,1785428630107,LeaderAccept
1785428630085,true,1785428630132,LeaderAccept
1785428630110,true,1785428630157,LeaderAccept
1785428630135,true,1785428630182,LeaderAccept
1785428630162,true,1785428630208,LeaderAccept
1785428630187,false,1785428630234,LeaderAccept
1785428630214,true,1785428630260,LeaderAccept
1785428630240,false,1785428630287,LeaderAccept
1785428630267,false,1785428630314,LeaderAccept
1785428630294,true,1785428630340,LeaderAccept
1785428630321,true,1785428630368,LeaderAccept
1785428630350,true,1785428630397,LeaderAccept
1785428630378,false,1785428630425,LeaderAccept
1785428630407,true,1785428630454,LeaderAccept
1785428630436,false,1785428630483,LeaderAccept
1785428630466,true,1785428630513,LeaderAccept
1785428630496,true,1785428630543,LeaderAccept
1785428630527,false,1785428630573,LeaderAccept
1785428630558,true,1785428630605,LeaderAccept
1785428630590,true,1785428630636,LeaderAccept
1785428630622,true,1785428630668,LeaderAccept
1785428630654,false,1785428630702,LeaderAccept
1785428630688,false,1785428630735,LeaderAccept
1785428630721,false,1785428630768,LeaderAccept
1785428630755,false,1785428630802,LeaderAccept
1785428630789,true,1785428630836,LeaderAccept
1785428630824,false,1785428630871,LeaderAccept
1785428630859,false,1785428630907,LeaderAccept
1785428630896,true,1785428630943,LeaderAccept
1785428630932,false,1785428630979,LeaderAccept
1785428630969,false,1785428631016,LeaderAccept
1785428631007,true,1785428631055,LeaderAccept
1785428631046,true,1785428631093,LeaderAccept
1785428631085,false,1785428631132,LeaderAccept
1785428631125,true,1785428631172,LeaderAccept
1785428631166,false,1785428631214,LeaderAccept
1785428631208,true,1785428631255,LeaderAccept
1785428631251,true,1785428631298,LeaderAccept
1785428631294,false,1785428631341,LeaderAccept
1785428631340,true,1785428631387,LeaderAccept
1785428631385,false,1785428631432,LeaderAccept
1785428631431,true,1785428631478,LeaderAccept
1785428631478,true,1785428631525,LeaderAccept
1785428631526,false,1785428631573,LeaderAccept
1785428631576,false,1785428631624,LeaderAccept
1785428631627,false,1785428631674,LeaderAccept
1785428631680,true,1785428631726,LeaderAccept
1785428631733,false,1785428631781,LeaderAccept
1785428631789,true,1785428631837,LeaderAccept
1785428631846,false,1785428631893,LeaderAccept
1785428631904,false,1785428631951,LeaderAccept
1785428631965,false,1785428632012,LeaderAccept
1785428632026,true,1785428632073,LeaderAccept
1785428632090,false,1785428632137,LeaderAccept
1785428632156,true,1785428632203,LeaderAccept
1785428632224,false,1785428632272,LeaderAccept
1785428632295,true,1785428632342,LeaderAccept
1785428632368,true,1785428632416,LeaderAccept
1785428632444,true,1785428632491,LeaderAccept
1785428632523,false,1785428632569,LeaderAccept
1785428632604,false,1785428632651,LeaderAccept
1785428632689,false,1785428632735,LeaderAccept
1785428632777,false,1785428632824,LeaderAccept
1785428632869,false,1785428632917,LeaderAccept
1785428632965,false,1785428633013,LeaderAccept
1785428633066,false,1785428633113,LeaderAccept
1785428633172,true,1785428633219,LeaderAccept
1785428633285,false,1785428633332,LeaderAccept
1785428633404,true,1785428633477,SlowAccept
1785428633530,true,,
1785428633663,false,1785428633716,FastAccept
1785428633806,true,,
1785428633960,false,,
1785428634126,true,1785428634174,LeaderAccept
1785428634306,true,,
1785428634504,false,1785428634551,LeaderAccept
1785428634722,false,1785428634769,LeaderAccept
1785428634964,true,1785428635011,LeaderAccept
1785428635238,false,1785428635285,LeaderAccept
1785428635551,true,1785428635597,FastAccept
1785428635917,false,1785428635963,FastAccept
1785428636356,false,1785428636402,FastAccept
1785428636904,true,1785428636950,FastAccept
1785428637624,false,1785428637670,FastAccept
1785428638654,true,1785428638700,FastAccept
1785428640378,false,1785428640424,FastAccept
1785428644458,false,1785428644504,FastAccept
1785428658546,false,1785428658592,FastAccept
1785428658562,true,1785428658608,FastAccept
1785428658578,false,1785428658624,FastAccept
1785428658595,true,1785428658641,FastAccept
1785428658612,false,1785428658658,FastAccept
1785428658629,false,1785428658676,FastAccept
1785428658646,false,1785428658692,FastAccept
1785428658663,false,1785428658709,FastAccept
1785428658681,true,1785428658727,FastAccept
1785428658698,false,1785428658744,FastAccept
1785428658716,false,1785428658762,FastAccept
1785428658735,false,1785428658780,FastAccept
1785428658754,false,1785428658800,FastAccept
1785428658772,true,1785428658818,FastAccept
1785428658791,false,1785428658837,FastAccept
1785428658809,true,1785428658854,FastAccept
1785428658828,false,1785428658874,FastAccept
1785428658846,true,1785428658892,FastAccept
1785428658866,false,1785428658911,FastAccept
1785428658885,false,1785428658931,FastAccept
1785428658904,true,1785428658950,FastAccept
1785428658924,false,1785428658970,FastAccept
1785428658943,false,1785428658989,FastAccept
1785428658964,false,1785428659009,FastAccept
1785428658983,true,1785428659029,FastAccept
1785428659004,false,1785428659050,FastAccept
1785428659025,false,1785428659071,FastAccept
1785428659046,true,1785428659091,FastAccept
1785428659067,false,1785428659113,FastAccept
1785428659088,true,1785428659134,FastAccept
1785428659110,true,1785428659155,FastAccept
1785428659132,false,1785428659177,FastAccept
1785428659153,true,1785428659199,FastAccept
1785428659176,true,1785428659222,FastAccept
1785428659198,false,1785428659244,FastAccept
1785428659221,false,1785428659267,FastAccept
1785428659243,true,1785428659289,FastAccept
1785428659266,true,1785428659312,FastAccept
1785428659289,false,1785428659334,FastAccept
1785428659312,true,1785428659357,FastAccept
1785428659336,true,1785428659381,FastAccept
1785428659359,true,1785428659406,FastAccept
1785428659385,true,1785428659430,FastAccept
1785428659410,false,1785428659456,FastAccept
1785428659435,true,1785428659481,FastAccept
1785428659460,false,1785428659506,FastAccept
1785428659486,false,1785428659532,FastAccept
1785428659511,true,1785428659558,FastAccept
1785428659537,true,1785428659583,FastAccept
1785428659563,false,1785428659609,FastAccept
1785428659589,false,1785428659635,FastAccept
1785428659616,false,1785428659662,FastAccept
1785428659643,false,1785428659689,FastAccept
1785428659671,true,1785428659717,FastAccept
1785428659699,true,1785428659745,FastAccept
1785428659728,true,1785428659774,FastAccept
1785428659758,true,1785428659804,FastAccept
1785428659788,true,1785428659834,FastAccept
1785428659817,true,1785428659863,FastAccept
1785428659847,true,,
1785428659878,true,1785428659924,FastAccept
1785428659909,false,1785428659955,FastAccept
1785428659941,false,1785428659986,FastAccept
1785428659972,false,1785428660018,FastAccept
1785428660005,false,1785428660051,FastAccept
1785428660038,true,1785428660084,FastAccept
1785428660072,false,1785428660118,FastAccept
1785428660106,false,1785428660152,FastAccept
1785428660141,true,1785428660188,FastAccept
1785428660178,false,1785428660224,FastAccept
1785428660213,false,1785428660259,FastAccept
1785428660249,false,1785428660295,FastAccept
1785428660286,false,1785428660333,FastAccept
1785428660324,false,1785428660370,FastAccept
1785428660362,false,1785428660408,FastAccept
1785428660402,true,1785428660447,FastAccept
1785428660442,false,1785428660488,FastAccept
1785428660484,false,1785428660530,FastAccept
1785428660525,false,1785428660571,FastAccept
1785428660568,true,1785428660614,FastAccept
1785428660611,false,1785428660657,FastAccept
1785428660656,true,1785428660702,FastAccept
1785428660701,true,1785428660747,FastAccept
1785428660747,false,1785428660793,FastAccept
1785428660794,true,1785428660840,FastAccept
1785428660843,false,1785428660890,FastAccept
1785428660893,true,1785428660939,FastAccept
1785428660945,true,,
1785428660997,true,1785428661043,FastAccept
1785428661050,false,1785428661096,FastAccept
1785428661105,true,1785428661152,FastAccept
1785428661162,true,1785428661208,FastAccept
1785428661220,true,1785428661266,FastAccept
1785428661281,false,1785428661327,FastAccept
1785428661342,true,1785428661388,FastAccept
1785428661406,true,,
1785428661471,true,,
1785428661538,false,,
1785428661608,true,,
1785428661680,true,,
1785428661756,false,1785428661808,LeaderAccept
1785428661833,false,1785428661885,LeaderAccept
1785428661913,false,1785428661965,LeaderAccept
1785428661997,true,1785428662049,LeaderAccept
1785428662084,true,1785428662136,LeaderAccept
1785428662175,false,1785428662227,LeaderAccept
1785428662272,true,1785428662324,LeaderAccept
1785428662372,false,1785428662424,LeaderAccept
1785428662477,true,1785428662529,LeaderAccept
1785428662589,false,,
1785428662706,false,1785428662758,LeaderAccept
1785428662830,false,1785428662882,LeaderAccept
1785428662963,false,1785428663015,LeaderAccept
1785428663104,false,1785428663156,LeaderAccept
1785428663255,true,1785428663303,LeaderAccept
1785428663418,false,1785428663470,LeaderAccept
1785428663595,true,1785428663643,LeaderAccept
1785428663788,true,1785428663840,LeaderAccept
1785428664000,false,,
1785428664237,true,1785428664284,LeaderAccept
1785428664502,true,1785428664549,LeaderAccept
1785428664806,true,1785428664853,LeaderAccept
1785428665159,false,1785428665206,LeaderAccept
1785428665581,true,1785428665628,LeaderAccept
1785428666101,false,1785428666148,LeaderAccept
1785428666775,false,1785428666822,LeaderAccept
1785428667717,false,1785428667763,FastAccept
1785428669226,false,1785428669272,FastAccept
1785428672434,true,1785428672481,LeaderAccept
1785428678814,true,1785428678859,FastAccept
1785428678844,true,1785428678890,FastAccept
1785428678876,false,1785428678922,FastAccept
1785428678907,false,1785428678953,FastAccept
1785428678939,false,1785428678985,FastAccept
1785428678971,false,1785428679017,FastAccept
1785428679005,false,1785428679051,FastAccept
1785428679040,false,1785428679086,FastAccept
1785428679074,true,1785428679120,FastAccept
1785428679109,true,,
1785428679144,true,1785428679190,FastAccept
1785428679181,true,1785428679227,FastAccept
1785428679218,true,1785428679264,FastAccept
1785428679255,true,1785428679301,FastAccept
1785428679293,false,1785428679339,FastAccept
1785428679332,true,1785428679378,FastAccept
1785428679371,false,1785428679417,FastAccept
1785428679411,false,1785428679457,FastAccept
1785428679452,true,1785428679498,FastAccept
1785428679494,true,1785428679540,FastAccept
1785428679537,false,,
1785428679581,false,1785428679627,FastAccept
1785428679626,false,1785428679672,FastAccept
1785428679672,true,1785428679718,FastAccept
1785428679718,true,1785428679764,FastAccept
1785428679765,true,1785428679811,FastAccept
1785428679813,true,1785428679859,FastAccept
1785428679863,true,1785428679909,FastAccept
1785428679914,true,1785428679961,FastAccept
1785428679968,false,1785428680014,FastAccept
1785428680022,true,1785428680075,FastAccept
1785428680077,true,1785428680123,FastAccept
1785428680134,false,1785428680180,FastAccept
1785428680193,false,1785428680239,FastAccept
1785428680254,true,1785428680301,FastAccept
1785428680316,false,1785428680362,FastAccept
1785428680380,true,1785428680426,FastAccept
1785428680446,false,1785428680492,FastAccept
1785428680514,true,1785428680560,FastAccept
1785428680585,false,1785428680631,FastAccept
1785428680658,true,1785428680705,FastAccept
1785428680734,false,1785428680780,FastAccept
1785428680812,true,1785428680858,FastAccept
1785428680894,true,1785428680940,FastAccept
1785428680979,false,1785428681025,FastAccept
1785428681068,false,1785428681114,FastAccept
1785428681161,false,1785428681207,FastAccept
1785428681258,false,1785428681305,FastAccept
1785428681360,true,1785428681406,FastAccept
1785428681468,true,1785428681514,FastAccept
1785428681581,true,1785428681627,FastAccept
1785428681702,true,1785428681748,FastAccept
1785428681829,false,1785428681875,FastAccept
1785428681965,true,1785428682011,FastAccept
1785428682109,true,1785428682155,FastAccept
1785428682264,false,1785428682310,FastAccept
1785428682433,true,1785428682479,FastAccept
1785428682615,true,1785428682661,FastAccept
1785428682815,true,1785428682861,FastAccept
1785428683037,false,,
1785428683283,false,,
1785428683562,true,,
1785428683883,true,1785428683930,LeaderAccept
1785428684258,false,1785428684305,LeaderAccept
1785428684711,false,,
1785428685279,false,1785428685325,FastAccept
1785428686033,true,1785428686079,FastAccept
1785428687133,false,1785428687179,FastAccept
1785428689039,false,1785428689084,FastAccept
1785428693976,true,1785428694022,FastAccept
1785428711167,true,1785428711214,LeaderAccept
1785428711186,false,1785428711233,LeaderAccept
1785428711207,true,1785428711253,LeaderAccept
1785428711226,false,1785428711272,LeaderAccept
1785428711246,true,1785428711293,LeaderAccept
1785428711266,false,1785428711314,LeaderAccept
1785428711287,false,1785428711334,LeaderAccept
1785428711308,true,1785428711355,LeaderAccept
1785428711329,true,1785428711375,LeaderAccept
1785428711349,true,1785428711396,LeaderAccept
1785428711370,false,1785428711417,LeaderAccept
1785428711392,false,1785428711439,LeaderAccept
1785428711413,true,1785428711460,LeaderAccept
1785428711435,true,1785428711482,LeaderAccept
1785428711457,false,1785428711504,LeaderAccept
1785428711479,false,1785428711526,LeaderAccept
1785428711502,true,1785428711549,LeaderAccept
1785428711525,false,1785428711572,LeaderAccept
1785428711548,true,1785428711595,LeaderAccept
1785428711572,false,1785428711618,LeaderAccept
1785428711595,true,1785428711641,LeaderAccept
1785428711618,false,1785428711665,LeaderAccept
1785428711642,true,1785428711690,LeaderAccept
1785428711667,false,1785428711714,LeaderAccept
1785428711692,true,1785428711739,LeaderAccept
1785428711717,true,1785428711764,LeaderAccept
1785428711742,false,1785428711789,LeaderAccept
1785428711767,true,1785428711815,LeaderAccept
1785428711794,false,1785428711840,LeaderAccept
1785428711820,false,1785428711867,LeaderAccept
1785428711846,false,1785428711893,LeaderAccept
1785428711873,true,1785428711920,LeaderAccept
1785428711900,true,1785428711947,LeaderAccept
1785428711929,true,1785428711975,LeaderAccept
1785428711956,false,1785428712004,LeaderAccept
1785428711986,true,1785428712033,LeaderAccept
1785428712014,false,1785428712061,LeaderAccept
1785428712043,true,1785428712091,LeaderAccept
1785428712072,false,1785428712119,LeaderAccept
1785428712102,false,1785428712149,LeaderAccept
1785428712132,false,1785428712179,LeaderAccept
1785428712163,false,1785428712211,LeaderAccept
1785428712196,true,1785428712243,LeaderAccept
1785428712227,true,1785428712275,LeaderAccept
1785428712259,true,1785428712305,LeaderAccept
1785428712291,true,1785428712339,LeaderAccept
1785428712324,true,1785428712371,LeaderAccept
1785428712358,false,1785428712405,LeaderAccept
1785428712392,false,1785428712440,LeaderAccept
1785428712427,false,1785428712475,LeaderAccept
1785428712463,false,1785428712510,LeaderAccept
1785428712499,true,1785428712547,LeaderAccept
1785428712537,false,1785428712584,LeaderAccept
1785428712574,true,1785428712621,LeaderAccept
1785428712612,false,1785428712660,LeaderAccept
1785428712651,false,1785428712698,LeaderAccept
1785428712691,false,1785428712738,LeaderAccept
1785428712731,false,1785428712778,LeaderAccept
1785428712772,false,1785428712820,LeaderAccept
1785428712815,true,1785428712863,LeaderAccept
1785428712857,false,1785428712905,LeaderAccept
1785428712901,true,1785428712948,LeaderAccept
1785428712945,false,1785428712992,LeaderAccept
1785428712991,false,1785428713038,LeaderAccept
1785428713037,false,1785428713084,LeaderAccept
1785428713086,true,1785428713133,LeaderAccept
1785428713134,true,1785428713181,LeaderAccept
1785428713184,true,1785428713232,LeaderAccept
1785428713236,false,1785428713283,LeaderAccept
1785428713289,true,1785428713336,LeaderAccept
1785428713343,true,1785428713391,LeaderAccept
1785428713399,false,1785428713447,LeaderAccept
1785428713456,true,1785428713503,LeaderAccept
1785428713514,false,1785428713562,LeaderAccept
1785428713575,false,1785428713623,LeaderAccept
1785428713637,true,1785428713684,LeaderAccept
1785428713701,true,1785428713748,LeaderAccept
1785428713767,true,1785428713814,LeaderAccept
1785428713835,false,1785428713883,LeaderAccept
1785428713906,true,1785428713953,LeaderAccept
1785428713980,false,1785428714026,LeaderAccept
1785428714056,true,1785428714103,LeaderAccept
1785428714135,false,1785428714182,LeaderAccept
1785428714217,true,1785428714265,LeaderAccept
1785428714302,false,1785428714348,FastAccept
1785428714391,false,1785428714437,FastAccept
1785428714485,true,1785428714530,FastAccept
1785428714583,true,,
1785428714685,false,1785428714732,LeaderAccept
1785428714793,true,1785428714840,LeaderAccept
1785428714907,true,1785428714954,LeaderAccept
1785428715028,true,1785428715074,LeaderAccept
1785428715155,true,1785428715203,LeaderAccept
1785428715291,false,1785428715337,LeaderAccept
1785428715436,false,1785428715483,LeaderAccept
1785428715592,false,1785428715640,LeaderAccept
1785428715761,true,1785428715809,LeaderAccept
1785428715945,false,1785428715992,LeaderAccept
1785428716146,false,1785428716193,LeaderAccept
1785428716368,false,1785428716417,LeaderAccept
1785428716616,true,1785428716663,LeaderAccept
1785428716897,true,1785428716944,LeaderAccept
1785428717219,true,1785428717266,LeaderAccept
1785428717598,false,,
1785428718056,true,1785428718102,FastAccept
1785428718630,false,1785428718676,FastAccept
1785428719396,true,1785428719442,FastAccept
1785428720519,true,,
1785428721011,true,1785428721063,LeaderAccept
1785428721038,true,1785428721085,LeaderAccept
1785428721065,false,1785428721116,LeaderAccept
1785428721093,false,1785428721145,LeaderAccept
1785428721121,false,1785428721173,LeaderAccept
1785428721150,false,1785428721202,LeaderAccept
1785428721180,false,1785428721231,LeaderAccept
1785428721209,false,1785428721261,LeaderAccept
1785428721239,true,1785428721292,LeaderAccept
1785428721270,true,1785428721322,LeaderAccept
1785428721301,true,1785428721352,LeaderAccept
1785428721332,false,1785428721384,LeaderAccept
1785428721365,true,1785428721416,LeaderAccept
1785428721397,false,1785428721449,LeaderAccept
1785428721431,true,1785428721482,LeaderAccept
1785428721464,true,1785428721516,LeaderAccept
1785428721498,false,1785428721550,LeaderAccept
1785428721534,false,1785428721586,LeaderAccept
1785428721570,true,1785428721622,LeaderAccept
1785428721605,true,1785428721657,LeaderAccept
1785428721641,false,1785428721693,LeaderAccept
1785428721678,false,1785428721730,LeaderAccept
1785428721715,true,1785428721767,LeaderAccept
1785428721753,false,1785428721806,LeaderAccept
1785428721793,false,1785428721845,LeaderAccept
1785428721832,true,1785428721884,LeaderAccept
1785428721872,false,1785428721924,LeaderAccept
1785428721913,true,1785428721966,LeaderAccept
1785428721956,true,1785428722008,LeaderAccept
1785428721999,true,1785428722046,LeaderAccept
1785428722043,true,1785428722095,LeaderAccept
1785428722088,false,1785428722140,LeaderAccept
1785428722134,false,1785428722186,LeaderAccept
1785428722181,false,1785428722234,LeaderAccept
1785428722229,true,1785428722276,LeaderAccept
1785428722279,true,1785428722326,LeaderAccept
1785428722329,false,1785428722376,LeaderAccept
1785428722380,false,1785428722427,LeaderAccept
1785428722433,true,1785428722481,LeaderAccept
1785428722488,true,1785428722535,LeaderAccept
1785428722545,true,1785428722592,LeaderAccept
1785428722602,false,1785428722649,LeaderAccept
1785428722662,false,1785428722709,LeaderAccept
1785428722723,false,1785428722770,LeaderAccept
1785428722785,false,1785428722833,LeaderAccept
1785428722850,true,1785428722897,LeaderAccept
1785428722917,true,1785428722964,LeaderAccept
1785428722985,true,1785428723033,LeaderAccept
1785428723056,false,1785428723103,LeaderAccept
1785428723131,true,1785428723177,LeaderAccept
1785428723208,true,1785428723255,LeaderAccept
1785428723287,false,1785428723334,LeaderAccept
1785428723370,false,1785428723417,LeaderAccept
1785428723455,true,1785428723503,LeaderAccept
1785428723545,false,1785428723592,LeaderAccept
1785428723638,true,1785428723685,LeaderAccept
1785428723736,true,1785428723784,LeaderAccept
1785428723839,true,1785428723887,LeaderAccept
1785428723948,false,1785428723996,LeaderAccept
1785428724062,false,1785428724109,LeaderAccept
1785428724183,false,1785428724231,LeaderAccept
1785428724312,false,1785428724358,FastAccept
1785428724449,false,1785428724496,FastAccept
1785428724596,true,1785428724642,FastAccept
1785428724753,true,1785428724799,FastAccept
1785428724924,false,1785428724970,FastAccept
1785428725111,true,1785428725157,FastAccept
1785428725315,false,1785428725361,FastAccept
1785428725540,false,1785428725586,FastAccept
1785428725793,true,1785428725839,FastAccept
1785428726080,true,1785428726125,FastAccept
1785428726410,false,1785428726456,FastAccept
1785428726799,false,1785428726845,FastAccept
1785428727272,false,1785428727318,FastAccept
1785428727870,false,,
1785428728676,false,1785428728728,LeaderAccept
1785428729883,false,1785428729930,LeaderAccept
1785428732088,false,1785428732133,FastAccept
1785428738724,true,1785428738770,FastAccept
1785428775340,false,1785428775408,SlowAccept
1785428775361,true,1785428775413,FastAccept
1785428775380,true,1785428775426,FastAccept
1785428775400,true,1785428775473,SlowAccept
1785428775420,true,1785428775473,FastAccept
1785428775441,false,1785428775487,FastAccept
1785428775462,false,1785428775514,FastAccept
1785428775483,false,1785428775529,FastAccept
1785428775505,false,1785428775572,SlowAccept
1785428775527,false,1785428775580,FastAccept
1785428775548,false,1785428775594,FastAccept
1785428775571,true,1785428775642,SlowAccept
1785428775592,false,1785428775642,FastAccept
1785428775615,false,1785428775672,SlowAccept
1785428775637,true,1785428775690,FastAccept
1785428775660,true,1785428775706,FastAccept
1785428775682,true,1785428775753,SlowAccept
1785428775705,false,1785428775757,FastAccept
1785428775728,false,1785428775774,FastAccept
1785428775752,true,1785428775805,FastAccept
1785428775777,true,1785428775823,FastAccept
1785428775801,false,1785428775859,SlowAccept
1785428775825,true,1785428775878,FastAccept
1785428775850,true,1785428775897,FastAccept
1785428775875,true,1785428775947,SlowAccept
1785428775900,true,1785428775947,FastAccept
1785428775925,true,1785428775983,SlowAccept
1785428775952,true,1785428776004,FastAccept
1785428775978,false,1785428776025,FastAccept
1785428776004,false,1785428776056,LeaderAccept
1785428776031,true,1785428776077,LeaderAccept
1785428776058,false,1785428776105,LeaderAccept
1785428776085,true,1785428776133,LeaderAccept
1785428776113,false,1785428776160,LeaderAccept
1785428776142,true,1785428776189,LeaderAccept
1785428776170,true,1785428776218,LeaderAccept
1785428776199,true,1785428776247,LeaderAccept
1785428776228,false,1785428776275,LeaderAccept
1785428776258,true,1785428776305,LeaderAccept
1785428776288,true,1785428776336,LeaderAccept
1785428776319,true,1785428776366,LeaderAccept
1785428776350,true,1785428776397,LeaderAccept
1785428776382,false,1785428776429,LeaderAccept
1785428776414,true,1785428776461,LeaderAccept
1785428776448,false,1785428776495,LeaderAccept
1785428776481,true,1785428776528,LeaderAccept
1785428776514,true,1785428776561,LeaderAccept
1785428776548,true,1785428776596,LeaderAccept
1785428776584,true,1785428776631,LeaderAccept
1785428776619,true,1785428776666,LeaderAccept
1785428776655,false,1785428776703,LeaderAccept
1785428776692,false,1785428776739,LeaderAccept
1785428776729,false,1785428776777,LeaderAccept
1785428776768,false,1785428776815,LeaderAccept
1785428776806,true,1785428776853,LeaderAccept
1785428776845,false,1785428776892,LeaderAccept
1785428776886,true,1785428776934,LeaderAccept
1785428776928,true,1785428776975,LeaderAccept
1785428776970,false,1785428777018,LeaderAccept
1785428777013,false,1785428777060,LeaderAccept
1785428777057,false,1785428777104,LeaderAccept
1785428777102,true,1785428777149,LeaderAccept
1785428777148,false,1785428777195,LeaderAccept
1785428777194,false,1785428777241,LeaderAccept
1785428777243,true,1785428777290,LeaderAccept
1785428777291,false,1785428777338,LeaderAccept
1785428777341,true,1785428777389,LeaderAccept
1785428777392,false,1785428777439,LeaderAccept
1785428777444,true,1785428777492,LeaderAccept
1785428777498,false,1785428777545,LeaderAccept
1785428777553,false,1785428777600,LeaderAccept
1785428777610,true,1785428777658,LeaderAccept
1785428777670,false,1785428777717,LeaderAccept
1785428777731,false,1785428777778,LeaderAccept
1785428777793,false,1785428777841,LeaderAccept
1785428777857,false,1785428777904,LeaderAccept
1785428777923,true,1785428777971,LeaderAccept
1785428777992,false,1785428778039,LeaderAccept
1785428778064,true,1785428778116,LeaderAccept
1785428778137,true,1785428778185,LeaderAccept
1785428778213,false,1785428778261,LeaderAccept
1785428778292,true,1785428778339,LeaderAccept
1785428778375,true,1785428778422,LeaderAccept
1785428778460,true,1785428778512,LeaderAccept
1785428778550,true,1785428778597,LeaderAccept
1785428778643,false,1785428778691,LeaderAccept
1785428778741,false,,
1785428778844,true,1785428778891,LeaderAccept
1785428778951,false,1785428778999,LeaderAccept
1785428779065,true,1785428779117,LeaderAccept
1785428779185,true,1785428779232,LeaderAccept
1785428779312,true,1785428779359,LeaderAccept
1785428779448,true,1785428779501,LeaderAccept
1785428779594,true,1785428779641,LeaderAccept
1785428779751,true,1785428779798,LeaderAccept
1785428779920,false,1785428779966,LeaderAccept
1785428780104,true,1785428780151,LeaderAccept
1785428780305,true,1785428780352,LeaderAccept
1785428780528,false,1785428780575,LeaderAccept
1785428780776,true,1785428780823,LeaderAccept
1785428781058,true,1785428781105,LeaderAccept
1785428781381,true,1785428781428,LeaderAccept
1785428781761,true,1785428781809,LeaderAccept
1785428782220,false,,
1785428782798,true,,
1785428783570,false,1785428783616,FastAccept
1785428784703,false,1785428784749,FastAccept
1785428786699,true,1785428786746,FastAccept
1785428792115,false,,
1785428796297,true,,
1785428796332,true,1785428796379,FastAccept
1785428796369,true,1785428796415,FastAccept
1785428796405,false,1785428796451,FastAccept
1785428796442,true,1785428796488,FastAccept
1785428796480,true,1785428796526,FastAccept
1785428796519,true,1785428796566,FastAccept
1785428796560,true,1785428796605,FastAccept
1785428796601,false,1785428796646,FastAccept
1785428796642,true,1785428796688,FastAccept
1785428796684,true,,
1785428796726,false,1785428796772,FastAccept
1785428796771,false,1785428796817,FastAccept
1785428796815,true,1785428796862,FastAccept
1785428796861,false,1785428796908,FastAccept
1785428796908,false,1785428796954,FastAccept
1785428796955,true,1785428797001,FastAccept
1785428797003,true,1785428797049,FastAccept
1785428797053,true,1785428797099,FastAccept
1785428797104,false,1785428797151,FastAccept
1785428797157,true,,
1785428797211,false,1785428797258,FastAccept
1785428797266,false,1785428797312,FastAccept
1785428797322,true,1785428797369,FastAccept
1785428797381,false,1785428797427,FastAccept
1785428797441,true,1785428797487,FastAccept
1785428797503,true,1785428797549,FastAccept
1785428797567,true,1785428797613,FastAccept
1785428797633,true,1785428797680,FastAccept
1785428797701,true,1785428797747,FastAccept
1785428797771,false,,
1785428797844,true,1785428797891,FastAccept
1785428797920,true,1785428797966,FastAccept
1785428797998,true,1785428798044,FastAccept
1785428798080,false,1785428798126,FastAccept
1785428798164,false,1785428798210,FastAccept
1785428798252,true,1785428798299,FastAccept
1785428798344,true,1785428798390,FastAccept
1785428798440,true,1785428798487,FastAccept
1785428798542,true,1785428798588,FastAccept
1785428798648,true,1785428798694,FastAccept
1785428798761,false,1785428798807,FastAccept
1785428798880,true,1785428798926,FastAccept
1785428799005,false,1785428799051,FastAccept
1785428799139,true,1785428799186,FastAccept
1785428799283,false,1785428799329,FastAccept
1785428799438,true,1785428799484,FastAccept
1785428799603,true,1785428799649,FastAccept
1785428799784,true,1785428799836,FastAccept
1785428799982,true,1785428800028,FastAccept
1785428800199,false,1785428800246,FastAccept
1785428800442,false,1785428800488,FastAccept
1785428800715,true,1785428800762,FastAccept
1785428801030,true,,
1785428801396,true,1785428801448,LeaderAccept
1785428801836,true,1785428801888,LeaderAccept
1785428802384,true,1785428802436,LeaderAccept
1785428803105,true,1785428803152,LeaderAccept
1785428804137,true,1785428804184,FastAccept
1785428805867,true,1785428805913,FastAccept
1785428809973,true,1785428810020,LeaderAccept
1785428815158,true,1785428815204,FastAccept
1785428815174,true,1785428815219,FastAccept
1785428815188,true,1785428815234,FastAccept
1785428815203,true,1785428815249,FastAccept
1785428815218,false,1785428815264,FastAccept
1785428815234,true,1785428815280,FastAccept
1785428815249,true,1785428815295,FastAccept
1785428815264,true,1785428815316,FastAccept
1785428815280,false,1785428815326,FastAccept
1785428815295,false,1785428815340,FastAccept
1785428815310,true,1785428815356,FastAccept
1785428815326,true,1785428815372,FastAccept
1785428815341,true,1785428815387,FastAccept
1785428815357,true,1785428815403,FastAccept
1785428815373,true,1785428815419,FastAccept
1785428815389,true,1785428815436,FastAccept
1785428815406,false,1785428815455,FastAccept
1785428815423,false,1785428815468,FastAccept
1785428815440,false,1785428815485,FastAccept
1785428815456,false,1785428815502,FastAccept
1785428815472,false,1785428815518,FastAccept
1785428815490,true,1785428815535,FastAccept
1785428815507,true,1785428815552,FastAccept
1785428815524,true,1785428815570,FastAccept
1785428815542,false,1785428815588,FastAccept
1785428815561,false,1785428815607,FastAccept
1785428815579,false,1785428815624,FastAccept
1785428815596,false,1785428815642,FastAccept
1785428815614,false,1785428815660,FastAccept
1785428815632,false,1785428815678,FastAccept
1785428815650,false,1785428815696,FastAccept
1785428815669,false,1785428815715,FastAccept
1785428815687,false,1785428815733,FastAccept
1785428815706,false,1785428815752,FastAccept
1785428815725,false,1785428815771,FastAccept
1785428815744,false,1785428815790,FastAccept
1785428815764,false,1785428815810,FastAccept
1785428815783,false,1785428815829,FastAccept
1785428815804,true,1785428815850,FastAccept
1785428815823,true,1785428815869,FastAccept
1785428815844,true,1785428815889,FastAccept
1785428815864,true,1785428815910,FastAccept
1785428815884,false,1785428815930,FastAccept
1785428815905,true,1785428815951,FastAccept
1785428815925,false,,
1785428815946,false,1785428815992,FastAccept
1785428815967,false,,
1785428815988,false,,
1785428816010,true,1785428816061,FastAccept
1785428816032,false,1785428816078,FastAccept
1785428816054,true,,
1785428816076,true,,
1785428816099,true,,
1785428816122,false,,
1785428816145,true,1785428816217,SlowAccept
1785428816168,true,1785428816217,FastAccept
1785428816192,false,,
1785428816215,false,,
1785428816239,false,,
1785428816263,false,,
1785428816288,true,1785428816361,SlowAccept
1785428816314,false,1785428816361,FastAccept
1785428816339,false,,
1785428816364,false,,
1785428816389,false,,
1785428816415,true,,
1785428816443,true,,
1785428816469,true,1785428816514,FastAccept
1785428816496,false,1785428816542,FastAccept
1785428816525,false,,
1785428816553,true,,
1785428816581,true,,
1785428816609,false,1785428816656,LeaderAccept
1785428816638,true,1785428816685,LeaderAccept
1785428816669,true,1785428816716,LeaderAccept
1785428816698,false,1785428816745,LeaderAccept
1785428816728,false,1785428816775,LeaderAccept
1785428816759,true,1785428816806,LeaderAccept
1785428816790,false,1785428816837,LeaderAccept
1785428816822,true,1785428816869,LeaderAccept
1785428816854,true,1785428816900,LeaderAccept
1785428816887,false,1785428816935,LeaderAccept
1785428816920,true,1785428816967,LeaderAccept
1785428816954,true,1785428817000,LeaderAccept
1785428816988,false,1785428817036,LeaderAccept
1785428817023,true,1785428817070,LeaderAccept
1785428817059,true,1785428817106,LeaderAccept
1785428817096,true,1785428817142,LeaderAccept
1785428817133,false,1785428817180,LeaderAccept
1785428817171,false,1785428817218,LeaderAccept
1785428817209,false,1785428817256,LeaderAccept
1785428817248,true,1785428817296,LeaderAccept
1785428817288,false,1785428817336,LeaderAccept
1785428817329,false,1785428817376,LeaderAccept
1785428817370,true,1785428817417,LeaderAccept
1785428817412,false,1785428817459,LeaderAccept
1785428817455,true,1785428817502,LeaderAccept
1785428817499,true,1785428817546,LeaderAccept
1785428817545,false,1785428817592,LeaderAccept
1785428817590,true,1785428817637,LeaderAccept
1785428817637,true,1785428817684,LeaderAccept
1785428817685,false,1785428817731,LeaderAccept
1785428817735,true,1785428817782,LeaderAccept
1785428817785,true,1785428817832,LeaderAccept
1785428817836,false,1785428817883,LeaderAccept
1785428817889,true,1785428817937,LeaderAccept
1785428817944,false,1785428817991,LeaderAccept
1785428817999,false,1785428818046,LeaderAccept
1785428818057,false,1785428818103,LeaderAccept
1785428818115,true,1785428818162,LeaderAccept
1785428818177,false,1785428818224,LeaderAccept
1785428818239,true,1785428818286,LeaderAccept
1785428818303,false,1785428818351,LeaderAccept
1785428818369,false,1785428818416,LeaderAccept
1785428818438,true,1785428818485,LeaderAccept
1785428818508,true,1785428818555,LeaderAccept
1785428818582,false,1785428818629,LeaderAccept
1785428818658,true,1785428818705,LeaderAccept
1785428818738,false,1785428818785,LeaderAccept
1785428818820,false,1785428818867,LeaderAccept
1785428818907,true,1785428818959,LeaderAccept
1785428818996,true,1785428819044,LeaderAccept
1785428819091,true,1785428819138,LeaderAccept
1785428819188,true,1785428819235,LeaderAccept
1785428819292,false,1785428819339,LeaderAccept
1785428819400,true,,
1785428819514,false,1785428819573,SlowAccept
1785428819634,true,1785428819680,FastAccept
1785428819762,true,1785428819809,FastAccept
1785428819899,true,1785428819945,FastAccept
1785428820045,false,1785428820091,FastAccept
1785428820202,true,1785428820248,FastAccept
1785428820373,true,,
1785428820557,true,1785428820603,FastAccept
1785428820759,true,1785428820805,FastAccept
1785428820982,false,1785428821029,FastAccept
1785428821232,false,1785428821278,FastAccept
1785428821516,false,1785428821562,FastAccept
1785428821842,false,1785428821889,FastAccept
1785428822226,false,,
1785428822691,false,,
1785428823277,true,1785428823329,FastAccept
1785428824062,true,,
1785428825223,true,1785428825270,FastAccept
1785428827299,false,1785428827345,FastAccept
1785428831184,false,1785428831257,SlowAccept
1785428831215,false,1785428831261,FastAccept
1785428831245,true,1785428831291,FastAccept
1785428831276,true,1785428831322,FastAccept
1785428831307,false,,
1785428831339,true,1785428831385,FastAccept
1785428831371,true,1785428831417,FastAccept
1785428831404,true,,
1785428831437,true,1785428831483,FastAccept
1785428831471,false,1785428831517,FastAccept
1785428831506,true,1785428831552,FastAccept
1785428831542,true,1785428831588,FastAccept
1785428831578,true,1785428831624,FastAccept
1785428831615,false,1785428831661,FastAccept
1785428831652,true,,
1785428831691,false,1785428831737,FastAccept
1785428831729,false,1785428831775,FastAccept
1785428831768,true,1785428831814,FastAccept
1785428831809,false,1785428831855,FastAccept
1785428831849,true,1785428831896,FastAccept
1785428831891,true,1785428831936,FastAccept
1785428831933,true,,
1785428831977,false,1785428832022,FastAccept
1785428832021,true,1785428832067,FastAccept
1785428832066,false,,
1785428832112,true,1785428832159,FastAccept
1785428832160,true,1785428832206,FastAccept
1785428832208,false,1785428832254,FastAccept
1785428832258,false,1785428832304,FastAccept
1785428832309,true,1785428832355,FastAccept
1785428832361,true,1785428832407,FastAccept
1785428832414,true,,
1785428832470,true,1785428832516,FastAccept
1785428832527,true,1785428832573,FastAccept
1785428832585,false,1785428832631,FastAccept
1785428832645,false,1785428832692,FastAccept
1785428832708,false,1785428832754,FastAccept
1785428832771,true,1785428832817,FastAccept
1785428832836,true,1785428832882,FastAccept
1785428832905,false,1785428832951,FastAccept
1785428832974,true,1785428833020,FastAccept
1785428833046,true,,
1785428833121,true,1785428833167,FastAccept
1785428833200,false,1785428833245,FastAccept
1785428833281,true,1785428833327,FastAccept
1785428833365,true,1785428833411,FastAccept
1785428833453,false,1785428833524,SlowAccept
1785428833545,true,,
1785428833641,true,1785428833698,SlowAccept
1785428833741,false,,
1785428833846,true,,
1785428833957,false,1785428834009,LeaderAccept
1785428834074,true,1785428834126,LeaderAccept
1785428834198,true,,
1785428834332,false,1785428834379,LeaderAccept
1785428834473,false,1785428834521,LeaderAccept
1785428834625,false,1785428834677,LeaderAccept
1785428834789,false,1785428834841,LeaderAccept
1785428834966,false,1785428835018,LeaderAccept
1785428835160,false,1785428835208,LeaderAccept
1785428835374,false,1785428835422,LeaderAccept
1785428835612,false,1785428835659,LeaderAccept
1785428835879,true,1785428835932,LeaderAccept
1785428836184,true,1785428836236,FastAccept
1785428836539,false,1785428836605,SlowAccept
1785428836963,true,,
1785428837488,true,,
1785428838170,true,1785428838237,SlowAccept
1785428839128,false,1785428839174,FastAccept
1785428840674,true,1785428840720,FastAccept
1785428841773,false,1785428841820,FastAccept
1785428841792,true,1785428841838,FastAccept
1785428841810,false,1785428841856,FastAccept
1785428841828,false,1785428841874,FastAccept
1785428841846,true,1785428841892,FastAccept
1785428841865,false,1785428841911,FastAccept
1785428841884,true,1785428841930,FastAccept
1785428841903,true,1785428841949,FastAccept
1785428841923,false,1785428841969,FastAccept
1785428841942,true,1785428841989,FastAccept
1785428841963,false,1785428842008,FastAccept
1785428841982,true,1785428842028,FastAccept
1785428842003,true,1785428842049,FastAccept
1785428842023,true,1785428842069,FastAccept
1785428842044,true,1785428842089,FastAccept
1785428842064,true,1785428842109,FastAccept
1785428842084,true,1785428842130,FastAccept
1785428842106,false,1785428842151,FastAccept
1785428842128,false,1785428842173,FastAccept
1785428842149,false,1785428842195,FastAccept
1785428842171,false,1785428842217,FastAccept
1785428842193,false,1785428842239,FastAccept
1785428842216,false,1785428842262,FastAccept
1785428842239,false,1785428842285,FastAccept
1785428842262,true,1785428842307,FastAccept
1785428842284,true,1785428842353,SlowAccept
1785428842307,false,1785428842353,FastAccept
1785428842330,false,1785428842376,FastAccept
1785428842354,true,1785428842400,FastAccept
1785428842378,false,1785428842424,FastAccept
1785428842402,true,1785428842448,FastAccept
1785428842427,false,1785428842473,FastAccept
1785428842451,true,1785428842498,FastAccept
1785428842476,false,1785428842522,FastAccept
1785428842501,true,1785428842547,FastAccept
1785428842526,true,1785428842572,FastAccept
1785428842552,false,1785428842598,FastAccept
1785428842578,false,1785428842625,FastAccept
1785428842605,true,1785428842651,FastAccept
1785428842632,false,1785428842678,FastAccept
1785428842660,true,1785428842706,FastAccept
1785428842687,false,1785428842733,FastAccept
1785428842715,true,1785428842761,FastAccept
1785428842743,false,1785428842789,FastAccept
1785428842772,true,1785428842818,FastAccept
1785428842802,false,1785428842848,FastAccept
1785428842832,true,1785428842878,FastAccept
1785428842861,false,1785428842908,FastAccept
1785428842891,false,1785428842937,FastAccept
1785428842921,true,1785428842967,FastAccept
1785428842952,true,1785428842998,FastAccept
1785428842984,true,1785428843030,FastAccept
1785428843017,false,1785428843062,FastAccept
1785428843050,true,1785428843096,FastAccept
1785428843083,false,1785428843129,FastAccept
1785428843117,false,1785428843163,FastAccept
1785428843152,false,1785428843198,FastAccept
1785428843187,true,1785428843233,FastAccept
1785428843222,true,1785428843268,FastAccept
1785428843258,true,1785428843304,FastAccept
1785428843294,true,1785428843340,FastAccept
1785428843331,true,1785428843377,FastAccept
1785428843370,false,1785428843416,FastAccept
1785428843408,false,1785428843454,FastAccept
1785428843448,true,1785428843494,FastAccept
1785428843488,true,1785428843534,FastAccept
1785428843530,false,1785428843576,FastAccept
1785428843572,false,1785428843618,FastAccept
1785428843614,false,1785428843660,FastAccept
1785428843658,true,1785428843704,FastAccept
1785428843702,true,1785428843748,FastAccept
1785428843747,true,1785428843794,FastAccept
1785428843794,true,1785428843839,FastAccept
1785428843842,true,1785428843887,FastAccept
1785428843891,true,1785428843937,FastAccept
1785428843940,false,1785428843986,FastAccept
1785428843991,true,,
1785428844043,true,1785428844090,FastAccept
1785428844097,true,1785428844143,FastAccept
1785428844152,true,1785428844198,FastAccept
1785428844210,false,1785428844256,FastAccept
1785428844268,false,1785428844315,FastAccept
1785428844328,false,1785428844374,FastAccept
1785428844390,true,1785428844436,FastAccept
1785428844454,true,1785428844500,FastAccept
1785428844519,false,1785428844566,FastAccept
1785428844587,false,1785428844633,FastAccept
1785428844658,true,1785428844703,FastAccept
1785428844731,false,1785428844776,FastAccept
1785428844807,false,,
1785428844885,false,,
1785428844967,false,,
1785428845051,false,,
1785428845140,true,,
1785428845232,true,1785428845284,LeaderAccept
1785428845328,true,1785428845380,LeaderAccept
1785428845430,false,1785428845482,LeaderAccept
1785428845536,true,1785428845588,LeaderAccept
1785428845648,false,1785428845700,LeaderAccept
1785428845768,false,1785428845820,LeaderAccept
1785428845893,true,1785428845945,LeaderAccept
1785428846027,false,1785428846079,LeaderAccept
1785428846170,false,,
1785428846323,true,1785428846370,LeaderAccept
1785428846489,true,1785428846536,LeaderAccept
1785428846670,true,1785428846716,LeaderAccept
1785428846866,false,1785428846913,LeaderAccept
1785428847083,false,1785428847136,LeaderAccept
1785428847325,true,1785428847377,LeaderAccept
1785428847598,false,1785428847651,LeaderAccept
1785428847911,true,1785428847963,LeaderAccept
1785428848277,true,1785428848329,FastAccept
1785428848716,true,1785428848762,FastAccept
1785428849261,false,1785428849307,FastAccept
1785428849977,false,1785428850029,LeaderAccept
1785428851000,true,1785428851047,LeaderAccept
1785428852707,true,1785428852753,FastAccept
1785428856713,true,1785428856759,FastAccept
1785428862936,true,1785428862982,FastAccept
1785428862965,true,1785428863011,FastAccept
1785428862995,true,1785428863057,SlowAccept
1785428863024,true,1785428863070,FastAccept
1785428863054,false,1785428863101,FastAccept
1785428863085,false,1785428863131,FastAccept
1785428863115,false,1785428863161,FastAccept
1785428863146,true,1785428863192,FastAccept
1785428863178,true,1785428863224,FastAccept
1785428863210,false,1785428863256,FastAccept
1785428863244,false,1785428863290,FastAccept
1785428863276,false,1785428863322,FastAccept
1785428863309,true,1785428863355,FastAccept
1785428863343,true,1785428863389,FastAccept
1785428863379,false,1785428863425,FastAccept
1785428863415,true,1785428863461,FastAccept
1785428863450,true,1785428863496,FastAccept
1785428863486,false,1785428863532,FastAccept
1785428863524,true,1785428863570,FastAccept
1785428863561,true,1785428863607,FastAccept
1785428863600,false,1785428863646,FastAccept
1785428863639,true,1785428863685,FastAccept
1785428863679,true,1785428863726,FastAccept
1785428863721,true,1785428863767,FastAccept
1785428863762,false,1785428863808,FastAccept
1785428863804,true,1785428863850,FastAccept
1785428863848,false,1785428863894,FastAccept
1785428863892,true,1785428863938,FastAccept
1785428863937,true,1785428863983,FastAccept
1785428863983,false,1785428864029,FastAccept
1785428864030,true,1785428864076,FastAccept
1785428864078,true,1785428864124,FastAccept
1785428864127,false,1785428864173,FastAccept
1785428864178,true,1785428864224,FastAccept
1785428864230,true,1785428864290,SlowAccept
1785428864284,true,1785428864330,FastAccept
1785428864338,false,1785428864384,FastAccept
1785428864394,true,,
1785428864453,true,1785428864499,FastAccept
1785428864512,false,1785428864558,FastAccept
1785428864574,false,1785428864620,FastAccept
1785428864638,true,1785428864684,FastAccept
1785428864703,true,1785428864749,FastAccept
1785428864770,true,1785428864816,FastAccept
1785428864841,false,1785428864887,FastAccept
1785428864912,true,1785428864958,FastAccept
1785428864986,true,1785428865032,FastAccept
1785428865064,false,1785428865109,FastAccept
1785428865144,true,1785428865191,FastAccept
1785428865228,true,,
1785428865316,false,1785428865361,FastAccept
1785428865406,true,1785428865452,FastAccept
1785428865501,true,1785428865547,FastAccept
1785428865602,true,1785428865648,FastAccept
1785428865706,false,1785428865752,FastAccept
1785428865817,false,1785428865863,FastAccept
1785428865933,false,1785428865979,FastAccept
1785428866057,true,1785428866103,FastAccept
1785428866188,false,1785428866234,FastAccept
1785428866328,true,1785428866374,FastAccept
1785428866478,false,1785428866524,FastAccept
1785428866640,false,1785428866686,FastAccept
1785428866815,false,1785428866861,FastAccept
1785428867006,true,1785428867052,FastAccept
