request_time,write,response_time,accept_status
1785237705439,true,1785237705485,FastAccept
1785237705456,true,1785237705502,FastAccept
1785237705474,false,1785237705520,FastAccept
1785237705491,false,1785237705537,FastAccept
1785237705508,false,1785237705554,FastAccept
1785237705526,false,1785237705571,FastAccept
1785237705543,false,1785237705596,FastAccept
1785237705562,false,1785237705607,FastAccept
1785237705579,true,1785237705646,LeaderAccept
1785237705597,false,1785237705642,FastAccept
1785237705615,true,1785237705666,LeaderAccept
1785237705634,true,1785237705686,LeaderAccept
1785237705652,true,1785237705698,LeaderAccept
1785237705671,false,1785237705717,LeaderAccept
1785237705691,false,1785237705738,LeaderAccept
1785237705710,false,1785237705756,LeaderAccept
1785237705729,false,1785237705776,LeaderAccept
1785237705748,true,1785237705795,LeaderAccept
1785237705767,true,1785237705814,LeaderAccept
1785237705787,true,1785237705833,LeaderAccept
1785237705807,true,1785237705854,LeaderAccept
1785237705827,true,1785237705874,LeaderAccept
1785237705849,false,1785237705895,LeaderAccept
1785237705869,false,1785237705915,LeaderAccept
1785237705890,false,1785237705937,LeaderAccept
1785237705911,true,1785237705958,LeaderAccept
1785237705932,true,1785237705979,LeaderAccept
1785237705954,false,1785237706000,LeaderAccept
1785237705976,false,1785237706022,LeaderAccept
1785237705997,true,1785237706044,LeaderAccept
1785237706019,false,1785237706065,LeaderAccept
1785237706041,false,1785237706088,LeaderAccept
1785237706064,true,1785237706110,LeaderAccept
1785237706088,false,1785237706134,LeaderAccept
1785237706110,true,1785237706156,LeaderAccept
1785237706133,false,1785237706179,LeaderAccept
1785237706156,true,1785237706203,LeaderAccept
1785237706180,true,1785237706227,LeaderAccept
1785237706204,false,1785237706251,LeaderAccept
1785237706229,true,1785237706276,LeaderAccept
1785237706253,false,1785237706300,LeaderAccept
1785237706279,true,1785237706326,LeaderAccept
1785237706304,true,1785237706352,LeaderAccept
1785237706330,false,1785237706376,LeaderAccept
1785237706355,true,1785237706402,LeaderAccept
1785237706381,false,1785237706428,LeaderAccept
1785237706407,true,1785237706453,LeaderAccept
1785237706434,true,1785237706481,LeaderAccept
1785237706461,true,1785237706507,LeaderAccept
1785237706488,false,1785237706535,LeaderAccept
1785237706516,true,1785237706563,LeaderAccept
1785237706544,false,1785237706590,LeaderAccept
1785237706572,false,1785237706619,LeaderAccept
1785237706601,true,1785237706647,LeaderAccept
1785237706630,false,1785237706676,LeaderAccept
1785237706660,true,1785237706707,LeaderAccept
1785237706690,false,1785237706737,LeaderAccept
1785237706721,true,1785237706768,LeaderAccept
1785237706752,true,1785237706799,LeaderAccept
1785237706785,true,1785237706831,LeaderAccept
1785237706816,false,1785237706863,LeaderAccept
1785237706850,false,1785237706896,LeaderAccept
1785237706883,false,1785237706930,LeaderAccept
1785237706917,false,1785237706963,LeaderAccept
1785237706951,false,1785237706997,LeaderAccept
1785237706986,false,1785237707032,LeaderAccept
1785237707022,true,1785237707068,LeaderAccept
1785237707057,true,1785237707104,LeaderAccept
1785237707094,false,1785237707141,LeaderAccept
1785237707131,true,1785237707178,LeaderAccept
1785237707169,false,1785237707216,LeaderAccept
1785237707207,true,1785237707254,LeaderAccept
1785237707246,false,1785237707293,LeaderAccept
1785237707286,true,1785237707333,LeaderAccept
1785237707326,true,1785237707373,LeaderAccept
1785237707369,true,1785237707415,LeaderAccept
1785237707411,false,1785237707458,LeaderAccept
1785237707454,false,1785237707500,LeaderAccept
1785237707498,true,1785237707545,LeaderAccept
1785237707543,true,1785237707589,LeaderAccept
1785237707589,false,1785237707636,LeaderAccept
1785237707636,false,1785237707683,LeaderAccept
1785237707684,false,1785237707730,LeaderAccept
1785237707733,true,1785237707780,LeaderAccept
1785237707784,true,1785237707831,LeaderAccept
1785237707836,false,1785237707884,LeaderAccept
1785237707890,false,1785237707937,LeaderAccept
1785237707945,false,1785237707992,LeaderAccept
1785237708001,true,1785237708048,LeaderAccept
1785237708059,true,1785237708105,LeaderAccept
1785237708118,false,1785237708165,LeaderAccept
1785237708179,false,1785237708226,LeaderAccept
1785237708242,false,1785237708289,LeaderAccept
1785237708307,true,1785237708353,LeaderAccept
1785237708374,false,1785237708421,LeaderAccept
1785237708443,true,1785237708490,LeaderAccept
1785237708515,false,1785237708562,LeaderAccept
1785237708590,false,1785237708637,LeaderAccept
1785237708667,true,1785237708713,LeaderAccept
1785237708748,false,1785237708795,LeaderAccept
1785237708831,true,1785237708878,LeaderAccept
1785237708918,true,1785237708965,LeaderAccept
1785237709009,true,1785237709057,LeaderAccept
1785237709104,false,1785237709151,LeaderAccept
1785237709203,false,1785237709250,LeaderAccept
1785237709308,true,1785237709355,LeaderAccept
1785237709418,true,1785237709465,LeaderAccept
1785237709534,true,1785237709581,LeaderAccept
1785237709657,false,1785237709704,LeaderAccept
1785237709788,true,1785237709834,LeaderAccept
1785237709927,false,1785237709974,LeaderAccept
1785237710076,true,1785237710123,LeaderAccept
1785237710237,false,1785237710284,LeaderAccept
1785237710413,false,1785237710460,LeaderAccept
1785237710604,true,1785237710650,LeaderAccept
1785237710813,false,1785237710860,LeaderAccept
1785237711046,true,1785237711092,LeaderAccept
1785237711306,true,1785237711353,LeaderAccept
1785237711604,true,1785237711650,LeaderAccept
1785237711948,false,1785237711994,FastAccept
1785237712357,true,1785237712403,FastAccept
1785237712859,true,1785237712905,FastAccept
1785237713502,true,1785237713549,LeaderAccept
1785237714390,true,1785237714436,LeaderAccept
1785237715772,false,1785237715819,LeaderAccept
1785237718530,true,1785237718577,LeaderAccept
1785237729480,true,1785237729527,LeaderAccept
1785237734213,true,1785237734259,LeaderAccept
1785237734237,false,1785237734283,LeaderAccept
1785237734262,false,1785237734309,LeaderAccept
1785237734288,true,1785237734335,LeaderAccept
1785237734313,true,1785237734359,LeaderAccept
1785237734339,true,1785237734385,LeaderAccept
1785237734366,false,1785237734412,LeaderAccept
1785237734392,true,1785237734438,LeaderAccept
1785237734419,true,1785237734467,LeaderAccept
1785237734447,true,1785237734494,LeaderAccept
1785237734474,true,1785237734520,LeaderAccept
1785237734502,true,1785237734549,LeaderAccept
1785237734530,true,1785237734577,LeaderAccept
1785237734559,true,1785237734606,LeaderAccept
1785237734588,false,1785237734634,LeaderAccept
1785237734617,false,1785237734664,LeaderAccept
1785237734647,true,1785237734695,LeaderAccept
1785237734678,true,1785237734725,LeaderAccept
1785237734709,false,1785237734756,LeaderAccept
1785237734741,true,1785237734788,LeaderAccept
1785237734773,true,1785237734820,LeaderAccept
1785237734806,false,1785237734853,LeaderAccept
1785237734839,true,1785237734887,LeaderAccept
1785237734873,false,1785237734920,LeaderAccept
1785237734907,false,1785237734954,LeaderAccept
1785237734942,true,1785237734990,LeaderAccept
1785237734978,false,1785237735026,LeaderAccept
1785237735014,false,1785237735062,LeaderAccept
1785237735050,true,1785237735097,LeaderAccept
1785237735087,true,1785237735134,LeaderAccept
1785237735125,false,1785237735172,LeaderAccept
1785237735164,false,1785237735211,LeaderAccept
1785237735203,false,1785237735250,LeaderAccept
1785237735244,false,1785237735291,LeaderAccept
1785237735285,true,1785237735332,LeaderAccept
1785237735327,false,1785237735374,LeaderAccept
1785237735370,true,1785237735417,LeaderAccept
1785237735413,false,1785237735460,LeaderAccept
1785237735458,false,1785237735505,LeaderAccept
1785237735503,true,1785237735550,LeaderAccept
1785237735550,false,1785237735597,LeaderAccept
1785237735598,true,1785237735645,LeaderAccept
1785237735646,true,1785237735693,LeaderAccept
1785237735696,true,1785237735743,LeaderAccept
1785237735747,false,1785237735793,LeaderAccept
1785237735799,false,1785237735847,LeaderAccept
1785237735853,true,1785237735900,LeaderAccept
1785237735908,true,1785237735955,LeaderAccept
1785237735964,true,1785237736011,LeaderAccept
1785237736022,true,1785237736069,LeaderAccept
1785237736082,false,1785237736129,LeaderAccept
1785237736144,true,1785237736191,LeaderAccept
1785237736207,true,1785237736254,LeaderAccept
1785237736272,true,1785237736319,LeaderAccept
1785237736340,true,1785237736388,LeaderAccept
1785237736410,true,1785237736457,LeaderAccept
1785237736482,true,1785237736529,LeaderAccept
1785237736558,false,1785237736605,LeaderAccept
1785237736636,false,1785237736683,LeaderAccept
1785237736717,true,1785237736764,LeaderAccept
1785237736801,true,1785237736849,LeaderAccept
1785237736889,false,1785237736936,LeaderAccept
1785237736982,false,1785237737028,LeaderAccept
1785237737078,true,1785237737125,LeaderAccept
1785237737179,true,1785237737226,LeaderAccept
1785237737285,false,1785237737331,LeaderAccept
1785237737396,true,1785237737443,LeaderAccept
1785237737514,true,1785237737561,LeaderAccept
1785237737639,true,1785237737686,LeaderAccept
1785237737772,false,1785237737819,LeaderAccept
1785237737914,true,1785237737962,LeaderAccept
1785237738067,true,1785237738114,LeaderAccept
1785237738232,true,1785237738279,LeaderAccept
1785237738410,true,1785237738458,LeaderAccept
1785237738605,false,1785237738652,LeaderAccept
1785237738820,true,1785237738866,LeaderAccept
1785237739059,true,1785237739105,FastAccept
1785237739328,false,1785237739374,FastAccept
1785237739635,true,1785237739682,FastAccept
1785237739994,true,1785237740041,FastAccept
1785237740423,true,1785237740469,FastAccept
1785237740955,false,1785237741001,FastAccept
1785237741648,false,1785237741694,FastAccept
1785237742629,true,1785237742675,FastAccept
1785237744228,false,1785237744274,FastAccept
1785237747781,false,1785237747827,FastAccept
1785237754917,true,1785237754964,LeaderAccept
1785237754950,false,1785237754997,LeaderAccept
1785237754984,false,1785237755031,LeaderAccept
1785237755018,false,1785237755065,LeaderAccept
1785237755053,true,1785237755126,LeaderAccept
1785237755088,true,1785237755135,LeaderAccept
1785237755124,true,1785237755171,LeaderAccept
1785237755160,false,1785237755207,LeaderAccept
1785237755197,false,1785237755244,LeaderAccept
1785237755235,false,1785237755282,LeaderAccept
1785237755273,false,1785237755321,LeaderAccept
1785237755313,false,1785237755360,LeaderAccept
1785237755353,true,1785237755400,LeaderAccept
1785237755394,true,1785237755441,LeaderAccept
1785237755435,false,1785237755482,LeaderAccept
1785237755477,false,1785237755523,LeaderAccept
1785237755521,true,1785237755568,LeaderAccept
1785237755566,false,1785237755613,LeaderAccept
1785237755611,false,1785237755658,LeaderAccept
1785237755657,false,1785237755704,LeaderAccept
1785237755705,true,1785237755753,LeaderAccept
1785237755754,true,1785237755801,LeaderAccept
1785237755803,false,1785237755850,LeaderAccept
1785237755855,true,1785237755902,LeaderAccept
1785237755907,false,1785237755955,LeaderAccept
1785237755961,true,1785237756008,LeaderAccept
1785237756016,false,1785237756064,LeaderAccept
1785237756073,false,1785237756120,LeaderAccept
1785237756131,true,1785237756178,LeaderAccept
1785237756191,false,1785237756238,LeaderAccept
1785237756253,true,1785237756300,LeaderAccept
1785237756316,true,1785237756362,LeaderAccept
1785237756381,false,1785237756428,LeaderAccept
1785237756448,true,1785237756495,LeaderAccept
1785237756518,true,1785237756565,LeaderAccept
1785237756591,true,1785237756637,LeaderAccept
1785237756665,true,1785237756713,LeaderAccept
1785237756743,true,1785237756790,LeaderAccept
1785237756824,true,1785237756870,LeaderAccept
1785237756908,true,1785237756955,LeaderAccept
1785237756995,false,1785237757043,LeaderAccept
1785237757087,true,1785237757134,LeaderAccept
1785237757183,false,1785237757230,LeaderAccept
1785237757283,true,1785237757330,LeaderAccept
1785237757389,false,1785237757436,LeaderAccept
1785237757500,true,1785237757547,LeaderAccept
1785237757619,true,1785237757666,LeaderAccept
1785237757743,true,1785237757789,LeaderAccept
1785237757875,false,1785237757922,LeaderAccept
1785237758016,true,1785237758063,LeaderAccept
1785237758167,true,1785237758214,LeaderAccept
1785237758332,false,1785237758379,LeaderAccept
1785237758508,true,1785237758555,LeaderAccept
1785237758702,true,1785237758749,LeaderAccept
1785237758914,false,1785237758961,LeaderAccept
1785237759151,false,1785237759198,LeaderAccept
1785237759417,true,1785237759463,FastAccept
1785237759721,true,1785237759767,FastAccept
1785237760075,true,1785237760121,FastAccept
1785237760497,true,1785237760558,SlowAccept
1785237761017,false,1785237761063,FastAccept
1785237761691,true,1785237761738,FastAccept
1785237762404,true,1785237762450,FastAccept
1785237762420,false,1785237762466,FastAccept
1785237762438,false,1785237762483,FastAccept
1785237762454,true,1785237762500,FastAccept
1785237762470,true,1785237762517,FastAccept
1785237762487,true,1785237762533,FastAccept
1785237762504,true,1785237762550,FastAccept
1785237762521,false,1785237762568,FastAccept
1785237762538,true,1785237762584,FastAccept
1785237762555,false,1785237762601,FastAccept
1785237762573,false,1785237762619,FastAccept
1785237762591,false,1785237762638,FastAccept
1785237762609,false,1785237762655,FastAccept
1785237762627,false,1785237762674,FastAccept
1785237762645,false,1785237762691,FastAccept
1785237762663,false,1785237762709,FastAccept
1785237762682,true,1785237762728,FastAccept
1785237762700,false,1785237762746,FastAccept
1785237762719,true,1785237762764,FastAccept
1785237762737,true,1785237762783,FastAccept
1785237762756,true,1785237762802,FastAccept
1785237762775,true,1785237762821,FastAccept
1785237762794,true,1785237762840,FastAccept
1785237762814,true,1785237762860,FastAccept
1785237762834,true,1785237762880,FastAccept
1785237762854,true,1785237762900,FastAccept
1785237762874,false,1785237762920,FastAccept
1785237762895,false,1785237762941,FastAccept
1785237762915,true,1785237762961,FastAccept
1785237762935,false,1785237762981,FastAccept
1785237762956,false,1785237763002,FastAccept
1785237762977,true,1785237763030,LeaderAccept
1785237762998,true,1785237763050,LeaderAccept
1785237763020,false,1785237763070,LeaderAccept
1785237763042,true,1785237763091,LeaderAccept
1785237763064,false,1785237763111,LeaderAccept
1785237763088,true,1785237763135,LeaderAccept
1785237763110,true,1785237763157,LeaderAccept
1785237763134,true,1785237763181,LeaderAccept
1785237763157,true,1785237763203,LeaderAccept
1785237763180,false,1785237763227,LeaderAccept
1785237763204,true,1785237763251,LeaderAccept
1785237763228,false,1785237763275,LeaderAccept
1785237763252,false,1785237763299,LeaderAccept
1785237763276,false,1785237763323,LeaderAccept
1785237763301,false,1785237763347,LeaderAccept
1785237763325,true,1785237763372,LeaderAccept
1785237763350,false,1785237763396,LeaderAccept
1785237763375,true,1785237763422,LeaderAccept
1785237763401,true,1785237763448,LeaderAccept
1785237763427,true,1785237763473,LeaderAccept
1785237763453,true,1785237763500,LeaderAccept
1785237763481,false,1785237763527,LeaderAccept
1785237763508,false,1785237763555,LeaderAccept
1785237763537,true,1785237763583,LeaderAccept
1785237763564,false,1785237763611,LeaderAccept
1785237763592,false,1785237763639,LeaderAccept
1785237763621,false,1785237763668,LeaderAccept
1785237763650,false,1785237763697,LeaderAccept
1785237763679,false,1785237763725,LeaderAccept
1785237763709,true,1785237763755,LeaderAccept
1785237763739,true,1785237763785,LeaderAccept
1785237763769,false,1785237763816,LeaderAccept
1785237763800,false,1785237763847,LeaderAccept
1785237763832,true,1785237763879,LeaderAccept
1785237763864,true,1785237763911,LeaderAccept
1785237763897,true,1785237763944,LeaderAccept
1785237763930,false,1785237763977,LeaderAccept
1785237763964,false,1785237764010,LeaderAccept
1785237763998,false,1785237764045,LeaderAccept
1785237764033,true,1785237764080,LeaderAccept
1785237764068,false,1785237764115,LeaderAccept
1785237764104,true,1785237764150,LeaderAccept
1785237764140,true,1785237764186,LeaderAccept
1785237764177,true,1785237764224,LeaderAccept
1785237764215,true,1785237764262,LeaderAccept
1785237764254,true,1785237764301,LeaderAccept
1785237764293,false,1785237764340,LeaderAccept
1785237764333,false,1785237764380,LeaderAccept
1785237764374,true,1785237764421,LeaderAccept
1785237764416,true,1785237764463,LeaderAccept
1785237764459,true,1785237764506,LeaderAccept
1785237764503,true,1785237764550,LeaderAccept
1785237764548,false,1785237764595,LeaderAccept
1785237764593,false,1785237764640,LeaderAccept
1785237764640,false,1785237764686,LeaderAccept
1785237764687,false,1785237764734,LeaderAccept
1785237764736,false,1785237764782,LeaderAccept
1785237764786,false,1785237764832,LeaderAccept
1785237764836,false,1785237764883,LeaderAccept
1785237764888,false,1785237764935,LeaderAccept
1785237764942,false,1785237764989,LeaderAccept
1785237764997,false,1785237765045,LeaderAccept
1785237765054,true,1785237765100,LeaderAccept
1785237765112,false,1785237765159,LeaderAccept
1785237765172,true,1785237765218,LeaderAccept
1785237765234,false,1785237765280,LeaderAccept
1785237765297,true,1785237765343,LeaderAccept
1785237765362,true,1785237765409,LeaderAccept
1785237765430,false,1785237765477,LeaderAccept
1785237765500,false,1785237765546,LeaderAccept
1785237765572,false,1785237765618,LeaderAccept
1785237765646,false,1785237765693,LeaderAccept
1785237765724,true,1785237765770,LeaderAccept
1785237765806,false,1785237765852,LeaderAccept
1785237765890,true,1785237765937,LeaderAccept
1785237765977,false,1785237766024,LeaderAccept
1785237766068,false,1785237766116,LeaderAccept
1785237766164,false,1785237766212,LeaderAccept
1785237766264,true,1785237766312,LeaderAccept
1785237766369,true,1785237766417,LeaderAccept
1785237766480,true,1785237766527,LeaderAccept
1785237766597,true,1785237766644,LeaderAccept
1785237766721,true,1785237766767,LeaderAccept
1785237766853,true,1785237766900,LeaderAccept
1785237766994,true,1785237767041,LeaderAccept
1785237767145,true,1785237767192,LeaderAccept
1785237767308,true,1785237767355,LeaderAccept
1785237767485,true,1785237767532,LeaderAccept
1785237767678,false,1785237767725,LeaderAccept
1785237767891,true,1785237767937,LeaderAccept
1785237768128,false,1785237768174,LeaderAccept
1785237768393,true,1785237768440,LeaderAccept
1785237768698,false,1785237768744,LeaderAccept
1785237769051,true,1785237769097,LeaderAccept
1785237769472,false,1785237769519,LeaderAccept
1785237769993,false,1785237770040,LeaderAccept
1785237770667,true,1785237770714,LeaderAccept
1785237771610,false,1785237771656,LeaderAccept
1785237773120,true,1785237773166,FastAccept
1785237776333,false,1785237776380,FastAccept
1785237792345,true,1785237792391,FastAccept
1785237795958,true,1785237796004,LeaderAccept
1785237795973,false,1785237796019,LeaderAccept
1785237795988,false,1785237796035,LeaderAccept
1785237796004,false,1785237796050,LeaderAccept
1785237796019,true,1785237796065,LeaderAccept
1785237796034,true,1785237796080,LeaderAccept
1785237796049,false,1785237796095,LeaderAccept
1785237796065,false,1785237796111,LeaderAccept
1785237796081,false,1785237796128,LeaderAccept
1785237796097,true,1785237796144,LeaderAccept
1785237796113,true,1785237796160,LeaderAccept
1785237796129,false,1785237796175,LeaderAccept
1785237796145,true,1785237796192,LeaderAccept
1785237796162,true,1785237796208,LeaderAccept
1785237796178,true,1785237796225,LeaderAccept
1785237796195,false,1785237796241,LeaderAccept
1785237796212,false,1785237796257,LeaderAccept
1785237796229,true,1785237796275,LeaderAccept
1785237796246,false,1785237796293,LeaderAccept
1785237796264,false,1785237796310,LeaderAccept
1785237796281,false,1785237796328,LeaderAccept
1785237796299,false,1785237796346,LeaderAccept
1785237796317,true,1785237796363,LeaderAccept
1785237796336,false,1785237796382,LeaderAccept
1785237796354,true,1785237796401,LeaderAccept
1785237796372,false,1785237796418,LeaderAccept
1785237796390,true,1785237796436,LeaderAccept
1785237796409,false,1785237796455,LeaderAccept
1785237796427,true,1785237796473,LeaderAccept
1785237796446,true,1785237796492,LeaderAccept
1785237796465,false,1785237796512,LeaderAccept
1785237796484,true,1785237796530,LeaderAccept
1785237796503,false,1785237796550,LeaderAccept
1785237796523,false,1785237796570,LeaderAccept
1785237796543,true,1785237796589,LeaderAccept
1785237796563,true,1785237796609,LeaderAccept
1785237796583,false,1785237796629,LeaderAccept
1785237796603,false,1785237796650,LeaderAccept
1785237796624,false,1785237796671,LeaderAccept
1785237796645,false,1785237796692,LeaderAccept
1785237796666,true,1785237796712,LeaderAccept
1785237796687,true,1785237796733,LeaderAccept
1785237796709,true,1785237796755,LeaderAccept
1785237796730,false,1785237796776,LeaderAccept
1785237796752,false,1785237796798,LeaderAccept
1785237796774,true,1785237796820,LeaderAccept
1785237796796,false,1785237796842,LeaderAccept
1785237796818,true,1785237796865,LeaderAccept
1785237796841,false,1785237796887,LeaderAccept
1785237796864,false,1785237796910,LeaderAccept
1785237796887,true,1785237796934,LeaderAccept
1785237796910,true,1785237796956,LeaderAccept
1785237796934,false,1785237796980,LeaderAccept
1785237796956,false,1785237797002,LeaderAccept
1785237796981,false,1785237797028,LeaderAccept
1785237797005,true,1785237797052,LeaderAccept
1785237797030,false,1785237797076,LeaderAccept
1785237797055,false,1785237797102,LeaderAccept
1785237797080,false,1785237797127,LeaderAccept
1785237797106,true,1785237797153,LeaderAccept
1785237797132,true,1785237797179,LeaderAccept
1785237797158,true,1785237797204,LeaderAccept
1785237797184,true,1785237797230,LeaderAccept
1785237797211,true,1785237797257,LeaderAccept
1785237797238,false,1785237797284,LeaderAccept
1785237797266,false,1785237797313,LeaderAccept
1785237797294,false,1785237797341,LeaderAccept
1785237797323,false,1785237797369,LeaderAccept
1785237797352,false,1785237797399,LeaderAccept
1785237797381,false,1785237797427,LeaderAccept
1785237797411,false,1785237797457,LeaderAccept
1785237797441,true,1785237797487,LeaderAccept
1785237797471,true,1785237797518,LeaderAccept
1785237797502,true,1785237797548,LeaderAccept
1785237797533,false,1785237797579,LeaderAccept
1785237797565,true,1785237797612,LeaderAccept
1785237797598,false,1785237797645,LeaderAccept
1785237797631,true,1785237797678,LeaderAccept
1785237797665,true,1785237797712,LeaderAccept
1785237797699,true,1785237797745,LeaderAccept
1785237797733,false,1785237797779,LeaderAccept
1785237797768,true,1785237797815,LeaderAccept
1785237797804,true,1785237797851,LeaderAccept
1785237797840,false,1785237797887,LeaderAccept
1785237797877,false,1785237797924,LeaderAccept
1785237797914,false,1785237797960,LeaderAccept
1785237797952,false,1785237797998,LeaderAccept
1785237797991,false,1785237798037,LeaderAccept
1785237798030,true,1785237798077,LeaderAccept
1785237798071,true,1785237798117,LeaderAccept
1785237798112,false,1785237798158,LeaderAccept
1785237798154,true,1785237798201,LeaderAccept
1785237798197,true,1785237798244,LeaderAccept
1785237798242,true,1785237798288,LeaderAccept
1785237798286,true,1785237798333,LeaderAccept
1785237798332,false,1785237798379,LeaderAccept
1785237798379,false,1785237798426,LeaderAccept
1785237798427,true,1785237798474,LeaderAccept
1785237798476,false,1785237798524,LeaderAccept
1785237798527,false,1785237798575,LeaderAccept
1785237798579,true,1785237798626,LeaderAccept
1785237798632,false,1785237798679,LeaderAccept
1785237798686,false,1785237798734,LeaderAccept
1785237798742,false,1785237798788,LeaderAccept
1785237798799,false,1785237798845,LeaderAccept
1785237798857,true,1785237798904,LeaderAccept
1785237798918,false,1785237798965,LeaderAccept
1785237798981,false,1785237799028,LeaderAccept
1785237799046,true,1785237799092,LeaderAccept
1785237799112,true,1785237799158,LeaderAccept
1785237799180,true,1785237799226,LeaderAccept
1785237799251,true,1785237799298,LeaderAccept
1785237799325,false,1785237799372,LeaderAccept
1785237799401,false,1785237799448,LeaderAccept
1785237799480,true,1785237799526,LeaderAccept
1785237799562,true,1785237799609,LeaderAccept
1785237799648,false,1785237799695,LeaderAccept
1785237799738,true,1785237799785,LeaderAccept
1785237799832,true,1785237799879,LeaderAccept
1785237799930,true,1785237799977,LeaderAccept
1785237800033,false,1785237800080,LeaderAccept
1785237800141,true,1785237800188,LeaderAccept
1785237800256,true,1785237800302,LeaderAccept
1785237800376,true,1785237800422,LeaderAccept
1785237800504,true,1785237800550,LeaderAccept
1785237800641,true,1785237800687,LeaderAccept
1785237800788,true,1785237800835,LeaderAccept
1785237800945,false,1785237800992,LeaderAccept
1785237801115,false,1785237801162,LeaderAccept
1785237801300,false,1785237801347,LeaderAccept
1785237801503,false,1785237801550,LeaderAccept
1785237801727,false,1785237801774,LeaderAccept
1785237801978,true,1785237802025,LeaderAccept
1785237802262,false,1785237802310,LeaderAccept
1785237802589,true,1785237802636,FastAccept
1785237802974,false,1785237803021,FastAccept
1785237803441,false,1785237803489,LeaderAccept
1785237804031,true,1785237804077,FastAccept
1785237804821,false,1785237804868,FastAccept
1785237805994,true,1785237806042,LeaderAccept
1785237808102,false,1785237808148,LeaderAccept
1785237812771,true,1785237812817,FastAccept
1785237812789,false,1785237812834,FastAccept
1785237812805,false,1785237812851,FastAccept
1785237812822,false,1785237812868,FastAccept
1785237812839,false,1785237812885,FastAccept
1785237812856,false,1785237812910,LeaderAccept
1785237812873,false,1785237812919,LeaderAccept
1785237812890,true,1785237812936,LeaderAccept
1785237812907,true,1785237812954,LeaderAccept
1785237812925,true,1785237812971,LeaderAccept
1785237812943,true,1785237812990,LeaderAccept
1785237812961,false,1785237813007,LeaderAccept
1785237812979,true,1785237813025,LeaderAccept
1785237812997,true,1785237813044,LeaderAccept
1785237813015,true,1785237813061,LeaderAccept
1785237813033,false,1785237813079,LeaderAccept
1785237813051,false,1785237813097,LeaderAccept
1785237813070,true,1785237813117,LeaderAccept
1785237813089,true,1785237813136,LeaderAccept
1785237813108,true,1785237813154,LeaderAccept
1785237813128,false,1785237813174,LeaderAccept
1785237813147,true,1785237813193,LeaderAccept
1785237813168,false,1785237813213,LeaderAccept
1785237813187,false,1785237813233,LeaderAccept
1785237813207,true,1785237813253,LeaderAccept
1785237813227,false,1785237813273,LeaderAccept
1785237813248,true,1785237813294,LeaderAccept
1785237813268,false,1785237813315,LeaderAccept
1785237813289,false,1785237813335,LeaderAccept
1785237813311,true,1785237813357,LeaderAccept
1785237813332,true,1785237813378,LeaderAccept
1785237813353,false,1785237813399,LeaderAccept
1785237813374,true,1785237813420,LeaderAccept
1785237813396,false,1785237813442,LeaderAccept
1785237813418,false,1785237813464,LeaderAccept
1785237813440,true,1785237813486,LeaderAccept
1785237813462,false,1785237813508,LeaderAccept
1785237813484,false,1785237813531,LeaderAccept
1785237813507,false,1785237813553,LeaderAccept
1785237813530,true,1785237813577,LeaderAccept
1785237813555,true,1785237813601,LeaderAccept
1785237813578,true,1785237813624,LeaderAccept
1785237813602,false,1785237813649,LeaderAccept
1785237813627,false,1785237813673,LeaderAccept
1785237813651,false,1785237813697,LeaderAccept
1785237813676,false,1785237813722,LeaderAccept
1785237813701,true,1785237813747,LeaderAccept
1785237813726,false,1785237813772,LeaderAccept
1785237813752,true,1785237813797,LeaderAccept
1785237813778,false,1785237813825,LeaderAccept
1785237813806,false,1785237813852,LeaderAccept
1785237813832,true,1785237813879,LeaderAccept
1785237813860,false,1785237813906,LeaderAccept
1785237813887,false,1785237813933,LeaderAccept
1785237813915,true,1785237813961,LeaderAccept
1785237813944,true,1785237813990,LeaderAccept
1785237813973,false,1785237814019,LeaderAccept
1785237814002,true,1785237814048,LeaderAccept
1785237814031,false,1785237814077,LeaderAccept
1785237814061,false,1785237814108,LeaderAccept
1785237814092,false,1785237814138,LeaderAccept
1785237814123,true,1785237814169,LeaderAccept
1785237814154,true,1785237814200,LeaderAccept
1785237814185,true,1785237814232,LeaderAccept
1785237814217,false,1785237814264,LeaderAccept
1785237814250,false,1785237814296,LeaderAccept
1785237814283,true,1785237814330,LeaderAccept
1785237814317,false,1785237814364,LeaderAccept
1785237814352,true,1785237814399,LeaderAccept
1785237814387,true,1785237814434,LeaderAccept
1785237814423,false,1785237814470,LeaderAccept
1785237814459,false,1785237814506,LeaderAccept
1785237814496,false,1785237814542,LeaderAccept
1785237814533,false,1785237814580,LeaderAccept
1785237814571,true,1785237814617,LeaderAccept
1785237814610,true,1785237814656,LeaderAccept
1785237814650,true,1785237814697,LeaderAccept
1785237814691,false,1785237814737,LeaderAccept
1785237814732,false,1785237814778,LeaderAccept
1785237814774,false,1785237814821,LeaderAccept
1785237814817,true,1785237814864,LeaderAccept
1785237814860,true,1785237814906,LeaderAccept
1785237814905,false,1785237814951,LeaderAccept
1785237814951,true,1785237814997,LeaderAccept
1785237814997,false,1785237815043,LeaderAccept
1785237815045,true,1785237815091,LeaderAccept
1785237815094,false,1785237815141,LeaderAccept
1785237815144,false,1785237815190,LeaderAccept
1785237815195,false,1785237815242,LeaderAccept
1785237815248,true,1785237815294,LeaderAccept
1785237815302,true,1785237815348,LeaderAccept
1785237815357,false,1785237815404,LeaderAccept
1785237815414,true,1785237815460,LeaderAccept
1785237815472,false,1785237815519,LeaderAccept
1785237815533,false,1785237815580,LeaderAccept
1785237815595,true,1785237815642,LeaderAccept
1785237815659,true,1785237815705,LeaderAccept
1785237815726,false,1785237815772,LeaderAccept
1785237815794,false,1785237815841,LeaderAccept
1785237815865,true,1785237815912,LeaderAccept
1785237815939,true,1785237815986,LeaderAccept
1785237816014,true,1785237816062,LeaderAccept
1785237816093,true,1785237816140,LeaderAccept
1785237816175,true,1785237816222,LeaderAccept
1785237816260,true,1785237816307,LeaderAccept
1785237816349,true,1785237816397,LeaderAccept
1785237816442,true,1785237816489,LeaderAccept
1785237816539,false,1785237816586,LeaderAccept
1785237816641,true,1785237816688,LeaderAccept
1785237816748,false,1785237816795,LeaderAccept
1785237816862,true,1785237816908,LeaderAccept
1785237816981,false,1785237817028,LeaderAccept
1785237817108,false,1785237817155,LeaderAccept
1785237817243,false,1785237817290,LeaderAccept
1785237817389,false,1785237817435,LeaderAccept
1785237817545,false,1785237817591,LeaderAccept
1785237817713,false,1785237817760,LeaderAccept
1785237817896,false,1785237817942,FastAccept
1785237818096,false,1785237818142,FastAccept
1785237818318,false,1785237818364,FastAccept
1785237818566,true,1785237818612,FastAccept
1785237818845,true,1785237818891,FastAccept
1785237819166,false,1785237819213,FastAccept
1785237819543,true,1785237819590,FastAccept
1785237819999,true,1785237820045,FastAccept
1785237820569,true,1785237820616,FastAccept
1785237821329,false,1785237821376,LeaderAccept
1785237822437,true,1785237822484,LeaderAccept
1785237824365,true,1785237824411,LeaderAccept
1785237829418,true,1785237829465,LeaderAccept
1785237852037,false,1785237852083,FastAccept
1785237852059,true,1785237852105,FastAccept
1785237852081,true,1785237852127,FastAccept
1785237852104,false,1785237852157,FastAccept
1785237852127,true,1785237852173,FastAccept
1785237852150,true,1785237852197,LeaderAccept
1785237852174,false,1785237852220,LeaderAccept
1785237852198,true,1785237852245,LeaderAccept
1785237852222,false,1785237852268,LeaderAccept
1785237852246,false,1785237852293,LeaderAccept
1785237852271,true,1785237852318,LeaderAccept
1785237852296,true,1785237852343,LeaderAccept
1785237852321,false,1785237852368,LeaderAccept
1785237852346,true,1785237852393,LeaderAccept
1785237852372,true,1785237852418,LeaderAccept
1785237852398,true,1785237852445,LeaderAccept
1785237852424,true,1785237852470,LeaderAccept
1785237852450,false,1785237852495,LeaderAccept
1785237852477,false,1785237852523,LeaderAccept
1785237852504,true,1785237852550,LeaderAccept
1785237852531,true,1785237852578,LeaderAccept
1785237852559,true,1785237852605,LeaderAccept
1785237852587,false,1785237852633,LeaderAccept
1785237852617,true,1785237852663,LeaderAccept
1785237852646,false,1785237852692,LeaderAccept
1785237852676,true,1785237852722,LeaderAccept
1785237852706,false,1785237852752,LeaderAccept
1785237852736,true,1785237852782,LeaderAccept
1785237852767,true,1785237852814,LeaderAccept
1785237852798,true,1785237852844,LeaderAccept
1785237852830,true,1785237852876,LeaderAccept
1785237852862,true,1785237852910,LeaderAccept
1785237852895,true,1785237852942,LeaderAccept
1785237852929,false,1785237852975,LeaderAccept
1785237852963,true,1785237853009,LeaderAccept
1785237852999,true,1785237853046,LeaderAccept
1785237853034,false,1785237853081,LeaderAccept
1785237853070,true,1785237853116,LeaderAccept
1785237853106,true,1785237853152,LeaderAccept
1785237853143,true,1785237853189,LeaderAccept
1785237853181,false,1785237853227,LeaderAccept
1785237853219,false,1785237853265,LeaderAccept
1785237853258,false,1785237853305,LeaderAccept
1785237853298,true,1785237853345,LeaderAccept
1785237853339,false,1785237853385,LeaderAccept
1785237853380,true,1785237853427,LeaderAccept
1785237853422,false,1785237853468,LeaderAccept
1785237853465,false,1785237853512,LeaderAccept
1785237853510,true,1785237853556,LeaderAccept
1785237853555,false,1785237853601,LeaderAccept
1785237853601,false,1785237853648,LeaderAccept
1785237853648,true,1785237853694,LeaderAccept
1785237853697,true,1785237853743,LeaderAccept
1785237853746,false,1785237853793,LeaderAccept
1785237853797,true,1785237853844,LeaderAccept
1785237853849,false,1785237853896,LeaderAccept
1785237853902,false,1785237853949,LeaderAccept
1785237853957,true,1785237854004,LeaderAccept
1785237854013,true,1785237854059,LeaderAccept
1785237854071,false,1785237854117,LeaderAccept
1785237854130,false,1785237854177,LeaderAccept
1785237854191,false,1785237854238,LeaderAccept
1785237854254,false,1785237854300,LeaderAccept
1785237854319,false,1785237854365,LeaderAccept
1785237854386,true,1785237854433,LeaderAccept
1785237854455,true,1785237854502,LeaderAccept
1785237854527,false,1785237854574,LeaderAccept
1785237854601,true,1785237854648,LeaderAccept
1785237854678,false,1785237854725,LeaderAccept
1785237854758,true,1785237854805,LeaderAccept
1785237854841,false,1785237854888,LeaderAccept
1785237854928,true,1785237854975,LeaderAccept
1785237855019,false,1785237855067,LeaderAccept
1785237855114,false,1785237855161,LeaderAccept
1785237855213,true,1785237855260,LeaderAccept
1785237855317,false,1785237855363,LeaderAccept
1785237855427,true,1785237855473,LeaderAccept
1785237855542,false,1785237855588,LeaderAccept
1785237855664,true,1785237855711,LeaderAccept
1785237855794,true,1785237855840,LeaderAccept
1785237855932,true,1785237855979,LeaderAccept
1785237856081,true,1785237856127,LeaderAccept
1785237856241,false,1785237856287,LeaderAccept
1785237856414,true,1785237856460,LeaderAccept
1785237856602,false,1785237856650,LeaderAccept
1785237856809,true,1785237856856,LeaderAccept
1785237857039,true,1785237857086,LeaderAccept
1785237857297,false,1785237857344,LeaderAccept
1785237857590,false,1785237857636,LeaderAccept
1785237857928,false,1785237857974,LeaderAccept
1785237858329,false,1785237858376,LeaderAccept
1785237858819,false,1785237858866,LeaderAccept
1785237859445,true,1785237859491,LeaderAccept
1785237860299,true,1785237860346,LeaderAccept
1785237861608,false,1785237861655,LeaderAccept
1785237864127,false,1785237864180,LeaderAccept
1785237868449,false,1785237868496,LeaderAccept
1785237868488,true,1785237868534,LeaderAccept
1785237868527,true,1785237868574,LeaderAccept
1785237868567,false,1785237868614,LeaderAccept
1785237868608,false,1785237868655,LeaderAccept
1785237868650,false,1785237868696,LeaderAccept
1785237868692,false,1785237868739,LeaderAccept
1785237868735,false,1785237868782,LeaderAccept
1785237868779,true,1785237868826,LeaderAccept
1785237868824,true,1785237868871,LeaderAccept
1785237868870,false,1785237868917,LeaderAccept
1785237868917,false,1785237868963,LeaderAccept
1785237868966,true,1785237869012,LeaderAccept
1785237869016,true,1785237869062,LeaderAccept
1785237869066,false,1785237869112,LeaderAccept
1785237869118,true,1785237869164,LeaderAccept
1785237869170,true,1785237869217,LeaderAccept
1785237869225,true,1785237869271,LeaderAccept
1785237869281,false,1785237869327,LeaderAccept
1785237869338,true,1785237869385,LeaderAccept
1785237869397,false,1785237869443,LeaderAccept
1785237869458,true,1785237869505,LeaderAccept
1785237869520,true,1785237869567,LeaderAccept
1785237869584,false,1785237869631,LeaderAccept
1785237869650,false,1785237869696,LeaderAccept
1785237869718,true,1785237869765,LeaderAccept
1785237869789,false,1785237869836,LeaderAccept
1785237869863,true,1785237869910,LeaderAccept
1785237869939,false,1785237869986,LeaderAccept
1785237870018,true,1785237870065,LeaderAccept
1785237870100,false,1785237870147,LeaderAccept
1785237870185,false,1785237870232,LeaderAccept
1785237870274,false,1785237870321,LeaderAccept
1785237870368,true,1785237870415,LeaderAccept
1785237870465,false,1785237870512,LeaderAccept
1785237870567,false,1785237870614,LeaderAccept
1785237870675,true,1785237870721,LeaderAccept
1785237870789,false,1785237870836,LeaderAccept
1785237870909,true,1785237870956,LeaderAccept
1785237871037,true,1785237871084,LeaderAccept
1785237871173,false,1785237871219,LeaderAccept
1785237871319,true,1785237871366,LeaderAccept
1785237871475,false,1785237871522,LeaderAccept
1785237871644,false,1785237871692,LeaderAccept
1785237871828,false,1785237871876,LeaderAccept
1785237872029,true,1785237872076,LeaderAccept
1785237872252,false,1785237872299,LeaderAccept
1785237872501,false,1785237872548,LeaderAccept
1785237872783,false,1785237872830,LeaderAccept
1785237873107,false,1785237873154,LeaderAccept
1785237873488,false,1785237873534,FastAccept
1785237873948,false,1785237873994,FastAccept
1785237874528,true,1785237874574,FastAccept
1785237875301,false,1785237875347,FastAccept
1785237876439,false,1785237876496,LeaderAccept
1785237878449,true,1785237878495,FastAccept
1785237883938,true,1785237883984,FastAccept
1785237906238,false,1785237906284,FastAccept
1785237906270,false,1785237906317,FastAccept
1785237906303,true,1785237906349,FastAccept
1785237906337,false,1785237906383,FastAccept
1785237906371,false,1785237906417,FastAccept
1785237906406,true,1785237906453,FastAccept
1785237906442,false,1785237906489,FastAccept
1785237906478,false,1785237906524,FastAccept
1785237906515,false,1785237906561,FastAccept
1785237906552,true,1785237906598,FastAccept
1785237906590,false,1785237906636,FastAccept
1785237906629,true,1785237906675,FastAccept
1785237906668,false,1785237906714,FastAccept
1785237906708,false,1785237906754,FastAccept
1785237906749,true,1785237906795,FastAccept
1785237906791,true,1785237906837,FastAccept
1785237906834,false,1785237906880,FastAccept
1785237906878,true,1785237906923,FastAccept
1785237906922,false,1785237906968,FastAccept
1785237906968,false,1785237907013,FastAccept
1785237907015,false,1785237907060,FastAccept
1785237907062,true,1785237907108,FastAccept
1785237907110,false,1785237907156,FastAccept
1785237907159,false,1785237907205,FastAccept
1785237907210,true,1785237907256,FastAccept
1785237907262,false,1785237907308,FastAccept
1785237907317,true,1785237907363,FastAccept
1785237907372,true,1785237907418,FastAccept
1785237907428,false,1785237907474,FastAccept
1785237907487,false,1785237907533,FastAccept
1785237907547,true,1785237907593,FastAccept
1785237907610,false,1785237907656,FastAccept
1785237907673,true,1785237907719,FastAccept
1785237907739,false,1785237907785,FastAccept
1785237907807,false,1785237907853,FastAccept
1785237907878,true,1785237907924,FastAccept
1785237907950,false,1785237907996,FastAccept
1785237908025,true,1785237908071,FastAccept
1785237908104,true,1785237908150,FastAccept
1785237908185,true,1785237908231,FastAccept
1785237908269,false,1785237908315,FastAccept
1785237908358,false,1785237908404,FastAccept
1785237908450,true,1785237908496,FastAccept
1785237908546,false,1785237908592,FastAccept
1785237908647,true,1785237908693,FastAccept
1785237908753,false,1785237908799,FastAccept
1785237908865,true,1785237908911,FastAccept
1785237908983,true,1785237909030,FastAccept
1785237909109,false,1785237909155,FastAccept
1785237909243,true,1785237909289,FastAccept
1785237909385,true,1785237909432,FastAccept
1785237909538,false,1785237909584,FastAccept
1785237909704,false,1785237909749,FastAccept
1785237909883,true,1785237909929,FastAccept
1785237910079,false,1785237910125,FastAccept
1785237910295,true,1785237910341,FastAccept
1785237910536,false,1785237910582,FastAccept
1785237910807,true,1785237910854,FastAccept
1785237911118,true,1785237911164,FastAccept
1785237911481,true,1785237911527,FastAccept
1785237911915,true,1785237911961,FastAccept
1785237912454,true,1785237912500,FastAccept
1785237913160,false,1785237913206,FastAccept
1785237914164,false,1785237914210,FastAccept
1785237915823,true,1785237915869,FastAccept
1785237919623,true,1785237919670,LeaderAccept
1785237936843,true,1785237936890,LeaderAccept
1785237936858,true,1785237936904,LeaderAccept
1785237936873,true,1785237936919,LeaderAccept
1785237936888,true,1785237936944,LeaderAccept
1785237936904,false,1785237936951,LeaderAccept
1785237936920,true,1785237936966,LeaderAccept
1785237936936,false,1785237936983,LeaderAccept
1785237936952,false,1785237936998,LeaderAccept
1785237936968,true,1785237937014,LeaderAccept
1785237936984,false,1785237937030,LeaderAccept
1785237937000,true,1785237937046,LeaderAccept
1785237937016,false,1785237937062,LeaderAccept
1785237937032,true,1785237937078,LeaderAccept
1785237937050,true,1785237937097,LeaderAccept
1785237937066,true,1785237937113,LeaderAccept
1785237937083,false,1785237937130,LeaderAccept
1785237937100,false,1785237937146,LeaderAccept
1785237937117,false,1785237937163,LeaderAccept
1785237937134,false,1785237937181,LeaderAccept
1785237937151,true,1785237937198,LeaderAccept
1785237937168,true,1785237937215,LeaderAccept
1785237937186,false,1785237937232,LeaderAccept
1785237937203,true,1785237937249,LeaderAccept
1785237937221,true,1785237937268,LeaderAccept
1785237937239,true,1785237937285,LeaderAccept
1785237937257,true,1785237937304,LeaderAccept
1785237937276,false,1785237937323,LeaderAccept
1785237937295,true,1785237937341,LeaderAccept
1785237937314,true,1785237937360,LeaderAccept
1785237937332,true,1785237937378,LeaderAccept
1785237937351,false,1785237937397,LeaderAccept
1785237937370,false,1785237937417,LeaderAccept
1785237937390,true,1785237937437,LeaderAccept
1785237937411,true,1785237937456,LeaderAccept
1785237937430,true,1785237937476,LeaderAccept
1785237937450,false,1785237937496,LeaderAccept
1785237937471,false,1785237937517,LeaderAccept
1785237937491,true,1785237937537,LeaderAccept
1785237937512,true,1785237937558,LeaderAccept
1785237937532,true,1785237937579,LeaderAccept
1785237937553,true,1785237937600,LeaderAccept
1785237937575,false,1785237937621,LeaderAccept
1785237937596,false,1785237937642,LeaderAccept
1785237937617,true,1785237937663,LeaderAccept
1785237937640,true,1785237937686,LeaderAccept
1785237937661,false,1785237937707,LeaderAccept
1785237937684,false,1785237937730,LeaderAccept
1785237937706,false,1785237937752,LeaderAccept
1785237937729,true,1785237937775,LeaderAccept
1785237937752,false,1785237937798,LeaderAccept
1785237937775,true,1785237937821,LeaderAccept
1785237937798,false,1785237937844,LeaderAccept
1785237937822,true,1785237937868,LeaderAccept
1785237937846,true,1785237937893,LeaderAccept
1785237937870,false,1785237937916,LeaderAccept
1785237937894,true,1785237937940,LeaderAccept
1785237937918,false,1785237937965,LeaderAccept
1785237937943,true,1785237937989,LeaderAccept
1785237937968,false,1785237938015,LeaderAccept
1785237937994,false,1785237938041,LeaderAccept
1785237938020,true,1785237938067,LeaderAccept
1785237938046,false,1785237938093,LeaderAccept
1785237938073,false,1785237938120,LeaderAccept
1785237938100,false,1785237938147,LeaderAccept
1785237938128,true,1785237938175,LeaderAccept
1785237938156,false,1785237938203,LeaderAccept
1785237938184,false,1785237938230,LeaderAccept
1785237938212,true,1785237938258,LeaderAccept
1785237938241,false,1785237938287,LeaderAccept
1785237938270,true,1785237938316,LeaderAccept
1785237938300,true,1785237938347,LeaderAccept
1785237938330,true,1785237938377,LeaderAccept
1785237938361,false,1785237938407,LeaderAccept
1785237938392,false,1785237938439,LeaderAccept
1785237938424,false,1785237938470,LeaderAccept
1785237938456,true,1785237938502,LeaderAccept
1785237938488,false,1785237938534,LeaderAccept
1785237938521,true,1785237938568,LeaderAccept
1785237938555,true,1785237938601,LeaderAccept
1785237938589,false,1785237938635,LeaderAccept
1785237938623,false,1785237938670,LeaderAccept
1785237938659,true,1785237938705,LeaderAccept
1785237938695,true,1785237938741,LeaderAccept
1785237938731,true,1785237938777,LeaderAccept
1785237938768,false,1785237938815,LeaderAccept
1785237938806,true,1785237938853,LeaderAccept
1785237938845,false,1785237938892,LeaderAccept
1785237938884,false,1785237938930,LeaderAccept
1785237938924,false,1785237938970,LeaderAccept
1785237938965,false,1785237939011,LeaderAccept
1785237939007,false,1785237939053,LeaderAccept
1785237939049,false,1785237939095,LeaderAccept
1785237939092,true,1785237939139,LeaderAccept
1785237939137,true,1785237939184,LeaderAccept
1785237939183,false,1785237939230,LeaderAccept
1785237939229,true,1785237939275,LeaderAccept
1785237939277,false,1785237939323,LeaderAccept
1785237939325,false,1785237939372,LeaderAccept
1785237939375,true,1785237939422,LeaderAccept
1785237939426,true,1785237939472,LeaderAccept
1785237939478,true,1785237939525,LeaderAccept
1785237939532,false,1785237939579,LeaderAccept
1785237939587,false,1785237939634,LeaderAccept
1785237939644,true,1785237939691,LeaderAccept
1785237939702,true,1785237939748,LeaderAccept
1785237939762,false,1785237939808,LeaderAccept
1785237939823,false,1785237939870,LeaderAccept
1785237939887,false,1785237939934,LeaderAccept
1785237939953,true,1785237940000,LeaderAccept
1785237940021,false,1785237940067,LeaderAccept
1785237940091,true,1785237940137,LeaderAccept
1785237940164,false,1785237940210,LeaderAccept
1785237940239,false,1785237940285,LeaderAccept
1785237940316,false,1785237940363,LeaderAccept
1785237940397,true,1785237940444,LeaderAccept
1785237940481,true,1785237940528,LeaderAccept
1785237940568,true,1785237940615,LeaderAccept
1785237940659,true,1785237940706,LeaderAccept
1785237940755,false,1785237940802,LeaderAccept
1785237940855,true,1785237940902,LeaderAccept
1785237940961,true,1785237941007,LeaderAccept
1785237941072,false,1785237941119,LeaderAccept
1785237941191,false,1785237941237,LeaderAccept
1785237941315,true,1785237941361,LeaderAccept
1785237941447,false,1785237941493,LeaderAccept
1785237941588,true,1785237941634,LeaderAccept
1785237941739,true,1785237941786,LeaderAccept
1785237941902,true,1785237941949,LeaderAccept
1785237942079,false,1785237942126,LeaderAccept
1785237942272,true,1785237942343,LeaderAccept
1785237942486,true,1785237942532,LeaderAccept
1785237942722,false,1785237942769,LeaderAccept
1785237942988,false,1785237943034,LeaderAccept
1785237943291,false,1785237943338,LeaderAccept
1785237943645,false,1785237943692,LeaderAccept
1785237944067,true,1785237944113,LeaderAccept
1785237944588,true,1785237944634,LeaderAccept
1785237945261,true,1785237945308,LeaderAccept
1785237946204,true,1785237946251,LeaderAccept
1785237947716,false,1785237947762,FastAccept
1785237950931,false,1785237950978,FastAccept
1785237966980,true,1785237967026,LeaderAccept
1785237969994,true,1785237970040,FastAccept
1785237970009,false,1785237970055,FastAccept
1785237970025,false,1785237970072,FastAccept
1785237970041,true,1785237970087,FastAccept
1785237970056,true,1785237970102,FastAccept
1785237970072,true,1785237970118,FastAccept
1785237970087,true,1785237970133,FastAccept
1785237970103,false,1785237970149,FastAccept
1785237970119,false,1785237970165,FastAccept
1785237970135,true,1785237970181,FastAccept
1785237970151,false,1785237970197,FastAccept
1785237970167,false,1785237970213,FastAccept
1785237970183,true,1785237970229,FastAccept
1785237970201,true,1785237970247,FastAccept
1785237970217,false,1785237970263,FastAccept
1785237970234,true,1785237970280,FastAccept
1785237970251,false,1785237970316,LeaderAccept
1785237970268,false,1785237970314,FastAccept
1785237970285,false,1785237970336,LeaderAccept
1785237970303,false,1785237970365,LeaderAccept
1785237970321,true,1785237970412,LeaderAccept
1785237970339,true,1785237970392,FastAccept
1785237970357,false,1785237970406,LeaderAccept
1785237970376,false,1785237970422,LeaderAccept
1785237970394,false,1785237970441,LeaderAccept
1785237970413,false,1785237970460,LeaderAccept
1785237970433,false,1785237970479,LeaderAccept
1785237970451,false,1785237970498,LeaderAccept
1785237970470,true,1785237970517,LeaderAccept
1785237970491,false,1785237970537,LeaderAccept
1785237970510,true,1785237970556,LeaderAccept
1785237970529,true,1785237970576,LeaderAccept
1785237970549,true,1785237970596,LeaderAccept
1785237970569,true,1785237970616,LeaderAccept
1785237970590,false,1785237970636,LeaderAccept
1785237970610,true,1785237970656,LeaderAccept
1785237970630,false,1785237970676,LeaderAccept
1785237970650,true,1785237970696,LeaderAccept
1785237970670,true,1785237970716,LeaderAccept
1785237970691,false,1785237970738,LeaderAccept
1785237970713,false,1785237970760,LeaderAccept
1785237970735,false,1785237970782,LeaderAccept
1785237970757,true,1785237970803,LeaderAccept
1785237970779,true,1785237970826,LeaderAccept
1785237970802,false,1785237970848,LeaderAccept
1785237970824,true,1785237970871,LeaderAccept
1785237970847,true,1785237970894,LeaderAccept
1785237970871,true,1785237970917,LeaderAccept
1785237970894,false,1785237970940,LeaderAccept
1785237970917,false,1785237970965,LeaderAccept
1785237970941,false,1785237970988,LeaderAccept
1785237970965,true,1785237971011,LeaderAccept
1785237970989,true,1785237971036,LeaderAccept
1785237971014,true,1785237971060,LeaderAccept
1785237971038,true,1785237971086,LeaderAccept
1785237971063,true,1785237971110,LeaderAccept
1785237971089,true,1785237971136,LeaderAccept
1785237971115,true,1785237971161,LeaderAccept
1785237971141,false,1785237971187,LeaderAccept
1785237971167,false,1785237971213,LeaderAccept
1785237971194,false,1785237971240,LeaderAccept
1785237971220,true,1785237971266,LeaderAccept
1785237971247,false,1785237971294,LeaderAccept
1785237971275,true,1785237971322,LeaderAccept
1785237971303,true,1785237971350,LeaderAccept
1785237971331,false,1785237971378,LeaderAccept
1785237971360,false,1785237971407,LeaderAccept
1785237971389,false,1785237971435,LeaderAccept
1785237971418,false,1785237971465,LeaderAccept
1785237971448,true,1785237971495,LeaderAccept
1785237971479,true,1785237971525,LeaderAccept
1785237971510,false,1785237971557,LeaderAccept
1785237971543,false,1785237971590,LeaderAccept
1785237971574,false,1785237971620,LeaderAccept
1785237971606,true,1785237971652,LeaderAccept
1785237971639,true,1785237971686,LeaderAccept
1785237971672,false,1785237971719,LeaderAccept
1785237971706,true,1785237971753,LeaderAccept
1785237971740,false,1785237971788,LeaderAccept
1785237971775,false,1785237971822,LeaderAccept
1785237971811,false,1785237971858,LeaderAccept
1785237971847,false,1785237971894,LeaderAccept
1785237971884,true,1785237971931,LeaderAccept
1785237971922,true,1785237971969,LeaderAccept
1785237971960,true,1785237972007,LeaderAccept
1785237971999,true,1785237972046,LeaderAccept
1785237972039,true,1785237972086,LeaderAccept
1785237972080,false,1785237972127,LeaderAccept
1785237972121,false,1785237972168,LeaderAccept
1785237972163,false,1785237972210,LeaderAccept
1785237972206,false,1785237972253,LeaderAccept
1785237972250,false,1785237972299,LeaderAccept
1785237972295,true,1785237972342,LeaderAccept
1785237972341,false,1785237972388,LeaderAccept
1785237972388,false,1785237972434,LeaderAccept
1785237972436,false,1785237972483,LeaderAccept
1785237972485,true,1785237972532,LeaderAccept
1785237972535,true,1785237972581,LeaderAccept
1785237972586,true,1785237972633,LeaderAccept
1785237972639,false,1785237972686,LeaderAccept
1785237972693,false,1785237972740,LeaderAccept
1785237972749,true,1785237972795,LeaderAccept
1785237972806,false,1785237972852,LeaderAccept
1785237972865,false,1785237972911,LeaderAccept
1785237972925,true,1785237972972,LeaderAccept
1785237972988,false,1785237973035,LeaderAccept
1785237973052,false,1785237973099,LeaderAccept
1785237973119,true,1785237973166,LeaderAccept
1785237973188,true,1785237973235,LeaderAccept
1785237973259,false,1785237973306,LeaderAccept
1785237973332,false,1785237973379,LeaderAccept
1785237973409,true,1785237973455,LeaderAccept
1785237973488,false,1785237973535,LeaderAccept
1785237973570,true,1785237973617,LeaderAccept
1785237973656,false,1785237973704,LeaderAccept
1785237973746,true,1785237973794,LeaderAccept
1785237973840,true,1785237973887,LeaderAccept
1785237973938,false,1785237973984,LeaderAccept
1785237974041,false,1785237974087,LeaderAccept
1785237974150,true,1785237974196,LeaderAccept
1785237974264,true,1785237974311,LeaderAccept
1785237974385,false,1785237974431,LeaderAccept
1785237974513,true,1785237974559,LeaderAccept
1785237974649,true,1785237974696,LeaderAccept
1785237974795,false,1785237974842,LeaderAccept
1785237974952,true,1785237974999,LeaderAccept
1785237975122,false,1785237975169,LeaderAccept
1785237975307,false,1785237975354,LeaderAccept
1785237975509,false,1785237975556,LeaderAccept
1785237975733,false,1785237975779,LeaderAccept
1785237975983,true,1785237976029,LeaderAccept
1785237976266,true,1785237976313,LeaderAccept
1785237976592,false,1785237976639,LeaderAccept
1785237976976,false,1785237977023,LeaderAccept
1785237977442,false,1785237977488,LeaderAccept
1785237978029,false,1785237978075,LeaderAccept
1785237978815,true,1785237978862,LeaderAccept
1785237979980,true,1785237980027,LeaderAccept
1785237981872,false,1785237981919,LeaderAccept
1785237981912,true,1785237981959,LeaderAccept
1785237981953,false,1785237981999,LeaderAccept
1785237981995,false,1785237982042,LeaderAccept
1785237982038,false,1785237982085,LeaderAccept
1785237982082,true,1785237982129,LeaderAccept
1785237982127,false,1785237982174,LeaderAccept
1785237982173,true,1785237982219,LeaderAccept
1785237982221,false,1785237982268,LeaderAccept
1785237982267,false,1785237982315,LeaderAccept
1785237982316,true,1785237982362,LeaderAccept
1785237982366,true,1785237982413,LeaderAccept
1785237982418,true,1785237982464,LeaderAccept
1785237982470,false,1785237982517,LeaderAccept
1785237982524,true,1785237982571,LeaderAccept
1785237982580,true,1785237982627,LeaderAccept
1785237982637,true,1785237982684,LeaderAccept
1785237982695,false,1785237982741,LeaderAccept
1785237982756,false,1785237982802,LeaderAccept
1785237982818,false,1785237982865,LeaderAccept
1785237982882,true,1785237982929,LeaderAccept
1785237982948,false,1785237982995,LeaderAccept
1785237983016,true,1785237983063,LeaderAccept
1785237983088,true,1785237983135,LeaderAccept
1785237983161,false,1785237983208,LeaderAccept
1785237983237,false,1785237983284,LeaderAccept
1785237983316,false,1785237983363,LeaderAccept
1785237983398,false,1785237983445,LeaderAccept
1785237983483,true,1785237983530,LeaderAccept
1785237983572,true,1785237983619,LeaderAccept
1785237983665,true,1785237983712,LeaderAccept
1785237983762,false,1785237983808,LeaderAccept
1785237983864,false,1785237983911,LeaderAccept
1785237983971,true,1785237984018,LeaderAccept
1785237984084,true,1785237984131,LeaderAccept
1785237984203,false,1785237984250,LeaderAccept
1785237984330,true,1785237984377,LeaderAccept
1785237984465,true,1785237984512,LeaderAccept
1785237984609,false,1785237984655,LeaderAccept
1785237984764,false,1785237984811,LeaderAccept
1785237984931,true,1785237984979,LeaderAccept
1785237985113,true,1785237985165,LeaderAccept
1785237985313,false,1785237985359,LeaderAccept
1785237985532,false,1785237985579,LeaderAccept
1785237985777,true,1785237985824,LeaderAccept
1785237986054,false,1785237986101,FastAccept
1785237986372,false,1785237986418,FastAccept
1785237986745,false,1785237986791,FastAccept
1785237987194,true,1785237987240,FastAccept
1785237987755,false,1785237987802,LeaderAccept
1785237988498,false,1785237988544,LeaderAccept
1785237989574,true,1785237989621,LeaderAccept
1785237991417,true,1785237991464,LeaderAccept
1785237995736,true,1785237995783,FastAccept
1785237995768,true,1785237995814,FastAccept
1785237995800,false,1785237995846,FastAccept
1785237995832,false,1785237995878,FastAccept
1785237995865,true,1785237995911,FastAccept
1785237995900,false,1785237995945,FastAccept
1785237995935,false,1785237995981,FastAccept
1785237995969,false,1785237996015,FastAccept
1785237996004,false,1785237996050,FastAccept
1785237996040,false,1785237996090,LeaderAccept
1785237996076,false,1785237996122,FastAccept
1785237996113,true,1785237996159,FastAccept
1785237996150,true,1785237996196,FastAccept
1785237996189,true,1785237996235,FastAccept
1785237996229,false,1785237996275,FastAccept
1785237996268,true,1785237996314,FastAccept
1785237996308,false,1785237996354,FastAccept
1785237996349,true,1785237996395,FastAccept
1785237996391,false,1785237996437,FastAccept
1785237996434,false,1785237996480,FastAccept
1785237996478,true,1785237996524,FastAccept
1785237996524,true,1785237996570,FastAccept
1785237996570,true,1785237996615,FastAccept
1785237996617,false,1785237996663,FastAccept
1785237996665,false,1785237996711,FastAccept
1785237996716,false,1785237996762,FastAccept
1785237996766,false,1785237996812,FastAccept
1785237996818,true,1785237996864,FastAccept
1785237996871,false,1785237996917,FastAccept
1785237996927,true,1785237996972,FastAccept
1785237996983,true,1785237997029,FastAccept
1785237997040,false,1785237997086,FastAccept
1785237997099,false,1785237997146,FastAccept
1785237997160,false,1785237997206,FastAccept
1785237997223,true,1785237997270,FastAccept
1785237997288,false,1785237997334,FastAccept
1785237997355,false,1785237997401,FastAccept
1785237997424,true,1785237997470,FastAccept
1785237997496,false,1785237997542,FastAccept
1785237997570,true,1785237997617,FastAccept
1785237997647,true,1785237997693,FastAccept
1785237997726,true,1785237997772,FastAccept
1785237997809,false,1785237997855,FastAccept
1785237997896,true,1785237997942,FastAccept
1785237997986,false,1785237998032,FastAccept
1785237998081,true,1785237998127,FastAccept
1785237998180,false,1785237998226,FastAccept
1785237998284,true,1785237998330,FastAccept
1785237998393,false,1785237998439,FastAccept
1785237998509,false,1785237998555,FastAccept
1785237998631,true,1785237998693,LeaderAccept
1785237998761,false,1785237998807,FastAccept
1785237998899,true,1785237998945,FastAccept
1785237999047,false,1785237999093,FastAccept
1785237999207,false,1785237999253,FastAccept
1785237999379,true,1785237999425,FastAccept
1785237999567,true,1785237999613,FastAccept
1785237999774,true,1785237999820,FastAccept
1785238000002,true,1785238000049,FastAccept
1785238000259,true,1785238000305,FastAccept
1785238000551,true,1785238000597,FastAccept
1785238000888,false,1785238000934,FastAccept
1785238001287,false,1785238001333,FastAccept
1785238001773,false,1785238001819,FastAccept
1785238002393,false,1785238002439,FastAccept
1785238003238,true,1785238003284,FastAccept
1785238004527,true,1785238004573,FastAccept
1785238006981,false,1785238007027,FastAccept
1785238015346,true,1785238015393,LeaderAccept
1785238035951,true,1785238035997,FastAccept
1785238035967,false,1785238036013,FastAccept
1785238035983,true,1785238036030,FastAccept
1785238035999,true,1785238036045,FastAccept
1785238036016,false,1785238036063,FastAccept
1785238036033,false,1785238036079,FastAccept
1785238036049,false,1785238036095,FastAccept
1785238036066,false,1785238036112,FastAccept
1785238036083,false,1785238036129,FastAccept
1785238036100,false,1785238036146,FastAccept
1785238036117,true,1785238036164,FastAccept
1785238036134,false,1785238036180,FastAccept
1785238036151,false,1785238036197,FastAccept
1785238036169,false,1785238036215,FastAccept
1785238036186,true,1785238036232,FastAccept
1785238036205,false,1785238036250,FastAccept
1785238036222,false,1785238036268,FastAccept
1785238036240,false,1785238036286,FastAccept
1785238036258,false,1785238036304,FastAccept
1785238036277,true,1785238036324,FastAccept
1785238036295,true,1785238036342,FastAccept
1785238036314,false,1785238036360,FastAccept
1785238036333,true,1785238036379,FastAccept
1785238036352,true,1785238036398,FastAccept
1785238036371,true,1785238036417,FastAccept
1785238036391,false,1785238036436,FastAccept
1785238036410,true,1785238036456,FastAccept
1785238036429,false,1785238036475,FastAccept
1785238036449,false,1785238036495,FastAccept
1785238036469,true,1785238036515,FastAccept
1785238036489,true,1785238036535,FastAccept
1785238036509,false,1785238036555,FastAccept
1785238036529,false,1785238036575,FastAccept
1785238036550,false,1785238036596,FastAccept
1785238036571,true,1785238036617,FastAccept
1785238036592,false,1785238036638,FastAccept
1785238036613,true,1785238036659,FastAccept
1785238036635,false,1785238036682,FastAccept
1785238036657,false,1785238036703,FastAccept
1785238036679,false,1785238036725,FastAccept
1785238036701,true,1785238036747,FastAccept
1785238036723,true,1785238036769,FastAccept
1785238036746,false,1785238036792,FastAccept
1785238036769,true,1785238036815,FastAccept
1785238036792,true,1785238036838,FastAccept
1785238036816,false,1785238036862,FastAccept
1785238036841,true,1785238036887,FastAccept
1785238036865,false,1785238036911,FastAccept
1785238036890,true,1785238036936,FastAccept
1785238036914,true,1785238036960,FastAccept
1785238036939,true,1785238036985,FastAccept
1785238036964,false,1785238037009,FastAccept
1785238036989,false,1785238037034,FastAccept
1785238037014,true,1785238037060,FastAccept
1785238037040,false,1785238037086,FastAccept
1785238037066,true,1785238037112,FastAccept
1785238037093,false,1785238037139,FastAccept
1785238037120,false,1785238037167,FastAccept
1785238037148,false,1785238037194,FastAccept
1785238037176,false,1785238037222,FastAccept
1785238037205,false,1785238037251,FastAccept
1785238037233,false,1785238037280,FastAccept
1785238037262,false,1785238037308,FastAccept
1785238037291,false,1785238037337,FastAccept
1785238037321,true,1785238037368,FastAccept
1785238037352,false,1785238037398,FastAccept
1785238037384,false,1785238037430,FastAccept
1785238037415,false,1785238037462,FastAccept
1785238037447,true,1785238037493,FastAccept
1785238037479,false,1785238037525,FastAccept
1785238037511,true,1785238037558,FastAccept
1785238037545,false,1785238037592,FastAccept
1785238037579,true,1785238037625,FastAccept
1785238037613,false,1785238037659,FastAccept
1785238037648,true,1785238037694,FastAccept
1785238037684,false,1785238037730,FastAccept
1785238037720,false,1785238037765,FastAccept
1785238037756,true,1785238037803,FastAccept
1785238037794,true,1785238037840,FastAccept
1785238037832,false,1785238037878,FastAccept
1785238037871,true,1785238037917,FastAccept
1785238037910,false,1785238037956,FastAccept
1785238037951,false,1785238037997,FastAccept
1785238037993,true,1785238038039,FastAccept
1785238038034,false,1785238038081,FastAccept
1785238038077,true,1785238038123,FastAccept
1785238038121,false,1785238038167,FastAccept
1785238038166,true,1785238038212,FastAccept
1785238038212,false,1785238038258,FastAccept
1785238038259,true,1785238038305,FastAccept
1785238038307,false,1785238038352,FastAccept
1785238038355,false,1785238038402,FastAccept
1785238038405,true,1785238038451,FastAccept
1785238038456,true,1785238038502,FastAccept
1785238038508,false,1785238038554,FastAccept
1785238038562,true,1785238038608,FastAccept
1785238038618,false,1785238038665,FastAccept
1785238038675,true,1785238038721,FastAccept
1785238038733,true,1785238038779,FastAccept
1785238038793,true,1785238038839,FastAccept
1785238038855,false,1785238038901,FastAccept
1785238038919,false,1785238038965,FastAccept
1785238038985,true,1785238039031,FastAccept
1785238039054,false,1785238039100,FastAccept
1785238039124,false,1785238039170,FastAccept
1785238039197,false,1785238039243,FastAccept
1785238039272,true,1785238039318,FastAccept
1785238039351,false,1785238039397,FastAccept
1785238039433,false,1785238039479,FastAccept
1785238039518,true,1785238039564,FastAccept
1785238039607,true,1785238039653,FastAccept
1785238039700,true,1785238039746,FastAccept
1785238039796,false,1785238039842,FastAccept
1785238039899,false,1785238039945,FastAccept
1785238040005,true,1785238040051,FastAccept
1785238040118,false,1785238040164,FastAccept
1785238040237,true,1785238040283,FastAccept
1785238040365,false,1785238040411,FastAccept
1785238040499,false,1785238040545,FastAccept
1785238040643,true,1785238040690,FastAccept
1785238040798,true,1785238040844,FastAccept
1785238040965,true,1785238041012,FastAccept
1785238041147,true,1785238041193,FastAccept
1785238041346,true,1785238041392,FastAccept
1785238041565,false,1785238041611,FastAccept
1785238041810,true,1785238041856,FastAccept
1785238042086,false,1785238042133,FastAccept
1785238042403,false,1785238042450,FastAccept
1785238042774,false,1785238042820,FastAccept
1785238043220,true,1785238043266,FastAccept
1785238043777,true,1785238043823,LeaderAccept
1785238044513,false,1785238044560,LeaderAccept
1785238045577,false,1785238045623,LeaderAccept
1785238047385,true,1785238047431,FastAccept
1785238051851,false,1785238051897,FastAccept
1785238093500,true,1785238093547,LeaderAccept
1785238105370,true,1785238105415,FastAccept
1785238105384,true,1785238105430,FastAccept
1785238105398,false,1785238105444,FastAccept
1785238105413,true,1785238105489,LeaderAccept
1785238105429,true,1785238105474,FastAccept
1785238105443,false,1785238105514,LeaderAccept
1785238105458,false,1785238105514,LeaderAccept
1785238105473,true,1785238105564,LeaderAccept
1785238105489,true,1785238105562,SlowAccept
1785238105505,false,1785238105564,LeaderAccept
1785238105520,false,1785238105584,LeaderAccept
1785238105536,false,1785238105582,LeaderAccept
1785238105552,true,1785238105612,LeaderAccept
1785238105567,false,1785238105632,LeaderAccept
1785238105582,false,1785238105629,LeaderAccept
1785238105598,true,1785238105678,LeaderAccept
1785238105614,true,1785238105668,SlowAccept
1785238105630,false,1785238105677,LeaderAccept
1785238105646,true,1785238105693,LeaderAccept
1785238105662,false,1785238105709,LeaderAccept
1785238105680,true,1785238105726,LeaderAccept
1785238105696,false,1785238105742,LeaderAccept
1785238105713,false,1785238105759,LeaderAccept
1785238105730,true,1785238105777,LeaderAccept
1785238105747,true,1785238105794,LeaderAccept
1785238105764,false,1785238105810,LeaderAccept
1785238105781,false,1785238105828,LeaderAccept
1785238105798,true,1785238105844,LeaderAccept
1785238105814,false,1785238105861,LeaderAccept
1785238105832,true,1785238105879,LeaderAccept
1785238105850,false,1785238105897,LeaderAccept
1785238105868,false,1785238105915,LeaderAccept
1785238105887,false,1785238105933,LeaderAccept
1785238105905,false,1785238105952,LeaderAccept
1785238105924,false,1785238105971,LeaderAccept
1785238105943,false,1785238105990,LeaderAccept
1785238105962,false,1785238106009,LeaderAccept
1785238105981,true,1785238106027,LeaderAccept
1785238106000,true,1785238106047,LeaderAccept
1785238106020,true,1785238106066,LeaderAccept
1785238106040,true,1785238106086,LeaderAccept
1785238106059,false,1785238106106,LeaderAccept
1785238106079,true,1785238106126,LeaderAccept
1785238106100,false,1785238106146,LeaderAccept
1785238106120,false,1785238106166,LeaderAccept
1785238106142,true,1785238106188,LeaderAccept
1785238106162,true,1785238106209,LeaderAccept
1785238106184,true,1785238106229,LeaderAccept
1785238106205,false,1785238106252,LeaderAccept
1785238106228,false,1785238106275,LeaderAccept
1785238106250,false,1785238106296,LeaderAccept
1785238106271,true,1785238106318,LeaderAccept
1785238106293,false,1785238106339,LeaderAccept
1785238106315,false,1785238106362,LeaderAccept
1785238106338,false,1785238106384,LeaderAccept
1785238106361,true,1785238106408,LeaderAccept
1785238106384,false,1785238106430,LeaderAccept
1785238106407,false,1785238106454,LeaderAccept
1785238106431,true,1785238106478,LeaderAccept
1785238106455,false,1785238106501,LeaderAccept
1785238106479,true,1785238106525,LeaderAccept
1785238106503,true,1785238106549,LeaderAccept
1785238106528,true,1785238106575,LeaderAccept
1785238106553,true,1785238106600,LeaderAccept
1785238106579,false,1785238106626,LeaderAccept
1785238106605,false,1785238106651,LeaderAccept
1785238106631,true,1785238106677,LeaderAccept
1785238106658,true,1785238106704,LeaderAccept
1785238106684,false,1785238106731,LeaderAccept
1785238106711,true,1785238106757,LeaderAccept
1785238106739,false,1785238106785,LeaderAccept
1785238106767,false,1785238106812,LeaderAccept
1785238106795,true,1785238106842,LeaderAccept
1785238106823,true,1785238106869,LeaderAccept
1785238106851,false,1785238106897,LeaderAccept
1785238106880,false,1785238106927,LeaderAccept
1785238106910,false,1785238106956,LeaderAccept
1785238106940,false,1785238106986,LeaderAccept
1785238106971,false,1785238107016,LeaderAccept
1785238107001,false,1785238107048,LeaderAccept
1785238107033,false,1785238107079,LeaderAccept
1785238107064,true,1785238107110,LeaderAccept
1785238107096,false,1785238107142,LeaderAccept
1785238107129,true,1785238107175,LeaderAccept
1785238107162,true,1785238107209,LeaderAccept
1785238107196,false,1785238107242,FastAccept
1785238107231,true,1785238107277,FastAccept
1785238107266,true,1785238107312,FastAccept
1785238107303,true,1785238107348,FastAccept
1785238107340,true,1785238107386,LeaderAccept
1785238107377,false,1785238107422,FastAccept
1785238107414,false,1785238107460,FastAccept
1785238107453,false,1785238107499,FastAccept
1785238107492,true,1785238107538,FastAccept
1785238107531,true,1785238107577,FastAccept
1785238107572,true,1785238107618,FastAccept
1785238107613,false,1785238107659,FastAccept
1785238107655,true,1785238107701,FastAccept
1785238107698,false,1785238107751,LeaderAccept
1785238107742,true,1785238107788,FastAccept
1785238107788,true,1785238107834,LeaderAccept
1785238107833,false,1785238107879,FastAccept
1785238107880,true,1785238107926,FastAccept
1785238107928,false,1785238107974,FastAccept
1785238107977,false,1785238108023,FastAccept
1785238108028,false,1785238108075,FastAccept
1785238108080,false,1785238108125,FastAccept
1785238108133,false,1785238108179,LeaderAccept
1785238108187,false,1785238108233,FastAccept
1785238108243,false,1785238108289,FastAccept
1785238108301,false,1785238108354,LeaderAccept
1785238108361,true,1785238108407,FastAccept
1785238108421,true,1785238108467,FastAccept
1785238108484,true,1785238108530,FastAccept
1785238108549,true,1785238108595,FastAccept
1785238108616,false,1785238108663,FastAccept
1785238108685,false,1785238108730,FastAccept
1785238108756,true,1785238108802,FastAccept
1785238108830,true,1785238108876,FastAccept
1785238108906,false,1785238108952,FastAccept
1785238108986,true,1785238109033,FastAccept
1785238109069,false,1785238109115,FastAccept
1785238109155,true,1785238109201,FastAccept
1785238109245,false,1785238109291,FastAccept
1785238109338,true,1785238109389,LeaderAccept
1785238109436,true,1785238109482,FastAccept
1785238109539,false,1785238109585,FastAccept
1785238109648,false,1785238109694,FastAccept
1785238109763,true,1785238109809,FastAccept
1785238109884,false,1785238109930,FastAccept
1785238110013,false,1785238110059,LeaderAccept
1785238110150,true,1785238110197,FastAccept
1785238110297,true,1785238110353,LeaderAccept
1785238110455,false,1785238110525,LeaderAccept
1785238110627,true,1785238110686,LeaderAccept
1785238110813,false,1785238110872,LeaderAccept
1785238111017,false,1785238111063,LeaderAccept
1785238111243,false,1785238111289,LeaderAccept
1785238111495,false,1785238111541,LeaderAccept
1785238111781,false,1785238111827,LeaderAccept
1785238112111,false,1785238112179,LeaderAccept
1785238112500,false,1785238112573,LeaderAccept
1785238112973,false,1785238113019,LeaderAccept
1785238113572,true,1785238113618,LeaderAccept
1785238114379,false,1785238114425,LeaderAccept
1785238115588,true,1785238115641,LeaderAccept
1785238117799,false,1785238117845,FastAccept
1785238119137,true,1785238119183,FastAccept
1785238119151,true,1785238119204,FastAccept
1785238119166,true,1785238119212,FastAccept
1785238119181,true,1785238119283,LeaderAccept
1785238119195,true,1785238119241,FastAccept
1785238119210,true,1785238119283,SlowAccept
1785238119225,true,1785238119283,LeaderAccept
1785238119240,false,1785238119294,LeaderAccept
1785238119256,true,1785238119303,LeaderAccept
1785238119271,true,1785238119318,LeaderAccept
1785238119287,true,1785238119348,LeaderAccept
1785238119303,false,1785238119368,LeaderAccept
1785238119318,false,1785238119363,FastAccept
1785238119334,true,1785238119398,LeaderAccept
1785238119350,true,1785238119428,LeaderAccept
1785238119366,true,1785238119412,FastAccept
1785238119382,true,1785238119448,LeaderAccept
1785238119399,false,1785238119445,FastAccept
1785238119415,false,1785238119478,LeaderAccept
1785238119431,true,1785238119498,LeaderAccept
1785238119448,false,1785238119496,LeaderAccept
1785238119465,false,1785238119516,LeaderAccept
1785238119482,false,1785238119546,LeaderAccept
1785238119499,true,1785238119566,LeaderAccept
1785238119516,false,1785238119562,FastAccept
1785238119534,true,1785238119596,LeaderAccept
1785238119551,true,1785238119617,LeaderAccept
1785238119569,true,1785238119622,LeaderAccept
1785238119586,true,1785238119637,LeaderAccept
1785238119604,true,1785238119651,LeaderAccept
1785238119622,true,1785238119668,LeaderAccept
1785238119640,true,1785238119687,LeaderAccept
1785238119658,true,1785238119704,LeaderAccept
1785238119676,false,1785238119722,LeaderAccept
1785238119695,true,1785238119741,LeaderAccept
1785238119714,false,1785238119761,LeaderAccept
1785238119733,false,1785238119779,LeaderAccept
1785238119752,true,1785238119799,LeaderAccept
1785238119771,true,1785238119817,LeaderAccept
1785238119791,true,1785238119837,LeaderAccept
1785238119810,false,1785238119856,LeaderAccept
1785238119830,true,1785238119877,LeaderAccept
1785238119850,false,1785238119897,LeaderAccept
1785238119871,true,1785238119917,LeaderAccept
1785238119891,true,1785238119937,LeaderAccept
1785238119911,false,1785238119958,LeaderAccept
1785238119932,true,1785238119978,LeaderAccept
1785238119953,true,1785238119999,LeaderAccept
1785238119974,true,1785238120020,LeaderAccept
1785238119995,false,1785238120041,LeaderAccept
1785238120017,false,1785238120064,LeaderAccept
1785238120039,false,1785238120086,LeaderAccept
1785238120061,false,1785238120107,LeaderAccept
1785238120084,true,1785238120131,LeaderAccept
1785238120107,false,1785238120153,LeaderAccept
1785238120130,false,1785238120177,LeaderAccept
1785238120154,true,1785238120200,LeaderAccept
1785238120178,false,1785238120224,LeaderAccept
1785238120200,false,1785238120247,LeaderAccept
1785238120224,true,1785238120271,LeaderAccept
1785238120248,true,1785238120294,LeaderAccept
1785238120272,false,1785238120318,LeaderAccept
1785238120296,true,1785238120343,LeaderAccept
1785238120321,false,1785238120367,LeaderAccept
1785238120346,true,1785238120392,LeaderAccept
1785238120371,true,1785238120418,LeaderAccept
1785238120397,false,1785238120443,LeaderAccept
1785238120423,true,1785238120469,LeaderAccept
1785238120449,false,1785238120496,LeaderAccept
1785238120477,true,1785238120523,LeaderAccept
1785238120504,true,1785238120550,LeaderAccept
1785238120531,false,1785238120578,LeaderAccept
1785238120559,false,1785238120606,LeaderAccept
1785238120588,false,1785238120635,LeaderAccept
1785238120617,true,1785238120669,LeaderAccept
1785238120646,false,1785238120692,LeaderAccept
1785238120675,true,1785238120722,LeaderAccept
1785238120705,false,1785238120751,LeaderAccept
1785238120736,false,1785238120782,LeaderAccept
1785238120768,false,1785238120814,LeaderAccept
1785238120799,true,1785238120845,LeaderAccept
1785238120832,false,1785238120879,LeaderAccept
1785238120864,true,1785238120910,LeaderAccept
1785238120897,false,1785238120943,LeaderAccept
1785238120930,true,1785238120976,LeaderAccept
1785238120965,true,1785238121011,LeaderAccept
1785238120999,true,1785238121045,LeaderAccept
1785238121034,false,1785238121080,FastAccept
1785238121070,false,1785238121115,FastAccept
1785238121106,false,1785238121158,LeaderAccept
1785238121143,false,1785238121189,FastAccept
1785238121180,false,1785238121226,FastAccept
1785238121219,false,1785238121265,FastAccept
1785238121259,false,1785238121305,FastAccept
1785238121298,true,1785238121344,FastAccept
1785238121338,false,1785238121384,FastAccept
1785238121379,true,1785238121425,FastAccept
1785238121421,true,1785238121494,SlowAccept
1785238121464,false,1785238121514,LeaderAccept
1785238121508,true,1785238121554,FastAccept
1785238121553,false,1785238121599,FastAccept
1785238121599,true,1785238121645,FastAccept
1785238121646,true,1785238121692,FastAccept
1785238121694,false,1785238121739,FastAccept
1785238121743,false,1785238121789,FastAccept
1785238121794,true,1785238121840,FastAccept
1785238121846,false,1785238121892,FastAccept
1785238121900,true,1785238121946,FastAccept
1785238121954,false,1785238122000,FastAccept
1785238122010,false,1785238122056,FastAccept
1785238122069,true,1785238122115,FastAccept
1785238122128,false,1785238122174,FastAccept
1785238122189,true,1785238122235,FastAccept
1785238122251,false,1785238122297,FastAccept
1785238122315,false,1785238122361,FastAccept
1785238122382,false,1785238122428,FastAccept
1785238122451,false,1785238122497,FastAccept
1785238122524,false,1785238122570,FastAccept
1785238122597,true,1785238122643,FastAccept
1785238122675,true,1785238122720,FastAccept
1785238122754,false,1785238122800,FastAccept
1785238122837,true,1785238122883,FastAccept
1785238122924,false,1785238122970,FastAccept
1785238123014,false,1785238123060,FastAccept
1785238123109,false,1785238123155,FastAccept
1785238123207,false,1785238123253,FastAccept
1785238123310,true,1785238123356,FastAccept
1785238123419,false,1785238123465,FastAccept
1785238123534,false,1785238123580,FastAccept
1785238123657,false,1785238123703,FastAccept
1785238123786,false,1785238123832,FastAccept
1785238123924,true,1785238123970,FastAccept
1785238124072,false,1785238124118,FastAccept
1785238124231,true,1785238124278,FastAccept
1785238124403,false,1785238124449,FastAccept
1785238124591,true,1785238124637,FastAccept
1785238124796,false,1785238124843,FastAccept
1785238125024,false,1785238125070,FastAccept
1785238125279,true,1785238125325,FastAccept
1785238125568,false,1785238125614,FastAccept
1785238125902,false,1785238125948,FastAccept
1785238126296,false,1785238126342,FastAccept
1785238126777,true,1785238126823,FastAccept
1785238127388,false,1785238127434,FastAccept
1785238128217,false,1785238128263,FastAccept
1785238129471,true,1785238129517,FastAccept
1785238131817,false,1785238131863,FastAccept
1785238139397,true,1785238139473,LeaderAccept
1785238172383,true,1785238172429,FastAccept
1785238172403,false,1785238172449,FastAccept
1785238172423,false,1785238172469,FastAccept
1785238172444,true,1785238172490,FastAccept
1785238172464,true,1785238172510,FastAccept
1785238172486,false,1785238172531,FastAccept
1785238172506,true,1785238172552,FastAccept
1785238172527,true,1785238172573,FastAccept
1785238172549,true,1785238172595,FastAccept
1785238172571,true,1785238172666,LeaderAccept
1785238172593,false,1785238172666,SlowAccept
1785238172615,true,1785238172666,LeaderAccept
1785238172637,false,1785238172684,LeaderAccept
1785238172660,false,1785238172707,LeaderAccept
1785238172683,true,1785238172729,LeaderAccept
1785238172705,true,1785238172751,LeaderAccept
1785238172728,false,1785238172776,LeaderAccept
1785238172752,false,1785238172799,LeaderAccept
1785238172776,false,1785238172822,LeaderAccept
1785238172799,false,1785238172845,LeaderAccept
1785238172823,true,1785238172870,LeaderAccept
1785238172847,true,1785238172894,LeaderAccept
1785238172872,true,1785238172919,LeaderAccept
1785238172897,true,1785238172943,LeaderAccept
1785238172922,true,1785238172968,LeaderAccept
1785238172947,true,1785238172994,FastAccept
1785238172974,true,1785238173020,FastAccept
1785238173000,true,1785238173046,FastAccept
1785238173026,false,1785238173072,FastAccept
1785238173054,false,1785238173100,FastAccept
1785238173081,false,1785238173127,FastAccept
1785238173109,false,1785238173155,FastAccept
1785238173137,true,1785238173183,FastAccept
1785238173165,false,1785238173212,FastAccept
1785238173194,false,1785238173240,FastAccept
1785238173223,true,1785238173269,FastAccept
1785238173252,false,1785238173299,FastAccept
1785238173282,false,1785238173328,FastAccept
1785238173312,false,1785238173358,FastAccept
1785238173342,false,1785238173389,FastAccept
1785238173373,false,1785238173419,FastAccept
1785238173404,false,1785238173450,FastAccept
1785238173436,true,1785238173482,FastAccept
1785238173469,false,1785238173549,LeaderAccept
1785238173502,false,1785238173570,LeaderAccept
1785238173537,false,1785238173591,LeaderAccept
1785238173571,true,1785238173617,FastAccept
1785238173606,false,1785238173652,FastAccept
1785238173642,true,1785238173688,FastAccept
1785238173678,true,1785238173725,FastAccept
1785238173715,false,1785238173761,FastAccept
1785238173752,true,1785238173798,FastAccept
1785238173790,false,1785238173836,FastAccept
1785238173829,true,1785238173875,FastAccept
1785238173868,true,1785238173914,FastAccept
1785238173908,true,1785238173954,FastAccept
1785238173949,false,1785238173995,FastAccept
1785238173991,true,1785238174037,FastAccept
1785238174034,true,1785238174079,FastAccept
1785238174077,true,1785238174123,FastAccept
1785238174122,false,1785238174168,FastAccept
1785238174167,true,1785238174214,FastAccept
1785238174214,true,1785238174260,FastAccept
1785238174261,true,1785238174307,FastAccept
1785238174309,false,1785238174356,FastAccept
1785238174359,true,1785238174406,FastAccept
1785238174410,true,1785238174456,FastAccept
1785238174462,false,1785238174530,SlowAccept
1785238174516,false,1785238174570,SlowAccept
1785238174571,false,1785238174625,SlowAccept
1785238174628,true,1785238174681,LeaderAccept
1785238174686,true,1785238174739,SlowAccept
1785238174746,false,1785238174799,SlowAccept
1785238174808,true,1785238174854,LeaderAccept
1785238174872,false,1785238174919,LeaderAccept
1785238174937,true,1785238174985,LeaderAccept
1785238175005,false,1785238175052,LeaderAccept
1785238175075,false,1785238175122,LeaderAccept
1785238175148,false,1785238175194,LeaderAccept
1785238175224,false,1785238175270,LeaderAccept
1785238175302,false,1785238175348,LeaderAccept
1785238175383,true,1785238175429,LeaderAccept
1785238175467,false,1785238175514,LeaderAccept
1785238175555,true,1785238175602,LeaderAccept
1785238175647,true,1785238175694,LeaderAccept
1785238175743,false,1785238175790,LeaderAccept
1785238175844,true,1785238175897,LeaderAccept
1785238175950,true,1785238176003,LeaderAccept
1785238176062,true,1785238176114,LeaderAccept
1785238176180,false,1785238176227,LeaderAccept
1785238176305,true,1785238176352,LeaderAccept
1785238176439,false,1785238176485,LeaderAccept
1785238176581,false,1785238176628,LeaderAccept
1785238176734,false,1785238176781,LeaderAccept
1785238176900,false,1785238176947,LeaderAccept
1785238177078,true,1785238177124,LeaderAccept
1785238177273,true,1785238177320,LeaderAccept
1785238177488,true,1785238177537,LeaderAccept
1785238177728,false,1785238177779,LeaderAccept
1785238177998,true,1785238178053,LeaderAccept
1785238178307,true,1785238178362,LeaderAccept
1785238178669,false,1785238178740,SlowAccept
1785238179100,false,1785238179146,FastAccept
1785238179635,false,1785238179681,FastAccept
1785238180333,false,1785238180379,FastAccept
1785238181323,false,1785238181369,FastAccept
1785238182946,false,1785238182992,FastAccept
1785238186600,true,1785238186647,FastAccept
1785238197734,true,1785238197791,SlowAccept
1785238197760,true,1785238197811,LeaderAccept
1785238197785,false,1785238197832,LeaderAccept
1785238197811,true,1785238197909,LeaderAccept
1785238197837,false,1785238197975,LeaderAccept
1785238197863,false,1785238197937,SlowAccept
1785238197890,true,1785238197942,FastAccept
1785238197917,true,1785238197975,SlowAccept
1785238197945,false,1785238197995,LeaderAccept
1785238197972,false,1785238198019,LeaderAccept
1785238198000,false,1785238198046,LeaderAccept
1785238198028,true,1785238198075,LeaderAccept
1785238198057,true,1785238198109,LeaderAccept
1785238198086,true,1785238198132,LeaderAccept
1785238198116,true,1785238198162,LeaderAccept
1785238198147,true,1785238198193,LeaderAccept
1785238198178,true,1785238198224,LeaderAccept
1785238198210,false,1785238198282,LeaderAccept
1785238198241,true,1785238198288,LeaderAccept
1785238198273,true,1785238198320,LeaderAccept
1785238198306,false,1785238198353,LeaderAccept
1785238198339,false,1785238198387,LeaderAccept
1785238198374,true,1785238198446,LeaderAccept
1785238198408,false,1785238198455,LeaderAccept
1785238198443,true,1785238198490,LeaderAccept
1785238198479,false,1785238198526,LeaderAccept
1785238198516,true,1785238198563,LeaderAccept
1785238198553,false,1785238198600,LeaderAccept
1785238198590,true,1785238198637,LeaderAccept
1785238198628,false,1785238198675,LeaderAccept
1785238198667,true,1785238198715,LeaderAccept
1785238198707,true,1785238198754,LeaderAccept
1785238198747,false,1785238198793,LeaderAccept
1785238198789,false,1785238198835,LeaderAccept
1785238198830,false,1785238198876,LeaderAccept
1785238198872,false,1785238198918,LeaderAccept
1785238198916,true,1785238198962,LeaderAccept
1785238198960,true,1785238199031,LeaderAccept
1785238199005,true,1785238199052,LeaderAccept
1785238199052,true,1785238199098,LeaderAccept
1785238199099,false,1785238199146,LeaderAccept
1785238199149,true,1785238199196,LeaderAccept
1785238199198,true,1785238199245,LeaderAccept
1785238199249,false,1785238199296,LeaderAccept
1785238199301,true,1785238199348,LeaderAccept
1785238199355,true,1785238199403,LeaderAccept
1785238199411,true,1785238199457,FastAccept
1785238199467,false,1785238199520,LeaderAccept
1785238199525,false,1785238199571,FastAccept
1785238199585,true,1785238199631,FastAccept
1785238199647,true,1785238199693,FastAccept
1785238199711,false,1785238199757,FastAccept
1785238199777,false,1785238199825,LeaderAccept
1785238199845,false,1785238199892,FastAccept
1785238199916,true,1785238199962,FastAccept
1785238199989,false,1785238200035,FastAccept
1785238200065,false,1785238200111,FastAccept
1785238200143,true,1785238200190,LeaderAccept
1785238200224,true,1785238200271,FastAccept
1785238200309,false,1785238200355,FastAccept
1785238200398,true,1785238200444,FastAccept
1785238200490,false,1785238200536,FastAccept
1785238200586,false,1785238200633,FastAccept
1785238200688,true,1785238200735,FastAccept
1785238200795,false,1785238200842,FastAccept
1785238200907,true,1785238200953,FastAccept
1785238201026,false,1785238201072,FastAccept
1785238201152,false,1785238201198,FastAccept
1785238201286,true,1785238201332,FastAccept
1785238201429,true,1785238201484,LeaderAccept
1785238201583,true,1785238201629,FastAccept
1785238201748,false,1785238201794,FastAccept
1785238201928,false,1785238201975,FastAccept
1785238202125,true,1785238202172,FastAccept
1785238202343,true,1785238202390,FastAccept
1785238202585,false,1785238202632,FastAccept
1785238202858,false,1785238202904,FastAccept
1785238203171,true,1785238203218,FastAccept
1785238203537,false,1785238203584,FastAccept
1785238203977,true,1785238204022,FastAccept
1785238204523,false,1785238204569,FastAccept
1785238205241,true,1785238205288,FastAccept
1785238206268,false,1785238206315,FastAccept
1785238207983,true,1785238208029,LeaderAccept
1785238212024,false,1785238212077,FastAccept
1785238234578,true,1785238234623,FastAccept
1785238234610,false,1785238234656,FastAccept
1785238234643,false,1785238234689,FastAccept
1785238234676,false,1785238234722,FastAccept
1785238234710,true,1785238234756,FastAccept
1785238234744,true,1785238234790,FastAccept
1785238234779,true,1785238234825,FastAccept
1785238234814,false,1785238234860,FastAccept
1785238234851,true,1785238234897,FastAccept
1785238234887,false,1785238234934,LeaderAccept
1785238234925,true,1785238234971,FastAccept
1785238234963,false,1785238235009,FastAccept
1785238235002,false,1785238235048,FastAccept
1785238235042,false,1785238235088,FastAccept
1785238235082,false,1785238235148,LeaderAccept
1785238235123,true,1785238235169,LeaderAccept
1785238235165,true,1785238235212,FastAccept
1785238235208,true,1785238235253,FastAccept
1785238235251,true,1785238235315,LeaderAccept
1785238235295,true,1785238235340,LeaderAccept
1785238235340,false,1785238235391,LeaderAccept
1785238235386,false,1785238235452,LeaderAccept
1785238235434,false,1785238235481,LeaderAccept
1785238235482,false,1785238235532,LeaderAccept
1785238235531,true,1785238235598,LeaderAccept
1785238235582,false,1785238235630,LeaderAccept
1785238235634,true,1785238235681,LeaderAccept
1785238235687,false,1785238235734,LeaderAccept
1785238235742,false,1785238235789,LeaderAccept
1785238235799,false,1785238235847,LeaderAccept
1785238235857,false,1785238235905,LeaderAccept
1785238235917,false,1785238235962,LeaderAccept
1785238235978,true,1785238236025,LeaderAccept
1785238236041,false,1785238236088,LeaderAccept
1785238236106,true,1785238236152,LeaderAccept
1785238236174,false,1785238236220,LeaderAccept
1785238236243,false,1785238236291,LeaderAccept
1785238236315,false,1785238236362,LeaderAccept
1785238236389,true,1785238236436,LeaderAccept
1785238236466,true,1785238236514,LeaderAccept
1785238236547,true,1785238236593,LeaderAccept
1785238236630,false,1785238236677,LeaderAccept
1785238236718,true,1785238236765,LeaderAccept
1785238236809,true,1785238236856,LeaderAccept
1785238236904,false,1785238236951,LeaderAccept
1785238237004,true,1785238237052,LeaderAccept
1785238237109,false,1785238237156,LeaderAccept
1785238237219,false,1785238237266,LeaderAccept
1785238237336,true,1785238237383,LeaderAccept
1785238237460,true,1785238237528,LeaderAccept
1785238237591,true,1785238237637,FastAccept
1785238237731,false,1785238237777,FastAccept
1785238237882,true,1785238237933,LeaderAccept
1785238238044,false,1785238238090,FastAccept
1785238238220,true,1785238238266,FastAccept
1785238238411,false,1785238238458,LeaderAccept
1785238238623,true,1785238238696,SlowAccept
1785238238857,false,1785238238903,FastAccept
1785238239121,false,1785238239167,FastAccept
1785238239422,true,1785238239495,SlowAccept
1785238239770,true,1785238239817,FastAccept
1785238240185,false,1785238240232,FastAccept
1785238240696,true,1785238240742,FastAccept
1785238241355,true,1785238241401,FastAccept
1785238242269,true,1785238242315,FastAccept
1785238243713,true,1785238243759,FastAccept
1785238246684,false,1785238246730,FastAccept
1785238259808,false,1785238259854,FastAccept
1785238276920,false,1785238276966,LeaderAccept
1785238276953,false,1785238277000,LeaderAccept
1785238276987,true,1785238277034,LeaderAccept
1785238277021,true,1785238277068,LeaderAccept
1785238277055,true,1785238277102,LeaderAccept
1785238277090,false,1785238277137,LeaderAccept
1785238277126,true,1785238277173,LeaderAccept
1785238277162,false,1785238277209,LeaderAccept
1785238277199,true,1785238277246,LeaderAccept
1785238277237,true,1785238277284,LeaderAccept
1785238277276,true,1785238277322,LeaderAccept
1785238277314,true,1785238277361,LeaderAccept
1785238277354,true,1785238277400,LeaderAccept
1785238277394,true,1785238277441,LeaderAccept
1785238277435,true,1785238277481,LeaderAccept
1785238277477,false,1785238277524,LeaderAccept
1785238277521,false,1785238277567,LeaderAccept
1785238277564,false,1785238277610,LeaderAccept
1785238277608,false,1785238277655,LeaderAccept
1785238277654,false,1785238277701,LeaderAccept
1785238277701,false,1785238277748,LeaderAccept
1785238277749,true,1785238277796,LeaderAccept
1785238277798,true,1785238277846,LeaderAccept
1785238277848,true,1785238277895,LeaderAccept
1785238277900,false,1785238277946,LeaderAccept
1785238277953,true,1785238278000,LeaderAccept
1785238278007,false,1785238278054,LeaderAccept
1785238278062,true,1785238278110,LeaderAccept
1785238278120,true,1785238278167,LeaderAccept
1785238278179,false,1785238278226,LeaderAccept
1785238278239,false,1785238278286,LeaderAccept
1785238278301,true,1785238278348,LeaderAccept
1785238278365,true,1785238278413,LeaderAccept
1785238278432,false,1785238278479,LeaderAccept
1785238278500,false,1785238278546,FastAccept
1785238278572,true,1785238278618,FastAccept
1785238278645,false,1785238278719,LeaderAccept
1785238278721,false,1785238278772,LeaderAccept
1785238278801,true,1785238278846,FastAccept
1785238278883,false,1785238278929,FastAccept
1785238278968,true,1785238279014,FastAccept
1785238279057,true,1785238279130,LeaderAccept
1785238279150,true,1785238279200,LeaderAccept
1785238279248,true,1785238279294,FastAccept
1785238279350,false,1785238279396,FastAccept
1785238279457,false,1785238279503,FastAccept
1785238279570,false,1785238279643,LeaderAccept
1785238279690,true,1785238279738,LeaderAccept
1785238279818,true,1785238279864,FastAccept
1785238279954,false,1785238280000,FastAccept
1785238280100,false,1785238280146,FastAccept
1785238280256,true,1785238280330,SlowAccept
1785238280425,true,1785238280471,FastAccept
1785238280609,true,1785238280655,FastAccept
1785238280810,false,1785238280856,FastAccept
1785238281032,false,1785238281079,FastAccept
1785238281281,false,1785238281377,LeaderAccept
1785238281563,false,1785238281609,FastAccept
1785238281887,true,1785238281933,FastAccept
1785238282266,true,1785238282312,FastAccept
1785238282725,true,1785238282771,FastAccept
1785238283302,false,1785238283459,LeaderAccept
1785238284072,true,1785238284119,LeaderAccept
1785238285202,true,1785238285249,LeaderAccept
1785238287189,false,1785238287242,FastAccept
1785238292556,false,1785238292602,FastAccept
1785238314518,true,1785238314566,LeaderAccept
1785238314535,true,1785238314581,LeaderAccept
1785238314551,false,1785238314598,LeaderAccept
1785238314568,false,1785238314615,LeaderAccept
1785238314584,false,1785238314630,LeaderAccept
1785238314601,false,1785238314647,LeaderAccept
1785238314617,false,1785238314664,LeaderAccept
1785238314634,true,1785238314680,LeaderAccept
1785238314652,true,1785238314698,LeaderAccept
1785238314669,false,1785238314716,LeaderAccept
1785238314686,true,1785238314732,LeaderAccept
1785238314705,false,1785238314752,LeaderAccept
1785238314722,false,1785238314768,LeaderAccept
1785238314739,true,1785238314785,LeaderAccept
1785238314756,true,1785238314803,LeaderAccept
1785238314774,false,1785238314821,LeaderAccept
1785238314793,false,1785238314839,LeaderAccept
1785238314812,false,1785238314859,LeaderAccept
1785238314830,false,1785238314877,LeaderAccept
1785238314849,false,1785238314896,LeaderAccept
1785238314868,false,1785238314914,LeaderAccept
1785238314887,false,1785238314933,LeaderAccept
1785238314906,true,1785238314953,LeaderAccept
1785238314925,false,1785238314972,LeaderAccept
1785238314945,false,1785238314992,LeaderAccept
1785238314965,false,1785238315012,LeaderAccept
1785238314986,true,1785238315032,LeaderAccept
1785238315006,true,1785238315052,LeaderAccept
1785238315026,true,1785238315072,LeaderAccept
1785238315046,true,1785238315093,LeaderAccept
1785238315067,true,1785238315114,LeaderAccept
1785238315088,false,1785238315135,LeaderAccept
1785238315109,false,1785238315155,LeaderAccept
1785238315130,false,1785238315176,LeaderAccept
1785238315152,false,1785238315198,LeaderAccept
1785238315174,false,1785238315220,LeaderAccept
1785238315197,false,1785238315243,LeaderAccept
1785238315219,true,1785238315266,LeaderAccept
1785238315243,false,1785238315289,LeaderAccept
1785238315265,false,1785238315312,LeaderAccept
1785238315288,true,1785238315335,LeaderAccept
1785238315312,true,1785238315359,LeaderAccept
1785238315335,true,1785238315382,LeaderAccept
1785238315359,false,1785238315405,LeaderAccept
1785238315383,false,1785238315429,LeaderAccept
1785238315407,true,1785238315454,LeaderAccept
1785238315432,true,1785238315478,LeaderAccept
1785238315456,false,1785238315503,LeaderAccept
1785238315481,true,1785238315528,LeaderAccept
1785238315508,true,1785238315554,LeaderAccept
1785238315534,true,1785238315580,LeaderAccept
1785238315560,true,1785238315607,LeaderAccept
1785238315586,true,1785238315633,LeaderAccept
1785238315613,true,1785238315659,LeaderAccept
1785238315640,false,1785238315687,LeaderAccept
1785238315667,false,1785238315714,LeaderAccept
1785238315695,true,1785238315742,LeaderAccept
1785238315723,false,1785238315769,LeaderAccept
1785238315751,true,1785238315798,LeaderAccept
1785238315780,false,1785238315826,LeaderAccept
1785238315809,true,1785238315856,LeaderAccept
1785238315839,true,1785238315886,LeaderAccept
1785238315870,true,1785238315917,LeaderAccept
1785238315902,false,1785238315948,LeaderAccept
1785238315934,true,1785238315980,LeaderAccept
1785238315966,true,1785238316012,LeaderAccept
1785238315998,true,1785238316044,LeaderAccept
1785238316030,true,1785238316078,LeaderAccept
1785238316063,false,1785238316110,LeaderAccept
1785238316096,true,1785238316143,LeaderAccept
1785238316130,false,1785238316177,LeaderAccept
1785238316165,true,1785238316212,FastAccept
1785238316201,true,1785238316250,LeaderAccept
1785238316237,true,1785238316283,FastAccept
1785238316273,true,1785238316346,SlowAccept
1785238316310,true,1785238316377,LeaderAccept
1785238316348,false,1785238316397,LeaderAccept
1785238316387,false,1785238316434,LeaderAccept
1785238316426,false,1785238316472,FastAccept
1785238316466,false,1785238316534,LeaderAccept
1785238316507,true,1785238316554,LeaderAccept
1785238316549,false,1785238316595,FastAccept
1785238316591,true,1785238316638,FastAccept
1785238316635,true,1785238316682,FastAccept
1785238316679,false,1785238316730,LeaderAccept
1785238316724,false,1785238316770,FastAccept
1785238316770,false,1785238316816,FastAccept
1785238316817,true,1785238316863,FastAccept
1785238316866,false,1785238316913,FastAccept
1785238316916,false,1785238316963,LeaderAccept
1785238316967,true,1785238317014,FastAccept
1785238317019,false,1785238317094,SlowAccept
1785238317072,true,1785238317118,FastAccept
1785238317128,false,1785238317174,FastAccept
1785238317184,true,1785238317230,FastAccept
1785238317242,false,1785238317288,FastAccept
1785238317302,false,1785238317369,LeaderAccept
1785238317363,true,1785238317409,FastAccept
1785238317427,false,1785238317473,FastAccept
1785238317492,false,1785238317538,FastAccept
1785238317559,false,1785238317605,FastAccept
1785238317628,false,1785238317682,LeaderAccept
1785238317700,true,1785238317746,FastAccept
1785238317776,false,1785238317841,SlowAccept
1785238317853,true,1785238317900,FastAccept
1785238317934,true,1785238317980,FastAccept
1785238318017,false,1785238318063,FastAccept
1785238318104,true,1785238318151,FastAccept
1785238318195,true,1785238318250,LeaderAccept
1785238318290,true,1785238318336,FastAccept
1785238318390,true,1785238318436,FastAccept
1785238318494,false,1785238318540,FastAccept
1785238318606,false,1785238318651,FastAccept
1785238318722,true,1785238318768,FastAccept
1785238318845,false,1785238318891,FastAccept
1785238318976,true,1785238319023,FastAccept
1785238319116,true,1785238319162,FastAccept
1785238319266,true,1785238319312,FastAccept
1785238319427,true,1785238319473,FastAccept
1785238319602,true,1785238319648,FastAccept
1785238319793,true,1785238319841,LeaderAccept
1785238320003,false,1785238320049,FastAccept
1785238320236,true,1785238320282,FastAccept
1785238320498,true,1785238320544,FastAccept
1785238320796,false,1785238320843,FastAccept
1785238321142,true,1785238321189,FastAccept
1785238321555,true,1785238321601,FastAccept
1785238322061,true,1785238322107,FastAccept
1785238322711,true,1785238322756,FastAccept
1785238323610,false,1785238323679,LeaderAccept
1785238325019,true,1785238325064,FastAccept
1785238327868,false,1785238327914,FastAccept
1785238339706,false,1785238339752,FastAccept
1785238364472,true,1785238364518,FastAccept
1785238364491,true,1785238364537,FastAccept
1785238364510,false,1785238364556,FastAccept
1785238364529,true,1785238364575,FastAccept
1785238364549,true,1785238364595,FastAccept
1785238364569,false,1785238364615,FastAccept
1785238364588,true,1785238364634,FastAccept
1785238364608,true,1785238364654,FastAccept
1785238364628,true,1785238364674,FastAccept
1785238364648,true,1785238364694,FastAccept
1785238364669,false,1785238364715,FastAccept
1785238364690,true,1785238364736,FastAccept
1785238364712,true,1785238364757,FastAccept
1785238364733,false,1785238364779,FastAccept
1785238364754,false,1785238364799,FastAccept
1785238364775,true,1785238364821,FastAccept
1785238364796,false,1785238364842,FastAccept
1785238364818,false,1785238364863,FastAccept
1785238364840,true,1785238364886,FastAccept
1785238364862,true,1785238364908,FastAccept
1785238364885,true,1785238364935,LeaderAccept
1785238364908,false,1785238364956,LeaderAccept
1785238364932,true,1785238364978,LeaderAccept
1785238364955,false,1785238365001,LeaderAccept
1785238364978,false,1785238365024,LeaderAccept
1785238365003,true,1785238365049,LeaderAccept
1785238365027,false,1785238365074,LeaderAccept
1785238365051,true,1785238365098,LeaderAccept
1785238365076,true,1785238365123,LeaderAccept
1785238365101,true,1785238365148,LeaderAccept
1785238365126,true,1785238365173,LeaderAccept
1785238365152,true,1785238365201,LeaderAccept
1785238365178,false,1785238365225,LeaderAccept
1785238365204,true,1785238365251,LeaderAccept
1785238365231,true,1785238365277,LeaderAccept
1785238365258,true,1785238365331,SlowAccept
1785238365285,false,1785238365361,LeaderAccept
1785238365313,false,1785238365387,LeaderAccept
1785238365341,true,1785238365408,LeaderAccept
1785238365370,true,1785238365425,LeaderAccept
1785238365399,true,1785238365446,LeaderAccept
1785238365429,true,1785238365476,LeaderAccept
1785238365459,true,1785238365506,LeaderAccept
1785238365489,false,1785238365536,LeaderAccept
1785238365520,true,1785238365567,LeaderAccept
1785238365551,false,1785238365598,LeaderAccept
1785238365583,true,1785238365630,LeaderAccept
1785238365615,false,1785238365662,LeaderAccept
1785238365647,true,1785238365694,LeaderAccept
1785238365680,true,1785238365726,LeaderAccept
1785238365713,true,1785238365760,LeaderAccept
1785238365748,true,1785238365794,LeaderAccept
1785238365782,false,1785238365829,LeaderAccept
1785238365818,false,1785238365865,LeaderAccept
1785238365853,true,1785238365900,LeaderAccept
1785238365889,true,1785238365936,LeaderAccept
1785238365927,true,1785238365973,LeaderAccept
1785238365965,true,1785238366011,LeaderAccept
1785238366003,true,1785238366050,LeaderAccept
1785238366043,true,1785238366090,LeaderAccept
1785238366083,true,1785238366130,LeaderAccept
1785238366123,true,1785238366170,LeaderAccept
1785238366164,true,1785238366212,LeaderAccept
1785238366207,true,1785238366254,LeaderAccept
1785238366250,false,1785238366297,LeaderAccept
1785238366294,true,1785238366341,LeaderAccept
1785238366339,true,1785238366386,LeaderAccept
1785238366385,true,1785238366432,LeaderAccept
1785238366432,true,1785238366479,LeaderAccept
1785238366480,true,1785238366527,LeaderAccept
1785238366529,false,1785238366576,LeaderAccept
1785238366579,true,1785238366626,LeaderAccept
1785238366631,true,1785238366678,LeaderAccept
1785238366684,true,1785238366731,LeaderAccept
1785238366739,false,1785238366786,LeaderAccept
1785238366795,false,1785238366842,LeaderAccept
1785238366854,true,1785238366900,FastAccept
1785238366913,true,1785238366959,FastAccept
1785238366974,true,1785238367045,LeaderAccept
1785238367037,true,1785238367104,LeaderAccept
1785238367103,true,1785238367153,LeaderAccept
1785238367170,true,1785238367217,LeaderAccept
1785238367239,false,1785238367285,FastAccept
1785238367312,false,1785238367358,FastAccept
1785238367386,false,1785238367432,FastAccept
1785238367463,false,1785238367508,FastAccept
1785238367543,false,1785238367589,FastAccept
1785238367626,true,1785238367672,FastAccept
1785238367712,true,1785238367786,SlowAccept
1785238367802,true,1785238367871,LeaderAccept
1785238367896,false,1785238367946,LeaderAccept
1785238367995,false,1785238368041,FastAccept
1785238368099,false,1785238368145,FastAccept
1785238368209,false,1785238368255,FastAccept
1785238368325,false,1785238368371,FastAccept
1785238368447,false,1785238368493,FastAccept
1785238368577,false,1785238368623,FastAccept
1785238368716,false,1785238368761,FastAccept
1785238368864,false,1785238368910,FastAccept
1785238369024,false,1785238369098,SlowAccept
1785238369197,false,1785238369262,LeaderAccept
1785238369387,false,1785238369447,LeaderAccept
1785238369595,false,1785238369665,LeaderAccept
1785238369824,false,1785238369876,LeaderAccept
1785238370082,true,1785238370134,LeaderAccept
1785238370376,true,1785238370423,LeaderAccept
1785238370715,true,1785238370761,FastAccept
1785238371117,true,1785238371163,FastAccept
1785238371609,false,1785238371655,FastAccept
1785238372236,true,1785238372303,LeaderAccept
1785238373093,false,1785238373140,LeaderAccept
1785238374409,false,1785238374455,LeaderAccept
1785238376949,false,1785238377001,LeaderAccept
1785238385991,false,1785238386037,FastAccept
1785238410996,true,1785238411042,FastAccept
1785238411010,true,1785238411086,LeaderAccept
1785238411025,false,1785238411071,FastAccept
1785238411040,true,1785238411116,LeaderAccept
1785238411055,true,1785238411101,FastAccept
1785238411070,false,1785238411137,LeaderAccept
1785238411085,false,1785238411134,LeaderAccept
1785238411100,false,1785238411163,LeaderAccept
1785238411115,false,1785238411163,LeaderAccept
1785238411131,true,1785238411193,LeaderAccept
1785238411147,false,1785238411213,LeaderAccept
1785238411163,false,1785238411243,LeaderAccept
1785238411179,false,1785238411243,LeaderAccept
1785238411195,false,1785238411263,LeaderAccept
1785238411211,true,1785238411259,LeaderAccept
1785238411227,true,1785238411285,LeaderAccept
1785238411244,true,1785238411296,LeaderAccept
1785238411260,false,1785238411305,LeaderAccept
1785238411276,false,1785238411323,LeaderAccept
1785238411293,true,1785238411340,LeaderAccept
1785238411310,true,1785238411363,LeaderAccept
1785238411328,false,1785238411374,LeaderAccept
1785238411345,true,1785238411392,LeaderAccept
1785238411362,true,1785238411415,LeaderAccept
1785238411381,false,1785238411428,LeaderAccept
1785238411398,false,1785238411445,LeaderAccept
1785238411415,true,1785238411462,LeaderAccept
1785238411433,false,1785238411480,LeaderAccept
1785238411451,true,1785238411498,LeaderAccept
1785238411469,true,1785238411516,LeaderAccept
1785238411487,false,1785238411533,LeaderAccept
1785238411505,true,1785238411552,LeaderAccept
1785238411523,true,1785238411569,LeaderAccept
1785238411541,false,1785238411588,LeaderAccept
1785238411560,true,1785238411607,LeaderAccept
1785238411579,true,1785238411626,LeaderAccept
1785238411598,true,1785238411644,LeaderAccept
1785238411617,false,1785238411664,LeaderAccept
1785238411637,false,1785238411683,LeaderAccept
1785238411657,false,1785238411704,LeaderAccept
1785238411677,true,1785238411725,LeaderAccept
1785238411697,false,1785238411745,LeaderAccept
1785238411718,false,1785238411765,LeaderAccept
1785238411739,true,1785238411786,LeaderAccept
1785238411760,false,1785238411806,LeaderAccept
1785238411781,true,1785238411828,LeaderAccept
1785238411803,true,1785238411850,LeaderAccept
1785238411824,false,1785238411872,LeaderAccept
1785238411846,true,1785238411893,LeaderAccept
1785238411868,true,1785238411915,LeaderAccept
1785238411890,false,1785238411936,LeaderAccept
1785238411912,true,1785238411958,LeaderAccept
1785238411934,true,1785238411981,LeaderAccept
1785238411957,false,1785238412004,LeaderAccept
1785238411980,true,1785238412027,LeaderAccept
1785238412004,false,1785238412050,LeaderAccept
1785238412027,false,1785238412073,LeaderAccept
1785238412050,false,1785238412097,LeaderAccept
1785238412074,true,1785238412121,LeaderAccept
1785238412099,false,1785238412146,LeaderAccept
1785238412124,true,1785238412172,LeaderAccept
1785238412149,false,1785238412196,LeaderAccept
1785238412174,false,1785238412221,LeaderAccept
1785238412199,true,1785238412246,LeaderAccept
1785238412225,true,1785238412272,LeaderAccept
1785238412252,false,1785238412299,LeaderAccept
1785238412279,true,1785238412326,LeaderAccept
1785238412306,false,1785238412353,LeaderAccept
1785238412333,false,1785238412380,LeaderAccept
1785238412361,true,1785238412408,LeaderAccept
1785238412389,true,1785238412436,LeaderAccept
1785238412417,true,1785238412463,LeaderAccept
1785238412445,true,1785238412492,LeaderAccept
1785238412474,false,1785238412521,LeaderAccept
1785238412504,true,1785238412550,LeaderAccept
1785238412533,false,1785238412580,LeaderAccept
1785238412565,true,1785238412611,LeaderAccept
1785238412595,true,1785238412642,LeaderAccept
1785238412628,true,1785238412674,LeaderAccept
1785238412659,false,1785238412706,LeaderAccept
1785238412691,true,1785238412738,LeaderAccept
1785238412724,true,1785238412771,LeaderAccept
1785238412758,true,1785238412805,LeaderAccept
1785238412792,true,1785238412839,LeaderAccept
1785238412827,false,1785238412874,LeaderAccept
1785238412862,false,1785238412914,LeaderAccept
1785238412897,false,1785238412944,LeaderAccept
1785238412934,false,1785238412980,LeaderAccept
1785238412971,false,1785238413018,LeaderAccept
1785238413009,false,1785238413056,LeaderAccept
1785238413047,true,1785238413100,LeaderAccept
1785238413086,true,1785238413141,LeaderAccept
1785238413126,true,1785238413173,LeaderAccept
1785238413166,false,1785238413239,SlowAccept
1785238413208,false,1785238413260,LeaderAccept
1785238413249,true,1785238413296,LeaderAccept
1785238413292,true,1785238413347,LeaderAccept
1785238413336,false,1785238413382,FastAccept
1785238413381,false,1785238413427,FastAccept
1785238413426,true,1785238413472,FastAccept
1785238413472,true,1785238413519,FastAccept
1785238413520,false,1785238413583,LeaderAccept
1785238413569,true,1785238413615,FastAccept
1785238413619,true,1785238413666,FastAccept
1785238413671,true,1785238413717,FastAccept
1785238413723,true,1785238413769,FastAccept
1785238413777,false,1785238413850,LeaderAccept
1785238413832,true,1785238413879,FastAccept
1785238413889,true,1785238413935,FastAccept
1785238413947,true,1785238413993,FastAccept
1785238414008,false,1785238414054,FastAccept
1785238414070,true,1785238414116,FastAccept
1785238414134,false,1785238414180,FastAccept
1785238414200,false,1785238414247,FastAccept
1785238414269,true,1785238414323,LeaderAccept
1785238414339,false,1785238414385,FastAccept
1785238414412,true,1785238414465,FastAccept
1785238414488,true,1785238414535,FastAccept
1785238414567,true,1785238414613,FastAccept
1785238414649,false,1785238414711,LeaderAccept
1785238414734,true,1785238414780,FastAccept
1785238414823,false,1785238414870,FastAccept
1785238414915,true,1785238414961,FastAccept
1785238415012,true,1785238415058,FastAccept
1785238415113,false,1785238415187,SlowAccept
1785238415220,false,1785238415266,FastAccept
1785238415333,true,1785238415379,FastAccept
1785238415453,true,1785238415499,FastAccept
1785238415579,true,1785238415646,SlowAccept
1785238415714,true,1785238415760,FastAccept
1785238415858,true,1785238415904,FastAccept
1785238416013,false,1785238416059,FastAccept
1785238416180,false,1785238416226,FastAccept
1785238416362,false,1785238416408,FastAccept
1785238416561,true,1785238416607,FastAccept
1785238416782,true,1785238416828,FastAccept
1785238417027,false,1785238417073,FastAccept
1785238417304,true,1785238417350,FastAccept
1785238417621,true,1785238417667,FastAccept
1785238417993,true,1785238418048,LeaderAccept
1785238418441,false,1785238418487,FastAccept
1785238419001,true,1785238419047,FastAccept
1785238419742,true,1785238419788,FastAccept
1785238420815,false,1785238420861,FastAccept
1785238422647,true,1785238422693,FastAccept
1785238427225,true,1785238427271,FastAccept
1785238440794,false,1785238440840,FastAccept
1785238440821,true,1785238440867,FastAccept
1785238440849,false,1785238440895,FastAccept
1785238440877,false,1785238440923,FastAccept
1785238440906,false,1785238440952,FastAccept
1785238440935,false,1785238440981,FastAccept
1785238440964,false,1785238441010,FastAccept
1785238440994,false,1785238441040,FastAccept
1785238441024,false,1785238441070,FastAccept
1785238441054,false,1785238441100,FastAccept
1785238441086,true,1785238441132,FastAccept
1785238441118,true,1785238441164,FastAccept
1785238441150,false,1785238441196,FastAccept
1785238441183,true,1785238441229,FastAccept
1785238441216,true,1785238441263,FastAccept
1785238441250,true,1785238441297,FastAccept
1785238441285,false,1785238441331,FastAccept
1785238441320,true,1785238441366,FastAccept
1785238441355,false,1785238441402,FastAccept
1785238441391,false,1785238441437,FastAccept
1785238441428,false,1785238441474,FastAccept
1785238441466,false,1785238441512,FastAccept
1785238441504,true,1785238441550,FastAccept
1785238441543,false,1785238441589,FastAccept
1785238441583,false,1785238441629,FastAccept
1785238441624,true,1785238441670,FastAccept
1785238441665,false,1785238441711,FastAccept
1785238441707,true,1785238441753,FastAccept
1785238441750,true,1785238441796,FastAccept
1785238441794,false,1785238441839,FastAccept
1785238441838,true,1785238441886,LeaderAccept
1785238441884,false,1785238441930,FastAccept
1785238441931,true,1785238441978,FastAccept
1785238441979,true,1785238442025,FastAccept
1785238442028,true,1785238442074,FastAccept
1785238442078,true,1785238442124,FastAccept
1785238442129,true,1785238442175,FastAccept
1785238442182,true,1785238442228,FastAccept
1785238442236,false,1785238442283,FastAccept
1785238442292,false,1785238442338,FastAccept
1785238442349,false,1785238442395,FastAccept
1785238442408,false,1785238442453,FastAccept
1785238442468,false,1785238442514,FastAccept
1785238442530,false,1785238442576,FastAccept
1785238442594,false,1785238442640,FastAccept
1785238442660,true,1785238442706,FastAccept
1785238442728,true,1785238442774,FastAccept
1785238442799,false,1785238442845,FastAccept
1785238442872,false,1785238442919,FastAccept
1785238442948,true,1785238442995,FastAccept
1785238443027,false,1785238443074,FastAccept
1785238443109,true,1785238443155,FastAccept
1785238443194,false,1785238443241,FastAccept
1785238443283,true,1785238443329,FastAccept
1785238443376,false,1785238443422,FastAccept
1785238443473,true,1785238443519,FastAccept
1785238443575,true,1785238443621,FastAccept
1785238443683,false,1785238443729,FastAccept
1785238443796,false,1785238443842,FastAccept
1785238443916,true,1785238443963,FastAccept
1785238444044,false,1785238444090,FastAccept
1785238444180,true,1785238444227,FastAccept
1785238444325,false,1785238444371,FastAccept
1785238444481,true,1785238444527,FastAccept
1785238444649,false,1785238444695,FastAccept
1785238444832,true,1785238444878,FastAccept
1785238445032,false,1785238445078,FastAccept
1785238445253,true,1785238445299,FastAccept
1785238445500,false,1785238445546,FastAccept
1785238445779,false,1785238445825,FastAccept
1785238446100,true,1785238446146,FastAccept
1785238446476,true,1785238446522,FastAccept
1785238446931,true,1785238446984,FastAccept
1785238447501,false,1785238447557,LeaderAccept
1785238448258,true,1785238448305,LeaderAccept
1785238449363,false,1785238449410,LeaderAccept
1785238451283,false,1785238451329,FastAccept
1785238456295,false,1785238456341,FastAccept
1785238468941,true,1785238468994,FastAccept
1785238468978,true,1785238469045,LeaderAccept
1785238469015,false,1785238469065,LeaderAccept
1785238469052,false,1785238469113,LeaderAccept
1785238469090,true,1785238469137,LeaderAccept
1785238469129,true,1785238469175,FastAccept
1785238469169,false,1785238469215,FastAccept
1785238469209,false,1785238469266,LeaderAccept
1785238469251,false,1785238469319,LeaderAccept
1785238469293,true,1785238469345,LeaderAccept
1785238469336,true,1785238469391,LeaderAccept
1785238469380,true,1785238469432,LeaderAccept
1785238469425,true,1785238469488,LeaderAccept
1785238469471,true,1785238469523,FastAccept
1785238469518,true,1785238469570,LeaderAccept
1785238469566,false,1785238469613,LeaderAccept
1785238469615,true,1785238469671,LeaderAccept
1785238469666,true,1785238469737,LeaderAccept
1785238469717,true,1785238469763,FastAccept
1785238469770,true,1785238469816,FastAccept
1785238469824,false,1785238469869,FastAccept
1785238469880,false,1785238469946,LeaderAccept
1785238469937,false,1785238469983,FastAccept
1785238469996,true,1785238470042,FastAccept
1785238470057,true,1785238470103,FastAccept
1785238470120,false,1785238470179,LeaderAccept
1785238470184,false,1785238470237,FastAccept
1785238470251,true,1785238470297,FastAccept
1785238470320,false,1785238470366,FastAccept
1785238470391,false,1785238470437,FastAccept
1785238470464,false,1785238470530,SlowAccept
1785238470540,false,1785238470586,FastAccept
1785238470619,false,1785238470665,FastAccept
1785238470701,true,1785238470747,FastAccept
1785238470787,true,1785238470852,LeaderAccept
1785238470876,true,1785238470922,FastAccept
1785238470970,false,1785238471016,FastAccept
1785238471068,true,1785238471114,FastAccept
1785238471171,false,1785238471218,FastAccept
1785238471279,false,1785238471325,FastAccept
1785238471393,true,1785238471439,FastAccept
1785238471513,false,1785238471560,FastAccept
1785238471641,false,1785238471688,FastAccept
1785238471778,true,1785238471850,LeaderAccept
1785238471924,true,1785238471970,FastAccept
1785238472081,true,1785238472127,FastAccept
1785238472251,false,1785238472298,FastAccept
1785238472436,false,1785238472482,FastAccept
1785238472639,true,1785238472686,FastAccept
1785238472863,false,1785238472909,FastAccept
1785238473114,true,1785238473159,FastAccept
1785238473397,true,1785238473443,FastAccept
1785238473723,true,1785238473776,FastAccept
1785238474107,false,1785238474154,FastAccept
1785238474573,false,1785238474619,FastAccept
1785238475160,true,1785238475207,FastAccept
1785238475947,true,1785238475993,FastAccept
1785238477112,true,1785238477158,FastAccept
1785238479198,true,1785238479244,FastAccept
1785238485115,true,1785238485181,SlowAccept
1785238524547,false,1785238524593,FastAccept
1785238524565,true,1785238524612,FastAccept
1785238524583,false,1785238524628,FastAccept
1785238524601,false,1785238524647,FastAccept
1785238524619,false,1785238524664,FastAccept
1785238524637,true,1785238524683,FastAccept
1785238524656,true,1785238524701,FastAccept
1785238524674,false,1785238524720,FastAccept
1785238524693,false,1785238524739,FastAccept
1785238524712,false,1785238524758,FastAccept
1785238524731,true,1785238524780,LeaderAccept
1785238524752,true,1785238524800,LeaderAccept
1785238524771,false,1785238524821,LeaderAccept
1785238524791,true,1785238524841,LeaderAccept
1785238524812,true,1785238524862,LeaderAccept
1785238524832,false,1785238524882,LeaderAccept
1785238524853,true,1785238524903,LeaderAccept
1785238524873,true,1785238524923,LeaderAccept
1785238524894,false,1785238524944,LeaderAccept
1785238524915,true,1785238524965,LeaderAccept
1785238524937,true,1785238524985,LeaderAccept
1785238524958,true,1785238525005,LeaderAccept
1785238524980,false,1785238525026,LeaderAccept
1785238525002,true,1785238525049,LeaderAccept
1785238525024,false,1785238525071,LeaderAccept
1785238525047,true,1785238525094,LeaderAccept
1785238525070,true,1785238525117,LeaderAccept
1785238525093,false,1785238525140,LeaderAccept
1785238525116,true,1785238525164,LeaderAccept
1785238525140,true,1785238525186,LeaderAccept
1785238525163,false,1785238525210,LeaderAccept
1785238525186,true,1785238525233,LeaderAccept
1785238525212,true,1785238525258,LeaderAccept
1785238525236,true,1785238525283,LeaderAccept
1785238525261,false,1785238525307,LeaderAccept
1785238525287,true,1785238525332,FastAccept
1785238525312,true,1785238525358,FastAccept
1785238525337,false,1785238525383,FastAccept
1785238525363,false,1785238525415,FastAccept
1785238525390,true,1785238525442,FastAccept
1785238525416,true,1785238525462,FastAccept
1785238525442,true,1785238525488,FastAccept
1785238525469,false,1785238525515,FastAccept
1785238525497,true,1785238525543,FastAccept
1785238525526,true,1785238525571,FastAccept
1785238525554,false,1785238525609,LeaderAccept
1785238525583,true,1785238525630,LeaderAccept
1785238525612,true,1785238525658,FastAccept
1785238525642,false,1785238525689,FastAccept
1785238525673,true,1785238525719,FastAccept
1785238525703,true,1785238525749,FastAccept
1785238525734,true,1785238525780,FastAccept
1785238525765,false,1785238525811,FastAccept
1785238525797,false,1785238525843,FastAccept
1785238525830,false,1785238525876,FastAccept
1785238525863,true,1785238525909,FastAccept
1785238525897,false,1785238525943,FastAccept
1785238525931,true,1785238525977,FastAccept
1785238525966,false,1785238526011,FastAccept
1785238526001,false,1785238526047,FastAccept
1785238526037,false,1785238526083,FastAccept
1785238526073,true,1785238526119,FastAccept
1785238526110,true,1785238526156,FastAccept
1785238526148,false,1785238526194,FastAccept
1785238526186,false,1785238526233,FastAccept
1785238526227,false,1785238526273,FastAccept
1785238526266,true,1785238526312,FastAccept
1785238526307,false,1785238526353,FastAccept
1785238526349,true,1785238526395,FastAccept
1785238526392,true,1785238526438,FastAccept
1785238526436,true,1785238526481,FastAccept
1785238526481,false,1785238526526,FastAccept
1785238526526,false,1785238526572,FastAccept
1785238526572,true,1785238526618,FastAccept
1785238526619,true,1785238526665,FastAccept
1785238526667,false,1785238526714,FastAccept
1785238526717,true,1785238526763,FastAccept
1785238526767,false,1785238526813,FastAccept
1785238526819,true,1785238526865,FastAccept
1785238526872,true,1785238526943,LeaderAccept
1785238526926,false,1785238526972,FastAccept
1785238526982,true,1785238527029,FastAccept
1785238527040,false,1785238527086,FastAccept
1785238527099,false,1785238527145,FastAccept
1785238527160,false,1785238527207,FastAccept
1785238527223,false,1785238527269,FastAccept
1785238527288,false,1785238527335,FastAccept
1785238527355,false,1785238527401,FastAccept
1785238527424,true,1785238527470,FastAccept
1785238527496,false,1785238527542,FastAccept
1785238527570,true,1785238527616,FastAccept
1785238527647,true,1785238527694,FastAccept
1785238527727,true,1785238527773,FastAccept
1785238527810,false,1785238527856,FastAccept
1785238527898,true,1785238527944,FastAccept
1785238527988,true,1785238528035,LeaderAccept
1785238528083,false,1785238528129,FastAccept
1785238528182,true,1785238528229,FastAccept
1785238528288,false,1785238528334,FastAccept
1785238528397,false,1785238528443,FastAccept
1785238528513,false,1785238528559,FastAccept
1785238528635,false,1785238528682,FastAccept
1785238528767,false,1785238528813,FastAccept
1785238528906,true,1785238528953,FastAccept
1785238529055,true,1785238529101,FastAccept
1785238529216,true,1785238529262,FastAccept
1785238529390,true,1785238529436,FastAccept
1785238529579,false,1785238529625,FastAccept
1785238529787,false,1785238529833,FastAccept
1785238530018,false,1785238530065,FastAccept
1785238530277,true,1785238530323,FastAccept
1785238530571,true,1785238530617,FastAccept
1785238530912,false,1785238530959,FastAccept
1785238531316,false,1785238531363,FastAccept
1785238531812,false,1785238531858,FastAccept
1785238532445,true,1785238532491,FastAccept
1785238533314,false,1785238533360,FastAccept
1785238534655,true,1785238534719,LeaderAccept
1785238537277,false,1785238537338,LeaderAccept
1785238547000,true,1785238547046,FastAccept
1785238556219,false,1785238556285,SlowAccept
1785238556235,false,1785238556285,FastAccept
1785238556252,true,1785238556314,LeaderAccept
1785238556268,true,1785238556335,LeaderAccept
1785238556284,false,1785238556330,FastAccept
1785238556301,false,1785238556364,LeaderAccept
1785238556317,false,1785238556386,LeaderAccept
1785238556334,false,1785238556386,FastAccept
1785238556350,false,1785238556405,LeaderAccept
1785238556368,false,1785238556418,LeaderAccept
1785238556385,true,1785238556432,LeaderAccept
1785238556402,false,1785238556452,LeaderAccept
1785238556419,false,1785238556473,LeaderAccept
1785238556437,false,1785238556502,LeaderAccept
1785238556455,false,1785238556528,LeaderAccept
1785238556473,false,1785238556519,LeaderAccept
1785238556490,true,1785238556536,LeaderAccept
1785238556508,false,1785238556555,LeaderAccept
1785238556527,false,1785238556573,LeaderAccept
1785238556545,true,1785238556592,LeaderAccept
1785238556564,true,1785238556610,LeaderAccept
1785238556583,true,1785238556630,LeaderAccept
1785238556602,true,1785238556649,LeaderAccept
1785238556622,false,1785238556668,LeaderAccept
1785238556641,true,1785238556688,LeaderAccept
1785238556662,false,1785238556708,LeaderAccept
1785238556681,true,1785238556728,LeaderAccept
1785238556701,true,1785238556747,LeaderAccept
1785238556721,true,1785238556768,LeaderAccept
1785238556742,true,1785238556788,LeaderAccept
1785238556762,true,1785238556808,LeaderAccept
1785238556782,false,1785238556829,LeaderAccept
1785238556804,false,1785238556850,LeaderAccept
1785238556825,true,1785238556871,LeaderAccept
1785238556846,false,1785238556892,LeaderAccept
1785238556867,true,1785238556913,LeaderAccept
1785238556889,true,1785238556935,LeaderAccept
1785238556911,true,1785238556958,LeaderAccept
1785238556934,true,1785238556980,LeaderAccept
1785238556956,false,1785238557003,LeaderAccept
1785238556979,false,1785238557025,LeaderAccept
1785238557001,false,1785238557048,LeaderAccept
1785238557025,false,1785238557072,LeaderAccept
1785238557049,false,1785238557096,LeaderAccept
1785238557073,true,1785238557120,LeaderAccept
1785238557098,true,1785238557144,LeaderAccept
1785238557122,false,1785238557169,LeaderAccept
1785238557146,true,1785238557193,LeaderAccept
1785238557171,false,1785238557217,LeaderAccept
1785238557196,true,1785238557244,LeaderAccept
1785238557223,true,1785238557269,LeaderAccept
1785238557248,false,1785238557295,LeaderAccept
1785238557274,false,1785238557321,LeaderAccept
1785238557301,true,1785238557348,LeaderAccept
1785238557328,false,1785238557376,LeaderAccept
1785238557355,false,1785238557402,LeaderAccept
1785238557382,false,1785238557429,LeaderAccept
1785238557409,true,1785238557455,LeaderAccept
1785238557437,false,1785238557484,LeaderAccept
1785238557465,true,1785238557512,LeaderAccept
1785238557494,true,1785238557541,LeaderAccept
1785238557523,true,1785238557570,LeaderAccept
1785238557553,false,1785238557600,LeaderAccept
1785238557583,true,1785238557630,LeaderAccept
1785238557615,true,1785238557662,LeaderAccept
1785238557646,false,1785238557694,LeaderAccept
1785238557678,false,1785238557725,LeaderAccept
1785238557710,false,1785238557757,LeaderAccept
1785238557742,true,1785238557789,LeaderAccept
1785238557775,false,1785238557822,LeaderAccept
1785238557809,true,1785238557856,LeaderAccept
1785238557843,true,1785238557890,FastAccept
1785238557878,false,1785238557924,FastAccept
1785238557913,true,1785238557970,LeaderAccept
1785238557949,false,1785238558014,SlowAccept
1785238557985,false,1785238558035,LeaderAccept
1785238558022,false,1785238558068,FastAccept
1785238558060,false,1785238558107,FastAccept
1785238558099,true,1785238558146,FastAccept
1785238558138,true,1785238558184,FastAccept
1785238558178,true,1785238558224,FastAccept
1785238558219,true,1785238558292,LeaderAccept
1785238558261,false,1785238558313,LeaderAccept
1785238558305,false,1785238558351,FastAccept
1785238558348,false,1785238558394,FastAccept
1785238558392,true,1785238558438,FastAccept
1785238558437,true,1785238558483,FastAccept
1785238558483,true,1785238558529,FastAccept
1785238558530,true,1785238558576,FastAccept
1785238558579,true,1785238558646,SlowAccept
1785238558629,false,1785238558675,FastAccept
1785238558680,false,1785238558726,FastAccept
1785238558732,true,1785238558778,FastAccept
1785238558785,false,1785238558831,FastAccept
1785238558840,true,1785238558886,FastAccept
1785238558896,false,1785238558942,FastAccept
1785238558953,false,1785238558999,FastAccept
1785238559012,false,1785238559078,SlowAccept
1785238559073,true,1785238559120,FastAccept
1785238559136,true,1785238559182,FastAccept
1785238559201,true,1785238559248,FastAccept
1785238559268,false,1785238559314,FastAccept
1785238559337,true,1785238559383,FastAccept
1785238559408,false,1785238559455,FastAccept
1785238559482,true,1785238559528,FastAccept
1785238559559,true,1785238559611,LeaderAccept
1785238559639,false,1785238559685,FastAccept
1785238559722,true,1785238559767,FastAccept
1785238559809,false,1785238559855,FastAccept
1785238559899,true,1785238559946,FastAccept
1785238559994,false,1785238560041,FastAccept
1785238560093,true,1785238560139,FastAccept
1785238560197,false,1785238560242,FastAccept
1785238560306,true,1785238560352,FastAccept
1785238560421,true,1785238560467,FastAccept
1785238560544,true,1785238560590,FastAccept
1785238560674,false,1785238560721,FastAccept
1785238560813,true,1785238560859,FastAccept
1785238560962,false,1785238561008,FastAccept
1785238561122,false,1785238561168,FastAccept
1785238561295,true,1785238561342,FastAccept
1785238561484,true,1785238561531,FastAccept
1785238561693,false,1785238561739,FastAccept
1785238561923,false,1785238561970,FastAccept
1785238562182,true,1785238562252,LeaderAccept
1785238562476,true,1785238562542,LeaderAccept
1785238562817,true,1785238562874,LeaderAccept
1785238563220,false,1785238563276,LeaderAccept
1785238563713,true,1785238563766,LeaderAccept
1785238564344,true,1785238564401,LeaderAccept
1785238565207,false,1785238565252,FastAccept
1785238566535,true,1785238566600,LeaderAccept
1785238569115,true,1785238569161,FastAccept
1785238578485,true,1785238578531,FastAccept
1785238588082,true,1785238588129,FastAccept
1785238588098,true,1785238588144,FastAccept
1785238588114,false,1785238588161,FastAccept
1785238588131,true,1785238588177,FastAccept
1785238588148,false,1785238588194,FastAccept
1785238588165,true,1785238588211,FastAccept
1785238588182,false,1785238588228,FastAccept
1785238588199,false,1785238588245,FastAccept
1785238588218,true,1785238588264,FastAccept
1785238588235,false,1785238588281,FastAccept
1785238588252,false,1785238588297,FastAccept
1785238588269,false,1785238588315,FastAccept
1785238588287,true,1785238588333,FastAccept
1785238588305,true,1785238588351,FastAccept
1785238588324,false,1785238588370,FastAccept
1785238588342,true,1785238588389,FastAccept
1785238588361,false,1785238588407,FastAccept
1785238588379,true,1785238588425,FastAccept
1785238588398,true,1785238588444,FastAccept
1785238588417,true,1785238588463,FastAccept
1785238588436,true,1785238588482,FastAccept
1785238588455,false,1785238588501,FastAccept
1785238588474,false,1785238588521,FastAccept
1785238588494,true,1785238588541,FastAccept
1785238588514,false,1785238588560,FastAccept
1785238588534,true,1785238588580,FastAccept
1785238588554,true,1785238588600,FastAccept
1785238588574,true,1785238588620,FastAccept
1785238588594,true,1785238588641,FastAccept
1785238588615,false,1785238588662,FastAccept
1785238588637,false,1785238588683,FastAccept
1785238588658,true,1785238588704,FastAccept
1785238588679,true,1785238588725,FastAccept
1785238588700,false,1785238588746,FastAccept
1785238588723,false,1785238588768,FastAccept
1785238588744,true,1785238588790,FastAccept
1785238588766,true,1785238588812,FastAccept
1785238588789,false,1785238588834,FastAccept
1785238588811,true,1785238588858,FastAccept
1785238588834,true,1785238588880,FastAccept
1785238588857,true,1785238588903,FastAccept
1785238588880,true,1785238588927,FastAccept
1785238588904,true,1785238588951,FastAccept
1785238588928,true,1785238588975,FastAccept
1785238588952,false,1785238588998,FastAccept
1785238588976,true,1785238589022,FastAccept
1785238589000,true,1785238589046,FastAccept
1785238589025,false,1785238589072,FastAccept
1785238589052,false,1785238589098,FastAccept
1785238589077,true,1785238589123,FastAccept
1785238589103,true,1785238589150,FastAccept
1785238589130,true,1785238589176,FastAccept
1785238589156,false,1785238589208,LeaderAccept
1785238589183,true,1785238589230,LeaderAccept
1785238589210,true,1785238589262,FastAccept
1785238589237,true,1785238589290,FastAccept
1785238589265,false,1785238589312,LeaderAccept
1785238589294,false,1785238589347,LeaderAccept
1785238589324,true,1785238589371,LeaderAccept
1785238589354,true,1785238589406,FastAccept
1785238589383,false,1785238589457,SlowAccept
1785238589413,true,1785238589460,LeaderAccept
1785238589443,true,1785238589498,LeaderAccept
1785238589474,true,1785238589522,LeaderAccept
1785238589507,true,1785238589553,FastAccept
1785238589538,false,1785238589584,FastAccept
1785238589570,true,1785238589618,LeaderAccept
1785238589603,false,1785238589669,LeaderAccept
1785238589636,true,1785238589689,LeaderAccept
1785238589670,true,1785238589716,FastAccept
1785238589704,false,1785238589750,FastAccept
1785238589739,false,1785238589789,LeaderAccept
1785238589775,true,1785238589842,LeaderAccept
1785238589811,false,1785238589863,LeaderAccept
1785238589848,false,1785238589894,FastAccept
1785238589885,true,1785238589931,FastAccept
1785238589924,false,1785238589976,LeaderAccept
1785238589963,false,1785238590034,LeaderAccept
1785238590002,true,1785238590054,LeaderAccept
1785238590042,true,1785238590089,FastAccept
1785238590084,true,1785238590131,LeaderAccept
1785238590126,true,1785238590174,LeaderAccept
1785238590169,false,1785238590215,LeaderAccept
1785238590213,true,1785238590260,LeaderAccept
1785238590259,false,1785238590306,LeaderAccept
1785238590304,false,1785238590350,LeaderAccept
1785238590350,true,1785238590416,LeaderAccept
1785238590398,false,1785238590445,LeaderAccept
1785238590447,true,1785238590493,FastAccept
1785238590497,true,1785238590544,FastAccept
1785238590549,false,1785238590596,LeaderAccept
1785238590602,true,1785238590671,LeaderAccept
1785238590656,true,1785238590702,FastAccept
1785238590711,true,1785238590758,FastAccept
1785238590768,true,1785238590815,FastAccept
1785238590827,false,1785238590874,LeaderAccept
1785238590887,true,1785238590934,LeaderAccept
1785238590949,false,1785238591001,LeaderAccept
1785238591013,false,1785238591061,LeaderAccept
1785238591080,true,1785238591127,LeaderAccept
1785238591148,true,1785238591195,LeaderAccept
1785238591219,false,1785238591266,LeaderAccept
1785238591293,false,1785238591340,LeaderAccept
1785238591369,false,1785238591416,LeaderAccept
1785238591448,true,1785238591495,LeaderAccept
1785238591530,false,1785238591577,LeaderAccept
1785238591616,false,1785238591664,LeaderAccept
1785238591706,true,1785238591754,LeaderAccept
1785238591799,true,1785238591847,LeaderAccept
1785238591897,true,1785238591944,LeaderAccept
1785238592000,false,1785238592047,LeaderAccept
1785238592108,true,1785238592157,LeaderAccept
1785238592222,false,1785238592270,LeaderAccept
1785238592343,false,1785238592418,LeaderAccept
1785238592470,true,1785238592517,LeaderAccept
1785238592607,false,1785238592654,LeaderAccept
1785238592752,false,1785238592799,LeaderAccept
1785238592909,false,1785238592981,LeaderAccept
1785238593080,true,1785238593127,LeaderAccept
1785238593264,false,1785238593311,LeaderAccept
1785238593466,false,1785238593513,LeaderAccept
1785238593690,true,1785238593739,LeaderAccept
1785238593939,true,1785238593986,FastAccept
1785238594222,false,1785238594269,LeaderAccept
1785238594548,false,1785238594594,FastAccept
1785238594931,false,1785238595020,LeaderAccept
1785238595394,true,1785238595442,LeaderAccept
1785238595978,false,1785238596025,LeaderAccept
1785238596759,true,1785238596806,LeaderAccept
1785238597912,false,1785238597960,LeaderAccept
1785238599965,true,1785238600011,FastAccept
1785238605694,true,1785238605740,LeaderAccept
1785238613380,false,1785238613426,FastAccept
1785238613396,true,1785238613442,FastAccept
1785238613413,true,1785238613459,FastAccept
1785238613429,false,1785238613475,FastAccept
1785238613445,false,1785238613491,FastAccept
1785238613462,true,1785238613508,FastAccept
1785238613478,true,1785238613523,FastAccept
1785238613494,false,1785238613540,FastAccept
1785238613511,false,1785238613556,FastAccept
1785238613529,true,1785238613574,FastAccept
1785238613546,true,1785238613592,FastAccept
1785238613563,false,1785238613609,FastAccept
1785238613581,true,1785238613626,FastAccept
1785238613598,false,1785238613644,FastAccept
1785238613616,false,1785238613662,FastAccept
1785238613635,true,1785238613681,FastAccept
1785238613653,false,1785238613699,FastAccept
1785238613672,true,1785238613718,FastAccept
1785238613690,false,1785238613736,FastAccept
1785238613708,false,1785238613754,FastAccept
1785238613727,false,1785238613772,FastAccept
1785238613746,false,1785238613791,FastAccept
1785238613766,true,1785238613811,FastAccept
1785238613785,true,1785238613830,FastAccept
1785238613804,false,1785238613850,FastAccept
1785238613823,false,1785238613869,FastAccept
1785238613843,false,1785238613889,FastAccept
1785238613863,false,1785238613909,FastAccept
1785238613884,true,1785238613930,FastAccept
1785238613904,false,1785238613950,FastAccept
1785238613925,true,1785238613971,FastAccept
1785238613945,false,1785238613991,FastAccept
1785238613967,false,1785238614013,FastAccept
1785238613988,true,1785238614034,FastAccept
1785238614009,true,1785238614055,FastAccept
1785238614030,true,1785238614076,FastAccept
1785238614052,false,1785238614098,FastAccept
1785238614074,false,1785238614120,FastAccept
1785238614096,true,1785238614142,FastAccept
1785238614119,false,1785238614164,FastAccept
1785238614141,true,1785238614187,FastAccept
1785238614164,true,1785238614210,FastAccept
1785238614187,true,1785238614232,FastAccept
1785238614210,true,1785238614255,FastAccept
1785238614234,true,1785238614279,FastAccept
1785238614257,false,1785238614303,FastAccept
1785238614281,false,1785238614327,FastAccept
1785238614306,false,1785238614352,FastAccept
1785238614330,false,1785238614376,FastAccept
1785238614355,false,1785238614401,FastAccept
1785238614381,true,1785238614427,FastAccept
1785238614406,false,1785238614453,FastAccept
1785238614432,true,1785238614478,FastAccept
1785238614458,false,1785238614504,FastAccept
1785238614484,false,1785238614530,FastAccept
1785238614511,true,1785238614557,FastAccept
1785238614538,true,1785238614585,FastAccept
1785238614566,true,1785238614612,FastAccept
1785238614594,true,1785238614640,FastAccept
1785238614623,true,1785238614669,FastAccept
1785238614651,false,1785238614697,FastAccept
1785238614680,false,1785238614726,FastAccept
1785238614710,false,1785238614757,FastAccept
1785238614740,true,1785238614787,FastAccept
1785238614771,false,1785238614817,FastAccept
1785238614802,true,1785238614848,FastAccept
1785238614833,false,1785238614879,FastAccept
1785238614865,true,1785238614912,FastAccept
1785238614898,true,1785238614944,FastAccept
1785238614931,true,1785238614977,FastAccept
1785238614964,true,1785238615010,FastAccept
1785238614998,true,1785238615044,FastAccept
1785238615033,true,1785238615079,FastAccept
1785238615068,true,1785238615114,FastAccept
1785238615103,false,1785238615149,FastAccept
1785238615140,false,1785238615186,FastAccept
1785238615177,false,1785238615224,FastAccept
1785238615215,true,1785238615261,FastAccept
1785238615253,false,1785238615299,FastAccept
1785238615292,false,1785238615338,FastAccept
1785238615332,false,1785238615378,FastAccept
1785238615373,false,1785238615420,FastAccept
1785238615415,true,1785238615461,FastAccept
1785238615457,true,1785238615503,FastAccept
1785238615500,true,1785238615548,LeaderAccept
1785238615544,true,1785238615590,FastAccept
1785238615589,true,1785238615635,FastAccept
1785238615635,false,1785238615681,FastAccept
1785238615682,false,1785238615735,LeaderAccept
1785238615730,false,1785238615776,LeaderAccept
1785238615779,true,1785238615838,SlowAccept
1785238615830,false,1785238615886,LeaderAccept
1785238615881,false,1785238615927,LeaderAccept
1785238615934,false,1785238616006,LeaderAccept
1785238615988,false,1785238616056,LeaderAccept
1785238616044,false,1785238616097,FastAccept
1785238616102,false,1785238616149,LeaderAccept
1785238616161,false,1785238616216,LeaderAccept
1785238616222,false,1785238616268,FastAccept
1785238616284,false,1785238616331,LeaderAccept
1785238616349,true,1785238616418,LeaderAccept
1785238616416,false,1785238616462,LeaderAccept
1785238616485,true,1785238616532,LeaderAccept
1785238616556,true,1785238616602,LeaderAccept
1785238616630,true,1785238616677,LeaderAccept
1785238616706,true,1785238616753,LeaderAccept
1785238616786,true,1785238616832,FastAccept
1785238616870,true,1785238616915,FastAccept
1785238616956,true,1785238617009,LeaderAccept
1785238617045,true,1785238617107,SlowAccept
1785238617140,false,1785238617186,FastAccept
1785238617238,false,1785238617285,LeaderAccept
1785238617341,true,1785238617387,FastAccept
1785238617450,false,1785238617496,FastAccept
1785238617564,true,1785238617616,LeaderAccept
1785238617685,false,1785238617732,FastAccept
1785238617814,false,1785238617860,FastAccept
1785238617952,true,1785238618011,SlowAccept
1785238618099,true,1785238618145,FastAccept
1785238618258,true,1785238618305,LeaderAccept
1785238618429,false,1785238618475,FastAccept
1785238618616,false,1785238618663,FastAccept
1785238618821,false,1785238618868,LeaderAccept
1785238619048,true,1785238619094,FastAccept
1785238619303,false,1785238619349,FastAccept
1785238619590,true,1785238619636,FastAccept
1785238619922,true,1785238619968,FastAccept
1785238620314,true,1785238620360,FastAccept
1785238620791,false,1785238620846,LeaderAccept
1785238621395,true,1785238621448,LeaderAccept
1785238622213,false,1785238622267,LeaderAccept
1785238623443,false,1785238623490,LeaderAccept
1785238625717,true,1785238625764,FastAccept
1785238632804,false,1785238632851,FastAccept
