request_time,write,response_time,accept_status
1785244693080,true,1785244693120,FastAccept
1785244693155,false,1785244693195,FastAccept
1785244693234,false,1785244693274,FastAccept
1785244693316,false,1785244693356,FastAccept
1785244693401,true,1785244693453,FastAccept
1785244693490,true,1785244693529,FastAccept
1785244693582,false,1785244693631,LeaderAccept
1785244693678,true,1785244693728,LeaderAccept
1785244693779,true,1785244693829,LeaderAccept
1785244693886,true,1785244693935,LeaderAccept
1785244693998,true,1785244694047,LeaderAccept
1785244694116,true,1785244694165,LeaderAccept
1785244694241,false,1785244694290,LeaderAccept
1785244694375,true,1785244694424,LeaderAccept
1785244694518,false,1785244694567,LeaderAccept
1785244694672,false,1785244694722,LeaderAccept
1785244694837,true,1785244694886,LeaderAccept
1785244695017,false,1785244695066,LeaderAccept
1785244695213,true,1785244695262,LeaderAccept
1785244695430,true,1785244695479,LeaderAccept
1785244695671,true,1785244695720,LeaderAccept
1785244695943,false,1785244695992,LeaderAccept
1785244696254,true,1785244696304,LeaderAccept
1785244696618,false,1785244696668,LeaderAccept
1785244697054,false,1785244697104,LeaderAccept
1785244697595,false,1785244697645,LeaderAccept
1785244698305,false,1785244698355,LeaderAccept
1785244699317,false,1785244699367,LeaderAccept
1785244700993,false,1785244701042,LeaderAccept
1785244704869,false,1785244704920,LeaderAccept
1785244719845,false,1785244719884,FastAccept
1785244719871,false,1785244719910,FastAccept
1785244719897,false,1785244719936,FastAccept
1785244719923,true,1785244719962,FastAccept
1785244719949,true,1785244719989,FastAccept
1785244719976,true,1785244720015,FastAccept
1785244720003,false,1785244720042,FastAccept
1785244720030,false,1785244720070,FastAccept
1785244720057,false,1785244720097,FastAccept
1785244720086,false,1785244720126,FastAccept
1785244720115,true,1785244720154,FastAccept
1785244720144,true,1785244720184,FastAccept
1785244720173,true,1785244720213,FastAccept
1785244720203,false,1785244720242,FastAccept
1785244720233,false,1785244720273,FastAccept
1785244720264,true,1785244720303,FastAccept
1785244720295,true,1785244720334,FastAccept
1785244720327,true,1785244720366,FastAccept
1785244720359,true,1785244720398,FastAccept
1785244720392,true,1785244720431,FastAccept
1785244720424,true,1785244720464,FastAccept
1785244720457,true,1785244720497,FastAccept
1785244720492,true,1785244720531,FastAccept
1785244720527,true,1785244720566,FastAccept
1785244720562,true,1785244720601,FastAccept
1785244720598,false,1785244720636,FastAccept
1785244720634,true,1785244720673,FastAccept
1785244720671,false,1785244720710,FastAccept
1785244720708,false,1785244720747,FastAccept
1785244720747,false,1785244720786,FastAccept
1785244720786,false,1785244720825,FastAccept
1785244720826,true,1785244720866,FastAccept
1785244720867,false,1785244720906,FastAccept
1785244720909,true,1785244720948,FastAccept
1785244720951,true,1785244720991,FastAccept
1785244720995,false,1785244721035,FastAccept
1785244721040,true,1785244721079,FastAccept
1785244721084,true,1785244721124,FastAccept
1785244721131,false,1785244721171,FastAccept
1785244721179,true,1785244721219,FastAccept
1785244721228,true,1785244721268,FastAccept
1785244721278,false,1785244721317,FastAccept
1785244721329,true,1785244721368,FastAccept
1785244721381,true,1785244721421,FastAccept
1785244721434,false,1785244721474,FastAccept
1785244721489,true,1785244721529,FastAccept
1785244721546,true,1785244721585,FastAccept
1785244721604,false,1785244721644,FastAccept
1785244721664,false,1785244721703,FastAccept
1785244721726,false,1785244721765,FastAccept
1785244721789,true,1785244721829,FastAccept
1785244721855,true,1785244721894,FastAccept
1785244721923,true,1785244721963,FastAccept
1785244721993,false,1785244722033,FastAccept
1785244722065,true,1785244722104,FastAccept
1785244722140,false,1785244722179,FastAccept
1785244722218,false,1785244722257,FastAccept
1785244722298,false,1785244722338,FastAccept
1785244722382,false,1785244722422,FastAccept
1785244722470,true,1785244722510,FastAccept
1785244722562,true,1785244722601,FastAccept
1785244722658,false,1785244722697,FastAccept
1785244722758,true,1785244722797,FastAccept
1785244722863,true,1785244722903,FastAccept
1785244722975,false,1785244723014,FastAccept
1785244723093,true,1785244723133,FastAccept
1785244723218,false,1785244723258,FastAccept
1785244723351,true,1785244723391,FastAccept
1785244723493,false,1785244723533,FastAccept
1785244723645,true,1785244723684,FastAccept
1785244723809,true,1785244723848,FastAccept
1785244723987,true,1785244724027,FastAccept
1785244724181,false,1785244724221,FastAccept
1785244724394,true,1785244724434,FastAccept
1785244724632,true,1785244724671,FastAccept
1785244724900,true,1785244724939,FastAccept
1785244725206,true,1785244725245,FastAccept
1785244725561,true,1785244725601,FastAccept
1785244725987,false,1785244726026,FastAccept
1785244726512,false,1785244726561,LeaderAccept
1785244727195,true,1785244727245,LeaderAccept
1785244728155,false,1785244728204,LeaderAccept
1785244729707,false,1785244729757,LeaderAccept
1785244733077,true,1785244733127,LeaderAccept
1785244746720,true,1785244746760,FastAccept
1785244746738,false,1785244746777,FastAccept
1785244746756,false,1785244746795,FastAccept
1785244746773,true,1785244746813,FastAccept
1785244746792,true,1785244746831,FastAccept
1785244746810,true,1785244746849,FastAccept
1785244746827,false,1785244746866,FastAccept
1785244746846,false,1785244746885,FastAccept
1785244746865,false,1785244746904,FastAccept
1785244746884,true,1785244746923,FastAccept
1785244746902,true,1785244746942,FastAccept
1785244746921,false,1785244746961,FastAccept
1785244746941,false,1785244746981,FastAccept
1785244746960,false,1785244747000,FastAccept
1785244746980,true,1785244747020,FastAccept
1785244747000,true,1785244747039,FastAccept
1785244747020,false,1785244747059,FastAccept
1785244747039,true,1785244747078,FastAccept
1785244747059,false,1785244747098,FastAccept
1785244747080,true,1785244747119,FastAccept
1785244747100,false,1785244747140,FastAccept
1785244747122,true,1785244747161,FastAccept
1785244747144,false,1785244747183,FastAccept
1785244747165,false,1785244747203,FastAccept
1785244747186,true,1785244747226,FastAccept
1785244747208,true,1785244747248,FastAccept
1785244747231,true,1785244747270,FastAccept
1785244747253,true,1785244747292,FastAccept
1785244747276,false,1785244747316,FastAccept
1785244747299,true,1785244747340,FastAccept
1785244747323,false,1785244747362,FastAccept
1785244747347,true,1785244747386,FastAccept
1785244747370,true,1785244747409,FastAccept
1785244747393,true,1785244747433,FastAccept
1785244747418,true,1785244747457,FastAccept
1785244747442,false,1785244747481,FastAccept
1785244747467,false,1785244747507,FastAccept
1785244747492,true,1785244747531,FastAccept
1785244747517,false,1785244747556,FastAccept
1785244747543,true,1785244747583,FastAccept
1785244747569,true,1785244747608,FastAccept
1785244747596,true,1785244747635,FastAccept
1785244747622,false,1785244747662,FastAccept
1785244747649,false,1785244747689,FastAccept
1785244747677,true,1785244747716,FastAccept
1785244747705,true,1785244747744,FastAccept
1785244747733,true,1785244747772,FastAccept
1785244747761,false,1785244747800,FastAccept
1785244747790,true,1785244747830,FastAccept
1785244747820,false,1785244747859,FastAccept
1785244747850,false,1785244747889,FastAccept
1785244747880,false,1785244747919,FastAccept
1785244747911,true,1785244747951,FastAccept
1785244747941,true,1785244747981,FastAccept
1785244747973,false,1785244748012,FastAccept
1785244748005,false,1785244748044,FastAccept
1785244748038,true,1785244748077,FastAccept
1785244748070,false,1785244748110,FastAccept
1785244748104,true,1785244748144,FastAccept
1785244748138,true,1785244748177,FastAccept
1785244748173,false,1785244748212,FastAccept
1785244748208,true,1785244748247,FastAccept
1785244748244,false,1785244748283,FastAccept
1785244748279,true,1785244748318,FastAccept
1785244748317,false,1785244748357,FastAccept
1785244748354,false,1785244748394,FastAccept
1785244748393,true,1785244748432,FastAccept
1785244748432,false,1785244748471,FastAccept
1785244748471,true,1785244748511,FastAccept
1785244748512,true,1785244748552,FastAccept
1785244748554,false,1785244748593,FastAccept
1785244748596,true,1785244748636,FastAccept
1785244748640,true,1785244748680,FastAccept
1785244748685,false,1785244748725,FastAccept
1785244748730,true,1785244748769,FastAccept
1785244748775,false,1785244748815,FastAccept
1785244748823,false,1785244748863,FastAccept
1785244748871,true,1785244748910,FastAccept
1785244748921,false,1785244748960,FastAccept
1785244748971,false,1785244749011,FastAccept
1785244749024,true,1785244749064,FastAccept
1785244749077,true,1785244749117,FastAccept
1785244749132,false,1785244749172,FastAccept
1785244749189,true,1785244749229,FastAccept
1785244749247,true,1785244749297,LeaderAccept
1785244749307,true,1785244749358,LeaderAccept
1785244749368,true,1785244749418,LeaderAccept
1785244749431,false,1785244749480,LeaderAccept
1785244749496,false,1785244749546,LeaderAccept
1785244749564,true,1785244749614,LeaderAccept
1785244749634,true,1785244749684,LeaderAccept
1785244749706,true,1785244749755,LeaderAccept
1785244749781,false,1785244749831,LeaderAccept
1785244749858,true,1785244749907,LeaderAccept
1785244749937,false,1785244749987,LeaderAccept
1785244750020,false,1785244750070,LeaderAccept
1785244750108,false,1785244750157,LeaderAccept
1785244750199,false,1785244750248,LeaderAccept
1785244750293,false,1785244750344,LeaderAccept
1785244750392,true,1785244750442,LeaderAccept
1785244750497,false,1785244750546,LeaderAccept
1785244750607,false,1785244750656,LeaderAccept
1785244750723,false,1785244750772,LeaderAccept
1785244750846,true,1785244750895,LeaderAccept
1785244750977,false,1785244751026,LeaderAccept
1785244751116,false,1785244751166,LeaderAccept
1785244751266,true,1785244751316,LeaderAccept
1785244751427,false,1785244751477,LeaderAccept
1785244751601,true,1785244751651,LeaderAccept
1785244751791,true,1785244751840,LeaderAccept
1785244752001,false,1785244752051,LeaderAccept
1785244752232,true,1785244752282,LeaderAccept
1785244752493,true,1785244752543,LeaderAccept
1785244752789,false,1785244752839,LeaderAccept
1785244753133,false,1785244753182,LeaderAccept
1785244753541,false,1785244753590,LeaderAccept
1785244754041,true,1785244754090,LeaderAccept
1785244754682,false,1785244754722,FastAccept
1785244755566,false,1785244755606,FastAccept
1785244756940,false,1785244756998,LeaderAccept
1785244759672,true,1785244759722,LeaderAccept
1785244770370,true,1785244770409,FastAccept
1785244771321,false,1785244771361,FastAccept
1785244771342,false,1785244771381,FastAccept
1785244771363,true,1785244771402,FastAccept
1785244771384,false,1785244771423,FastAccept
1785244771405,true,1785244771445,FastAccept
1785244771427,true,1785244771466,FastAccept
1785244771449,false,1785244771488,FastAccept
1785244771470,false,1785244771510,FastAccept
1785244771492,false,1785244771532,FastAccept
1785244771515,false,1785244771554,FastAccept
1785244771537,true,1785244771576,FastAccept
1785244771561,false,1785244771600,FastAccept
1785244771584,true,1785244771623,FastAccept
1785244771606,false,1785244771645,FastAccept
1785244771630,true,1785244771669,FastAccept
1785244771653,true,1785244771693,FastAccept
1785244771678,true,1785244771717,FastAccept
1785244771702,false,1785244771741,FastAccept
1785244771727,true,1785244771766,FastAccept
1785244771752,true,1785244771791,FastAccept
1785244771777,false,1785244771816,FastAccept
1785244771802,true,1785244771841,FastAccept
1785244771829,true,1785244771870,FastAccept
1785244771856,true,1785244771896,FastAccept
1785244771883,true,1785244771923,FastAccept
1785244771910,false,1785244771950,FastAccept
1785244771938,false,1785244771977,FastAccept
1785244771966,false,1785244772005,FastAccept
1785244771994,false,1785244772033,FastAccept
1785244772021,false,1785244772061,FastAccept
1785244772051,true,1785244772090,FastAccept
1785244772079,true,1785244772131,LeaderAccept
1785244772108,false,1785244772158,LeaderAccept
1785244772139,false,1785244772178,FastAccept
1785244772170,false,1785244772210,FastAccept
1785244772201,true,1785244772241,FastAccept
1785244772232,true,1785244772272,FastAccept
1785244772264,false,1785244772304,FastAccept
1785244772297,false,1785244772336,FastAccept
1785244772330,false,1785244772369,FastAccept
1785244772363,true,1785244772403,FastAccept
1785244772397,true,1785244772437,FastAccept
1785244772432,true,1785244772472,FastAccept
1785244772467,false,1785244772507,FastAccept
1785244772503,true,1785244772543,FastAccept
1785244772540,true,1785244772579,FastAccept
1785244772576,true,1785244772616,FastAccept
1785244772614,false,1785244772653,FastAccept
1785244772652,false,1785244772691,FastAccept
1785244772691,true,1785244772730,FastAccept
1785244772731,false,1785244772771,FastAccept
1785244772772,true,1785244772813,FastAccept
1785244772813,true,1785244772853,FastAccept
1785244772855,true,1785244772895,FastAccept
1785244772898,false,1785244772937,FastAccept
1785244772941,false,1785244772981,FastAccept
1785244772987,true,1785244773027,FastAccept
1785244773033,true,1785244773072,FastAccept
1785244773080,false,1785244773121,FastAccept
1785244773129,false,1785244773168,FastAccept
1785244773177,true,1785244773217,FastAccept
1785244773227,true,1785244773268,FastAccept
1785244773279,false,1785244773318,FastAccept
1785244773332,true,1785244773372,FastAccept
1785244773387,false,1785244773426,FastAccept
1785244773443,true,1785244773482,FastAccept
1785244773500,true,1785244773540,FastAccept
1785244773560,true,1785244773601,FastAccept
1785244773621,false,1785244773661,FastAccept
1785244773684,false,1785244773724,FastAccept
1785244773749,true,1785244773789,FastAccept
1785244773816,false,1785244773855,FastAccept
1785244773885,false,1785244773924,FastAccept
1785244773956,true,1785244773995,FastAccept
1785244774030,false,1785244774069,FastAccept
1785244774106,false,1785244774146,FastAccept
1785244774186,false,1785244774226,FastAccept
1785244774269,true,1785244774322,FastAccept
1785244774356,false,1785244774405,LeaderAccept
1785244774445,false,1785244774495,LeaderAccept
1785244774540,true,1785244774589,LeaderAccept
1785244774639,false,1785244774689,LeaderAccept
1785244774742,false,1785244774791,LeaderAccept
1785244774851,true,1785244774901,LeaderAccept
1785244774966,true,1785244775016,LeaderAccept
1785244775088,true,1785244775137,LeaderAccept
1785244775217,false,1785244775267,LeaderAccept
1785244775356,true,1785244775405,LeaderAccept
1785244775504,false,1785244775554,LeaderAccept
1785244775663,true,1785244775713,LeaderAccept
1785244775834,true,1785244775884,LeaderAccept
1785244776022,false,1785244776071,LeaderAccept
1785244776228,false,1785244776278,LeaderAccept
1785244776456,true,1785244776507,LeaderAccept
1785244776712,false,1785244776762,LeaderAccept
1785244777002,false,1785244777052,LeaderAccept
1785244777338,true,1785244777387,LeaderAccept
1785244777734,false,1785244777784,LeaderAccept
1785244778217,true,1785244778267,LeaderAccept
1785244778831,false,1785244778881,LeaderAccept
1785244779667,false,1785244779716,LeaderAccept
1785244780935,false,1785244780985,LeaderAccept
1785244782164,true,1785244782214,LeaderAccept
1785244782181,false,1785244782230,LeaderAccept
1785244782197,true,1785244782246,LeaderAccept
1785244782214,false,1785244782264,LeaderAccept
1785244782231,true,1785244782280,LeaderAccept
1785244782247,true,1785244782297,LeaderAccept
1785244782263,true,1785244782313,LeaderAccept
1785244782280,false,1785244782330,LeaderAccept
1785244782298,false,1785244782347,LeaderAccept
1785244782316,false,1785244782365,LeaderAccept
1785244782334,true,1785244782384,LeaderAccept
1785244782351,false,1785244782401,LeaderAccept
1785244782369,false,1785244782418,LeaderAccept
1785244782387,false,1785244782436,LeaderAccept
1785244782405,true,1785244782454,LeaderAccept
1785244782423,false,1785244782472,LeaderAccept
1785244782441,false,1785244782490,LeaderAccept
1785244782458,false,1785244782508,LeaderAccept
1785244782477,true,1785244782527,LeaderAccept
1785244782496,true,1785244782546,LeaderAccept
1785244782515,true,1785244782564,LeaderAccept
1785244782534,true,1785244782583,LeaderAccept
1785244782553,true,1785244782603,LeaderAccept
1785244782572,false,1785244782622,LeaderAccept
1785244782592,false,1785244782641,LeaderAccept
1785244782612,false,1785244782661,LeaderAccept
1785244782632,false,1785244782681,LeaderAccept
1785244782652,false,1785244782702,LeaderAccept
1785244782672,true,1785244782722,LeaderAccept
1785244782693,false,1785244782742,LeaderAccept
1785244782714,false,1785244782763,LeaderAccept
1785244782735,false,1785244782784,LeaderAccept
1785244782756,true,1785244782805,LeaderAccept
1785244782777,true,1785244782826,LeaderAccept
1785244782799,true,1785244782848,LeaderAccept
1785244782821,true,1785244782870,LeaderAccept
1785244782843,false,1785244782892,LeaderAccept
1785244782864,true,1785244782914,LeaderAccept
1785244782887,true,1785244782936,LeaderAccept
1785244782910,true,1785244782960,LeaderAccept
1785244782934,false,1785244782984,LeaderAccept
1785244782958,false,1785244783008,LeaderAccept
1785244782981,false,1785244783031,LeaderAccept
1785244783005,true,1785244783054,LeaderAccept
1785244783029,true,1785244783078,LeaderAccept
1785244783053,false,1785244783103,LeaderAccept
1785244783078,false,1785244783127,LeaderAccept
1785244783102,true,1785244783152,LeaderAccept
1785244783127,true,1785244783177,LeaderAccept
1785244783152,true,1785244783201,LeaderAccept
1785244783178,true,1785244783227,LeaderAccept
1785244783204,false,1785244783253,LeaderAccept
1785244783230,true,1785244783280,LeaderAccept
1785244783256,false,1785244783306,LeaderAccept
1785244783284,false,1785244783334,LeaderAccept
1785244783310,true,1785244783360,LeaderAccept
1785244783338,false,1785244783388,LeaderAccept
1785244783366,false,1785244783416,LeaderAccept
1785244783395,false,1785244783444,LeaderAccept
1785244783424,true,1785244783474,LeaderAccept
1785244783453,true,1785244783502,LeaderAccept
1785244783483,false,1785244783532,LeaderAccept
1785244783513,false,1785244783562,LeaderAccept
1785244783543,true,1785244783593,LeaderAccept
1785244783574,false,1785244783624,LeaderAccept
1785244783606,false,1785244783655,LeaderAccept
1785244783638,true,1785244783687,LeaderAccept
1785244783670,true,1785244783720,LeaderAccept
1785244783704,false,1785244783753,LeaderAccept
1785244783737,true,1785244783787,LeaderAccept
1785244783770,true,1785244783820,LeaderAccept
1785244783805,false,1785244783854,LeaderAccept
1785244783840,false,1785244783890,LeaderAccept
1785244783876,true,1785244783925,LeaderAccept
1785244783912,true,1785244783961,LeaderAccept
1785244783949,false,1785244783998,LeaderAccept
1785244783987,true,1785244784036,LeaderAccept
1785244784025,false,1785244784074,LeaderAccept
1785244784063,false,1785244784113,LeaderAccept
1785244784103,false,1785244784152,LeaderAccept
1785244784142,false,1785244784192,LeaderAccept
1785244784184,true,1785244784233,LeaderAccept
1785244784226,true,1785244784275,LeaderAccept
1785244784269,true,1785244784319,LeaderAccept
1785244784313,false,1785244784364,LeaderAccept
1785244784359,true,1785244784409,LeaderAccept
1785244784406,true,1785244784456,LeaderAccept
1785244784454,true,1785244784504,LeaderAccept
1785244784502,true,1785244784552,LeaderAccept
1785244784552,false,1785244784602,LeaderAccept
1785244784603,true,1785244784653,LeaderAccept
1785244784655,true,1785244784705,LeaderAccept
1785244784708,true,1785244784758,LeaderAccept
1785244784763,false,1785244784813,LeaderAccept
1785244784819,true,1785244784869,LeaderAccept
1785244784877,false,1785244784928,LeaderAccept
1785244784937,false,1785244784986,LeaderAccept
1785244784998,true,1785244785047,LeaderAccept
1785244785061,true,1785244785111,LeaderAccept
1785244785127,false,1785244785176,LeaderAccept
1785244785194,false,1785244785244,LeaderAccept
1785244785263,true,1785244785313,LeaderAccept
1785244785334,true,1785244785384,LeaderAccept
1785244785409,false,1785244785458,LeaderAccept
1785244785486,false,1785244785535,LeaderAccept
1785244785566,true,1785244785616,LeaderAccept
1785244785649,true,1785244785699,LeaderAccept
1785244785736,true,1785244785785,LeaderAccept
1785244785826,false,1785244785876,LeaderAccept
1785244785921,true,1785244785971,LeaderAccept
1785244786021,false,1785244786070,LeaderAccept
1785244786124,false,1785244786175,LeaderAccept
1785244786234,false,1785244786284,LeaderAccept
1785244786350,true,1785244786400,LeaderAccept
1785244786473,true,1785244786523,LeaderAccept
1785244786603,true,1785244786653,LeaderAccept
1785244786743,true,1785244786792,LeaderAccept
1785244786892,false,1785244786942,LeaderAccept
1785244787053,true,1785244787103,LeaderAccept
1785244787226,true,1785244787276,LeaderAccept
1785244787415,true,1785244787465,LeaderAccept
1785244787623,true,1785244787673,LeaderAccept
1785244787855,false,1785244787904,LeaderAccept
1785244788115,false,1785244788165,LeaderAccept
1785244788410,false,1785244788449,FastAccept
1785244788752,false,1785244788792,FastAccept
1785244789158,false,1785244789197,FastAccept
1785244789654,true,1785244789694,FastAccept
1785244790290,true,1785244790348,LeaderAccept
1785244791162,true,1785244791212,LeaderAccept
1785244792513,true,1785244792562,LeaderAccept
1785244795165,false,1785244795215,LeaderAccept
1785244805151,true,1785244805202,LeaderAccept
1785244809669,false,1785244809718,LeaderAccept
1785244809685,false,1785244809734,LeaderAccept
1785244809701,false,1785244809750,LeaderAccept
1785244809717,false,1785244809767,LeaderAccept
1785244809734,false,1785244809784,LeaderAccept
1785244809750,true,1785244809800,LeaderAccept
1785244809767,true,1785244809816,LeaderAccept
1785244809784,true,1785244809833,LeaderAccept
1785244809801,false,1785244809850,LeaderAccept
1785244809819,true,1785244809868,LeaderAccept
1785244809836,false,1785244809886,LeaderAccept
1785244809853,false,1785244809903,LeaderAccept
1785244809871,true,1785244809920,LeaderAccept
1785244809889,false,1785244809938,LeaderAccept
1785244809906,true,1785244809956,LeaderAccept
1785244809924,false,1785244809974,LeaderAccept
1785244809943,true,1785244809992,LeaderAccept
1785244809961,false,1785244810010,LeaderAccept
1785244809980,true,1785244810029,LeaderAccept
1785244809999,true,1785244810049,LeaderAccept
1785244810017,true,1785244810067,LeaderAccept
1785244810036,true,1785244810087,LeaderAccept
1785244810056,true,1785244810105,LeaderAccept
1785244810075,true,1785244810125,LeaderAccept
1785244810095,false,1785244810144,LeaderAccept
1785244810115,true,1785244810164,LeaderAccept
1785244810135,true,1785244810184,LeaderAccept
1785244810154,false,1785244810204,LeaderAccept
1785244810175,true,1785244810225,LeaderAccept
1785244810195,true,1785244810245,LeaderAccept
1785244810216,false,1785244810266,LeaderAccept
1785244810237,true,1785244810287,LeaderAccept
1785244810258,true,1785244810307,LeaderAccept
1785244810280,false,1785244810330,LeaderAccept
1785244810301,false,1785244810351,LeaderAccept
1785244810323,false,1785244810373,LeaderAccept
1785244810344,true,1785244810394,LeaderAccept
1785244810367,true,1785244810416,LeaderAccept
1785244810390,false,1785244810439,LeaderAccept
1785244810413,false,1785244810462,LeaderAccept
1785244810436,true,1785244810485,LeaderAccept
1785244810459,true,1785244810508,LeaderAccept
1785244810481,false,1785244810530,LeaderAccept
1785244810505,false,1785244810554,LeaderAccept
1785244810529,true,1785244810578,LeaderAccept
1785244810553,false,1785244810602,LeaderAccept
1785244810577,false,1785244810626,LeaderAccept
1785244810602,false,1785244810651,LeaderAccept
1785244810627,true,1785244810677,LeaderAccept
1785244810652,false,1785244810702,LeaderAccept
1785244810677,false,1785244810727,LeaderAccept
1785244810703,false,1785244810753,LeaderAccept
1785244810729,true,1785244810779,LeaderAccept
1785244810756,false,1785244810806,LeaderAccept
1785244810783,false,1785244810832,LeaderAccept
1785244810811,false,1785244810860,LeaderAccept
1785244810839,false,1785244810889,LeaderAccept
1785244810866,true,1785244810916,LeaderAccept
1785244810894,false,1785244810944,LeaderAccept
1785244810922,false,1785244810973,LeaderAccept
1785244810952,false,1785244811001,LeaderAccept
1785244810981,true,1785244811030,LeaderAccept
1785244811011,true,1785244811061,LeaderAccept
1785244811042,true,1785244811092,LeaderAccept
1785244811073,true,1785244811122,LeaderAccept
1785244811105,false,1785244811155,LeaderAccept
1785244811136,true,1785244811186,LeaderAccept
1785244811169,false,1785244811219,LeaderAccept
1785244811202,false,1785244811252,LeaderAccept
1785244811236,true,1785244811285,LeaderAccept
1785244811270,false,1785244811320,LeaderAccept
1785244811305,true,1785244811355,LeaderAccept
1785244811340,false,1785244811389,LeaderAccept
1785244811376,false,1785244811425,LeaderAccept
1785244811413,true,1785244811462,LeaderAccept
1785244811450,false,1785244811498,LeaderAccept
1785244811487,false,1785244811537,LeaderAccept
1785244811526,true,1785244811575,LeaderAccept
1785244811565,true,1785244811615,LeaderAccept
1785244811605,true,1785244811655,LeaderAccept
1785244811646,false,1785244811695,LeaderAccept
1785244811688,false,1785244811738,LeaderAccept
1785244811730,true,1785244811779,LeaderAccept
1785244811773,false,1785244811823,LeaderAccept
1785244811817,true,1785244811867,LeaderAccept
1785244811862,true,1785244811911,LeaderAccept
1785244811908,false,1785244811957,LeaderAccept
1785244811955,true,1785244812004,LeaderAccept
1785244812002,false,1785244812052,LeaderAccept
1785244812051,false,1785244812101,LeaderAccept
1785244812102,true,1785244812152,LeaderAccept
1785244812154,true,1785244812203,LeaderAccept
1785244812206,false,1785244812256,LeaderAccept
1785244812261,true,1785244812311,LeaderAccept
1785244812317,false,1785244812367,LeaderAccept
1785244812375,false,1785244812424,LeaderAccept
1785244812434,false,1785244812483,LeaderAccept
1785244812495,false,1785244812544,LeaderAccept
1785244812557,false,1785244812607,LeaderAccept
1785244812622,true,1785244812672,LeaderAccept
1785244812689,false,1785244812739,LeaderAccept
1785244812758,true,1785244812808,LeaderAccept
1785244812829,true,1785244812878,LeaderAccept
1785244812903,true,1785244812952,LeaderAccept
1785244812979,false,1785244813028,LeaderAccept
1785244813059,false,1785244813108,LeaderAccept
1785244813140,false,1785244813190,LeaderAccept
1785244813226,true,1785244813276,LeaderAccept
1785244813316,false,1785244813365,LeaderAccept
1785244813410,true,1785244813459,LeaderAccept
1785244813507,false,1785244813557,LeaderAccept
1785244813611,false,1785244813661,LeaderAccept
1785244813720,true,1785244813770,LeaderAccept
1785244813835,true,1785244813885,LeaderAccept
1785244813957,false,1785244814007,LeaderAccept
1785244814086,false,1785244814136,LeaderAccept
1785244814223,true,1785244814273,LeaderAccept
1785244814370,false,1785244814420,LeaderAccept
1785244814528,true,1785244814578,LeaderAccept
1785244814699,true,1785244814749,LeaderAccept
1785244814885,false,1785244814935,LeaderAccept
1785244815090,true,1785244815140,LeaderAccept
1785244815316,true,1785244815366,LeaderAccept
1785244815568,true,1785244815618,LeaderAccept
1785244815856,true,1785244815906,LeaderAccept
1785244816187,true,1785244816227,FastAccept
1785244816578,true,1785244816618,FastAccept
1785244817052,true,1785244817092,FastAccept
1785244817653,false,1785244817693,FastAccept
1785244818465,false,1785244818504,FastAccept
1785244819682,false,1785244819731,LeaderAccept
1785244821917,true,1785244821967,LeaderAccept
1785244828749,false,1785244828806,LeaderAccept
1785244855371,false,1785244855421,LeaderAccept
1785244855397,true,1785244855447,LeaderAccept
1785244855425,true,1785244855474,LeaderAccept
1785244855452,true,1785244855501,LeaderAccept
1785244855479,true,1785244855529,LeaderAccept
1785244855508,true,1785244855557,LeaderAccept
1785244855535,true,1785244855585,LeaderAccept
1785244855563,true,1785244855613,LeaderAccept
1785244855593,true,1785244855642,LeaderAccept
1785244855623,false,1785244855672,LeaderAccept
1785244855653,true,1785244855702,LeaderAccept
1785244855683,true,1785244855733,LeaderAccept
1785244855713,false,1785244855764,LeaderAccept
1785244855745,true,1785244855796,LeaderAccept
1785244855777,true,1785244855826,LeaderAccept
1785244855809,false,1785244855859,LeaderAccept
1785244855841,false,1785244855891,LeaderAccept
1785244855875,true,1785244855924,LeaderAccept
1785244855909,false,1785244855959,LeaderAccept
1785244855943,false,1785244855993,LeaderAccept
1785244855979,true,1785244856029,LeaderAccept
1785244856014,false,1785244856064,LeaderAccept
1785244856051,false,1785244856100,LeaderAccept
1785244856088,true,1785244856138,LeaderAccept
1785244856125,true,1785244856175,LeaderAccept
1785244856164,false,1785244856214,LeaderAccept
1785244856203,false,1785244856253,LeaderAccept
1785244856243,true,1785244856293,LeaderAccept
1785244856282,true,1785244856332,LeaderAccept
1785244856324,false,1785244856374,LeaderAccept
1785244856365,true,1785244856416,LeaderAccept
1785244856408,true,1785244856457,LeaderAccept
1785244856452,true,1785244856501,LeaderAccept
1785244856497,true,1785244856546,LeaderAccept
1785244856542,false,1785244856592,LeaderAccept
1785244856588,false,1785244856638,LeaderAccept
1785244856635,true,1785244856685,LeaderAccept
1785244856683,false,1785244856733,LeaderAccept
1785244856733,true,1785244856783,LeaderAccept
1785244856785,true,1785244856834,LeaderAccept
1785244856838,true,1785244856888,LeaderAccept
1785244856892,true,1785244856942,LeaderAccept
1785244856948,false,1785244856998,LeaderAccept
1785244857005,false,1785244857054,LeaderAccept
1785244857064,false,1785244857113,LeaderAccept
1785244857124,true,1785244857174,LeaderAccept
1785244857185,false,1785244857235,LeaderAccept
1785244857249,true,1785244857300,LeaderAccept
1785244857316,false,1785244857366,LeaderAccept
1785244857384,true,1785244857434,LeaderAccept
1785244857454,true,1785244857504,LeaderAccept
1785244857528,true,1785244857577,LeaderAccept
1785244857604,false,1785244857653,LeaderAccept
1785244857681,true,1785244857731,LeaderAccept
1785244857762,false,1785244857812,LeaderAccept
1785244857847,true,1785244857897,LeaderAccept
1785244857936,true,1785244857986,LeaderAccept
1785244858029,false,1785244858078,LeaderAccept
1785244858126,true,1785244858175,LeaderAccept
1785244858228,false,1785244858277,LeaderAccept
1785244858334,true,1785244858384,LeaderAccept
1785244858447,true,1785244858497,LeaderAccept
1785244858567,true,1785244858617,LeaderAccept
1785244858694,false,1785244858743,LeaderAccept
1785244858829,true,1785244858878,LeaderAccept
1785244858973,true,1785244859022,LeaderAccept
1785244859128,false,1785244859177,LeaderAccept
1785244859295,true,1785244859344,LeaderAccept
1785244859476,true,1785244859525,LeaderAccept
1785244859674,true,1785244859723,LeaderAccept
1785244859893,true,1785244859943,LeaderAccept
1785244860137,false,1785244860187,LeaderAccept
1785244860413,true,1785244860462,LeaderAccept
1785244860729,false,1785244860768,FastAccept
1785244861100,false,1785244861139,FastAccept
1785244861546,false,1785244861585,FastAccept
1785244862103,true,1785244862161,LeaderAccept
1785244862838,false,1785244862887,LeaderAccept
1785244863898,true,1785244863948,LeaderAccept
1785244865701,false,1785244865752,LeaderAccept
1785244870139,true,1785244870178,FastAccept
1785244910950,true,1785244911000,LeaderAccept
1785244915597,false,1785244915646,LeaderAccept
1785244915611,false,1785244915661,LeaderAccept
1785244915627,true,1785244915676,LeaderAccept
1785244915642,false,1785244915691,LeaderAccept
1785244915657,false,1785244915707,LeaderAccept
1785244915671,false,1785244915720,LeaderAccept
1785244915687,true,1785244915736,LeaderAccept
1785244915701,true,1785244915751,LeaderAccept
1785244915717,false,1785244915766,LeaderAccept
1785244915733,true,1785244915782,LeaderAccept
1785244915748,true,1785244915798,LeaderAccept
1785244915764,false,1785244915812,LeaderAccept
1785244915780,true,1785244915829,LeaderAccept
1785244915797,true,1785244915846,LeaderAccept
1785244915814,false,1785244915862,LeaderAccept
1785244915830,false,1785244915879,LeaderAccept
1785244915846,true,1785244915895,LeaderAccept
1785244915862,false,1785244915912,LeaderAccept
1785244915878,true,1785244915928,LeaderAccept
1785244915896,false,1785244915945,LeaderAccept
1785244915913,false,1785244915962,LeaderAccept
1785244915930,true,1785244915979,LeaderAccept
1785244915946,true,1785244915997,LeaderAccept
1785244915963,false,1785244916013,LeaderAccept
1785244915981,true,1785244916030,LeaderAccept
1785244915998,false,1785244916048,LeaderAccept
1785244916016,true,1785244916066,LeaderAccept
1785244916033,true,1785244916083,LeaderAccept
1785244916052,false,1785244916101,LeaderAccept
1785244916071,true,1785244916120,LeaderAccept
1785244916089,false,1785244916138,LeaderAccept
1785244916108,true,1785244916157,LeaderAccept
1785244916127,false,1785244916176,LeaderAccept
1785244916146,true,1785244916195,LeaderAccept
1785244916165,true,1785244916215,LeaderAccept
1785244916184,false,1785244916234,LeaderAccept
1785244916203,true,1785244916253,LeaderAccept
1785244916223,false,1785244916274,LeaderAccept
1785244916242,false,1785244916292,LeaderAccept
1785244916263,false,1785244916313,LeaderAccept
1785244916284,false,1785244916334,LeaderAccept
1785244916304,true,1785244916354,LeaderAccept
1785244916325,true,1785244916376,LeaderAccept
1785244916345,false,1785244916395,LeaderAccept
1785244916366,false,1785244916416,LeaderAccept
1785244916388,true,1785244916437,LeaderAccept
1785244916408,false,1785244916458,LeaderAccept
1785244916430,true,1785244916479,LeaderAccept
1785244916451,true,1785244916501,LeaderAccept
1785244916474,true,1785244916524,LeaderAccept
1785244916497,true,1785244916546,LeaderAccept
1785244916520,true,1785244916570,LeaderAccept
1785244916543,true,1785244916592,LeaderAccept
1785244916565,true,1785244916614,LeaderAccept
1785244916589,true,1785244916639,LeaderAccept
1785244916613,true,1785244916662,LeaderAccept
1785244916637,true,1785244916686,LeaderAccept
1785244916661,false,1785244916710,LeaderAccept
1785244916685,false,1785244916735,LeaderAccept
1785244916710,false,1785244916759,LeaderAccept
1785244916735,true,1785244916784,LeaderAccept
1785244916760,false,1785244916810,LeaderAccept
1785244916786,false,1785244916836,LeaderAccept
1785244916812,true,1785244916861,LeaderAccept
1785244916838,true,1785244916887,LeaderAccept
1785244916865,true,1785244916915,LeaderAccept
1785244916892,false,1785244916941,LeaderAccept
1785244916919,false,1785244916968,LeaderAccept
1785244916947,false,1785244916997,LeaderAccept
1785244916974,false,1785244917023,LeaderAccept
1785244917002,true,1785244917052,LeaderAccept
1785244917031,false,1785244917080,LeaderAccept
1785244917059,false,1785244917109,LeaderAccept
1785244917089,false,1785244917138,LeaderAccept
1785244917119,true,1785244917168,LeaderAccept
1785244917149,true,1785244917199,LeaderAccept
1785244917180,false,1785244917229,LeaderAccept
1785244917211,false,1785244917260,LeaderAccept
1785244917243,true,1785244917293,LeaderAccept
1785244917276,false,1785244917326,LeaderAccept
1785244917309,false,1785244917358,LeaderAccept
1785244917342,false,1785244917391,LeaderAccept
1785244917375,false,1785244917425,LeaderAccept
1785244917410,true,1785244917459,LeaderAccept
1785244917445,true,1785244917494,LeaderAccept
1785244917479,false,1785244917529,LeaderAccept
1785244917516,false,1785244917566,LeaderAccept
1785244917553,true,1785244917603,LeaderAccept
1785244917591,false,1785244917640,LeaderAccept
1785244917629,false,1785244917678,LeaderAccept
1785244917667,true,1785244917717,LeaderAccept
1785244917707,true,1785244917756,LeaderAccept
1785244917746,true,1785244917796,LeaderAccept
1785244917788,true,1785244917837,LeaderAccept
1785244917830,true,1785244917880,LeaderAccept
1785244917872,false,1785244917922,LeaderAccept
1785244917916,true,1785244917966,LeaderAccept
1785244917961,false,1785244918011,LeaderAccept
1785244918007,true,1785244918056,LeaderAccept
1785244918054,true,1785244918103,LeaderAccept
1785244918102,false,1785244918151,LeaderAccept
1785244918151,false,1785244918200,LeaderAccept
1785244918200,false,1785244918250,LeaderAccept
1785244918252,false,1785244918301,LeaderAccept
1785244918305,false,1785244918354,LeaderAccept
1785244918359,true,1785244918408,LeaderAccept
1785244918413,true,1785244918463,LeaderAccept
1785244918471,true,1785244918520,LeaderAccept
1785244918530,true,1785244918579,LeaderAccept
1785244918590,false,1785244918640,LeaderAccept
1785244918653,true,1785244918703,LeaderAccept
1785244918718,false,1785244918767,LeaderAccept
1785244918784,false,1785244918833,LeaderAccept
1785244918851,true,1785244918901,LeaderAccept
1785244918922,false,1785244918972,LeaderAccept
1785244918996,true,1785244919045,LeaderAccept
1785244919072,true,1785244919121,LeaderAccept
1785244919150,true,1785244919200,LeaderAccept
1785244919233,true,1785244919283,LeaderAccept
1785244919319,false,1785244919369,LeaderAccept
1785244919407,false,1785244919457,LeaderAccept
1785244919501,true,1785244919551,LeaderAccept
1785244919599,false,1785244919649,LeaderAccept
1785244919701,true,1785244919751,LeaderAccept
1785244919809,false,1785244919859,LeaderAccept
1785244919923,false,1785244919973,LeaderAccept
1785244920043,false,1785244920093,LeaderAccept
1785244920170,true,1785244920220,LeaderAccept
1785244920306,true,1785244920355,LeaderAccept
1785244920451,false,1785244920500,LeaderAccept
1785244920606,true,1785244920656,LeaderAccept
1785244920775,false,1785244920825,LeaderAccept
1785244920958,true,1785244921008,LeaderAccept
1785244921158,true,1785244921208,LeaderAccept
1785244921380,false,1785244921430,LeaderAccept
1785244921628,false,1785244921678,LeaderAccept
1785244921909,true,1785244921959,LeaderAccept
1785244922231,true,1785244922281,LeaderAccept
1785244922610,false,1785244922660,LeaderAccept
1785244923067,true,1785244923106,FastAccept
1785244923641,false,1785244923681,FastAccept
1785244924406,false,1785244924478,LeaderAccept
1785244925526,false,1785244925566,FastAccept
1785244927485,false,1785244927542,LeaderAccept
1785244932701,true,1785244932750,LeaderAccept
1785244957325,true,1785244957374,LeaderAccept
1785244957364,true,1785244957413,LeaderAccept
1785244957404,false,1785244957454,LeaderAccept
1785244957446,false,1785244957495,LeaderAccept
1785244957488,false,1785244957537,LeaderAccept
1785244957532,false,1785244957581,LeaderAccept
1785244957577,false,1785244957627,LeaderAccept
1785244957623,true,1785244957672,LeaderAccept
1785244957669,false,1785244957718,LeaderAccept
1785244957717,true,1785244957767,LeaderAccept
1785244957764,false,1785244957814,LeaderAccept
1785244957814,true,1785244957864,LeaderAccept
1785244957865,true,1785244957914,LeaderAccept
1785244957916,true,1785244957966,LeaderAccept
1785244957970,true,1785244958020,LeaderAccept
1785244958025,true,1785244958074,LeaderAccept
1785244958080,true,1785244958130,LeaderAccept
1785244958138,true,1785244958188,LeaderAccept
1785244958198,false,1785244958247,LeaderAccept
1785244958259,false,1785244958308,LeaderAccept
1785244958322,true,1785244958372,LeaderAccept
1785244958387,false,1785244958437,LeaderAccept
1785244958454,false,1785244958503,LeaderAccept
1785244958523,true,1785244958573,LeaderAccept
1785244958594,false,1785244958644,LeaderAccept
1785244958669,false,1785244958718,LeaderAccept
1785244958746,true,1785244958796,LeaderAccept
1785244958827,false,1785244958877,LeaderAccept
1785244958910,true,1785244958961,LeaderAccept
1785244958998,false,1785244959048,LeaderAccept
1785244959089,false,1785244959139,LeaderAccept
1785244959185,false,1785244959235,LeaderAccept
1785244959285,true,1785244959335,LeaderAccept
1785244959390,true,1785244959440,LeaderAccept
1785244959501,false,1785244959550,LeaderAccept
1785244959617,false,1785244959667,LeaderAccept
1785244959740,false,1785244959790,LeaderAccept
1785244959872,false,1785244959922,LeaderAccept
1785244960011,true,1785244960061,LeaderAccept
1785244960161,false,1785244960211,LeaderAccept
1785244960323,false,1785244960373,LeaderAccept
1785244960499,true,1785244960549,LeaderAccept
1785244960691,true,1785244960740,LeaderAccept
1785244960901,true,1785244960950,LeaderAccept
1785244961134,false,1785244961183,LeaderAccept
1785244961396,true,1785244961445,LeaderAccept
1785244961695,false,1785244961745,LeaderAccept
1785244962042,false,1785244962081,FastAccept
1785244962454,true,1785244962494,FastAccept
1785244962960,false,1785244963000,FastAccept
1785244963612,true,1785244963651,FastAccept
1785244964514,false,1785244964563,LeaderAccept
1785244965928,false,1785244965978,LeaderAccept
1785244968796,false,1785244968836,FastAccept
1785244980824,false,1785244980864,FastAccept
1785244985967,true,1785244986006,FastAccept
1785244985989,false,1785244986028,FastAccept
1785244986010,true,1785244986050,FastAccept
1785244986033,false,1785244986072,FastAccept
1785244986055,false,1785244986095,FastAccept
1785244986078,false,1785244986117,FastAccept
1785244986101,false,1785244986141,FastAccept
1785244986124,false,1785244986165,FastAccept
1785244986148,true,1785244986187,FastAccept
1785244986172,false,1785244986212,FastAccept
1785244986197,true,1785244986236,FastAccept
1785244986221,true,1785244986261,FastAccept
1785244986245,false,1785244986285,FastAccept
1785244986271,true,1785244986311,FastAccept
1785244986295,true,1785244986335,FastAccept
1785244986321,true,1785244986360,FastAccept
1785244986347,false,1785244986387,FastAccept
1785244986372,true,1785244986412,FastAccept
1785244986399,true,1785244986438,FastAccept
1785244986425,false,1785244986465,FastAccept
1785244986453,true,1785244986492,FastAccept
1785244986480,false,1785244986519,FastAccept
1785244986508,false,1785244986548,FastAccept
1785244986537,false,1785244986576,FastAccept
1785244986566,true,1785244986606,FastAccept
1785244986595,true,1785244986635,FastAccept
1785244986625,true,1785244986664,FastAccept
1785244986655,true,1785244986694,FastAccept
1785244986685,true,1785244986725,FastAccept
1785244986716,true,1785244986756,FastAccept
1785244986747,false,1785244986787,FastAccept
1785244986779,true,1785244986818,FastAccept
1785244986811,false,1785244986850,FastAccept
1785244986844,true,1785244986883,FastAccept
1785244986877,false,1785244986916,FastAccept
1785244986909,false,1785244986949,FastAccept
1785244986944,false,1785244986984,FastAccept
1785244986979,false,1785244987018,FastAccept
1785244987014,true,1785244987053,FastAccept
1785244987050,false,1785244987089,FastAccept
1785244987086,false,1785244987125,FastAccept
1785244987122,false,1785244987163,FastAccept
1785244987161,false,1785244987201,FastAccept
1785244987200,true,1785244987240,FastAccept
1785244987240,false,1785244987279,FastAccept
1785244987280,false,1785244987320,FastAccept
1785244987320,true,1785244987360,FastAccept
1785244987362,false,1785244987401,FastAccept
1785244987405,false,1785244987445,FastAccept
1785244987448,false,1785244987487,FastAccept
1785244987492,true,1785244987532,FastAccept
1785244987538,false,1785244987578,FastAccept
1785244987585,false,1785244987625,FastAccept
1785244987633,false,1785244987673,FastAccept
1785244987682,false,1785244987721,FastAccept
1785244987731,false,1785244987771,FastAccept
1785244987782,true,1785244987822,FastAccept
1785244987835,true,1785244987875,FastAccept
1785244987889,false,1785244987928,FastAccept
1785244987943,false,1785244987983,FastAccept
1785244988000,false,1785244988040,FastAccept
1785244988058,true,1785244988097,FastAccept
1785244988118,true,1785244988157,FastAccept
1785244988180,true,1785244988220,FastAccept
1785244988244,true,1785244988284,FastAccept
1785244988310,true,1785244988350,FastAccept
1785244988378,false,1785244988418,FastAccept
1785244988448,false,1785244988487,FastAccept
1785244988521,false,1785244988560,FastAccept
1785244988595,false,1785244988635,FastAccept
1785244988674,false,1785244988714,FastAccept
1785244988754,false,1785244988794,FastAccept
1785244988839,false,1785244988879,FastAccept
1785244988927,false,1785244988966,FastAccept
1785244989019,false,1785244989059,FastAccept
1785244989115,false,1785244989155,FastAccept
1785244989216,true,1785244989266,LeaderAccept
1785244989322,true,1785244989372,LeaderAccept
1785244989434,false,1785244989484,LeaderAccept
1785244989552,false,1785244989602,LeaderAccept
1785244989677,false,1785244989727,LeaderAccept
1785244989810,true,1785244989859,LeaderAccept
1785244989952,false,1785244990002,LeaderAccept
1785244990104,true,1785244990154,LeaderAccept
1785244990269,true,1785244990320,LeaderAccept
1785244990446,true,1785244990496,LeaderAccept
1785244990640,true,1785244990690,LeaderAccept
1785244990854,true,1785244990904,LeaderAccept
1785244991093,false,1785244991143,LeaderAccept
1785244991362,false,1785244991412,LeaderAccept
1785244991670,true,1785244991719,LeaderAccept
1785244992028,true,1785244992078,LeaderAccept
1785244992457,true,1785244992506,LeaderAccept
1785244992988,true,1785244993037,LeaderAccept
1785244993680,false,1785244993730,LeaderAccept
1785244994657,true,1785244994706,LeaderAccept
1785244996249,false,1785244996299,LeaderAccept
1785244999776,false,1785244999826,LeaderAccept
1785245020293,true,1785245020343,LeaderAccept
1785245020311,false,1785245020361,LeaderAccept
1785245020329,false,1785245020379,LeaderAccept
1785245020346,false,1785245020396,LeaderAccept
1785245020365,false,1785245020415,LeaderAccept
1785245020383,true,1785245020433,LeaderAccept
1785245020402,false,1785245020452,LeaderAccept
1785245020421,false,1785245020471,LeaderAccept
1785245020439,false,1785245020488,LeaderAccept
1785245020459,false,1785245020508,LeaderAccept
1785245020478,true,1785245020527,LeaderAccept
1785245020497,true,1785245020546,LeaderAccept
1785245020517,false,1785245020566,LeaderAccept
1785245020537,true,1785245020586,LeaderAccept
1785245020557,false,1785245020607,LeaderAccept
1785245020578,true,1785245020628,LeaderAccept
1785245020599,true,1785245020649,LeaderAccept
1785245020620,true,1785245020669,LeaderAccept
1785245020641,true,1785245020690,LeaderAccept
1785245020662,true,1785245020711,LeaderAccept
1785245020684,false,1785245020733,LeaderAccept
1785245020706,false,1785245020756,LeaderAccept
1785245020727,false,1785245020777,LeaderAccept
1785245020749,false,1785245020800,LeaderAccept
1785245020771,true,1785245020821,LeaderAccept
1785245020794,true,1785245020843,LeaderAccept
1785245020817,true,1785245020866,LeaderAccept
1785245020840,false,1785245020890,LeaderAccept
1785245020863,true,1785245020912,LeaderAccept
1785245020886,true,1785245020935,LeaderAccept
1785245020910,true,1785245020959,LeaderAccept
1785245020934,false,1785245020983,LeaderAccept
1785245020958,false,1785245021007,LeaderAccept
1785245020983,false,1785245021032,LeaderAccept
1785245021007,true,1785245021057,LeaderAccept
1785245021033,false,1785245021082,LeaderAccept
1785245021059,true,1785245021108,LeaderAccept
1785245021085,false,1785245021134,LeaderAccept
1785245021110,true,1785245021160,LeaderAccept
1785245021137,false,1785245021187,LeaderAccept
1785245021163,true,1785245021212,LeaderAccept
1785245021191,false,1785245021240,LeaderAccept
1785245021218,true,1785245021268,LeaderAccept
1785245021247,true,1785245021296,LeaderAccept
1785245021275,true,1785245021325,LeaderAccept
1785245021303,true,1785245021353,LeaderAccept
1785245021332,false,1785245021382,LeaderAccept
1785245021362,true,1785245021412,LeaderAccept
1785245021392,true,1785245021441,LeaderAccept
1785245021422,true,1785245021471,LeaderAccept
1785245021452,false,1785245021503,LeaderAccept
1785245021484,true,1785245021534,LeaderAccept
1785245021515,false,1785245021565,LeaderAccept
1785245021548,true,1785245021597,LeaderAccept
1785245021581,false,1785245021631,LeaderAccept
1785245021614,false,1785245021664,LeaderAccept
1785245021648,false,1785245021697,LeaderAccept
1785245021683,true,1785245021733,LeaderAccept
1785245021717,true,1785245021766,LeaderAccept
1785245021753,false,1785245021802,LeaderAccept
1785245021788,true,1785245021838,LeaderAccept
1785245021824,false,1785245021874,LeaderAccept
1785245021862,false,1785245021912,LeaderAccept
1785245021900,true,1785245021949,LeaderAccept
1785245021939,true,1785245021988,LeaderAccept
1785245021978,true,1785245022027,LeaderAccept
1785245022018,false,1785245022067,LeaderAccept
1785245022058,true,1785245022108,LeaderAccept
1785245022099,false,1785245022149,LeaderAccept
1785245022142,false,1785245022191,LeaderAccept
1785245022185,false,1785245022234,LeaderAccept
1785245022229,false,1785245022279,LeaderAccept
1785245022274,true,1785245022324,LeaderAccept
1785245022321,false,1785245022370,LeaderAccept
1785245022368,true,1785245022418,LeaderAccept
1785245022417,false,1785245022467,LeaderAccept
1785245022466,false,1785245022516,LeaderAccept
1785245022518,true,1785245022568,LeaderAccept
1785245022571,true,1785245022621,LeaderAccept
1785245022625,true,1785245022674,LeaderAccept
1785245022680,false,1785245022730,LeaderAccept
1785245022737,false,1785245022787,LeaderAccept
1785245022794,false,1785245022844,LeaderAccept
1785245022855,true,1785245022905,LeaderAccept
1785245022917,true,1785245022966,LeaderAccept
1785245022980,false,1785245023030,LeaderAccept
1785245023046,false,1785245023095,LeaderAccept
1785245023113,false,1785245023163,LeaderAccept
1785245023184,false,1785245023234,LeaderAccept
1785245023257,false,1785245023307,LeaderAccept
1785245023332,false,1785245023381,LeaderAccept
1785245023409,true,1785245023459,LeaderAccept
1785245023491,true,1785245023541,LeaderAccept
1785245023575,false,1785245023625,LeaderAccept
1785245023662,true,1785245023712,LeaderAccept
1785245023754,false,1785245023803,LeaderAccept
1785245023850,false,1785245023899,LeaderAccept
1785245023950,false,1785245024000,LeaderAccept
1785245024055,true,1785245024105,LeaderAccept
1785245024167,true,1785245024216,LeaderAccept
1785245024285,true,1785245024335,LeaderAccept
1785245024410,false,1785245024460,LeaderAccept
1785245024542,true,1785245024592,LeaderAccept
1785245024684,true,1785245024733,LeaderAccept
1785245024836,false,1785245024885,LeaderAccept
1785245024999,false,1785245025049,LeaderAccept
1785245025177,true,1785245025226,LeaderAccept
1785245025372,true,1785245025421,LeaderAccept
1785245025586,false,1785245025635,LeaderAccept
1785245025824,false,1785245025873,LeaderAccept
1785245026092,true,1785245026142,LeaderAccept
1785245026398,false,1785245026448,LeaderAccept
1785245026754,false,1785245026804,LeaderAccept
1785245027181,false,1785245027221,FastAccept
1785245027708,false,1785245027748,FastAccept
1785245028394,true,1785245028434,FastAccept
1785245029360,false,1785245029400,FastAccept
1785245030925,true,1785245030964,FastAccept
1785245034345,true,1785245034394,LeaderAccept
1785245048950,true,1785245048991,FastAccept
1785245048973,false,1785245049013,FastAccept
1785245048996,true,1785245049035,FastAccept
1785245049019,false,1785245049058,FastAccept
1785245049043,true,1785245049083,FastAccept
1785245049066,false,1785245049106,FastAccept
1785245049091,true,1785245049131,FastAccept
1785245049116,true,1785245049155,FastAccept
1785245049141,false,1785245049180,FastAccept
1785245049166,true,1785245049205,FastAccept
1785245049190,false,1785245049230,FastAccept
1785245049216,true,1785245049256,FastAccept
1785245049242,true,1785245049282,FastAccept
1785245049269,false,1785245049309,FastAccept
1785245049296,false,1785245049335,FastAccept
1785245049323,false,1785245049363,FastAccept
1785245049350,false,1785245049390,FastAccept
1785245049378,false,1785245049418,FastAccept
1785245049405,true,1785245049445,FastAccept
1785245049434,true,1785245049474,FastAccept
1785245049463,false,1785245049502,FastAccept
1785245049493,false,1785245049533,FastAccept
1785245049522,false,1785245049562,FastAccept
1785245049552,true,1785245049592,FastAccept
1785245049583,true,1785245049622,FastAccept
1785245049614,false,1785245049653,FastAccept
1785245049646,true,1785245049685,FastAccept
1785245049678,false,1785245049717,FastAccept
1785245049709,false,1785245049749,FastAccept
1785245049743,false,1785245049783,FastAccept
1785245049777,true,1785245049817,FastAccept
1785245049811,false,1785245049851,FastAccept
1785245049846,true,1785245049885,FastAccept
1785245049881,false,1785245049921,FastAccept
1785245049917,true,1785245049956,FastAccept
1785245049953,true,1785245049992,FastAccept
1785245049990,false,1785245050029,FastAccept
1785245050028,true,1785245050083,LeaderAccept
1785245050066,true,1785245050117,LeaderAccept
1785245050106,false,1785245050155,LeaderAccept
1785245050146,false,1785245050195,LeaderAccept
1785245050186,false,1785245050236,LeaderAccept
1785245050228,true,1785245050278,LeaderAccept
1785245050271,true,1785245050321,LeaderAccept
1785245050314,false,1785245050365,LeaderAccept
1785245050359,true,1785245050409,LeaderAccept
1785245050404,true,1785245050454,LeaderAccept
1785245050450,false,1785245050500,LeaderAccept
1785245050496,true,1785245050546,LeaderAccept
1785245050545,true,1785245050594,LeaderAccept
1785245050593,true,1785245050643,LeaderAccept
1785245050644,true,1785245050694,LeaderAccept
1785245050696,true,1785245050746,LeaderAccept
1785245050748,true,1785245050798,LeaderAccept
1785245050802,false,1785245050852,LeaderAccept
1785245050859,false,1785245050908,LeaderAccept
1785245050917,true,1785245050968,LeaderAccept
1785245050977,true,1785245051027,LeaderAccept
1785245051038,false,1785245051088,LeaderAccept
1785245051101,false,1785245051151,LeaderAccept
1785245051166,false,1785245051216,LeaderAccept
1785245051233,true,1785245051283,LeaderAccept
1785245051301,false,1785245051350,LeaderAccept
1785245051372,true,1785245051422,LeaderAccept
1785245051446,true,1785245051496,LeaderAccept
1785245051523,false,1785245051574,LeaderAccept
1785245051603,false,1785245051652,LeaderAccept
1785245051686,false,1785245051735,LeaderAccept
1785245051772,true,1785245051821,LeaderAccept
1785245051863,false,1785245051913,LeaderAccept
1785245051957,false,1785245052007,LeaderAccept
1785245052056,false,1785245052105,LeaderAccept
1785245052160,true,1785245052209,LeaderAccept
1785245052269,true,1785245052319,LeaderAccept
1785245052384,false,1785245052434,LeaderAccept
1785245052507,false,1785245052556,LeaderAccept
1785245052636,true,1785245052686,LeaderAccept
1785245052774,true,1785245052824,LeaderAccept
1785245052923,false,1785245052973,LeaderAccept
1785245053082,false,1785245053132,LeaderAccept
1785245053255,true,1785245053305,LeaderAccept
1785245053443,false,1785245053493,LeaderAccept
1785245053649,true,1785245053700,LeaderAccept
1785245053878,false,1785245053928,LeaderAccept
1785245054134,true,1785245054184,LeaderAccept
1785245054425,true,1785245054475,LeaderAccept
1785245054762,false,1785245054812,LeaderAccept
1785245055160,true,1785245055210,LeaderAccept
1785245055646,false,1785245055696,LeaderAccept
1785245056265,false,1785245056315,LeaderAccept
1785245057108,true,1785245057147,FastAccept
1785245058392,true,1785245058432,FastAccept
1785245060831,false,1785245060871,FastAccept
1785245069086,true,1785245069135,LeaderAccept
1785245070988,true,1785245071038,LeaderAccept
1785245071003,false,1785245071054,LeaderAccept
1785245071017,true,1785245071067,LeaderAccept
1785245071033,false,1785245071082,LeaderAccept
1785245071048,false,1785245071097,LeaderAccept
1785245071063,true,1785245071112,LeaderAccept
1785245071077,false,1785245071127,LeaderAccept
1785245071093,true,1785245071142,LeaderAccept
1785245071108,false,1785245071157,LeaderAccept
1785245071124,false,1785245071174,LeaderAccept
1785245071140,false,1785245071189,LeaderAccept
1785245071155,false,1785245071205,LeaderAccept
1785245071172,false,1785245071220,LeaderAccept
1785245071188,false,1785245071238,LeaderAccept
1785245071203,false,1785245071253,LeaderAccept
1785245071220,false,1785245071270,LeaderAccept
1785245071237,true,1785245071287,LeaderAccept
1785245071253,true,1785245071302,LeaderAccept
1785245071270,false,1785245071319,LeaderAccept
1785245071287,false,1785245071336,LeaderAccept
1785245071304,true,1785245071354,LeaderAccept
1785245071321,true,1785245071371,LeaderAccept
1785245071338,false,1785245071388,LeaderAccept
1785245071355,false,1785245071405,LeaderAccept
1785245071372,true,1785245071422,LeaderAccept
1785245071390,false,1785245071440,LeaderAccept
1785245071408,false,1785245071458,LeaderAccept
1785245071426,true,1785245071476,LeaderAccept
1785245071444,false,1785245071494,LeaderAccept
1785245071462,true,1785245071512,LeaderAccept
1785245071481,false,1785245071530,LeaderAccept
1785245071500,true,1785245071549,LeaderAccept
1785245071518,false,1785245071568,LeaderAccept
1785245071537,true,1785245071586,LeaderAccept
1785245071556,true,1785245071606,LeaderAccept
1785245071576,false,1785245071625,LeaderAccept
1785245071595,false,1785245071645,LeaderAccept
1785245071614,true,1785245071663,LeaderAccept
1785245071634,true,1785245071683,LeaderAccept
1785245071654,false,1785245071703,LeaderAccept
1785245071674,true,1785245071724,LeaderAccept
1785245071695,false,1785245071744,LeaderAccept
1785245071715,false,1785245071764,LeaderAccept
1785245071736,false,1785245071785,LeaderAccept
1785245071757,false,1785245071806,LeaderAccept
1785245071779,false,1785245071828,LeaderAccept
1785245071801,false,1785245071850,LeaderAccept
1785245071822,false,1785245071872,LeaderAccept
1785245071845,false,1785245071894,LeaderAccept
1785245071867,false,1785245071917,LeaderAccept
1785245071889,true,1785245071939,LeaderAccept
1785245071911,true,1785245071961,LeaderAccept
1785245071934,false,1785245071984,LeaderAccept
1785245071957,false,1785245072006,LeaderAccept
1785245071980,true,1785245072029,LeaderAccept
1785245072002,true,1785245072052,LeaderAccept
1785245072026,false,1785245072076,LeaderAccept
1785245072050,true,1785245072100,LeaderAccept
1785245072074,true,1785245072125,LeaderAccept
1785245072099,true,1785245072148,LeaderAccept
1785245072124,true,1785245072174,LeaderAccept
1785245072149,false,1785245072200,LeaderAccept
1785245072175,true,1785245072224,LeaderAccept
1785245072201,true,1785245072250,LeaderAccept
1785245072227,false,1785245072277,LeaderAccept
1785245072253,false,1785245072303,LeaderAccept
1785245072280,true,1785245072329,LeaderAccept
1785245072308,false,1785245072357,LeaderAccept
1785245072334,false,1785245072383,LeaderAccept
1785245072363,true,1785245072413,LeaderAccept
1785245072392,true,1785245072441,LeaderAccept
1785245072421,false,1785245072471,LeaderAccept
1785245072450,false,1785245072500,LeaderAccept
1785245072479,true,1785245072528,LeaderAccept
1785245072509,true,1785245072558,LeaderAccept
1785245072538,false,1785245072588,LeaderAccept
1785245072569,true,1785245072618,LeaderAccept
1785245072600,false,1785245072649,LeaderAccept
1785245072632,true,1785245072681,LeaderAccept
1785245072664,true,1785245072713,LeaderAccept
1785245072696,false,1785245072746,LeaderAccept
1785245072730,true,1785245072779,LeaderAccept
1785245072764,true,1785245072813,LeaderAccept
1785245072798,false,1785245072847,LeaderAccept
1785245072833,false,1785245072882,LeaderAccept
1785245072868,false,1785245072918,LeaderAccept
1785245072905,false,1785245072955,LeaderAccept
1785245072942,true,1785245072993,LeaderAccept
1785245072979,true,1785245073029,LeaderAccept
1785245073018,false,1785245073067,LeaderAccept
1785245073057,true,1785245073106,LeaderAccept
1785245073096,true,1785245073145,LeaderAccept
1785245073137,true,1785245073186,LeaderAccept
1785245073178,true,1785245073227,LeaderAccept
1785245073220,false,1785245073269,LeaderAccept
1785245073263,true,1785245073313,LeaderAccept
1785245073306,true,1785245073357,LeaderAccept
1785245073350,true,1785245073400,LeaderAccept
1785245073395,false,1785245073445,LeaderAccept
1785245073442,false,1785245073492,LeaderAccept
1785245073490,false,1785245073539,LeaderAccept
1785245073539,false,1785245073588,LeaderAccept
1785245073589,true,1785245073639,LeaderAccept
1785245073639,true,1785245073689,LeaderAccept
1785245073692,true,1785245073742,LeaderAccept
1785245073746,false,1785245073795,LeaderAccept
1785245073801,false,1785245073850,LeaderAccept
1785245073857,true,1785245073907,LeaderAccept
1785245073916,false,1785245073965,LeaderAccept
1785245073976,true,1785245074025,LeaderAccept
1785245074038,false,1785245074087,LeaderAccept
1785245074102,false,1785245074152,LeaderAccept
1785245074167,false,1785245074217,LeaderAccept
1785245074235,false,1785245074285,LeaderAccept
1785245074306,true,1785245074356,LeaderAccept
1785245074379,true,1785245074428,LeaderAccept
1785245074453,false,1785245074502,LeaderAccept
1785245074532,true,1785245074581,LeaderAccept
1785245074613,false,1785245074663,LeaderAccept
1785245074697,true,1785245074748,LeaderAccept
1785245074786,false,1785245074836,LeaderAccept
1785245074877,true,1785245074927,LeaderAccept
1785245074974,false,1785245075024,LeaderAccept
1785245075076,false,1785245075126,LeaderAccept
1785245075183,false,1785245075232,LeaderAccept
1785245075295,true,1785245075345,LeaderAccept
1785245075412,false,1785245075462,LeaderAccept
1785245075537,true,1785245075588,LeaderAccept
1785245075671,false,1785245075721,LeaderAccept
1785245075814,true,1785245075864,LeaderAccept
1785245075967,false,1785245076017,LeaderAccept
1785245076132,true,1785245076183,LeaderAccept
1785245076311,true,1785245076362,LeaderAccept
1785245076508,false,1785245076559,LeaderAccept
1785245076725,true,1785245076775,LeaderAccept
1785245076966,true,1785245077016,LeaderAccept
1785245077237,false,1785245077287,LeaderAccept
1785245077548,false,1785245077598,LeaderAccept
1785245077910,false,1785245077960,LeaderAccept
1785245078346,true,1785245078395,LeaderAccept
1785245078886,false,1785245078937,LeaderAccept
1785245079594,false,1785245079634,FastAccept
1785245080601,true,1785245080653,FastAccept
1785245082266,false,1785245082316,LeaderAccept
1785245086096,true,1785245086144,LeaderAccept
1785245105366,false,1785245105406,FastAccept
1785245105384,false,1785245105424,FastAccept
1785245105402,false,1785245105442,FastAccept
1785245105421,true,1785245105509,LeaderAccept
1785245105439,true,1785245105509,SlowAccept
1785245105458,true,1785245105509,LeaderAccept
1785245105476,false,1785245105526,LeaderAccept
1785245105495,false,1785245105545,LeaderAccept
1785245105514,false,1785245105564,LeaderAccept
1785245105532,true,1785245105582,LeaderAccept
1785245105552,false,1785245105602,LeaderAccept
1785245105571,false,1785245105621,LeaderAccept
1785245105591,true,1785245105641,LeaderAccept
1785245105610,true,1785245105660,LeaderAccept
1785245105631,false,1785245105681,LeaderAccept
1785245105652,false,1785245105702,LeaderAccept
1785245105673,true,1785245105723,LeaderAccept
1785245105692,true,1785245105743,LeaderAccept
1785245105713,false,1785245105764,LeaderAccept
1785245105733,true,1785245105784,LeaderAccept
1785245105755,true,1785245105804,LeaderAccept
1785245105777,true,1785245105828,LeaderAccept
1785245105798,false,1785245105849,LeaderAccept
1785245105820,false,1785245105870,LeaderAccept
1785245105842,false,1785245105891,LeaderAccept
1785245105864,true,1785245105914,LeaderAccept
1785245105887,true,1785245105938,LeaderAccept
1785245105910,false,1785245105960,LeaderAccept
1785245105933,false,1785245105984,LeaderAccept
1785245105957,true,1785245106008,LeaderAccept
1785245105981,true,1785245106031,LeaderAccept
1785245106005,true,1785245106055,LeaderAccept
1785245106028,true,1785245106078,LeaderAccept
1785245106053,true,1785245106103,LeaderAccept
1785245106078,false,1785245106129,LeaderAccept
1785245106103,false,1785245106152,LeaderAccept
1785245106128,false,1785245106178,LeaderAccept
1785245106154,true,1785245106204,LeaderAccept
1785245106179,true,1785245106229,LeaderAccept
1785245106206,true,1785245106256,LeaderAccept
1785245106232,false,1785245106283,LeaderAccept
1785245106258,true,1785245106310,LeaderAccept
1785245106286,false,1785245106336,LeaderAccept
1785245106314,false,1785245106365,LeaderAccept
1785245106342,false,1785245106391,LeaderAccept
1785245106371,true,1785245106421,LeaderAccept
1785245106400,true,1785245106450,LeaderAccept
1785245106429,false,1785245106479,LeaderAccept
1785245106457,true,1785245106507,LeaderAccept
1785245106487,false,1785245106537,LeaderAccept
1785245106517,true,1785245106566,LeaderAccept
1785245106547,false,1785245106597,LeaderAccept
1785245106578,false,1785245106628,LeaderAccept
1785245106609,true,1785245106659,LeaderAccept
1785245106642,false,1785245106692,LeaderAccept
1785245106674,true,1785245106724,LeaderAccept
1785245106708,false,1785245106757,LeaderAccept
1785245106742,false,1785245106791,LeaderAccept
1785245106775,false,1785245106825,LeaderAccept
1785245106810,false,1785245106860,LeaderAccept
1785245106845,true,1785245106895,LeaderAccept
1785245106882,false,1785245106932,LeaderAccept
1785245106919,false,1785245106969,LeaderAccept
1785245106956,false,1785245107005,LeaderAccept
1785245106995,false,1785245107044,LeaderAccept
1785245107034,true,1785245107083,LeaderAccept
1785245107072,true,1785245107123,LeaderAccept
1785245107113,true,1785245107162,LeaderAccept
1785245107153,false,1785245107203,LeaderAccept
1785245107195,false,1785245107245,LeaderAccept
1785245107238,true,1785245107289,LeaderAccept
1785245107282,false,1785245107333,LeaderAccept
1785245107326,true,1785245107376,LeaderAccept
1785245107372,false,1785245107422,LeaderAccept
1785245107419,true,1785245107469,LeaderAccept
1785245107467,true,1785245107517,LeaderAccept
1785245107515,false,1785245107565,LeaderAccept
1785245107565,true,1785245107616,LeaderAccept
1785245107617,false,1785245107667,LeaderAccept
1785245107670,true,1785245107721,LeaderAccept
1785245107723,false,1785245107773,LeaderAccept
1785245107779,true,1785245107830,LeaderAccept
1785245107836,false,1785245107887,LeaderAccept
1785245107895,false,1785245107946,LeaderAccept
1785245107955,true,1785245108004,LeaderAccept
1785245108017,true,1785245108067,LeaderAccept
1785245108081,true,1785245108131,LeaderAccept
1785245108147,false,1785245108198,LeaderAccept
1785245108215,true,1785245108265,LeaderAccept
1785245108286,true,1785245108336,LeaderAccept
1785245108359,false,1785245108409,LeaderAccept
1785245108434,false,1785245108485,LeaderAccept
1785245108513,false,1785245108563,LeaderAccept
1785245108594,true,1785245108644,LeaderAccept
1785245108680,true,1785245108730,LeaderAccept
1785245108769,false,1785245108818,LeaderAccept
1785245108861,false,1785245108911,LeaderAccept
1785245108957,false,1785245109007,LeaderAccept
1785245109059,true,1785245109108,LeaderAccept
1785245109166,true,1785245109217,LeaderAccept
1785245109279,true,1785245109331,LeaderAccept
1785245109399,true,1785245109449,LeaderAccept
1785245109526,true,1785245109577,LeaderAccept
1785245109660,false,1785245109712,LeaderAccept
1785245109804,false,1785245109855,LeaderAccept
1785245109959,false,1785245110010,LeaderAccept
1785245110126,true,1785245110177,LeaderAccept
1785245110308,false,1785245110358,LeaderAccept
1785245110507,true,1785245110557,LeaderAccept
1785245110726,true,1785245110777,LeaderAccept
1785245110971,false,1785245111022,LeaderAccept
1785245111247,true,1785245111300,LeaderAccept
1785245111565,true,1785245111605,FastAccept
1785245111937,true,1785245111977,FastAccept
1785245112384,false,1785245112425,FastAccept
1785245112943,true,1785245112983,FastAccept
1785245113681,true,1785245113721,FastAccept
1785245114748,false,1785245114808,LeaderAccept
1785245116568,false,1785245116618,LeaderAccept
1785245121083,false,1785245121123,FastAccept
1785245145300,true,1785245145350,LeaderAccept
1785245145331,true,1785245145381,LeaderAccept
1785245145363,false,1785245145412,LeaderAccept
1785245145395,false,1785245145445,LeaderAccept
1785245145428,false,1785245145477,LeaderAccept
1785245145461,false,1785245145510,LeaderAccept
1785245145494,false,1785245145544,LeaderAccept
1785245145528,true,1785245145578,LeaderAccept
1785245145562,false,1785245145611,LeaderAccept
1785245145598,false,1785245145647,LeaderAccept
1785245145634,true,1785245145684,LeaderAccept
1785245145671,true,1785245145720,LeaderAccept
1785245145708,false,1785245145758,LeaderAccept
1785245145746,false,1785245145796,LeaderAccept
1785245145785,true,1785245145835,LeaderAccept
1785245145824,false,1785245145873,LeaderAccept
1785245145864,false,1785245145914,LeaderAccept
1785245145904,false,1785245145954,LeaderAccept
1785245145946,true,1785245145996,LeaderAccept
1785245145989,false,1785245146039,LeaderAccept
1785245146033,true,1785245146083,LeaderAccept
1785245146078,true,1785245146128,LeaderAccept
1785245146124,true,1785245146174,LeaderAccept
1785245146171,true,1785245146221,LeaderAccept
1785245146218,true,1785245146268,LeaderAccept
1785245146267,true,1785245146317,LeaderAccept
1785245146317,false,1785245146367,LeaderAccept
1785245146368,true,1785245146418,LeaderAccept
1785245146421,true,1785245146471,LeaderAccept
1785245146475,false,1785245146525,LeaderAccept
1785245146531,false,1785245146580,LeaderAccept
1785245146588,true,1785245146637,LeaderAccept
1785245146647,true,1785245146696,LeaderAccept
1785245146707,true,1785245146756,LeaderAccept
1785245146769,false,1785245146819,LeaderAccept
1785245146833,false,1785245146883,LeaderAccept
1785245146899,false,1785245146949,LeaderAccept
1785245146967,true,1785245147016,LeaderAccept
1785245147038,false,1785245147087,LeaderAccept
1785245147110,false,1785245147161,LeaderAccept
1785245147186,false,1785245147235,LeaderAccept
1785245147264,false,1785245147314,LeaderAccept
1785245147346,false,1785245147395,LeaderAccept
1785245147430,false,1785245147480,LeaderAccept
1785245147519,true,1785245147569,LeaderAccept
1785245147610,false,1785245147660,LeaderAccept
1785245147707,false,1785245147758,LeaderAccept
1785245147809,false,1785245147859,LeaderAccept
1785245147916,false,1785245147966,LeaderAccept
1785245148029,true,1785245148079,LeaderAccept
1785245148148,true,1785245148197,LeaderAccept
1785245148273,true,1785245148323,LeaderAccept
1785245148408,true,1785245148458,LeaderAccept
1785245148551,false,1785245148601,LeaderAccept
1785245148705,false,1785245148755,LeaderAccept
1785245148871,false,1785245148921,LeaderAccept
1785245149052,false,1785245149102,LeaderAccept
1785245149250,false,1785245149300,LeaderAccept
1785245149467,false,1785245149517,LeaderAccept
1785245149710,false,1785245149760,LeaderAccept
1785245149983,false,1785245150033,LeaderAccept
1785245150297,false,1785245150346,LeaderAccept
1785245150663,false,1785245150712,LeaderAccept
1785245151103,true,1785245151153,LeaderAccept
1785245151650,true,1785245151690,FastAccept
1785245152371,true,1785245152426,LeaderAccept
1785245153403,false,1785245153452,LeaderAccept
1785245155130,false,1785245155180,LeaderAccept
1785245159225,true,1785245159274,LeaderAccept
1785245168352,true,1785245168392,FastAccept
1785245168370,false,1785245168409,FastAccept
1785245168390,true,1785245168429,FastAccept
1785245168408,false,1785245168448,FastAccept
1785245168427,false,1785245168467,FastAccept
1785245168446,true,1785245168486,FastAccept
1785245168466,false,1785245168505,FastAccept
1785245168486,false,1785245168525,FastAccept
1785245168506,false,1785245168545,FastAccept
1785245168527,true,1785245168566,FastAccept
1785245168548,false,1785245168587,FastAccept
1785245168568,true,1785245168607,FastAccept
1785245168590,false,1785245168629,FastAccept
1785245168610,false,1785245168649,FastAccept
1785245168632,false,1785245168686,LeaderAccept
1785245168653,false,1785245168706,LeaderAccept
1785245168676,false,1785245168726,LeaderAccept
1785245168698,true,1785245168747,LeaderAccept
1785245168719,false,1785245168768,LeaderAccept
1785245168742,false,1785245168791,LeaderAccept
1785245168765,true,1785245168815,LeaderAccept
1785245168788,false,1785245168837,LeaderAccept
1785245168811,false,1785245168860,LeaderAccept
1785245168834,false,1785245168884,LeaderAccept
1785245168858,true,1785245168908,LeaderAccept
1785245168883,false,1785245168933,LeaderAccept
1785245168908,true,1785245168958,LeaderAccept
1785245168933,false,1785245168982,LeaderAccept
1785245168958,true,1785245169008,LeaderAccept
1785245168983,false,1785245169032,LeaderAccept
1785245169009,false,1785245169058,LeaderAccept
1785245169035,false,1785245169084,LeaderAccept
1785245169060,false,1785245169110,LeaderAccept
1785245169086,true,1785245169136,LeaderAccept
1785245169114,true,1785245169163,LeaderAccept
1785245169140,true,1785245169190,LeaderAccept
1785245169168,false,1785245169218,LeaderAccept
1785245169196,false,1785245169246,LeaderAccept
1785245169224,true,1785245169274,LeaderAccept
1785245169253,true,1785245169302,LeaderAccept
1785245169282,true,1785245169331,LeaderAccept
1785245169312,false,1785245169361,LeaderAccept
1785245169342,true,1785245169392,LeaderAccept
1785245169372,false,1785245169421,LeaderAccept
1785245169403,true,1785245169453,LeaderAccept
1785245169434,true,1785245169484,LeaderAccept
1785245169466,true,1785245169515,LeaderAccept
1785245169498,true,1785245169547,LeaderAccept
1785245169530,true,1785245169580,LeaderAccept
1785245169564,true,1785245169613,LeaderAccept
1785245169598,true,1785245169647,LeaderAccept
1785245169633,false,1785245169683,LeaderAccept
1785245169668,false,1785245169717,LeaderAccept
1785245169703,true,1785245169752,LeaderAccept
1785245169739,true,1785245169789,LeaderAccept
1785245169775,true,1785245169825,LeaderAccept
1785245169812,false,1785245169862,LeaderAccept
1785245169851,false,1785245169900,LeaderAccept
1785245169889,false,1785245169939,LeaderAccept
1785245169929,false,1785245169978,LeaderAccept
1785245169969,false,1785245170018,LeaderAccept
1785245170011,false,1785245170060,LeaderAccept
1785245170053,true,1785245170102,LeaderAccept
1785245170096,false,1785245170145,LeaderAccept
1785245170140,false,1785245170189,LeaderAccept
1785245170185,false,1785245170234,LeaderAccept
1785245170231,true,1785245170280,LeaderAccept
1785245170277,true,1785245170328,LeaderAccept
1785245170326,false,1785245170376,LeaderAccept
1785245170375,true,1785245170425,LeaderAccept
1785245170424,true,1785245170474,LeaderAccept
1785245170476,false,1785245170526,LeaderAccept
1785245170529,false,1785245170578,LeaderAccept
1785245170583,false,1785245170633,LeaderAccept
1785245170639,false,1785245170689,LeaderAccept
1785245170696,true,1785245170745,LeaderAccept
1785245170755,true,1785245170804,LeaderAccept
1785245170814,true,1785245170865,LeaderAccept
1785245170877,false,1785245170927,LeaderAccept
1785245170940,false,1785245170991,LeaderAccept
1785245171007,true,1785245171057,LeaderAccept
1785245171076,true,1785245171126,LeaderAccept
1785245171147,false,1785245171197,LeaderAccept
1785245171221,true,1785245171271,LeaderAccept
1785245171298,false,1785245171347,LeaderAccept
1785245171376,false,1785245171426,LeaderAccept
1785245171459,false,1785245171509,LeaderAccept
1785245171544,false,1785245171594,LeaderAccept
1785245171634,true,1785245171683,LeaderAccept
1785245171728,true,1785245171777,LeaderAccept
1785245171826,true,1785245171875,LeaderAccept
1785245171928,false,1785245171978,LeaderAccept
1785245172037,true,1785245172086,LeaderAccept
1785245172151,true,1785245172200,LeaderAccept
1785245172271,true,1785245172320,LeaderAccept
1785245172399,false,1785245172448,LeaderAccept
1785245172535,true,1785245172585,LeaderAccept
1785245172681,false,1785245172731,LeaderAccept
1785245172838,true,1785245172887,LeaderAccept
1785245173008,false,1785245173058,LeaderAccept
1785245173193,true,1785245173242,LeaderAccept
1785245173395,true,1785245173445,LeaderAccept
1785245173619,false,1785245173669,LeaderAccept
1785245173869,true,1785245173918,LeaderAccept
1785245174152,true,1785245174201,LeaderAccept
1785245174477,false,1785245174526,LeaderAccept
1785245174860,true,1785245174909,LeaderAccept
1785245175323,true,1785245175373,LeaderAccept
1785245175907,false,1785245175956,LeaderAccept
1785245176688,true,1785245176738,LeaderAccept
1785245177843,true,1785245177883,FastAccept
1785245179898,false,1785245179948,LeaderAccept
1785245185641,false,1785245185691,LeaderAccept
1785245198212,true,1785245198251,FastAccept
1785245198239,true,1785245198279,FastAccept
1785245198267,true,1785245198306,FastAccept
1785245198295,false,1785245198334,FastAccept
1785245198323,false,1785245198362,FastAccept
1785245198351,false,1785245198390,FastAccept
1785245198380,true,1785245198419,FastAccept
1785245198409,true,1785245198448,FastAccept
1785245198438,true,1785245198478,FastAccept
1785245198469,false,1785245198508,FastAccept
1785245198499,true,1785245198539,FastAccept
1785245198530,true,1785245198569,FastAccept
1785245198562,false,1785245198601,FastAccept
1785245198594,false,1785245198633,FastAccept
1785245198626,false,1785245198665,FastAccept
1785245198659,true,1785245198699,FastAccept
1785245198692,true,1785245198731,FastAccept
1785245198726,true,1785245198765,FastAccept
1785245198761,false,1785245198800,FastAccept
1785245198796,true,1785245198835,FastAccept
1785245198831,false,1785245198870,FastAccept
1785245198868,false,1785245198907,FastAccept
1785245198904,true,1785245198944,FastAccept
1785245198941,false,1785245198980,FastAccept
1785245198980,false,1785245199020,FastAccept
1785245199019,true,1785245199059,FastAccept
1785245199059,false,1785245199099,FastAccept
1785245199099,false,1785245199138,FastAccept
1785245199139,true,1785245199178,FastAccept
1785245199182,true,1785245199221,FastAccept
1785245199225,true,1785245199264,FastAccept
1785245199268,true,1785245199308,FastAccept
1785245199312,false,1785245199352,FastAccept
1785245199358,false,1785245199397,FastAccept
1785245199404,true,1785245199444,FastAccept
1785245199451,true,1785245199491,FastAccept
1785245199501,false,1785245199541,FastAccept
1785245199551,true,1785245199590,FastAccept
1785245199602,true,1785245199642,FastAccept
1785245199655,true,1785245199694,FastAccept
1785245199709,false,1785245199748,FastAccept
1785245199764,true,1785245199804,FastAccept
1785245199822,true,1785245199861,FastAccept
1785245199880,true,1785245199920,FastAccept
1785245199941,true,1785245199981,FastAccept
1785245200004,true,1785245200043,FastAccept
1785245200067,true,1785245200107,FastAccept
1785245200133,true,1785245200173,FastAccept
1785245200202,false,1785245200241,FastAccept
1785245200272,false,1785245200312,FastAccept
1785245200346,true,1785245200386,FastAccept
1785245200422,true,1785245200461,FastAccept
1785245200501,true,1785245200541,FastAccept
1785245200583,true,1785245200622,FastAccept
1785245200667,false,1785245200707,FastAccept
1785245200757,true,1785245200796,FastAccept
1785245200850,true,1785245200889,FastAccept
1785245200947,true,1785245200986,FastAccept
1785245201049,true,1785245201089,FastAccept
1785245201157,true,1785245201197,FastAccept
1785245201270,true,1785245201309,FastAccept
1785245201390,true,1785245201429,FastAccept
1785245201516,true,1785245201556,FastAccept
1785245201652,false,1785245201692,FastAccept
1785245201797,true,1785245201837,FastAccept
1785245201953,true,1785245201993,FastAccept
1785245202121,false,1785245202161,FastAccept
1785245202304,true,1785245202344,FastAccept
1785245202505,true,1785245202544,FastAccept
1785245202726,true,1785245202765,FastAccept
1785245202973,false,1785245203013,FastAccept
1785245203252,false,1785245203292,FastAccept
1785245203573,true,1785245203613,FastAccept
1785245203950,true,1785245203989,FastAccept
1785245204404,true,1785245204443,FastAccept
1785245204974,true,1785245205051,LeaderAccept
1785245205732,true,1785245205782,LeaderAccept
1785245206836,false,1785245206886,LeaderAccept
1785245208757,false,1785245208806,LeaderAccept
1785245213770,true,1785245213810,FastAccept
1785245240108,true,1785245240149,FastAccept
1785245240127,true,1785245240166,FastAccept
1785245240146,true,1785245240185,FastAccept
1785245240165,false,1785245240204,FastAccept
1785245240183,false,1785245240222,FastAccept
1785245240202,false,1785245240242,FastAccept
1785245240222,false,1785245240261,FastAccept
1785245240241,false,1785245240280,FastAccept
1785245240260,false,1785245240314,LeaderAccept
1785245240279,false,1785245240334,LeaderAccept
1785245240298,true,1785245240355,LeaderAccept
1785245240318,false,1785245240375,LeaderAccept
1785245240339,true,1785245240395,LeaderAccept
1785245240359,false,1785245240408,LeaderAccept
1785245240379,false,1785245240429,LeaderAccept
1785245240400,true,1785245240449,LeaderAccept
1785245240421,true,1785245240469,LeaderAccept
1785245240442,true,1785245240491,LeaderAccept
1785245240463,true,1785245240512,LeaderAccept
1785245240485,true,1785245240534,LeaderAccept
1785245240506,false,1785245240556,LeaderAccept
1785245240528,true,1785245240578,LeaderAccept
1785245240550,false,1785245240600,LeaderAccept
1785245240573,false,1785245240623,LeaderAccept
1785245240596,false,1785245240645,LeaderAccept
1785245240619,true,1785245240668,LeaderAccept
1785245240643,false,1785245240692,LeaderAccept
1785245240667,false,1785245240716,LeaderAccept
1785245240691,false,1785245240740,LeaderAccept
1785245240715,true,1785245240764,LeaderAccept
1785245240739,true,1785245240788,LeaderAccept
1785245240764,false,1785245240813,LeaderAccept
1785245240788,true,1785245240838,LeaderAccept
1785245240813,true,1785245240863,LeaderAccept
1785245240839,false,1785245240888,LeaderAccept
1785245240865,true,1785245240915,LeaderAccept
1785245240892,true,1785245240941,LeaderAccept
1785245240917,false,1785245240967,LeaderAccept
1785245240945,false,1785245240994,LeaderAccept
1785245240971,false,1785245241021,LeaderAccept
1785245240999,false,1785245241048,LeaderAccept
1785245241027,false,1785245241077,LeaderAccept
1785245241055,false,1785245241105,LeaderAccept
1785245241084,false,1785245241134,LeaderAccept
1785245241113,false,1785245241163,LeaderAccept
1785245241143,false,1785245241192,LeaderAccept
1785245241173,false,1785245241222,LeaderAccept
1785245241204,true,1785245241254,LeaderAccept
1785245241235,true,1785245241285,LeaderAccept
1785245241266,false,1785245241315,LeaderAccept
1785245241298,true,1785245241347,LeaderAccept
1785245241329,true,1785245241379,LeaderAccept
1785245241361,true,1785245241411,LeaderAccept
1785245241395,false,1785245241445,LeaderAccept
1785245241429,true,1785245241478,LeaderAccept
1785245241464,true,1785245241514,LeaderAccept
1785245241498,true,1785245241548,LeaderAccept
1785245241534,true,1785245241584,LeaderAccept
1785245241571,false,1785245241621,LeaderAccept
1785245241608,true,1785245241657,LeaderAccept
1785245241646,true,1785245241696,LeaderAccept
1785245241685,false,1785245241735,LeaderAccept
1785245241724,false,1785245241774,LeaderAccept
1785245241764,true,1785245241813,LeaderAccept
1785245241805,false,1785245241854,LeaderAccept
1785245241845,false,1785245241895,LeaderAccept
1785245241888,false,1785245241937,LeaderAccept
1785245241930,true,1785245241980,LeaderAccept
1785245241975,true,1785245242024,LeaderAccept
1785245242019,false,1785245242069,LeaderAccept
1785245242064,true,1785245242114,LeaderAccept
1785245242112,true,1785245242161,LeaderAccept
1785245242160,false,1785245242210,LeaderAccept
1785245242210,true,1785245242259,LeaderAccept
1785245242259,false,1785245242309,LeaderAccept
1785245242311,false,1785245242360,LeaderAccept
1785245242364,true,1785245242413,LeaderAccept
1785245242417,false,1785245242467,LeaderAccept
1785245242472,false,1785245242522,LeaderAccept
1785245242530,true,1785245242579,LeaderAccept
1785245242588,true,1785245242639,LeaderAccept
1785245242649,true,1785245242698,LeaderAccept
1785245242711,false,1785245242760,LeaderAccept
1785245242775,true,1785245242824,LeaderAccept
1785245242840,true,1785245242890,LeaderAccept
1785245242908,true,1785245242958,LeaderAccept
1785245242979,true,1785245243029,LeaderAccept
1785245243053,false,1785245243102,LeaderAccept
1785245243128,false,1785245243177,LeaderAccept
1785245243208,true,1785245243257,LeaderAccept
1785245243290,false,1785245243339,LeaderAccept
1785245243375,true,1785245243424,LeaderAccept
1785245243464,false,1785245243514,LeaderAccept
1785245243557,true,1785245243607,LeaderAccept
1785245243655,false,1785245243705,LeaderAccept
1785245243758,false,1785245243808,LeaderAccept
1785245243866,false,1785245243916,LeaderAccept
1785245243980,false,1785245244030,LeaderAccept
1785245244100,true,1785245244150,LeaderAccept
1785245244228,true,1785245244278,LeaderAccept
1785245244364,true,1785245244414,LeaderAccept
1785245244510,true,1785245244560,LeaderAccept
1785245244667,true,1785245244717,LeaderAccept
1785245244835,false,1785245244885,LeaderAccept
1785245245019,false,1785245245068,LeaderAccept
1785245245220,true,1785245245270,LeaderAccept
1785245245442,false,1785245245492,LeaderAccept
1785245245691,true,1785245245741,LeaderAccept
1785245245972,false,1785245246022,LeaderAccept
1785245246296,true,1785245246335,FastAccept
1785245246676,true,1785245246716,FastAccept
1785245247136,false,1785245247176,FastAccept
1785245247715,true,1785245247754,FastAccept
1785245248487,false,1785245248527,FastAccept
1785245249623,true,1785245249672,LeaderAccept
1785245251626,false,1785245251676,LeaderAccept
1785245257075,true,1785245257125,LeaderAccept
1785245295201,true,1785245295250,LeaderAccept
1785245295225,false,1785245295275,LeaderAccept
1785245295250,false,1785245295298,LeaderAccept
1785245295275,false,1785245295324,LeaderAccept
1785245295300,true,1785245295349,LeaderAccept
1785245295325,false,1785245295374,LeaderAccept
1785245295351,true,1785245295400,LeaderAccept
1785245295376,true,1785245295425,LeaderAccept
1785245295403,false,1785245295452,LeaderAccept
1785245295428,false,1785245295478,LeaderAccept
1785245295456,true,1785245295505,LeaderAccept
1785245295484,false,1785245295533,LeaderAccept
1785245295511,false,1785245295560,LeaderAccept
1785245295539,false,1785245295589,LeaderAccept
1785245295568,false,1785245295616,LeaderAccept
1785245295597,true,1785245295646,LeaderAccept
1785245295626,false,1785245295675,LeaderAccept
1785245295656,true,1785245295705,LeaderAccept
1785245295687,false,1785245295737,LeaderAccept
1785245295718,true,1785245295767,LeaderAccept
1785245295749,false,1785245295798,LeaderAccept
1785245295780,false,1785245295830,LeaderAccept
1785245295812,true,1785245295862,LeaderAccept
1785245295845,false,1785245295894,LeaderAccept
1785245295878,true,1785245295927,LeaderAccept
1785245295911,true,1785245295961,LeaderAccept
1785245295945,false,1785245295995,LeaderAccept
1785245295980,false,1785245296029,LeaderAccept
1785245296015,true,1785245296064,LeaderAccept
1785245296050,true,1785245296100,LeaderAccept
1785245296087,true,1785245296136,LeaderAccept
1785245296124,false,1785245296173,LeaderAccept
1785245296162,true,1785245296212,LeaderAccept
1785245296200,false,1785245296250,LeaderAccept
1785245296240,false,1785245296290,LeaderAccept
1785245296280,false,1785245296330,LeaderAccept
1785245296321,true,1785245296370,LeaderAccept
1785245296363,false,1785245296413,LeaderAccept
1785245296405,false,1785245296455,LeaderAccept
1785245296449,true,1785245296498,LeaderAccept
1785245296492,true,1785245296543,LeaderAccept
1785245296538,false,1785245296587,LeaderAccept
1785245296584,false,1785245296633,LeaderAccept
1785245296631,false,1785245296680,LeaderAccept
1785245296679,true,1785245296729,LeaderAccept
1785245296729,false,1785245296778,LeaderAccept
1785245296779,true,1785245296828,LeaderAccept
1785245296832,true,1785245296881,LeaderAccept
1785245296885,false,1785245296934,LeaderAccept
1785245296940,true,1785245296989,LeaderAccept
1785245296996,false,1785245297046,LeaderAccept
1785245297054,true,1785245297103,LeaderAccept
1785245297112,false,1785245297163,LeaderAccept
1785245297174,true,1785245297223,LeaderAccept
1785245297236,false,1785245297286,LeaderAccept
1785245297302,true,1785245297352,LeaderAccept
1785245297370,true,1785245297419,LeaderAccept
1785245297440,false,1785245297490,LeaderAccept
1785245297512,false,1785245297562,LeaderAccept
1785245297587,true,1785245297637,LeaderAccept
1785245297664,false,1785245297713,LeaderAccept
1785245297744,false,1785245297794,LeaderAccept
1785245297827,true,1785245297876,LeaderAccept
1785245297914,true,1785245297965,LeaderAccept
1785245298004,true,1785245298054,LeaderAccept
1785245298099,false,1785245298148,LeaderAccept
1785245298199,true,1785245298249,LeaderAccept
1785245298303,false,1785245298353,LeaderAccept
1785245298413,false,1785245298463,LeaderAccept
1785245298529,true,1785245298579,LeaderAccept
1785245298652,true,1785245298702,LeaderAccept
1785245298783,false,1785245298833,LeaderAccept
1785245298922,false,1785245298972,LeaderAccept
1785245299072,false,1785245299122,LeaderAccept
1785245299232,true,1785245299283,LeaderAccept
1785245299407,true,1785245299456,LeaderAccept
1785245299597,false,1785245299646,LeaderAccept
1785245299806,false,1785245299856,LeaderAccept
1785245300037,false,1785245300087,LeaderAccept
1785245300297,false,1785245300348,LeaderAccept
1785245300594,true,1785245300644,LeaderAccept
1785245300937,false,1785245300987,LeaderAccept
1785245301345,false,1785245301394,LeaderAccept
1785245301844,false,1785245301894,LeaderAccept
1785245302484,true,1785245302534,LeaderAccept
1785245303365,false,1785245303405,FastAccept
1785245304733,true,1785245304772,FastAccept
1785245307443,true,1785245307483,FastAccept
1785245317949,true,1785245317999,LeaderAccept
1785245327655,true,1785245327694,FastAccept
1785245327688,true,1785245327728,FastAccept
1785245327722,true,1785245327761,FastAccept
1785245327757,false,1785245327796,FastAccept
1785245327792,true,1785245327831,FastAccept
1785245327827,false,1785245327866,FastAccept
1785245327863,false,1785245327918,LeaderAccept
1785245327899,false,1785245327949,LeaderAccept
1785245327937,true,1785245327987,LeaderAccept
1785245327974,false,1785245328024,LeaderAccept
1785245328013,false,1785245328062,LeaderAccept
1785245328052,false,1785245328102,LeaderAccept
1785245328092,true,1785245328142,LeaderAccept
1785245328134,false,1785245328183,LeaderAccept
1785245328176,false,1785245328226,LeaderAccept
1785245328219,true,1785245328268,LeaderAccept
1785245328263,false,1785245328312,LeaderAccept
1785245328308,true,1785245328357,LeaderAccept
1785245328352,true,1785245328402,LeaderAccept
1785245328398,true,1785245328448,LeaderAccept
1785245328446,false,1785245328496,LeaderAccept
1785245328494,false,1785245328544,LeaderAccept
1785245328544,true,1785245328594,LeaderAccept
1785245328596,true,1785245328646,LeaderAccept
1785245328649,false,1785245328698,LeaderAccept
1785245328703,true,1785245328752,LeaderAccept
1785245328758,true,1785245328808,LeaderAccept
1785245328815,true,1785245328865,LeaderAccept
1785245328874,true,1785245328924,LeaderAccept
1785245328934,false,1785245328984,LeaderAccept
1785245328996,true,1785245329046,LeaderAccept
1785245329060,true,1785245329110,LeaderAccept
1785245329126,true,1785245329175,LeaderAccept
1785245329194,true,1785245329244,LeaderAccept
1785245329264,true,1785245329314,LeaderAccept
1785245329337,false,1785245329387,LeaderAccept
1785245329412,false,1785245329461,LeaderAccept
1785245329490,false,1785245329539,LeaderAccept
1785245329571,true,1785245329621,LeaderAccept
1785245329655,true,1785245329704,LeaderAccept
1785245329743,true,1785245329793,LeaderAccept
1785245329835,true,1785245329884,LeaderAccept
1785245329932,true,1785245329981,LeaderAccept
1785245330032,false,1785245330082,LeaderAccept
1785245330138,true,1785245330189,LeaderAccept
1785245330251,true,1785245330301,LeaderAccept
1785245330370,false,1785245330421,LeaderAccept
1785245330496,false,1785245330545,LeaderAccept
1785245330630,false,1785245330679,LeaderAccept
1785245330773,true,1785245330822,LeaderAccept
1785245330925,true,1785245330974,LeaderAccept
1785245331090,false,1785245331139,LeaderAccept
1785245331271,true,1785245331320,LeaderAccept
1785245331466,false,1785245331515,LeaderAccept
1785245331683,false,1785245331732,LeaderAccept
1785245331924,true,1785245331973,LeaderAccept
1785245332195,true,1785245332245,LeaderAccept
1785245332507,true,1785245332557,LeaderAccept
1785245332871,false,1785245332920,LeaderAccept
1785245333308,false,1785245333358,LeaderAccept
1785245333849,true,1785245333899,LeaderAccept
1785245334561,true,1785245334610,LeaderAccept
1785245335575,true,1785245335624,LeaderAccept
1785245337257,false,1785245337297,FastAccept
1785245341159,false,1785245341208,LeaderAccept
1785245364149,false,1785245364198,LeaderAccept
1785245364167,true,1785245364217,LeaderAccept
1785245364184,false,1785245364234,LeaderAccept
1785245364202,false,1785245364253,LeaderAccept
1785245364221,false,1785245364271,LeaderAccept
1785245364239,false,1785245364288,LeaderAccept
1785245364258,false,1785245364308,LeaderAccept
1785245364277,false,1785245364327,LeaderAccept
1785245364296,true,1785245364347,LeaderAccept
1785245364315,true,1785245364366,LeaderAccept
1785245364335,true,1785245364386,LeaderAccept
1785245364355,true,1785245364405,LeaderAccept
1785245364375,false,1785245364425,LeaderAccept
1785245364395,false,1785245364445,LeaderAccept
1785245364415,false,1785245364465,LeaderAccept
1785245364435,true,1785245364485,LeaderAccept
1785245364455,true,1785245364505,LeaderAccept
1785245364475,true,1785245364525,LeaderAccept
1785245364496,true,1785245364546,LeaderAccept
1785245364517,true,1785245364566,LeaderAccept
1785245364539,true,1785245364589,LeaderAccept
1785245364561,false,1785245364611,LeaderAccept
1785245364583,false,1785245364633,LeaderAccept
1785245364605,true,1785245364655,LeaderAccept
1785245364628,false,1785245364677,LeaderAccept
1785245364650,true,1785245364700,LeaderAccept
1785245364672,true,1785245364723,LeaderAccept
1785245364695,false,1785245364744,LeaderAccept
1785245364718,true,1785245364768,LeaderAccept
1785245364742,false,1785245364791,LeaderAccept
1785245364766,true,1785245364815,LeaderAccept
1785245364790,false,1785245364840,LeaderAccept
1785245364813,true,1785245364863,LeaderAccept
1785245364837,true,1785245364887,LeaderAccept
1785245364862,false,1785245364911,LeaderAccept
1785245364886,true,1785245364936,LeaderAccept
1785245364911,false,1785245364961,LeaderAccept
1785245364936,false,1785245364986,LeaderAccept
1785245364962,false,1785245365012,LeaderAccept
1785245364987,false,1785245365037,LeaderAccept
1785245365014,false,1785245365064,LeaderAccept
1785245365040,true,1785245365090,LeaderAccept
1785245365068,true,1785245365119,LeaderAccept
1785245365096,true,1785245365146,LeaderAccept
1785245365124,false,1785245365174,LeaderAccept
1785245365152,true,1785245365202,LeaderAccept
1785245365181,true,1785245365230,LeaderAccept
1785245365210,true,1785245365259,LeaderAccept
1785245365239,false,1785245365289,LeaderAccept
1785245365268,false,1785245365318,LeaderAccept
1785245365299,true,1785245365348,LeaderAccept
1785245365329,true,1785245365379,LeaderAccept
1785245365361,true,1785245365410,LeaderAccept
1785245365392,false,1785245365441,LeaderAccept
1785245365424,false,1785245365473,LeaderAccept
1785245365457,true,1785245365506,LeaderAccept
1785245365490,true,1785245365540,LeaderAccept
1785245365523,true,1785245365573,LeaderAccept
1785245365558,false,1785245365608,LeaderAccept
1785245365593,true,1785245365643,LeaderAccept
1785245365629,false,1785245365678,LeaderAccept
1785245365665,false,1785245365715,LeaderAccept
1785245365702,false,1785245365751,LeaderAccept
1785245365739,true,1785245365788,LeaderAccept
1785245365777,true,1785245365826,LeaderAccept
1785245365815,false,1785245365865,LeaderAccept
1785245365855,false,1785245365904,LeaderAccept
1785245365895,false,1785245365945,LeaderAccept
1785245365936,true,1785245365986,LeaderAccept
1785245365978,false,1785245366029,LeaderAccept
1785245366021,false,1785245366070,LeaderAccept
1785245366065,true,1785245366115,LeaderAccept
1785245366110,false,1785245366159,LeaderAccept
1785245366155,true,1785245366204,LeaderAccept
1785245366200,true,1785245366250,LeaderAccept
1785245366248,true,1785245366297,LeaderAccept
1785245366296,false,1785245366345,LeaderAccept
1785245366346,false,1785245366396,LeaderAccept
1785245366397,true,1785245366447,LeaderAccept
1785245366449,true,1785245366499,LeaderAccept
1785245366503,false,1785245366553,LeaderAccept
1785245366558,true,1785245366608,LeaderAccept
1785245366615,false,1785245366665,LeaderAccept
1785245366673,false,1785245366723,LeaderAccept
1785245366733,true,1785245366783,LeaderAccept
1785245366795,false,1785245366845,LeaderAccept
1785245366859,true,1785245366908,LeaderAccept
1785245366925,false,1785245366974,LeaderAccept
1785245366992,false,1785245367042,LeaderAccept
1785245367063,true,1785245367113,LeaderAccept
1785245367135,false,1785245367185,LeaderAccept
1785245367211,true,1785245367261,LeaderAccept
1785245367289,true,1785245367339,LeaderAccept
1785245367370,false,1785245367420,LeaderAccept
1785245367454,false,1785245367504,LeaderAccept
1785245367542,true,1785245367592,LeaderAccept
1785245367634,false,1785245367684,LeaderAccept
1785245367730,true,1785245367780,LeaderAccept
1785245367831,false,1785245367881,LeaderAccept
1785245367937,true,1785245367987,LeaderAccept
1785245368049,false,1785245368099,LeaderAccept
1785245368167,false,1785245368216,LeaderAccept
1785245368292,true,1785245368340,LeaderAccept
1785245368425,false,1785245368474,LeaderAccept
1785245368566,false,1785245368615,LeaderAccept
1785245368719,true,1785245368768,LeaderAccept
1785245368883,true,1785245368932,LeaderAccept
1785245369061,false,1785245369111,LeaderAccept
1785245369256,true,1785245369306,LeaderAccept
1785245369471,true,1785245369521,LeaderAccept
1785245369709,true,1785245369758,LeaderAccept
1785245369979,true,1785245370028,LeaderAccept
1785245370287,false,1785245370336,LeaderAccept
1785245370646,false,1785245370696,LeaderAccept
1785245371074,true,1785245371124,LeaderAccept
1785245371606,false,1785245371655,LeaderAccept
1785245372299,true,1785245372349,LeaderAccept
1785245373277,true,1785245373327,LeaderAccept
1785245374874,false,1785245374924,LeaderAccept
1785245378419,true,1785245378459,FastAccept
1785245392990,false,1785245393039,LeaderAccept
1785245393005,false,1785245393055,LeaderAccept
1785245393021,true,1785245393070,LeaderAccept
1785245393036,true,1785245393086,LeaderAccept
1785245393051,true,1785245393101,LeaderAccept
1785245393067,false,1785245393116,LeaderAccept
1785245393082,true,1785245393132,LeaderAccept
1785245393099,true,1785245393149,LeaderAccept
1785245393115,true,1785245393164,LeaderAccept
1785245393131,false,1785245393181,LeaderAccept
1785245393148,false,1785245393197,LeaderAccept
1785245393164,true,1785245393213,LeaderAccept
1785245393181,false,1785245393230,LeaderAccept
1785245393197,false,1785245393247,LeaderAccept
1785245393214,true,1785245393264,LeaderAccept
1785245393231,false,1785245393280,LeaderAccept
1785245393249,true,1785245393299,LeaderAccept
1785245393267,false,1785245393316,LeaderAccept
1785245393283,false,1785245393333,LeaderAccept
1785245393301,false,1785245393350,LeaderAccept
1785245393318,true,1785245393368,LeaderAccept
1785245393336,false,1785245393386,LeaderAccept
1785245393355,true,1785245393404,LeaderAccept
1785245393373,false,1785245393423,LeaderAccept
1785245393392,false,1785245393442,LeaderAccept
1785245393411,true,1785245393461,LeaderAccept
1785245393430,false,1785245393480,LeaderAccept
1785245393449,true,1785245393498,LeaderAccept
1785245393468,true,1785245393517,LeaderAccept
1785245393486,true,1785245393535,LeaderAccept
1785245393506,false,1785245393555,LeaderAccept
1785245393525,true,1785245393574,LeaderAccept
1785245393545,true,1785245393594,LeaderAccept
1785245393565,true,1785245393614,LeaderAccept
1785245393585,true,1785245393634,LeaderAccept
1785245393606,false,1785245393655,LeaderAccept
1785245393627,true,1785245393677,LeaderAccept
1785245393648,true,1785245393697,LeaderAccept
1785245393669,true,1785245393718,LeaderAccept
1785245393690,true,1785245393739,LeaderAccept
1785245393710,true,1785245393760,LeaderAccept
1785245393732,true,1785245393781,LeaderAccept
1785245393753,true,1785245393802,LeaderAccept
1785245393776,true,1785245393825,LeaderAccept
1785245393798,true,1785245393847,LeaderAccept
1785245393821,true,1785245393870,LeaderAccept
1785245393842,false,1785245393891,LeaderAccept
1785245393865,false,1785245393914,LeaderAccept
1785245393888,true,1785245393937,LeaderAccept
1785245393912,false,1785245393962,LeaderAccept
1785245393936,true,1785245393985,LeaderAccept
1785245393960,false,1785245394009,LeaderAccept
1785245393984,true,1785245394034,LeaderAccept
1785245394009,true,1785245394058,LeaderAccept
1785245394034,true,1785245394083,LeaderAccept
1785245394058,false,1785245394108,LeaderAccept
1785245394084,false,1785245394134,LeaderAccept
1785245394110,false,1785245394160,LeaderAccept
1785245394136,false,1785245394185,LeaderAccept
1785245394162,true,1785245394211,LeaderAccept
1785245394189,false,1785245394239,LeaderAccept
1785245394216,true,1785245394265,LeaderAccept
1785245394243,false,1785245394292,LeaderAccept
1785245394271,false,1785245394320,LeaderAccept
1785245394298,true,1785245394348,LeaderAccept
1785245394327,true,1785245394376,LeaderAccept
1785245394356,false,1785245394405,LeaderAccept
1785245394385,false,1785245394434,LeaderAccept
1785245394415,true,1785245394464,LeaderAccept
1785245394445,false,1785245394494,LeaderAccept
1785245394475,false,1785245394524,LeaderAccept
1785245394506,false,1785245394555,LeaderAccept
1785245394537,true,1785245394586,LeaderAccept
1785245394569,false,1785245394618,LeaderAccept
1785245394600,true,1785245394649,LeaderAccept
1785245394634,true,1785245394683,LeaderAccept
1785245394668,false,1785245394718,LeaderAccept
1785245394701,true,1785245394750,LeaderAccept
1785245394736,true,1785245394785,LeaderAccept
1785245394771,false,1785245394820,LeaderAccept
1785245394806,true,1785245394855,LeaderAccept
1785245394843,true,1785245394893,LeaderAccept
1785245394879,false,1785245394928,LeaderAccept
1785245394917,true,1785245394966,LeaderAccept
1785245394956,true,1785245395005,LeaderAccept
1785245394995,true,1785245395044,LeaderAccept
1785245395034,true,1785245395083,LeaderAccept
1785245395074,true,1785245395124,LeaderAccept
1785245395116,false,1785245395165,LeaderAccept
1785245395158,true,1785245395208,LeaderAccept
1785245395201,true,1785245395251,LeaderAccept
1785245395245,true,1785245395294,LeaderAccept
1785245395289,false,1785245395339,LeaderAccept
1785245395335,false,1785245395384,LeaderAccept
1785245395382,false,1785245395431,LeaderAccept
1785245395430,false,1785245395479,LeaderAccept
1785245395479,false,1785245395528,LeaderAccept
1785245395530,false,1785245395579,LeaderAccept
1785245395581,true,1785245395630,LeaderAccept
1785245395633,false,1785245395683,LeaderAccept
1785245395688,true,1785245395737,LeaderAccept
1785245395743,false,1785245395793,LeaderAccept
1785245395800,true,1785245395850,LeaderAccept
1785245395859,false,1785245395909,LeaderAccept
1785245395920,true,1785245395970,LeaderAccept
1785245395983,true,1785245396032,LeaderAccept
1785245396048,false,1785245396097,LeaderAccept
1785245396115,true,1785245396164,LeaderAccept
1785245396183,true,1785245396233,LeaderAccept
1785245396255,true,1785245396304,LeaderAccept
1785245396328,true,1785245396377,LeaderAccept
1785245396403,false,1785245396453,LeaderAccept
1785245396483,true,1785245396532,LeaderAccept
1785245396565,false,1785245396614,LeaderAccept
1785245396651,true,1785245396700,LeaderAccept
1785245396740,false,1785245396790,LeaderAccept
1785245396834,true,1785245396884,LeaderAccept
1785245396932,false,1785245396982,LeaderAccept
1785245397035,true,1785245397085,LeaderAccept
1785245397143,false,1785245397193,LeaderAccept
1785245397257,false,1785245397307,LeaderAccept
1785245397378,true,1785245397427,LeaderAccept
1785245397506,true,1785245397555,LeaderAccept
1785245397643,false,1785245397693,LeaderAccept
1785245397789,true,1785245397839,LeaderAccept
1785245397946,true,1785245397996,LeaderAccept
1785245398116,false,1785245398165,LeaderAccept
1785245398301,true,1785245398351,LeaderAccept
1785245398504,true,1785245398553,LeaderAccept
1785245398728,true,1785245398777,LeaderAccept
1785245398979,false,1785245399028,LeaderAccept
1785245399263,true,1785245399313,LeaderAccept
1785245399590,true,1785245399639,LeaderAccept
1785245399975,false,1785245400024,LeaderAccept
1785245400442,true,1785245400492,LeaderAccept
1785245401032,false,1785245401070,FastAccept
1785245401822,true,1785245401862,FastAccept
1785245402997,false,1785245403036,FastAccept
1785245405108,false,1785245405157,LeaderAccept
1785245411170,false,1785245411209,FastAccept
1785245414303,false,1785245414343,FastAccept
1785245414339,true,1785245414379,FastAccept
1785245414376,true,1785245414416,FastAccept
1785245414414,false,1785245414454,FastAccept
1785245414454,false,1785245414493,FastAccept
1785245414494,true,1785245414533,FastAccept
1785245414535,true,1785245414575,FastAccept
1785245414577,false,1785245414616,FastAccept
1785245414619,true,1785245414658,FastAccept
1785245414663,true,1785245414703,FastAccept
1785245414707,false,1785245414746,FastAccept
1785245414752,true,1785245414792,FastAccept
1785245414799,true,1785245414839,FastAccept
1785245414846,true,1785245414885,FastAccept
1785245414893,false,1785245414933,FastAccept
1785245414943,true,1785245414982,FastAccept
1785245414994,false,1785245415033,FastAccept
1785245415046,true,1785245415085,FastAccept
1785245415099,false,1785245415139,FastAccept
1785245415154,false,1785245415194,FastAccept
1785245415211,false,1785245415251,FastAccept
1785245415269,true,1785245415309,FastAccept
1785245415328,false,1785245415367,FastAccept
1785245415389,false,1785245415428,FastAccept
1785245415452,false,1785245415491,FastAccept
1785245415517,false,1785245415556,FastAccept
1785245415584,true,1785245415624,FastAccept
1785245415653,true,1785245415693,FastAccept
1785245415725,false,1785245415764,FastAccept
1785245415799,true,1785245415838,FastAccept
1785245415876,true,1785245415916,FastAccept
1785245415955,false,1785245415995,FastAccept
1785245416038,true,1785245416078,FastAccept
1785245416125,false,1785245416165,FastAccept
1785245416216,false,1785245416256,FastAccept
1785245416311,false,1785245416351,FastAccept
1785245416411,true,1785245416451,FastAccept
1785245416515,false,1785245416554,FastAccept
1785245416625,true,1785245416664,FastAccept
1785245416741,false,1785245416781,FastAccept
1785245416864,true,1785245416904,FastAccept
1785245416994,false,1785245417034,FastAccept
1785245417133,false,1785245417173,FastAccept
1785245417282,false,1785245417335,FastAccept
1785245417443,true,1785245417483,FastAccept
1785245417617,true,1785245417656,FastAccept
1785245417806,false,1785245417846,FastAccept
1785245418014,true,1785245418054,FastAccept
1785245418246,true,1785245418286,FastAccept
1785245418504,false,1785245418544,FastAccept
1785245418798,true,1785245418838,FastAccept
1785245419139,true,1785245419189,LeaderAccept
1785245419543,true,1785245419593,LeaderAccept
1785245420038,true,1785245420088,LeaderAccept
1785245420671,false,1785245420720,LeaderAccept
1785245421539,false,1785245421589,LeaderAccept
1785245422878,true,1785245422927,LeaderAccept
1785245425494,true,1785245425534,FastAccept
1785245426330,true,1785245426369,FastAccept
1785245426349,false,1785245426388,FastAccept
1785245426367,true,1785245426407,FastAccept
1785245426387,true,1785245426425,FastAccept
1785245426405,true,1785245426444,FastAccept
1785245426424,false,1785245426464,FastAccept
1785245426444,false,1785245426483,FastAccept
1785245426463,true,1785245426503,FastAccept
1785245426483,false,1785245426522,FastAccept
1785245426503,true,1785245426542,FastAccept
1785245426522,false,1785245426561,FastAccept
1785245426543,false,1785245426582,FastAccept
1785245426564,true,1785245426603,FastAccept
1785245426584,true,1785245426623,FastAccept
1785245426606,true,1785245426645,FastAccept
1785245426627,false,1785245426665,FastAccept
1785245426647,true,1785245426696,LeaderAccept
1785245426669,true,1785245426718,LeaderAccept
1785245426691,true,1785245426740,LeaderAccept
1785245426713,false,1785245426762,LeaderAccept
1785245426735,true,1785245426784,LeaderAccept
1785245426757,false,1785245426806,LeaderAccept
1785245426780,true,1785245426830,LeaderAccept
1785245426803,false,1785245426853,LeaderAccept
1785245426826,false,1785245426876,LeaderAccept
1785245426850,true,1785245426900,LeaderAccept
1785245426874,false,1785245426923,LeaderAccept
1785245426898,true,1785245426947,LeaderAccept
1785245426923,false,1785245426973,LeaderAccept
1785245426947,true,1785245426997,LeaderAccept
1785245426973,true,1785245427022,LeaderAccept
1785245426998,true,1785245427047,LeaderAccept
1785245427024,false,1785245427073,LeaderAccept
1785245427050,false,1785245427100,LeaderAccept
1785245427077,true,1785245427127,LeaderAccept
1785245427104,true,1785245427153,LeaderAccept
1785245427131,false,1785245427180,LeaderAccept
1785245427159,true,1785245427208,LeaderAccept
1785245427187,false,1785245427237,LeaderAccept
1785245427215,false,1785245427264,LeaderAccept
1785245427243,true,1785245427292,LeaderAccept
1785245427271,false,1785245427321,LeaderAccept
1785245427301,false,1785245427350,LeaderAccept
1785245427331,true,1785245427380,LeaderAccept
1785245427361,false,1785245427410,LeaderAccept
1785245427392,true,1785245427441,LeaderAccept
1785245427423,true,1785245427471,LeaderAccept
1785245427454,false,1785245427503,LeaderAccept
1785245427486,true,1785245427534,LeaderAccept
1785245427518,true,1785245427567,LeaderAccept
1785245427551,true,1785245427600,LeaderAccept
1785245427584,true,1785245427632,LeaderAccept
1785245427618,false,1785245427667,LeaderAccept
1785245427652,true,1785245427702,LeaderAccept
1785245427688,true,1785245427738,LeaderAccept
1785245427723,true,1785245427772,LeaderAccept
1785245427759,true,1785245427808,LeaderAccept
1785245427795,true,1785245427845,LeaderAccept
1785245427832,true,1785245427881,LeaderAccept
1785245427871,false,1785245427921,LeaderAccept
1785245427909,true,1785245427959,LeaderAccept
1785245427949,true,1785245427998,LeaderAccept
1785245427990,false,1785245428039,LeaderAccept
1785245428031,true,1785245428080,LeaderAccept
1785245428072,true,1785245428121,LeaderAccept
1785245428115,true,1785245428165,LeaderAccept
1785245428159,false,1785245428209,LeaderAccept
1785245428205,true,1785245428254,LeaderAccept
1785245428250,false,1785245428300,LeaderAccept
1785245428298,false,1785245428348,LeaderAccept
1785245428345,false,1785245428395,LeaderAccept
1785245428395,true,1785245428445,LeaderAccept
1785245428444,false,1785245428494,LeaderAccept
1785245428496,false,1785245428545,LeaderAccept
1785245428549,false,1785245428598,LeaderAccept
1785245428602,false,1785245428651,LeaderAccept
1785245428657,false,1785245428706,LeaderAccept
1785245428714,false,1785245428764,LeaderAccept
1785245428773,true,1785245428823,LeaderAccept
1785245428834,true,1785245428883,LeaderAccept
1785245428895,true,1785245428945,LeaderAccept
1785245428960,true,1785245429010,LeaderAccept
1785245429027,true,1785245429076,LeaderAccept
1785245429095,true,1785245429145,LeaderAccept
1785245429166,false,1785245429215,LeaderAccept
1785245429239,true,1785245429288,LeaderAccept
1785245429314,false,1785245429364,LeaderAccept
1785245429392,true,1785245429442,LeaderAccept
1785245429475,true,1785245429524,LeaderAccept
1785245429560,false,1785245429609,LeaderAccept
1785245429649,false,1785245429698,LeaderAccept
1785245429742,false,1785245429791,LeaderAccept
1785245429839,true,1785245429889,LeaderAccept
1785245429941,true,1785245429991,LeaderAccept
1785245430049,true,1785245430099,LeaderAccept
1785245430163,false,1785245430213,LeaderAccept
1785245430283,false,1785245430332,LeaderAccept
1785245430411,true,1785245430460,LeaderAccept
1785245430546,false,1785245430595,LeaderAccept
1785245430691,true,1785245430739,LeaderAccept
1785245430847,true,1785245430896,LeaderAccept
1785245431015,false,1785245431063,LeaderAccept
1785245431198,false,1785245431247,LeaderAccept
1785245431398,true,1785245431448,LeaderAccept
1785245431619,true,1785245431669,LeaderAccept
1785245431867,false,1785245431916,LeaderAccept
1785245432147,false,1785245432196,LeaderAccept
1785245432468,false,1785245432517,LeaderAccept
1785245432845,false,1785245432894,LeaderAccept
1785245433300,true,1785245433349,LeaderAccept
1785245433871,true,1785245433920,LeaderAccept
1785245434631,false,1785245434680,LeaderAccept
1785245435742,false,1785245435791,LeaderAccept
1785245437675,true,1785245437725,LeaderAccept
1785245442759,true,1785245442798,FastAccept
1785245456337,true,1785245456377,FastAccept
1785245456361,true,1785245456401,FastAccept
1785245456386,false,1785245456425,FastAccept
1785245456411,false,1785245456451,FastAccept
1785245456436,true,1785245456476,FastAccept
1785245456462,true,1785245456501,FastAccept
1785245456488,true,1785245456527,FastAccept
1785245456514,false,1785245456554,FastAccept
1785245456541,true,1785245456581,FastAccept
1785245456568,true,1785245456607,FastAccept
1785245456595,true,1785245456635,FastAccept
1785245456623,true,1785245456662,FastAccept
1785245456651,true,1785245456690,FastAccept
1785245456678,true,1785245456718,FastAccept
1785245456706,false,1785245456746,FastAccept
1785245456736,true,1785245456775,FastAccept
1785245456766,false,1785245456805,FastAccept
1785245456795,true,1785245456835,FastAccept
1785245456825,false,1785245456865,FastAccept
1785245456856,true,1785245456896,FastAccept
1785245456888,false,1785245456927,FastAccept
1785245456920,true,1785245456960,FastAccept
1785245456953,true,1785245456993,FastAccept
1785245456986,true,1785245457025,FastAccept
1785245457020,false,1785245457059,FastAccept
1785245457054,true,1785245457093,FastAccept
1785245457088,true,1785245457127,FastAccept
1785245457123,false,1785245457162,FastAccept
1785245457159,false,1785245457199,FastAccept
1785245457195,true,1785245457235,FastAccept
1785245457233,true,1785245457272,FastAccept
1785245457271,true,1785245457310,FastAccept
1785245457310,false,1785245457349,FastAccept
1785245457349,true,1785245457389,FastAccept
1785245457389,false,1785245457428,FastAccept
1785245457428,false,1785245457467,FastAccept
1785245457470,false,1785245457509,FastAccept
1785245457512,true,1785245457551,FastAccept
1785245457554,false,1785245457594,FastAccept
1785245457599,true,1785245457638,FastAccept
1785245457644,false,1785245457683,FastAccept
1785245457690,true,1785245457729,FastAccept
1785245457737,false,1785245457776,FastAccept
1785245457784,true,1785245457824,FastAccept
1785245457834,false,1785245457873,FastAccept
1785245457884,false,1785245457924,FastAccept
1785245457936,true,1785245457975,FastAccept
1785245457989,true,1785245458028,FastAccept
1785245458043,false,1785245458082,FastAccept
1785245458098,false,1785245458138,FastAccept
1785245458156,true,1785245458195,FastAccept
1785245458215,true,1785245458255,FastAccept
1785245458276,true,1785245458315,FastAccept
1785245458338,true,1785245458378,FastAccept
1785245458403,false,1785245458442,FastAccept
1785245458470,true,1785245458509,FastAccept
1785245458539,true,1785245458578,FastAccept
1785245458610,true,1785245458650,FastAccept
1785245458683,true,1785245458723,FastAccept
1785245458760,false,1785245458799,FastAccept
1785245458839,false,1785245458879,FastAccept
1785245458922,false,1785245458962,FastAccept
1785245459008,true,1785245459047,FastAccept
1785245459098,true,1785245459137,FastAccept
1785245459192,true,1785245459232,FastAccept
1785245459290,false,1785245459330,FastAccept
1785245459393,false,1785245459432,FastAccept
1785245459500,true,1785245459540,FastAccept
1785245459615,false,1785245459654,FastAccept
1785245459736,false,1785245459776,FastAccept
1785245459864,false,1785245459903,FastAccept
1785245460001,false,1785245460040,FastAccept
1785245460148,true,1785245460188,FastAccept
1785245460306,false,1785245460345,FastAccept
1785245460476,false,1785245460516,FastAccept
1785245460662,true,1785245460701,FastAccept
1785245460866,true,1785245460905,FastAccept
1785245461091,false,1785245461130,FastAccept
1785245461344,false,1785245461383,FastAccept
1785245461630,true,1785245461669,FastAccept
1785245461960,true,1785245462000,FastAccept
1785245462349,false,1785245462389,FastAccept
1785245462821,true,1785245462861,FastAccept
1785245463418,true,1785245463457,FastAccept
1785245464222,true,1785245464271,LeaderAccept
1785245465424,true,1785245465473,LeaderAccept
1785245467614,false,1785245467653,FastAccept
1785245468053,true,1785245468092,FastAccept
1785245468072,false,1785245468112,FastAccept
1785245468090,true,1785245468130,FastAccept
1785245468110,true,1785245468174,LeaderAccept
1785245468130,true,1785245468221,LeaderAccept
1785245468150,false,1785245468221,SlowAccept
1785245468170,true,1785245468221,LeaderAccept
1785245468191,true,1785245468241,LeaderAccept
1785245468211,false,1785245468282,LeaderAccept
1785245468232,false,1785245468281,LeaderAccept
1785245468253,false,1785245468302,LeaderAccept
1785245468274,false,1785245468323,LeaderAccept
1785245468295,false,1785245468344,LeaderAccept
1785245468316,true,1785245468365,LeaderAccept
1785245468337,false,1785245468387,LeaderAccept
1785245468358,false,1785245468407,LeaderAccept
1785245468381,true,1785245468431,LeaderAccept
1785245468403,false,1785245468452,LeaderAccept
1785245468426,false,1785245468475,LeaderAccept
1785245468448,true,1785245468497,LeaderAccept
1785245468470,true,1785245468520,LeaderAccept
1785245468494,true,1785245468543,LeaderAccept
1785245468518,false,1785245468568,LeaderAccept
1785245468542,false,1785245468592,LeaderAccept
1785245468566,true,1785245468615,LeaderAccept
1785245468590,false,1785245468639,LeaderAccept
1785245468614,false,1785245468663,LeaderAccept
1785245468639,true,1785245468689,LeaderAccept
1785245468663,false,1785245468713,LeaderAccept
1785245468689,true,1785245468738,LeaderAccept
1785245468714,true,1785245468764,LeaderAccept
1785245468740,false,1785245468790,LeaderAccept
1785245468767,false,1785245468816,LeaderAccept
1785245468793,false,1785245468843,LeaderAccept
1785245468820,false,1785245468869,LeaderAccept
1785245468847,true,1785245468896,LeaderAccept
1785245468874,false,1785245468924,LeaderAccept
1785245468902,false,1785245468952,LeaderAccept
1785245468931,true,1785245468980,LeaderAccept
1785245468960,false,1785245469009,LeaderAccept
1785245468989,false,1785245469038,LeaderAccept
1785245469017,false,1785245469067,LeaderAccept
1785245469048,false,1785245469098,LeaderAccept
1785245469078,true,1785245469127,LeaderAccept
1785245469109,false,1785245469158,LeaderAccept
1785245469140,true,1785245469190,LeaderAccept
1785245469171,false,1785245469221,LeaderAccept
1785245469204,false,1785245469253,LeaderAccept
1785245469237,false,1785245469287,LeaderAccept
1785245469271,false,1785245469320,LeaderAccept
1785245469304,true,1785245469354,LeaderAccept
1785245469339,false,1785245469389,LeaderAccept
1785245469374,false,1785245469423,LeaderAccept
1785245469409,true,1785245469459,LeaderAccept
1785245469445,true,1785245469495,LeaderAccept
1785245469482,true,1785245469532,LeaderAccept
1785245469520,true,1785245469570,LeaderAccept
1785245469559,true,1785245469608,LeaderAccept
1785245469598,false,1785245469647,LeaderAccept
1785245469637,true,1785245469687,LeaderAccept
1785245469678,false,1785245469728,LeaderAccept
1785245469719,true,1785245469769,LeaderAccept
1785245469762,false,1785245469812,LeaderAccept
1785245469805,true,1785245469854,LeaderAccept
1785245469849,true,1785245469899,LeaderAccept
1785245469893,false,1785245469943,LeaderAccept
1785245469939,true,1785245469988,LeaderAccept
1785245469986,true,1785245470036,LeaderAccept
1785245470033,true,1785245470083,LeaderAccept
1785245470082,false,1785245470132,LeaderAccept
1785245470133,false,1785245470183,LeaderAccept
1785245470185,false,1785245470234,LeaderAccept
1785245470238,false,1785245470287,LeaderAccept
1785245470292,false,1785245470342,LeaderAccept
1785245470347,true,1785245470396,LeaderAccept
1785245470403,false,1785245470443,FastAccept
1785245470462,true,1785245470501,FastAccept
1785245470522,false,1785245470561,FastAccept
1785245470583,false,1785245470623,FastAccept
1785245470648,false,1785245470687,FastAccept
1785245470713,false,1785245470764,LeaderAccept
1785245470782,false,1785245470821,FastAccept
1785245470853,false,1785245470893,FastAccept
1785245470926,false,1785245470966,FastAccept
1785245471002,false,1785245471041,FastAccept
1785245471080,false,1785245471120,FastAccept
1785245471162,false,1785245471201,FastAccept
1785245471246,false,1785245471286,FastAccept
1785245471335,true,1785245471374,FastAccept
1785245471428,true,1785245471467,FastAccept
1785245471525,true,1785245471564,FastAccept
1785245471627,false,1785245471666,FastAccept
1785245471734,true,1785245471773,FastAccept
1785245471847,true,1785245471887,FastAccept
1785245471967,false,1785245472007,FastAccept
1785245472094,true,1785245472134,FastAccept
1785245472229,false,1785245472268,FastAccept
1785245472374,false,1785245472414,FastAccept
1785245472529,true,1785245472568,FastAccept
1785245472697,true,1785245472736,FastAccept
1785245472879,false,1785245472918,FastAccept
1785245473077,true,1785245473117,FastAccept
1785245473297,true,1785245473337,FastAccept
1785245473542,true,1785245473582,FastAccept
1785245473818,false,1785245473858,FastAccept
1785245474135,true,1785245474175,FastAccept
1785245474508,true,1785245474548,FastAccept
1785245474956,false,1785245474996,FastAccept
1785245475517,true,1785245475557,FastAccept
1785245476259,true,1785245476299,FastAccept
1785245477334,true,1785245477373,FastAccept
1785245479172,true,1785245479227,LeaderAccept
1785245483779,true,1785245483819,FastAccept
