request_time,write,response_time,accept_status
1785244693442,true,1785244693483,LeaderAccept
1785244693982,true,1785244694023,LeaderAccept
1785244694689,false,1785244694730,LeaderAccept
1785244695696,false,1785244695736,LeaderAccept
1785244697360,true,1785244697401,LeaderAccept
1785244701184,true,1785244701225,LeaderAccept
1785244701577,true,1785244701618,LeaderAccept
1785244701613,true,1785244701655,LeaderAccept
1785244701651,true,1785244701693,LeaderAccept
1785244701689,false,1785244701730,LeaderAccept
1785244701728,true,1785244701769,LeaderAccept
1785244701768,true,1785244701809,LeaderAccept
1785244701807,true,1785244701849,LeaderAccept
1785244701848,true,1785244701889,LeaderAccept
1785244701889,true,1785244701931,LeaderAccept
1785244701932,true,1785244701973,LeaderAccept
1785244701976,true,1785244702017,LeaderAccept
1785244702020,true,1785244702061,LeaderAccept
1785244702065,true,1785244702107,LeaderAccept
1785244702112,true,1785244702153,LeaderAccept
1785244702158,false,1785244702199,LeaderAccept
1785244702207,false,1785244702248,LeaderAccept
1785244702256,true,1785244702297,LeaderAccept
1785244702306,true,1785244702348,LeaderAccept
1785244702359,true,1785244702400,LeaderAccept
1785244702413,true,1785244702455,LeaderAccept
1785244702468,false,1785244702509,LeaderAccept
1785244702523,false,1785244702565,LeaderAccept
1785244702581,true,1785244702622,LeaderAccept
1785244702641,false,1785244702683,LeaderAccept
1785244702703,true,1785244702744,LeaderAccept
1785244702766,false,1785244702807,LeaderAccept
1785244702831,true,1785244702872,LeaderAccept
1785244702898,false,1785244702939,LeaderAccept
1785244702968,true,1785244703009,LeaderAccept
1785244703040,true,1785244703081,LeaderAccept
1785244703115,true,1785244703156,LeaderAccept
1785244703193,true,1785244703233,LeaderAccept
1785244703273,true,1785244703314,LeaderAccept
1785244703357,true,1785244703398,LeaderAccept
1785244703444,true,1785244703485,LeaderAccept
1785244703535,true,1785244703576,LeaderAccept
1785244703629,true,1785244703671,LeaderAccept
1785244703729,false,1785244703771,LeaderAccept
1785244703834,false,1785244703876,LeaderAccept
1785244703944,false,1785244703986,LeaderAccept
1785244704061,true,1785244704102,LeaderAccept
1785244704185,true,1785244704227,LeaderAccept
1785244704316,false,1785244704357,LeaderAccept
1785244704455,false,1785244704497,LeaderAccept
1785244704606,true,1785244704647,LeaderAccept
1785244704768,true,1785244704810,LeaderAccept
1785244704944,false,1785244704986,LeaderAccept
1785244705136,false,1785244705178,LeaderAccept
1785244705347,false,1785244705389,LeaderAccept
1785244705581,true,1785244705623,LeaderAccept
1785244705844,true,1785244705886,LeaderAccept
1785244706144,false,1785244706186,LeaderAccept
1785244706493,false,1785244706534,LeaderAccept
1785244706907,true,1785244706946,FastAccept
1785244707416,true,1785244707455,FastAccept
1785244708072,false,1785244708113,LeaderAccept
1785244708983,false,1785244709024,LeaderAccept
1785244710419,false,1785244710459,LeaderAccept
1785244713361,true,1785244713403,LeaderAccept
1785244726161,false,1785244726199,FastAccept
1785244758093,false,1785244758134,LeaderAccept
1785244758110,false,1785244758150,LeaderAccept
1785244758127,false,1785244758169,LeaderAccept
1785244758145,false,1785244758186,LeaderAccept
1785244758162,false,1785244758203,LeaderAccept
1785244758179,true,1785244758219,LeaderAccept
1785244758197,false,1785244758239,LeaderAccept
1785244758215,true,1785244758256,LeaderAccept
1785244758233,true,1785244758274,LeaderAccept
1785244758251,false,1785244758293,LeaderAccept
1785244758269,false,1785244758311,LeaderAccept
1785244758288,false,1785244758329,LeaderAccept
1785244758307,true,1785244758349,LeaderAccept
1785244758326,false,1785244758367,LeaderAccept
1785244758344,false,1785244758386,LeaderAccept
1785244758364,false,1785244758405,LeaderAccept
1785244758383,true,1785244758424,LeaderAccept
1785244758402,false,1785244758443,LeaderAccept
1785244758422,false,1785244758463,LeaderAccept
1785244758442,false,1785244758483,LeaderAccept
1785244758462,true,1785244758504,LeaderAccept
1785244758483,true,1785244758524,LeaderAccept
1785244758503,false,1785244758544,LeaderAccept
1785244758524,false,1785244758564,LeaderAccept
1785244758544,false,1785244758585,LeaderAccept
1785244758564,true,1785244758606,LeaderAccept
1785244758585,true,1785244758626,LeaderAccept
1785244758607,false,1785244758647,LeaderAccept
1785244758628,false,1785244758669,LeaderAccept
1785244758650,true,1785244758690,LeaderAccept
1785244758672,true,1785244758713,LeaderAccept
1785244758694,false,1785244758735,LeaderAccept
1785244758716,true,1785244758757,LeaderAccept
1785244758739,true,1785244758781,LeaderAccept
1785244758762,false,1785244758803,LeaderAccept
1785244758785,false,1785244758826,LeaderAccept
1785244758807,true,1785244758849,LeaderAccept
1785244758831,true,1785244758872,LeaderAccept
1785244758855,true,1785244758896,LeaderAccept
1785244758879,true,1785244758921,LeaderAccept
1785244758904,true,1785244758945,LeaderAccept
1785244758929,true,1785244758970,LeaderAccept
1785244758954,false,1785244758995,LeaderAccept
1785244758980,false,1785244759021,LeaderAccept
1785244759006,false,1785244759047,LeaderAccept
1785244759032,false,1785244759075,LeaderAccept
1785244759059,false,1785244759100,LeaderAccept
1785244759086,false,1785244759128,LeaderAccept
1785244759113,false,1785244759154,LeaderAccept
1785244759140,false,1785244759182,LeaderAccept
1785244759168,true,1785244759209,LeaderAccept
1785244759196,true,1785244759237,LeaderAccept
1785244759225,false,1785244759266,LeaderAccept
1785244759254,true,1785244759295,LeaderAccept
1785244759284,true,1785244759325,LeaderAccept
1785244759314,true,1785244759356,LeaderAccept
1785244759345,false,1785244759387,LeaderAccept
1785244759376,true,1785244759418,LeaderAccept
1785244759407,false,1785244759448,LeaderAccept
1785244759439,false,1785244759480,LeaderAccept
1785244759471,false,1785244759512,LeaderAccept
1785244759503,true,1785244759544,LeaderAccept
1785244759537,true,1785244759579,LeaderAccept
1785244759571,false,1785244759613,LeaderAccept
1785244759606,true,1785244759647,LeaderAccept
1785244759641,false,1785244759682,LeaderAccept
1785244759677,true,1785244759718,LeaderAccept
1785244759713,false,1785244759754,LeaderAccept
1785244759749,true,1785244759791,LeaderAccept
1785244759787,true,1785244759828,LeaderAccept
1785244759825,false,1785244759866,LeaderAccept
1785244759864,true,1785244759906,LeaderAccept
1785244759904,false,1785244759945,LeaderAccept
1785244759945,false,1785244759986,LeaderAccept
1785244759986,false,1785244760027,LeaderAccept
1785244760028,true,1785244760069,LeaderAccept
1785244760071,false,1785244760112,LeaderAccept
1785244760115,false,1785244760156,LeaderAccept
1785244760160,false,1785244760202,LeaderAccept
1785244760206,true,1785244760247,LeaderAccept
1785244760252,true,1785244760295,LeaderAccept
1785244760300,true,1785244760342,LeaderAccept
1785244760349,false,1785244760390,LeaderAccept
1785244760398,true,1785244760440,LeaderAccept
1785244760450,true,1785244760491,LeaderAccept
1785244760502,true,1785244760544,LeaderAccept
1785244760557,true,1785244760599,LeaderAccept
1785244760613,true,1785244760654,LeaderAccept
1785244760670,true,1785244760711,LeaderAccept
1785244760729,true,1785244760770,LeaderAccept
1785244760789,false,1785244760830,LeaderAccept
1785244760850,false,1785244760892,LeaderAccept
1785244760915,false,1785244760957,LeaderAccept
1785244760981,true,1785244761022,LeaderAccept
1785244761049,true,1785244761090,LeaderAccept
1785244761120,false,1785244761161,LeaderAccept
1785244761193,true,1785244761234,LeaderAccept
1785244761269,true,1785244761311,LeaderAccept
1785244761348,true,1785244761388,LeaderAccept
1785244761430,false,1785244761471,LeaderAccept
1785244761515,true,1785244761555,LeaderAccept
1785244761604,false,1785244761645,LeaderAccept
1785244761697,false,1785244761738,LeaderAccept
1785244761794,true,1785244761834,LeaderAccept
1785244761896,false,1785244761937,LeaderAccept
1785244762002,false,1785244762043,LeaderAccept
1785244762116,false,1785244762157,LeaderAccept
1785244762236,false,1785244762277,LeaderAccept
1785244762363,true,1785244762405,LeaderAccept
1785244762499,true,1785244762540,LeaderAccept
1785244762644,true,1785244762685,LeaderAccept
1785244762799,true,1785244762840,LeaderAccept
1785244762967,true,1785244763008,LeaderAccept
1785244763149,true,1785244763190,LeaderAccept
1785244763349,false,1785244763390,LeaderAccept
1785244763570,true,1785244763611,LeaderAccept
1785244763816,false,1785244763857,LeaderAccept
1785244764095,false,1785244764136,LeaderAccept
1785244764415,true,1785244764457,LeaderAccept
1785244764790,false,1785244764832,LeaderAccept
1785244765243,false,1785244765284,LeaderAccept
1785244765809,false,1785244765850,LeaderAccept
1785244766561,false,1785244766602,LeaderAccept
1785244767656,false,1785244767695,FastAccept
1785244769548,false,1785244769587,FastAccept
1785244774420,false,1785244774462,LeaderAccept
1785244778674,true,1785244778716,LeaderAccept
1785244778706,false,1785244778748,LeaderAccept
1785244778738,true,1785244778780,LeaderAccept
1785244778772,true,1785244778814,LeaderAccept
1785244778806,true,1785244778848,LeaderAccept
1785244778841,false,1785244778882,LeaderAccept
1785244778876,true,1785244778917,LeaderAccept
1785244778912,true,1785244778953,LeaderAccept
1785244778948,true,1785244778989,LeaderAccept
1785244778985,true,1785244779026,LeaderAccept
1785244779022,false,1785244779064,LeaderAccept
1785244779061,false,1785244779102,LeaderAccept
1785244779100,false,1785244779141,LeaderAccept
1785244779140,false,1785244779182,LeaderAccept
1785244779181,true,1785244779222,LeaderAccept
1785244779222,true,1785244779264,LeaderAccept
1785244779264,false,1785244779305,LeaderAccept
1785244779306,true,1785244779348,LeaderAccept
1785244779351,false,1785244779392,LeaderAccept
1785244779395,true,1785244779437,LeaderAccept
1785244779442,false,1785244779483,LeaderAccept
1785244779488,true,1785244779530,LeaderAccept
1785244779537,false,1785244779579,LeaderAccept
1785244779586,true,1785244779627,LeaderAccept
1785244779636,false,1785244779678,LeaderAccept
1785244779688,true,1785244779730,LeaderAccept
1785244779741,false,1785244779782,LeaderAccept
1785244779794,true,1785244779836,LeaderAccept
1785244779850,true,1785244779891,LeaderAccept
1785244779907,true,1785244779949,LeaderAccept
1785244779967,true,1785244780008,LeaderAccept
1785244780028,true,1785244780069,LeaderAccept
1785244780090,false,1785244780131,LeaderAccept
1785244780155,false,1785244780196,LeaderAccept
1785244780220,false,1785244780262,LeaderAccept
1785244780289,false,1785244780332,LeaderAccept
1785244780360,false,1785244780401,LeaderAccept
1785244780434,false,1785244780475,LeaderAccept
1785244780510,false,1785244780551,LeaderAccept
1785244780589,true,1785244780630,LeaderAccept
1785244780671,true,1785244780713,LeaderAccept
1785244780757,false,1785244780798,LeaderAccept
1785244780846,false,1785244780887,LeaderAccept
1785244780939,false,1785244780980,LeaderAccept
1785244781037,false,1785244781078,LeaderAccept
1785244781140,true,1785244781182,LeaderAccept
1785244781248,true,1785244781289,LeaderAccept
1785244781362,true,1785244781404,LeaderAccept
1785244781483,true,1785244781524,LeaderAccept
1785244781612,false,1785244781653,LeaderAccept
1785244781748,true,1785244781790,LeaderAccept
1785244781895,true,1785244781937,LeaderAccept
1785244782052,false,1785244782094,LeaderAccept
1785244782223,false,1785244782264,LeaderAccept
1785244782408,false,1785244782450,LeaderAccept
1785244782612,false,1785244782653,LeaderAccept
1785244782837,false,1785244782878,LeaderAccept
1785244783088,true,1785244783129,LeaderAccept
1785244783373,true,1785244783414,LeaderAccept
1785244783701,true,1785244783742,LeaderAccept
1785244784088,false,1785244784129,LeaderAccept
1785244784557,true,1785244784599,LeaderAccept
1785244785150,true,1785244785192,LeaderAccept
1785244785947,true,1785244785988,LeaderAccept
1785244787133,true,1785244787175,LeaderAccept
1785244789279,true,1785244789318,FastAccept
1785244792865,true,1785244792907,LeaderAccept
1785244792888,true,1785244792929,LeaderAccept
1785244792911,false,1785244792953,LeaderAccept
1785244792934,true,1785244792975,LeaderAccept
1785244792958,true,1785244792999,LeaderAccept
1785244792982,false,1785244793023,LeaderAccept
1785244793006,false,1785244793047,LeaderAccept
1785244793030,false,1785244793070,LeaderAccept
1785244793054,false,1785244793095,LeaderAccept
1785244793078,false,1785244793120,LeaderAccept
1785244793103,false,1785244793144,LeaderAccept
1785244793128,false,1785244793169,LeaderAccept
1785244793154,false,1785244793195,LeaderAccept
1785244793180,false,1785244793221,LeaderAccept
1785244793205,true,1785244793246,LeaderAccept
1785244793232,true,1785244793274,LeaderAccept
1785244793258,false,1785244793300,LeaderAccept
1785244793286,true,1785244793327,LeaderAccept
1785244793313,true,1785244793355,LeaderAccept
1785244793341,true,1785244793383,LeaderAccept
1785244793370,true,1785244793411,LeaderAccept
1785244793399,true,1785244793440,LeaderAccept
1785244793428,false,1785244793469,LeaderAccept
1785244793458,false,1785244793499,LeaderAccept
1785244793488,true,1785244793530,LeaderAccept
1785244793519,false,1785244793561,LeaderAccept
1785244793549,true,1785244793590,LeaderAccept
1785244793581,true,1785244793622,LeaderAccept
1785244793613,false,1785244793656,LeaderAccept
1785244793646,true,1785244793688,LeaderAccept
1785244793678,false,1785244793719,LeaderAccept
1785244793710,false,1785244793752,LeaderAccept
1785244793744,false,1785244793785,LeaderAccept
1785244793778,true,1785244793819,LeaderAccept
1785244793813,false,1785244793854,LeaderAccept
1785244793849,false,1785244793891,LeaderAccept
1785244793885,true,1785244793926,LeaderAccept
1785244793921,true,1785244793962,LeaderAccept
1785244793958,false,1785244793999,LeaderAccept
1785244793996,true,1785244794037,LeaderAccept
1785244794035,false,1785244794076,LeaderAccept
1785244794074,false,1785244794115,LeaderAccept
1785244794114,false,1785244794155,LeaderAccept
1785244794155,true,1785244794196,LeaderAccept
1785244794197,false,1785244794238,LeaderAccept
1785244794239,false,1785244794281,LeaderAccept
1785244794283,false,1785244794324,LeaderAccept
1785244794327,false,1785244794368,LeaderAccept
1785244794372,false,1785244794414,LeaderAccept
1785244794419,false,1785244794460,LeaderAccept
1785244794467,true,1785244794509,LeaderAccept
1785244794516,false,1785244794558,LeaderAccept
1785244794566,false,1785244794607,LeaderAccept
1785244794617,true,1785244794658,LeaderAccept
1785244794669,true,1785244794711,LeaderAccept
1785244794723,true,1785244794765,LeaderAccept
1785244794778,false,1785244794819,LeaderAccept
1785244794835,false,1785244794877,LeaderAccept
1785244794894,false,1785244794935,LeaderAccept
1785244794953,true,1785244794995,LeaderAccept
1785244795015,true,1785244795058,LeaderAccept
1785244795079,false,1785244795121,LeaderAccept
1785244795145,true,1785244795187,LeaderAccept
1785244795212,true,1785244795254,LeaderAccept
1785244795283,true,1785244795324,LeaderAccept
1785244795355,false,1785244795396,LeaderAccept
1785244795430,true,1785244795471,LeaderAccept
1785244795508,false,1785244795549,LeaderAccept
1785244795589,false,1785244795630,LeaderAccept
1785244795673,false,1785244795715,LeaderAccept
1785244795761,true,1785244795802,LeaderAccept
1785244795852,false,1785244795894,LeaderAccept
1785244795949,true,1785244795990,LeaderAccept
1785244796050,true,1785244796091,LeaderAccept
1785244796156,false,1785244796198,LeaderAccept
1785244796267,true,1785244796309,LeaderAccept
1785244796386,true,1785244796428,LeaderAccept
1785244796511,false,1785244796553,LeaderAccept
1785244796643,true,1785244796685,LeaderAccept
1785244796786,true,1785244796828,LeaderAccept
1785244796939,true,1785244796981,LeaderAccept
1785244797104,true,1785244797146,LeaderAccept
1785244797283,false,1785244797325,LeaderAccept
1785244797479,false,1785244797521,LeaderAccept
1785244797695,false,1785244797737,LeaderAccept
1785244797935,true,1785244797976,LeaderAccept
1785244798205,true,1785244798246,LeaderAccept
1785244798514,false,1785244798574,LeaderAccept
1785244798874,false,1785244798915,LeaderAccept
1785244799305,true,1785244799343,FastAccept
1785244799839,true,1785244799878,FastAccept
1785244800537,false,1785244800594,LeaderAccept
1785244801526,false,1785244801567,LeaderAccept
1785244803147,true,1785244803188,LeaderAccept
1785244804190,true,1785244804231,LeaderAccept
1785244804218,true,1785244804259,LeaderAccept
1785244804247,true,1785244804288,LeaderAccept
1785244804276,false,1785244804318,LeaderAccept
1785244804306,false,1785244804347,LeaderAccept
1785244804336,true,1785244804378,LeaderAccept
1785244804366,false,1785244804407,LeaderAccept
1785244804397,false,1785244804439,LeaderAccept
1785244804428,true,1785244804469,LeaderAccept
1785244804459,false,1785244804500,LeaderAccept
1785244804491,false,1785244804532,LeaderAccept
1785244804524,true,1785244804566,LeaderAccept
1785244804557,true,1785244804598,LeaderAccept
1785244804590,true,1785244804632,LeaderAccept
1785244804625,false,1785244804667,LeaderAccept
1785244804660,false,1785244804702,LeaderAccept
1785244804695,false,1785244804736,LeaderAccept
1785244804731,true,1785244804773,LeaderAccept
1785244804768,true,1785244804809,LeaderAccept
1785244804805,false,1785244804846,LeaderAccept
1785244804843,false,1785244804885,LeaderAccept
1785244804882,true,1785244804923,LeaderAccept
1785244804922,false,1785244804964,LeaderAccept
1785244804962,false,1785244805004,LeaderAccept
1785244805004,true,1785244805045,LeaderAccept
1785244805046,false,1785244805088,LeaderAccept
1785244805089,false,1785244805130,LeaderAccept
1785244805132,true,1785244805174,LeaderAccept
1785244805177,false,1785244805218,LeaderAccept
1785244805221,false,1785244805263,LeaderAccept
1785244805267,true,1785244805309,LeaderAccept
1785244805315,false,1785244805357,LeaderAccept
1785244805364,false,1785244805406,LeaderAccept
1785244805414,true,1785244805455,LeaderAccept
1785244805465,true,1785244805506,LeaderAccept
1785244805517,false,1785244805558,LeaderAccept
1785244805571,true,1785244805612,LeaderAccept
1785244805626,true,1785244805667,LeaderAccept
1785244805681,false,1785244805723,LeaderAccept
1785244805740,true,1785244805781,LeaderAccept
1785244805799,true,1785244805842,LeaderAccept
1785244805861,false,1785244805903,LeaderAccept
1785244805925,false,1785244805966,LeaderAccept
1785244805991,true,1785244806032,LeaderAccept
1785244806059,false,1785244806100,LeaderAccept
1785244806128,true,1785244806170,LeaderAccept
1785244806201,true,1785244806242,LeaderAccept
1785244806276,false,1785244806318,LeaderAccept
1785244806354,false,1785244806396,LeaderAccept
1785244806435,false,1785244806476,LeaderAccept
1785244806520,true,1785244806561,LeaderAccept
1785244806608,true,1785244806650,LeaderAccept
1785244806700,true,1785244806741,LeaderAccept
1785244806796,false,1785244806838,LeaderAccept
1785244806897,true,1785244806939,LeaderAccept
1785244807004,false,1785244807046,LeaderAccept
1785244807116,false,1785244807157,LeaderAccept
1785244807234,false,1785244807275,LeaderAccept
1785244807359,false,1785244807400,LeaderAccept
1785244807491,false,1785244807533,LeaderAccept
1785244807634,false,1785244807676,LeaderAccept
1785244807787,true,1785244807828,LeaderAccept
1785244807952,true,1785244807993,LeaderAccept
1785244808131,false,1785244808172,LeaderAccept
1785244808326,false,1785244808368,LeaderAccept
1785244808542,false,1785244808583,LeaderAccept
1785244808782,true,1785244808823,LeaderAccept
1785244809052,true,1785244809094,LeaderAccept
1785244809361,false,1785244809402,LeaderAccept
1785244809721,false,1785244809762,LeaderAccept
1785244810153,false,1785244810194,LeaderAccept
1785244810688,true,1785244810729,LeaderAccept
1785244811387,true,1785244811428,LeaderAccept
1785244812378,false,1785244812420,LeaderAccept
1785244814004,false,1785244814045,LeaderAccept
1785244817667,false,1785244817706,FastAccept
1785244828286,false,1785244828325,FastAccept
1785244828320,false,1785244828358,FastAccept
1785244828354,true,1785244828393,FastAccept
1785244828389,false,1785244828427,FastAccept
1785244828424,false,1785244828463,FastAccept
1785244828460,false,1785244828498,FastAccept
1785244828496,false,1785244828535,FastAccept
1785244828533,true,1785244828572,FastAccept
1785244828571,false,1785244828610,FastAccept
1785244828610,false,1785244828648,FastAccept
1785244828648,false,1785244828687,FastAccept
1785244828688,false,1785244828726,FastAccept
1785244828729,false,1785244828767,FastAccept
1785244828770,true,1785244828822,LeaderAccept
1785244828813,false,1785244828851,FastAccept
1785244828856,false,1785244828895,FastAccept
1785244828900,false,1785244828939,FastAccept
1785244828945,true,1785244828984,FastAccept
1785244828991,true,1785244829030,FastAccept
1785244829038,false,1785244829077,FastAccept
1785244829086,true,1785244829125,FastAccept
1785244829136,false,1785244829174,FastAccept
1785244829187,false,1785244829225,FastAccept
1785244829239,false,1785244829278,FastAccept
1785244829292,false,1785244829330,FastAccept
1785244829346,false,1785244829384,FastAccept
1785244829402,false,1785244829440,FastAccept
1785244829460,false,1785244829499,FastAccept
1785244829519,true,1785244829557,FastAccept
1785244829580,false,1785244829619,FastAccept
1785244829643,true,1785244829681,FastAccept
1785244829708,false,1785244829746,FastAccept
1785244829775,true,1785244829814,FastAccept
1785244829845,true,1785244829884,FastAccept
1785244829917,false,1785244829956,FastAccept
1785244829991,false,1785244830030,FastAccept
1785244830068,false,1785244830107,FastAccept
1785244830148,false,1785244830187,FastAccept
1785244830231,false,1785244830270,FastAccept
1785244830318,true,1785244830357,FastAccept
1785244830409,true,1785244830448,FastAccept
1785244830504,false,1785244830543,FastAccept
1785244830603,true,1785244830642,FastAccept
1785244830708,false,1785244830747,FastAccept
1785244830818,true,1785244830856,FastAccept
1785244830933,false,1785244830971,FastAccept
1785244831055,true,1785244831094,FastAccept
1785244831185,false,1785244831224,FastAccept
1785244831324,false,1785244831363,FastAccept
1785244831473,true,1785244831512,FastAccept
1785244831634,true,1785244831673,FastAccept
1785244831808,true,1785244831847,FastAccept
1785244831997,false,1785244832036,FastAccept
1785244832205,false,1785244832244,FastAccept
1785244832435,true,1785244832474,FastAccept
1785244832693,true,1785244832732,FastAccept
1785244832987,false,1785244833025,FastAccept
1785244833327,false,1785244833366,FastAccept
1785244833730,true,1785244833769,FastAccept
1785244834223,false,1785244834262,FastAccept
1785244834852,true,1785244834891,FastAccept
1785244835715,false,1785244835754,FastAccept
1785244837043,false,1785244837081,FastAccept
1785244839620,false,1785244839659,FastAccept
1785244847725,true,1785244847775,LeaderAccept
1785244847742,true,1785244847784,LeaderAccept
1785244847760,true,1785244847801,LeaderAccept
1785244847777,false,1785244847818,LeaderAccept
1785244847795,false,1785244847835,LeaderAccept
1785244847813,true,1785244847855,LeaderAccept
1785244847831,false,1785244847873,LeaderAccept
1785244847848,false,1785244847889,LeaderAccept
1785244847867,false,1785244847908,LeaderAccept
1785244847885,false,1785244847925,LeaderAccept
1785244847903,false,1785244847944,LeaderAccept
1785244847921,true,1785244847962,LeaderAccept
1785244847940,true,1785244847981,LeaderAccept
1785244847959,true,1785244848000,LeaderAccept
1785244847978,false,1785244848019,LeaderAccept
1785244847997,false,1785244848038,LeaderAccept
1785244848016,false,1785244848057,LeaderAccept
1785244848036,true,1785244848076,LeaderAccept
1785244848056,true,1785244848096,LeaderAccept
1785244848076,false,1785244848117,LeaderAccept
1785244848096,true,1785244848136,LeaderAccept
1785244848115,true,1785244848157,LeaderAccept
1785244848136,true,1785244848177,LeaderAccept
1785244848157,true,1785244848198,LeaderAccept
1785244848178,true,1785244848219,LeaderAccept
1785244848200,false,1785244848241,LeaderAccept
1785244848221,false,1785244848262,LeaderAccept
1785244848243,false,1785244848284,LeaderAccept
1785244848265,false,1785244848306,LeaderAccept
1785244848287,true,1785244848328,LeaderAccept
1785244848309,true,1785244848350,LeaderAccept
1785244848332,false,1785244848374,LeaderAccept
1785244848355,false,1785244848396,LeaderAccept
1785244848378,false,1785244848419,LeaderAccept
1785244848401,true,1785244848442,LeaderAccept
1785244848425,true,1785244848466,LeaderAccept
1785244848449,false,1785244848490,LeaderAccept
1785244848473,true,1785244848514,LeaderAccept
1785244848497,true,1785244848538,LeaderAccept
1785244848521,false,1785244848562,LeaderAccept
1785244848546,true,1785244848587,LeaderAccept
1785244848572,true,1785244848613,LeaderAccept
1785244848597,false,1785244848638,LeaderAccept
1785244848623,false,1785244848664,LeaderAccept
1785244848649,false,1785244848690,LeaderAccept
1785244848676,true,1785244848717,LeaderAccept
1785244848703,false,1785244848744,LeaderAccept
1785244848730,true,1785244848772,LeaderAccept
1785244848758,true,1785244848799,LeaderAccept
1785244848786,true,1785244848827,LeaderAccept
1785244848814,true,1785244848855,LeaderAccept
1785244848843,false,1785244848884,LeaderAccept
1785244848872,false,1785244848913,LeaderAccept
1785244848902,true,1785244848943,LeaderAccept
1785244848931,true,1785244848973,LeaderAccept
1785244848962,false,1785244849003,LeaderAccept
1785244848992,false,1785244849034,LeaderAccept
1785244849023,true,1785244849064,LeaderAccept
1785244849055,true,1785244849096,LeaderAccept
1785244849087,true,1785244849129,LeaderAccept
1785244849120,true,1785244849162,LeaderAccept
1785244849154,false,1785244849195,LeaderAccept
1785244849188,true,1785244849228,LeaderAccept
1785244849221,false,1785244849262,LeaderAccept
1785244849256,false,1785244849298,LeaderAccept
1785244849291,true,1785244849333,LeaderAccept
1785244849327,false,1785244849369,LeaderAccept
1785244849364,false,1785244849405,LeaderAccept
1785244849401,false,1785244849442,LeaderAccept
1785244849439,false,1785244849480,LeaderAccept
1785244849477,true,1785244849519,LeaderAccept
1785244849517,false,1785244849559,LeaderAccept
1785244849557,false,1785244849599,LeaderAccept
1785244849598,true,1785244849640,LeaderAccept
1785244849640,false,1785244849681,LeaderAccept
1785244849682,true,1785244849724,LeaderAccept
1785244849726,false,1785244849767,LeaderAccept
1785244849770,true,1785244849811,LeaderAccept
1785244849815,true,1785244849857,LeaderAccept
1785244849862,true,1785244849904,LeaderAccept
1785244849909,true,1785244849951,LeaderAccept
1785244849958,true,1785244849999,LeaderAccept
1785244850008,true,1785244850050,LeaderAccept
1785244850059,true,1785244850101,LeaderAccept
1785244850111,true,1785244850152,LeaderAccept
1785244850165,true,1785244850206,LeaderAccept
1785244850220,true,1785244850261,LeaderAccept
1785244850277,true,1785244850318,LeaderAccept
1785244850335,false,1785244850376,LeaderAccept
1785244850395,true,1785244850437,LeaderAccept
1785244850457,false,1785244850498,LeaderAccept
1785244850521,false,1785244850562,LeaderAccept
1785244850586,false,1785244850627,LeaderAccept
1785244850653,false,1785244850694,LeaderAccept
1785244850723,false,1785244850764,LeaderAccept
1785244850795,false,1785244850836,LeaderAccept
1785244850870,false,1785244850912,LeaderAccept
1785244850948,true,1785244850989,LeaderAccept
1785244851030,true,1785244851071,LeaderAccept
1785244851114,true,1785244851155,LeaderAccept
1785244851202,false,1785244851243,LeaderAccept
1785244851294,false,1785244851337,LeaderAccept
1785244851390,false,1785244851432,LeaderAccept
1785244851491,true,1785244851533,LeaderAccept
1785244851597,false,1785244851638,LeaderAccept
1785244851708,false,1785244851749,LeaderAccept
1785244851826,false,1785244851869,LeaderAccept
1785244851952,false,1785244851994,LeaderAccept
1785244852086,false,1785244852129,LeaderAccept
1785244852229,true,1785244852271,LeaderAccept
1785244852382,true,1785244852424,LeaderAccept
1785244852547,false,1785244852589,LeaderAccept
1785244852726,true,1785244852768,LeaderAccept
1785244852922,false,1785244852964,LeaderAccept
1785244853138,true,1785244853180,LeaderAccept
1785244853378,true,1785244853421,LeaderAccept
1785244853649,true,1785244853691,LeaderAccept
1785244853959,false,1785244854001,LeaderAccept
1785244854320,false,1785244854362,LeaderAccept
1785244854753,true,1785244854794,LeaderAccept
1785244855289,true,1785244855331,LeaderAccept
1785244855990,true,1785244856031,LeaderAccept
1785244856984,false,1785244857026,LeaderAccept
1785244858618,false,1785244858659,LeaderAccept
1785244862315,false,1785244862357,LeaderAccept
1785244876772,false,1785244876811,FastAccept
1785244876797,true,1785244876835,FastAccept
1785244876822,false,1785244876861,FastAccept
1785244876846,false,1785244876885,FastAccept
1785244876872,false,1785244876911,FastAccept
1785244876898,false,1785244876936,FastAccept
1785244876923,true,1785244876962,FastAccept
1785244876950,true,1785244876988,FastAccept
1785244876976,true,1785244877015,FastAccept
1785244877003,false,1785244877042,FastAccept
1785244877030,false,1785244877069,FastAccept
1785244877058,false,1785244877097,FastAccept
1785244877086,false,1785244877125,FastAccept
1785244877115,true,1785244877154,FastAccept
1785244877144,false,1785244877182,FastAccept
1785244877173,false,1785244877212,FastAccept
1785244877203,false,1785244877242,FastAccept
1785244877233,false,1785244877272,FastAccept
1785244877263,true,1785244877302,FastAccept
1785244877294,false,1785244877333,FastAccept
1785244877326,false,1785244877364,FastAccept
1785244877358,false,1785244877397,FastAccept
1785244877390,true,1785244877429,FastAccept
1785244877423,false,1785244877461,FastAccept
1785244877456,true,1785244877495,FastAccept
1785244877491,false,1785244877529,FastAccept
1785244877525,false,1785244877564,FastAccept
1785244877560,false,1785244877599,FastAccept
1785244877596,true,1785244877635,FastAccept
1785244877632,false,1785244877670,FastAccept
1785244877669,false,1785244877708,FastAccept
1785244877707,false,1785244877746,FastAccept
1785244877745,true,1785244877784,FastAccept
1785244877784,false,1785244877823,FastAccept
1785244877824,true,1785244877863,FastAccept
1785244877864,true,1785244877903,FastAccept
1785244877906,false,1785244877945,FastAccept
1785244877948,false,1785244877987,FastAccept
1785244877991,true,1785244878029,FastAccept
1785244878035,false,1785244878073,FastAccept
1785244878080,false,1785244878119,FastAccept
1785244878126,false,1785244878164,FastAccept
1785244878173,false,1785244878211,FastAccept
1785244878220,false,1785244878259,FastAccept
1785244878270,false,1785244878309,FastAccept
1785244878321,false,1785244878360,FastAccept
1785244878373,true,1785244878412,FastAccept
1785244878426,false,1785244878465,FastAccept
1785244878481,false,1785244878520,FastAccept
1785244878537,false,1785244878576,FastAccept
1785244878595,true,1785244878634,FastAccept
1785244878654,true,1785244878693,FastAccept
1785244878715,true,1785244878754,FastAccept
1785244878778,true,1785244878816,FastAccept
1785244878843,true,1785244878881,FastAccept
1785244878908,true,1785244878947,FastAccept
1785244878978,true,1785244879017,FastAccept
1785244879050,true,1785244879089,FastAccept
1785244879124,true,1785244879163,FastAccept
1785244879201,false,1785244879240,FastAccept
1785244879281,true,1785244879320,FastAccept
1785244879364,false,1785244879403,FastAccept
1785244879451,true,1785244879490,FastAccept
1785244879541,true,1785244879580,FastAccept
1785244879635,false,1785244879674,FastAccept
1785244879734,false,1785244879773,FastAccept
1785244879837,true,1785244879876,FastAccept
1785244879946,false,1785244879985,FastAccept
1785244880061,false,1785244880100,FastAccept
1785244880183,true,1785244880222,FastAccept
1785244880313,false,1785244880352,FastAccept
1785244880451,false,1785244880490,FastAccept
1785244880599,false,1785244880638,FastAccept
1785244880758,true,1785244880797,FastAccept
1785244880931,true,1785244880970,FastAccept
1785244881118,true,1785244881157,FastAccept
1785244881324,true,1785244881363,FastAccept
1785244881552,false,1785244881592,FastAccept
1785244881808,true,1785244881847,FastAccept
1785244882098,true,1785244882139,LeaderAccept
1785244882433,true,1785244882475,LeaderAccept
1785244882830,false,1785244882872,LeaderAccept
1785244883313,false,1785244883355,LeaderAccept
1785244883928,true,1785244883969,LeaderAccept
1785244884764,false,1785244884806,LeaderAccept
1785244886031,true,1785244886072,LeaderAccept
1785244888418,false,1785244888460,LeaderAccept
1785244896290,false,1785244896329,FastAccept
1785244914145,false,1785244914186,LeaderAccept
1785244914165,false,1785244914206,LeaderAccept
1785244914186,true,1785244914227,LeaderAccept
1785244914206,true,1785244914247,LeaderAccept
1785244914227,false,1785244914267,LeaderAccept
1785244914248,false,1785244914289,LeaderAccept
1785244914269,true,1785244914310,LeaderAccept
1785244914291,false,1785244914332,LeaderAccept
1785244914311,true,1785244914352,LeaderAccept
1785244914333,false,1785244914374,LeaderAccept
1785244914355,false,1785244914397,LeaderAccept
1785244914378,true,1785244914419,LeaderAccept
1785244914400,true,1785244914441,LeaderAccept
1785244914422,true,1785244914463,LeaderAccept
1785244914445,true,1785244914486,LeaderAccept
1785244914469,false,1785244914510,LeaderAccept
1785244914493,true,1785244914534,LeaderAccept
1785244914517,false,1785244914558,LeaderAccept
1785244914541,false,1785244914583,LeaderAccept
1785244914566,true,1785244914607,LeaderAccept
1785244914591,true,1785244914631,LeaderAccept
1785244914616,false,1785244914657,LeaderAccept
1785244914640,false,1785244914681,LeaderAccept
1785244914666,true,1785244914707,LeaderAccept
1785244914692,false,1785244914733,LeaderAccept
1785244914718,true,1785244914759,LeaderAccept
1785244914745,false,1785244914786,LeaderAccept
1785244914772,false,1785244914813,LeaderAccept
1785244914799,false,1785244914840,LeaderAccept
1785244914826,false,1785244914867,LeaderAccept
1785244914854,false,1785244914895,LeaderAccept
1785244914881,true,1785244914922,LeaderAccept
1785244914910,false,1785244914950,LeaderAccept
1785244914938,true,1785244914980,LeaderAccept
1785244914968,false,1785244915010,LeaderAccept
1785244914998,false,1785244915039,LeaderAccept
1785244915028,true,1785244915069,LeaderAccept
1785244915059,false,1785244915100,LeaderAccept
1785244915090,true,1785244915132,LeaderAccept
1785244915121,false,1785244915165,LeaderAccept
1785244915152,true,1785244915194,LeaderAccept
1785244915185,true,1785244915226,LeaderAccept
1785244915218,true,1785244915260,LeaderAccept
1785244915252,true,1785244915292,LeaderAccept
1785244915286,true,1785244915327,LeaderAccept
1785244915320,true,1785244915362,LeaderAccept
1785244915355,false,1785244915397,LeaderAccept
1785244915390,false,1785244915432,LeaderAccept
1785244915427,false,1785244915468,LeaderAccept
1785244915464,false,1785244915506,LeaderAccept
1785244915502,false,1785244915544,LeaderAccept
1785244915541,true,1785244915582,LeaderAccept
1785244915580,false,1785244915621,LeaderAccept
1785244915620,true,1785244915662,LeaderAccept
1785244915661,true,1785244915702,LeaderAccept
1785244915702,true,1785244915743,LeaderAccept
1785244915745,false,1785244915786,LeaderAccept
1785244915788,true,1785244915829,LeaderAccept
1785244915833,false,1785244915874,LeaderAccept
1785244915878,false,1785244915919,LeaderAccept
1785244915924,false,1785244915966,LeaderAccept
1785244915972,false,1785244916013,LeaderAccept
1785244916021,false,1785244916061,LeaderAccept
1785244916071,true,1785244916112,LeaderAccept
1785244916121,false,1785244916163,LeaderAccept
1785244916174,false,1785244916215,LeaderAccept
1785244916228,false,1785244916269,LeaderAccept
1785244916283,false,1785244916324,LeaderAccept
1785244916339,true,1785244916380,LeaderAccept
1785244916397,false,1785244916438,LeaderAccept
1785244916455,false,1785244916496,LeaderAccept
1785244916517,true,1785244916559,LeaderAccept
1785244916581,false,1785244916622,LeaderAccept
1785244916647,true,1785244916688,LeaderAccept
1785244916715,true,1785244916756,LeaderAccept
1785244916785,true,1785244916825,LeaderAccept
1785244916857,true,1785244916899,LeaderAccept
1785244916932,true,1785244916973,LeaderAccept
1785244917010,true,1785244917051,LeaderAccept
1785244917091,false,1785244917132,LeaderAccept
1785244917175,false,1785244917217,LeaderAccept
1785244917263,true,1785244917305,LeaderAccept
1785244917354,false,1785244917395,LeaderAccept
1785244917450,true,1785244917491,LeaderAccept
1785244917550,true,1785244917592,LeaderAccept
1785244917655,false,1785244917696,LeaderAccept
1785244917766,true,1785244917807,LeaderAccept
1785244917883,false,1785244917924,LeaderAccept
1785244918007,true,1785244918048,LeaderAccept
1785244918139,true,1785244918181,LeaderAccept
1785244918280,false,1785244918322,LeaderAccept
1785244918432,false,1785244918474,LeaderAccept
1785244918595,true,1785244918636,LeaderAccept
1785244918772,false,1785244918813,LeaderAccept
1785244918965,true,1785244919007,LeaderAccept
1785244919178,true,1785244919219,LeaderAccept
1785244919415,true,1785244919456,LeaderAccept
1785244919681,false,1785244919722,LeaderAccept
1785244919984,true,1785244920026,LeaderAccept
1785244920338,true,1785244920380,LeaderAccept
1785244920760,true,1785244920802,LeaderAccept
1785244921280,true,1785244921321,LeaderAccept
1785244921953,false,1785244921995,LeaderAccept
1785244922896,false,1785244922935,FastAccept
1785244924406,true,1785244924452,FastAccept
1785244927618,false,1785244927668,LeaderAccept
1785244930058,false,1785244930099,LeaderAccept
1785244930075,true,1785244930116,LeaderAccept
1785244930092,false,1785244930134,LeaderAccept
1785244930109,true,1785244930150,LeaderAccept
1785244930126,false,1785244930167,LeaderAccept
1785244930144,false,1785244930186,LeaderAccept
1785244930162,false,1785244930202,LeaderAccept
1785244930180,true,1785244930221,LeaderAccept
1785244930198,false,1785244930239,LeaderAccept
1785244930216,true,1785244930257,LeaderAccept
1785244930234,false,1785244930275,LeaderAccept
1785244930252,false,1785244930293,LeaderAccept
1785244930270,false,1785244930311,LeaderAccept
1785244930289,false,1785244930331,LeaderAccept
1785244930308,true,1785244930349,LeaderAccept
1785244930327,false,1785244930369,LeaderAccept
1785244930347,true,1785244930389,LeaderAccept
1785244930366,false,1785244930406,LeaderAccept
1785244930385,false,1785244930426,LeaderAccept
1785244930405,true,1785244930446,LeaderAccept
1785244930425,false,1785244930466,LeaderAccept
1785244930445,true,1785244930486,LeaderAccept
1785244930466,true,1785244930507,LeaderAccept
1785244930486,false,1785244930528,LeaderAccept
1785244930507,true,1785244930548,LeaderAccept
1785244930528,false,1785244930568,LeaderAccept
1785244930549,false,1785244930590,LeaderAccept
1785244930570,true,1785244930611,LeaderAccept
1785244930592,true,1785244930633,LeaderAccept
1785244930614,true,1785244930655,LeaderAccept
1785244930636,true,1785244930677,LeaderAccept
1785244930658,false,1785244930699,LeaderAccept
1785244930681,true,1785244930722,LeaderAccept
1785244930704,false,1785244930745,LeaderAccept
1785244930726,false,1785244930767,LeaderAccept
1785244930750,true,1785244930791,LeaderAccept
1785244930773,false,1785244930815,LeaderAccept
1785244930797,false,1785244930838,LeaderAccept
1785244930821,false,1785244930863,LeaderAccept
1785244930845,true,1785244930887,LeaderAccept
1785244930870,true,1785244930911,LeaderAccept
1785244930895,true,1785244930937,LeaderAccept
1785244930921,true,1785244930962,LeaderAccept
1785244930947,true,1785244930988,LeaderAccept
1785244930973,true,1785244931015,LeaderAccept
1785244931000,false,1785244931042,LeaderAccept
1785244931027,false,1785244931068,LeaderAccept
1785244931054,true,1785244931095,LeaderAccept
1785244931081,true,1785244931122,LeaderAccept
1785244931109,true,1785244931150,LeaderAccept
1785244931137,false,1785244931178,LeaderAccept
1785244931165,false,1785244931206,LeaderAccept
1785244931194,true,1785244931235,LeaderAccept
1785244931223,false,1785244931264,LeaderAccept
1785244931253,true,1785244931294,LeaderAccept
1785244931283,true,1785244931324,LeaderAccept
1785244931313,true,1785244931354,LeaderAccept
1785244931344,true,1785244931385,LeaderAccept
1785244931375,true,1785244931416,LeaderAccept
1785244931407,false,1785244931448,LeaderAccept
1785244931439,true,1785244931480,LeaderAccept
1785244931472,false,1785244931513,LeaderAccept
1785244931506,true,1785244931548,LeaderAccept
1785244931540,true,1785244931581,LeaderAccept
1785244931575,false,1785244931616,LeaderAccept
1785244931609,true,1785244931651,LeaderAccept
1785244931645,true,1785244931686,LeaderAccept
1785244931681,true,1785244931722,LeaderAccept
1785244931718,true,1785244931759,LeaderAccept
1785244931756,false,1785244931797,LeaderAccept
1785244931794,false,1785244931836,LeaderAccept
1785244931833,false,1785244931874,LeaderAccept
1785244931873,true,1785244931915,LeaderAccept
1785244931914,true,1785244931956,LeaderAccept
1785244931956,true,1785244931997,LeaderAccept
1785244931998,true,1785244932039,LeaderAccept
1785244932041,false,1785244932082,LeaderAccept
1785244932085,false,1785244932127,LeaderAccept
1785244932130,true,1785244932171,LeaderAccept
1785244932176,true,1785244932218,LeaderAccept
1785244932223,true,1785244932264,LeaderAccept
1785244932271,true,1785244932312,LeaderAccept
1785244932320,true,1785244932362,LeaderAccept
1785244932371,true,1785244932412,LeaderAccept
1785244932421,true,1785244932463,LeaderAccept
1785244932474,false,1785244932515,LeaderAccept
1785244932528,false,1785244932569,LeaderAccept
1785244932584,false,1785244932625,LeaderAccept
1785244932641,false,1785244932682,LeaderAccept
1785244932699,true,1785244932741,LeaderAccept
1785244932760,false,1785244932802,LeaderAccept
1785244932822,false,1785244932863,LeaderAccept
1785244932886,true,1785244932928,LeaderAccept
1785244932953,false,1785244932994,LeaderAccept
1785244933022,false,1785244933064,LeaderAccept
1785244933093,false,1785244933134,LeaderAccept
1785244933166,false,1785244933207,LeaderAccept
1785244933242,false,1785244933285,LeaderAccept
1785244933322,false,1785244933364,LeaderAccept
1785244933405,true,1785244933447,LeaderAccept
1785244933491,true,1785244933532,LeaderAccept
1785244933580,true,1785244933621,LeaderAccept
1785244933673,false,1785244933716,LeaderAccept
1785244933771,true,1785244933812,LeaderAccept
1785244933873,false,1785244933915,LeaderAccept
1785244933981,false,1785244934023,LeaderAccept
1785244934095,true,1785244934137,LeaderAccept
1785244934216,true,1785244934258,LeaderAccept
1785244934344,false,1785244934386,LeaderAccept
1785244934481,false,1785244934524,LeaderAccept
1785244934627,false,1785244934668,LeaderAccept
1785244934784,false,1785244934825,LeaderAccept
1785244934953,false,1785244934995,LeaderAccept
1785244935137,true,1785244935179,LeaderAccept
1785244935339,true,1785244935381,LeaderAccept
1785244935563,false,1785244935604,LeaderAccept
1785244935813,false,1785244935853,LeaderAccept
1785244936095,true,1785244936136,LeaderAccept
1785244936420,false,1785244936462,LeaderAccept
1785244936803,false,1785244936845,LeaderAccept
1785244937266,false,1785244937308,LeaderAccept
1785244937849,true,1785244937891,LeaderAccept
1785244938629,false,1785244938667,FastAccept
1785244939781,false,1785244939835,SlowAccept
1785244941828,true,1785244941867,FastAccept
1785244947527,false,1785244947566,FastAccept
1785244952098,true,1785244952137,FastAccept
1785244952125,true,1785244952165,FastAccept
1785244952151,false,1785244952191,FastAccept
1785244952179,false,1785244952218,FastAccept
1785244952207,false,1785244952246,FastAccept
1785244952235,false,1785244952274,FastAccept
1785244952264,false,1785244952303,FastAccept
1785244952293,true,1785244952333,FastAccept
1785244952323,true,1785244952362,FastAccept
1785244952353,false,1785244952392,FastAccept
1785244952383,true,1785244952422,FastAccept
1785244952413,true,1785244952452,FastAccept
1785244952444,true,1785244952482,FastAccept
1785244952475,false,1785244952513,FastAccept
1785244952507,true,1785244952545,FastAccept
1785244952539,false,1785244952577,FastAccept
1785244952572,true,1785244952611,FastAccept
1785244952606,true,1785244952644,FastAccept
1785244952640,false,1785244952679,FastAccept
1785244952675,true,1785244952713,FastAccept
1785244952710,true,1785244952748,FastAccept
1785244952746,false,1785244952784,FastAccept
1785244952782,true,1785244952820,FastAccept
1785244952819,true,1785244952857,FastAccept
1785244952856,true,1785244952895,FastAccept
1785244952895,true,1785244952934,FastAccept
1785244952933,true,1785244952972,FastAccept
1785244952973,true,1785244953012,FastAccept
1785244953014,false,1785244953053,FastAccept
1785244953056,false,1785244953094,FastAccept
1785244953098,false,1785244953137,FastAccept
1785244953141,false,1785244953180,FastAccept
1785244953185,true,1785244953224,FastAccept
1785244953230,true,1785244953269,FastAccept
1785244953276,false,1785244953315,FastAccept
1785244953323,true,1785244953365,FastAccept
1785244953371,false,1785244953409,FastAccept
1785244953420,true,1785244953459,FastAccept
1785244953470,false,1785244953509,FastAccept
1785244953522,false,1785244953560,FastAccept
1785244953575,true,1785244953613,FastAccept
1785244953629,true,1785244953685,LeaderAccept
1785244953685,false,1785244953725,LeaderAccept
1785244953742,true,1785244953784,LeaderAccept
1785244953801,true,1785244953841,LeaderAccept
1785244953861,true,1785244953902,LeaderAccept
1785244953924,false,1785244953965,LeaderAccept
1785244953988,true,1785244954029,LeaderAccept
1785244954053,false,1785244954096,LeaderAccept
1785244954122,true,1785244954163,LeaderAccept
1785244954193,false,1785244954234,LeaderAccept
1785244954267,true,1785244954309,LeaderAccept
1785244954343,false,1785244954385,LeaderAccept
1785244954422,false,1785244954463,LeaderAccept
1785244954505,true,1785244954547,LeaderAccept
1785244954591,true,1785244954631,LeaderAccept
1785244954680,false,1785244954721,LeaderAccept
1785244954773,true,1785244954814,LeaderAccept
1785244954871,false,1785244954913,LeaderAccept
1785244954974,false,1785244955015,LeaderAccept
1785244955082,true,1785244955123,LeaderAccept
1785244955196,true,1785244955238,LeaderAccept
1785244955317,true,1785244955358,LeaderAccept
1785244955445,true,1785244955487,LeaderAccept
1785244955582,true,1785244955624,LeaderAccept
1785244955729,false,1785244955770,LeaderAccept
1785244955886,true,1785244955927,LeaderAccept
1785244956055,false,1785244956096,LeaderAccept
1785244956239,true,1785244956281,LeaderAccept
1785244956442,false,1785244956484,LeaderAccept
1785244956666,true,1785244956708,LeaderAccept
1785244956917,false,1785244956960,LeaderAccept
1785244957201,false,1785244957243,LeaderAccept
1785244957528,false,1785244957570,LeaderAccept
1785244957913,false,1785244957954,LeaderAccept
1785244958379,true,1785244958421,LeaderAccept
1785244958968,false,1785244959009,LeaderAccept
1785244959757,true,1785244959799,LeaderAccept
1785244960926,true,1785244960968,LeaderAccept
1785244963025,false,1785244963064,FastAccept
1785244969016,true,1785244969055,FastAccept
1785245001296,false,1785245001335,FastAccept
1785245001331,true,1785245001370,FastAccept
1785245001366,false,1785245001405,FastAccept
1785245001402,true,1785245001440,FastAccept
1785245001439,false,1785245001478,FastAccept
1785245001477,false,1785245001515,FastAccept
1785245001515,true,1785245001553,FastAccept
1785245001553,false,1785245001592,FastAccept
1785245001593,false,1785245001632,FastAccept
1785245001633,false,1785245001672,FastAccept
1785245001674,true,1785245001712,FastAccept
1785245001716,false,1785245001761,FastAccept
1785245001758,true,1785245001811,LeaderAccept
1785245001802,false,1785245001841,FastAccept
1785245001846,false,1785245001885,FastAccept
1785245001892,true,1785245001932,FastAccept
1785245001939,false,1785245001978,FastAccept
1785245001987,true,1785245002026,FastAccept
1785245002036,true,1785245002075,FastAccept
1785245002086,true,1785245002125,FastAccept
1785245002137,false,1785245002176,FastAccept
1785245002190,true,1785245002228,FastAccept
1785245002243,true,1785245002282,FastAccept
1785245002298,false,1785245002336,FastAccept
1785245002354,true,1785245002393,FastAccept
1785245002412,true,1785245002451,FastAccept
1785245002472,true,1785245002511,FastAccept
1785245002534,true,1785245002574,FastAccept
1785245002598,true,1785245002637,FastAccept
1785245002664,true,1785245002703,FastAccept
1785245002732,false,1785245002772,FastAccept
1785245002803,true,1785245002842,FastAccept
1785245002876,true,1785245002915,FastAccept
1785245002952,true,1785245002991,FastAccept
1785245003031,false,1785245003069,FastAccept
1785245003112,true,1785245003168,LeaderAccept
1785245003196,false,1785245003235,FastAccept
1785245003284,false,1785245003324,FastAccept
1785245003376,true,1785245003415,FastAccept
1785245003472,true,1785245003511,FastAccept
1785245003573,true,1785245003612,FastAccept
1785245003680,false,1785245003718,FastAccept
1785245003792,true,1785245003830,FastAccept
1785245003910,true,1785245003949,FastAccept
1785245004035,true,1785245004074,FastAccept
1785245004168,true,1785245004207,FastAccept
1785245004311,true,1785245004350,FastAccept
1785245004464,false,1785245004503,FastAccept
1785245004630,true,1785245004669,FastAccept
1785245004809,false,1785245004847,FastAccept
1785245005005,false,1785245005043,FastAccept
1785245005221,false,1785245005260,FastAccept
1785245005462,true,1785245005501,FastAccept
1785245005734,true,1785245005773,FastAccept
1785245006044,true,1785245006082,FastAccept
1785245006406,true,1785245006445,FastAccept
1785245006840,true,1785245006879,FastAccept
1785245007380,true,1785245007419,FastAccept
1785245008086,false,1785245008125,FastAccept
1785245009090,true,1785245009129,FastAccept
1785245010748,false,1785245010787,FastAccept
1785245014544,false,1785245014611,LeaderAccept
1785245032670,true,1785245032709,FastAccept
1785245032709,true,1785245032748,FastAccept
1785245032749,true,1785245032788,FastAccept
1785245032790,false,1785245032829,FastAccept
1785245032831,true,1785245032869,FastAccept
1785245032873,false,1785245032911,FastAccept
1785245032916,true,1785245032955,FastAccept
1785245032961,false,1785245033000,FastAccept
1785245033006,false,1785245033044,FastAccept
1785245033052,false,1785245033091,FastAccept
1785245033099,false,1785245033138,FastAccept
1785245033147,true,1785245033186,FastAccept
1785245033196,false,1785245033235,FastAccept
1785245033247,false,1785245033286,FastAccept
1785245033298,true,1785245033337,FastAccept
1785245033352,false,1785245033390,FastAccept
1785245033406,false,1785245033444,FastAccept
1785245033462,true,1785245033501,FastAccept
1785245033519,true,1785245033558,FastAccept
1785245033578,false,1785245033617,FastAccept
1785245033639,false,1785245033678,FastAccept
1785245033702,false,1785245033741,FastAccept
1785245033766,true,1785245033805,FastAccept
1785245033833,false,1785245033872,FastAccept
1785245033902,true,1785245033941,FastAccept
1785245033974,false,1785245034014,FastAccept
1785245034048,true,1785245034087,FastAccept
1785245034125,true,1785245034164,FastAccept
1785245034205,false,1785245034244,FastAccept
1785245034287,false,1785245034327,FastAccept
1785245034374,true,1785245034412,FastAccept
1785245034464,false,1785245034502,FastAccept
1785245034558,true,1785245034597,FastAccept
1785245034657,true,1785245034696,FastAccept
1785245034761,true,1785245034799,FastAccept
1785245034870,false,1785245034909,FastAccept
1785245034985,false,1785245035024,FastAccept
1785245035107,false,1785245035146,FastAccept
1785245035237,true,1785245035275,FastAccept
1785245035375,true,1785245035414,FastAccept
1785245035523,false,1785245035562,FastAccept
1785245035682,true,1785245035721,FastAccept
1785245035854,true,1785245035893,FastAccept
1785245036042,false,1785245036081,FastAccept
1785245036248,true,1785245036288,FastAccept
1785245036476,false,1785245036514,FastAccept
1785245036731,true,1785245036770,FastAccept
1785245037021,false,1785245037060,FastAccept
1785245037356,true,1785245037395,FastAccept
1785245037752,false,1785245037806,LeaderAccept
1785245038234,true,1785245038274,FastAccept
1785245038848,true,1785245038887,FastAccept
1785245039681,false,1785245039719,FastAccept
1785245040944,false,1785245040983,FastAccept
1785245043318,false,1785245043357,FastAccept
1785245051095,false,1785245051136,LeaderAccept
1785245068444,false,1785245068485,LeaderAccept
1785245068466,true,1785245068507,LeaderAccept
1785245068489,true,1785245068535,LeaderAccept
1785245068512,true,1785245068554,LeaderAccept
1785245068535,true,1785245068576,LeaderAccept
1785245068559,true,1785245068600,LeaderAccept
1785245068583,false,1785245068624,LeaderAccept
1785245068607,true,1785245068648,LeaderAccept
1785245068632,true,1785245068673,LeaderAccept
1785245068656,true,1785245068697,LeaderAccept
1785245068680,false,1785245068721,LeaderAccept
1785245068705,true,1785245068746,LeaderAccept
1785245068730,false,1785245068771,LeaderAccept
1785245068756,false,1785245068797,LeaderAccept
1785245068782,false,1785245068822,LeaderAccept
1785245068808,false,1785245068849,LeaderAccept
1785245068835,false,1785245068876,LeaderAccept
1785245068862,true,1785245068904,LeaderAccept
1785245068890,true,1785245068931,LeaderAccept
1785245068918,true,1785245068959,LeaderAccept
1785245068946,false,1785245068988,LeaderAccept
1785245068974,false,1785245069015,LeaderAccept
1785245069003,false,1785245069044,LeaderAccept
1785245069033,false,1785245069073,LeaderAccept
1785245069062,false,1785245069103,LeaderAccept
1785245069093,true,1785245069133,LeaderAccept
1785245069123,true,1785245069163,LeaderAccept
1785245069154,true,1785245069195,LeaderAccept
1785245069184,false,1785245069226,LeaderAccept
1785245069217,false,1785245069259,LeaderAccept
1785245069250,false,1785245069292,LeaderAccept
1785245069283,false,1785245069325,LeaderAccept
1785245069317,true,1785245069359,LeaderAccept
1785245069351,false,1785245069392,LeaderAccept
1785245069386,true,1785245069427,LeaderAccept
1785245069421,false,1785245069462,LeaderAccept
1785245069456,true,1785245069497,LeaderAccept
1785245069492,true,1785245069534,LeaderAccept
1785245069530,true,1785245069571,LeaderAccept
1785245069568,true,1785245069609,LeaderAccept
1785245069607,false,1785245069648,LeaderAccept
1785245069646,true,1785245069687,LeaderAccept
1785245069686,false,1785245069728,LeaderAccept
1785245069727,false,1785245069768,LeaderAccept
1785245069768,false,1785245069810,LeaderAccept
1785245069811,true,1785245069852,LeaderAccept
1785245069854,true,1785245069895,LeaderAccept
1785245069898,false,1785245069940,LeaderAccept
1785245069944,false,1785245069985,LeaderAccept
1785245069990,true,1785245070031,LeaderAccept
1785245070037,false,1785245070078,LeaderAccept
1785245070085,false,1785245070127,LeaderAccept
1785245070135,true,1785245070176,LeaderAccept
1785245070186,false,1785245070228,LeaderAccept
1785245070239,false,1785245070280,LeaderAccept
1785245070292,false,1785245070334,LeaderAccept
1785245070346,false,1785245070387,LeaderAccept
1785245070402,true,1785245070444,LeaderAccept
1785245070460,true,1785245070501,LeaderAccept
1785245070520,false,1785245070561,LeaderAccept
1785245070581,true,1785245070623,LeaderAccept
1785245070645,false,1785245070687,LeaderAccept
1785245070710,false,1785245070751,LeaderAccept
1785245070777,false,1785245070820,LeaderAccept
1785245070847,false,1785245070889,LeaderAccept
1785245070919,false,1785245070960,LeaderAccept
1785245070994,true,1785245071035,LeaderAccept
1785245071071,false,1785245071113,LeaderAccept
1785245071152,true,1785245071193,LeaderAccept
1785245071235,true,1785245071277,LeaderAccept
1785245071323,false,1785245071365,LeaderAccept
1785245071414,true,1785245071456,LeaderAccept
1785245071509,true,1785245071550,LeaderAccept
1785245071609,false,1785245071649,LeaderAccept
1785245071714,true,1785245071755,LeaderAccept
1785245071824,false,1785245071865,LeaderAccept
1785245071941,false,1785245071981,LeaderAccept
1785245072064,true,1785245072105,LeaderAccept
1785245072195,false,1785245072237,LeaderAccept
1785245072335,false,1785245072376,LeaderAccept
1785245072485,true,1785245072527,LeaderAccept
1785245072647,true,1785245072688,LeaderAccept
1785245072822,true,1785245072863,LeaderAccept
1785245073013,false,1785245073055,LeaderAccept
1785245073224,true,1785245073265,LeaderAccept
1785245073458,true,1785245073500,LeaderAccept
1785245073721,false,1785245073762,LeaderAccept
1785245074020,false,1785245074061,LeaderAccept
1785245074367,false,1785245074408,LeaderAccept
1785245074779,false,1785245074820,LeaderAccept
1785245075285,false,1785245075326,LeaderAccept
1785245075937,true,1785245075979,LeaderAccept
1785245076840,true,1785245076881,LeaderAccept
1785245078258,false,1785245078300,LeaderAccept
1785245080611,true,1785245080701,LeaderAccept
1785245080631,false,1785245080695,SlowAccept
1785245080651,false,1785245080695,FastAccept
1785245080671,false,1785245080727,LeaderAccept
1785245080692,true,1785245080747,LeaderAccept
1785245080713,false,1785245080754,LeaderAccept
1785245080734,false,1785245080775,LeaderAccept
1785245080754,false,1785245080795,LeaderAccept
1785245080776,true,1785245080817,LeaderAccept
1785245080798,true,1785245080839,LeaderAccept
1785245080820,true,1785245080861,LeaderAccept
1785245080842,false,1785245080884,LeaderAccept
1785245080864,false,1785245080905,LeaderAccept
1785245080886,true,1785245080928,LeaderAccept
1785245080909,false,1785245080951,LeaderAccept
1785245080932,true,1785245080973,LeaderAccept
1785245080955,true,1785245080996,LeaderAccept
1785245080978,false,1785245081019,LeaderAccept
1785245081001,true,1785245081043,LeaderAccept
1785245081025,true,1785245081066,LeaderAccept
1785245081049,false,1785245081090,LeaderAccept
1785245081073,true,1785245081115,LeaderAccept
1785245081098,true,1785245081139,LeaderAccept
1785245081123,true,1785245081164,LeaderAccept
1785245081148,false,1785245081190,LeaderAccept
1785245081173,false,1785245081215,LeaderAccept
1785245081200,true,1785245081241,LeaderAccept
1785245081226,true,1785245081267,LeaderAccept
1785245081251,false,1785245081293,LeaderAccept
1785245081279,true,1785245081320,LeaderAccept
1785245081306,false,1785245081348,LeaderAccept
1785245081334,false,1785245081376,LeaderAccept
1785245081362,true,1785245081404,LeaderAccept
1785245081390,false,1785245081432,LeaderAccept
1785245081419,true,1785245081461,LeaderAccept
1785245081448,false,1785245081489,LeaderAccept
1785245081478,true,1785245081519,LeaderAccept
1785245081507,true,1785245081549,LeaderAccept
1785245081537,false,1785245081579,LeaderAccept
1785245081568,true,1785245081610,LeaderAccept
1785245081600,true,1785245081642,LeaderAccept
1785245081632,true,1785245081674,LeaderAccept
1785245081665,true,1785245081706,LeaderAccept
1785245081698,false,1785245081739,LeaderAccept
1785245081731,true,1785245081772,LeaderAccept
1785245081765,true,1785245081806,LeaderAccept
1785245081800,false,1785245081841,LeaderAccept
1785245081835,false,1785245081876,LeaderAccept
1785245081870,false,1785245081911,LeaderAccept
1785245081907,true,1785245081949,LeaderAccept
1785245081944,true,1785245081986,LeaderAccept
1785245081982,false,1785245082023,LeaderAccept
1785245082021,false,1785245082062,LeaderAccept
1785245082060,false,1785245082102,LeaderAccept
1785245082100,true,1785245082141,LeaderAccept
1785245082141,true,1785245082182,LeaderAccept
1785245082182,false,1785245082223,LeaderAccept
1785245082224,true,1785245082266,LeaderAccept
1785245082268,true,1785245082310,LeaderAccept
1785245082312,true,1785245082354,LeaderAccept
1785245082358,true,1785245082399,LeaderAccept
1785245082404,true,1785245082445,LeaderAccept
1785245082450,true,1785245082492,LeaderAccept
1785245082499,false,1785245082540,LeaderAccept
1785245082549,true,1785245082590,LeaderAccept
1785245082599,true,1785245082640,LeaderAccept
1785245082651,true,1785245082693,LeaderAccept
1785245082705,false,1785245082747,LeaderAccept
1785245082760,false,1785245082801,LeaderAccept
1785245082816,true,1785245082858,LeaderAccept
1785245082874,false,1785245082915,LeaderAccept
1785245082933,false,1785245082975,LeaderAccept
1785245082995,false,1785245083037,LeaderAccept
1785245083059,true,1785245083101,LeaderAccept
1785245083124,true,1785245083165,LeaderAccept
1785245083190,true,1785245083232,LeaderAccept
1785245083260,true,1785245083302,LeaderAccept
1785245083332,true,1785245083373,LeaderAccept
1785245083407,true,1785245083448,LeaderAccept
1785245083484,false,1785245083525,LeaderAccept
1785245083564,false,1785245083605,LeaderAccept
1785245083647,false,1785245083689,LeaderAccept
1785245083734,false,1785245083775,LeaderAccept
1785245083825,false,1785245083866,LeaderAccept
1785245083920,false,1785245083962,LeaderAccept
1785245084020,false,1785245084061,LeaderAccept
1785245084124,true,1785245084166,LeaderAccept
1785245084235,true,1785245084277,LeaderAccept
1785245084351,true,1785245084393,LeaderAccept
1785245084474,true,1785245084515,LeaderAccept
1785245084605,true,1785245084646,LeaderAccept
1785245084744,true,1785245084786,LeaderAccept
1785245084894,true,1785245084936,LeaderAccept
1785245085055,false,1785245085097,LeaderAccept
1785245085230,false,1785245085272,LeaderAccept
1785245085421,true,1785245085462,LeaderAccept
1785245085630,true,1785245085671,LeaderAccept
1785245085862,true,1785245085904,LeaderAccept
1785245086123,false,1785245086165,LeaderAccept
1785245086420,true,1785245086462,LeaderAccept
1785245086765,false,1785245086806,LeaderAccept
1785245087174,true,1785245087215,LeaderAccept
1785245087676,false,1785245087718,LeaderAccept
1785245088320,true,1785245088361,LeaderAccept
1785245089209,false,1785245089251,LeaderAccept
1785245090595,true,1785245090636,LeaderAccept
1785245093365,true,1785245093404,FastAccept
1785245099423,true,1785245099462,FastAccept
1785245099444,false,1785245099483,FastAccept
1785245099466,false,1785245099512,FastAccept
1785245099487,true,1785245099526,FastAccept
1785245099509,false,1785245099564,LeaderAccept
1785245099531,true,1785245099590,LeaderAccept
1785245099554,true,1785245099610,LeaderAccept
1785245099576,false,1785245099618,LeaderAccept
1785245099599,true,1785245099640,LeaderAccept
1785245099622,true,1785245099664,LeaderAccept
1785245099645,true,1785245099687,LeaderAccept
1785245099669,false,1785245099711,LeaderAccept
1785245099693,true,1785245099734,LeaderAccept
1785245099717,true,1785245099759,LeaderAccept
1785245099742,false,1785245099784,LeaderAccept
1785245099767,true,1785245099808,LeaderAccept
1785245099792,false,1785245099833,LeaderAccept
1785245099817,true,1785245099858,LeaderAccept
1785245099843,true,1785245099884,LeaderAccept
1785245099869,false,1785245099911,LeaderAccept
1785245099896,true,1785245099937,LeaderAccept
1785245099923,false,1785245099965,LeaderAccept
1785245099950,true,1785245099991,LeaderAccept
1785245099978,false,1785245100020,LeaderAccept
1785245100005,false,1785245100046,LeaderAccept
1785245100034,false,1785245100076,LeaderAccept
1785245100063,false,1785245100104,LeaderAccept
1785245100092,true,1785245100134,LeaderAccept
1785245100122,false,1785245100164,LeaderAccept
1785245100152,false,1785245100193,LeaderAccept
1785245100182,true,1785245100224,LeaderAccept
1785245100213,false,1785245100254,LeaderAccept
1785245100244,true,1785245100286,LeaderAccept
1785245100276,false,1785245100317,LeaderAccept
1785245100308,true,1785245100350,LeaderAccept
1785245100340,false,1785245100381,LeaderAccept
1785245100373,true,1785245100414,LeaderAccept
1785245100406,true,1785245100447,LeaderAccept
1785245100440,true,1785245100481,LeaderAccept
1785245100474,true,1785245100515,LeaderAccept
1785245100509,false,1785245100550,LeaderAccept
1785245100545,true,1785245100587,LeaderAccept
1785245100581,false,1785245100623,LeaderAccept
1785245100619,false,1785245100661,LeaderAccept
1785245100656,true,1785245100698,LeaderAccept
1785245100695,false,1785245100737,LeaderAccept
1785245100734,false,1785245100777,LeaderAccept
1785245100774,false,1785245100816,LeaderAccept
1785245100814,true,1785245100855,LeaderAccept
1785245100855,true,1785245100896,LeaderAccept
1785245100896,false,1785245100938,LeaderAccept
1785245100940,false,1785245100982,LeaderAccept
1785245100984,true,1785245101026,LeaderAccept
1785245101029,false,1785245101070,LeaderAccept
1785245101075,true,1785245101116,LeaderAccept
1785245101122,true,1785245101164,LeaderAccept
1785245101171,true,1785245101213,LeaderAccept
1785245101221,true,1785245101263,LeaderAccept
1785245101272,false,1785245101314,LeaderAccept
1785245101324,true,1785245101366,LeaderAccept
1785245101378,false,1785245101420,LeaderAccept
1785245101432,true,1785245101473,LeaderAccept
1785245101488,false,1785245101530,LeaderAccept
1785245101546,false,1785245101588,LeaderAccept
1785245101606,false,1785245101647,LeaderAccept
1785245101667,true,1785245101708,LeaderAccept
1785245101730,true,1785245101771,LeaderAccept
1785245101795,true,1785245101836,LeaderAccept
1785245101862,false,1785245101904,LeaderAccept
1785245101931,false,1785245101973,LeaderAccept
1785245102003,true,1785245102045,LeaderAccept
1785245102078,false,1785245102120,LeaderAccept
1785245102155,false,1785245102197,LeaderAccept
1785245102235,true,1785245102277,LeaderAccept
1785245102318,false,1785245102360,LeaderAccept
1785245102405,true,1785245102447,LeaderAccept
1785245102496,false,1785245102538,LeaderAccept
1785245102591,false,1785245102633,LeaderAccept
1785245102691,false,1785245102733,LeaderAccept
1785245102796,false,1785245102838,LeaderAccept
1785245102906,false,1785245102947,LeaderAccept
1785245103022,true,1785245103063,LeaderAccept
1785245103144,true,1785245103186,LeaderAccept
1785245103275,false,1785245103316,LeaderAccept
1785245103414,true,1785245103456,LeaderAccept
1785245103564,false,1785245103605,LeaderAccept
1785245103724,false,1785245103766,LeaderAccept
1785245103898,false,1785245103941,LeaderAccept
1785245104088,false,1785245104130,LeaderAccept
1785245104297,false,1785245104339,LeaderAccept
1785245104528,false,1785245104570,LeaderAccept
1785245104787,false,1785245104829,LeaderAccept
1785245105082,false,1785245105120,FastAccept
1785245105423,false,1785245105477,SlowAccept
1785245105827,true,1785245105870,LeaderAccept
1785245106323,false,1785245106366,LeaderAccept
1785245106958,false,1785245106999,LeaderAccept
1785245107828,false,1785245107869,LeaderAccept
1785245109173,true,1785245109216,LeaderAccept
1785245111806,false,1785245111846,FastAccept
1785245121627,false,1785245121666,FastAccept
1785245132872,false,1785245132912,LeaderAccept
1785245132895,true,1785245132936,LeaderAccept
1785245132918,false,1785245132964,LeaderAccept
1785245132940,true,1785245132982,LeaderAccept
1785245132964,true,1785245133004,LeaderAccept
1785245132988,true,1785245133029,LeaderAccept
1785245133012,false,1785245133052,LeaderAccept
1785245133036,false,1785245133076,LeaderAccept
1785245133060,false,1785245133102,LeaderAccept
1785245133086,false,1785245133127,LeaderAccept
1785245133111,false,1785245133152,LeaderAccept
1785245133137,true,1785245133178,LeaderAccept
1785245133163,true,1785245133204,LeaderAccept
1785245133190,false,1785245133231,LeaderAccept
1785245133215,true,1785245133257,LeaderAccept
1785245133243,false,1785245133284,LeaderAccept
1785245133271,false,1785245133311,LeaderAccept
1785245133298,false,1785245133339,LeaderAccept
1785245133326,true,1785245133367,LeaderAccept
1785245133355,true,1785245133396,LeaderAccept
1785245133384,false,1785245133426,LeaderAccept
1785245133414,true,1785245133455,LeaderAccept
1785245133444,false,1785245133485,LeaderAccept
1785245133474,false,1785245133515,LeaderAccept
1785245133504,false,1785245133545,LeaderAccept
1785245133535,false,1785245133576,LeaderAccept
1785245133567,false,1785245133609,LeaderAccept
1785245133600,true,1785245133642,LeaderAccept
1785245133633,false,1785245133674,LeaderAccept
1785245133666,true,1785245133707,LeaderAccept
1785245133699,true,1785245133741,LeaderAccept
1785245133734,false,1785245133776,LeaderAccept
1785245133769,true,1785245133810,LeaderAccept
1785245133804,true,1785245133845,LeaderAccept
1785245133839,true,1785245133881,LeaderAccept
1785245133876,false,1785245133917,LeaderAccept
1785245133913,true,1785245133954,LeaderAccept
1785245133951,false,1785245133992,LeaderAccept
1785245133990,false,1785245134032,LeaderAccept
1785245134029,true,1785245134070,LeaderAccept
1785245134069,true,1785245134110,LeaderAccept
1785245134110,true,1785245134152,LeaderAccept
1785245134152,true,1785245134193,LeaderAccept
1785245134194,true,1785245134235,LeaderAccept
1785245134237,false,1785245134279,LeaderAccept
1785245134282,true,1785245134323,LeaderAccept
1785245134327,true,1785245134369,LeaderAccept
1785245134374,true,1785245134415,LeaderAccept
1785245134422,true,1785245134463,LeaderAccept
1785245134469,false,1785245134511,LeaderAccept
1785245134518,false,1785245134560,LeaderAccept
1785245134569,false,1785245134610,LeaderAccept
1785245134620,false,1785245134662,LeaderAccept
1785245134674,true,1785245134716,LeaderAccept
1785245134729,false,1785245134770,LeaderAccept
1785245134785,true,1785245134826,LeaderAccept
1785245134843,true,1785245134885,LeaderAccept
1785245134903,true,1785245134945,LeaderAccept
1785245134965,false,1785245135007,LeaderAccept
1785245135028,false,1785245135069,LeaderAccept
1785245135093,false,1785245135134,LeaderAccept
1785245135160,false,1785245135201,LeaderAccept
1785245135228,false,1785245135270,LeaderAccept
1785245135301,false,1785245135342,LeaderAccept
1785245135376,false,1785245135418,LeaderAccept
1785245135454,false,1785245135496,LeaderAccept
1785245135535,true,1785245135577,LeaderAccept
1785245135619,true,1785245135660,LeaderAccept
1785245135705,true,1785245135748,LeaderAccept
1785245135797,true,1785245135839,LeaderAccept
1785245135893,true,1785245135935,LeaderAccept
1785245135993,false,1785245136035,LeaderAccept
1785245136098,false,1785245136140,LeaderAccept
1785245136209,false,1785245136251,LeaderAccept
1785245136326,true,1785245136368,LeaderAccept
1785245136450,false,1785245136491,LeaderAccept
1785245136582,true,1785245136624,LeaderAccept
1785245136722,false,1785245136764,LeaderAccept
1785245136873,false,1785245136915,LeaderAccept
1785245137035,false,1785245137077,LeaderAccept
1785245137212,true,1785245137253,LeaderAccept
1785245137404,true,1785245137446,LeaderAccept
1785245137616,true,1785245137658,LeaderAccept
1785245137851,true,1785245137893,LeaderAccept
1785245138115,false,1785245138157,LeaderAccept
1785245138417,false,1785245138456,FastAccept
1785245138767,false,1785245138806,FastAccept
1785245139185,true,1785245139224,FastAccept
1785245139699,false,1785245139737,FastAccept
1785245140362,true,1785245140401,FastAccept
1785245141287,false,1785245141325,FastAccept
1785245142754,false,1785245142793,FastAccept
1785245145809,false,1785245145850,LeaderAccept
1785245151745,true,1785245151784,FastAccept
1785245151768,false,1785245151807,FastAccept
1785245151791,false,1785245151830,FastAccept
1785245151815,true,1785245151854,FastAccept
1785245151839,false,1785245151877,FastAccept
1785245151863,false,1785245151902,FastAccept
1785245151888,true,1785245151926,FastAccept
1785245151912,false,1785245151951,FastAccept
1785245151938,true,1785245151976,FastAccept
1785245151963,true,1785245152002,FastAccept
1785245151989,true,1785245152027,FastAccept
1785245152015,true,1785245152054,FastAccept
1785245152040,true,1785245152079,FastAccept
1785245152067,false,1785245152106,FastAccept
1785245152093,false,1785245152132,FastAccept
1785245152121,false,1785245152159,FastAccept
1785245152148,true,1785245152186,FastAccept
1785245152175,true,1785245152214,FastAccept
1785245152204,true,1785245152242,FastAccept
1785245152233,false,1785245152272,FastAccept
1785245152262,true,1785245152301,FastAccept
1785245152291,true,1785245152330,FastAccept
1785245152321,false,1785245152360,FastAccept
1785245152352,false,1785245152391,FastAccept
1785245152383,true,1785245152448,LeaderAccept
1785245152414,false,1785245152474,LeaderAccept
1785245152446,true,1785245152494,LeaderAccept
1785245152478,true,1785245152520,LeaderAccept
1785245152511,false,1785245152552,LeaderAccept
1785245152545,true,1785245152586,LeaderAccept
1785245152579,true,1785245152620,LeaderAccept
1785245152613,true,1785245152654,LeaderAccept
1785245152648,true,1785245152689,LeaderAccept
1785245152683,false,1785245152724,LeaderAccept
1785245152718,true,1785245152760,LeaderAccept
1785245152755,true,1785245152797,LeaderAccept
1785245152793,false,1785245152834,LeaderAccept
1785245152831,false,1785245152873,LeaderAccept
1785245152870,false,1785245152911,LeaderAccept
1785245152909,true,1785245152950,LeaderAccept
1785245152949,true,1785245152990,LeaderAccept
1785245152990,true,1785245153031,LeaderAccept
1785245153032,false,1785245153073,LeaderAccept
1785245153074,false,1785245153115,LeaderAccept
1785245153118,true,1785245153160,LeaderAccept
1785245153163,true,1785245153204,LeaderAccept
1785245153209,false,1785245153251,LeaderAccept
1785245153256,true,1785245153298,LeaderAccept
1785245153304,false,1785245153346,LeaderAccept
1785245153353,false,1785245153395,LeaderAccept
1785245153403,false,1785245153446,LeaderAccept
1785245153455,false,1785245153496,LeaderAccept
1785245153508,true,1785245153550,LeaderAccept
1785245153562,true,1785245153603,LeaderAccept
1785245153617,true,1785245153659,LeaderAccept
1785245153675,false,1785245153716,LeaderAccept
1785245153734,false,1785245153775,LeaderAccept
1785245153794,true,1785245153835,LeaderAccept
1785245153856,false,1785245153897,LeaderAccept
1785245153919,true,1785245153961,LeaderAccept
1785245153986,false,1785245154027,LeaderAccept
1785245154054,true,1785245154096,LeaderAccept
1785245154125,true,1785245154166,LeaderAccept
1785245154198,false,1785245154239,LeaderAccept
1785245154274,true,1785245154316,LeaderAccept
1785245154352,true,1785245154394,LeaderAccept
1785245154434,false,1785245154475,LeaderAccept
1785245154519,true,1785245154561,LeaderAccept
1785245154608,true,1785245154649,LeaderAccept
1785245154701,true,1785245154742,LeaderAccept
1785245154798,true,1785245154839,LeaderAccept
1785245154900,true,1785245154942,LeaderAccept
1785245155007,false,1785245155049,LeaderAccept
1785245155121,false,1785245155162,LeaderAccept
1785245155241,true,1785245155282,LeaderAccept
1785245155368,false,1785245155410,LeaderAccept
1785245155503,false,1785245155544,LeaderAccept
1785245155648,false,1785245155689,LeaderAccept
1785245155803,true,1785245155844,LeaderAccept
1785245155971,false,1785245156012,LeaderAccept
1785245156154,false,1785245156195,LeaderAccept
1785245156353,false,1785245156394,LeaderAccept
1785245156574,true,1785245156615,LeaderAccept
1785245156819,true,1785245156861,LeaderAccept
1785245157098,true,1785245157139,LeaderAccept
1785245157418,true,1785245157460,LeaderAccept
1785245157793,true,1785245157834,LeaderAccept
1785245158245,true,1785245158286,LeaderAccept
1785245158811,true,1785245158852,LeaderAccept
1785245159562,false,1785245159603,LeaderAccept
1785245160655,true,1785245160697,LeaderAccept
1785245162543,true,1785245162584,LeaderAccept
1785245167392,false,1785245167431,FastAccept
1785245204940,true,1785245204979,FastAccept
1785245204974,false,1785245205020,FastAccept
1785245205008,true,1785245205072,LeaderAccept
1785245205043,false,1785245205092,LeaderAccept
1785245205078,true,1785245205119,LeaderAccept
1785245205114,true,1785245205156,LeaderAccept
1785245205151,true,1785245205193,LeaderAccept
1785245205188,true,1785245205229,LeaderAccept
1785245205225,false,1785245205266,LeaderAccept
1785245205263,true,1785245205305,LeaderAccept
1785245205302,true,1785245205344,LeaderAccept
1785245205342,true,1785245205383,LeaderAccept
1785245205383,false,1785245205424,LeaderAccept
1785245205424,false,1785245205465,LeaderAccept
1785245205466,false,1785245205508,LeaderAccept
1785245205509,true,1785245205550,LeaderAccept
1785245205553,false,1785245205594,LeaderAccept
1785245205598,false,1785245205639,LeaderAccept
1785245205644,false,1785245205685,LeaderAccept
1785245205690,false,1785245205732,LeaderAccept
1785245205739,true,1785245205780,LeaderAccept
1785245205788,true,1785245205830,LeaderAccept
1785245205838,true,1785245205880,LeaderAccept
1785245205890,false,1785245205933,LeaderAccept
1785245205943,true,1785245205985,LeaderAccept
1785245205996,false,1785245206038,LeaderAccept
1785245206052,false,1785245206093,LeaderAccept
1785245206109,true,1785245206150,LeaderAccept
1785245206168,true,1785245206209,LeaderAccept
1785245206228,false,1785245206269,LeaderAccept
1785245206290,false,1785245206332,LeaderAccept
1785245206354,true,1785245206396,LeaderAccept
1785245206421,false,1785245206462,LeaderAccept
1785245206490,false,1785245206531,LeaderAccept
1785245206561,false,1785245206602,LeaderAccept
1785245206635,true,1785245206676,LeaderAccept
1785245206711,true,1785245206752,LeaderAccept
1785245206790,true,1785245206832,LeaderAccept
1785245206873,false,1785245206915,LeaderAccept
1785245206959,false,1785245207001,LeaderAccept
1785245207049,false,1785245207090,LeaderAccept
1785245207142,true,1785245207183,LeaderAccept
1785245207240,false,1785245207282,LeaderAccept
1785245207343,true,1785245207384,LeaderAccept
1785245207450,false,1785245207492,LeaderAccept
1785245207565,true,1785245207607,LeaderAccept
1785245207686,false,1785245207727,LeaderAccept
1785245207814,false,1785245207856,LeaderAccept
1785245207950,true,1785245207991,LeaderAccept
1785245208096,false,1785245208137,LeaderAccept
1785245208254,true,1785245208295,LeaderAccept
1785245208424,false,1785245208466,LeaderAccept
1785245208609,true,1785245208650,LeaderAccept
1785245208811,true,1785245208852,LeaderAccept
1785245209035,false,1785245209076,LeaderAccept
1785245209286,true,1785245209328,LeaderAccept
1785245209570,true,1785245209611,LeaderAccept
1785245209897,false,1785245209939,LeaderAccept
1785245210281,true,1785245210323,LeaderAccept
1785245210748,true,1785245210790,LeaderAccept
1785245211337,true,1785245211378,LeaderAccept
1785245212126,false,1785245212164,FastAccept
1785245213296,true,1785245213335,FastAccept
1785245215396,false,1785245215435,FastAccept
1785245221397,true,1785245221447,LeaderAccept
1785245270124,true,1785245270163,FastAccept
1785245270142,true,1785245270181,FastAccept
1785245270160,false,1785245270199,FastAccept
1785245270179,true,1785245270218,FastAccept
1785245270197,true,1785245270235,FastAccept
1785245270215,false,1785245270254,FastAccept
1785245270233,false,1785245270272,FastAccept
1785245270252,true,1785245270291,FastAccept
1785245270271,true,1785245270310,FastAccept
1785245270290,false,1785245270328,FastAccept
1785245270309,false,1785245270348,FastAccept
1785245270328,false,1785245270367,FastAccept
1785245270348,false,1785245270387,FastAccept
1785245270367,false,1785245270406,FastAccept
1785245270388,true,1785245270427,FastAccept
1785245270408,true,1785245270447,FastAccept
1785245270428,true,1785245270467,FastAccept
1785245270449,true,1785245270488,FastAccept
1785245270470,false,1785245270509,FastAccept
1785245270491,true,1785245270529,FastAccept
1785245270512,false,1785245270550,FastAccept
1785245270533,true,1785245270571,FastAccept
1785245270554,false,1785245270593,FastAccept
1785245270576,true,1785245270615,FastAccept
1785245270598,true,1785245270637,FastAccept
1785245270620,false,1785245270658,FastAccept
1785245270642,false,1785245270681,FastAccept
1785245270665,true,1785245270704,FastAccept
1785245270688,false,1785245270727,FastAccept
1785245270711,true,1785245270751,FastAccept
1785245270735,true,1785245270774,FastAccept
1785245270759,true,1785245270798,FastAccept
1785245270783,false,1785245270821,FastAccept
1785245270807,true,1785245270846,FastAccept
1785245270832,true,1785245270871,FastAccept
1785245270857,false,1785245270896,FastAccept
1785245270882,false,1785245270921,FastAccept
1785245270908,false,1785245270947,FastAccept
1785245270933,true,1785245270972,FastAccept
1785245270960,false,1785245270999,FastAccept
1785245270986,true,1785245271024,FastAccept
1785245271012,true,1785245271051,FastAccept
1785245271039,true,1785245271077,FastAccept
1785245271066,true,1785245271105,FastAccept
1785245271094,false,1785245271133,FastAccept
1785245271123,false,1785245271162,FastAccept
1785245271152,false,1785245271190,FastAccept
1785245271181,true,1785245271219,FastAccept
1785245271210,false,1785245271248,FastAccept
1785245271240,false,1785245271279,FastAccept
1785245271270,false,1785245271309,FastAccept
1785245271301,true,1785245271339,FastAccept
1785245271331,true,1785245271370,FastAccept
1785245271363,false,1785245271401,FastAccept
1785245271395,false,1785245271434,FastAccept
1785245271428,true,1785245271466,FastAccept
1785245271461,false,1785245271500,FastAccept
1785245271495,false,1785245271534,FastAccept
1785245271530,true,1785245271592,LeaderAccept
1785245271565,false,1785245271613,LeaderAccept
1785245271600,false,1785245271640,FastAccept
1785245271636,true,1785245271675,FastAccept
1785245271673,false,1785245271711,FastAccept
1785245271710,false,1785245271749,FastAccept
1785245271747,false,1785245271786,FastAccept
1785245271786,true,1785245271824,FastAccept
1785245271824,true,1785245271863,FastAccept
1785245271865,true,1785245271904,FastAccept
1785245271906,true,1785245271945,FastAccept
1785245271948,false,1785245271986,FastAccept
1785245271990,true,1785245272029,FastAccept
1785245272033,true,1785245272072,FastAccept
1785245272078,true,1785245272116,FastAccept
1785245272122,false,1785245272161,FastAccept
1785245272169,true,1785245272208,FastAccept
1785245272216,true,1785245272256,FastAccept
1785245272265,false,1785245272304,FastAccept
1785245272315,false,1785245272354,FastAccept
1785245272366,true,1785245272405,FastAccept
1785245272418,true,1785245272457,FastAccept
1785245272472,false,1785245272510,FastAccept
1785245272527,true,1785245272566,FastAccept
1785245272583,false,1785245272621,FastAccept
1785245272641,true,1785245272679,FastAccept
1785245272700,true,1785245272738,FastAccept
1785245272760,false,1785245272799,FastAccept
1785245272824,false,1785245272863,FastAccept
1785245272890,true,1785245272929,FastAccept
1785245272958,true,1785245272996,FastAccept
1785245273028,true,1785245273066,FastAccept
1785245273100,false,1785245273138,FastAccept
1785245273175,false,1785245273214,FastAccept
1785245273252,true,1785245273291,FastAccept
1785245273333,false,1785245273372,FastAccept
1785245273417,true,1785245273456,FastAccept
1785245273504,true,1785245273543,FastAccept
1785245273595,true,1785245273634,FastAccept
1785245273691,false,1785245273730,FastAccept
1785245273791,false,1785245273830,FastAccept
1785245273897,true,1785245273959,SlowAccept
1785245274008,false,1785245274048,LeaderAccept
1785245274125,false,1785245274166,LeaderAccept
1785245274249,false,1785245274291,LeaderAccept
1785245274381,true,1785245274423,LeaderAccept
1785245274522,false,1785245274564,LeaderAccept
1785245274673,true,1785245274715,LeaderAccept
1785245274836,false,1785245274878,LeaderAccept
1785245275012,false,1785245275054,LeaderAccept
1785245275205,false,1785245275247,LeaderAccept
1785245275417,false,1785245275459,LeaderAccept
1785245275653,false,1785245275695,LeaderAccept
1785245275919,true,1785245275961,LeaderAccept
1785245276221,false,1785245276263,LeaderAccept
1785245276574,true,1785245276615,LeaderAccept
1785245276993,true,1785245277034,LeaderAccept
1785245277510,false,1785245277552,LeaderAccept
1785245278180,false,1785245278221,LeaderAccept
1785245279115,true,1785245279153,FastAccept
1785245280606,false,1785245280645,FastAccept
1785245283750,true,1785245283789,FastAccept
1785245293250,true,1785245293289,FastAccept
1785245293267,false,1785245293306,FastAccept
1785245293283,true,1785245293321,FastAccept
1785245293300,true,1785245293338,FastAccept
1785245293317,true,1785245293356,FastAccept
1785245293334,false,1785245293372,FastAccept
1785245293350,false,1785245293389,FastAccept
1785245293368,false,1785245293406,FastAccept
1785245293385,false,1785245293424,FastAccept
1785245293403,true,1785245293442,FastAccept
1785245293421,true,1785245293460,FastAccept
1785245293439,true,1785245293478,FastAccept
1785245293457,true,1785245293495,FastAccept
1785245293475,true,1785245293514,FastAccept
1785245293493,true,1785245293531,FastAccept
1785245293511,false,1785245293549,FastAccept
1785245293529,false,1785245293567,FastAccept
1785245293547,true,1785245293586,FastAccept
1785245293566,true,1785245293604,FastAccept
1785245293585,true,1785245293624,FastAccept
1785245293604,false,1785245293643,FastAccept
1785245293624,false,1785245293662,FastAccept
1785245293643,true,1785245293682,FastAccept
1785245293662,true,1785245293753,LeaderAccept
1785245293682,true,1785245293747,SlowAccept
1785245293702,true,1785245293747,FastAccept
1785245293722,false,1785245293773,LeaderAccept
1785245293742,true,1785245293784,LeaderAccept
1785245293763,true,1785245293805,LeaderAccept
1785245293784,false,1785245293825,LeaderAccept
1785245293805,false,1785245293845,LeaderAccept
1785245293826,true,1785245293867,LeaderAccept
1785245293848,false,1785245293889,LeaderAccept
1785245293869,true,1785245293910,LeaderAccept
1785245293891,true,1785245293932,LeaderAccept
1785245293913,true,1785245293954,LeaderAccept
1785245293936,true,1785245293977,LeaderAccept
1785245293959,true,1785245294000,LeaderAccept
1785245293981,true,1785245294022,LeaderAccept
1785245294004,false,1785245294046,LeaderAccept
1785245294027,false,1785245294069,LeaderAccept
1785245294051,false,1785245294092,LeaderAccept
1785245294075,false,1785245294116,LeaderAccept
1785245294099,false,1785245294140,LeaderAccept
1785245294124,false,1785245294165,LeaderAccept
1785245294149,false,1785245294190,LeaderAccept
1785245294174,true,1785245294215,LeaderAccept
1785245294198,false,1785245294240,LeaderAccept
1785245294224,true,1785245294265,LeaderAccept
1785245294250,true,1785245294291,LeaderAccept
1785245294276,false,1785245294318,LeaderAccept
1785245294303,true,1785245294344,LeaderAccept
1785245294330,false,1785245294371,LeaderAccept
1785245294357,true,1785245294398,LeaderAccept
1785245294384,false,1785245294425,LeaderAccept
1785245294412,true,1785245294452,LeaderAccept
1785245294440,true,1785245294481,LeaderAccept
1785245294469,false,1785245294510,LeaderAccept
1785245294498,true,1785245294540,LeaderAccept
1785245294528,true,1785245294569,LeaderAccept
1785245294558,true,1785245294599,LeaderAccept
1785245294589,true,1785245294630,LeaderAccept
1785245294620,false,1785245294661,LeaderAccept
1785245294651,true,1785245294693,LeaderAccept
1785245294683,true,1785245294724,LeaderAccept
1785245294715,true,1785245294757,LeaderAccept
1785245294749,false,1785245294791,LeaderAccept
1785245294783,true,1785245294824,LeaderAccept
1785245294817,true,1785245294858,LeaderAccept
1785245294852,false,1785245294893,LeaderAccept
1785245294887,true,1785245294928,LeaderAccept
1785245294922,true,1785245294963,LeaderAccept
1785245294958,false,1785245294999,LeaderAccept
1785245294995,true,1785245295036,LeaderAccept
1785245295032,false,1785245295074,LeaderAccept
1785245295071,false,1785245295112,LeaderAccept
1785245295110,true,1785245295152,LeaderAccept
1785245295150,true,1785245295192,LeaderAccept
1785245295191,false,1785245295232,LeaderAccept
1785245295232,true,1785245295273,LeaderAccept
1785245295274,false,1785245295315,LeaderAccept
1785245295317,false,1785245295358,LeaderAccept
1785245295360,true,1785245295402,LeaderAccept
1785245295406,false,1785245295447,LeaderAccept
1785245295452,true,1785245295494,LeaderAccept
1785245295499,true,1785245295540,LeaderAccept
1785245295547,false,1785245295588,LeaderAccept
1785245295596,false,1785245295637,LeaderAccept
1785245295646,false,1785245295688,LeaderAccept
1785245295698,false,1785245295739,LeaderAccept
1785245295751,false,1785245295792,LeaderAccept
1785245295805,false,1785245295846,LeaderAccept
1785245295861,false,1785245295902,LeaderAccept
1785245295918,false,1785245295959,LeaderAccept
1785245295978,true,1785245296018,LeaderAccept
1785245296039,true,1785245296080,LeaderAccept
1785245296102,false,1785245296143,LeaderAccept
1785245296167,true,1785245296208,LeaderAccept
1785245296233,true,1785245296274,LeaderAccept
1785245296303,false,1785245296344,LeaderAccept
1785245296374,true,1785245296416,LeaderAccept
1785245296448,false,1785245296489,LeaderAccept
1785245296525,true,1785245296566,LeaderAccept
1785245296605,false,1785245296646,LeaderAccept
1785245296688,false,1785245296730,LeaderAccept
1785245296775,false,1785245296816,LeaderAccept
1785245296864,true,1785245296906,LeaderAccept
1785245296959,true,1785245297001,LeaderAccept
1785245297058,true,1785245297099,LeaderAccept
1785245297162,true,1785245297203,LeaderAccept
1785245297272,true,1785245297313,LeaderAccept
1785245297387,true,1785245297429,LeaderAccept
1785245297509,true,1785245297551,LeaderAccept
1785245297638,false,1785245297680,LeaderAccept
1785245297777,false,1785245297818,LeaderAccept
1785245297925,false,1785245297965,LeaderAccept
1785245298084,false,1785245298125,LeaderAccept
1785245298256,false,1785245298298,LeaderAccept
1785245298444,true,1785245298485,LeaderAccept
1785245298651,true,1785245298692,LeaderAccept
1785245298879,false,1785245298920,LeaderAccept
1785245299135,false,1785245299176,LeaderAccept
1785245299426,true,1785245299468,LeaderAccept
1785245299763,true,1785245299805,LeaderAccept
1785245300161,false,1785245300203,LeaderAccept
1785245300647,true,1785245300688,LeaderAccept
1785245301265,false,1785245301307,LeaderAccept
1785245302107,true,1785245302149,LeaderAccept
1785245303389,false,1785245303428,FastAccept
1785245305822,false,1785245305860,FastAccept
1785245314028,true,1785245314069,LeaderAccept
1785245321467,true,1785245321508,LeaderAccept
1785245321484,true,1785245321525,LeaderAccept
1785245321501,false,1785245321543,LeaderAccept
1785245321519,true,1785245321561,LeaderAccept
1785245321537,true,1785245321579,LeaderAccept
1785245321555,true,1785245321596,LeaderAccept
1785245321573,true,1785245321613,LeaderAccept
1785245321591,true,1785245321632,LeaderAccept
1785245321610,true,1785245321651,LeaderAccept
1785245321629,true,1785245321670,LeaderAccept
1785245321648,false,1785245321689,LeaderAccept
1785245321667,false,1785245321708,LeaderAccept
1785245321686,false,1785245321727,LeaderAccept
1785245321706,false,1785245321746,LeaderAccept
1785245321725,false,1785245321766,LeaderAccept
1785245321744,true,1785245321785,LeaderAccept
1785245321765,false,1785245321806,LeaderAccept
1785245321785,true,1785245321825,LeaderAccept
1785245321805,true,1785245321846,LeaderAccept
1785245321825,false,1785245321866,LeaderAccept
1785245321846,false,1785245321887,LeaderAccept
1785245321866,true,1785245321907,LeaderAccept
1785245321888,false,1785245321929,LeaderAccept
1785245321910,true,1785245321952,LeaderAccept
1785245321931,false,1785245321972,LeaderAccept
1785245321953,false,1785245321994,LeaderAccept
1785245321974,true,1785245322016,LeaderAccept
1785245321997,false,1785245322038,LeaderAccept
1785245322019,true,1785245322060,LeaderAccept
1785245322042,false,1785245322083,LeaderAccept
1785245322065,true,1785245322106,LeaderAccept
1785245322088,true,1785245322129,LeaderAccept
1785245322111,true,1785245322153,LeaderAccept
1785245322135,false,1785245322177,LeaderAccept
1785245322159,false,1785245322201,LeaderAccept
1785245322183,true,1785245322224,LeaderAccept
1785245322207,false,1785245322248,LeaderAccept
1785245322232,false,1785245322274,LeaderAccept
1785245322258,true,1785245322300,LeaderAccept
1785245322284,false,1785245322325,LeaderAccept
1785245322310,false,1785245322351,LeaderAccept
1785245322335,false,1785245322377,LeaderAccept
1785245322362,true,1785245322404,LeaderAccept
1785245322389,true,1785245322430,LeaderAccept
1785245322416,true,1785245322458,LeaderAccept
1785245322444,true,1785245322485,LeaderAccept
1785245322472,true,1785245322513,LeaderAccept
1785245322499,true,1785245322541,LeaderAccept
1785245322527,false,1785245322568,LeaderAccept
1785245322556,true,1785245322597,LeaderAccept
1785245322585,true,1785245322626,LeaderAccept
1785245322615,false,1785245322656,LeaderAccept
1785245322645,false,1785245322686,LeaderAccept
1785245322675,true,1785245322717,LeaderAccept
1785245322706,false,1785245322747,LeaderAccept
1785245322738,true,1785245322779,LeaderAccept
1785245322770,false,1785245322811,LeaderAccept
1785245322803,true,1785245322844,LeaderAccept
1785245322836,true,1785245322877,LeaderAccept
1785245322870,false,1785245322912,LeaderAccept
1785245322905,true,1785245322946,LeaderAccept
1785245322940,false,1785245322982,LeaderAccept
1785245322975,false,1785245323017,LeaderAccept
1785245323011,false,1785245323053,LeaderAccept
1785245323048,true,1785245323089,LeaderAccept
1785245323085,true,1785245323126,LeaderAccept
1785245323123,true,1785245323165,LeaderAccept
1785245323162,true,1785245323203,LeaderAccept
1785245323201,false,1785245323243,LeaderAccept
1785245323242,true,1785245323284,LeaderAccept
1785245323283,false,1785245323325,LeaderAccept
1785245323325,true,1785245323366,LeaderAccept
1785245323367,true,1785245323408,LeaderAccept
1785245323410,false,1785245323451,LeaderAccept
1785245323453,true,1785245323494,LeaderAccept
1785245323499,true,1785245323540,LeaderAccept
1785245323545,true,1785245323587,LeaderAccept
1785245323593,false,1785245323634,LeaderAccept
1785245323640,false,1785245323682,LeaderAccept
1785245323690,true,1785245323731,LeaderAccept
1785245323741,false,1785245323783,LeaderAccept
1785245323794,true,1785245323835,LeaderAccept
1785245323848,false,1785245323889,LeaderAccept
1785245323903,false,1785245323944,LeaderAccept
1785245323959,false,1785245324000,LeaderAccept
1785245324016,true,1785245324057,LeaderAccept
1785245324076,true,1785245324118,LeaderAccept
1785245324138,true,1785245324180,LeaderAccept
1785245324201,true,1785245324242,LeaderAccept
1785245324265,true,1785245324307,LeaderAccept
1785245324333,false,1785245324374,LeaderAccept
1785245324402,true,1785245324443,LeaderAccept
1785245324474,true,1785245324516,LeaderAccept
1785245324549,false,1785245324590,LeaderAccept
1785245324626,false,1785245324667,LeaderAccept
1785245324707,true,1785245324749,LeaderAccept
1785245324791,true,1785245324832,LeaderAccept
1785245324878,true,1785245324919,LeaderAccept
1785245324969,false,1785245325010,LeaderAccept
1785245325064,false,1785245325106,LeaderAccept
1785245325164,false,1785245325205,LeaderAccept
1785245325269,true,1785245325311,LeaderAccept
1785245325379,false,1785245325421,LeaderAccept
1785245325496,false,1785245325537,LeaderAccept
1785245325620,false,1785245325661,LeaderAccept
1785245325751,true,1785245325793,LeaderAccept
1785245325892,false,1785245325934,LeaderAccept
1785245326043,false,1785245326084,LeaderAccept
1785245326205,true,1785245326247,LeaderAccept
1785245326381,false,1785245326423,LeaderAccept
1785245326573,true,1785245326614,LeaderAccept
1785245326784,false,1785245326825,LeaderAccept
1785245327018,false,1785245327060,LeaderAccept
1785245327282,false,1785245327321,FastAccept
1785245327583,false,1785245327622,FastAccept
1785245327932,true,1785245327973,LeaderAccept
1785245328347,true,1785245328388,LeaderAccept
1785245328857,false,1785245328899,LeaderAccept
1785245329515,false,1785245329557,LeaderAccept
1785245330430,true,1785245330472,LeaderAccept
1785245331873,false,1785245331914,LeaderAccept
1785245334844,false,1785245334885,LeaderAccept
1785245346641,true,1785245346682,LeaderAccept
1785245346680,true,1785245346720,LeaderAccept
1785245346719,false,1785245346759,LeaderAccept
1785245346759,true,1785245346800,LeaderAccept
1785245346800,true,1785245346841,LeaderAccept
1785245346842,true,1785245346884,LeaderAccept
1785245346885,true,1785245346927,LeaderAccept
1785245346929,false,1785245346970,LeaderAccept
1785245346974,true,1785245347015,LeaderAccept
1785245347020,false,1785245347061,LeaderAccept
1785245347066,false,1785245347107,LeaderAccept
1785245347113,false,1785245347155,LeaderAccept
1785245347163,false,1785245347205,LeaderAccept
1785245347214,true,1785245347256,LeaderAccept
1785245347266,true,1785245347307,LeaderAccept
1785245347319,false,1785245347360,LeaderAccept
1785245347374,true,1785245347415,LeaderAccept
1785245347429,true,1785245347470,LeaderAccept
1785245347487,true,1785245347529,LeaderAccept
1785245347546,false,1785245347588,LeaderAccept
1785245347606,true,1785245347648,LeaderAccept
1785245347669,false,1785245347711,LeaderAccept
1785245347733,true,1785245347775,LeaderAccept
1785245347800,false,1785245347842,LeaderAccept
1785245347869,true,1785245347911,LeaderAccept
1785245347940,false,1785245347981,LeaderAccept
1785245348014,true,1785245348055,LeaderAccept
1785245348089,true,1785245348131,LeaderAccept
1785245348169,false,1785245348210,LeaderAccept
1785245348251,true,1785245348292,LeaderAccept
1785245348337,true,1785245348378,LeaderAccept
1785245348425,false,1785245348467,LeaderAccept
1785245348519,false,1785245348560,LeaderAccept
1785245348617,true,1785245348659,LeaderAccept
1785245348719,true,1785245348761,LeaderAccept
1785245348827,true,1785245348868,LeaderAccept
1785245348941,true,1785245348982,LeaderAccept
1785245349061,true,1785245349103,LeaderAccept
1785245349189,false,1785245349230,LeaderAccept
1785245349325,true,1785245349366,LeaderAccept
1785245349471,false,1785245349512,LeaderAccept
1785245349627,false,1785245349669,LeaderAccept
1785245349797,false,1785245349839,LeaderAccept
1785245349982,false,1785245350023,LeaderAccept
1785245350183,false,1785245350226,LeaderAccept
1785245350407,true,1785245350449,LeaderAccept
1785245350657,false,1785245350711,LeaderAccept
1785245350939,false,1785245350981,LeaderAccept
1785245351265,false,1785245351304,FastAccept
1785245351647,false,1785245351687,FastAccept
1785245352111,false,1785245352150,FastAccept
1785245352695,false,1785245352734,FastAccept
1785245353476,false,1785245353515,FastAccept
1785245354629,true,1785245354669,FastAccept
1785245356682,false,1785245356721,FastAccept
1785245362407,true,1785245362477,LeaderAccept
1785245368144,true,1785245368186,LeaderAccept
1785245368160,false,1785245368201,LeaderAccept
1785245368176,false,1785245368217,LeaderAccept
1785245368192,false,1785245368232,LeaderAccept
1785245368208,true,1785245368249,LeaderAccept
1785245368224,true,1785245368265,LeaderAccept
1785245368239,true,1785245368281,LeaderAccept
1785245368256,false,1785245368298,LeaderAccept
1785245368273,true,1785245368316,LeaderAccept
1785245368290,true,1785245368331,LeaderAccept
1785245368307,true,1785245368348,LeaderAccept
1785245368324,false,1785245368365,LeaderAccept
1785245368340,true,1785245368381,LeaderAccept
1785245368358,false,1785245368399,LeaderAccept
1785245368376,true,1785245368417,LeaderAccept
1785245368394,false,1785245368435,LeaderAccept
1785245368411,false,1785245368452,LeaderAccept
1785245368429,false,1785245368470,LeaderAccept
1785245368448,false,1785245368489,LeaderAccept
1785245368466,true,1785245368507,LeaderAccept
1785245368484,false,1785245368525,LeaderAccept
1785245368502,true,1785245368543,LeaderAccept
1785245368520,true,1785245368561,LeaderAccept
1785245368539,false,1785245368579,LeaderAccept
1785245368558,true,1785245368599,LeaderAccept
1785245368577,false,1785245368618,LeaderAccept
1785245368595,true,1785245368637,LeaderAccept
1785245368614,true,1785245368656,LeaderAccept
1785245368634,false,1785245368675,LeaderAccept
1785245368654,true,1785245368695,LeaderAccept
1785245368674,true,1785245368715,LeaderAccept
1785245368695,false,1785245368735,LeaderAccept
1785245368715,false,1785245368755,LeaderAccept
1785245368735,true,1785245368776,LeaderAccept
1785245368755,true,1785245368797,LeaderAccept
1785245368776,true,1785245368817,LeaderAccept
1785245368798,true,1785245368839,LeaderAccept
1785245368820,false,1785245368862,LeaderAccept
1785245368842,false,1785245368883,LeaderAccept
1785245368864,true,1785245368905,LeaderAccept
1785245368886,true,1785245368927,LeaderAccept
1785245368908,true,1785245368949,LeaderAccept
1785245368931,false,1785245368972,LeaderAccept
1785245368954,true,1785245368995,LeaderAccept
1785245368978,true,1785245369019,LeaderAccept
1785245369001,true,1785245369042,LeaderAccept
1785245369025,false,1785245369066,LeaderAccept
1785245369049,true,1785245369089,LeaderAccept
1785245369073,false,1785245369114,LeaderAccept
1785245369098,false,1785245369139,LeaderAccept
1785245369123,true,1785245369164,LeaderAccept
1785245369148,false,1785245369188,LeaderAccept
1785245369173,true,1785245369214,LeaderAccept
1785245369199,true,1785245369240,LeaderAccept
1785245369224,true,1785245369265,LeaderAccept
1785245369251,false,1785245369292,LeaderAccept
1785245369278,true,1785245369319,LeaderAccept
1785245369305,false,1785245369347,LeaderAccept
1785245369333,false,1785245369374,LeaderAccept
1785245369361,false,1785245369402,LeaderAccept
1785245369389,false,1785245369430,LeaderAccept
1785245369418,true,1785245369459,LeaderAccept
1785245369447,true,1785245369487,LeaderAccept
1785245369475,false,1785245369516,LeaderAccept
1785245369505,false,1785245369546,LeaderAccept
1785245369535,true,1785245369576,LeaderAccept
1785245369564,false,1785245369606,LeaderAccept
1785245369596,true,1785245369637,LeaderAccept
1785245369628,true,1785245369669,LeaderAccept
1785245369659,true,1785245369701,LeaderAccept
1785245369691,false,1785245369732,LeaderAccept
1785245369724,true,1785245369765,LeaderAccept
1785245369757,false,1785245369798,LeaderAccept
1785245369791,false,1785245369832,LeaderAccept
1785245369826,false,1785245369867,LeaderAccept
1785245369861,false,1785245369902,LeaderAccept
1785245369897,true,1785245369939,LeaderAccept
1785245369933,true,1785245369974,LeaderAccept
1785245369970,false,1785245370011,LeaderAccept
1785245370008,false,1785245370049,LeaderAccept
1785245370047,false,1785245370088,LeaderAccept
1785245370086,false,1785245370126,LeaderAccept
1785245370125,true,1785245370167,LeaderAccept
1785245370166,false,1785245370207,LeaderAccept
1785245370207,false,1785245370248,LeaderAccept
1785245370249,false,1785245370291,LeaderAccept
1785245370292,true,1785245370332,LeaderAccept
1785245370335,false,1785245370377,LeaderAccept
1785245370381,true,1785245370422,LeaderAccept
1785245370427,false,1785245370468,LeaderAccept
1785245370474,false,1785245370516,LeaderAccept
1785245370522,false,1785245370564,LeaderAccept
1785245370572,false,1785245370613,LeaderAccept
1785245370622,true,1785245370663,LeaderAccept
1785245370673,false,1785245370715,LeaderAccept
1785245370726,true,1785245370767,LeaderAccept
1785245370781,true,1785245370823,LeaderAccept
1785245370837,true,1785245370878,LeaderAccept
1785245370895,false,1785245370936,LeaderAccept
1785245370954,false,1785245370995,LeaderAccept
1785245371013,true,1785245371055,LeaderAccept
1785245371076,true,1785245371117,LeaderAccept
1785245371141,false,1785245371183,LeaderAccept
1785245371208,false,1785245371250,LeaderAccept
1785245371277,false,1785245371318,LeaderAccept
1785245371348,true,1785245371389,LeaderAccept
1785245371422,false,1785245371463,LeaderAccept
1785245371499,false,1785245371540,LeaderAccept
1785245371578,false,1785245371619,LeaderAccept
1785245371661,false,1785245371703,LeaderAccept
1785245371748,false,1785245371789,LeaderAccept
1785245371838,true,1785245371880,LeaderAccept
1785245371932,true,1785245371973,LeaderAccept
1785245372030,true,1785245372070,LeaderAccept
1785245372133,true,1785245372174,LeaderAccept
1785245372240,true,1785245372282,LeaderAccept
1785245372355,false,1785245372396,LeaderAccept
1785245372475,true,1785245372517,LeaderAccept
1785245372604,true,1785245372645,LeaderAccept
1785245372741,true,1785245372783,LeaderAccept
1785245372888,false,1785245372929,LeaderAccept
1785245373046,true,1785245373087,LeaderAccept
1785245373217,true,1785245373258,LeaderAccept
1785245373403,true,1785245373445,LeaderAccept
1785245373607,true,1785245373649,LeaderAccept
1785245373833,true,1785245373874,LeaderAccept
1785245374086,false,1785245374127,LeaderAccept
1785245374373,true,1785245374414,LeaderAccept
1785245374704,false,1785245374745,LeaderAccept
1785245375094,false,1785245375135,LeaderAccept
1785245375568,true,1785245375610,LeaderAccept
1785245376168,true,1785245376210,LeaderAccept
1785245376979,false,1785245377032,LeaderAccept
1785245378193,false,1785245378232,FastAccept
1785245380421,true,1785245380460,FastAccept
1785245387205,false,1785245387246,LeaderAccept
1785245403215,false,1785245403253,FastAccept
1785245403247,false,1785245403286,FastAccept
1785245403280,false,1785245403319,FastAccept
1785245403314,true,1785245403353,FastAccept
1785245403348,true,1785245403387,FastAccept
1785245403384,false,1785245403423,FastAccept
1785245403420,false,1785245403459,FastAccept
1785245403456,false,1785245403495,FastAccept
1785245403493,true,1785245403532,FastAccept
1785245403531,false,1785245403590,LeaderAccept
1785245403570,true,1785245403609,FastAccept
1785245403609,false,1785245403648,FastAccept
1785245403649,false,1785245403687,FastAccept
1785245403689,false,1785245403727,FastAccept
1785245403730,false,1785245403769,FastAccept
1785245403773,true,1785245403812,FastAccept
1785245403816,true,1785245403854,FastAccept
1785245403860,true,1785245403899,FastAccept
1785245403905,false,1785245403944,FastAccept
1785245403951,true,1785245403990,FastAccept
1785245403998,false,1785245404036,FastAccept
1785245404046,false,1785245404084,FastAccept
1785245404095,false,1785245404134,FastAccept
1785245404146,false,1785245404185,FastAccept
1785245404198,true,1785245404237,FastAccept
1785245404251,true,1785245404289,FastAccept
1785245404305,true,1785245404344,FastAccept
1785245404360,false,1785245404399,FastAccept
1785245404417,true,1785245404457,FastAccept
1785245404476,true,1785245404515,FastAccept
1785245404537,false,1785245404576,FastAccept
1785245404600,true,1785245404639,FastAccept
1785245404665,false,1785245404705,FastAccept
1785245404732,false,1785245404770,FastAccept
1785245404801,false,1785245404839,FastAccept
1785245404871,true,1785245404911,FastAccept
1785245404945,true,1785245404984,FastAccept
1785245405021,false,1785245405060,FastAccept
1785245405100,false,1785245405139,FastAccept
1785245405183,true,1785245405222,FastAccept
1785245405269,true,1785245405308,FastAccept
1785245405358,false,1785245405397,FastAccept
1785245405451,false,1785245405490,FastAccept
1785245405550,false,1785245405589,FastAccept
1785245405653,true,1785245405692,FastAccept
1785245405761,true,1785245405801,FastAccept
1785245405876,false,1785245405915,FastAccept
1785245405997,true,1785245406036,FastAccept
1785245406125,false,1785245406164,FastAccept
1785245406262,false,1785245406301,FastAccept
1785245406409,false,1785245406447,FastAccept
1785245406566,true,1785245406605,FastAccept
1785245406736,true,1785245406775,FastAccept
1785245406921,false,1785245406960,FastAccept
1785245407124,false,1785245407163,FastAccept
1785245407349,true,1785245407388,FastAccept
1785245407600,true,1785245407639,FastAccept
1785245407885,true,1785245407924,FastAccept
1785245408213,false,1785245408252,FastAccept
1785245408600,false,1785245408639,FastAccept
1785245409067,false,1785245409106,FastAccept
1785245409659,true,1785245409698,FastAccept
1785245410453,false,1785245410491,FastAccept
1785245411633,true,1785245411672,FastAccept
1785245413762,false,1785245413801,FastAccept
1785245419934,true,1785245419976,LeaderAccept
1785245430977,true,1785245431018,LeaderAccept
1785245431001,false,1785245431041,LeaderAccept
1785245431025,true,1785245431066,LeaderAccept
1785245431048,true,1785245431089,LeaderAccept
1785245431073,true,1785245431114,LeaderAccept
1785245431098,false,1785245431139,LeaderAccept
1785245431124,false,1785245431164,LeaderAccept
1785245431149,true,1785245431190,LeaderAccept
1785245431174,false,1785245431215,LeaderAccept
1785245431201,false,1785245431242,LeaderAccept
1785245431228,true,1785245431269,LeaderAccept
1785245431255,true,1785245431296,LeaderAccept
1785245431282,false,1785245431323,LeaderAccept
1785245431310,true,1785245431352,LeaderAccept
1785245431338,false,1785245431379,LeaderAccept
1785245431366,false,1785245431406,LeaderAccept
1785245431394,true,1785245431435,LeaderAccept
1785245431423,false,1785245431463,LeaderAccept
1785245431452,false,1785245431493,LeaderAccept
1785245431482,false,1785245431524,LeaderAccept
1785245431513,false,1785245431554,LeaderAccept
1785245431544,true,1785245431585,LeaderAccept
1785245431575,true,1785245431616,LeaderAccept
1785245431607,true,1785245431648,LeaderAccept
1785245431639,false,1785245431679,LeaderAccept
1785245431671,true,1785245431713,LeaderAccept
1785245431704,true,1785245431745,LeaderAccept
1785245431738,true,1785245431779,LeaderAccept
1785245431771,false,1785245431812,LeaderAccept
1785245431806,true,1785245431847,LeaderAccept
1785245431840,true,1785245431881,LeaderAccept
1785245431876,false,1785245431917,LeaderAccept
1785245431912,false,1785245431954,LeaderAccept
1785245431950,false,1785245431991,LeaderAccept
1785245431987,false,1785245432028,LeaderAccept
1785245432025,false,1785245432065,LeaderAccept
1785245432064,true,1785245432105,LeaderAccept
1785245432104,true,1785245432145,LeaderAccept
1785245432145,true,1785245432186,LeaderAccept
1785245432186,false,1785245432227,LeaderAccept
1785245432228,true,1785245432270,LeaderAccept
1785245432271,true,1785245432312,LeaderAccept
1785245432315,false,1785245432357,LeaderAccept
1785245432360,true,1785245432401,LeaderAccept
1785245432406,true,1785245432448,LeaderAccept
1785245432454,false,1785245432495,LeaderAccept
1785245432501,true,1785245432543,LeaderAccept
1785245432551,true,1785245432593,LeaderAccept
1785245432602,true,1785245432643,LeaderAccept
1785245432654,false,1785245432696,LeaderAccept
1785245432708,false,1785245432750,LeaderAccept
1785245432763,false,1785245432804,LeaderAccept
1785245432819,false,1785245432860,LeaderAccept
1785245432877,false,1785245432918,LeaderAccept
1785245432936,true,1785245432978,LeaderAccept
1785245432997,false,1785245433038,LeaderAccept
1785245433059,true,1785245433101,LeaderAccept
1785245433125,true,1785245433166,LeaderAccept
1785245433192,true,1785245433234,LeaderAccept
1785245433262,false,1785245433303,LeaderAccept
1785245433334,false,1785245433376,LeaderAccept
1785245433409,true,1785245433451,LeaderAccept
1785245433487,false,1785245433528,LeaderAccept
1785245433567,true,1785245433609,LeaderAccept
1785245433651,true,1785245433692,LeaderAccept
1785245433738,true,1785245433779,LeaderAccept
1785245433829,false,1785245433871,LeaderAccept
1785245433924,false,1785245433966,LeaderAccept
1785245434024,false,1785245434065,LeaderAccept
1785245434129,false,1785245434171,LeaderAccept
1785245434239,true,1785245434280,LeaderAccept
1785245434355,true,1785245434397,LeaderAccept
1785245434479,false,1785245434521,LeaderAccept
1785245434610,true,1785245434651,LeaderAccept
1785245434750,true,1785245434791,LeaderAccept
1785245434899,true,1785245434940,LeaderAccept
1785245435061,true,1785245435102,LeaderAccept
1785245435236,false,1785245435277,LeaderAccept
1785245435426,true,1785245435467,LeaderAccept
1785245435635,true,1785245435676,LeaderAccept
1785245435867,false,1785245435908,LeaderAccept
1785245436128,false,1785245436169,LeaderAccept
1785245436425,true,1785245436466,LeaderAccept
1785245436770,false,1785245436811,LeaderAccept
1785245437179,false,1785245437220,LeaderAccept
1785245437681,true,1785245437721,LeaderAccept
1785245438325,true,1785245438366,LeaderAccept
1785245439214,true,1785245439255,LeaderAccept
1785245440601,true,1785245440642,LeaderAccept
1785245443374,false,1785245443425,LeaderAccept
1785245454467,false,1785245454506,FastAccept
1785245484605,false,1785245484644,FastAccept
1785245484620,true,1785245484659,FastAccept
1785245484635,true,1785245484673,FastAccept
1785245484650,true,1785245484689,FastAccept
1785245484665,true,1785245484704,FastAccept
1785245484681,false,1785245484720,FastAccept
1785245484697,false,1785245484735,FastAccept
1785245484713,true,1785245484751,FastAccept
1785245484729,true,1785245484814,LeaderAccept
1785245484744,true,1785245484809,SlowAccept
1785245484760,false,1785245484809,FastAccept
1785245484776,true,1785245484843,LeaderAccept
1785245484792,false,1785245484831,FastAccept
1785245484809,false,1785245484896,LeaderAccept
1785245484825,true,1785245484890,SlowAccept
1785245484841,false,1785245484896,LeaderAccept
1785245484858,false,1785245484922,LeaderAccept
1785245484874,false,1785245484913,FastAccept
1785245484890,true,1785245484976,LeaderAccept
1785245484908,false,1785245484970,SlowAccept
1785245484925,false,1785245484970,FastAccept
1785245484942,true,1785245485028,LeaderAccept
1785245484960,true,1785245485023,SlowAccept
1785245484978,false,1785245485023,FastAccept
1785245484996,true,1785245485080,LeaderAccept
1785245485013,true,1785245485074,SlowAccept
1785245485032,true,1785245485074,FastAccept
1785245485050,true,1785245485100,LeaderAccept
1785245485069,false,1785245485110,LeaderAccept
1785245485087,false,1785245485129,LeaderAccept
1785245485106,true,1785245485147,LeaderAccept
1785245485124,true,1785245485166,LeaderAccept
1785245485143,true,1785245485185,LeaderAccept
1785245485162,true,1785245485203,LeaderAccept
1785245485181,true,1785245485222,LeaderAccept
1785245485199,false,1785245485242,LeaderAccept
1785245485219,true,1785245485260,LeaderAccept
1785245485239,true,1785245485280,LeaderAccept
1785245485259,false,1785245485300,LeaderAccept
1785245485279,false,1785245485320,LeaderAccept
1785245485300,false,1785245485340,LeaderAccept
1785245485321,true,1785245485362,LeaderAccept
1785245485342,true,1785245485383,LeaderAccept
1785245485362,false,1785245485404,LeaderAccept
1785245485384,false,1785245485425,LeaderAccept
1785245485405,false,1785245485447,LeaderAccept
1785245485426,false,1785245485467,LeaderAccept
1785245485448,false,1785245485489,LeaderAccept
1785245485470,false,1785245485511,LeaderAccept
1785245485492,false,1785245485533,LeaderAccept
1785245485514,false,1785245485556,LeaderAccept
1785245485537,false,1785245485578,LeaderAccept
1785245485560,false,1785245485601,LeaderAccept
1785245485583,false,1785245485624,LeaderAccept
1785245485606,false,1785245485648,LeaderAccept
1785245485630,false,1785245485671,LeaderAccept
1785245485654,true,1785245485696,LeaderAccept
1785245485678,true,1785245485720,LeaderAccept
1785245485703,false,1785245485744,LeaderAccept
1785245485727,false,1785245485769,LeaderAccept
1785245485753,true,1785245485795,LeaderAccept
1785245485779,true,1785245485820,LeaderAccept
1785245485805,false,1785245485846,LeaderAccept
1785245485831,false,1785245485872,LeaderAccept
1785245485857,false,1785245485899,LeaderAccept
1785245485884,false,1785245485926,LeaderAccept
1785245485911,true,1785245485953,LeaderAccept
1785245485939,true,1785245485980,LeaderAccept
1785245485967,true,1785245486008,LeaderAccept
1785245485995,true,1785245486037,LeaderAccept
1785245486023,false,1785245486064,LeaderAccept
1785245486052,true,1785245486093,LeaderAccept
1785245486080,false,1785245486122,LeaderAccept
1785245486110,false,1785245486151,LeaderAccept
1785245486141,true,1785245486183,LeaderAccept
1785245486172,false,1785245486213,LeaderAccept
1785245486203,false,1785245486244,LeaderAccept
1785245486235,false,1785245486276,LeaderAccept
1785245486267,false,1785245486308,LeaderAccept
1785245486299,true,1785245486341,LeaderAccept
1785245486333,false,1785245486376,LeaderAccept
1785245486367,true,1785245486409,LeaderAccept
1785245486402,false,1785245486443,LeaderAccept
1785245486437,true,1785245486479,LeaderAccept
1785245486472,false,1785245486513,LeaderAccept
1785245486509,true,1785245486551,LeaderAccept
1785245486546,true,1785245486589,LeaderAccept
1785245486583,false,1785245486624,LeaderAccept
1785245486621,false,1785245486662,LeaderAccept
1785245486660,true,1785245486702,LeaderAccept
1785245486700,true,1785245486742,LeaderAccept
1785245486741,false,1785245486782,LeaderAccept
1785245486782,false,1785245486823,LeaderAccept
1785245486824,true,1785245486865,LeaderAccept
1785245486866,true,1785245486907,LeaderAccept
1785245486909,false,1785245486951,LeaderAccept
1785245486954,false,1785245486995,LeaderAccept
1785245487000,false,1785245487041,LeaderAccept
1785245487046,true,1785245487088,LeaderAccept
1785245487093,false,1785245487135,LeaderAccept
1785245487142,true,1785245487184,LeaderAccept
1785245487192,true,1785245487234,LeaderAccept
1785245487243,true,1785245487284,LeaderAccept
1785245487295,true,1785245487337,LeaderAccept
1785245487349,false,1785245487391,LeaderAccept
1785245487404,false,1785245487445,LeaderAccept
1785245487461,false,1785245487503,LeaderAccept
1785245487519,true,1785245487561,LeaderAccept
1785245487580,false,1785245487621,LeaderAccept
1785245487642,false,1785245487684,LeaderAccept
1785245487706,false,1785245487748,LeaderAccept
1785245487772,false,1785245487813,LeaderAccept
1785245487840,false,1785245487881,LeaderAccept
1785245487910,false,1785245487951,LeaderAccept
1785245487983,true,1785245488024,LeaderAccept
1785245488058,false,1785245488100,LeaderAccept
1785245488136,false,1785245488177,LeaderAccept
1785245488217,false,1785245488259,LeaderAccept
1785245488301,false,1785245488343,LeaderAccept
1785245488390,true,1785245488429,FastAccept
1785245488483,true,1785245488546,SlowAccept
1785245488579,true,1785245488633,LeaderAccept
1785245488681,true,1785245488720,FastAccept
1785245488788,true,1785245488827,FastAccept
1785245488901,false,1785245488940,FastAccept
1785245489020,true,1785245489059,FastAccept
1785245489145,true,1785245489210,SlowAccept
1785245489280,true,1785245489328,LeaderAccept
1785245489423,false,1785245489462,FastAccept
1785245489577,false,1785245489616,FastAccept
1785245489743,true,1785245489782,FastAccept
1785245489923,true,1785245489962,FastAccept
1785245490121,true,1785245490186,SlowAccept
1785245490338,true,1785245490377,FastAccept
1785245490580,false,1785245490619,FastAccept
1785245490853,true,1785245490892,FastAccept
1785245491167,false,1785245491206,FastAccept
1785245491533,true,1785245491572,FastAccept
1785245491973,false,1785245492012,FastAccept
1785245492521,true,1785245492560,FastAccept
1785245493241,false,1785245493280,FastAccept
1785245494272,false,1785245494311,FastAccept
1785245495998,false,1785245496036,FastAccept
1785245500087,false,1785245500126,FastAccept
1785245504563,false,1785245504601,FastAccept
1785245504579,false,1785245504618,FastAccept
1785245504595,true,1785245504634,FastAccept
1785245504612,false,1785245504650,FastAccept
1785245504628,false,1785245504666,FastAccept
1785245504645,false,1785245504684,FastAccept
1785245504662,false,1785245504701,FastAccept
1785245504679,false,1785245504717,FastAccept
1785245504696,false,1785245504735,FastAccept
1785245504714,false,1785245504753,FastAccept
1785245504732,false,1785245504770,FastAccept
1785245504749,false,1785245504787,FastAccept
1785245504767,true,1785245504805,FastAccept
1785245504785,true,1785245504824,FastAccept
1785245504803,false,1785245504842,FastAccept
1785245504822,false,1785245504861,FastAccept
1785245504841,true,1785245504880,FastAccept
1785245504860,false,1785245504898,FastAccept
1785245504879,false,1785245504917,FastAccept
1785245504898,true,1785245504936,FastAccept
1785245504917,false,1785245504955,FastAccept
1785245504936,true,1785245504975,FastAccept
1785245504954,true,1785245504993,FastAccept
1785245504974,true,1785245505013,FastAccept
1785245504994,true,1785245505033,FastAccept
1785245505014,false,1785245505052,FastAccept
1785245505034,true,1785245505072,FastAccept
1785245505054,true,1785245505093,FastAccept
1785245505075,true,1785245505114,FastAccept
1785245505096,false,1785245505135,FastAccept
1785245505117,true,1785245505155,FastAccept
1785245505138,true,1785245505219,LeaderAccept
1785245505160,true,1785245505221,LeaderAccept
1785245505182,true,1785245505241,LeaderAccept
1785245505204,false,1785245505262,LeaderAccept
1785245505225,true,1785245505284,LeaderAccept
1785245505247,true,1785245505302,LeaderAccept
1785245505269,true,1785245505323,LeaderAccept
1785245505292,true,1785245505344,LeaderAccept
1785245505314,false,1785245505365,LeaderAccept
1785245505338,true,1785245505391,LeaderAccept
1785245505362,false,1785245505417,LeaderAccept
1785245505386,false,1785245505437,LeaderAccept
1785245505410,false,1785245505451,LeaderAccept
1785245505435,false,1785245505476,LeaderAccept
1785245505460,false,1785245505501,LeaderAccept
1785245505485,false,1785245505526,LeaderAccept
1785245505509,true,1785245505551,LeaderAccept
1785245505534,false,1785245505575,LeaderAccept
1785245505561,false,1785245505602,LeaderAccept
1785245505586,false,1785245505627,LeaderAccept
1785245505613,false,1785245505654,LeaderAccept
1785245505639,false,1785245505681,LeaderAccept
1785245505667,true,1785245505708,LeaderAccept
1785245505695,true,1785245505736,LeaderAccept
1785245505723,false,1785245505763,LeaderAccept
1785245505751,false,1785245505792,LeaderAccept
1785245505780,true,1785245505821,LeaderAccept
1785245505810,false,1785245505851,LeaderAccept
1785245505839,false,1785245505881,LeaderAccept
1785245505870,true,1785245505911,LeaderAccept
1785245505901,true,1785245505942,LeaderAccept
1785245505932,false,1785245505972,LeaderAccept
1785245505963,true,1785245506004,LeaderAccept
1785245505995,true,1785245506037,LeaderAccept
1785245506028,true,1785245506069,LeaderAccept
1785245506061,true,1785245506102,LeaderAccept
1785245506094,true,1785245506135,LeaderAccept
1785245506128,false,1785245506170,LeaderAccept
1785245506163,true,1785245506205,LeaderAccept
1785245506198,true,1785245506239,LeaderAccept
1785245506234,true,1785245506275,LeaderAccept
1785245506270,false,1785245506311,LeaderAccept
1785245506307,false,1785245506348,LeaderAccept
1785245506345,false,1785245506386,LeaderAccept
1785245506383,true,1785245506425,LeaderAccept
1785245506422,false,1785245506464,LeaderAccept
1785245506462,false,1785245506503,LeaderAccept
1785245506503,false,1785245506544,LeaderAccept
1785245506544,true,1785245506585,LeaderAccept
1785245506586,true,1785245506627,LeaderAccept
1785245506629,false,1785245506670,LeaderAccept
1785245506673,false,1785245506714,LeaderAccept
1785245506718,false,1785245506759,LeaderAccept
1785245506764,false,1785245506805,LeaderAccept
1785245506811,false,1785245506853,LeaderAccept
1785245506859,true,1785245506900,LeaderAccept
1785245506908,true,1785245506950,LeaderAccept
1785245506959,false,1785245507000,LeaderAccept
1785245507010,false,1785245507051,LeaderAccept
1785245507063,true,1785245507105,LeaderAccept
1785245507118,true,1785245507160,LeaderAccept
1785245507174,true,1785245507216,LeaderAccept
1785245507232,true,1785245507274,LeaderAccept
1785245507291,true,1785245507332,LeaderAccept
1785245507352,true,1785245507393,LeaderAccept
1785245507413,true,1785245507453,LeaderAccept
1785245507478,false,1785245507519,LeaderAccept
1785245507544,false,1785245507584,LeaderAccept
1785245507613,false,1785245507653,LeaderAccept
1785245507684,true,1785245507726,LeaderAccept
1785245507758,false,1785245507799,LeaderAccept
1785245507834,false,1785245507875,LeaderAccept
1785245507913,false,1785245507954,LeaderAccept
1785245507996,false,1785245508037,LeaderAccept
1785245508082,false,1785245508123,LeaderAccept
1785245508172,false,1785245508213,LeaderAccept
1785245508266,false,1785245508308,LeaderAccept
1785245508364,true,1785245508405,LeaderAccept
1785245508467,true,1785245508509,LeaderAccept
1785245508576,true,1785245508618,LeaderAccept
1785245508691,false,1785245508732,LeaderAccept
1785245508812,false,1785245508853,LeaderAccept
1785245508940,false,1785245508981,LeaderAccept
1785245509077,true,1785245509118,LeaderAccept
1785245509223,false,1785245509265,LeaderAccept
1785245509381,true,1785245509423,LeaderAccept
1785245509552,true,1785245509593,LeaderAccept
1785245509737,true,1785245509780,LeaderAccept
1785245509941,false,1785245509983,LeaderAccept
1785245510166,true,1785245510205,FastAccept
1785245510418,true,1785245510457,FastAccept
1785245510704,false,1785245510764,SlowAccept
1785245511033,true,1785245511072,FastAccept
1785245511421,false,1785245511460,FastAccept
1785245511892,true,1785245511932,FastAccept
1785245512487,false,1785245512526,FastAccept
