request_time,write,response_time,accept_status
1785244693513,false,1785244693554,LeaderAccept
1785244694090,true,1785244694130,LeaderAccept
1785244694120,true,1785244694161,LeaderAccept
1785244694152,false,1785244694193,LeaderAccept
1785244694184,true,1785244694225,LeaderAccept
1785244694215,true,1785244694255,LeaderAccept
1785244694247,true,1785244694288,LeaderAccept
1785244694280,true,1785244694321,LeaderAccept
1785244694314,true,1785244694355,LeaderAccept
1785244694349,true,1785244694389,LeaderAccept
1785244694383,false,1785244694424,LeaderAccept
1785244694419,false,1785244694460,LeaderAccept
1785244694454,false,1785244694495,LeaderAccept
1785244694490,true,1785244694531,LeaderAccept
1785244694527,true,1785244694568,LeaderAccept
1785244694565,true,1785244694606,LeaderAccept
1785244694603,true,1785244694645,LeaderAccept
1785244694642,false,1785244694682,LeaderAccept
1785244694682,false,1785244694723,LeaderAccept
1785244694723,false,1785244694763,LeaderAccept
1785244694764,false,1785244694805,LeaderAccept
1785244694808,true,1785244694849,LeaderAccept
1785244694852,true,1785244694892,LeaderAccept
1785244694897,false,1785244694937,LeaderAccept
1785244694943,true,1785244694984,LeaderAccept
1785244694989,false,1785244695030,LeaderAccept
1785244695036,true,1785244695077,LeaderAccept
1785244695084,false,1785244695125,LeaderAccept
1785244695135,true,1785244695175,LeaderAccept
1785244695186,true,1785244695226,LeaderAccept
1785244695239,true,1785244695280,LeaderAccept
1785244695292,true,1785244695334,LeaderAccept
1785244695347,false,1785244695388,LeaderAccept
1785244695404,false,1785244695445,LeaderAccept
1785244695462,true,1785244695503,LeaderAccept
1785244695522,true,1785244695563,LeaderAccept
1785244695583,true,1785244695624,LeaderAccept
1785244695647,false,1785244695687,LeaderAccept
1785244695713,false,1785244695754,LeaderAccept
1785244695781,false,1785244695822,LeaderAccept
1785244695850,false,1785244695892,LeaderAccept
1785244695922,false,1785244695963,LeaderAccept
1785244695998,true,1785244696039,LeaderAccept
1785244696075,false,1785244696117,LeaderAccept
1785244696156,false,1785244696197,LeaderAccept
1785244696241,true,1785244696282,LeaderAccept
1785244696328,true,1785244696370,LeaderAccept
1785244696420,true,1785244696460,LeaderAccept
1785244696515,true,1785244696556,LeaderAccept
1785244696615,true,1785244696657,LeaderAccept
1785244696720,false,1785244696762,LeaderAccept
1785244696831,true,1785244696872,LeaderAccept
1785244696949,false,1785244696990,LeaderAccept
1785244697073,true,1785244697114,LeaderAccept
1785244697205,true,1785244697246,LeaderAccept
1785244697347,true,1785244697388,LeaderAccept
1785244697499,true,1785244697540,LeaderAccept
1785244697661,false,1785244697702,LeaderAccept
1785244697839,true,1785244697880,LeaderAccept
1785244698032,true,1785244698073,LeaderAccept
1785244698244,true,1785244698285,LeaderAccept
1785244698480,false,1785244698521,LeaderAccept
1785244698746,false,1785244698787,LeaderAccept
1785244699049,true,1785244699090,LeaderAccept
1785244699401,true,1785244699443,FastAccept
1785244699821,false,1785244699873,LeaderAccept
1785244700339,true,1785244700380,LeaderAccept
1785244701010,false,1785244701050,LeaderAccept
1785244701947,false,1785244701988,LeaderAccept
1785244703444,true,1785244703485,LeaderAccept
1785244706608,false,1785244706648,LeaderAccept
1785244710388,false,1785244710429,LeaderAccept
1785244710421,true,1785244710461,LeaderAccept
1785244710454,false,1785244710495,LeaderAccept
1785244710487,false,1785244710528,LeaderAccept
1785244710520,false,1785244710561,LeaderAccept
1785244710555,true,1785244710596,LeaderAccept
1785244710589,false,1785244710630,LeaderAccept
1785244710625,true,1785244710666,LeaderAccept
1785244710661,true,1785244710702,LeaderAccept
1785244710697,false,1785244710738,LeaderAccept
1785244710734,false,1785244710775,LeaderAccept
1785244710773,true,1785244710814,LeaderAccept
1785244710811,false,1785244710851,LeaderAccept
1785244710850,true,1785244710891,LeaderAccept
1785244710891,true,1785244710932,LeaderAccept
1785244710931,true,1785244710972,LeaderAccept
1785244710973,true,1785244711014,LeaderAccept
1785244711015,true,1785244711055,LeaderAccept
1785244711058,true,1785244711099,LeaderAccept
1785244711102,true,1785244711143,LeaderAccept
1785244711147,true,1785244711188,LeaderAccept
1785244711193,false,1785244711234,LeaderAccept
1785244711240,true,1785244711282,LeaderAccept
1785244711288,false,1785244711329,LeaderAccept
1785244711337,false,1785244711378,LeaderAccept
1785244711388,true,1785244711430,LeaderAccept
1785244711441,false,1785244711482,LeaderAccept
1785244711495,true,1785244711535,LeaderAccept
1785244711549,true,1785244711590,LeaderAccept
1785244711607,true,1785244711648,LeaderAccept
1785244711665,true,1785244711706,LeaderAccept
1785244711725,false,1785244711766,LeaderAccept
1785244711786,true,1785244711827,LeaderAccept
1785244711850,true,1785244711891,LeaderAccept
1785244711915,true,1785244711957,LeaderAccept
1785244711982,false,1785244712022,LeaderAccept
1785244712052,false,1785244712092,LeaderAccept
1785244712125,false,1785244712166,LeaderAccept
1785244712199,true,1785244712240,LeaderAccept
1785244712277,false,1785244712318,LeaderAccept
1785244712357,true,1785244712398,LeaderAccept
1785244712442,false,1785244712482,LeaderAccept
1785244712530,true,1785244712571,LeaderAccept
1785244712621,false,1785244712662,LeaderAccept
1785244712717,true,1785244712758,LeaderAccept
1785244712817,true,1785244712859,LeaderAccept
1785244712924,false,1785244712965,LeaderAccept
1785244713036,false,1785244713077,LeaderAccept
1785244713153,false,1785244713194,LeaderAccept
1785244713277,false,1785244713319,LeaderAccept
1785244713410,false,1785244713451,LeaderAccept
1785244713551,false,1785244713593,LeaderAccept
1785244713702,true,1785244713743,LeaderAccept
1785244713866,false,1785244713907,LeaderAccept
1785244714042,true,1785244714083,LeaderAccept
1785244714236,false,1785244714277,LeaderAccept
1785244714449,true,1785244714490,LeaderAccept
1785244714687,false,1785244714728,LeaderAccept
1785244714953,false,1785244714994,LeaderAccept
1785244715257,false,1785244715298,FastAccept
1785244715611,true,1785244715652,FastAccept
1785244716033,true,1785244716074,FastAccept
1785244716554,true,1785244716595,FastAccept
1785244717230,true,1785244717272,FastAccept
1785244718177,false,1785244718218,FastAccept
1785244719697,true,1785244719738,FastAccept
1785244722947,false,1785244722988,LeaderAccept
1785244739445,false,1785244739487,FastAccept
1785244774205,true,1785244774245,LeaderAccept
1785244774237,true,1785244774278,LeaderAccept
1785244774271,true,1785244774340,LeaderAccept
1785244774304,true,1785244774346,LeaderAccept
1785244774338,false,1785244774379,LeaderAccept
1785244774373,false,1785244774414,LeaderAccept
1785244774409,false,1785244774449,LeaderAccept
1785244774444,true,1785244774485,LeaderAccept
1785244774481,true,1785244774521,LeaderAccept
1785244774517,true,1785244774558,LeaderAccept
1785244774554,false,1785244774595,LeaderAccept
1785244774592,false,1785244774632,LeaderAccept
1785244774630,true,1785244774671,LeaderAccept
1785244774669,false,1785244774710,LeaderAccept
1785244774709,true,1785244774750,LeaderAccept
1785244774750,true,1785244774790,LeaderAccept
1785244774792,false,1785244774832,LeaderAccept
1785244774835,true,1785244774875,LeaderAccept
1785244774878,true,1785244774919,LeaderAccept
1785244774923,false,1785244774964,LeaderAccept
1785244774968,true,1785244775009,LeaderAccept
1785244775014,true,1785244775055,LeaderAccept
1785244775062,true,1785244775103,LeaderAccept
1785244775112,false,1785244775153,LeaderAccept
1785244775161,true,1785244775202,LeaderAccept
1785244775212,true,1785244775253,LeaderAccept
1785244775265,true,1785244775306,LeaderAccept
1785244775318,true,1785244775359,LeaderAccept
1785244775374,false,1785244775415,LeaderAccept
1785244775430,false,1785244775471,LeaderAccept
1785244775490,false,1785244775531,LeaderAccept
1785244775549,true,1785244775591,LeaderAccept
1785244775612,false,1785244775653,LeaderAccept
1785244775675,true,1785244775716,LeaderAccept
1785244775742,false,1785244775783,LeaderAccept
1785244775810,true,1785244775851,LeaderAccept
1785244775881,true,1785244775922,LeaderAccept
1785244775954,false,1785244775995,LeaderAccept
1785244776029,true,1785244776070,LeaderAccept
1785244776107,false,1785244776148,LeaderAccept
1785244776188,true,1785244776229,LeaderAccept
1785244776273,true,1785244776314,LeaderAccept
1785244776362,true,1785244776403,LeaderAccept
1785244776456,false,1785244776496,LeaderAccept
1785244776552,true,1785244776593,LeaderAccept
1785244776653,false,1785244776694,LeaderAccept
1785244776760,true,1785244776802,LeaderAccept
1785244776873,false,1785244776915,LeaderAccept
1785244776993,false,1785244777033,LeaderAccept
1785244777120,false,1785244777161,LeaderAccept
1785244777254,true,1785244777295,LeaderAccept
1785244777398,false,1785244777440,LeaderAccept
1785244777554,false,1785244777595,LeaderAccept
1785244777720,true,1785244777762,LeaderAccept
1785244777901,false,1785244777943,LeaderAccept
1785244778100,false,1785244778141,LeaderAccept
1785244778318,true,1785244778360,LeaderAccept
1785244778562,false,1785244778604,LeaderAccept
1785244778838,true,1785244778878,LeaderAccept
1785244779155,true,1785244779196,LeaderAccept
1785244779525,true,1785244779566,LeaderAccept
1785244779971,true,1785244780011,LeaderAccept
1785244780526,false,1785244780567,LeaderAccept
1785244781259,true,1785244781300,LeaderAccept
1785244782316,false,1785244782357,LeaderAccept
1785244784109,true,1785244784150,LeaderAccept
1785244788502,true,1785244788543,FastAccept
1785244818605,true,1785244818646,FastAccept
1785244818632,true,1785244818673,FastAccept
1785244818661,false,1785244818701,FastAccept
1785244818690,false,1785244818730,FastAccept
1785244818718,true,1785244818759,FastAccept
1785244818748,true,1785244818789,FastAccept
1785244818777,true,1785244818818,FastAccept
1785244818807,true,1785244818848,FastAccept
1785244818837,true,1785244818879,FastAccept
1785244818868,false,1785244818910,FastAccept
1785244818900,false,1785244818941,FastAccept
1785244818932,true,1785244818973,FastAccept
1785244818964,false,1785244819005,FastAccept
1785244818996,true,1785244819037,FastAccept
1785244819030,true,1785244819071,FastAccept
1785244819063,false,1785244819104,FastAccept
1785244819098,true,1785244819139,FastAccept
1785244819132,true,1785244819173,FastAccept
1785244819168,true,1785244819209,FastAccept
1785244819203,true,1785244819244,FastAccept
1785244819240,false,1785244819281,FastAccept
1785244819277,false,1785244819318,FastAccept
1785244819316,true,1785244819357,FastAccept
1785244819355,true,1785244819396,FastAccept
1785244819394,false,1785244819436,FastAccept
1785244819435,false,1785244819476,FastAccept
1785244819476,true,1785244819517,FastAccept
1785244819518,false,1785244819560,FastAccept
1785244819561,true,1785244819602,FastAccept
1785244819604,false,1785244819646,FastAccept
1785244819649,false,1785244819690,FastAccept
1785244819695,false,1785244819746,LeaderAccept
1785244819742,true,1785244819783,FastAccept
1785244819789,false,1785244819830,FastAccept
1785244819839,false,1785244819880,FastAccept
1785244819888,true,1785244819929,FastAccept
1785244819939,false,1785244819981,FastAccept
1785244819993,false,1785244820033,FastAccept
1785244820047,false,1785244820088,FastAccept
1785244820102,true,1785244820143,FastAccept
1785244820160,false,1785244820201,FastAccept
1785244820218,false,1785244820259,FastAccept
1785244820279,false,1785244820320,FastAccept
1785244820340,true,1785244820381,FastAccept
1785244820405,true,1785244820446,FastAccept
1785244820470,false,1785244820512,FastAccept
1785244820538,true,1785244820579,FastAccept
1785244820609,false,1785244820650,FastAccept
1785244820681,true,1785244820722,FastAccept
1785244820757,false,1785244820797,FastAccept
1785244820835,true,1785244820876,FastAccept
1785244820917,true,1785244820958,FastAccept
1785244821002,false,1785244821043,FastAccept
1785244821090,false,1785244821131,FastAccept
1785244821183,true,1785244821224,FastAccept
1785244821279,false,1785244821320,FastAccept
1785244821382,false,1785244821423,FastAccept
1785244821488,true,1785244821530,FastAccept
1785244821601,true,1785244821642,FastAccept
1785244821720,true,1785244821761,FastAccept
1785244821846,false,1785244821888,FastAccept
1785244821980,true,1785244822021,FastAccept
1785244822124,false,1785244822165,FastAccept
1785244822278,false,1785244822320,FastAccept
1785244822445,false,1785244822486,FastAccept
1785244822627,true,1785244822668,FastAccept
1785244822824,false,1785244822866,FastAccept
1785244823042,true,1785244823084,FastAccept
1785244823285,true,1785244823326,FastAccept
1785244823560,true,1785244823601,FastAccept
1785244823875,true,1785244823916,FastAccept
1785244824244,false,1785244824285,FastAccept
1785244824686,true,1785244824727,FastAccept
1785244825239,true,1785244825281,FastAccept
1785244825967,true,1785244826008,FastAccept
1785244827014,false,1785244827055,FastAccept
1785244828779,false,1785244828820,LeaderAccept
1785244833041,false,1785244833082,FastAccept
1785244861962,true,1785244862003,FastAccept
1785244861988,true,1785244862029,FastAccept
1785244862016,true,1785244862057,FastAccept
1785244862044,true,1785244862085,FastAccept
1785244862071,true,1785244862112,FastAccept
1785244862099,false,1785244862141,FastAccept
1785244862129,true,1785244862187,LeaderAccept
1785244862157,true,1785244862207,LeaderAccept
1785244862187,true,1785244862227,FastAccept
1785244862216,true,1785244862257,FastAccept
1785244862247,false,1785244862288,FastAccept
1785244862278,false,1785244862319,FastAccept
1785244862308,true,1785244862350,FastAccept
1785244862340,true,1785244862382,FastAccept
1785244862372,false,1785244862413,FastAccept
1785244862404,false,1785244862445,FastAccept
1785244862437,false,1785244862478,FastAccept
1785244862470,true,1785244862512,FastAccept
1785244862504,false,1785244862545,FastAccept
1785244862538,true,1785244862580,FastAccept
1785244862574,true,1785244862615,FastAccept
1785244862610,true,1785244862651,FastAccept
1785244862646,true,1785244862687,FastAccept
1785244862683,true,1785244862724,FastAccept
1785244862722,true,1785244862762,FastAccept
1785244862761,true,1785244862802,FastAccept
1785244862800,true,1785244862840,FastAccept
1785244862839,true,1785244862880,LeaderAccept
1785244862880,false,1785244862921,LeaderAccept
1785244862921,true,1785244862961,LeaderAccept
1785244862963,false,1785244863004,LeaderAccept
1785244863006,true,1785244863047,LeaderAccept
1785244863050,false,1785244863091,LeaderAccept
1785244863095,true,1785244863136,LeaderAccept
1785244863141,true,1785244863183,LeaderAccept
1785244863189,false,1785244863230,LeaderAccept
1785244863237,true,1785244863278,LeaderAccept
1785244863287,true,1785244863328,LeaderAccept
1785244863337,false,1785244863378,LeaderAccept
1785244863390,false,1785244863432,LeaderAccept
1785244863443,true,1785244863484,LeaderAccept
1785244863497,false,1785244863539,LeaderAccept
1785244863554,true,1785244863594,LeaderAccept
1785244863611,true,1785244863652,LeaderAccept
1785244863670,false,1785244863711,LeaderAccept
1785244863731,false,1785244863772,LeaderAccept
1785244863794,false,1785244863834,LeaderAccept
1785244863860,false,1785244863900,LeaderAccept
1785244863927,true,1785244863968,LeaderAccept
1785244863995,true,1785244864037,LeaderAccept
1785244864066,true,1785244864107,LeaderAccept
1785244864140,false,1785244864181,LeaderAccept
1785244864217,true,1785244864258,LeaderAccept
1785244864296,false,1785244864337,LeaderAccept
1785244864380,false,1785244864422,LeaderAccept
1785244864467,false,1785244864508,LeaderAccept
1785244864558,true,1785244864599,LeaderAccept
1785244864652,true,1785244864693,LeaderAccept
1785244864752,true,1785244864793,LeaderAccept
1785244864856,true,1785244864897,LeaderAccept
1785244864965,false,1785244865006,LeaderAccept
1785244865081,true,1785244865123,LeaderAccept
1785244865203,false,1785244865244,LeaderAccept
1785244865332,false,1785244865373,LeaderAccept
1785244865471,true,1785244865513,LeaderAccept
1785244865619,false,1785244865661,LeaderAccept
1785244865778,false,1785244865819,LeaderAccept
1785244865951,false,1785244865992,LeaderAccept
1785244866139,false,1785244866181,LeaderAccept
1785244866345,false,1785244866386,LeaderAccept
1785244866574,true,1785244866615,LeaderAccept
1785244866830,false,1785244866871,LeaderAccept
1785244867121,true,1785244867162,LeaderAccept
1785244867458,false,1785244867500,LeaderAccept
1785244867855,false,1785244867897,FastAccept
1785244868341,false,1785244868382,FastAccept
1785244868958,false,1785244868999,FastAccept
1785244869800,false,1785244869841,FastAccept
1785244871080,false,1785244871122,FastAccept
1785244873508,false,1785244873550,FastAccept
1785244881677,false,1785244881718,FastAccept
1785244885309,false,1785244885351,LeaderAccept
1785244885334,false,1785244885375,LeaderAccept
1785244885359,false,1785244885399,LeaderAccept
1785244885383,false,1785244885425,LeaderAccept
1785244885410,true,1785244885451,LeaderAccept
1785244885435,true,1785244885476,LeaderAccept
1785244885461,false,1785244885502,LeaderAccept
1785244885487,true,1785244885528,LeaderAccept
1785244885513,false,1785244885555,LeaderAccept
1785244885541,true,1785244885582,LeaderAccept
1785244885568,false,1785244885609,LeaderAccept
1785244885596,true,1785244885637,LeaderAccept
1785244885625,true,1785244885666,LeaderAccept
1785244885653,true,1785244885694,LeaderAccept
1785244885682,true,1785244885723,LeaderAccept
1785244885711,true,1785244885752,LeaderAccept
1785244885742,true,1785244885783,LeaderAccept
1785244885773,true,1785244885814,LeaderAccept
1785244885803,true,1785244885844,LeaderAccept
1785244885835,false,1785244885876,LeaderAccept
1785244885866,false,1785244885908,LeaderAccept
1785244885898,false,1785244885940,LeaderAccept
1785244885931,false,1785244885972,LeaderAccept
1785244885964,false,1785244886006,LeaderAccept
1785244885998,false,1785244886039,LeaderAccept
1785244886032,false,1785244886074,LeaderAccept
1785244886066,false,1785244886108,LeaderAccept
1785244886101,true,1785244886142,LeaderAccept
1785244886137,false,1785244886178,LeaderAccept
1785244886173,false,1785244886213,LeaderAccept
1785244886210,false,1785244886252,LeaderAccept
1785244886248,false,1785244886288,LeaderAccept
1785244886286,false,1785244886327,LeaderAccept
1785244886325,false,1785244886366,LeaderAccept
1785244886365,false,1785244886406,LeaderAccept
1785244886406,false,1785244886447,LeaderAccept
1785244886448,true,1785244886489,LeaderAccept
1785244886490,true,1785244886532,LeaderAccept
1785244886533,true,1785244886574,LeaderAccept
1785244886577,false,1785244886618,LeaderAccept
1785244886623,true,1785244886664,LeaderAccept
1785244886669,false,1785244886710,LeaderAccept
1785244886716,false,1785244886757,LeaderAccept
1785244886765,true,1785244886806,LeaderAccept
1785244886814,false,1785244886855,LeaderAccept
1785244886865,true,1785244886907,LeaderAccept
1785244886918,false,1785244886959,LeaderAccept
1785244886971,false,1785244887012,LeaderAccept
1785244887026,false,1785244887067,LeaderAccept
1785244887083,false,1785244887124,LeaderAccept
1785244887140,false,1785244887181,LeaderAccept
1785244887200,true,1785244887241,LeaderAccept
1785244887261,false,1785244887303,LeaderAccept
1785244887324,false,1785244887365,LeaderAccept
1785244887389,false,1785244887431,LeaderAccept
1785244887456,false,1785244887497,LeaderAccept
1785244887526,false,1785244887566,LeaderAccept
1785244887598,false,1785244887639,LeaderAccept
1785244887673,true,1785244887715,LeaderAccept
1785244887750,false,1785244887791,LeaderAccept
1785244887830,true,1785244887871,LeaderAccept
1785244887914,false,1785244887955,LeaderAccept
1785244888001,false,1785244888042,LeaderAccept
1785244888092,false,1785244888133,LeaderAccept
1785244888187,false,1785244888228,LeaderAccept
1785244888287,false,1785244888328,LeaderAccept
1785244888392,true,1785244888434,LeaderAccept
1785244888502,false,1785244888543,LeaderAccept
1785244888619,false,1785244888660,LeaderAccept
1785244888744,false,1785244888784,LeaderAccept
1785244888876,false,1785244888917,LeaderAccept
1785244889016,true,1785244889057,LeaderAccept
1785244889167,true,1785244889208,LeaderAccept
1785244889328,true,1785244889369,LeaderAccept
1785244889504,false,1785244889545,LeaderAccept
1785244889696,false,1785244889737,LeaderAccept
1785244889907,true,1785244889948,LeaderAccept
1785244890140,false,1785244890181,LeaderAccept
1785244890403,false,1785244890444,FastAccept
1785244890703,false,1785244890744,FastAccept
1785244891050,false,1785244891091,FastAccept
1785244891463,true,1785244891504,FastAccept
1785244891971,true,1785244892013,FastAccept
1785244892626,true,1785244892668,FastAccept
1785244893535,false,1785244893577,FastAccept
1785244894964,false,1785244895005,FastAccept
1785244897885,true,1785244897926,FastAccept
1785244910454,true,1785244910495,LeaderAccept
1785244926832,true,1785244926873,FastAccept
1785244926855,true,1785244926897,FastAccept
1785244926877,false,1785244926918,FastAccept
1785244926898,true,1785244926939,FastAccept
1785244926920,false,1785244926961,FastAccept
1785244926942,false,1785244926983,FastAccept
1785244926964,true,1785244927005,FastAccept
1785244926987,true,1785244927029,FastAccept
1785244927011,false,1785244927052,FastAccept
1785244927035,false,1785244927076,FastAccept
1785244927058,true,1785244927099,FastAccept
1785244927083,false,1785244927124,FastAccept
1785244927108,false,1785244927149,FastAccept
1785244927132,true,1785244927174,FastAccept
1785244927157,true,1785244927199,FastAccept
1785244927183,false,1785244927224,FastAccept
1785244927207,false,1785244927248,FastAccept
1785244927232,true,1785244927273,FastAccept
1785244927257,true,1785244927299,FastAccept
1785244927283,false,1785244927325,FastAccept
1785244927310,false,1785244927351,FastAccept
1785244927336,false,1785244927377,FastAccept
1785244927363,false,1785244927404,FastAccept
1785244927392,true,1785244927432,FastAccept
1785244927420,false,1785244927461,FastAccept
1785244927448,true,1785244927489,FastAccept
1785244927476,true,1785244927517,FastAccept
1785244927505,true,1785244927568,LeaderAccept
1785244927535,true,1785244927596,LeaderAccept
1785244927564,true,1785244927625,LeaderAccept
1785244927594,false,1785244927645,LeaderAccept
1785244927625,false,1785244927690,LeaderAccept
1785244927657,false,1785244927698,LeaderAccept
1785244927688,true,1785244927729,LeaderAccept
1785244927720,false,1785244927761,LeaderAccept
1785244927754,false,1785244927794,LeaderAccept
1785244927787,false,1785244927828,LeaderAccept
1785244927821,false,1785244927862,LeaderAccept
1785244927856,true,1785244927897,LeaderAccept
1785244927890,false,1785244927931,LeaderAccept
1785244927925,false,1785244927966,LeaderAccept
1785244927961,false,1785244928002,LeaderAccept
1785244927998,true,1785244928039,LeaderAccept
1785244928035,false,1785244928076,LeaderAccept
1785244928073,true,1785244928114,LeaderAccept
1785244928112,true,1785244928154,LeaderAccept
1785244928151,false,1785244928191,LeaderAccept
1785244928191,true,1785244928232,LeaderAccept
1785244928232,true,1785244928273,LeaderAccept
1785244928274,false,1785244928315,LeaderAccept
1785244928317,false,1785244928359,LeaderAccept
1785244928362,false,1785244928403,LeaderAccept
1785244928406,false,1785244928447,LeaderAccept
1785244928452,false,1785244928493,LeaderAccept
1785244928498,false,1785244928539,LeaderAccept
1785244928547,true,1785244928588,LeaderAccept
1785244928596,false,1785244928637,LeaderAccept
1785244928646,false,1785244928688,LeaderAccept
1785244928697,true,1785244928738,LeaderAccept
1785244928750,true,1785244928791,LeaderAccept
1785244928804,true,1785244928845,LeaderAccept
1785244928860,false,1785244928901,LeaderAccept
1785244928917,true,1785244928957,LeaderAccept
1785244928976,false,1785244929017,LeaderAccept
1785244929035,true,1785244929077,LeaderAccept
1785244929097,false,1785244929139,LeaderAccept
1785244929161,false,1785244929203,LeaderAccept
1785244929227,true,1785244929268,LeaderAccept
1785244929296,true,1785244929337,LeaderAccept
1785244929367,true,1785244929408,LeaderAccept
1785244929439,false,1785244929480,LeaderAccept
1785244929516,true,1785244929556,LeaderAccept
1785244929595,false,1785244929636,LeaderAccept
1785244929676,false,1785244929717,LeaderAccept
1785244929762,false,1785244929803,LeaderAccept
1785244929850,true,1785244929892,LeaderAccept
1785244929943,true,1785244929985,LeaderAccept
1785244930041,true,1785244930082,LeaderAccept
1785244930142,false,1785244930183,LeaderAccept
1785244930249,false,1785244930290,LeaderAccept
1785244930363,false,1785244930404,LeaderAccept
1785244930482,false,1785244930523,LeaderAccept
1785244930608,false,1785244930649,LeaderAccept
1785244930744,false,1785244930785,LeaderAccept
1785244930887,false,1785244930927,LeaderAccept
1785244931042,false,1785244931082,LeaderAccept
1785244931208,false,1785244931249,LeaderAccept
1785244931389,false,1785244931430,LeaderAccept
1785244931588,false,1785244931629,LeaderAccept
1785244931807,false,1785244931848,LeaderAccept
1785244932051,true,1785244932092,LeaderAccept
1785244932327,false,1785244932369,LeaderAccept
1785244932645,true,1785244932686,LeaderAccept
1785244933015,false,1785244933056,LeaderAccept
1785244933461,false,1785244933502,LeaderAccept
1785244934018,true,1785244934059,LeaderAccept
1785244934754,false,1785244934795,LeaderAccept
1785244935816,true,1785244935856,LeaderAccept
1785244937621,true,1785244937662,LeaderAccept
1785244942072,false,1785244942113,FastAccept
1785244972190,false,1785244972231,LeaderAccept
1785244972207,false,1785244972248,LeaderAccept
1785244972226,true,1785244972267,LeaderAccept
1785244972244,false,1785244972285,LeaderAccept
1785244972262,false,1785244972303,LeaderAccept
1785244972280,false,1785244972321,LeaderAccept
1785244972298,false,1785244972340,LeaderAccept
1785244972316,true,1785244972357,LeaderAccept
1785244972335,true,1785244972377,LeaderAccept
1785244972354,false,1785244972396,LeaderAccept
1785244972373,true,1785244972414,LeaderAccept
1785244972392,true,1785244972432,LeaderAccept
1785244972411,true,1785244972452,LeaderAccept
1785244972432,false,1785244972472,LeaderAccept
1785244972452,false,1785244972492,LeaderAccept
1785244972471,true,1785244972512,LeaderAccept
1785244972491,true,1785244972532,LeaderAccept
1785244972511,true,1785244972552,LeaderAccept
1785244972531,true,1785244972572,LeaderAccept
1785244972552,false,1785244972592,LeaderAccept
1785244972573,false,1785244972613,LeaderAccept
1785244972594,false,1785244972634,LeaderAccept
1785244972616,true,1785244972656,LeaderAccept
1785244972637,false,1785244972678,LeaderAccept
1785244972659,true,1785244972700,LeaderAccept
1785244972681,false,1785244972721,LeaderAccept
1785244972703,true,1785244972744,LeaderAccept
1785244972726,false,1785244972766,LeaderAccept
1785244972748,false,1785244972789,LeaderAccept
1785244972771,true,1785244972813,LeaderAccept
1785244972794,true,1785244972835,LeaderAccept
1785244972818,true,1785244972858,LeaderAccept
1785244972842,true,1785244972883,LeaderAccept
1785244972867,true,1785244972908,LeaderAccept
1785244972891,true,1785244972932,LeaderAccept
1785244972915,false,1785244972956,LeaderAccept
1785244972940,false,1785244972980,LeaderAccept
1785244972965,false,1785244973006,LeaderAccept
1785244972990,false,1785244973031,LeaderAccept
1785244973016,true,1785244973057,LeaderAccept
1785244973043,false,1785244973083,LeaderAccept
1785244973069,true,1785244973110,LeaderAccept
1785244973097,true,1785244973138,LeaderAccept
1785244973125,false,1785244973165,LeaderAccept
1785244973152,true,1785244973193,LeaderAccept
1785244973181,true,1785244973221,LeaderAccept
1785244973210,false,1785244973251,LeaderAccept
1785244973239,false,1785244973280,LeaderAccept
1785244973267,true,1785244973308,LeaderAccept
1785244973297,true,1785244973339,LeaderAccept
1785244973327,true,1785244973368,LeaderAccept
1785244973357,false,1785244973399,LeaderAccept
1785244973388,true,1785244973429,LeaderAccept
1785244973420,true,1785244973461,LeaderAccept
1785244973451,false,1785244973492,LeaderAccept
1785244973483,false,1785244973525,LeaderAccept
1785244973516,true,1785244973557,LeaderAccept
1785244973549,true,1785244973590,LeaderAccept
1785244973583,false,1785244973623,LeaderAccept
1785244973617,true,1785244973658,LeaderAccept
1785244973653,true,1785244973693,LeaderAccept
1785244973688,true,1785244973729,LeaderAccept
1785244973725,true,1785244973765,LeaderAccept
1785244973761,true,1785244973801,LeaderAccept
1785244973799,false,1785244973839,LeaderAccept
1785244973837,true,1785244973878,LeaderAccept
1785244973876,true,1785244973917,LeaderAccept
1785244973916,false,1785244973957,LeaderAccept
1785244973956,true,1785244973997,LeaderAccept
1785244973997,true,1785244974037,LeaderAccept
1785244974040,true,1785244974081,LeaderAccept
1785244974082,false,1785244974123,LeaderAccept
1785244974125,false,1785244974166,LeaderAccept
1785244974169,true,1785244974210,LeaderAccept
1785244974216,true,1785244974256,LeaderAccept
1785244974263,false,1785244974304,LeaderAccept
1785244974311,true,1785244974351,LeaderAccept
1785244974359,true,1785244974401,LeaderAccept
1785244974409,true,1785244974450,LeaderAccept
1785244974460,false,1785244974501,LeaderAccept
1785244974513,false,1785244974554,LeaderAccept
1785244974567,false,1785244974609,LeaderAccept
1785244974623,false,1785244974664,LeaderAccept
1785244974680,false,1785244974721,LeaderAccept
1785244974739,true,1785244974780,LeaderAccept
1785244974799,true,1785244974839,LeaderAccept
1785244974862,false,1785244974903,LeaderAccept
1785244974925,false,1785244974966,LeaderAccept
1785244974991,true,1785244975032,LeaderAccept
1785244975060,true,1785244975101,LeaderAccept
1785244975130,false,1785244975172,LeaderAccept
1785244975203,true,1785244975244,LeaderAccept
1785244975280,true,1785244975321,LeaderAccept
1785244975358,true,1785244975399,LeaderAccept
1785244975440,false,1785244975481,LeaderAccept
1785244975525,false,1785244975566,LeaderAccept
1785244975613,false,1785244975655,LeaderAccept
1785244975706,true,1785244975748,LeaderAccept
1785244975803,false,1785244975844,LeaderAccept
1785244975906,true,1785244975947,LeaderAccept
1785244976013,true,1785244976054,LeaderAccept
1785244976127,false,1785244976168,LeaderAccept
1785244976247,false,1785244976289,LeaderAccept
1785244976374,true,1785244976416,LeaderAccept
1785244976510,true,1785244976551,LeaderAccept
1785244976654,true,1785244976696,LeaderAccept
1785244976809,false,1785244976850,LeaderAccept
1785244976978,true,1785244977018,LeaderAccept
1785244977161,false,1785244977203,LeaderAccept
1785244977361,false,1785244977402,LeaderAccept
1785244977583,true,1785244977623,LeaderAccept
1785244977829,true,1785244977870,LeaderAccept
1785244978108,true,1785244978149,LeaderAccept
1785244978427,false,1785244978468,FastAccept
1785244978802,true,1785244978843,FastAccept
1785244979255,false,1785244979296,FastAccept
1785244979822,false,1785244979863,FastAccept
1785244980575,false,1785244980616,FastAccept
1785244981671,true,1785244981712,FastAccept
1785244983567,false,1785244983608,FastAccept
1785244988454,true,1785244988496,LeaderAccept
1785245013453,true,1785245013495,FastAccept
1785245013468,false,1785245013509,FastAccept
1785245013483,true,1785245013525,FastAccept
1785245013499,true,1785245013540,FastAccept
1785245013515,false,1785245013556,FastAccept
1785245013529,false,1785245013570,FastAccept
1785245013544,false,1785245013585,FastAccept
1785245013559,false,1785245013600,FastAccept
1785245013574,false,1785245013615,FastAccept
1785245013590,false,1785245013632,FastAccept
1785245013607,false,1785245013648,FastAccept
1785245013623,false,1785245013664,FastAccept
1785245013638,true,1785245013679,FastAccept
1785245013654,true,1785245013695,FastAccept
1785245013671,true,1785245013712,FastAccept
1785245013687,true,1785245013728,FastAccept
1785245013704,false,1785245013744,FastAccept
1785245013720,false,1785245013761,FastAccept
1785245013737,false,1785245013778,FastAccept
1785245013754,false,1785245013794,FastAccept
1785245013770,true,1785245013811,FastAccept
1785245013787,false,1785245013828,FastAccept
1785245013805,false,1785245013846,FastAccept
1785245013823,true,1785245013864,FastAccept
1785245013840,false,1785245013881,FastAccept
1785245013858,false,1785245013899,FastAccept
1785245013876,true,1785245013917,FastAccept
1785245013894,true,1785245013936,FastAccept
1785245013913,true,1785245013953,FastAccept
1785245013932,true,1785245013972,FastAccept
1785245013950,false,1785245013991,FastAccept
1785245013969,false,1785245014009,FastAccept
1785245013988,false,1785245014030,FastAccept
1785245014006,false,1785245014047,FastAccept
1785245014026,true,1785245014067,FastAccept
1785245014046,true,1785245014086,FastAccept
1785245014066,false,1785245014106,FastAccept
1785245014086,true,1785245014126,FastAccept
1785245014106,true,1785245014146,FastAccept
1785245014126,false,1785245014166,FastAccept
1785245014145,true,1785245014187,FastAccept
1785245014165,true,1785245014206,FastAccept
1785245014186,true,1785245014226,FastAccept
1785245014206,false,1785245014247,FastAccept
1785245014228,true,1785245014268,FastAccept
1785245014249,false,1785245014290,FastAccept
1785245014271,false,1785245014312,FastAccept
1785245014293,true,1785245014334,FastAccept
1785245014314,true,1785245014355,FastAccept
1785245014336,true,1785245014378,FastAccept
1785245014358,true,1785245014400,FastAccept
1785245014382,true,1785245014423,FastAccept
1785245014404,true,1785245014445,FastAccept
1785245014428,false,1785245014469,FastAccept
1785245014451,false,1785245014493,FastAccept
1785245014474,true,1785245014515,FastAccept
1785245014498,true,1785245014538,FastAccept
1785245014522,true,1785245014563,FastAccept
1785245014547,true,1785245014592,FastAccept
1785245014572,true,1785245014613,FastAccept
1785245014597,false,1785245014638,FastAccept
1785245014623,false,1785245014664,FastAccept
1785245014648,true,1785245014690,FastAccept
1785245014674,true,1785245014715,FastAccept
1785245014700,false,1785245014741,FastAccept
1785245014727,false,1785245014768,FastAccept
1785245014753,false,1785245014794,FastAccept
1785245014780,false,1785245014821,FastAccept
1785245014808,true,1785245014849,FastAccept
1785245014835,false,1785245014876,FastAccept
1785245014863,true,1785245014904,FastAccept
1785245014892,false,1785245014933,FastAccept
1785245014922,true,1785245014962,FastAccept
1785245014952,false,1785245014993,FastAccept
1785245014982,true,1785245015023,FastAccept
1785245015012,true,1785245015053,FastAccept
1785245015043,false,1785245015085,FastAccept
1785245015074,true,1785245015116,FastAccept
1785245015106,false,1785245015148,FastAccept
1785245015139,false,1785245015181,FastAccept
1785245015172,false,1785245015213,FastAccept
1785245015205,true,1785245015246,FastAccept
1785245015238,false,1785245015280,FastAccept
1785245015274,true,1785245015315,FastAccept
1785245015308,true,1785245015350,FastAccept
1785245015343,false,1785245015384,FastAccept
1785245015379,false,1785245015421,FastAccept
1785245015417,false,1785245015460,FastAccept
1785245015455,false,1785245015496,FastAccept
1785245015493,false,1785245015534,FastAccept
1785245015533,true,1785245015573,FastAccept
1785245015572,true,1785245015614,FastAccept
1785245015613,false,1785245015654,FastAccept
1785245015653,false,1785245015694,FastAccept
1785245015695,false,1785245015737,FastAccept
1785245015738,true,1785245015779,FastAccept
1785245015781,false,1785245015822,FastAccept
1785245015825,false,1785245015867,FastAccept
1785245015872,true,1785245015913,FastAccept
1785245015919,true,1785245015960,FastAccept
1785245015966,true,1785245016007,FastAccept
1785245016016,false,1785245016057,FastAccept
1785245016066,false,1785245016108,FastAccept
1785245016118,true,1785245016159,FastAccept
1785245016170,false,1785245016211,FastAccept
1785245016225,true,1785245016266,FastAccept
1785245016280,true,1785245016322,FastAccept
1785245016337,true,1785245016378,FastAccept
1785245016395,true,1785245016436,FastAccept
1785245016456,true,1785245016497,FastAccept
1785245016518,true,1785245016559,FastAccept
1785245016582,true,1785245016623,FastAccept
1785245016649,false,1785245016690,FastAccept
1785245016717,true,1785245016758,FastAccept
1785245016788,true,1785245016829,FastAccept
1785245016861,true,1785245016902,FastAccept
1785245016936,false,1785245016978,FastAccept
1785245017015,true,1785245017056,FastAccept
1785245017097,true,1785245017138,FastAccept
1785245017183,true,1785245017225,FastAccept
1785245017271,false,1785245017312,FastAccept
1785245017363,true,1785245017404,FastAccept
1785245017461,false,1785245017502,FastAccept
1785245017562,false,1785245017604,FastAccept
1785245017670,true,1785245017712,FastAccept
1785245017782,true,1785245017823,FastAccept
1785245017902,false,1785245017943,FastAccept
1785245018029,true,1785245018070,FastAccept
1785245018163,false,1785245018204,FastAccept
1785245018308,false,1785245018349,FastAccept
1785245018463,true,1785245018504,FastAccept
1785245018630,false,1785245018672,FastAccept
1785245018813,false,1785245018854,FastAccept
1785245019012,false,1785245019053,FastAccept
1785245019232,true,1785245019273,FastAccept
1785245019476,false,1785245019517,LeaderAccept
1785245019754,true,1785245019794,LeaderAccept
1785245020072,false,1785245020113,LeaderAccept
1785245020444,true,1785245020485,LeaderAccept
1785245020892,true,1785245020934,LeaderAccept
1785245021452,true,1785245021493,LeaderAccept
1785245022194,false,1785245022235,LeaderAccept
1785245023268,false,1785245023309,LeaderAccept
1785245025106,false,1785245025147,LeaderAccept
1785245029707,false,1785245029748,FastAccept
1785245064172,true,1785245064213,FastAccept
1785245064190,true,1785245064230,FastAccept
1785245064207,false,1785245064248,FastAccept
1785245064225,true,1785245064265,FastAccept
1785245064243,false,1785245064284,FastAccept
1785245064261,true,1785245064301,FastAccept
1785245064279,false,1785245064319,FastAccept
1785245064298,true,1785245064339,FastAccept
1785245064317,true,1785245064358,FastAccept
1785245064336,false,1785245064376,FastAccept
1785245064354,true,1785245064395,FastAccept
1785245064374,false,1785245064415,FastAccept
1785245064393,false,1785245064433,FastAccept
1785245064411,true,1785245064452,FastAccept
1785245064431,false,1785245064471,FastAccept
1785245064451,true,1785245064491,FastAccept
1785245064470,false,1785245064510,FastAccept
1785245064489,false,1785245064530,FastAccept
1785245064510,false,1785245064550,FastAccept
1785245064530,true,1785245064570,FastAccept
1785245064550,true,1785245064591,FastAccept
1785245064570,true,1785245064611,FastAccept
1785245064591,true,1785245064632,FastAccept
1785245064611,true,1785245064652,FastAccept
1785245064632,false,1785245064673,FastAccept
1785245064653,false,1785245064694,FastAccept
1785245064675,true,1785245064716,FastAccept
1785245064696,false,1785245064737,FastAccept
1785245064718,true,1785245064759,FastAccept
1785245064740,false,1785245064781,FastAccept
1785245064762,true,1785245064803,FastAccept
1785245064785,true,1785245064826,FastAccept
1785245064807,false,1785245064848,FastAccept
1785245064830,true,1785245064871,FastAccept
1785245064853,true,1785245064895,FastAccept
1785245064877,true,1785245064919,FastAccept
1785245064901,true,1785245064942,FastAccept
1785245064925,true,1785245064967,FastAccept
1785245064949,false,1785245064990,FastAccept
1785245064974,false,1785245065015,FastAccept
1785245065000,false,1785245065040,FastAccept
1785245065025,false,1785245065066,FastAccept
1785245065052,true,1785245065092,FastAccept
1785245065077,false,1785245065118,FastAccept
1785245065104,false,1785245065145,FastAccept
1785245065131,false,1785245065172,FastAccept
1785245065157,false,1785245065198,FastAccept
1785245065184,true,1785245065225,FastAccept
1785245065212,true,1785245065253,FastAccept
1785245065240,true,1785245065281,FastAccept
1785245065269,true,1785245065310,FastAccept
1785245065297,false,1785245065339,FastAccept
1785245065327,false,1785245065368,FastAccept
1785245065357,true,1785245065398,FastAccept
1785245065386,false,1785245065427,FastAccept
1785245065417,false,1785245065458,FastAccept
1785245065449,true,1785245065490,FastAccept
1785245065480,false,1785245065522,FastAccept
1785245065512,true,1785245065553,FastAccept
1785245065546,false,1785245065587,FastAccept
1785245065579,true,1785245065621,FastAccept
1785245065613,true,1785245065654,FastAccept
1785245065647,true,1785245065688,FastAccept
1785245065682,false,1785245065723,FastAccept
1785245065717,false,1785245065758,FastAccept
1785245065753,true,1785245065794,FastAccept
1785245065791,false,1785245065831,FastAccept
1785245065827,true,1785245065868,FastAccept
1785245065866,false,1785245065907,FastAccept
1785245065905,false,1785245065946,FastAccept
1785245065944,true,1785245065985,FastAccept
1785245065985,false,1785245066026,FastAccept
1785245066025,true,1785245066066,FastAccept
1785245066068,true,1785245066109,FastAccept
1785245066110,false,1785245066151,FastAccept
1785245066153,true,1785245066194,FastAccept
1785245066197,false,1785245066238,FastAccept
1785245066242,true,1785245066283,FastAccept
1785245066288,true,1785245066329,FastAccept
1785245066336,false,1785245066377,FastAccept
1785245066384,true,1785245066425,FastAccept
1785245066434,true,1785245066475,FastAccept
1785245066484,false,1785245066525,FastAccept
1785245066537,false,1785245066578,FastAccept
1785245066590,false,1785245066631,FastAccept
1785245066645,true,1785245066686,FastAccept
1785245066703,false,1785245066743,FastAccept
1785245066761,false,1785245066802,FastAccept
1785245066820,true,1785245066862,FastAccept
1785245066881,false,1785245066922,FastAccept
1785245066945,true,1785245066986,FastAccept
1785245067010,true,1785245067051,FastAccept
1785245067078,false,1785245067119,FastAccept
1785245067147,true,1785245067189,FastAccept
1785245067219,true,1785245067261,FastAccept
1785245067294,true,1785245067336,FastAccept
1785245067372,false,1785245067413,FastAccept
1785245067452,false,1785245067494,FastAccept
1785245067536,true,1785245067577,FastAccept
1785245067624,false,1785245067665,FastAccept
1785245067716,false,1785245067757,FastAccept
1785245067811,false,1785245067852,FastAccept
1785245067912,true,1785245067953,FastAccept
1785245068017,false,1785245068058,FastAccept
1785245068129,false,1785245068170,FastAccept
1785245068246,true,1785245068288,FastAccept
1785245068370,false,1785245068412,FastAccept
1785245068502,false,1785245068558,LeaderAccept
1785245068643,false,1785245068685,LeaderAccept
1785245068794,true,1785245068835,LeaderAccept
1785245068958,true,1785245068998,LeaderAccept
1785245069134,true,1785245069175,LeaderAccept
1785245069328,true,1785245069369,LeaderAccept
1785245069540,true,1785245069582,LeaderAccept
1785245069777,true,1785245069818,LeaderAccept
1785245070042,true,1785245070083,LeaderAccept
1785245070346,false,1785245070387,LeaderAccept
1785245070699,true,1785245070739,LeaderAccept
1785245071118,true,1785245071159,LeaderAccept
1785245071635,true,1785245071675,LeaderAccept
1785245072305,true,1785245072346,LeaderAccept
1785245073242,false,1785245073284,LeaderAccept
1785245074739,false,1785245074780,LeaderAccept
1785245077896,true,1785245077937,LeaderAccept
1785245093208,true,1785245093249,FastAccept
1785245093774,true,1785245093815,FastAccept
1785245093802,false,1785245093843,FastAccept
1785245093830,false,1785245093871,FastAccept
1785245093858,true,1785245093899,FastAccept
1785245093888,true,1785245093929,FastAccept
1785245093917,true,1785245093958,FastAccept
1785245093946,false,1785245093987,FastAccept
1785245093977,true,1785245094018,FastAccept
1785245094007,true,1785245094048,FastAccept
1785245094038,true,1785245094079,FastAccept
1785245094069,false,1785245094110,FastAccept
1785245094102,false,1785245094143,FastAccept
1785245094135,false,1785245094176,FastAccept
1785245094167,false,1785245094217,LeaderAccept
1785245094200,true,1785245094242,FastAccept
1785245094235,false,1785245094276,FastAccept
1785245094270,false,1785245094311,FastAccept
1785245094305,true,1785245094346,FastAccept
1785245094341,true,1785245094382,FastAccept
1785245094377,false,1785245094419,FastAccept
1785245094414,false,1785245094455,FastAccept
1785245094451,false,1785245094492,FastAccept
1785245094490,true,1785245094531,FastAccept
1785245094528,true,1785245094569,FastAccept
1785245094568,true,1785245094609,FastAccept
1785245094608,false,1785245094649,FastAccept
1785245094649,false,1785245094690,FastAccept
1785245094691,false,1785245094732,FastAccept
1785245094734,false,1785245094775,FastAccept
1785245094778,false,1785245094819,FastAccept
1785245094823,false,1785245094864,FastAccept
1785245094870,false,1785245094911,FastAccept
1785245094917,true,1785245094958,FastAccept
1785245094964,true,1785245095005,FastAccept
1785245095013,false,1785245095055,FastAccept
1785245095063,false,1785245095105,FastAccept
1785245095115,true,1785245095156,FastAccept
1785245095167,false,1785245095209,FastAccept
1785245095221,true,1785245095262,FastAccept
1785245095276,false,1785245095318,FastAccept
1785245095333,true,1785245095375,FastAccept
1785245095391,false,1785245095432,FastAccept
1785245095452,true,1785245095493,FastAccept
1785245095514,true,1785245095555,FastAccept
1785245095578,true,1785245095626,LeaderAccept
1785245095644,true,1785245095685,FastAccept
1785245095713,true,1785245095754,FastAccept
1785245095784,false,1785245095825,FastAccept
1785245095857,true,1785245095898,FastAccept
1785245095934,true,1785245095975,FastAccept
1785245096012,false,1785245096054,FastAccept
1785245096095,true,1785245096136,FastAccept
1785245096180,false,1785245096221,FastAccept
1785245096269,true,1785245096310,FastAccept
1785245096363,false,1785245096404,FastAccept
1785245096461,false,1785245096501,FastAccept
1785245096564,false,1785245096605,FastAccept
1785245096671,true,1785245096713,FastAccept
1785245096786,false,1785245096827,FastAccept
1785245096906,false,1785245096948,FastAccept
1785245097033,true,1785245097074,FastAccept
1785245097170,true,1785245097211,FastAccept
1785245097315,true,1785245097357,FastAccept
1785245097472,false,1785245097513,FastAccept
1785245097640,true,1785245097681,FastAccept
1785245097823,false,1785245097864,FastAccept
1785245098024,true,1785245098065,FastAccept
1785245098246,false,1785245098287,FastAccept
1785245098494,true,1785245098535,FastAccept
1785245098775,false,1785245098816,FastAccept
1785245099098,false,1785245099139,FastAccept
1785245099476,true,1785245099540,LeaderAccept
1785245099934,false,1785245099975,LeaderAccept
1785245100509,false,1785245100550,LeaderAccept
1785245101276,false,1785245101318,LeaderAccept
1785245102400,true,1785245102442,LeaderAccept
1785245104371,false,1785245104412,LeaderAccept
1785245109650,false,1785245109692,LeaderAccept
1785245129788,false,1785245129830,FastAccept
1785245129807,false,1785245129848,FastAccept
1785245129824,false,1785245129865,FastAccept
1785245129843,false,1785245129885,FastAccept
1785245129861,false,1785245129902,FastAccept
1785245129880,false,1785245129921,FastAccept
1785245129898,false,1785245129939,FastAccept
1785245129916,false,1785245129958,FastAccept
1785245129935,true,1785245129976,FastAccept
1785245129955,false,1785245129996,FastAccept
1785245129973,false,1785245130014,FastAccept
1785245129992,false,1785245130033,FastAccept
1785245130011,false,1785245130052,FastAccept
1785245130031,false,1785245130071,FastAccept
1785245130051,false,1785245130092,FastAccept
1785245130070,true,1785245130111,FastAccept
1785245130091,false,1785245130132,FastAccept
1785245130112,true,1785245130152,FastAccept
1785245130132,false,1785245130172,FastAccept
1785245130152,false,1785245130193,FastAccept
1785245130173,true,1785245130215,FastAccept
1785245130195,false,1785245130236,FastAccept
1785245130216,false,1785245130257,FastAccept
1785245130237,false,1785245130278,FastAccept
1785245130259,false,1785245130301,FastAccept
1785245130281,false,1785245130323,FastAccept
1785245130304,true,1785245130345,FastAccept
1785245130326,true,1785245130367,FastAccept
1785245130348,false,1785245130390,FastAccept
1785245130371,false,1785245130412,FastAccept
1785245130394,false,1785245130435,FastAccept
1785245130418,true,1785245130459,FastAccept
1785245130442,false,1785245130483,FastAccept
1785245130466,true,1785245130507,FastAccept
1785245130490,false,1785245130531,FastAccept
1785245130514,false,1785245130555,FastAccept
1785245130540,false,1785245130581,FastAccept
1785245130565,false,1785245130606,FastAccept
1785245130590,false,1785245130631,FastAccept
1785245130616,false,1785245130657,FastAccept
1785245130643,true,1785245130684,FastAccept
1785245130670,false,1785245130712,FastAccept
1785245130697,false,1785245130738,FastAccept
1785245130724,false,1785245130765,FastAccept
1785245130751,false,1785245130792,FastAccept
1785245130779,false,1785245130820,FastAccept
1785245130807,true,1785245130848,FastAccept
1785245130836,false,1785245130877,FastAccept
1785245130864,true,1785245130905,FastAccept
1785245130893,false,1785245130935,FastAccept
1785245130924,true,1785245130965,FastAccept
1785245130954,true,1785245130996,FastAccept
1785245130985,false,1785245131025,FastAccept
1785245131016,false,1785245131057,FastAccept
1785245131048,true,1785245131089,FastAccept
1785245131079,false,1785245131120,FastAccept
1785245131111,false,1785245131152,FastAccept
1785245131144,false,1785245131185,FastAccept
1785245131177,true,1785245131218,FastAccept
1785245131211,true,1785245131252,FastAccept
1785245131247,false,1785245131288,FastAccept
1785245131283,false,1785245131323,FastAccept
1785245131318,true,1785245131359,FastAccept
1785245131355,false,1785245131396,FastAccept
1785245131393,true,1785245131434,FastAccept
1785245131430,true,1785245131471,FastAccept
1785245131468,false,1785245131509,FastAccept
1785245131507,false,1785245131548,FastAccept
1785245131547,true,1785245131588,FastAccept
1785245131588,false,1785245131629,FastAccept
1785245131629,false,1785245131671,FastAccept
1785245131672,true,1785245131713,FastAccept
1785245131715,false,1785245131757,FastAccept
1785245131759,false,1785245131801,FastAccept
1785245131804,true,1785245131845,FastAccept
1785245131850,false,1785245131892,FastAccept
1785245131898,false,1785245131939,FastAccept
1785245131946,false,1785245131987,FastAccept
1785245131996,true,1785245132037,FastAccept
1785245132047,true,1785245132088,FastAccept
1785245132099,true,1785245132141,FastAccept
1785245132152,true,1785245132193,FastAccept
1785245132207,false,1785245132247,FastAccept
1785245132263,false,1785245132304,FastAccept
1785245132321,false,1785245132362,FastAccept
1785245132380,false,1785245132422,FastAccept
1785245132441,false,1785245132483,FastAccept
1785245132504,true,1785245132545,FastAccept
1785245132570,false,1785245132611,FastAccept
1785245132637,true,1785245132678,FastAccept
1785245132707,true,1785245132748,FastAccept
1785245132778,true,1785245132819,FastAccept
1785245132853,false,1785245132894,FastAccept
1785245132930,true,1785245132987,LeaderAccept
1785245133011,true,1785245133051,LeaderAccept
1785245133094,false,1785245133135,LeaderAccept
1785245133182,false,1785245133223,LeaderAccept
1785245133272,true,1785245133313,LeaderAccept
1785245133368,false,1785245133409,LeaderAccept
1785245133468,false,1785245133509,LeaderAccept
1785245133572,true,1785245133614,LeaderAccept
1785245133682,true,1785245133722,LeaderAccept
1785245133799,false,1785245133840,LeaderAccept
1785245133922,true,1785245133964,LeaderAccept
1785245134054,false,1785245134094,LeaderAccept
1785245134193,true,1785245134234,LeaderAccept
1785245134343,true,1785245134384,LeaderAccept
1785245134506,true,1785245134546,LeaderAccept
1785245134681,true,1785245134722,LeaderAccept
1785245134871,false,1785245134913,LeaderAccept
1785245135082,true,1785245135123,LeaderAccept
1785245135316,true,1785245135357,LeaderAccept
1785245135577,false,1785245135619,LeaderAccept
1785245135875,true,1785245135916,LeaderAccept
1785245136221,false,1785245136263,LeaderAccept
1785245136633,true,1785245136674,LeaderAccept
1785245137138,false,1785245137179,LeaderAccept
1785245137786,true,1785245137827,LeaderAccept
1785245138683,true,1785245138725,FastAccept
1785245140087,false,1785245140129,FastAccept
1785245142920,true,1785245142961,FastAccept
1785245154592,true,1785245154632,LeaderAccept
1785245155650,true,1785245155690,LeaderAccept
1785245155675,true,1785245155716,LeaderAccept
1785245155702,true,1785245155742,LeaderAccept
1785245155727,false,1785245155768,LeaderAccept
1785245155754,false,1785245155794,LeaderAccept
1785245155782,true,1785245155822,LeaderAccept
1785245155810,true,1785245155850,LeaderAccept
1785245155838,true,1785245155878,LeaderAccept
1785245155865,false,1785245155906,LeaderAccept
1785245155894,false,1785245155935,LeaderAccept
1785245155922,true,1785245155963,LeaderAccept
1785245155951,false,1785245155992,LeaderAccept
1785245155981,true,1785245156021,LeaderAccept
1785245156010,false,1785245156050,LeaderAccept
1785245156040,true,1785245156080,LeaderAccept
1785245156071,false,1785245156113,LeaderAccept
1785245156102,true,1785245156143,LeaderAccept
1785245156134,true,1785245156175,LeaderAccept
1785245156167,true,1785245156208,LeaderAccept
1785245156199,true,1785245156240,LeaderAccept
1785245156232,true,1785245156273,LeaderAccept
1785245156265,false,1785245156306,LeaderAccept
1785245156299,true,1785245156340,LeaderAccept
1785245156335,true,1785245156375,LeaderAccept
1785245156371,true,1785245156411,LeaderAccept
1785245156406,false,1785245156448,LeaderAccept
1785245156443,false,1785245156484,LeaderAccept
1785245156481,false,1785245156522,LeaderAccept
1785245156520,true,1785245156560,LeaderAccept
1785245156559,false,1785245156599,LeaderAccept
1785245156598,false,1785245156639,LeaderAccept
1785245156638,true,1785245156679,LeaderAccept
1785245156679,false,1785245156721,LeaderAccept
1785245156721,true,1785245156762,LeaderAccept
1785245156764,false,1785245156805,LeaderAccept
1785245156807,false,1785245156848,LeaderAccept
1785245156851,false,1785245156891,LeaderAccept
1785245156896,false,1785245156937,LeaderAccept
1785245156943,false,1785245156984,LeaderAccept
1785245156991,false,1785245157032,LeaderAccept
1785245157039,false,1785245157080,LeaderAccept
1785245157089,false,1785245157130,LeaderAccept
1785245157141,true,1785245157182,LeaderAccept
1785245157193,true,1785245157234,LeaderAccept
1785245157247,true,1785245157288,LeaderAccept
1785245157302,false,1785245157343,LeaderAccept
1785245157358,false,1785245157400,LeaderAccept
1785245157416,true,1785245157458,LeaderAccept
1785245157476,true,1785245157518,LeaderAccept
1785245157538,false,1785245157578,LeaderAccept
1785245157602,true,1785245157642,LeaderAccept
1785245157668,false,1785245157709,LeaderAccept
1785245157735,true,1785245157776,LeaderAccept
1785245157806,true,1785245157847,LeaderAccept
1785245157878,false,1785245157919,LeaderAccept
1785245157953,false,1785245157994,LeaderAccept
1785245158031,false,1785245158072,LeaderAccept
1785245158112,false,1785245158154,LeaderAccept
1785245158196,true,1785245158238,LeaderAccept
1785245158284,false,1785245158326,LeaderAccept
1785245158376,false,1785245158418,LeaderAccept
1785245158472,true,1785245158513,LeaderAccept
1785245158573,false,1785245158614,LeaderAccept
1785245158680,false,1785245158720,LeaderAccept
1785245158792,false,1785245158833,LeaderAccept
1785245158910,false,1785245158951,LeaderAccept
1785245159035,false,1785245159076,LeaderAccept
1785245159169,true,1785245159210,LeaderAccept
1785245159312,true,1785245159353,LeaderAccept
1785245159464,true,1785245159505,LeaderAccept
1785245159630,true,1785245159670,LeaderAccept
1785245159809,true,1785245159850,LeaderAccept
1785245160004,true,1785245160045,LeaderAccept
1785245160220,false,1785245160261,LeaderAccept
1785245160460,false,1785245160502,LeaderAccept
1785245160731,true,1785245160772,LeaderAccept
1785245161040,false,1785245161081,LeaderAccept
1785245161401,true,1785245161442,LeaderAccept
1785245161833,false,1785245161874,LeaderAccept
1785245162369,true,1785245162410,LeaderAccept
1785245163071,false,1785245163112,FastAccept
1785245164065,false,1785245164107,FastAccept
1785245165700,false,1785245165742,FastAccept
1785245169401,true,1785245169442,LeaderAccept
1785245183161,false,1785245183202,LeaderAccept
1785245183180,true,1785245183221,LeaderAccept
1785245183199,true,1785245183239,LeaderAccept
1785245183218,true,1785245183259,LeaderAccept
1785245183238,false,1785245183279,LeaderAccept
1785245183258,true,1785245183299,LeaderAccept
1785245183278,false,1785245183319,LeaderAccept
1785245183297,false,1785245183338,LeaderAccept
1785245183317,true,1785245183358,LeaderAccept
1785245183337,false,1785245183379,LeaderAccept
1785245183358,false,1785245183399,LeaderAccept
1785245183378,false,1785245183420,LeaderAccept
1785245183399,true,1785245183440,LeaderAccept
1785245183421,false,1785245183462,LeaderAccept
1785245183443,false,1785245183484,LeaderAccept
1785245183464,false,1785245183505,LeaderAccept
1785245183486,true,1785245183526,LeaderAccept
1785245183507,false,1785245183547,LeaderAccept
1785245183530,true,1785245183570,LeaderAccept
1785245183552,false,1785245183594,LeaderAccept
1785245183576,true,1785245183617,LeaderAccept
1785245183598,false,1785245183639,LeaderAccept
1785245183621,true,1785245183663,LeaderAccept
1785245183645,true,1785245183685,LeaderAccept
1785245183668,true,1785245183709,LeaderAccept
1785245183693,false,1785245183734,LeaderAccept
1785245183717,true,1785245183757,LeaderAccept
1785245183741,false,1785245183783,LeaderAccept
1785245183767,true,1785245183808,LeaderAccept
1785245183791,false,1785245183832,LeaderAccept
1785245183816,true,1785245183858,LeaderAccept
1785245183842,true,1785245183883,LeaderAccept
1785245183869,false,1785245183910,LeaderAccept
1785245183895,true,1785245183937,LeaderAccept
1785245183922,false,1785245183963,LeaderAccept
1785245183950,true,1785245183991,LeaderAccept
1785245183978,true,1785245184018,LeaderAccept
1785245184005,false,1785245184046,LeaderAccept
1785245184034,false,1785245184075,LeaderAccept
1785245184063,true,1785245184103,LeaderAccept
1785245184092,true,1785245184132,LeaderAccept
1785245184121,true,1785245184161,LeaderAccept
1785245184150,false,1785245184191,LeaderAccept
1785245184180,false,1785245184221,LeaderAccept
1785245184210,false,1785245184250,LeaderAccept
1785245184241,true,1785245184282,LeaderAccept
1785245184273,false,1785245184315,LeaderAccept
1785245184305,true,1785245184346,LeaderAccept
1785245184337,false,1785245184379,LeaderAccept
1785245184371,true,1785245184413,LeaderAccept
1785245184405,true,1785245184446,LeaderAccept
1785245184439,true,1785245184480,LeaderAccept
1785245184474,false,1785245184515,LeaderAccept
1785245184510,false,1785245184551,LeaderAccept
1785245184546,false,1785245184586,LeaderAccept
1785245184582,true,1785245184623,LeaderAccept
1785245184620,false,1785245184661,LeaderAccept
1785245184657,true,1785245184698,LeaderAccept
1785245184695,true,1785245184736,LeaderAccept
1785245184734,true,1785245184774,LeaderAccept
1785245184774,true,1785245184814,LeaderAccept
1785245184814,false,1785245184854,LeaderAccept
1785245184856,false,1785245184896,LeaderAccept
1785245184898,true,1785245184939,LeaderAccept
1785245184941,true,1785245184982,LeaderAccept
1785245184986,true,1785245185027,LeaderAccept
1785245185030,false,1785245185071,LeaderAccept
1785245185077,true,1785245185118,LeaderAccept
1785245185125,true,1785245185166,LeaderAccept
1785245185174,true,1785245185215,LeaderAccept
1785245185223,false,1785245185265,LeaderAccept
1785245185274,false,1785245185315,LeaderAccept
1785245185326,false,1785245185367,LeaderAccept
1785245185378,true,1785245185419,LeaderAccept
1785245185434,false,1785245185475,LeaderAccept
1785245185490,false,1785245185531,LeaderAccept
1785245185548,true,1785245185589,LeaderAccept
1785245185608,true,1785245185649,LeaderAccept
1785245185668,false,1785245185708,LeaderAccept
1785245185731,false,1785245185774,LeaderAccept
1785245185796,false,1785245185837,LeaderAccept
1785245185863,true,1785245185905,LeaderAccept
1785245185932,true,1785245185973,LeaderAccept
1785245186003,true,1785245186044,LeaderAccept
1785245186078,false,1785245186118,LeaderAccept
1785245186155,true,1785245186196,LeaderAccept
1785245186234,false,1785245186275,LeaderAccept
1785245186317,true,1785245186358,LeaderAccept
1785245186404,true,1785245186446,LeaderAccept
1785245186494,false,1785245186535,LeaderAccept
1785245186589,false,1785245186630,LeaderAccept
1785245186687,true,1785245186729,LeaderAccept
1785245186791,true,1785245186832,LeaderAccept
1785245186901,true,1785245186942,LeaderAccept
1785245187016,true,1785245187057,LeaderAccept
1785245187139,true,1785245187180,LeaderAccept
1785245187269,false,1785245187310,LeaderAccept
1785245187407,false,1785245187448,LeaderAccept
1785245187555,false,1785245187597,LeaderAccept
1785245187715,true,1785245187756,LeaderAccept
1785245187889,false,1785245187930,LeaderAccept
1785245188077,false,1785245188118,LeaderAccept
1785245188284,false,1785245188325,LeaderAccept
1785245188514,false,1785245188556,LeaderAccept
1785245188771,false,1785245188813,FastAccept
1785245189063,true,1785245189105,FastAccept
1785245189402,true,1785245189443,FastAccept
1785245189802,true,1785245189843,FastAccept
1785245190291,true,1785245190332,FastAccept
1785245190914,false,1785245190955,FastAccept
1785245191766,false,1785245191807,FastAccept
1785245193069,true,1785245193110,FastAccept
1785245195568,true,1785245195609,FastAccept
1785245204281,true,1785245204323,FastAccept
1785245227781,false,1785245227821,LeaderAccept
1785245227812,false,1785245227853,LeaderAccept
1785245227845,true,1785245227886,LeaderAccept
1785245227877,true,1785245227918,LeaderAccept
1785245227910,true,1785245227951,LeaderAccept
1785245227944,false,1785245227985,LeaderAccept
1785245227978,false,1785245228019,LeaderAccept
1785245228014,true,1785245228054,LeaderAccept
1785245228049,false,1785245228090,LeaderAccept
1785245228086,false,1785245228126,LeaderAccept
1785245228122,false,1785245228164,LeaderAccept
1785245228159,false,1785245228200,LeaderAccept
1785245228197,true,1785245228238,LeaderAccept
1785245228236,true,1785245228277,LeaderAccept
1785245228276,false,1785245228317,LeaderAccept
1785245228316,false,1785245228357,LeaderAccept
1785245228357,true,1785245228397,LeaderAccept
1785245228400,false,1785245228440,LeaderAccept
1785245228442,false,1785245228483,LeaderAccept
1785245228486,false,1785245228526,LeaderAccept
1785245228530,false,1785245228572,LeaderAccept
1785245228577,true,1785245228617,LeaderAccept
1785245228624,false,1785245228664,LeaderAccept
1785245228672,false,1785245228713,LeaderAccept
1785245228720,true,1785245228761,LeaderAccept
1785245228770,true,1785245228811,LeaderAccept
1785245228821,false,1785245228862,LeaderAccept
1785245228874,false,1785245228915,LeaderAccept
1785245228929,false,1785245228970,LeaderAccept
1785245228984,false,1785245229025,LeaderAccept
1785245229041,true,1785245229082,LeaderAccept
1785245229101,false,1785245229141,LeaderAccept
1785245229161,true,1785245229202,LeaderAccept
1785245229223,false,1785245229265,LeaderAccept
1785245229287,false,1785245229328,LeaderAccept
1785245229353,false,1785245229394,LeaderAccept
1785245229422,true,1785245229463,LeaderAccept
1785245229492,false,1785245229533,LeaderAccept
1785245229565,false,1785245229606,LeaderAccept
1785245229641,true,1785245229683,LeaderAccept
1785245229720,false,1785245229762,LeaderAccept
1785245229802,false,1785245229843,LeaderAccept
1785245229888,false,1785245229929,LeaderAccept
1785245229976,false,1785245230017,LeaderAccept
1785245230070,false,1785245230110,LeaderAccept
1785245230167,false,1785245230208,LeaderAccept
1785245230269,true,1785245230311,LeaderAccept
1785245230376,false,1785245230417,LeaderAccept
1785245230490,false,1785245230531,LeaderAccept
1785245230609,false,1785245230650,LeaderAccept
1785245230736,true,1785245230777,LeaderAccept
1785245230871,true,1785245230912,LeaderAccept
1785245231016,false,1785245231057,LeaderAccept
1785245231171,false,1785245231212,LeaderAccept
1785245231339,true,1785245231380,LeaderAccept
1785245231522,true,1785245231563,LeaderAccept
1785245231721,true,1785245231762,LeaderAccept
1785245231941,false,1785245231982,LeaderAccept
1785245232187,false,1785245232228,LeaderAccept
1785245232466,true,1785245232506,LeaderAccept
1785245232786,true,1785245232827,LeaderAccept
1785245233161,true,1785245233202,LeaderAccept
1785245233614,true,1785245233655,LeaderAccept
1785245234180,false,1785245234221,FastAccept
1785245234932,false,1785245234973,FastAccept
1785245236026,true,1785245236067,FastAccept
1785245237918,true,1785245237959,FastAccept
1785245242783,false,1785245242825,LeaderAccept
1785245250301,true,1785245250342,LeaderAccept
1785245250310,true,1785245250351,LeaderAccept
1785245250321,true,1785245250361,LeaderAccept
1785245250335,true,1785245250375,LeaderAccept
1785245250350,true,1785245250390,LeaderAccept
1785245250365,true,1785245250405,LeaderAccept
1785245250380,true,1785245250421,LeaderAccept
1785245250396,false,1785245250436,LeaderAccept
1785245250412,false,1785245250452,LeaderAccept
1785245250428,true,1785245250468,LeaderAccept
1785245250444,true,1785245250484,LeaderAccept
1785245250460,false,1785245250500,LeaderAccept
1785245250476,true,1785245250516,LeaderAccept
1785245250491,false,1785245250532,LeaderAccept
1785245250507,false,1785245250547,LeaderAccept
1785245250523,false,1785245250566,LeaderAccept
1785245250539,true,1785245250580,LeaderAccept
1785245250556,false,1785245250596,LeaderAccept
1785245250573,true,1785245250614,LeaderAccept
1785245250589,false,1785245250630,LeaderAccept
1785245250607,true,1785245250647,LeaderAccept
1785245250624,true,1785245250665,LeaderAccept
1785245250641,true,1785245250682,LeaderAccept
1785245250659,false,1785245250699,LeaderAccept
1785245250677,true,1785245250718,LeaderAccept
1785245250694,true,1785245250735,LeaderAccept
1785245250711,true,1785245250753,LeaderAccept
1785245250730,true,1785245250770,LeaderAccept
1785245250747,false,1785245250787,LeaderAccept
1785245250766,false,1785245250806,LeaderAccept
1785245250785,true,1785245250825,LeaderAccept
1785245250804,true,1785245250844,LeaderAccept
1785245250823,true,1785245250864,LeaderAccept
1785245250842,false,1785245250883,LeaderAccept
1785245250860,false,1785245250901,LeaderAccept
1785245250880,true,1785245250921,LeaderAccept
1785245250899,true,1785245250940,LeaderAccept
1785245250918,false,1785245250958,LeaderAccept
1785245250937,true,1785245250978,LeaderAccept
1785245250957,false,1785245250998,LeaderAccept
1785245250978,true,1785245251018,LeaderAccept
1785245250998,false,1785245251038,LeaderAccept
1785245251018,false,1785245251058,LeaderAccept
1785245251038,true,1785245251078,LeaderAccept
1785245251059,false,1785245251100,LeaderAccept
1785245251081,true,1785245251120,LeaderAccept
1785245251102,true,1785245251143,LeaderAccept
1785245251124,true,1785245251164,LeaderAccept
1785245251146,true,1785245251186,LeaderAccept
1785245251167,true,1785245251208,LeaderAccept
1785245251189,false,1785245251230,LeaderAccept
1785245251211,false,1785245251252,LeaderAccept
1785245251233,true,1785245251274,LeaderAccept
1785245251256,false,1785245251297,LeaderAccept
1785245251279,true,1785245251320,LeaderAccept
1785245251302,false,1785245251343,LeaderAccept
1785245251327,false,1785245251368,LeaderAccept
1785245251350,true,1785245251391,LeaderAccept
1785245251375,true,1785245251416,LeaderAccept
1785245251399,false,1785245251440,LeaderAccept
1785245251424,true,1785245251465,LeaderAccept
1785245251449,false,1785245251490,LeaderAccept
1785245251475,false,1785245251516,LeaderAccept
1785245251501,false,1785245251542,LeaderAccept
1785245251526,true,1785245251567,LeaderAccept
1785245251552,true,1785245251593,LeaderAccept
1785245251578,false,1785245251618,LeaderAccept
1785245251605,true,1785245251646,LeaderAccept
1785245251633,true,1785245251673,LeaderAccept
1785245251661,false,1785245251701,LeaderAccept
1785245251689,false,1785245251730,LeaderAccept
1785245251717,true,1785245251758,LeaderAccept
1785245251747,true,1785245251787,LeaderAccept
1785245251776,false,1785245251817,LeaderAccept
1785245251806,false,1785245251847,LeaderAccept
1785245251837,true,1785245251877,LeaderAccept
1785245251867,false,1785245251908,LeaderAccept
1785245251898,true,1785245251939,LeaderAccept
1785245251930,false,1785245251971,LeaderAccept
1785245251961,true,1785245252003,LeaderAccept
1785245251995,false,1785245252035,LeaderAccept
1785245252027,false,1785245252068,LeaderAccept
1785245252061,false,1785245252102,LeaderAccept
1785245252094,true,1785245252135,LeaderAccept
1785245252128,false,1785245252169,LeaderAccept
1785245252164,true,1785245252205,LeaderAccept
1785245252200,false,1785245252241,LeaderAccept
1785245252237,true,1785245252277,LeaderAccept
1785245252273,false,1785245252315,LeaderAccept
1785245252312,false,1785245252352,LeaderAccept
1785245252351,false,1785245252391,LeaderAccept
1785245252390,false,1785245252431,LeaderAccept
1785245252430,true,1785245252471,LeaderAccept
1785245252471,false,1785245252512,LeaderAccept
1785245252513,true,1785245252553,LeaderAccept
1785245252556,false,1785245252596,LeaderAccept
1785245252598,true,1785245252638,LeaderAccept
1785245252643,true,1785245252684,LeaderAccept
1785245252687,false,1785245252728,LeaderAccept
1785245252733,true,1785245252774,LeaderAccept
1785245252780,false,1785245252821,LeaderAccept
1785245252829,true,1785245252870,LeaderAccept
1785245252878,true,1785245252919,LeaderAccept
1785245252929,false,1785245252970,LeaderAccept
1785245252980,true,1785245253021,LeaderAccept
1785245253033,true,1785245253074,LeaderAccept
1785245253088,true,1785245253129,LeaderAccept
1785245253145,true,1785245253186,LeaderAccept
1785245253202,true,1785245253244,LeaderAccept
1785245253262,false,1785245253303,LeaderAccept
1785245253323,true,1785245253364,LeaderAccept
1785245253387,false,1785245253428,LeaderAccept
1785245253451,false,1785245253493,LeaderAccept
1785245253519,true,1785245253560,LeaderAccept
1785245253588,false,1785245253630,LeaderAccept
1785245253661,false,1785245253702,LeaderAccept
1785245253736,false,1785245253777,LeaderAccept
1785245253813,false,1785245253854,LeaderAccept
1785245253893,true,1785245253933,LeaderAccept
1785245253975,true,1785245254015,LeaderAccept
1785245254061,true,1785245254103,LeaderAccept
1785245254151,true,1785245254192,LeaderAccept
1785245254245,true,1785245254286,LeaderAccept
1785245254345,false,1785245254386,LeaderAccept
1785245254448,false,1785245254489,LeaderAccept
1785245254557,true,1785245254598,LeaderAccept
1785245254673,true,1785245254713,LeaderAccept
1785245254794,true,1785245254835,LeaderAccept
1785245254923,false,1785245254964,LeaderAccept
1785245255061,false,1785245255102,LeaderAccept
1785245255209,false,1785245255250,LeaderAccept
1785245255368,true,1785245255410,LeaderAccept
1785245255541,false,1785245255582,LeaderAccept
1785245255729,true,1785245255770,LeaderAccept
1785245255935,false,1785245255976,LeaderAccept
1785245256164,true,1785245256205,LeaderAccept
1785245256421,false,1785245256461,LeaderAccept
1785245256713,false,1785245256753,LeaderAccept
1785245257050,true,1785245257090,LeaderAccept
1785245257449,true,1785245257490,LeaderAccept
1785245257935,false,1785245257976,LeaderAccept
1785245258556,true,1785245258597,LeaderAccept
1785245259401,true,1785245259443,LeaderAccept
1785245260690,true,1785245260732,FastAccept
1785245263145,true,1785245263186,FastAccept
1785245271521,false,1785245271568,LeaderAccept
1785245285004,false,1785245285045,FastAccept
1785245285020,true,1785245285060,FastAccept
1785245285034,false,1785245285075,FastAccept
1785245285049,true,1785245285090,FastAccept
1785245285064,true,1785245285105,FastAccept
1785245285080,false,1785245285121,FastAccept
1785245285096,false,1785245285136,FastAccept
1785245285112,true,1785245285153,FastAccept
1785245285127,true,1785245285169,FastAccept
1785245285144,true,1785245285185,FastAccept
1785245285159,false,1785245285200,FastAccept
1785245285175,false,1785245285216,FastAccept
1785245285192,true,1785245285233,FastAccept
1785245285209,false,1785245285250,FastAccept
1785245285226,true,1785245285267,FastAccept
1785245285242,false,1785245285284,FastAccept
1785245285259,false,1785245285300,FastAccept
1785245285276,false,1785245285317,FastAccept
1785245285293,false,1785245285334,FastAccept
1785245285309,true,1785245285350,FastAccept
1785245285327,true,1785245285368,FastAccept
1785245285344,true,1785245285385,FastAccept
1785245285362,true,1785245285403,FastAccept
1785245285379,true,1785245285420,FastAccept
1785245285398,true,1785245285439,FastAccept
1785245285415,false,1785245285456,FastAccept
1785245285434,false,1785245285475,FastAccept
1785245285451,false,1785245285493,FastAccept
1785245285470,false,1785245285511,FastAccept
1785245285488,false,1785245285529,FastAccept
1785245285507,true,1785245285548,FastAccept
1785245285526,true,1785245285567,FastAccept
1785245285544,true,1785245285585,FastAccept
1785245285563,true,1785245285604,FastAccept
1785245285582,true,1785245285623,FastAccept
1785245285602,true,1785245285643,FastAccept
1785245285622,true,1785245285663,FastAccept
1785245285642,true,1785245285683,FastAccept
1785245285662,true,1785245285703,FastAccept
1785245285683,true,1785245285724,FastAccept
1785245285704,false,1785245285745,FastAccept
1785245285724,false,1785245285765,FastAccept
1785245285745,false,1785245285785,FastAccept
1785245285765,false,1785245285807,FastAccept
1785245285787,false,1785245285828,FastAccept
1785245285808,false,1785245285849,FastAccept
1785245285830,true,1785245285871,FastAccept
1785245285851,false,1785245285893,FastAccept
1785245285873,true,1785245285914,FastAccept
1785245285895,true,1785245285936,FastAccept
1785245285917,false,1785245285959,FastAccept
1785245285941,true,1785245285982,FastAccept
1785245285964,false,1785245286005,FastAccept
1785245285987,false,1785245286028,FastAccept
1785245286010,false,1785245286051,FastAccept
1785245286035,true,1785245286076,FastAccept
1785245286058,false,1785245286099,FastAccept
1785245286082,false,1785245286123,FastAccept
1785245286107,true,1785245286148,FastAccept
1785245286131,true,1785245286173,FastAccept
1785245286157,true,1785245286198,FastAccept
1785245286183,true,1785245286224,FastAccept
1785245286209,false,1785245286250,FastAccept
1785245286235,true,1785245286276,FastAccept
1785245286261,true,1785245286303,FastAccept
1785245286288,false,1785245286330,FastAccept
1785245286315,true,1785245286356,FastAccept
1785245286342,false,1785245286383,FastAccept
1785245286371,false,1785245286412,FastAccept
1785245286399,true,1785245286440,FastAccept
1785245286427,false,1785245286468,FastAccept
1785245286457,true,1785245286498,FastAccept
1785245286486,true,1785245286528,FastAccept
1785245286516,true,1785245286557,FastAccept
1785245286546,true,1785245286587,FastAccept
1785245286577,true,1785245286618,FastAccept
1785245286607,true,1785245286649,FastAccept
1785245286640,true,1785245286681,FastAccept
1785245286672,true,1785245286713,FastAccept
1785245286704,false,1785245286745,FastAccept
1785245286738,false,1785245286779,FastAccept
1785245286772,false,1785245286813,FastAccept
1785245286807,true,1785245286848,FastAccept
1785245286842,true,1785245286883,FastAccept
1785245286878,false,1785245286919,FastAccept
1785245286913,false,1785245286955,FastAccept
1785245286950,true,1785245286991,FastAccept
1785245286987,false,1785245287029,FastAccept
1785245287025,false,1785245287066,FastAccept
1785245287064,false,1785245287104,FastAccept
1785245287104,false,1785245287145,FastAccept
1785245287145,false,1785245287185,FastAccept
1785245287186,true,1785245287227,FastAccept
1785245287228,true,1785245287269,FastAccept
1785245287271,false,1785245287312,FastAccept
1785245287315,true,1785245287356,FastAccept
1785245287359,false,1785245287401,FastAccept
1785245287406,true,1785245287447,FastAccept
1785245287452,false,1785245287517,LeaderAccept
1785245287499,true,1785245287541,FastAccept
1785245287549,true,1785245287589,FastAccept
1785245287599,true,1785245287639,FastAccept
1785245287651,false,1785245287692,FastAccept
1785245287703,false,1785245287745,FastAccept
1785245287757,true,1785245287798,FastAccept
1785245287812,false,1785245287853,FastAccept
1785245287870,false,1785245287911,FastAccept
1785245287928,false,1785245287970,FastAccept
1785245287989,false,1785245288030,FastAccept
1785245288050,false,1785245288091,FastAccept
1785245288113,false,1785245288154,FastAccept
1785245288180,true,1785245288221,FastAccept
1785245288247,false,1785245288289,FastAccept
1785245288317,true,1785245288359,FastAccept
1785245288390,false,1785245288432,FastAccept
1785245288465,true,1785245288506,FastAccept
1785245288544,false,1785245288585,FastAccept
1785245288625,false,1785245288666,FastAccept
1785245288711,true,1785245288752,FastAccept
1785245288799,true,1785245288840,FastAccept
1785245288892,false,1785245288933,FastAccept
1785245288988,false,1785245289030,FastAccept
1785245289090,false,1785245289131,FastAccept
1785245289196,false,1785245289238,FastAccept
1785245289309,true,1785245289350,FastAccept
1785245289427,true,1785245289469,FastAccept
1785245289554,true,1785245289595,FastAccept
1785245289687,true,1785245289729,FastAccept
1785245289830,false,1785245289871,FastAccept
1785245289985,false,1785245290026,FastAccept
1785245290152,false,1785245290193,FastAccept
1785245290332,true,1785245290374,FastAccept
1785245290530,false,1785245290571,FastAccept
1785245290747,false,1785245290789,FastAccept
1785245290990,true,1785245291032,FastAccept
1785245291264,true,1785245291305,FastAccept
1785245291578,true,1785245291619,FastAccept
1785245291945,false,1785245291986,FastAccept
1785245292385,false,1785245292426,FastAccept
1785245292934,true,1785245292975,FastAccept
1785245293656,false,1785245293703,LeaderAccept
1785245294691,true,1785245294729,LeaderAccept
1785245296428,true,1785245296466,LeaderAccept
1785245300561,true,1785245300600,LeaderAccept
1785245316656,true,1785245316698,FastAccept
1785245316673,true,1785245316714,FastAccept
1785245316688,false,1785245316730,FastAccept
1785245316704,true,1785245316745,FastAccept
1785245316720,true,1785245316760,FastAccept
1785245316735,false,1785245316775,FastAccept
1785245316752,true,1785245316792,FastAccept
1785245316768,false,1785245316808,FastAccept
1785245316784,false,1785245316825,FastAccept
1785245316801,false,1785245316841,FastAccept
1785245316818,true,1785245316859,FastAccept
1785245316835,true,1785245316876,FastAccept
1785245316852,false,1785245316893,FastAccept
1785245316868,true,1785245316909,FastAccept
1785245316885,true,1785245316926,FastAccept
1785245316903,false,1785245316944,FastAccept
1785245316920,false,1785245316961,FastAccept
1785245316938,false,1785245316978,FastAccept
1785245316955,true,1785245316997,FastAccept
1785245316973,true,1785245317015,FastAccept
1785245316991,true,1785245317033,FastAccept
1785245317010,true,1785245317076,LeaderAccept
1785245317029,false,1785245317070,FastAccept
1785245317048,true,1785245317102,LeaderAccept
1785245317066,true,1785245317131,LeaderAccept
1785245317086,false,1785245317157,LeaderAccept
1785245317104,false,1785245317145,FastAccept
1785245317123,false,1785245317177,LeaderAccept
1785245317142,true,1785245317182,LeaderAccept
1785245317161,true,1785245317201,LeaderAccept
1785245317181,false,1785245317220,LeaderAccept
1785245317200,false,1785245317241,LeaderAccept
1785245317220,true,1785245317261,LeaderAccept
1785245317241,false,1785245317281,LeaderAccept
1785245317261,false,1785245317301,LeaderAccept
1785245317281,true,1785245317322,LeaderAccept
1785245317301,true,1785245317342,LeaderAccept
1785245317321,false,1785245317362,LeaderAccept
1785245317342,true,1785245317382,LeaderAccept
1785245317363,false,1785245317405,LeaderAccept
1785245317385,true,1785245317425,LeaderAccept
1785245317407,true,1785245317448,LeaderAccept
1785245317428,true,1785245317468,LeaderAccept
1785245317450,false,1785245317491,LeaderAccept
1785245317472,false,1785245317512,LeaderAccept
1785245317496,true,1785245317537,LeaderAccept
1785245317519,true,1785245317559,LeaderAccept
1785245317541,false,1785245317582,LeaderAccept
1785245317564,false,1785245317605,LeaderAccept
1785245317588,true,1785245317628,LeaderAccept
1785245317611,false,1785245317652,LeaderAccept
1785245317636,false,1785245317676,LeaderAccept
1785245317660,true,1785245317701,LeaderAccept
1785245317685,false,1785245317726,LeaderAccept
1785245317710,true,1785245317751,LeaderAccept
1785245317735,false,1785245317777,LeaderAccept
1785245317761,false,1785245317801,LeaderAccept
1785245317787,false,1785245317827,LeaderAccept
1785245317814,true,1785245317854,LeaderAccept
1785245317840,false,1785245317881,LeaderAccept
1785245317867,false,1785245317907,LeaderAccept
1785245317894,true,1785245317935,LeaderAccept
1785245317922,false,1785245317963,LeaderAccept
1785245317950,true,1785245317990,LeaderAccept
1785245317978,false,1785245318018,LeaderAccept
1785245318007,true,1785245318047,LeaderAccept
1785245318035,false,1785245318076,LeaderAccept
1785245318065,true,1785245318106,LeaderAccept
1785245318095,false,1785245318136,LeaderAccept
1785245318125,true,1785245318165,LeaderAccept
1785245318157,true,1785245318198,LeaderAccept
1785245318188,false,1785245318228,LeaderAccept
1785245318220,false,1785245318261,LeaderAccept
1785245318253,false,1785245318293,LeaderAccept
1785245318285,true,1785245318326,LeaderAccept
1785245318318,false,1785245318359,LeaderAccept
1785245318352,false,1785245318393,LeaderAccept
1785245318386,false,1785245318427,LeaderAccept
1785245318422,true,1785245318462,LeaderAccept
1785245318457,true,1785245318498,LeaderAccept
1785245318493,false,1785245318533,LeaderAccept
1785245318529,true,1785245318570,LeaderAccept
1785245318567,true,1785245318608,LeaderAccept
1785245318604,true,1785245318645,LeaderAccept
1785245318643,false,1785245318683,LeaderAccept
1785245318682,true,1785245318723,LeaderAccept
1785245318722,false,1785245318763,LeaderAccept
1785245318763,true,1785245318804,LeaderAccept
1785245318806,true,1785245318846,LeaderAccept
1785245318849,true,1785245318890,LeaderAccept
1785245318893,true,1785245318934,LeaderAccept
1785245318937,true,1785245318978,LeaderAccept
1785245318982,false,1785245319023,LeaderAccept
1785245319028,true,1785245319068,LeaderAccept
1785245319076,true,1785245319117,LeaderAccept
1785245319124,true,1785245319166,LeaderAccept
1785245319174,false,1785245319215,LeaderAccept
1785245319226,true,1785245319267,LeaderAccept
1785245319278,false,1785245319319,LeaderAccept
1785245319332,false,1785245319373,LeaderAccept
1785245319388,false,1785245319428,LeaderAccept
1785245319444,false,1785245319485,LeaderAccept
1785245319502,false,1785245319543,LeaderAccept
1785245319562,false,1785245319603,LeaderAccept
1785245319625,false,1785245319666,LeaderAccept
1785245319688,false,1785245319729,LeaderAccept
1785245319754,true,1785245319796,LeaderAccept
1785245319822,false,1785245319863,LeaderAccept
1785245319893,true,1785245319933,LeaderAccept
1785245319965,false,1785245320006,LeaderAccept
1785245320040,false,1785245320080,LeaderAccept
1785245320119,true,1785245320160,LeaderAccept
1785245320200,false,1785245320241,LeaderAccept
1785245320286,false,1785245320327,LeaderAccept
1785245320374,true,1785245320416,LeaderAccept
1785245320466,true,1785245320507,LeaderAccept
1785245320563,true,1785245320603,LeaderAccept
1785245320664,false,1785245320705,LeaderAccept
1785245320770,false,1785245320811,LeaderAccept
1785245320882,true,1785245320923,LeaderAccept
1785245321000,false,1785245321040,LeaderAccept
1785245321125,false,1785245321166,LeaderAccept
1785245321259,true,1785245321300,LeaderAccept
1785245321401,false,1785245321442,LeaderAccept
1785245321554,false,1785245321595,LeaderAccept
1785245321719,false,1785245321760,LeaderAccept
1785245321898,true,1785245321939,LeaderAccept
1785245322094,false,1785245322135,LeaderAccept
1785245322310,false,1785245322351,LeaderAccept
1785245322551,true,1785245322592,LeaderAccept
1785245322822,false,1785245322863,LeaderAccept
1785245323133,true,1785245323174,LeaderAccept
1785245323497,false,1785245323537,LeaderAccept
1785245323932,false,1785245323972,LeaderAccept
1785245324472,true,1785245324513,LeaderAccept
1785245325179,true,1785245325220,LeaderAccept
1785245326187,true,1785245326228,LeaderAccept
1785245327853,false,1785245327894,LeaderAccept
1785245331684,false,1785245331725,LeaderAccept
1785245342449,true,1785245342491,LeaderAccept
1785245342464,false,1785245342505,LeaderAccept
1785245342479,false,1785245342521,LeaderAccept
1785245342495,true,1785245342537,LeaderAccept
1785245342510,false,1785245342552,LeaderAccept
1785245342527,true,1785245342568,LeaderAccept
1785245342542,true,1785245342583,LeaderAccept
1785245342558,true,1785245342599,LeaderAccept
1785245342574,true,1785245342615,LeaderAccept
1785245342590,true,1785245342631,LeaderAccept
1785245342606,false,1785245342648,LeaderAccept
1785245342623,true,1785245342664,LeaderAccept
1785245342640,false,1785245342681,LeaderAccept
1785245342658,true,1785245342699,LeaderAccept
1785245342675,true,1785245342716,LeaderAccept
1785245342693,true,1785245342734,LeaderAccept
1785245342710,false,1785245342751,LeaderAccept
1785245342728,true,1785245342769,LeaderAccept
1785245342745,false,1785245342786,LeaderAccept
1785245342764,false,1785245342805,LeaderAccept
1785245342781,true,1785245342822,LeaderAccept
1785245342800,true,1785245342841,LeaderAccept
1785245342818,false,1785245342859,LeaderAccept
1785245342837,true,1785245342877,LeaderAccept
1785245342856,true,1785245342896,LeaderAccept
1785245342874,false,1785245342915,LeaderAccept
1785245342893,true,1785245342934,LeaderAccept
1785245342913,false,1785245342953,LeaderAccept
1785245342933,true,1785245342973,LeaderAccept
1785245342952,false,1785245342993,LeaderAccept
1785245342972,false,1785245343012,LeaderAccept
1785245342992,false,1785245343033,LeaderAccept
1785245343011,true,1785245343052,LeaderAccept
1785245343032,true,1785245343072,LeaderAccept
1785245343052,true,1785245343093,LeaderAccept
1785245343072,false,1785245343114,LeaderAccept
1785245343093,false,1785245343134,LeaderAccept
1785245343113,true,1785245343154,LeaderAccept
1785245343134,true,1785245343175,LeaderAccept
1785245343155,false,1785245343196,LeaderAccept
1785245343176,true,1785245343217,LeaderAccept
1785245343197,false,1785245343238,LeaderAccept
1785245343220,false,1785245343261,LeaderAccept
1785245343242,false,1785245343283,LeaderAccept
1785245343264,false,1785245343304,LeaderAccept
1785245343288,true,1785245343329,LeaderAccept
1785245343311,false,1785245343352,LeaderAccept
1785245343333,true,1785245343374,LeaderAccept
1785245343357,true,1785245343398,LeaderAccept
1785245343380,false,1785245343421,LeaderAccept
1785245343404,false,1785245343445,LeaderAccept
1785245343428,true,1785245343469,LeaderAccept
1785245343452,true,1785245343493,LeaderAccept
1785245343478,true,1785245343518,LeaderAccept
1785245343502,true,1785245343544,LeaderAccept
1785245343527,false,1785245343569,LeaderAccept
1785245343553,false,1785245343594,LeaderAccept
1785245343579,true,1785245343621,LeaderAccept
1785245343606,true,1785245343647,LeaderAccept
1785245343632,true,1785245343673,LeaderAccept
1785245343659,true,1785245343700,LeaderAccept
1785245343687,false,1785245343728,LeaderAccept
1785245343715,false,1785245343755,LeaderAccept
1785245343743,true,1785245343784,LeaderAccept
1785245343772,false,1785245343813,LeaderAccept
1785245343800,false,1785245343841,LeaderAccept
1785245343829,true,1785245343870,LeaderAccept
1785245343859,false,1785245343900,LeaderAccept
1785245343890,true,1785245343931,LeaderAccept
1785245343920,true,1785245343962,LeaderAccept
1785245343951,false,1785245343992,LeaderAccept
1785245343983,true,1785245344023,LeaderAccept
1785245344015,true,1785245344055,LeaderAccept
1785245344047,false,1785245344088,LeaderAccept
1785245344080,true,1785245344122,LeaderAccept
1785245344114,false,1785245344155,LeaderAccept
1785245344148,false,1785245344189,LeaderAccept
1785245344183,true,1785245344223,LeaderAccept
1785245344218,false,1785245344259,LeaderAccept
1785245344254,true,1785245344295,LeaderAccept
1785245344290,false,1785245344332,LeaderAccept
1785245344328,false,1785245344369,LeaderAccept
1785245344365,true,1785245344407,LeaderAccept
1785245344404,false,1785245344445,LeaderAccept
1785245344444,true,1785245344485,LeaderAccept
1785245344483,false,1785245344524,LeaderAccept
1785245344524,true,1785245344565,LeaderAccept
1785245344565,false,1785245344606,LeaderAccept
1785245344607,false,1785245344648,LeaderAccept
1785245344651,false,1785245344692,LeaderAccept
1785245344695,false,1785245344736,LeaderAccept
1785245344740,true,1785245344780,LeaderAccept
1785245344787,true,1785245344828,LeaderAccept
1785245344834,true,1785245344875,LeaderAccept
1785245344882,false,1785245344923,LeaderAccept
1785245344932,false,1785245344973,LeaderAccept
1785245344983,false,1785245345023,LeaderAccept
1785245345035,false,1785245345075,LeaderAccept
1785245345088,false,1785245345129,LeaderAccept
1785245345144,true,1785245345185,LeaderAccept
1785245345200,false,1785245345241,LeaderAccept
1785245345257,false,1785245345299,LeaderAccept
1785245345316,false,1785245345357,LeaderAccept
1785245345378,false,1785245345418,LeaderAccept
1785245345441,true,1785245345482,LeaderAccept
1785245345506,false,1785245345547,LeaderAccept
1785245345572,false,1785245345613,LeaderAccept
1785245345642,true,1785245345683,LeaderAccept
1785245345713,true,1785245345754,LeaderAccept
1785245345787,false,1785245345828,LeaderAccept
1785245345864,true,1785245345905,LeaderAccept
1785245345945,true,1785245345985,LeaderAccept
1785245346028,false,1785245346069,LeaderAccept
1785245346114,true,1785245346154,LeaderAccept
1785245346205,false,1785245346246,LeaderAccept
1785245346299,true,1785245346341,LeaderAccept
1785245346399,true,1785245346439,LeaderAccept
1785245346503,true,1785245346543,LeaderAccept
1785245346613,true,1785245346653,LeaderAccept
1785245346729,true,1785245346770,LeaderAccept
1785245346852,true,1785245346893,LeaderAccept
1785245346982,false,1785245347022,LeaderAccept
1785245347121,false,1785245347162,LeaderAccept
1785245347269,true,1785245347310,LeaderAccept
1785245347430,false,1785245347470,LeaderAccept
1785245347604,false,1785245347645,LeaderAccept
1785245347792,false,1785245347833,LeaderAccept
1785245348000,true,1785245348040,LeaderAccept
1785245348230,false,1785245348271,LeaderAccept
1785245348488,true,1785245348529,LeaderAccept
1785245348782,false,1785245348822,LeaderAccept
1785245349122,true,1785245349163,LeaderAccept
1785245349525,false,1785245349566,LeaderAccept
1785245350017,false,1785245350057,LeaderAccept
1785245350645,true,1785245350692,LeaderAccept
1785245351505,false,1785245351546,LeaderAccept
1785245352828,false,1785245352869,FastAccept
1785245355389,true,1785245355430,FastAccept
1785245364597,true,1785245364637,LeaderAccept
1785245371352,true,1785245371392,LeaderAccept
1785245371377,true,1785245371417,LeaderAccept
1785245371402,true,1785245371443,LeaderAccept
1785245371429,true,1785245371470,LeaderAccept
1785245371455,false,1785245371496,LeaderAccept
1785245371481,false,1785245371522,LeaderAccept
1785245371509,false,1785245371550,LeaderAccept
1785245371536,false,1785245371577,LeaderAccept
1785245371564,false,1785245371604,LeaderAccept
1785245371592,false,1785245371632,LeaderAccept
1785245371621,true,1785245371661,LeaderAccept
1785245371650,true,1785245371690,LeaderAccept
1785245371679,true,1785245371720,LeaderAccept
1785245371708,false,1785245371749,LeaderAccept
1785245371738,true,1785245371779,LeaderAccept
1785245371768,false,1785245371809,LeaderAccept
1785245371800,true,1785245371842,LeaderAccept
1785245371831,true,1785245371872,LeaderAccept
1785245371863,false,1785245371903,LeaderAccept
1785245371895,false,1785245371936,LeaderAccept
1785245371929,true,1785245371970,LeaderAccept
1785245371963,true,1785245372004,LeaderAccept
1785245371996,false,1785245372037,LeaderAccept
1785245372031,false,1785245372072,LeaderAccept
1785245372066,false,1785245372107,LeaderAccept
1785245372102,false,1785245372143,LeaderAccept
1785245372139,true,1785245372179,LeaderAccept
1785245372175,false,1785245372216,LeaderAccept
1785245372212,false,1785245372253,LeaderAccept
1785245372250,false,1785245372291,LeaderAccept
1785245372290,false,1785245372331,LeaderAccept
1785245372330,true,1785245372371,LeaderAccept
1785245372370,false,1785245372411,LeaderAccept
1785245372411,true,1785245372452,LeaderAccept
1785245372454,true,1785245372495,LeaderAccept
1785245372497,false,1785245372538,LeaderAccept
1785245372542,false,1785245372582,LeaderAccept
1785245372586,true,1785245372627,LeaderAccept
1785245372632,false,1785245372672,LeaderAccept
1785245372680,true,1785245372720,LeaderAccept
1785245372729,true,1785245372769,LeaderAccept
1785245372778,false,1785245372819,LeaderAccept
1785245372830,false,1785245372870,LeaderAccept
1785245372881,false,1785245372922,LeaderAccept
1785245372934,false,1785245372975,LeaderAccept
1785245372988,false,1785245373030,LeaderAccept
1785245373045,true,1785245373085,LeaderAccept
1785245373103,false,1785245373144,LeaderAccept
1785245373162,true,1785245373203,LeaderAccept
1785245373223,true,1785245373264,LeaderAccept
1785245373287,false,1785245373328,LeaderAccept
1785245373351,true,1785245373392,LeaderAccept
1785245373418,false,1785245373459,LeaderAccept
1785245373488,true,1785245373529,LeaderAccept
1785245373559,true,1785245373600,LeaderAccept
1785245373633,true,1785245373674,LeaderAccept
1785245373711,true,1785245373752,LeaderAccept
1785245373790,false,1785245373831,LeaderAccept
1785245373874,false,1785245373915,LeaderAccept
1785245373960,true,1785245374001,LeaderAccept
1785245374051,true,1785245374092,LeaderAccept
1785245374145,false,1785245374186,LeaderAccept
1785245374244,true,1785245374285,LeaderAccept
1785245374348,false,1785245374389,LeaderAccept
1785245374458,true,1785245374499,LeaderAccept
1785245374574,true,1785245374615,LeaderAccept
1785245374698,false,1785245374739,LeaderAccept
1785245374828,true,1785245374869,LeaderAccept
1785245374968,true,1785245375008,LeaderAccept
1785245375117,false,1785245375157,LeaderAccept
1785245375276,true,1785245375317,LeaderAccept
1785245375450,false,1785245375491,LeaderAccept
1785245375638,false,1785245375679,LeaderAccept
1785245375845,false,1785245375886,LeaderAccept
1785245376076,false,1785245376116,LeaderAccept
1785245376333,false,1785245376374,LeaderAccept
1785245376627,false,1785245376668,FastAccept
1785245376967,false,1785245377013,FastAccept
1785245377368,false,1785245377409,FastAccept
1785245377859,true,1785245377901,FastAccept
1785245378486,false,1785245378528,FastAccept
1785245379344,true,1785245379385,FastAccept
1785245380661,true,1785245380702,FastAccept
1785245383203,false,1785245383244,FastAccept
1785245388897,false,1785245388938,LeaderAccept
1785245388914,true,1785245388955,LeaderAccept
1785245388929,false,1785245388970,LeaderAccept
1785245388946,true,1785245388987,LeaderAccept
1785245388962,false,1785245389003,LeaderAccept
1785245388978,true,1785245389020,LeaderAccept
1785245388996,false,1785245389037,LeaderAccept
1785245389012,false,1785245389054,LeaderAccept
1785245389029,true,1785245389070,LeaderAccept
1785245389046,true,1785245389087,LeaderAccept
1785245389064,true,1785245389104,LeaderAccept
1785245389081,true,1785245389123,LeaderAccept
1785245389098,false,1785245389139,LeaderAccept
1785245389116,true,1785245389157,LeaderAccept
1785245389133,true,1785245389174,LeaderAccept
1785245389151,true,1785245389192,LeaderAccept
1785245389169,true,1785245389210,LeaderAccept
1785245389188,false,1785245389229,LeaderAccept
1785245389207,false,1785245389248,LeaderAccept
1785245389225,true,1785245389266,LeaderAccept
1785245389244,false,1785245389285,LeaderAccept
1785245389262,false,1785245389304,LeaderAccept
1785245389282,false,1785245389323,LeaderAccept
1785245389300,true,1785245389341,LeaderAccept
1785245389319,true,1785245389360,LeaderAccept
1785245389338,true,1785245389379,LeaderAccept
1785245389358,false,1785245389399,LeaderAccept
1785245389378,true,1785245389419,LeaderAccept
1785245389398,false,1785245389438,LeaderAccept
1785245389418,false,1785245389459,LeaderAccept
1785245389438,false,1785245389479,LeaderAccept
1785245389458,false,1785245389499,LeaderAccept
1785245389479,true,1785245389519,LeaderAccept
1785245389499,false,1785245389538,LeaderAccept
1785245389521,false,1785245389562,LeaderAccept
1785245389543,true,1785245389583,LeaderAccept
1785245389565,true,1785245389605,LeaderAccept
1785245389587,true,1785245389627,LeaderAccept
1785245389608,true,1785245389649,LeaderAccept
1785245389630,false,1785245389671,LeaderAccept
1785245389654,true,1785245389696,LeaderAccept
1785245389676,true,1785245389716,LeaderAccept
1785245389698,true,1785245389739,LeaderAccept
1785245389721,true,1785245389762,LeaderAccept
1785245389745,true,1785245389785,LeaderAccept
1785245389768,true,1785245389809,LeaderAccept
1785245389792,false,1785245389833,LeaderAccept
1785245389816,true,1785245389857,LeaderAccept
1785245389842,true,1785245389882,LeaderAccept
1785245389867,false,1785245389908,LeaderAccept
1785245389892,true,1785245389933,LeaderAccept
1785245389917,true,1785245389958,LeaderAccept
1785245389943,false,1785245389984,LeaderAccept
1785245389969,false,1785245390010,LeaderAccept
1785245389995,false,1785245390036,LeaderAccept
1785245390021,true,1785245390062,LeaderAccept
1785245390048,true,1785245390088,LeaderAccept
1785245390076,false,1785245390116,LeaderAccept
1785245390104,true,1785245390144,LeaderAccept
1785245390132,false,1785245390173,LeaderAccept
1785245390160,false,1785245390201,LeaderAccept
1785245390190,true,1785245390231,LeaderAccept
1785245390219,false,1785245390260,LeaderAccept
1785245390249,false,1785245390290,LeaderAccept
1785245390280,false,1785245390321,LeaderAccept
1785245390311,true,1785245390352,LeaderAccept
1785245390341,false,1785245390382,LeaderAccept
1785245390372,true,1785245390413,LeaderAccept
1785245390405,true,1785245390445,LeaderAccept
1785245390437,false,1785245390478,LeaderAccept
1785245390471,true,1785245390512,LeaderAccept
1785245390504,false,1785245390545,LeaderAccept
1785245390539,false,1785245390580,LeaderAccept
1785245390574,true,1785245390615,LeaderAccept
1785245390609,false,1785245390650,LeaderAccept
1785245390645,true,1785245390686,LeaderAccept
1785245390682,false,1785245390722,LeaderAccept
1785245390720,false,1785245390761,LeaderAccept
1785245390758,false,1785245390799,LeaderAccept
1785245390797,false,1785245390837,LeaderAccept
1785245390836,false,1785245390877,LeaderAccept
1785245390876,false,1785245390917,LeaderAccept
1785245390917,false,1785245390957,LeaderAccept
1785245390958,true,1785245391000,LeaderAccept
1785245391001,true,1785245391042,LeaderAccept
1785245391044,true,1785245391085,LeaderAccept
1785245391089,false,1785245391130,LeaderAccept
1785245391135,true,1785245391176,LeaderAccept
1785245391181,true,1785245391222,LeaderAccept
1785245391228,false,1785245391269,LeaderAccept
1785245391278,false,1785245391319,LeaderAccept
1785245391327,false,1785245391368,LeaderAccept
1785245391378,true,1785245391420,LeaderAccept
1785245391431,false,1785245391471,LeaderAccept
1785245391484,false,1785245391525,LeaderAccept
1785245391539,false,1785245391581,LeaderAccept
1785245391597,true,1785245391638,LeaderAccept
1785245391655,true,1785245391696,LeaderAccept
1785245391716,true,1785245391756,LeaderAccept
1785245391778,false,1785245391819,LeaderAccept
1785245391841,true,1785245391882,LeaderAccept
1785245391906,true,1785245391948,LeaderAccept
1785245391973,true,1785245392015,LeaderAccept
1785245392043,true,1785245392084,LeaderAccept
1785245392116,false,1785245392157,LeaderAccept
1785245392190,false,1785245392231,LeaderAccept
1785245392268,false,1785245392309,LeaderAccept
1785245392348,true,1785245392389,LeaderAccept
1785245392432,true,1785245392474,LeaderAccept
1785245392519,false,1785245392560,LeaderAccept
1785245392610,true,1785245392651,LeaderAccept
1785245392707,true,1785245392747,LeaderAccept
1785245392808,true,1785245392849,LeaderAccept
1785245392913,false,1785245392954,LeaderAccept
1785245393024,true,1785245393065,LeaderAccept
1785245393141,true,1785245393181,LeaderAccept
1785245393266,true,1785245393307,LeaderAccept
1785245393398,true,1785245393439,LeaderAccept
1785245393539,true,1785245393580,LeaderAccept
1785245393691,false,1785245393732,LeaderAccept
1785245393854,false,1785245393895,LeaderAccept
1785245394032,true,1785245394072,LeaderAccept
1785245394225,false,1785245394266,LeaderAccept
1785245394438,false,1785245394479,LeaderAccept
1785245394676,true,1785245394717,LeaderAccept
1785245394942,false,1785245394983,LeaderAccept
1785245395246,false,1785245395287,LeaderAccept
1785245395601,false,1785245395641,LeaderAccept
1785245396024,false,1785245396064,LeaderAccept
1785245396545,true,1785245396585,LeaderAccept
1785245397221,true,1785245397262,LeaderAccept
1785245398169,true,1785245398210,LeaderAccept
1785245399691,false,1785245399733,LeaderAccept
1785245402949,false,1785245402990,FastAccept
1785245419550,true,1785245419591,LeaderAccept
1785245430067,true,1785245430108,LeaderAccept
1785245430105,true,1785245430145,LeaderAccept
1785245430144,true,1785245430185,LeaderAccept
1785245430184,false,1785245430224,LeaderAccept
1785245430223,false,1785245430264,LeaderAccept
1785245430263,false,1785245430303,LeaderAccept
1785245430306,true,1785245430346,LeaderAccept
1785245430348,true,1785245430389,LeaderAccept
1785245430391,true,1785245430432,LeaderAccept
1785245430436,true,1785245430476,LeaderAccept
1785245430482,true,1785245430523,LeaderAccept
1785245430529,false,1785245430570,LeaderAccept
1785245430577,false,1785245430617,LeaderAccept
1785245430626,false,1785245430666,LeaderAccept
1785245430676,true,1785245430716,LeaderAccept
1785245430727,false,1785245430766,LeaderAccept
1785245430778,true,1785245430819,LeaderAccept
1785245430832,true,1785245430872,LeaderAccept
1785245430887,false,1785245430927,LeaderAccept
1785245430944,true,1785245430985,LeaderAccept
1785245431001,false,1785245431041,LeaderAccept
1785245431061,false,1785245431101,LeaderAccept
1785245431122,false,1785245431162,LeaderAccept
1785245431186,false,1785245431226,LeaderAccept
1785245431251,true,1785245431292,LeaderAccept
1785245431318,false,1785245431358,LeaderAccept
1785245431388,false,1785245431428,LeaderAccept
1785245431460,false,1785245431500,LeaderAccept
1785245431534,false,1785245431575,LeaderAccept
1785245431611,false,1785245431652,LeaderAccept
1785245431691,false,1785245431731,LeaderAccept
1785245431775,true,1785245431815,LeaderAccept
1785245431861,false,1785245431902,LeaderAccept
1785245431952,false,1785245431993,LeaderAccept
1785245432048,false,1785245432087,LeaderAccept
1785245432147,true,1785245432188,LeaderAccept
1785245432252,false,1785245432294,LeaderAccept
1785245432362,false,1785245432403,LeaderAccept
1785245432478,true,1785245432519,LeaderAccept
1785245432601,true,1785245432642,LeaderAccept
1785245432732,false,1785245432773,LeaderAccept
1785245432872,true,1785245432913,LeaderAccept
1785245433023,true,1785245433063,LeaderAccept
1785245433185,true,1785245433226,LeaderAccept
1785245433361,true,1785245433401,LeaderAccept
1785245433551,false,1785245433592,LeaderAccept
1785245433762,false,1785245433802,LeaderAccept
1785245433994,false,1785245434035,LeaderAccept
1785245434256,false,1785245434298,LeaderAccept
1785245434554,false,1785245434595,LeaderAccept
1785245434900,false,1785245434941,LeaderAccept
1785245435312,true,1785245435353,LeaderAccept
1785245435817,false,1785245435858,LeaderAccept
1785245436467,true,1785245436507,LeaderAccept
1785245436957,true,1785245436998,LeaderAccept
1785245436987,true,1785245437028,LeaderAccept
1785245437016,true,1785245437057,LeaderAccept
1785245437046,false,1785245437087,LeaderAccept
1785245437078,false,1785245437119,LeaderAccept
1785245437109,true,1785245437150,LeaderAccept
1785245437141,true,1785245437182,LeaderAccept
1785245437173,true,1785245437214,LeaderAccept
1785245437205,true,1785245437246,LeaderAccept
1785245437238,true,1785245437280,LeaderAccept
1785245437271,true,1785245437312,LeaderAccept
1785245437305,false,1785245437346,LeaderAccept
1785245437339,true,1785245437381,LeaderAccept
1785245437375,false,1785245437416,LeaderAccept
1785245437411,true,1785245437452,LeaderAccept
1785245437448,false,1785245437488,LeaderAccept
1785245437485,true,1785245437526,LeaderAccept
1785245437524,false,1785245437564,LeaderAccept
1785245437562,false,1785245437603,LeaderAccept
1785245437601,true,1785245437642,LeaderAccept
1785245437642,false,1785245437683,LeaderAccept
1785245437683,true,1785245437722,LeaderAccept
1785245437725,true,1785245437765,LeaderAccept
1785245437768,true,1785245437809,LeaderAccept
1785245437811,true,1785245437852,LeaderAccept
1785245437855,false,1785245437896,LeaderAccept
1785245437900,true,1785245437941,LeaderAccept
1785245437946,true,1785245437987,LeaderAccept
1785245437995,true,1785245438035,LeaderAccept
1785245438043,true,1785245438084,LeaderAccept
1785245438092,false,1785245438133,LeaderAccept
1785245438143,true,1785245438184,LeaderAccept
1785245438196,true,1785245438237,LeaderAccept
1785245438250,false,1785245438290,LeaderAccept
1785245438306,false,1785245438347,LeaderAccept
1785245438362,true,1785245438402,LeaderAccept
1785245438421,false,1785245438461,LeaderAccept
1785245438480,true,1785245438521,LeaderAccept
1785245438543,true,1785245438584,LeaderAccept
1785245438606,false,1785245438647,LeaderAccept
1785245438671,true,1785245438712,LeaderAccept
1785245438740,true,1785245438781,LeaderAccept
1785245438809,true,1785245438851,LeaderAccept
1785245438882,true,1785245438924,LeaderAccept
1785245438957,false,1785245438998,LeaderAccept
1785245439036,false,1785245439077,LeaderAccept
1785245439117,true,1785245439158,LeaderAccept
1785245439202,false,1785245439243,LeaderAccept
1785245439289,true,1785245439331,LeaderAccept
1785245439381,true,1785245439422,LeaderAccept
1785245439478,false,1785245439518,LeaderAccept
1785245439579,true,1785245439619,LeaderAccept
1785245439685,false,1785245439725,LeaderAccept
1785245439797,true,1785245439838,LeaderAccept
1785245439914,false,1785245439955,LeaderAccept
1785245440039,false,1785245440080,LeaderAccept
1785245440173,true,1785245440213,LeaderAccept
1785245440315,false,1785245440356,LeaderAccept
1785245440468,false,1785245440508,LeaderAccept
1785245440633,true,1785245440673,LeaderAccept
1785245440812,false,1785245440853,LeaderAccept
1785245441007,true,1785245441049,LeaderAccept
1785245441222,true,1785245441263,LeaderAccept
1785245441462,true,1785245441503,LeaderAccept
1785245441731,false,1785245441772,FastAccept
1785245442039,false,1785245442081,FastAccept
1785245442398,false,1785245442440,FastAccept
1785245442828,false,1785245442870,FastAccept
1785245443361,true,1785245443406,FastAccept
1785245444055,true,1785245444096,FastAccept
1785245445038,false,1785245445079,FastAccept
1785245446644,false,1785245446686,FastAccept
1785245450228,true,1785245450269,FastAccept
1785245463723,true,1785245463765,FastAccept
1785245463758,false,1785245463800,FastAccept
1785245463795,true,1785245463835,FastAccept
1785245463831,false,1785245463896,LeaderAccept
1785245463868,true,1785245463917,LeaderAccept
1785245463906,false,1785245463951,FastAccept
1785245463943,false,1785245463991,LeaderAccept
1785245463983,false,1785245464032,LeaderAccept
1785245464022,false,1785245464074,LeaderAccept
1785245464063,false,1785245464117,LeaderAccept
1785245464105,true,1785245464161,LeaderAccept
1785245464146,false,1785245464206,LeaderAccept
1785245464189,true,1785245464255,SlowAccept
1785245464234,true,1785245464280,LeaderAccept
1785245464279,true,1785245464320,LeaderAccept
1785245464324,true,1785245464365,LeaderAccept
1785245464371,false,1785245464412,LeaderAccept
1785245464418,false,1785245464460,LeaderAccept
1785245464468,true,1785245464509,LeaderAccept
1785245464518,true,1785245464559,LeaderAccept
1785245464569,false,1785245464610,LeaderAccept
1785245464623,true,1785245464663,LeaderAccept
1785245464676,true,1785245464718,LeaderAccept
1785245464732,false,1785245464773,LeaderAccept
1785245464788,false,1785245464828,LeaderAccept
1785245464846,true,1785245464887,LeaderAccept
1785245464906,true,1785245464947,LeaderAccept
1785245464969,true,1785245465010,LeaderAccept
1785245465033,false,1785245465074,LeaderAccept
1785245465100,false,1785245465141,LeaderAccept
1785245465168,false,1785245465210,LeaderAccept
1785245465239,false,1785245465279,LeaderAccept
1785245465312,false,1785245465354,LeaderAccept
1785245465388,true,1785245465430,LeaderAccept
1785245465467,false,1785245465509,LeaderAccept
1785245465549,false,1785245465590,LeaderAccept
1785245465635,false,1785245465676,LeaderAccept
1785245465723,false,1785245465765,LeaderAccept
1785245465817,true,1785245465858,LeaderAccept
1785245465915,true,1785245465956,LeaderAccept
1785245466017,false,1785245466057,LeaderAccept
1785245466125,false,1785245466167,LeaderAccept
1785245466238,true,1785245466280,LeaderAccept
1785245466357,true,1785245466424,SlowAccept
1785245466485,false,1785245466526,FastAccept
1785245466621,true,1785245466662,FastAccept
1785245466765,false,1785245466807,FastAccept
1785245466921,false,1785245466962,FastAccept
1785245467089,false,1785245467130,FastAccept
1785245467272,true,1785245467313,FastAccept
1785245467473,false,1785245467522,LeaderAccept
1785245467693,false,1785245467760,SlowAccept
1785245467941,false,1785245467981,FastAccept
1785245468219,false,1785245468279,SlowAccept
1785245468540,true,1785245468581,LeaderAccept
1785245468917,false,1785245468958,LeaderAccept
1785245469370,false,1785245469412,LeaderAccept
1785245469939,true,1785245469980,LeaderAccept
1785245470695,true,1785245470737,FastAccept
1785245471798,false,1785245471839,FastAccept
1785245473712,false,1785245473753,FastAccept
1785245477661,false,1785245477702,FastAccept
1785245477681,true,1785245477722,FastAccept
1785245477699,false,1785245477740,FastAccept
1785245477719,true,1785245477759,FastAccept
1785245477738,true,1785245477779,FastAccept
1785245477758,true,1785245477799,FastAccept
1785245477779,true,1785245477819,FastAccept
1785245477799,false,1785245477839,FastAccept
1785245477819,false,1785245477860,FastAccept
1785245477839,true,1785245477880,FastAccept
1785245477860,false,1785245477901,FastAccept
1785245477880,true,1785245477921,FastAccept
1785245477901,true,1785245477942,FastAccept
1785245477922,false,1785245477963,FastAccept
1785245477943,false,1785245477984,FastAccept
1785245477964,false,1785245478005,FastAccept
1785245477986,true,1785245478028,FastAccept
1785245478009,true,1785245478050,FastAccept
1785245478031,true,1785245478072,FastAccept
1785245478053,false,1785245478094,FastAccept
1785245478075,false,1785245478116,FastAccept
1785245478099,false,1785245478140,FastAccept
1785245478123,true,1785245478164,FastAccept
1785245478146,true,1785245478187,FastAccept
1785245478169,false,1785245478211,FastAccept
1785245478193,true,1785245478234,FastAccept
1785245478217,true,1785245478258,FastAccept
1785245478242,false,1785245478283,FastAccept
1785245478266,false,1785245478308,FastAccept
1785245478291,false,1785245478332,FastAccept
1785245478316,false,1785245478357,FastAccept
1785245478342,false,1785245478383,FastAccept
1785245478368,true,1785245478409,FastAccept
1785245478394,false,1785245478435,FastAccept
1785245478421,false,1785245478462,FastAccept
1785245478448,true,1785245478489,FastAccept
1785245478475,true,1785245478516,FastAccept
1785245478503,true,1785245478544,FastAccept
1785245478530,false,1785245478572,FastAccept
1785245478559,true,1785245478600,FastAccept
1785245478589,false,1785245478630,FastAccept
1785245478619,true,1785245478660,FastAccept
1785245478649,true,1785245478689,FastAccept
1785245478679,false,1785245478721,FastAccept
1785245478710,false,1785245478751,FastAccept
1785245478741,true,1785245478782,FastAccept
1785245478772,true,1785245478813,FastAccept
1785245478804,true,1785245478845,FastAccept
1785245478836,true,1785245478878,FastAccept
1785245478869,true,1785245478910,FastAccept
1785245478903,false,1785245478944,FastAccept
1785245478937,true,1785245478978,FastAccept
1785245478971,false,1785245479013,FastAccept
1785245479007,true,1785245479048,FastAccept
1785245479043,true,1785245479084,FastAccept
1785245479080,false,1785245479121,FastAccept
1785245479117,true,1785245479159,FastAccept
1785245479156,true,1785245479197,FastAccept
1785245479194,false,1785245479246,LeaderAccept
1785245479233,false,1785245479274,FastAccept
1785245479273,false,1785245479314,FastAccept
1785245479313,false,1785245479354,FastAccept
1785245479354,false,1785245479395,FastAccept
1785245479396,false,1785245479437,FastAccept
1785245479440,true,1785245479481,FastAccept
1785245479484,true,1785245479525,FastAccept
1785245479529,false,1785245479571,FastAccept
1785245479575,true,1785245479616,FastAccept
1785245479622,true,1785245479663,FastAccept
1785245479671,true,1785245479737,LeaderAccept
1785245479720,true,1785245479779,LeaderAccept
1785245479770,true,1785245479825,LeaderAccept
1785245479823,false,1785245479873,LeaderAccept
1785245479877,false,1785245479918,FastAccept
1785245479931,false,1785245479977,FastAccept
1785245479987,false,1785245480052,LeaderAccept
1785245480045,true,1785245480103,LeaderAccept
1785245480104,false,1785245480159,LeaderAccept
1785245480166,true,1785245480207,LeaderAccept
1785245480228,true,1785245480269,LeaderAccept
1785245480293,false,1785245480335,LeaderAccept
1785245480361,false,1785245480402,LeaderAccept
1785245480430,false,1785245480471,LeaderAccept
1785245480502,false,1785245480543,LeaderAccept
1785245480576,false,1785245480618,LeaderAccept
1785245480653,true,1785245480694,LeaderAccept
1785245480734,true,1785245480776,LeaderAccept
1785245480817,false,1785245480858,LeaderAccept
1785245480903,false,1785245480945,LeaderAccept
1785245480994,false,1785245481036,LeaderAccept
1785245481089,true,1785245481131,LeaderAccept
1785245481187,false,1785245481228,LeaderAccept
1785245481292,false,1785245481334,LeaderAccept
1785245481402,false,1785245481443,LeaderAccept
1785245481518,true,1785245481559,LeaderAccept
1785245481640,false,1785245481681,LeaderAccept
1785245481770,true,1785245481811,FastAccept
1785245481910,false,1785245481950,FastAccept
1785245482059,true,1785245482105,FastAccept
1785245482220,false,1785245482262,FastAccept
1785245482393,true,1785245482435,FastAccept
1785245482582,false,1785245482648,LeaderAccept
1785245482791,false,1785245482833,FastAccept
1785245483021,false,1785245483062,FastAccept
1785245483280,false,1785245483326,FastAccept
1785245483574,true,1785245483635,LeaderAccept
1785245483916,true,1785245483957,FastAccept
1785245484320,true,1785245484360,FastAccept
1785245484813,true,1785245484892,LeaderAccept
1785245485446,false,1785245485487,LeaderAccept
1785245486187,true,1785245486228,LeaderAccept
1785245486214,false,1785245486255,LeaderAccept
1785245486241,false,1785245486283,LeaderAccept
1785245486269,false,1785245486310,LeaderAccept
1785245486297,false,1785245486339,LeaderAccept
1785245486325,false,1785245486366,LeaderAccept
1785245486354,true,1785245486395,LeaderAccept
1785245486383,false,1785245486424,LeaderAccept
1785245486413,true,1785245486454,LeaderAccept
1785245486442,true,1785245486483,LeaderAccept
1785245486473,true,1785245486515,LeaderAccept
1785245486504,false,1785245486544,LeaderAccept
1785245486535,true,1785245486577,LeaderAccept
1785245486568,true,1785245486610,LeaderAccept
1785245486601,true,1785245486642,LeaderAccept
1785245486633,false,1785245486673,LeaderAccept
1785245486666,true,1785245486707,LeaderAccept
1785245486701,true,1785245486742,LeaderAccept
1785245486735,false,1785245486776,LeaderAccept
1785245486770,true,1785245486811,LeaderAccept
1785245486806,false,1785245486847,LeaderAccept
1785245486843,false,1785245486883,LeaderAccept
1785245486879,true,1785245486921,LeaderAccept
1785245486916,false,1785245486957,LeaderAccept
1785245486954,false,1785245486995,LeaderAccept
1785245486994,true,1785245487035,LeaderAccept
1785245487033,false,1785245487074,LeaderAccept
1785245487073,false,1785245487114,LeaderAccept
1785245487114,true,1785245487156,LeaderAccept
1785245487156,true,1785245487197,LeaderAccept
1785245487198,false,1785245487239,LeaderAccept
1785245487243,false,1785245487284,LeaderAccept
1785245487287,true,1785245487328,LeaderAccept
1785245487333,false,1785245487374,LeaderAccept
1785245487380,true,1785245487421,LeaderAccept
1785245487428,false,1785245487469,LeaderAccept
1785245487478,false,1785245487519,LeaderAccept
1785245487529,true,1785245487570,LeaderAccept
1785245487580,false,1785245487621,LeaderAccept
1785245487634,true,1785245487676,LeaderAccept
1785245487689,true,1785245487729,LeaderAccept
1785245487745,true,1785245487786,LeaderAccept
1785245487803,true,1785245487844,LeaderAccept
1785245487861,false,1785245487903,LeaderAccept
1785245487922,false,1785245487963,LeaderAccept
1785245487984,false,1785245488025,LeaderAccept
1785245488050,true,1785245488090,LeaderAccept
1785245488117,false,1785245488158,LeaderAccept
1785245488186,false,1785245488227,LeaderAccept
1785245488257,true,1785245488298,LeaderAccept
1785245488330,false,1785245488371,FastAccept
1785245488406,false,1785245488447,FastAccept
1785245488486,true,1785245488548,LeaderAccept
1785245488568,true,1785245488613,FastAccept
1785245488655,true,1785245488696,FastAccept
1785245488744,true,1785245488785,FastAccept
1785245488839,true,1785245488880,FastAccept
1785245488937,true,1785245488978,FastAccept
1785245489040,false,1785245489081,FastAccept
1785245489148,true,1785245489211,LeaderAccept
1785245489264,false,1785245489310,FastAccept
1785245489385,true,1785245489427,FastAccept
1785245489513,true,1785245489555,FastAccept
1785245489650,false,1785245489692,FastAccept
1785245489797,false,1785245489839,FastAccept
1785245489955,false,1785245489996,FastAccept
1785245490126,true,1785245490188,LeaderAccept
1785245490311,false,1785245490352,FastAccept
1785245490515,true,1785245490557,FastAccept
1785245490740,false,1785245490781,FastAccept
1785245490993,false,1785245491034,FastAccept
1785245491279,true,1785245491320,FastAccept
1785245491609,true,1785245491650,FastAccept
1785245491998,true,1785245492039,FastAccept
1785245492470,true,1785245492512,FastAccept
1785245493067,true,1785245493109,FastAccept
1785245493871,false,1785245493912,FastAccept
1785245495073,false,1785245495114,FastAccept
1785245497263,true,1785245497304,FastAccept
1785245503806,true,1785245503848,FastAccept
1785245505137,true,1785245505198,SlowAccept
1785245505157,true,1785245505221,SlowAccept
1785245505177,true,1785245505223,LeaderAccept
1785245505196,false,1785245505243,LeaderAccept
1785245505217,false,1785245505263,LeaderAccept
1785245505238,true,1785245505284,LeaderAccept
1785245505258,true,1785245505304,LeaderAccept
1785245505279,true,1785245505325,LeaderAccept
1785245505299,false,1785245505345,LeaderAccept
1785245505320,true,1785245505367,LeaderAccept
1785245505342,false,1785245505383,LeaderAccept
1785245505363,false,1785245505404,LeaderAccept
1785245505385,false,1785245505426,LeaderAccept
1785245505408,false,1785245505449,LeaderAccept
1785245505430,false,1785245505471,LeaderAccept
1785245505452,true,1785245505493,LeaderAccept
1785245505474,false,1785245505515,LeaderAccept
1785245505497,true,1785245505539,LeaderAccept
1785245505521,true,1785245505561,LeaderAccept
1785245505545,false,1785245505585,LeaderAccept
1785245505568,true,1785245505609,LeaderAccept
1785245505593,true,1785245505633,LeaderAccept
1785245505617,false,1785245505658,LeaderAccept
1785245505643,false,1785245505683,LeaderAccept
1785245505667,true,1785245505708,LeaderAccept
1785245505693,false,1785245505737,LeaderAccept
1785245505718,true,1785245505759,LeaderAccept
1785245505744,false,1785245505785,LeaderAccept
1785245505771,false,1785245505811,LeaderAccept
1785245505797,true,1785245505838,LeaderAccept
1785245505824,false,1785245505865,LeaderAccept
1785245505850,false,1785245505890,LeaderAccept
1785245505877,false,1785245505918,LeaderAccept
1785245505905,true,1785245505945,LeaderAccept
1785245505934,false,1785245505974,LeaderAccept
1785245505962,false,1785245506003,LeaderAccept
1785245505991,true,1785245506032,LeaderAccept
1785245506021,false,1785245506062,LeaderAccept
1785245506050,true,1785245506091,LeaderAccept
1785245506081,true,1785245506121,LeaderAccept
1785245506112,false,1785245506152,LeaderAccept
1785245506144,true,1785245506185,LeaderAccept
1785245506176,false,1785245506217,LeaderAccept
1785245506208,true,1785245506249,LeaderAccept
1785245506240,false,1785245506280,LeaderAccept
1785245506274,false,1785245506314,LeaderAccept
1785245506308,true,1785245506349,LeaderAccept
1785245506342,false,1785245506383,LeaderAccept
1785245506376,true,1785245506417,LeaderAccept
1785245506412,true,1785245506453,LeaderAccept
1785245506447,true,1785245506488,LeaderAccept
1785245506484,false,1785245506525,LeaderAccept
1785245506522,true,1785245506563,LeaderAccept
1785245506559,false,1785245506600,LeaderAccept
1785245506598,false,1785245506640,LeaderAccept
1785245506638,false,1785245506679,LeaderAccept
1785245506677,true,1785245506718,LeaderAccept
1785245506719,true,1785245506760,LeaderAccept
1785245506760,true,1785245506801,LeaderAccept
1785245506802,true,1785245506843,LeaderAccept
1785245506845,false,1785245506886,LeaderAccept
1785245506889,true,1785245506930,LeaderAccept
1785245506935,false,1785245506976,LeaderAccept
1785245506981,false,1785245507022,LeaderAccept
1785245507028,false,1785245507069,LeaderAccept
1785245507077,true,1785245507119,LeaderAccept
1785245507126,false,1785245507168,LeaderAccept
1785245507176,false,1785245507218,LeaderAccept
1785245507229,false,1785245507270,LeaderAccept
1785245507283,true,1785245507324,LeaderAccept
1785245507337,true,1785245507378,LeaderAccept
1785245507393,false,1785245507436,LeaderAccept
1785245507451,false,1785245507492,LeaderAccept
1785245507511,true,1785245507551,LeaderAccept
1785245507573,false,1785245507613,LeaderAccept
1785245507636,true,1785245507676,LeaderAccept
1785245507700,true,1785245507741,LeaderAccept
1785245507768,false,1785245507809,LeaderAccept
1785245507837,true,1785245507877,LeaderAccept
1785245507909,true,1785245507951,LeaderAccept
1785245507984,true,1785245508026,LeaderAccept
1785245508061,false,1785245508103,LeaderAccept
1785245508141,false,1785245508183,LeaderAccept
1785245508225,true,1785245508266,LeaderAccept
1785245508313,false,1785245508354,LeaderAccept
1785245508403,false,1785245508449,LeaderAccept
1785245508498,false,1785245508539,LeaderAccept
1785245508597,true,1785245508638,LeaderAccept
1785245508703,true,1785245508744,LeaderAccept
1785245508813,true,1785245508854,LeaderAccept
1785245508930,true,1785245508970,LeaderAccept
1785245509054,true,1785245509094,LeaderAccept
1785245509184,false,1785245509225,LeaderAccept
1785245509323,true,1785245509364,LeaderAccept
1785245509473,true,1785245509514,LeaderAccept
1785245509634,true,1785245509692,LeaderAccept
1785245509810,true,1785245509851,FastAccept
1785245510001,false,1785245510042,FastAccept
1785245510210,true,1785245510252,FastAccept
1785245510444,false,1785245510485,FastAccept
1785245510705,true,1785245510765,LeaderAccept
1785245511002,false,1785245511044,FastAccept
1785245511347,true,1785245511389,FastAccept
1785245511757,false,1785245511798,FastAccept
1785245512260,false,1785245512301,FastAccept
1785245512906,false,1785245512947,FastAccept
