request_time,write,response_time,accept_status
1785422719878,true,1785422719941,LeaderAccept
1785422719895,true,1785422719958,LeaderAccept
1785422719913,false,1785422719975,LeaderAccept
1785422719930,false,1785422719993,LeaderAccept
1785422719948,false,1785422720011,LeaderAccept
1785422719965,false,1785422720028,LeaderAccept
1785422719983,false,1785422720046,LeaderAccept
1785422720002,false,1785422720065,LeaderAccept
1785422720020,true,1785422720084,LeaderAccept
1785422720038,false,1785422720102,LeaderAccept
1785422720057,true,1785422720119,LeaderAccept
1785422720075,true,1785422720138,LeaderAccept
1785422720094,true,1785422720157,LeaderAccept
1785422720113,false,1785422720176,LeaderAccept
1785422720133,false,1785422720196,LeaderAccept
1785422720152,false,1785422720215,LeaderAccept
1785422720171,false,1785422720234,LeaderAccept
1785422720190,true,1785422720253,LeaderAccept
1785422720210,true,1785422720273,LeaderAccept
1785422720230,true,1785422720292,LeaderAccept
1785422720250,true,1785422720313,LeaderAccept
1785422720271,true,1785422720334,LeaderAccept
1785422720292,false,1785422720354,LeaderAccept
1785422720312,false,1785422720375,LeaderAccept
1785422720333,false,1785422720396,LeaderAccept
1785422720354,true,1785422720417,LeaderAccept
1785422720375,true,1785422720438,LeaderAccept
1785422720396,false,1785422720460,LeaderAccept
1785422720418,false,1785422720481,LeaderAccept
1785422720440,true,1785422720504,LeaderAccept
1785422720462,false,1785422720526,LeaderAccept
1785422720485,false,1785422720549,LeaderAccept
1785422720507,true,1785422720570,LeaderAccept
1785422720530,false,1785422720593,LeaderAccept
1785422720553,true,1785422720616,LeaderAccept
1785422720576,false,1785422720639,LeaderAccept
1785422720600,true,1785422720663,LeaderAccept
1785422720624,true,1785422720687,LeaderAccept
1785422720648,false,1785422720711,LeaderAccept
1785422720673,true,1785422720736,LeaderAccept
1785422720699,false,1785422720761,LeaderAccept
1785422720724,true,1785422720786,LeaderAccept
1785422720749,true,1785422720812,LeaderAccept
1785422720774,false,1785422720838,LeaderAccept
1785422720800,true,1785422720864,LeaderAccept
1785422720826,false,1785422720889,LeaderAccept
1785422720853,true,1785422720916,LeaderAccept
1785422720880,true,1785422720942,LeaderAccept
1785422720907,true,1785422720970,LeaderAccept
1785422720935,false,1785422720998,LeaderAccept
1785422720964,true,1785422721026,LeaderAccept
1785422720992,false,1785422721055,LeaderAccept
1785422721021,false,1785422721084,LeaderAccept
1785422721050,true,1785422721113,LeaderAccept
1785422721080,false,1785422721143,LeaderAccept
1785422721110,true,1785422721172,LeaderAccept
1785422721140,false,1785422721203,LeaderAccept
1785422721171,true,1785422721234,LeaderAccept
1785422721202,true,1785422721265,LeaderAccept
1785422721234,true,1785422721296,LeaderAccept
1785422721266,false,1785422721328,LeaderAccept
1785422721299,false,1785422721362,LeaderAccept
1785422721332,false,1785422721395,LeaderAccept
1785422721365,false,1785422721429,LeaderAccept
1785422721400,false,1785422721463,LeaderAccept
1785422721435,false,1785422721499,LeaderAccept
1785422721471,true,1785422721534,LeaderAccept
1785422721507,true,1785422721570,LeaderAccept
1785422721544,false,1785422721607,LeaderAccept
1785422721582,true,1785422721645,LeaderAccept
1785422721620,false,1785422721683,LeaderAccept
1785422721659,true,1785422721722,LeaderAccept
1785422721699,false,1785422721762,LeaderAccept
1785422721740,true,1785422721802,LeaderAccept
1785422721781,true,1785422721844,LeaderAccept
1785422721823,true,1785422721885,LeaderAccept
1785422721865,false,1785422721928,LeaderAccept
1785422721909,false,1785422721972,LeaderAccept
1785422721953,true,1785422722016,LeaderAccept
1785422721999,true,1785422722062,LeaderAccept
1785422722046,false,1785422722109,LeaderAccept
1785422722094,false,1785422722156,LeaderAccept
1785422722143,false,1785422722206,LeaderAccept
1785422722194,true,1785422722256,LeaderAccept
1785422722245,true,1785422722307,LeaderAccept
1785422722298,false,1785422722360,LeaderAccept
1785422722352,false,1785422722414,LeaderAccept
1785422722408,false,1785422722471,LeaderAccept
1785422722464,true,1785422722527,LeaderAccept
1785422722522,true,1785422722585,LeaderAccept
1785422722582,false,1785422722644,LeaderAccept
1785422722644,false,1785422722706,LeaderAccept
1785422722709,false,1785422722771,LeaderAccept
1785422722774,true,1785422722837,LeaderAccept
1785422722842,false,1785422722904,LeaderAccept
1785422722913,true,1785422722975,LeaderAccept
1785422722985,false,1785422723048,LeaderAccept
1785422723060,false,1785422723124,LeaderAccept
1785422723139,true,1785422723202,LeaderAccept
1785422723220,false,1785422723283,LeaderAccept
1785422723305,true,1785422723367,LeaderAccept
1785422723394,true,1785422723456,LeaderAccept
1785422723486,true,1785422723550,LeaderAccept
1785422723583,false,1785422723646,LeaderAccept
1785422723686,false,1785422723748,LeaderAccept
1785422723793,true,1785422723856,LeaderAccept
1785422723905,true,1785422723968,LeaderAccept
1785422724024,true,1785422724087,LeaderAccept
1785422724150,false,1785422724213,LeaderAccept
1785422724284,true,1785422724347,LeaderAccept
1785422724429,false,1785422724492,LeaderAccept
1785422724583,true,1785422724646,LeaderAccept
1785422724749,false,1785422724812,LeaderAccept
1785422724930,false,1785422724993,LeaderAccept
1785422725128,true,1785422725192,LeaderAccept
1785422725346,false,1785422725409,LeaderAccept
1785422725589,true,1785422725652,LeaderAccept
1785422725864,true,1785422725927,LeaderAccept
1785422726179,true,1785422726242,LeaderAccept
1785422726547,false,1785422726610,LeaderAccept
1785422726990,true,1785422727053,LeaderAccept
1785422727543,true,1785422727606,LeaderAccept
1785422728270,true,1785422728333,LeaderAccept
1785422729317,true,1785422729379,LeaderAccept
1785422731081,false,1785422731144,LeaderAccept
1785422735345,true,1785422735408,LeaderAccept
1785422748651,true,1785422748715,LeaderAccept
1785422748674,false,1785422748737,LeaderAccept
1785422748696,false,1785422748759,LeaderAccept
1785422748719,false,1785422748782,LeaderAccept
1785422748742,true,1785422748805,LeaderAccept
1785422748766,true,1785422748829,LeaderAccept
1785422748789,true,1785422748852,LeaderAccept
1785422748814,false,1785422748877,LeaderAccept
1785422748837,true,1785422748900,LeaderAccept
1785422748861,true,1785422748925,LeaderAccept
1785422748886,true,1785422748949,LeaderAccept
1785422748911,true,1785422748974,LeaderAccept
1785422748936,true,1785422748999,LeaderAccept
1785422748961,true,1785422749024,LeaderAccept
1785422748987,true,1785422749050,LeaderAccept
1785422749013,false,1785422749076,LeaderAccept
1785422749040,false,1785422749103,LeaderAccept
1785422749066,true,1785422749129,LeaderAccept
1785422749093,true,1785422749156,LeaderAccept
1785422749121,false,1785422749184,LeaderAccept
1785422749149,true,1785422749212,LeaderAccept
1785422749177,true,1785422749240,LeaderAccept
1785422749206,false,1785422749269,LeaderAccept
1785422749235,true,1785422749298,LeaderAccept
1785422749264,false,1785422749327,LeaderAccept
1785422749295,false,1785422749357,LeaderAccept
1785422749325,true,1785422749388,LeaderAccept
1785422749356,false,1785422749419,LeaderAccept
1785422749387,false,1785422749450,LeaderAccept
1785422749418,true,1785422749481,LeaderAccept
1785422749450,true,1785422749512,LeaderAccept
1785422749482,false,1785422749545,LeaderAccept
1785422749515,false,1785422749578,LeaderAccept
1785422749549,false,1785422749612,LeaderAccept
1785422749583,false,1785422749646,LeaderAccept
1785422749618,true,1785422749681,LeaderAccept
1785422749653,false,1785422749716,LeaderAccept
1785422749689,true,1785422749751,LeaderAccept
1785422749725,false,1785422749788,LeaderAccept
1785422749763,false,1785422749826,LeaderAccept
1785422749801,true,1785422749864,LeaderAccept
1785422749841,false,1785422749903,LeaderAccept
1785422749880,true,1785422749943,LeaderAccept
1785422749921,true,1785422749984,LeaderAccept
1785422749961,true,1785422750024,LeaderAccept
1785422750003,false,1785422750066,LeaderAccept
1785422750046,false,1785422750110,LeaderAccept
1785422750091,true,1785422750154,LeaderAccept
1785422750136,true,1785422750198,LeaderAccept
1785422750181,true,1785422750245,LeaderAccept
1785422750228,true,1785422750291,LeaderAccept
1785422750276,false,1785422750339,LeaderAccept
1785422750324,true,1785422750387,LeaderAccept
1785422750373,true,1785422750436,LeaderAccept
1785422750424,true,1785422750488,LeaderAccept
1785422750478,true,1785422750541,LeaderAccept
1785422750531,true,1785422750595,LeaderAccept
1785422750586,true,1785422750650,LeaderAccept
1785422750643,false,1785422750707,LeaderAccept
1785422750701,false,1785422750764,LeaderAccept
1785422750761,true,1785422750823,LeaderAccept
1785422750823,true,1785422750886,LeaderAccept
1785422750886,false,1785422750949,LeaderAccept
1785422750952,false,1785422751015,LeaderAccept
1785422751019,true,1785422751083,LeaderAccept
1785422751089,true,1785422751152,LeaderAccept
1785422751161,false,1785422751224,LeaderAccept
1785422751236,true,1785422751299,LeaderAccept
1785422751314,true,1785422751377,LeaderAccept
1785422751395,true,1785422751458,LeaderAccept
1785422751479,false,1785422751542,LeaderAccept
1785422751567,true,1785422751631,LeaderAccept
1785422751659,true,1785422751723,LeaderAccept
1785422751755,true,1785422751818,LeaderAccept
1785422751857,true,1785422751920,LeaderAccept
1785422751963,false,1785422752026,LeaderAccept
1785422752074,true,1785422752138,LeaderAccept
1785422752192,true,1785422752255,LeaderAccept
1785422752317,false,1785422752380,LeaderAccept
1785422752450,true,1785422752514,LeaderAccept
1785422752592,true,1785422752655,LeaderAccept
1785422752744,true,1785422752807,LeaderAccept
1785422752908,false,1785422752971,LeaderAccept
1785422753087,false,1785422753150,LeaderAccept
1785422753282,true,1785422753345,LeaderAccept
1785422753496,false,1785422753560,LeaderAccept
1785422753735,false,1785422753799,LeaderAccept
1785422754004,true,1785422754068,LeaderAccept
1785422754311,true,1785422754375,LeaderAccept
1785422754669,true,1785422754732,LeaderAccept
1785422755098,false,1785422755161,LeaderAccept
1785422755628,false,1785422755691,LeaderAccept
1785422756319,false,1785422756382,LeaderAccept
1785422757294,false,1785422757358,LeaderAccept
1785422758882,true,1785422758945,LeaderAccept
1785422762394,true,1785422762457,LeaderAccept
1785422763469,true,1785422763532,LeaderAccept
1785422763488,false,1785422763552,LeaderAccept
1785422763508,false,1785422763572,LeaderAccept
1785422763527,true,1785422763590,LeaderAccept
1785422763547,true,1785422763610,LeaderAccept
1785422763568,false,1785422763630,LeaderAccept
1785422763587,false,1785422763650,LeaderAccept
1785422763607,true,1785422763670,LeaderAccept
1785422763628,false,1785422763690,LeaderAccept
1785422763650,false,1785422763712,LeaderAccept
1785422763670,false,1785422763732,LeaderAccept
1785422763690,true,1785422763753,LeaderAccept
1785422763711,true,1785422763774,LeaderAccept
1785422763732,false,1785422763794,LeaderAccept
1785422763753,true,1785422763816,LeaderAccept
1785422763775,false,1785422763838,LeaderAccept
1785422763798,true,1785422763861,LeaderAccept
1785422763820,false,1785422763883,LeaderAccept
1785422763842,false,1785422763905,LeaderAccept
1785422763864,true,1785422763927,LeaderAccept
1785422763887,false,1785422763950,LeaderAccept
1785422763910,true,1785422763972,LeaderAccept
1785422763933,true,1785422763996,LeaderAccept
1785422763957,false,1785422764020,LeaderAccept
1785422763982,true,1785422764044,LeaderAccept
1785422764006,true,1785422764069,LeaderAccept
1785422764031,true,1785422764094,LeaderAccept
1785422764056,true,1785422764119,LeaderAccept
1785422764081,true,1785422764143,LeaderAccept
1785422764106,true,1785422764169,LeaderAccept
1785422764132,true,1785422764195,LeaderAccept
1785422764159,false,1785422764221,LeaderAccept
1785422764185,true,1785422764248,LeaderAccept
1785422764213,false,1785422764275,LeaderAccept
1785422764240,true,1785422764303,LeaderAccept
1785422764268,false,1785422764330,LeaderAccept
1785422764296,true,1785422764359,LeaderAccept
1785422764324,true,1785422764386,LeaderAccept
1785422764353,true,1785422764415,LeaderAccept
1785422764382,false,1785422764444,LeaderAccept
1785422764411,true,1785422764473,LeaderAccept
1785422764440,true,1785422764502,LeaderAccept
1785422764471,false,1785422764533,LeaderAccept
1785422764502,true,1785422764564,LeaderAccept
1785422764533,true,1785422764595,LeaderAccept
1785422764565,false,1785422764627,LeaderAccept
1785422764597,false,1785422764659,LeaderAccept
1785422764630,true,1785422764692,LeaderAccept
1785422764663,true,1785422764726,LeaderAccept
1785422764697,true,1785422764759,LeaderAccept
1785422764731,true,1785422764794,LeaderAccept
1785422764767,false,1785422764829,LeaderAccept
1785422764802,true,1785422764865,LeaderAccept
1785422764838,true,1785422764901,LeaderAccept
1785422764875,false,1785422764938,LeaderAccept
1785422764913,true,1785422764976,LeaderAccept
1785422764952,false,1785422765015,LeaderAccept
1785422764991,false,1785422765054,LeaderAccept
1785422765030,false,1785422765093,LeaderAccept
1785422765070,true,1785422765133,LeaderAccept
1785422765112,true,1785422765175,LeaderAccept
1785422765153,true,1785422765216,LeaderAccept
1785422765196,true,1785422765259,LeaderAccept
1785422765239,false,1785422765302,LeaderAccept
1785422765284,true,1785422765348,LeaderAccept
1785422765331,false,1785422765394,LeaderAccept
1785422765377,false,1785422765440,LeaderAccept
1785422765424,false,1785422765487,LeaderAccept
1785422765472,false,1785422765535,LeaderAccept
1785422765521,false,1785422765584,LeaderAccept
1785422765572,false,1785422765635,LeaderAccept
1785422765624,false,1785422765687,LeaderAccept
1785422765678,true,1785422765741,LeaderAccept
1785422765734,false,1785422765797,LeaderAccept
1785422765790,true,1785422765854,LeaderAccept
1785422765849,true,1785422765912,LeaderAccept
1785422765909,true,1785422765972,LeaderAccept
1785422765971,true,1785422766034,LeaderAccept
1785422766035,true,1785422766098,LeaderAccept
1785422766101,true,1785422766164,LeaderAccept
1785422766169,true,1785422766232,LeaderAccept
1785422766239,true,1785422766303,LeaderAccept
1785422766311,false,1785422766374,LeaderAccept
1785422766387,false,1785422766450,LeaderAccept
1785422766465,true,1785422766528,LeaderAccept
1785422766546,false,1785422766609,LeaderAccept
1785422766630,false,1785422766693,LeaderAccept
1785422766719,true,1785422766782,LeaderAccept
1785422766810,true,1785422766873,LeaderAccept
1785422766906,false,,
1785422767006,true,,
1785422767112,false,,
1785422767224,true,,
1785422767341,true,,
1785422767466,true,,
1785422767599,true,,
1785422767741,false,,
1785422767894,true,,
1785422768058,false,,
1785422768237,false,,
1785422768431,false,,
1785422768646,false,,
1785422768884,true,,
1785422769153,false,,
1785422769460,true,,
1785422769818,true,,
1785422770247,true,,
1785422770777,true,,
1785422771467,false,,
1785422772443,false,1785422772506,LeaderAccept
1785422774030,true,1785422774093,LeaderAccept
1785422777538,false,1785422777602,LeaderAccept
1785422797806,false,1785422797868,LeaderAccept
1785422797836,false,1785422797899,LeaderAccept
1785422797855,true,1785422797917,LeaderAccept
1785422797875,false,1785422797937,LeaderAccept
1785422797894,false,1785422797957,LeaderAccept
1785422797914,true,1785422797977,LeaderAccept
1785422797933,true,1785422797996,LeaderAccept
1785422797954,true,1785422798016,LeaderAccept
1785422797974,false,1785422798036,LeaderAccept
1785422797994,false,1785422798057,LeaderAccept
1785422798015,false,1785422798078,LeaderAccept
1785422798035,true,1785422798098,LeaderAccept
1785422798056,false,1785422798119,LeaderAccept
1785422798078,true,1785422798141,LeaderAccept
1785422798099,true,1785422798162,LeaderAccept
1785422798120,true,1785422798184,LeaderAccept
1785422798142,true,1785422798205,LeaderAccept
1785422798164,true,1785422798227,LeaderAccept
1785422798186,false,1785422798249,LeaderAccept
1785422798208,false,1785422798271,LeaderAccept
1785422798230,true,1785422798293,LeaderAccept
1785422798253,true,1785422798316,LeaderAccept
1785422798276,true,1785422798338,LeaderAccept
1785422798299,true,1785422798361,LeaderAccept
1785422798322,false,1785422798385,LeaderAccept
1785422798347,false,1785422798409,LeaderAccept
1785422798371,false,1785422798434,LeaderAccept
1785422798396,false,1785422798459,LeaderAccept
1785422798421,false,1785422798484,LeaderAccept
1785422798446,false,1785422798509,LeaderAccept
1785422798472,false,1785422798535,LeaderAccept
1785422798498,false,1785422798560,LeaderAccept
1785422798524,false,1785422798587,LeaderAccept
1785422798551,false,1785422798613,LeaderAccept
1785422798578,true,1785422798640,LeaderAccept
1785422798605,false,1785422798667,LeaderAccept
1785422798632,true,1785422798695,LeaderAccept
1785422798660,false,1785422798723,LeaderAccept
1785422798689,true,1785422798751,LeaderAccept
1785422798718,true,1785422798781,LeaderAccept
1785422798747,false,1785422798810,LeaderAccept
1785422798776,false,1785422798838,LeaderAccept
1785422798806,false,1785422798868,LeaderAccept
1785422798836,false,1785422798898,LeaderAccept
1785422798866,true,1785422798929,LeaderAccept
1785422798897,false,1785422798960,LeaderAccept
1785422798929,true,1785422798991,LeaderAccept
1785422798961,false,1785422799023,LeaderAccept
1785422798993,false,1785422799056,LeaderAccept
1785422799027,false,1785422799089,LeaderAccept
1785422799060,true,1785422799122,LeaderAccept
1785422799094,true,1785422799157,LeaderAccept
1785422799130,true,1785422799192,LeaderAccept
1785422799165,true,1785422799228,LeaderAccept
1785422799201,true,1785422799264,LeaderAccept
1785422799238,true,1785422799300,LeaderAccept
1785422799275,true,1785422799337,LeaderAccept
1785422799314,true,1785422799376,LeaderAccept
1785422799352,true,1785422799415,LeaderAccept
1785422799392,true,1785422799455,LeaderAccept
1785422799432,false,1785422799495,LeaderAccept
1785422799473,true,1785422799536,LeaderAccept
1785422799515,false,1785422799578,LeaderAccept
1785422799558,true,1785422799621,LeaderAccept
1785422799603,false,1785422799665,LeaderAccept
1785422799647,true,1785422799710,LeaderAccept
1785422799692,false,1785422799754,LeaderAccept
1785422799738,false,1785422799801,LeaderAccept
1785422799785,true,1785422799847,LeaderAccept
1785422799833,false,1785422799895,LeaderAccept
1785422799882,true,1785422799945,LeaderAccept
1785422799933,false,1785422799997,LeaderAccept
1785422799985,true,1785422800048,LeaderAccept
1785422800039,true,1785422800102,LeaderAccept
1785422800094,false,1785422800157,LeaderAccept
1785422800151,false,1785422800214,LeaderAccept
1785422800210,false,1785422800272,LeaderAccept
1785422800270,false,1785422800332,LeaderAccept
1785422800332,false,1785422800395,LeaderAccept
1785422800395,false,1785422800457,LeaderAccept
1785422800460,true,1785422800523,LeaderAccept
1785422800528,true,1785422800591,LeaderAccept
1785422800598,false,1785422800661,LeaderAccept
1785422800670,false,1785422800733,LeaderAccept
1785422800745,false,1785422800808,LeaderAccept
1785422800823,true,1785422800886,LeaderAccept
1785422800903,true,1785422800966,LeaderAccept
1785422800987,false,1785422801050,LeaderAccept
1785422801075,true,1785422801139,LeaderAccept
1785422801167,true,1785422801230,LeaderAccept
1785422801263,true,1785422801325,LeaderAccept
1785422801363,false,1785422801425,LeaderAccept
1785422801468,false,1785422801531,LeaderAccept
1785422801579,true,1785422801642,LeaderAccept
1785422801698,false,1785422801760,LeaderAccept
1785422801823,false,1785422801886,LeaderAccept
1785422801955,false,1785422802018,LeaderAccept
1785422802097,false,1785422802159,LeaderAccept
1785422802248,true,1785422802311,LeaderAccept
1785422802412,false,1785422802475,LeaderAccept
1785422802590,true,1785422802653,LeaderAccept
1785422802784,false,1785422802848,LeaderAccept
1785422802998,true,1785422803062,LeaderAccept
1785422803235,false,1785422803298,LeaderAccept
1785422803502,true,1785422803565,LeaderAccept
1785422803807,true,1785422803869,LeaderAccept
1785422804162,false,1785422804225,LeaderAccept
1785422804586,true,1785422804649,LeaderAccept
1785422805110,false,,
1785422805791,false,1785422805854,LeaderAccept
1785422806748,true,1785422806811,LeaderAccept
1785422808290,true,,
1785422811623,false,1785422811685,LeaderAccept
1785422816563,false,1785422816625,LeaderAccept
1785422816581,true,1785422816643,LeaderAccept
1785422816599,true,1785422816662,LeaderAccept
1785422816618,false,1785422816680,LeaderAccept
1785422816636,false,1785422816699,LeaderAccept
1785422816655,true,1785422816717,LeaderAccept
1785422816674,false,1785422816736,LeaderAccept
1785422816694,true,1785422816756,LeaderAccept
1785422816714,false,1785422816776,LeaderAccept
1785422816733,false,1785422816796,LeaderAccept
1785422816753,true,1785422816815,LeaderAccept
1785422816774,true,1785422816836,LeaderAccept
1785422816794,false,1785422816856,LeaderAccept
1785422816814,false,1785422816877,LeaderAccept
1785422816835,false,1785422816897,LeaderAccept
1785422816855,true,1785422816918,LeaderAccept
1785422816876,false,1785422816939,LeaderAccept
1785422816897,false,1785422816959,LeaderAccept
1785422816918,false,1785422816981,LeaderAccept
1785422816939,true,1785422817001,LeaderAccept
1785422816960,true,1785422817023,LeaderAccept
1785422816982,true,1785422817045,LeaderAccept
1785422817004,true,1785422817068,LeaderAccept
1785422817028,true,1785422817091,LeaderAccept
1785422817050,false,1785422817113,LeaderAccept
1785422817073,false,1785422817137,LeaderAccept
1785422817096,false,1785422817159,LeaderAccept
1785422817119,false,1785422817182,LeaderAccept
1785422817143,false,1785422817206,LeaderAccept
1785422817167,false,1785422817230,LeaderAccept
1785422817192,false,1785422817255,LeaderAccept
1785422817217,true,1785422817280,LeaderAccept
1785422817242,true,1785422817305,LeaderAccept
1785422817267,true,1785422817330,LeaderAccept
1785422817292,false,1785422817355,LeaderAccept
1785422817318,true,1785422817380,LeaderAccept
1785422817344,false,1785422817407,LeaderAccept
1785422817371,true,1785422817434,LeaderAccept
1785422817399,true,1785422817461,LeaderAccept
1785422817426,true,1785422817489,LeaderAccept
1785422817453,false,1785422817516,LeaderAccept
1785422817481,true,1785422817544,LeaderAccept
1785422817509,true,1785422817572,LeaderAccept
1785422817538,false,1785422817601,LeaderAccept
1785422817568,false,1785422817631,LeaderAccept
1785422817598,false,1785422817660,LeaderAccept
1785422817627,false,1785422817690,LeaderAccept
1785422817658,false,1785422817722,LeaderAccept
1785422817690,true,1785422817752,LeaderAccept
1785422817722,true,1785422817784,LeaderAccept
1785422817753,false,1785422817816,LeaderAccept
1785422817786,true,1785422817848,LeaderAccept
1785422817819,true,1785422817881,LeaderAccept
1785422817853,true,1785422817915,LeaderAccept
1785422817887,true,1785422817949,LeaderAccept
1785422817921,false,1785422817984,LeaderAccept
1785422817956,false,1785422818019,LeaderAccept
1785422817992,true,1785422818055,LeaderAccept
1785422818028,false,1785422818091,LeaderAccept
1785422818066,false,1785422818128,LeaderAccept
1785422818103,true,1785422818166,LeaderAccept
1785422818142,false,1785422818205,LeaderAccept
1785422818180,false,1785422818243,LeaderAccept
1785422818220,false,1785422818282,LeaderAccept
1785422818260,false,1785422818323,LeaderAccept
1785422818301,true,1785422818364,LeaderAccept
1785422818343,false,1785422818406,LeaderAccept
1785422818386,false,1785422818449,LeaderAccept
1785422818430,true,1785422818493,LeaderAccept
1785422818475,true,1785422818538,LeaderAccept
1785422818521,true,1785422818584,LeaderAccept
1785422818568,true,1785422818631,LeaderAccept
1785422818616,false,1785422818679,LeaderAccept
1785422818665,false,1785422818728,LeaderAccept
1785422818715,true,1785422818777,LeaderAccept
1785422818766,true,1785422818829,LeaderAccept
1785422818818,false,1785422818881,LeaderAccept
1785422818872,true,1785422818935,LeaderAccept
1785422818927,true,1785422818989,LeaderAccept
1785422818984,true,1785422819047,LeaderAccept
1785422819044,false,1785422819106,LeaderAccept
1785422819105,true,1785422819168,LeaderAccept
1785422819168,true,1785422819230,LeaderAccept
1785422819232,true,1785422819296,LeaderAccept
1785422819298,true,1785422819360,LeaderAccept
1785422819367,true,1785422819429,LeaderAccept
1785422819438,true,1785422819501,LeaderAccept
1785422819511,false,1785422819574,LeaderAccept
1785422819587,false,1785422819650,LeaderAccept
1785422819666,false,1785422819729,LeaderAccept
1785422819748,false,1785422819811,LeaderAccept
1785422819833,false,1785422819895,LeaderAccept
1785422819922,true,1785422819985,LeaderAccept
1785422820015,false,1785422820078,LeaderAccept
1785422820113,true,,
1785422820215,false,,
1785422820322,false,,
1785422820435,true,,
1785422820554,false,,
1785422820681,true,1785422820792,LeaderAccept
1785422820816,false,1785422820878,LeaderAccept
1785422820961,true,1785422821023,LeaderAccept
1785422821116,false,1785422821179,LeaderAccept
1785422821284,true,1785422821347,LeaderAccept
1785422821467,true,1785422821529,LeaderAccept
1785422821666,false,1785422821728,LeaderAccept
1785422821887,false,1785422821950,LeaderAccept
1785422822132,false,1785422822194,LeaderAccept
1785422822411,false,1785422822474,LeaderAccept
1785422822730,false,1785422822792,LeaderAccept
1785422823104,false,1785422823166,LeaderAccept
1785422823555,true,1785422823618,LeaderAccept
1785422824120,true,1785422824182,LeaderAccept
1785422824868,true,1785422824932,LeaderAccept
1785422825956,true,1785422826019,LeaderAccept
1785422827829,false,1785422827892,LeaderAccept
1785422832605,true,1785422832668,LeaderAccept
1785422846396,true,1785422846459,LeaderAccept
1785422846427,true,1785422846491,LeaderAccept
1785422846459,true,1785422846522,LeaderAccept
1785422846491,true,1785422846554,LeaderAccept
1785422846523,false,1785422846585,LeaderAccept
1785422846556,true,1785422846618,LeaderAccept
1785422846590,false,1785422846653,LeaderAccept
1785422846625,false,1785422846688,LeaderAccept
1785422846660,true,1785422846723,LeaderAccept
1785422846696,false,1785422846758,LeaderAccept
1785422846732,true,1785422846795,LeaderAccept
1785422846770,false,1785422846833,LeaderAccept
1785422846808,false,1785422846871,LeaderAccept
1785422846846,true,1785422846910,LeaderAccept
1785422846885,true,1785422846949,LeaderAccept
1785422846925,false,1785422846988,LeaderAccept
1785422846965,true,1785422847029,LeaderAccept
1785422847006,false,1785422847069,LeaderAccept
1785422847048,false,1785422847111,LeaderAccept
1785422847092,true,1785422847155,LeaderAccept
1785422847136,false,1785422847199,LeaderAccept
1785422847181,false,1785422847245,LeaderAccept
1785422847227,false,1785422847290,LeaderAccept
1785422847274,true,1785422847337,LeaderAccept
1785422847323,true,1785422847385,LeaderAccept
1785422847372,true,1785422847436,LeaderAccept
1785422847423,false,1785422847486,LeaderAccept
1785422847474,false,1785422847538,LeaderAccept
1785422847527,false,1785422847592,LeaderAccept
1785422847581,false,1785422847644,LeaderAccept
1785422847637,true,1785422847700,LeaderAccept
1785422847694,false,1785422847757,LeaderAccept
1785422847753,true,1785422847816,LeaderAccept
1785422847814,false,1785422847877,LeaderAccept
1785422847876,false,1785422847939,LeaderAccept
1785422847941,true,1785422848004,LeaderAccept
1785422848007,false,1785422848071,LeaderAccept
1785422848076,false,1785422848140,LeaderAccept
1785422848147,true,1785422848210,LeaderAccept
1785422848221,true,1785422848285,LeaderAccept
1785422848297,false,1785422848361,LeaderAccept
1785422848376,true,1785422848439,LeaderAccept
1785422848458,false,1785422848521,LeaderAccept
1785422848543,false,1785422848607,LeaderAccept
1785422848634,false,1785422848697,LeaderAccept
1785422848728,true,1785422848790,LeaderAccept
1785422848825,true,1785422848889,LeaderAccept
1785422848928,true,1785422848992,LeaderAccept
1785422849036,false,1785422849099,LeaderAccept
1785422849150,false,1785422849213,LeaderAccept
1785422849271,true,1785422849334,LeaderAccept
1785422849399,false,1785422849463,LeaderAccept
1785422849536,true,1785422849600,LeaderAccept
1785422849682,true,1785422849746,LeaderAccept
1785422849839,false,1785422849902,LeaderAccept
1785422850008,false,1785422850071,LeaderAccept
1785422850193,false,1785422850257,LeaderAccept
1785422850395,false,1785422850459,LeaderAccept
1785422850620,true,1785422850683,LeaderAccept
1785422850870,true,1785422850933,LeaderAccept
1785422851154,true,1785422851217,LeaderAccept
1785422851481,false,1785422851545,LeaderAccept
1785422851865,false,1785422851929,LeaderAccept
1785422852331,false,1785422852395,LeaderAccept
1785422852919,true,1785422852982,LeaderAccept
1785422853706,true,1785422853769,LeaderAccept
1785422854873,false,,
1785422856963,true,1785422857026,LeaderAccept
1785422862907,false,1785422862970,LeaderAccept
1785422878027,true,1785422878090,LeaderAccept
1785422878045,true,1785422878108,LeaderAccept
1785422878061,true,1785422878123,LeaderAccept
1785422878078,false,1785422878141,LeaderAccept
1785422878095,true,1785422878158,LeaderAccept
1785422878113,false,1785422878177,LeaderAccept
1785422878130,false,1785422878193,LeaderAccept
1785422878147,true,1785422878210,LeaderAccept
1785422878164,true,1785422878228,LeaderAccept
1785422878182,false,1785422878244,LeaderAccept
1785422878200,false,1785422878262,LeaderAccept
1785422878218,true,1785422878281,LeaderAccept
1785422878236,true,1785422878298,LeaderAccept
1785422878254,true,1785422878317,LeaderAccept
1785422878273,true,1785422878336,LeaderAccept
1785422878292,true,1785422878355,LeaderAccept
1785422878312,true,1785422878375,LeaderAccept
1785422878331,true,1785422878394,LeaderAccept
1785422878350,true,1785422878413,LeaderAccept
1785422878369,false,1785422878432,LeaderAccept
1785422878389,true,1785422878451,LeaderAccept
1785422878408,false,1785422878471,LeaderAccept
1785422878428,true,1785422878491,LeaderAccept
1785422878448,false,1785422878511,LeaderAccept
1785422878469,false,1785422878531,LeaderAccept
1785422878489,false,1785422878552,LeaderAccept
1785422878510,false,1785422878573,LeaderAccept
1785422878531,false,1785422878594,LeaderAccept
1785422878552,false,1785422878615,LeaderAccept
1785422878573,false,1785422878635,LeaderAccept
1785422878594,false,1785422878656,LeaderAccept
1785422878615,false,1785422878677,LeaderAccept
1785422878636,true,1785422878699,LeaderAccept
1785422878658,true,1785422878721,LeaderAccept
1785422878681,false,1785422878744,LeaderAccept
1785422878704,true,1785422878767,LeaderAccept
1785422878728,true,1785422878790,LeaderAccept
1785422878752,true,1785422878814,LeaderAccept
1785422878775,false,1785422878838,LeaderAccept
1785422878799,true,1785422878861,LeaderAccept
1785422878822,true,1785422878885,LeaderAccept
1785422878847,true,1785422878910,LeaderAccept
1785422878871,false,1785422878934,LeaderAccept
1785422878897,true,1785422878959,LeaderAccept
1785422878921,true,1785422878984,LeaderAccept
1785422878946,true,1785422879009,LeaderAccept
1785422878973,true,1785422879036,LeaderAccept
1785422878998,true,1785422879061,LeaderAccept
1785422879024,false,1785422879087,LeaderAccept
1785422879051,true,1785422879114,LeaderAccept
1785422879078,true,1785422879141,LeaderAccept
1785422879106,false,1785422879170,LeaderAccept
1785422879133,true,1785422879196,LeaderAccept
1785422879161,false,1785422879225,LeaderAccept
1785422879190,false,1785422879253,LeaderAccept
1785422879219,true,1785422879281,LeaderAccept
1785422879248,true,1785422879310,LeaderAccept
1785422879278,false,1785422879340,LeaderAccept
1785422879308,true,1785422879370,LeaderAccept
1785422879338,true,1785422879401,LeaderAccept
1785422879369,true,1785422879433,LeaderAccept
1785422879401,true,1785422879464,LeaderAccept
1785422879433,false,1785422879496,LeaderAccept
1785422879465,false,1785422879528,LeaderAccept
1785422879498,true,1785422879560,LeaderAccept
1785422879531,true,1785422879593,LeaderAccept
1785422879565,true,1785422879628,LeaderAccept
1785422879601,false,1785422879663,LeaderAccept
1785422879636,true,1785422879699,LeaderAccept
1785422879672,false,1785422879734,LeaderAccept
1785422879708,true,1785422879771,LeaderAccept
1785422879746,false,1785422879808,LeaderAccept
1785422879783,true,1785422879846,LeaderAccept
1785422879821,true,1785422879885,LeaderAccept
1785422879860,true,1785422879923,LeaderAccept
1785422879900,true,1785422879963,LeaderAccept
1785422879940,true,1785422880003,LeaderAccept
1785422879981,true,1785422880044,LeaderAccept
1785422880023,false,1785422880086,LeaderAccept
1785422880066,true,1785422880129,LeaderAccept
1785422880110,true,1785422880173,LeaderAccept
1785422880155,false,1785422880218,LeaderAccept
1785422880202,true,1785422880264,LeaderAccept
1785422880248,true,1785422880311,LeaderAccept
1785422880296,true,1785422880359,LeaderAccept
1785422880345,false,1785422880408,LeaderAccept
1785422880395,false,1785422880458,LeaderAccept
1785422880447,false,1785422880510,LeaderAccept
1785422880500,true,1785422880563,LeaderAccept
1785422880554,false,1785422880617,LeaderAccept
1785422880610,true,1785422880673,LeaderAccept
1785422880667,false,1785422880730,LeaderAccept
1785422880726,false,1785422880789,LeaderAccept
1785422880786,true,1785422880849,LeaderAccept
1785422880849,false,1785422880912,LeaderAccept
1785422880913,false,1785422880975,LeaderAccept
1785422880979,true,1785422881042,LeaderAccept
1785422881048,true,1785422881111,LeaderAccept
1785422881119,false,1785422881181,LeaderAccept
1785422881192,true,1785422881255,LeaderAccept
1785422881268,false,1785422881332,LeaderAccept
1785422881347,false,1785422881410,LeaderAccept
1785422881429,true,1785422881492,LeaderAccept
1785422881515,true,1785422881578,LeaderAccept
1785422881606,false,1785422881669,LeaderAccept
1785422881699,false,1785422881762,LeaderAccept
1785422881797,false,1785422881860,LeaderAccept
1785422881900,false,1785422881963,LeaderAccept
1785422882008,false,1785422882071,LeaderAccept
1785422882122,true,1785422882185,LeaderAccept
1785422882243,true,1785422882306,LeaderAccept
1785422882371,false,1785422882434,LeaderAccept
1785422882507,true,1785422882570,LeaderAccept
1785422882654,false,1785422882716,LeaderAccept
1785422882811,true,1785422882874,LeaderAccept
1785422882980,false,1785422883043,LeaderAccept
1785422883165,true,1785422883228,LeaderAccept
1785422883368,false,1785422883431,LeaderAccept
1785422883592,false,1785422883655,LeaderAccept
1785422883842,true,1785422883905,LeaderAccept
1785422884126,false,1785422884189,LeaderAccept
1785422884453,true,1785422884515,LeaderAccept
1785422884837,false,1785422884900,LeaderAccept
1785422885303,true,1785422885366,LeaderAccept
1785422885891,true,1785422885953,LeaderAccept
1785422886679,true,1785422886742,LeaderAccept
1785422887848,true,1785422887911,LeaderAccept
1785422889943,false,1785422890006,LeaderAccept
1785422895915,true,1785422895977,LeaderAccept
1785422899186,false,1785422899249,LeaderAccept
1785422899211,false,1785422899273,LeaderAccept
1785422899236,false,1785422899299,LeaderAccept
1785422899262,false,1785422899324,LeaderAccept
1785422899288,false,1785422899350,LeaderAccept
1785422899313,true,1785422899376,LeaderAccept
1785422899339,true,1785422899402,LeaderAccept
1785422899366,false,1785422899429,LeaderAccept
1785422899393,false,1785422899456,LeaderAccept
1785422899420,false,1785422899483,LeaderAccept
1785422899449,true,1785422899512,LeaderAccept
1785422899477,false,1785422899541,LeaderAccept
1785422899506,true,1785422899569,LeaderAccept
1785422899535,true,1785422899598,LeaderAccept
1785422899565,true,1785422899627,LeaderAccept
1785422899595,false,,
1785422899625,false,1785422899813,LeaderAccept
1785422899655,false,1785422899813,LeaderAccept
1785422899686,false,1785422899813,LeaderAccept
1785422899718,false,1785422899813,LeaderAccept
1785422899749,true,1785422899813,LeaderAccept
1785422899781,true,1785422899844,LeaderAccept
1785422899814,false,1785422899877,LeaderAccept
1785422899849,false,1785422899911,LeaderAccept
1785422899882,true,1785422899945,LeaderAccept
1785422899916,true,1785422899979,LeaderAccept
1785422899952,false,1785422900016,LeaderAccept
1785422899988,true,1785422900051,LeaderAccept
1785422900025,true,1785422900087,LeaderAccept
1785422900063,true,1785422900125,LeaderAccept
1785422900100,false,1785422900163,LeaderAccept
1785422900140,true,1785422900203,LeaderAccept
1785422900179,false,1785422900243,LeaderAccept
1785422900220,true,1785422900283,LeaderAccept
1785422900260,true,1785422900323,LeaderAccept
1785422900301,false,1785422900364,LeaderAccept
1785422900344,false,1785422900406,LeaderAccept
1785422900387,true,1785422900451,LeaderAccept
1785422900432,false,1785422900495,LeaderAccept
1785422900477,true,1785422900541,LeaderAccept
1785422900524,false,1785422900587,LeaderAccept
1785422900571,true,1785422900634,LeaderAccept
1785422900619,false,1785422900682,LeaderAccept
1785422900668,false,1785422900732,LeaderAccept
1785422900719,false,1785422900782,LeaderAccept
1785422900771,true,1785422900834,LeaderAccept
1785422900824,false,1785422900887,LeaderAccept
1785422900879,false,1785422900942,LeaderAccept
1785422900935,true,1785422900998,LeaderAccept
1785422900993,false,1785422901056,LeaderAccept
1785422901052,true,1785422901115,LeaderAccept
1785422901114,true,1785422901177,LeaderAccept
1785422901177,false,1785422901239,LeaderAccept
1785422901241,true,1785422901304,LeaderAccept
1785422901309,false,1785422901372,LeaderAccept
1785422901378,false,1785422901441,LeaderAccept
1785422901449,false,1785422901513,LeaderAccept
1785422901524,true,1785422901587,LeaderAccept
1785422901601,false,1785422901664,LeaderAccept
1785422901681,false,1785422901744,LeaderAccept
1785422901764,false,1785422901827,LeaderAccept
1785422901850,false,1785422901913,LeaderAccept
1785422901940,false,1785422902003,LeaderAccept
1785422902035,false,1785422902097,LeaderAccept
1785422902134,true,1785422902197,LeaderAccept
1785422902238,false,1785422902301,LeaderAccept
1785422902348,false,1785422902411,LeaderAccept
1785422902464,true,1785422902527,LeaderAccept
1785422902587,true,1785422902650,LeaderAccept
1785422902717,false,1785422902780,LeaderAccept
1785422902857,true,1785422902920,LeaderAccept
1785422903005,false,1785422903068,LeaderAccept
1785422903166,true,1785422903228,LeaderAccept
1785422903340,false,1785422903402,LeaderAccept
1785422903530,true,1785422903592,LeaderAccept
1785422903738,false,1785422903800,LeaderAccept
1785422903968,false,1785422904030,LeaderAccept
1785422904226,true,1785422904289,LeaderAccept
1785422904521,false,1785422904584,LeaderAccept
1785422904862,false,1785422904924,LeaderAccept
1785422905266,false,1785422905329,LeaderAccept
1785422905760,true,1785422905823,LeaderAccept
1785422906392,false,1785422906455,LeaderAccept
1785422907258,true,1785422907321,LeaderAccept
1785422908595,false,1785422908658,LeaderAccept
1785422911199,false,1785422911261,LeaderAccept
1785422920771,true,1785422920834,LeaderAccept
1785422938924,true,1785422939054,LeaderAccept
1785422938939,false,1785422939054,LeaderAccept
1785422938955,false,1785422939054,LeaderAccept
1785422938970,true,1785422939054,LeaderAccept
1785422938986,false,1785422939054,LeaderAccept
1785422939002,false,1785422939064,LeaderAccept
1785422939018,true,1785422939081,LeaderAccept
1785422939034,false,1785422939096,LeaderAccept
1785422939050,true,1785422939112,LeaderAccept
1785422939066,true,1785422939129,LeaderAccept
1785422939084,false,1785422939146,LeaderAccept
1785422939100,false,1785422939162,LeaderAccept
1785422939117,true,1785422939180,LeaderAccept
1785422939134,false,1785422939198,LeaderAccept
1785422939151,true,1785422939214,LeaderAccept
1785422939168,false,1785422939231,LeaderAccept
1785422939186,false,1785422939248,LeaderAccept
1785422939203,true,1785422939265,LeaderAccept
1785422939220,false,1785422939283,LeaderAccept
1785422939238,true,1785422939301,LeaderAccept
1785422939257,true,1785422939319,LeaderAccept
1785422939275,true,1785422939337,LeaderAccept
1785422939293,false,1785422939355,LeaderAccept
1785422939311,false,1785422939374,LeaderAccept
1785422939330,true,1785422939393,LeaderAccept
1785422939349,false,1785422939412,LeaderAccept
1785422939368,true,1785422939430,LeaderAccept
1785422939387,false,1785422939451,LeaderAccept
1785422939406,true,1785422939470,LeaderAccept
1785422939426,true,1785422939489,LeaderAccept
1785422939445,false,1785422939508,LeaderAccept
1785422939464,true,1785422939527,LeaderAccept
1785422939484,true,1785422939547,LeaderAccept
1785422939504,false,1785422939567,LeaderAccept
1785422939524,false,1785422939588,LeaderAccept
1785422939545,true,1785422939608,LeaderAccept
1785422939565,false,1785422939628,LeaderAccept
1785422939587,true,1785422939649,LeaderAccept
1785422939608,false,1785422939670,LeaderAccept
1785422939629,true,1785422939692,LeaderAccept
1785422939650,true,1785422939713,LeaderAccept
1785422939672,true,1785422939735,LeaderAccept
1785422939694,true,1785422939756,LeaderAccept
1785422939716,true,1785422939779,LeaderAccept
1785422939738,false,1785422939801,LeaderAccept
1785422939761,false,1785422939824,LeaderAccept
1785422939784,true,1785422939847,LeaderAccept
1785422939807,true,1785422939870,LeaderAccept
1785422939831,true,1785422939894,LeaderAccept
1785422939855,false,1785422939917,LeaderAccept
1785422939879,false,1785422939942,LeaderAccept
1785422939904,true,1785422939966,LeaderAccept
1785422939929,true,1785422939991,LeaderAccept
1785422939953,true,1785422940016,LeaderAccept
1785422939978,true,1785422940042,LeaderAccept
1785422940004,false,1785422940069,LeaderAccept
1785422940030,true,1785422940093,LeaderAccept
1785422940056,false,1785422940120,LeaderAccept
1785422940082,false,1785422940144,LeaderAccept
1785422940110,true,1785422940173,LeaderAccept
1785422940137,false,1785422940200,LeaderAccept
1785422940165,true,1785422940227,LeaderAccept
1785422940192,false,1785422940255,LeaderAccept
1785422940221,true,1785422940283,LeaderAccept
1785422940249,true,1785422940313,LeaderAccept
1785422940279,true,1785422940341,LeaderAccept
1785422940308,false,1785422940372,LeaderAccept
1785422940338,false,1785422940401,LeaderAccept
1785422940369,false,1785422940431,LeaderAccept
1785422940399,false,1785422940462,LeaderAccept
1785422940430,true,1785422940493,LeaderAccept
1785422940461,true,1785422940524,LeaderAccept
1785422940493,false,1785422940555,LeaderAccept
1785422940526,true,1785422940588,LeaderAccept
1785422940558,true,1785422940620,LeaderAccept
1785422940591,true,1785422940654,LeaderAccept
1785422940625,true,1785422940688,LeaderAccept
1785422940661,false,1785422940723,LeaderAccept
1785422940696,true,1785422940759,LeaderAccept
1785422940733,true,1785422940795,LeaderAccept
1785422940769,true,1785422940832,LeaderAccept
1785422940806,false,1785422940868,LeaderAccept
1785422940843,false,1785422940906,LeaderAccept
1785422940882,true,1785422940945,LeaderAccept
1785422940921,true,1785422940984,LeaderAccept
1785422940961,true,1785422941024,LeaderAccept
1785422941002,false,1785422941065,LeaderAccept
1785422941043,false,1785422941106,LeaderAccept
1785422941086,true,1785422941150,LeaderAccept
1785422941129,true,1785422941192,LeaderAccept
1785422941174,true,1785422941237,LeaderAccept
1785422941219,true,1785422941282,LeaderAccept
1785422941265,false,1785422941328,LeaderAccept
1785422941312,false,1785422941375,LeaderAccept
1785422941360,true,1785422941423,LeaderAccept
1785422941409,true,1785422941472,LeaderAccept
1785422941460,false,1785422941523,LeaderAccept
1785422941512,false,1785422941575,LeaderAccept
1785422941566,false,1785422941629,LeaderAccept
1785422941622,true,1785422941685,LeaderAccept
1785422941678,false,1785422941741,LeaderAccept
1785422941736,true,1785422941798,LeaderAccept
1785422941795,false,1785422941859,LeaderAccept
1785422941857,true,1785422941919,LeaderAccept
1785422941919,true,1785422941982,LeaderAccept
1785422941984,false,1785422942047,LeaderAccept
1785422942051,true,1785422942114,LeaderAccept
1785422942120,false,1785422942183,LeaderAccept
1785422942192,true,1785422942255,LeaderAccept
1785422942267,false,,
1785422942344,false,1785422942476,LeaderAccept
1785422942424,true,1785422942487,LeaderAccept
1785422942509,false,1785422942571,LeaderAccept
1785422942595,false,1785422942658,LeaderAccept
1785422942685,false,1785422942748,LeaderAccept
1785422942780,true,1785422942843,LeaderAccept
1785422942879,false,1785422942942,LeaderAccept
1785422942984,false,1785422943047,LeaderAccept
1785422943094,true,1785422943157,LeaderAccept
1785422943210,false,1785422943273,LeaderAccept
1785422943333,true,1785422943396,LeaderAccept
1785422943464,true,1785422943528,LeaderAccept
1785422943604,true,1785422943667,LeaderAccept
1785422943755,false,1785422943817,LeaderAccept
1785422943915,false,1785422943978,LeaderAccept
1785422944090,false,1785422944152,LeaderAccept
1785422944281,true,1785422944344,LeaderAccept
1785422944489,false,1785422944552,LeaderAccept
1785422944721,true,1785422944784,LeaderAccept
1785422944981,true,1785422945044,LeaderAccept
1785422945277,false,1785422945340,LeaderAccept
1785422945621,false,1785422945684,LeaderAccept
1785422946028,true,1785422946091,LeaderAccept
1785422946527,true,1785422946590,LeaderAccept
1785422947168,true,1785422947230,LeaderAccept
1785422948050,false,1785422948112,LeaderAccept
1785422949418,true,1785422949481,LeaderAccept
1785422952130,false,1785422952193,LeaderAccept
1785422962651,false,1785422962714,LeaderAccept
1785422978729,false,1785422978792,LeaderAccept
1785422978749,true,1785422978811,LeaderAccept
1785422978768,true,1785422978831,LeaderAccept
1785422978788,false,1785422978851,LeaderAccept
1785422978807,true,1785422978870,LeaderAccept
1785422978827,false,1785422978890,LeaderAccept
1785422978847,false,1785422978909,LeaderAccept
1785422978868,true,1785422978930,LeaderAccept
1785422978888,true,1785422978951,LeaderAccept
1785422978909,true,1785422978972,LeaderAccept
1785422978930,false,1785422978992,LeaderAccept
1785422978951,false,1785422979013,LeaderAccept
1785422978972,true,1785422979034,LeaderAccept
1785422978993,true,1785422979055,LeaderAccept
1785422979015,false,1785422979077,LeaderAccept
1785422979036,false,1785422979099,LeaderAccept
1785422979058,false,1785422979120,LeaderAccept
1785422979080,true,1785422979143,LeaderAccept
1785422979102,false,1785422979165,LeaderAccept
1785422979126,true,1785422979188,LeaderAccept
1785422979149,false,1785422979212,LeaderAccept
1785422979173,false,1785422979236,LeaderAccept
1785422979197,false,1785422979260,LeaderAccept
1785422979221,true,1785422979284,LeaderAccept
1785422979245,true,1785422979308,LeaderAccept
1785422979271,true,1785422979333,LeaderAccept
1785422979295,true,1785422979358,LeaderAccept
1785422979320,false,1785422979383,LeaderAccept
1785422979346,true,1785422979409,LeaderAccept
1785422979373,true,1785422979435,LeaderAccept
1785422979398,false,1785422979461,LeaderAccept
1785422979425,false,1785422979488,LeaderAccept
1785422979452,true,1785422979515,LeaderAccept
1785422979480,false,1785422979543,LeaderAccept
1785422979507,true,1785422979570,LeaderAccept
1785422979536,true,1785422979598,LeaderAccept
1785422979564,true,1785422979626,LeaderAccept
1785422979592,false,1785422979655,LeaderAccept
1785422979621,true,1785422979683,LeaderAccept
1785422979651,true,1785422979713,LeaderAccept
1785422979680,false,1785422979742,LeaderAccept
1785422979710,false,1785422979773,LeaderAccept
1785422979741,false,1785422979804,LeaderAccept
1785422979772,false,1785422979835,LeaderAccept
1785422979804,true,1785422979866,LeaderAccept
1785422979836,true,1785422979898,LeaderAccept
1785422979868,true,1785422979930,LeaderAccept
1785422979902,true,1785422979964,LeaderAccept
1785422979936,false,1785422979998,LeaderAccept
1785422979969,false,1785422980032,LeaderAccept
1785422980004,true,1785422980068,LeaderAccept
1785422980039,true,1785422980101,LeaderAccept
1785422980075,false,1785422980138,LeaderAccept
1785422980112,true,1785422980174,LeaderAccept
1785422980149,false,1785422980211,LeaderAccept
1785422980186,false,1785422980249,LeaderAccept
1785422980225,false,1785422980287,LeaderAccept
1785422980264,true,1785422980327,LeaderAccept
1785422980304,true,1785422980367,LeaderAccept
1785422980344,true,1785422980407,LeaderAccept
1785422980385,true,1785422980447,LeaderAccept
1785422980427,false,1785422980489,LeaderAccept
1785422980470,false,1785422980532,LeaderAccept
1785422980515,true,1785422980578,LeaderAccept
1785422980561,false,1785422980623,LeaderAccept
1785422980607,false,1785422980670,LeaderAccept
1785422980654,true,1785422980717,LeaderAccept
1785422980702,true,1785422980764,LeaderAccept
1785422980751,false,1785422980814,LeaderAccept
1785422980802,true,1785422980864,LeaderAccept
1785422980853,false,1785422980916,LeaderAccept
1785422980906,false,1785422980968,LeaderAccept
1785422980960,false,1785422981023,LeaderAccept
1785422981016,false,1785422981078,LeaderAccept
1785422981073,true,1785422981137,LeaderAccept
1785422981132,true,1785422981195,LeaderAccept
1785422981193,false,1785422981256,LeaderAccept
1785422981256,false,1785422981319,LeaderAccept
1785422981320,false,1785422981383,LeaderAccept
1785422981386,false,1785422981449,LeaderAccept
1785422981456,false,1785422981519,LeaderAccept
1785422981528,false,1785422981591,LeaderAccept
1785422981601,true,1785422981664,LeaderAccept
1785422981678,false,1785422981741,LeaderAccept
1785422981758,true,1785422981821,LeaderAccept
1785422981841,true,1785422981904,LeaderAccept
1785422981928,true,1785422981991,LeaderAccept
1785422982018,true,1785422982081,LeaderAccept
1785422982112,false,1785422982176,LeaderAccept
1785422982212,true,1785422982275,LeaderAccept
1785422982315,false,1785422982379,LeaderAccept
1785422982424,true,1785422982487,LeaderAccept
1785422982540,true,1785422982603,LeaderAccept
1785422982661,false,1785422982724,LeaderAccept
1785422982792,false,1785422982855,LeaderAccept
1785422982930,false,1785422982993,LeaderAccept
1785422983079,true,1785422983141,LeaderAccept
1785422983238,true,1785422983301,LeaderAccept
1785422983410,false,1785422983473,LeaderAccept
1785422983598,true,1785422983661,LeaderAccept
1785422983805,true,1785422983868,LeaderAccept
1785422984033,true,1785422984096,LeaderAccept
1785422984289,false,1785422984352,LeaderAccept
1785422984580,false,1785422984643,LeaderAccept
1785422984916,false,1785422984980,LeaderAccept
1785422985313,true,1785422985376,LeaderAccept
1785422985797,true,1785422985860,LeaderAccept
1785422986414,true,1785422986477,LeaderAccept
1785422987254,true,,
1785422988530,true,,
1785422990944,true,1785422991007,LeaderAccept
1785422999010,true,1785422999073,LeaderAccept
1785423010886,false,,
1785423010901,false,,
1785423010917,true,,
1785423010932,true,,
1785423010948,false,,
1785423010963,false,,
1785423010980,false,,
1785423010995,false,,
1785423011011,true,,
1785423011028,true,,
1785423011043,false,,
1785423011059,false,,
1785423011075,false,,
1785423011091,true,,
1785423011107,true,1785423011295,LeaderAccept
1785423011124,false,1785423011295,LeaderAccept
1785423011141,true,1785423011295,LeaderAccept
1785423011158,false,1785423011295,LeaderAccept
1785423011175,false,1785423011295,LeaderAccept
1785423011193,false,1785423011295,LeaderAccept
1785423011210,false,1785423011295,LeaderAccept
1785423011228,true,1785423011295,LeaderAccept
1785423011245,true,1785423011309,LeaderAccept
1785423011263,true,1785423011327,LeaderAccept
1785423011280,true,1785423011343,LeaderAccept
1785423011298,true,1785423011361,LeaderAccept
1785423011317,false,1785423011380,LeaderAccept
1785423011335,false,1785423011398,LeaderAccept
1785423011353,false,1785423011416,LeaderAccept
1785423011372,false,1785423011435,LeaderAccept
1785423011391,false,1785423011454,LeaderAccept
1785423011410,true,1785423011474,LeaderAccept
1785423011429,false,1785423011492,LeaderAccept
1785423011449,false,1785423011511,LeaderAccept
1785423011468,false,1785423011532,LeaderAccept
1785423011489,true,1785423011552,LeaderAccept
1785423011508,true,1785423011572,LeaderAccept
1785423011529,true,1785423011592,LeaderAccept
1785423011549,false,1785423011612,LeaderAccept
1785423011569,false,1785423011633,LeaderAccept
1785423011590,true,1785423011654,LeaderAccept
1785423011611,false,1785423011674,LeaderAccept
1785423011632,false,1785423011696,LeaderAccept
1785423011654,true,1785423011717,LeaderAccept
1785423011675,false,1785423011738,LeaderAccept
1785423011696,false,1785423011759,LeaderAccept
1785423011717,true,1785423011780,LeaderAccept
1785423011739,true,1785423011802,LeaderAccept
1785423011761,false,1785423011824,LeaderAccept
1785423011783,false,1785423011846,LeaderAccept
1785423011806,true,1785423011869,LeaderAccept
1785423011829,false,1785423011892,LeaderAccept
1785423011852,true,1785423011916,LeaderAccept
1785423011877,false,1785423011940,LeaderAccept
1785423011900,true,1785423011964,LeaderAccept
1785423011924,true,1785423011987,LeaderAccept
1785423011949,false,1785423012013,LeaderAccept
1785423011973,false,1785423012036,LeaderAccept
1785423011999,true,1785423012062,LeaderAccept
1785423012024,true,1785423012087,LeaderAccept
1785423012050,false,1785423012113,LeaderAccept
1785423012076,true,1785423012139,LeaderAccept
1785423012102,true,1785423012165,LeaderAccept
1785423012129,false,1785423012193,LeaderAccept
1785423012156,true,1785423012220,LeaderAccept
1785423012184,false,1785423012247,LeaderAccept
1785423012211,false,1785423012274,LeaderAccept
1785423012239,false,1785423012302,LeaderAccept
1785423012269,false,1785423012331,LeaderAccept
1785423012297,true,1785423012360,LeaderAccept
1785423012326,true,1785423012389,LeaderAccept
1785423012357,false,1785423012419,LeaderAccept
1785423012386,false,1785423012448,LeaderAccept
1785423012416,false,1785423012479,LeaderAccept
1785423012447,false,1785423012510,LeaderAccept
1785423012479,true,1785423012541,LeaderAccept
1785423012510,true,1785423012573,LeaderAccept
1785423012543,false,1785423012605,LeaderAccept
1785423012575,true,1785423012638,LeaderAccept
1785423012609,true,1785423012672,LeaderAccept
1785423012643,false,1785423012706,LeaderAccept
1785423012678,true,1785423012740,LeaderAccept
1785423012713,false,1785423012776,LeaderAccept
1785423012749,false,1785423012812,LeaderAccept
1785423012786,false,1785423012849,LeaderAccept
1785423012823,true,1785423012885,LeaderAccept
1785423012862,false,1785423012924,LeaderAccept
1785423012900,true,1785423012963,LeaderAccept
1785423012939,false,1785423013003,LeaderAccept
1785423012979,false,1785423013042,LeaderAccept
1785423013020,true,1785423013082,LeaderAccept
1785423013061,true,1785423013123,LeaderAccept
1785423013103,true,1785423013165,LeaderAccept
1785423013147,false,1785423013210,LeaderAccept
1785423013191,true,1785423013253,LeaderAccept
1785423013235,true,1785423013299,LeaderAccept
1785423013281,true,1785423013344,LeaderAccept
1785423013328,false,1785423013390,LeaderAccept
1785423013375,false,1785423013438,LeaderAccept
1785423013424,false,1785423013486,LeaderAccept
1785423013474,true,1785423013538,LeaderAccept
1785423013525,false,1785423013588,LeaderAccept
1785423013578,true,1785423013640,LeaderAccept
1785423013632,true,1785423013696,LeaderAccept
1785423013688,false,1785423013751,LeaderAccept
1785423013745,false,1785423013808,LeaderAccept
1785423013804,false,1785423013867,LeaderAccept
1785423013864,false,1785423013928,LeaderAccept
1785423013927,true,1785423013990,LeaderAccept
1785423013991,true,1785423014055,LeaderAccept
1785423014057,true,1785423014119,LeaderAccept
1785423014125,false,1785423014188,LeaderAccept
1785423014196,false,1785423014259,LeaderAccept
1785423014269,true,1785423014332,LeaderAccept
1785423014345,true,1785423014408,LeaderAccept
1785423014424,false,1785423014490,LeaderAccept
1785423014506,true,1785423014569,LeaderAccept
1785423014591,true,1785423014654,LeaderAccept
1785423014680,false,1785423014743,LeaderAccept
1785423014774,false,1785423014836,LeaderAccept
1785423014871,true,1785423014934,LeaderAccept
1785423014973,true,1785423015036,LeaderAccept
1785423015080,false,1785423015144,LeaderAccept
1785423015193,false,1785423015257,LeaderAccept
1785423015313,true,1785423015377,LeaderAccept
1785423015440,false,1785423015503,LeaderAccept
1785423015575,false,1785423015638,LeaderAccept
1785423015720,false,1785423015783,LeaderAccept
1785423015876,true,1785423015940,LeaderAccept
1785423016045,false,1785423016108,LeaderAccept
1785423016229,false,1785423016291,LeaderAccept
1785423016430,true,1785423016493,LeaderAccept
1785423016651,true,1785423016714,LeaderAccept
1785423016899,true,1785423016963,LeaderAccept
1785423017179,true,1785423017242,LeaderAccept
1785423017500,true,1785423017563,LeaderAccept
1785423017878,false,1785423017941,LeaderAccept
1785423018334,true,,
1785423018906,false,1785423018969,LeaderAccept
1785423019667,false,1785423019730,LeaderAccept
1785423020780,true,1785423020843,LeaderAccept
1785423022722,false,1785423022785,LeaderAccept
1785423027847,false,1785423027910,LeaderAccept
1785423052691,false,,
1785423052708,true,1785423052899,LeaderAccept
1785423052725,true,1785423052899,LeaderAccept
1785423052742,true,1785423052899,LeaderAccept
1785423052759,false,1785423052899,LeaderAccept
1785423052777,true,1785423052899,LeaderAccept
1785423052796,false,1785423052899,LeaderAccept
1785423052813,true,1785423052899,LeaderAccept
1785423052831,false,1785423052899,LeaderAccept
1785423052849,false,1785423052911,LeaderAccept
1785423052867,true,1785423052930,LeaderAccept
1785423052885,true,1785423052949,LeaderAccept
1785423052904,true,1785423052967,LeaderAccept
1785423052922,false,1785423052984,LeaderAccept
1785423052941,false,1785423053004,LeaderAccept
1785423052960,false,1785423053023,LeaderAccept
1785423052979,false,1785423053041,LeaderAccept
1785423052999,true,1785423053061,LeaderAccept
1785423053018,false,1785423053081,LeaderAccept
1785423053038,true,1785423053100,LeaderAccept
1785423053058,true,1785423053120,LeaderAccept
1785423053079,false,1785423053141,LeaderAccept
1785423053099,false,1785423053162,LeaderAccept
1785423053119,false,1785423053182,LeaderAccept
1785423053140,true,1785423053203,LeaderAccept
1785423053161,false,1785423053224,LeaderAccept
1785423053182,false,1785423053244,LeaderAccept
1785423053203,true,1785423053266,LeaderAccept
1785423053224,false,1785423053286,LeaderAccept
1785423053246,true,1785423053308,LeaderAccept
1785423053267,true,1785423053330,LeaderAccept
1785423053289,true,1785423053352,LeaderAccept
1785423053312,false,1785423053375,LeaderAccept
1785423053335,true,1785423053398,LeaderAccept
1785423053358,false,1785423053421,LeaderAccept
1785423053381,true,1785423053445,LeaderAccept
1785423053405,false,1785423053468,LeaderAccept
1785423053428,true,1785423053490,LeaderAccept
1785423053452,false,1785423053515,LeaderAccept
1785423053476,false,1785423053539,LeaderAccept
1785423053501,true,1785423053564,LeaderAccept
1785423053525,false,1785423053588,LeaderAccept
1785423053550,true,1785423053614,LeaderAccept
1785423053576,false,1785423053639,LeaderAccept
1785423053601,false,1785423053664,LeaderAccept
1785423053627,true,1785423053690,LeaderAccept
1785423053654,true,1785423053717,LeaderAccept
1785423053680,true,1785423053743,LeaderAccept
1785423053707,true,1785423053770,LeaderAccept
1785423053734,true,1785423053797,LeaderAccept
1785423053762,true,1785423053825,LeaderAccept
1785423053791,false,1785423053854,LeaderAccept
1785423053820,false,1785423053882,LeaderAccept
1785423053848,false,1785423053910,LeaderAccept
1785423053877,false,1785423053939,LeaderAccept
1785423053908,true,1785423053970,LeaderAccept
1785423053939,true,1785423054001,LeaderAccept
1785423053969,false,1785423054031,LeaderAccept
1785423054000,true,1785423054063,LeaderAccept
1785423054031,true,1785423054094,LeaderAccept
1785423054063,false,1785423054125,LeaderAccept
1785423054095,true,1785423054158,LeaderAccept
1785423054128,true,1785423054191,LeaderAccept
1785423054162,false,1785423054225,LeaderAccept
1785423054196,true,1785423054258,LeaderAccept
1785423054230,true,1785423054292,LeaderAccept
1785423054265,false,1785423054328,LeaderAccept
1785423054301,false,1785423054364,LeaderAccept
1785423054338,false,1785423054401,LeaderAccept
1785423054375,false,1785423054438,LeaderAccept
1785423054413,false,1785423054476,LeaderAccept
1785423054451,false,1785423054515,LeaderAccept
1785423054490,true,1785423054553,LeaderAccept
1785423054530,false,1785423054593,LeaderAccept
1785423054570,false,1785423054633,LeaderAccept
1785423054611,false,1785423054673,LeaderAccept
1785423054653,true,1785423054715,LeaderAccept
1785423054696,false,1785423054759,LeaderAccept
1785423054740,false,1785423054803,LeaderAccept
1785423054785,false,1785423054848,LeaderAccept
1785423054831,false,1785423054894,LeaderAccept
1785423054878,true,1785423054941,LeaderAccept
1785423054926,true,1785423054989,LeaderAccept
1785423054975,false,1785423055037,LeaderAccept
1785423055025,true,1785423055088,LeaderAccept
1785423055077,true,1785423055139,LeaderAccept
1785423055130,true,1785423055193,LeaderAccept
1785423055184,false,1785423055247,LeaderAccept
1785423055240,true,1785423055303,LeaderAccept
1785423055298,false,1785423055361,LeaderAccept
1785423055357,false,1785423055420,LeaderAccept
1785423055418,true,1785423055481,LeaderAccept
1785423055481,true,1785423055544,LeaderAccept
1785423055546,false,1785423055609,LeaderAccept
1785423055613,false,1785423055676,LeaderAccept
1785423055682,false,1785423055745,LeaderAccept
1785423055754,true,1785423055817,LeaderAccept
1785423055828,false,1785423055891,LeaderAccept
1785423055904,true,1785423055968,LeaderAccept
1785423055984,false,1785423056047,LeaderAccept
1785423056067,false,1785423056130,LeaderAccept
1785423056153,false,1785423056216,LeaderAccept
1785423056243,true,1785423056306,LeaderAccept
1785423056338,true,1785423056401,LeaderAccept
1785423056436,false,1785423056499,LeaderAccept
1785423056539,true,1785423056602,LeaderAccept
1785423056648,true,1785423056711,LeaderAccept
1785423056763,false,1785423056826,LeaderAccept
1785423056884,true,1785423056947,LeaderAccept
1785423057013,false,1785423057068,LeaderAccept
1785423057152,true,1785423057214,LeaderAccept
1785423057300,true,,
1785423057458,true,,
1785423057630,false,,
1785423057817,false,,
1785423058023,true,1785423058086,LeaderAccept
1785423058251,false,1785423058313,LeaderAccept
1785423058505,true,1785423058567,LeaderAccept
1785423058794,false,1785423058856,LeaderAccept
1785423059128,false,1785423059191,LeaderAccept
1785423059522,false,1785423059585,LeaderAccept
1785423060001,false,1785423060063,LeaderAccept
1785423060611,false,1785423060675,LeaderAccept
1785423061438,false,1785423061501,LeaderAccept
1785423062687,false,1785423062749,LeaderAccept
1785423065019,false,,
1785423072501,true,1785423072564,LeaderAccept
1785423095466,false,1785423095529,LeaderAccept
1785423095481,false,1785423095544,LeaderAccept
1785423095497,true,1785423095560,LeaderAccept
1785423095512,false,1785423095575,LeaderAccept
1785423095529,true,1785423095591,LeaderAccept
1785423095544,false,1785423095606,LeaderAccept
1785423095560,true,1785423095622,LeaderAccept
1785423095576,false,1785423095638,LeaderAccept
1785423095592,false,1785423095654,LeaderAccept
1785423095608,true,1785423095671,LeaderAccept
1785423095625,true,1785423095687,LeaderAccept
1785423095642,false,1785423095705,LeaderAccept
1785423095660,true,1785423095722,LeaderAccept
1785423095676,false,1785423095738,LeaderAccept
1785423095693,false,1785423095756,LeaderAccept
1785423095710,true,1785423095772,LeaderAccept
1785423095727,false,1785423095790,LeaderAccept
1785423095744,true,1785423095807,LeaderAccept
1785423095761,false,1785423095824,LeaderAccept
1785423095780,true,1785423095842,LeaderAccept
1785423095798,false,1785423095860,LeaderAccept
1785423095815,true,1785423095877,LeaderAccept
1785423095833,false,1785423095895,LeaderAccept
1785423095851,false,1785423095915,LeaderAccept
1785423095870,true,1785423095933,LeaderAccept
1785423095889,true,1785423095952,LeaderAccept
1785423095908,false,1785423095971,LeaderAccept
1785423095927,true,1785423095990,LeaderAccept
1785423095946,false,1785423096010,LeaderAccept
1785423095966,true,1785423096029,LeaderAccept
1785423095985,true,1785423096048,LeaderAccept
1785423096004,true,1785423096067,LeaderAccept
1785423096024,false,1785423096087,LeaderAccept
1785423096045,false,1785423096108,LeaderAccept
1785423096065,true,1785423096129,LeaderAccept
1785423096086,false,1785423096149,LeaderAccept
1785423096107,false,1785423096170,LeaderAccept
1785423096128,false,1785423096191,LeaderAccept
1785423096149,true,1785423096211,LeaderAccept
1785423096170,false,1785423096283,LeaderAccept
1785423096191,false,1785423096283,LeaderAccept
1785423096211,true,1785423096314,LeaderAccept
1785423096233,true,1785423096314,LeaderAccept
1785423096255,true,1785423096318,LeaderAccept
1785423096278,false,1785423096341,LeaderAccept
1785423096300,false,1785423096363,LeaderAccept
1785423096323,true,1785423096386,LeaderAccept
1785423096346,false,1785423096409,LeaderAccept
1785423096369,true,1785423096433,LeaderAccept
1785423096393,false,1785423096456,LeaderAccept
1785423096417,false,1785423096480,LeaderAccept
1785423096441,true,1785423096504,LeaderAccept
1785423096465,true,1785423096528,LeaderAccept
1785423096490,true,1785423096553,LeaderAccept
1785423096515,true,1785423096578,LeaderAccept
1785423096540,true,1785423096603,LeaderAccept
1785423096566,false,1785423096629,LeaderAccept
1785423096592,true,1785423096655,LeaderAccept
1785423096619,false,1785423096681,LeaderAccept
1785423096645,false,1785423096708,LeaderAccept
1785423096672,false,1785423096735,LeaderAccept
1785423096699,true,1785423096762,LeaderAccept
1785423096727,true,1785423096790,LeaderAccept
1785423096755,false,1785423096818,LeaderAccept
1785423096783,false,1785423096846,LeaderAccept
1785423096812,true,1785423096874,LeaderAccept
1785423096841,false,1785423096903,LeaderAccept
1785423096871,true,1785423096934,LeaderAccept
1785423096901,true,1785423096964,LeaderAccept
1785423096933,false,1785423096995,LeaderAccept
1785423096963,true,1785423097026,LeaderAccept
1785423096994,false,1785423097057,LeaderAccept
1785423097026,true,1785423097088,LeaderAccept
1785423097058,false,1785423097119,LeaderAccept
1785423097090,true,1785423097153,LeaderAccept
1785423097125,true,1785423097187,LeaderAccept
1785423097158,false,1785423097221,LeaderAccept
1785423097192,false,1785423097256,LeaderAccept
1785423097228,true,1785423097291,LeaderAccept
1785423097263,true,1785423097325,LeaderAccept
1785423097299,false,1785423097361,LeaderAccept
1785423097336,false,1785423097399,LeaderAccept
1785423097373,false,1785423097436,LeaderAccept
1785423097411,true,1785423097475,LeaderAccept
1785423097450,false,1785423097514,LeaderAccept
1785423097490,false,1785423097553,LeaderAccept
1785423097530,true,1785423097593,LeaderAccept
1785423097572,true,1785423097635,LeaderAccept
1785423097615,false,1785423097678,LeaderAccept
1785423097657,true,1785423097720,LeaderAccept
1785423097701,false,1785423097764,LeaderAccept
1785423097746,true,1785423097810,LeaderAccept
1785423097792,false,1785423097855,LeaderAccept
1785423097838,false,1785423097901,LeaderAccept
1785423097885,true,1785423097948,LeaderAccept
1785423097934,true,1785423097997,LeaderAccept
1785423097984,false,1785423098046,LeaderAccept
1785423098035,false,1785423098098,LeaderAccept
1785423098087,true,1785423098150,LeaderAccept
1785423098141,false,1785423098204,LeaderAccept
1785423098196,true,1785423098259,LeaderAccept
1785423098253,false,1785423098317,LeaderAccept
1785423098312,false,1785423098374,LeaderAccept
1785423098372,false,1785423098435,LeaderAccept
1785423098434,false,1785423098498,LeaderAccept
1785423098498,false,1785423098560,LeaderAccept
1785423098564,false,1785423098627,LeaderAccept
1785423098633,false,1785423098696,LeaderAccept
1785423098703,true,1785423098766,LeaderAccept
1785423098776,true,1785423098838,LeaderAccept
1785423098851,true,1785423098913,LeaderAccept
1785423098929,true,1785423098992,LeaderAccept
1785423099011,false,1785423099075,LeaderAccept
1785423099096,true,1785423099159,LeaderAccept
1785423099184,false,1785423099247,LeaderAccept
1785423099276,false,1785423099338,LeaderAccept
1785423099374,true,1785423099437,LeaderAccept
1785423099475,true,1785423099538,LeaderAccept
1785423099582,true,1785423099645,LeaderAccept
1785423099695,false,1785423099758,LeaderAccept
1785423099814,false,1785423099877,LeaderAccept
1785423099941,false,1785423100005,LeaderAccept
1785423100076,true,1785423100139,LeaderAccept
1785423100220,false,1785423100283,LeaderAccept
1785423100375,false,1785423100438,LeaderAccept
1785423100542,false,1785423100605,LeaderAccept
1785423100724,true,1785423100787,LeaderAccept
1785423100923,false,1785423100986,LeaderAccept
1785423101142,false,1785423101204,LeaderAccept
1785423101386,true,1785423101449,LeaderAccept
1785423101663,false,1785423101725,LeaderAccept
1785423101979,true,1785423102042,LeaderAccept
1785423102350,true,1785423102412,LeaderAccept
1785423102795,true,1785423102858,LeaderAccept
1785423103352,true,1785423103415,LeaderAccept
1785423104089,false,1785423104152,LeaderAccept
1785423105150,false,1785423105212,LeaderAccept
1785423106956,true,1785423107019,LeaderAccept
1785423111405,true,1785423111468,LeaderAccept
1785423119901,false,,
1785423119926,true,1785423120122,LeaderAccept
1785423119951,true,1785423120122,LeaderAccept
1785423119977,false,1785423120122,LeaderAccept
1785423120002,false,1785423120122,LeaderAccept
1785423120029,false,1785423120122,LeaderAccept
1785423120055,false,1785423120122,LeaderAccept
1785423120083,false,1785423120146,LeaderAccept
1785423120110,false,1785423120173,LeaderAccept
1785423120137,false,1785423120200,LeaderAccept
1785423120165,true,1785423120228,LeaderAccept
1785423120193,false,1785423120255,LeaderAccept
1785423120222,true,1785423120285,LeaderAccept
1785423120251,true,1785423120313,LeaderAccept
1785423120281,false,1785423120343,LeaderAccept
1785423120310,true,1785423120373,LeaderAccept
1785423120341,true,1785423120404,LeaderAccept
1785423120373,true,1785423120435,LeaderAccept
1785423120404,true,1785423120466,LeaderAccept
1785423120435,false,1785423120496,LeaderAccept
1785423120467,false,1785423120529,LeaderAccept
1785423120501,false,1785423120563,LeaderAccept
1785423120534,true,1785423120596,LeaderAccept
1785423120567,true,1785423120630,LeaderAccept
1785423120601,true,1785423120664,LeaderAccept
1785423120636,false,1785423120699,LeaderAccept
1785423120671,true,1785423120734,LeaderAccept
1785423120707,false,1785423120769,LeaderAccept
1785423120743,true,1785423120806,LeaderAccept
1785423120780,true,1785423120843,LeaderAccept
1785423120818,false,1785423120881,LeaderAccept
1785423120857,true,1785423120920,LeaderAccept
1785423120896,false,1785423120958,LeaderAccept
1785423120936,false,1785423120998,LeaderAccept
1785423120977,false,1785423121040,LeaderAccept
1785423121019,false,1785423121081,LeaderAccept
1785423121061,false,1785423121124,LeaderAccept
1785423121105,false,1785423121168,LeaderAccept
1785423121150,false,1785423121212,LeaderAccept
1785423121195,false,1785423121257,LeaderAccept
1785423121242,true,1785423121305,LeaderAccept
1785423121290,true,1785423121353,LeaderAccept
1785423121340,true,1785423121402,LeaderAccept
1785423121389,true,1785423121452,LeaderAccept
1785423121440,false,1785423121503,LeaderAccept
1785423121493,false,1785423121556,LeaderAccept
1785423121547,true,1785423121611,LeaderAccept
1785423121602,true,1785423121665,LeaderAccept
1785423121658,false,1785423121721,LeaderAccept
1785423121716,true,1785423121778,LeaderAccept
1785423121776,false,1785423121839,LeaderAccept
1785423121838,true,1785423121901,LeaderAccept
1785423121902,false,1785423121964,LeaderAccept
1785423121967,true,1785423122029,LeaderAccept
1785423122035,true,1785423122097,LeaderAccept
1785423122104,false,1785423122167,LeaderAccept
1785423122178,false,1785423122240,LeaderAccept
1785423122253,true,1785423122315,LeaderAccept
1785423122331,false,1785423122394,LeaderAccept
1785423122412,false,1785423122474,LeaderAccept
1785423122496,true,1785423122559,LeaderAccept
1785423122585,true,1785423122648,LeaderAccept
1785423122676,false,1785423122738,LeaderAccept
1785423122773,true,1785423122835,LeaderAccept
1785423122873,false,1785423122936,LeaderAccept
1785423122978,false,1785423123040,LeaderAccept
1785423123089,false,1785423123152,LeaderAccept
1785423123206,false,1785423123269,LeaderAccept
1785423123331,false,1785423123394,LeaderAccept
1785423123464,false,1785423123528,LeaderAccept
1785423123606,false,1785423123669,LeaderAccept
1785423123758,false,1785423123821,LeaderAccept
1785423123923,true,1785423123985,LeaderAccept
1785423124102,false,1785423124164,LeaderAccept
1785423124297,true,1785423124359,LeaderAccept
1785423124511,false,,
1785423124749,true,1785423124812,LeaderAccept
1785423125018,false,1785423125081,LeaderAccept
1785423125325,true,1785423125387,LeaderAccept
1785423125682,true,1785423125744,LeaderAccept
1785423126109,true,1785423126172,LeaderAccept
1785423126638,true,1785423126701,LeaderAccept
1785423127327,true,1785423127390,LeaderAccept
1785423128299,true,1785423128362,LeaderAccept
1785423129878,true,1785423129940,LeaderAccept
1785423133352,true,1785423133415,LeaderAccept
1785423153087,false,1785423153150,LeaderAccept
1785423165812,true,1785423165874,LeaderAccept
1785423165841,false,1785423165903,LeaderAccept
1785423165871,true,1785423165934,LeaderAccept
1785423165902,true,1785423165965,LeaderAccept
1785423165933,true,1785423165996,LeaderAccept
1785423165964,true,1785423166027,LeaderAccept
1785423165996,false,1785423166058,LeaderAccept
1785423166028,false,1785423166091,LeaderAccept
1785423166061,true,1785423166123,LeaderAccept
1785423166094,false,1785423166157,LeaderAccept
1785423166128,false,1785423166191,LeaderAccept
1785423166163,false,1785423166225,LeaderAccept
1785423166198,true,1785423166261,LeaderAccept
1785423166234,false,1785423166297,LeaderAccept
1785423166270,true,1785423166333,LeaderAccept
1785423166307,true,1785423166370,LeaderAccept
1785423166344,true,1785423166407,LeaderAccept
1785423166382,true,1785423166445,LeaderAccept
1785423166421,true,1785423166484,LeaderAccept
1785423166462,true,1785423166525,LeaderAccept
1785423166502,true,1785423166566,LeaderAccept
1785423166543,true,1785423166606,LeaderAccept
1785423166585,false,1785423166648,LeaderAccept
1785423166629,true,1785423166692,LeaderAccept
1785423166672,false,1785423166735,LeaderAccept
1785423166717,false,1785423166780,LeaderAccept
1785423166763,true,1785423166825,LeaderAccept
1785423166810,true,1785423166872,LeaderAccept
1785423166858,true,1785423166921,LeaderAccept
1785423166908,false,1785423166970,LeaderAccept
1785423166958,true,1785423167021,LeaderAccept
1785423167009,false,1785423167072,LeaderAccept
1785423167062,true,1785423167125,LeaderAccept
1785423167116,true,1785423167179,LeaderAccept
1785423167172,false,1785423167235,LeaderAccept
1785423167230,true,1785423167292,LeaderAccept
1785423167288,true,1785423167350,LeaderAccept
1785423167349,true,1785423167411,LeaderAccept
1785423167411,false,1785423167473,LeaderAccept
1785423167475,false,1785423167537,LeaderAccept
1785423167541,false,1785423167604,LeaderAccept
1785423167610,false,1785423167674,LeaderAccept
1785423167681,true,1785423167744,LeaderAccept
1785423167754,false,1785423167817,LeaderAccept
1785423167830,false,1785423167893,LeaderAccept
1785423167909,true,1785423167972,LeaderAccept
1785423167991,false,1785423168054,LeaderAccept
1785423168077,false,1785423168140,LeaderAccept
1785423168166,true,1785423168229,LeaderAccept
1785423168260,true,1785423168322,LeaderAccept
1785423168357,false,1785423168421,LeaderAccept
1785423168460,true,1785423168523,LeaderAccept
1785423168568,false,1785423168630,LeaderAccept
1785423168681,true,1785423168744,LeaderAccept
1785423168802,true,1785423168864,LeaderAccept
1785423168929,false,1785423169097,LeaderAccept
1785423169065,true,1785423169128,LeaderAccept
1785423169210,false,1785423169272,LeaderAccept
1785423169366,true,1785423169428,LeaderAccept
1785423169535,true,1785423169598,LeaderAccept
1785423169718,false,1785423169781,LeaderAccept
1785423169919,false,1785423169982,LeaderAccept
1785423170141,false,,
1785423170389,true,1785423170452,LeaderAccept
1785423170670,false,1785423170733,LeaderAccept
1785423170993,true,1785423171056,LeaderAccept
1785423171373,false,,
1785423171833,false,1785423171895,LeaderAccept
1785423172409,false,1785423172472,LeaderAccept
1785423173178,true,1785423173240,LeaderAccept
1785423174307,false,1785423174370,LeaderAccept
1785423176291,true,1785423176354,LeaderAccept
1785423181641,false,1785423181705,LeaderAccept
1785423189573,true,1785423189636,LeaderAccept
1785423189596,false,1785423189658,LeaderAccept
1785423189617,false,1785423189680,LeaderAccept
1785423189639,false,1785423189702,LeaderAccept
1785423189661,false,1785423189724,LeaderAccept
1785423189684,false,1785423189747,LeaderAccept
1785423189706,false,1785423189769,LeaderAccept
1785423189729,true,1785423189792,LeaderAccept
1785423189752,false,1785423189815,LeaderAccept
1785423189775,true,1785423189838,LeaderAccept
1785423189799,true,1785423189862,LeaderAccept
1785423189823,false,1785423189886,LeaderAccept
1785423189847,true,1785423189910,LeaderAccept
1785423189872,false,1785423189935,LeaderAccept
1785423189897,true,1785423189960,LeaderAccept
1785423189922,true,1785423189984,LeaderAccept
1785423189947,false,1785423190010,LeaderAccept
1785423189973,false,1785423190036,LeaderAccept
1785423189999,true,1785423190062,LeaderAccept
1785423190026,false,1785423190088,LeaderAccept
1785423190052,true,1785423190115,LeaderAccept
1785423190079,false,1785423190142,LeaderAccept
1785423190106,false,1785423190169,LeaderAccept
1785423190134,true,1785423190197,LeaderAccept
1785423190162,false,1785423190225,LeaderAccept
1785423190191,true,1785423190254,LeaderAccept
1785423190219,false,1785423190282,LeaderAccept
1785423190248,false,1785423190311,LeaderAccept
1785423190278,false,1785423190341,LeaderAccept
1785423190308,false,1785423190371,LeaderAccept
1785423190338,false,1785423190402,LeaderAccept
1785423190369,true,1785423190433,LeaderAccept
1785423190401,true,1785423190464,LeaderAccept
1785423190433,false,1785423190495,LeaderAccept
1785423190465,true,1785423190528,LeaderAccept
1785423190498,false,1785423190561,LeaderAccept
1785423190531,false,1785423190593,LeaderAccept
1785423190565,false,1785423190629,LeaderAccept
1785423190599,false,1785423190662,LeaderAccept
1785423190634,true,1785423190697,LeaderAccept
1785423190669,false,1785423190732,LeaderAccept
1785423190705,false,1785423190768,LeaderAccept
1785423190742,false,1785423190805,LeaderAccept
1785423190780,false,1785423190843,LeaderAccept
1785423190818,true,1785423190881,LeaderAccept
1785423190857,false,1785423190920,LeaderAccept
1785423190897,true,1785423190960,LeaderAccept
1785423190937,false,1785423191000,LeaderAccept
1785423190979,true,1785423191042,LeaderAccept
1785423191021,false,1785423191084,LeaderAccept
1785423191064,false,1785423191127,LeaderAccept
1785423191108,true,1785423191171,LeaderAccept
1785423191152,false,1785423191215,LeaderAccept
1785423191198,false,1785423191261,LeaderAccept
1785423191245,false,1785423191308,LeaderAccept
1785423191293,true,1785423191356,LeaderAccept
1785423191342,false,1785423191405,LeaderAccept
1785423191393,false,1785423191456,LeaderAccept
1785423191445,true,1785423191508,LeaderAccept
1785423191497,false,1785423191560,LeaderAccept
1785423191551,true,1785423191614,LeaderAccept
1785423191608,true,1785423191671,LeaderAccept
1785423191665,false,1785423191728,LeaderAccept
1785423191724,true,1785423191787,LeaderAccept
1785423191785,true,1785423191847,LeaderAccept
1785423191847,false,1785423191910,LeaderAccept
1785423191911,false,1785423191975,LeaderAccept
1785423191977,true,1785423192040,LeaderAccept
1785423192045,true,1785423192108,LeaderAccept
1785423192116,false,1785423192180,LeaderAccept
1785423192190,true,1785423192253,LeaderAccept
1785423192266,true,1785423192329,LeaderAccept
1785423192345,true,1785423192408,LeaderAccept
1785423192427,true,1785423192491,LeaderAccept
1785423192513,false,1785423192576,LeaderAccept
1785423192604,true,1785423192666,LeaderAccept
1785423192697,false,1785423192760,LeaderAccept
1785423192795,false,1785423192858,LeaderAccept
1785423192898,true,1785423192961,LeaderAccept
1785423193006,true,1785423193069,LeaderAccept
1785423193120,false,1785423193183,LeaderAccept
1785423193241,false,1785423193304,LeaderAccept
1785423193368,false,1785423193431,LeaderAccept
1785423193505,false,1785423193569,LeaderAccept
1785423193650,true,1785423193714,LeaderAccept
1785423193807,true,1785423193870,LeaderAccept
1785423193976,true,1785423194039,LeaderAccept
1785423194160,true,1785423194223,LeaderAccept
1785423194361,true,1785423194424,LeaderAccept
1785423194584,true,1785423194647,LeaderAccept
1785423194833,true,1785423194896,LeaderAccept
1785423195115,true,1785423195179,LeaderAccept
1785423195441,false,1785423195504,LeaderAccept
1785423195822,false,1785423195885,LeaderAccept
1785423196284,false,1785423196346,LeaderAccept
1785423196864,false,1785423196927,LeaderAccept
1785423197640,true,1785423197703,LeaderAccept
1785423198783,false,1785423198845,LeaderAccept
1785423200806,false,1785423200868,LeaderAccept
1785423201191,true,1785423201254,LeaderAccept
1785423201211,false,1785423201273,LeaderAccept
1785423201230,false,1785423201292,LeaderAccept
1785423201249,false,1785423201312,LeaderAccept
1785423201269,true,1785423201331,LeaderAccept
1785423201289,false,1785423201352,LeaderAccept
1785423201310,false,1785423201372,LeaderAccept
1785423201330,false,1785423201393,LeaderAccept
1785423201350,true,1785423201413,LeaderAccept
1785423201371,false,1785423201434,LeaderAccept
1785423201392,true,1785423201455,LeaderAccept
1785423201413,true,1785423201475,LeaderAccept
1785423201434,false,1785423201496,LeaderAccept
1785423201455,true,1785423201518,LeaderAccept
1785423201477,false,1785423201540,LeaderAccept
1785423201498,true,1785423201561,LeaderAccept
1785423201520,true,1785423201583,LeaderAccept
1785423201542,true,1785423201605,LeaderAccept
1785423201565,false,1785423201628,LeaderAccept
1785423201588,true,1785423201650,LeaderAccept
1785423201611,true,1785423201674,LeaderAccept
1785423201634,true,1785423201697,LeaderAccept
1785423201659,false,1785423201721,LeaderAccept
1785423201682,true,1785423201745,LeaderAccept
1785423201706,true,1785423201769,LeaderAccept
1785423201731,true,1785423201793,LeaderAccept
1785423201755,false,1785423201818,LeaderAccept
1785423201780,true,1785423201843,LeaderAccept
1785423201806,true,1785423201869,LeaderAccept
1785423201831,false,1785423201893,LeaderAccept
1785423201857,false,1785423201920,LeaderAccept
1785423201883,false,1785423201945,LeaderAccept
1785423201909,true,1785423201972,LeaderAccept
1785423201937,true,1785423201999,LeaderAccept
1785423201965,false,1785423202027,LeaderAccept
1785423201992,true,1785423202054,LeaderAccept
1785423202020,false,1785423202083,LeaderAccept
1785423202049,true,1785423202112,LeaderAccept
1785423202079,false,1785423202140,LeaderAccept
1785423202108,false,1785423202170,LeaderAccept
1785423202138,false,1785423202200,LeaderAccept
1785423202168,false,1785423202230,LeaderAccept
1785423202199,false,1785423202261,LeaderAccept
1785423202230,true,1785423202292,LeaderAccept
1785423202261,false,1785423202323,LeaderAccept
1785423202293,true,1785423202355,LeaderAccept
1785423202326,true,1785423202389,LeaderAccept
1785423202360,false,1785423202422,LeaderAccept
1785423202393,true,1785423202455,LeaderAccept
1785423202427,true,1785423202489,LeaderAccept
1785423202461,true,1785423202524,LeaderAccept
1785423202496,false,1785423202559,LeaderAccept
1785423202532,true,1785423202595,LeaderAccept
1785423202568,false,1785423202630,LeaderAccept
1785423202605,false,1785423202668,LeaderAccept
1785423202644,false,1785423202707,LeaderAccept
1785423202682,false,1785423202744,LeaderAccept
1785423202721,true,1785423202783,LeaderAccept
1785423202760,true,1785423202823,LeaderAccept
1785423202800,true,1785423202863,LeaderAccept
1785423202842,false,1785423202905,LeaderAccept
1785423202884,true,1785423202947,LeaderAccept
1785423202927,true,1785423202990,LeaderAccept
1785423202971,false,1785423203035,LeaderAccept
1785423203016,false,1785423203079,LeaderAccept
1785423203062,false,1785423203125,LeaderAccept
1785423203109,false,1785423203171,LeaderAccept
1785423203157,false,1785423203219,LeaderAccept
1785423203206,false,1785423203269,LeaderAccept
1785423203256,true,1785423203319,LeaderAccept
1785423203308,true,1785423203371,LeaderAccept
1785423203361,true,1785423203424,LeaderAccept
1785423203415,true,1785423203477,LeaderAccept
1785423203470,true,1785423203534,LeaderAccept
1785423203529,true,1785423203592,LeaderAccept
1785423203587,false,1785423203650,LeaderAccept
1785423203648,true,1785423203711,LeaderAccept
1785423203711,false,1785423203775,LeaderAccept
1785423203776,false,1785423203838,LeaderAccept
1785423203842,true,1785423203905,LeaderAccept
1785423203911,true,1785423203973,LeaderAccept
1785423203983,false,1785423204046,LeaderAccept
1785423204056,false,1785423204119,LeaderAccept
1785423204132,false,1785423204194,LeaderAccept
1785423204211,true,1785423204273,LeaderAccept
1785423204293,true,1785423204356,LeaderAccept
1785423204379,true,1785423204442,LeaderAccept
1785423204469,true,1785423204531,LeaderAccept
1785423204564,true,1785423204626,LeaderAccept
1785423204661,true,1785423204723,LeaderAccept
1785423204763,false,1785423204826,LeaderAccept
1785423204871,true,1785423204933,LeaderAccept
1785423204985,true,1785423205047,LeaderAccept
1785423205105,false,1785423205169,LeaderAccept
1785423205233,false,1785423205296,LeaderAccept
1785423205369,true,1785423205432,LeaderAccept
1785423205515,false,1785423205578,LeaderAccept
1785423205672,true,1785423205735,LeaderAccept
1785423205842,false,1785423205905,LeaderAccept
1785423206027,true,1785423206090,LeaderAccept
1785423206229,false,1785423206292,LeaderAccept
1785423206453,true,1785423206515,LeaderAccept
1785423206703,false,1785423206766,LeaderAccept
1785423206987,true,1785423207049,LeaderAccept
1785423207313,true,1785423207376,LeaderAccept
1785423207696,false,1785423207758,LeaderAccept
1785423208160,false,1785423208223,LeaderAccept
1785423208745,false,,
1785423209530,false,,
1785423210691,true,,
1785423212762,true,,
1785423218598,true,1785423218660,LeaderAccept
1785423239376,true,1785423239439,LeaderAccept
1785423239392,false,1785423239455,LeaderAccept
1785423239409,true,1785423239471,LeaderAccept
1785423239425,true,1785423239487,LeaderAccept
1785423239441,true,1785423239503,LeaderAccept
1785423239458,false,1785423239521,LeaderAccept
1785423239475,false,1785423239537,LeaderAccept
1785423239492,true,1785423239555,LeaderAccept
1785423239509,true,1785423239571,LeaderAccept
1785423239526,false,1785423239588,LeaderAccept
1785423239543,false,1785423239605,LeaderAccept
1785423239560,false,1785423239622,LeaderAccept
1785423239579,true,1785423239641,LeaderAccept
1785423239596,false,1785423239659,LeaderAccept
1785423239614,false,1785423239676,LeaderAccept
1785423239632,true,1785423239695,LeaderAccept
1785423239651,true,1785423239714,LeaderAccept
1785423239670,false,1785423239733,LeaderAccept
1785423239689,true,1785423239752,LeaderAccept
1785423239708,false,1785423239770,LeaderAccept
1785423239727,false,1785423239790,LeaderAccept
1785423239746,true,1785423239808,LeaderAccept
1785423239765,false,1785423239827,LeaderAccept
1785423239784,true,1785423239847,LeaderAccept
1785423239804,false,1785423239866,LeaderAccept
1785423239824,false,1785423239887,LeaderAccept
1785423239844,true,1785423239907,LeaderAccept
1785423239864,true,1785423239927,LeaderAccept
1785423239885,true,1785423239947,LeaderAccept
1785423239905,false,1785423239968,LeaderAccept
1785423239926,false,1785423239989,LeaderAccept
1785423239947,true,1785423240009,LeaderAccept
1785423239968,true,1785423240030,LeaderAccept
1785423239989,false,1785423240052,LeaderAccept
1785423240010,false,1785423240072,LeaderAccept
1785423240030,true,1785423240093,LeaderAccept
1785423240052,false,1785423240115,LeaderAccept
1785423240074,true,1785423240136,LeaderAccept
1785423240096,false,1785423240159,LeaderAccept
1785423240119,true,1785423240181,LeaderAccept
1785423240143,false,1785423240205,LeaderAccept
1785423240166,true,1785423240228,LeaderAccept
1785423240189,false,1785423240253,LeaderAccept
1785423240213,true,1785423240276,LeaderAccept
1785423240237,true,1785423240301,LeaderAccept
1785423240262,false,1785423240324,LeaderAccept
1785423240286,true,1785423240349,LeaderAccept
1785423240311,false,1785423240374,LeaderAccept
1785423240337,false,1785423240400,LeaderAccept
1785423240362,false,1785423240425,LeaderAccept
1785423240387,true,1785423240450,LeaderAccept
1785423240413,true,1785423240476,LeaderAccept
1785423240439,true,1785423240502,LeaderAccept
1785423240466,false,1785423240529,LeaderAccept
1785423240493,true,1785423240557,LeaderAccept
1785423240521,false,1785423240584,LeaderAccept
1785423240548,true,1785423240612,LeaderAccept
1785423240576,false,1785423240640,LeaderAccept
1785423240604,false,1785423240667,LeaderAccept
1785423240634,false,1785423240697,LeaderAccept
1785423240663,false,1785423240725,LeaderAccept
1785423240692,true,1785423240756,LeaderAccept
1785423240722,true,1785423240784,LeaderAccept
1785423240752,true,1785423240815,LeaderAccept
1785423240783,true,1785423240847,LeaderAccept
1785423240814,true,1785423240878,LeaderAccept
1785423240846,false,1785423240909,LeaderAccept
1785423240879,false,1785423240941,LeaderAccept
1785423240912,false,1785423240974,LeaderAccept
1785423240945,false,1785423241008,LeaderAccept
1785423240979,true,1785423241042,LeaderAccept
1785423241014,false,1785423241077,LeaderAccept
1785423241049,true,1785423241112,LeaderAccept
1785423241085,false,1785423241147,LeaderAccept
1785423241121,false,1785423241183,LeaderAccept
1785423241158,false,1785423241221,LeaderAccept
1785423241196,false,1785423241258,LeaderAccept
1785423241235,false,1785423241297,LeaderAccept
1785423241273,true,1785423241335,LeaderAccept
1785423241313,false,1785423241376,LeaderAccept
1785423241354,true,1785423241417,LeaderAccept
1785423241396,false,1785423241458,LeaderAccept
1785423241438,false,1785423241501,LeaderAccept
1785423241481,false,1785423241545,LeaderAccept
1785423241525,true,1785423241588,LeaderAccept
1785423241570,true,1785423241633,LeaderAccept
1785423241616,true,1785423241679,LeaderAccept
1785423241663,false,1785423241726,LeaderAccept
1785423241711,true,1785423241775,LeaderAccept
1785423241761,true,1785423241824,LeaderAccept
1785423241811,false,1785423241874,LeaderAccept
1785423241863,true,1785423241925,LeaderAccept
1785423241916,false,1785423241979,LeaderAccept
1785423241971,false,1785423242034,LeaderAccept
1785423242027,true,1785423242090,LeaderAccept
1785423242085,true,1785423242147,LeaderAccept
1785423242144,true,1785423242206,LeaderAccept
1785423242205,false,1785423242268,LeaderAccept
1785423242268,true,1785423242331,LeaderAccept
1785423242332,false,1785423242394,LeaderAccept
1785423242398,true,1785423242461,LeaderAccept
1785423242467,false,1785423242530,LeaderAccept
1785423242538,true,1785423242600,LeaderAccept
1785423242611,false,1785423242674,LeaderAccept
1785423242687,false,1785423242749,LeaderAccept
1785423242767,true,1785423242829,LeaderAccept
1785423242850,true,1785423242912,LeaderAccept
1785423242936,false,1785423242999,LeaderAccept
1785423243026,true,1785423243089,LeaderAccept
1785423243120,true,1785423243184,LeaderAccept
1785423243219,true,1785423243283,LeaderAccept
1785423243323,true,1785423243387,LeaderAccept
1785423243432,false,1785423243495,LeaderAccept
1785423243546,false,1785423243609,LeaderAccept
1785423243669,false,1785423243731,LeaderAccept
1785423243798,true,1785423243861,LeaderAccept
1785423243935,false,1785423243998,LeaderAccept
1785423244082,false,1785423244145,LeaderAccept
1785423244240,false,1785423244303,LeaderAccept
1785423244411,true,1785423244474,LeaderAccept
1785423244597,true,1785423244660,LeaderAccept
1785423244802,true,1785423244865,LeaderAccept
1785423245029,false,1785423245091,LeaderAccept
1785423245282,true,1785423245345,LeaderAccept
1785423245569,false,1785423245632,LeaderAccept
1785423245901,true,1785423245964,LeaderAccept
1785423246293,true,1785423246355,LeaderAccept
1785423246768,true,1785423246830,LeaderAccept
1785423247371,true,1785423247434,LeaderAccept
1785423248186,true,1785423248249,LeaderAccept
1785423249410,true,1785423249473,LeaderAccept
1785423251667,true,1785423251730,LeaderAccept
1785423253605,false,1785423253667,LeaderAccept
1785423253625,false,1785423253687,LeaderAccept
1785423253643,false,1785423253706,LeaderAccept
1785423253662,true,1785423253725,LeaderAccept
1785423253682,true,1785423253744,LeaderAccept
1785423253701,true,1785423253764,LeaderAccept
1785423253721,false,1785423253783,LeaderAccept
1785423253741,true,1785423253805,LeaderAccept
1785423253761,false,1785423253824,LeaderAccept
1785423253782,true,1785423253845,LeaderAccept
1785423253803,true,1785423253866,LeaderAccept
1785423253824,false,1785423253886,LeaderAccept
1785423253845,false,1785423253908,LeaderAccept
1785423253866,true,1785423253929,LeaderAccept
1785423253887,true,1785423253950,LeaderAccept
1785423253909,false,1785423253971,LeaderAccept
1785423253930,false,1785423253993,LeaderAccept
1785423253952,true,1785423254015,LeaderAccept
1785423253975,false,1785423254037,LeaderAccept
1785423253997,false,1785423254060,LeaderAccept
1785423254019,true,1785423254082,LeaderAccept
1785423254042,false,1785423254105,LeaderAccept
1785423254065,true,1785423254127,LeaderAccept
1785423254088,true,1785423254151,LeaderAccept
1785423254112,true,1785423254175,LeaderAccept
1785423254137,true,1785423254199,LeaderAccept
1785423254161,false,1785423254223,LeaderAccept
1785423254185,false,1785423254247,LeaderAccept
1785423254209,false,1785423254272,LeaderAccept
1785423254234,true,1785423254297,LeaderAccept
1785423254260,true,1785423254323,LeaderAccept
1785423254286,false,1785423254349,LeaderAccept
1785423254312,false,1785423254374,LeaderAccept
1785423254338,true,1785423254400,LeaderAccept
1785423254364,true,1785423254427,LeaderAccept
1785423254391,true,1785423254453,LeaderAccept
1785423254418,false,1785423254481,LeaderAccept
1785423254446,false,1785423254510,LeaderAccept
1785423254474,false,1785423254536,LeaderAccept
1785423254502,false,1785423254565,LeaderAccept
1785423254531,true,1785423254594,LeaderAccept
1785423254560,true,1785423254622,LeaderAccept
1785423254590,true,1785423254652,LeaderAccept
1785423254620,false,1785423254683,LeaderAccept
1785423254651,true,1785423254714,LeaderAccept
1785423254682,true,1785423254744,LeaderAccept
1785423254713,false,1785423254776,LeaderAccept
1785423254744,false,1785423254807,LeaderAccept
1785423254777,true,1785423254839,LeaderAccept
1785423254810,false,1785423254872,LeaderAccept
1785423254843,true,1785423254906,LeaderAccept
1785423254877,true,1785423254939,LeaderAccept
1785423254911,true,1785423254973,LeaderAccept
1785423254946,false,1785423255008,LeaderAccept
1785423254982,false,1785423255045,LeaderAccept
1785423255019,false,1785423255082,LeaderAccept
1785423255056,false,1785423255119,LeaderAccept
1785423255093,false,1785423255156,LeaderAccept
1785423255131,true,1785423255193,LeaderAccept
1785423255170,true,1785423255232,LeaderAccept
1785423255210,false,1785423255272,LeaderAccept
1785423255251,true,1785423255313,LeaderAccept
1785423255292,false,1785423255354,LeaderAccept
1785423255335,false,1785423255397,LeaderAccept
1785423255378,true,1785423255441,LeaderAccept
1785423255422,true,1785423255485,LeaderAccept
1785423255468,false,1785423255530,LeaderAccept
1785423255513,false,1785423255576,LeaderAccept
1785423255560,false,1785423255623,LeaderAccept
1785423255608,false,1785423255671,LeaderAccept
1785423255658,false,1785423255720,LeaderAccept
1785423255708,false,1785423255771,LeaderAccept
1785423255761,false,1785423255823,LeaderAccept
1785423255813,true,1785423255876,LeaderAccept
1785423255868,false,1785423255931,LeaderAccept
1785423255924,false,1785423255987,LeaderAccept
1785423255982,false,1785423256045,LeaderAccept
1785423256041,true,1785423256103,LeaderAccept
1785423256102,true,1785423256165,LeaderAccept
1785423256165,true,1785423256227,LeaderAccept
1785423256229,true,1785423256292,LeaderAccept
1785423256296,true,1785423256359,LeaderAccept
1785423256365,false,1785423256428,LeaderAccept
1785423256436,false,1785423256500,LeaderAccept
1785423256510,false,1785423256573,LeaderAccept
1785423256586,false,1785423256649,LeaderAccept
1785423256665,false,1785423256728,LeaderAccept
1785423256747,false,1785423256809,LeaderAccept
1785423256833,true,1785423256896,LeaderAccept
1785423256922,false,1785423256985,LeaderAccept
1785423257016,false,1785423257079,LeaderAccept
1785423257114,true,1785423257177,LeaderAccept
1785423257217,true,1785423257279,LeaderAccept
1785423257325,true,1785423257387,LeaderAccept
1785423257440,false,1785423257502,LeaderAccept
1785423257561,false,1785423257624,LeaderAccept
1785423257690,true,1785423257753,LeaderAccept
1785423257828,true,1785423257890,LeaderAccept
1785423257974,false,1785423258037,LeaderAccept
1785423258132,true,1785423258194,LeaderAccept
1785423258303,true,1785423258365,LeaderAccept
1785423258488,true,1785423258551,LeaderAccept
1785423258691,true,1785423258754,LeaderAccept
1785423258916,true,1785423258980,LeaderAccept
1785423259168,true,1785423259230,LeaderAccept
1785423259454,false,1785423259518,LeaderAccept
1785423259783,false,1785423259846,LeaderAccept
1785423260171,true,1785423260234,LeaderAccept
1785423260643,false,1785423260706,LeaderAccept
1785423261240,true,1785423261303,LeaderAccept
1785423262042,false,,
1785423263240,true,1785423263303,LeaderAccept
1785423265421,true,1785423265484,LeaderAccept
1785423271907,true,,
1785423283941,false,1785423284004,LeaderAccept
1785423283980,true,1785423284042,LeaderAccept
1785423284019,false,1785423284082,LeaderAccept
1785423284059,true,1785423284122,LeaderAccept
1785423284099,false,1785423284161,LeaderAccept
1785423284140,true,1785423284202,LeaderAccept
1785423284182,true,1785423284245,LeaderAccept
1785423284225,true,1785423284287,LeaderAccept
1785423284269,true,1785423284332,LeaderAccept
1785423284314,true,1785423284377,LeaderAccept
1785423284360,false,1785423284422,LeaderAccept
1785423284407,false,1785423284470,LeaderAccept
1785423284455,false,1785423284518,LeaderAccept
1785423284504,false,1785423284567,LeaderAccept
1785423284554,true,1785423284618,LeaderAccept
1785423284606,false,1785423284669,LeaderAccept
1785423284659,true,1785423284722,LeaderAccept
1785423284713,true,1785423284776,LeaderAccept
1785423284769,false,1785423284832,LeaderAccept
1785423284826,false,1785423284889,LeaderAccept
1785423284885,false,1785423284947,LeaderAccept
1785423284946,true,1785423285009,LeaderAccept
1785423285008,false,1785423285071,LeaderAccept
1785423285072,false,1785423285135,LeaderAccept
1785423285139,true,1785423285202,LeaderAccept
1785423285208,false,1785423285272,LeaderAccept
1785423285279,true,1785423285342,LeaderAccept
1785423285352,false,1785423285415,LeaderAccept
1785423285428,true,1785423285491,LeaderAccept
1785423285507,false,1785423285570,LeaderAccept
1785423285589,false,1785423285651,LeaderAccept
1785423285676,true,1785423285739,LeaderAccept
1785423285765,false,1785423285828,LeaderAccept
1785423285860,false,1785423285923,LeaderAccept
1785423285957,false,1785423286020,LeaderAccept
1785423286060,false,1785423286123,LeaderAccept
1785423286168,true,1785423286230,LeaderAccept
1785423286282,false,1785423286345,LeaderAccept
1785423286404,true,1785423286467,LeaderAccept
1785423286532,true,1785423286595,LeaderAccept
1785423286668,false,1785423286731,LeaderAccept
1785423286814,true,1785423286877,LeaderAccept
1785423286971,true,1785423287035,LeaderAccept
1785423287141,true,1785423287204,LeaderAccept
1785423287327,true,1785423287390,LeaderAccept
1785423287529,false,1785423287592,LeaderAccept
1785423287754,false,1785423287816,LeaderAccept
1785423288004,true,1785423288067,LeaderAccept
1785423288287,false,1785423288350,LeaderAccept
1785423288613,true,1785423288676,LeaderAccept
1785423288997,true,1785423289060,LeaderAccept
1785423289463,true,1785423289525,LeaderAccept
1785423290050,true,1785423290112,LeaderAccept
1785423290837,true,1785423290899,LeaderAccept
1785423292002,true,1785423292065,LeaderAccept
1785423294089,false,,
1785423300011,true,1785423300074,LeaderAccept
1785423312303,true,1785423312366,LeaderAccept
1785423312320,true,1785423312383,LeaderAccept
1785423312337,true,1785423312400,LeaderAccept
1785423312354,false,1785423312417,LeaderAccept
1785423312372,true,1785423312435,LeaderAccept
1785423312390,false,1785423312453,LeaderAccept
1785423312407,false,1785423312470,LeaderAccept
1785423312425,true,1785423312488,LeaderAccept
1785423312444,false,1785423312506,LeaderAccept
1785423312462,true,1785423312525,LeaderAccept
1785423312481,true,1785423312544,LeaderAccept
1785423312500,true,1785423312562,LeaderAccept
1785423312519,false,1785423312582,LeaderAccept
1785423312538,true,1785423312600,LeaderAccept
1785423312556,true,1785423312619,LeaderAccept
1785423312575,false,1785423312638,LeaderAccept
1785423312594,true,1785423312656,LeaderAccept
1785423312613,true,1785423312676,LeaderAccept
1785423312633,true,1785423312696,LeaderAccept
1785423312653,true,1785423312715,LeaderAccept
1785423312673,false,1785423312736,LeaderAccept
1785423312694,true,1785423312757,LeaderAccept
1785423312715,true,1785423312777,LeaderAccept
1785423312736,false,1785423312798,LeaderAccept
1785423312756,false,1785423312818,LeaderAccept
1785423312777,true,1785423312839,LeaderAccept
1785423312798,false,1785423312860,LeaderAccept
1785423312820,false,1785423312883,LeaderAccept
1785423312842,true,1785423312905,LeaderAccept
1785423312864,true,1785423312926,LeaderAccept
1785423312886,true,1785423312949,LeaderAccept
1785423312908,false,1785423312970,LeaderAccept
1785423312931,true,1785423312993,LeaderAccept
1785423312953,false,1785423313015,LeaderAccept
1785423312976,false,1785423313039,LeaderAccept
1785423313001,true,1785423313064,LeaderAccept
1785423313024,false,1785423313087,LeaderAccept
1785423313048,true,1785423313111,LeaderAccept
1785423313072,true,1785423313135,LeaderAccept
1785423313096,true,1785423313159,LeaderAccept
1785423313121,true,1785423313184,LeaderAccept
1785423313146,true,1785423313208,LeaderAccept
1785423313172,false,1785423313235,LeaderAccept
1785423313197,true,1785423313260,LeaderAccept
1785423313223,true,1785423313286,LeaderAccept
1785423313250,true,1785423313312,LeaderAccept
1785423313277,false,1785423313339,LeaderAccept
1785423313303,false,1785423313365,LeaderAccept
1785423313330,true,1785423313392,LeaderAccept
1785423313357,true,1785423313420,LeaderAccept
1785423313385,true,1785423313448,LeaderAccept
1785423313414,true,1785423313477,LeaderAccept
1785423313443,true,1785423313505,LeaderAccept
1785423313472,false,1785423313535,LeaderAccept
1785423313502,true,1785423313565,LeaderAccept
1785423313532,false,1785423313594,LeaderAccept
1785423313563,true,1785423313625,LeaderAccept
1785423313594,false,1785423313657,LeaderAccept
1785423313625,true,1785423313688,LeaderAccept
1785423313656,true,1785423313719,LeaderAccept
1785423313689,true,1785423313751,LeaderAccept
1785423313722,true,1785423313784,LeaderAccept
1785423313755,false,1785423313818,LeaderAccept
1785423313789,false,1785423313852,LeaderAccept
1785423313824,true,1785423313886,LeaderAccept
1785423313859,true,1785423313921,LeaderAccept
1785423313896,true,1785423313958,LeaderAccept
1785423313932,true,1785423313995,LeaderAccept
1785423313970,true,1785423314032,LeaderAccept
1785423314007,true,1785423314069,LeaderAccept
1785423314045,true,1785423314108,LeaderAccept
1785423314084,true,1785423314146,LeaderAccept
1785423314123,true,1785423314185,LeaderAccept
1785423314163,true,1785423314226,LeaderAccept
1785423314205,false,1785423314268,LeaderAccept
1785423314247,true,1785423314310,LeaderAccept
1785423314290,true,1785423314352,LeaderAccept
1785423314334,true,1785423314396,LeaderAccept
1785423314379,true,1785423314442,LeaderAccept
1785423314425,true,1785423314488,LeaderAccept
1785423314472,false,1785423314535,LeaderAccept
1785423314520,true,1785423314583,LeaderAccept
1785423314569,true,1785423314632,LeaderAccept
1785423314620,true,1785423314683,LeaderAccept
1785423314671,false,1785423314734,LeaderAccept
1785423314724,false,1785423314786,LeaderAccept
1785423314778,true,1785423314841,LeaderAccept
1785423314835,true,1785423314898,LeaderAccept
1785423314892,true,1785423314955,LeaderAccept
1785423314951,true,1785423315014,LeaderAccept
1785423315012,true,1785423315074,LeaderAccept
1785423315074,true,1785423315137,LeaderAccept
1785423315139,false,1785423315202,LeaderAccept
1785423315206,false,1785423315269,LeaderAccept
1785423315275,false,1785423315338,LeaderAccept
1785423315346,false,1785423315409,LeaderAccept
1785423315420,false,1785423315483,LeaderAccept
1785423315496,true,1785423315560,LeaderAccept
1785423315576,true,1785423315638,LeaderAccept
1785423315658,true,1785423315721,LeaderAccept
1785423315744,false,1785423315807,LeaderAccept
1785423315834,false,1785423315897,LeaderAccept
1785423315927,false,1785423315991,LeaderAccept
1785423316025,false,1785423316088,LeaderAccept
1785423316128,false,1785423316191,LeaderAccept
1785423316237,false,1785423316299,LeaderAccept
1785423316351,false,1785423316414,LeaderAccept
1785423316472,false,1785423316535,LeaderAccept
1785423316600,false,1785423316663,LeaderAccept
1785423316737,false,1785423316801,LeaderAccept
1785423316884,false,1785423316946,LeaderAccept
1785423317041,false,1785423317104,LeaderAccept
1785423317211,false,1785423317274,LeaderAccept
1785423317397,false,1785423317460,LeaderAccept
1785423317601,true,1785423317663,LeaderAccept
1785423317826,true,1785423317888,LeaderAccept
1785423318078,true,1785423318140,LeaderAccept
1785423318362,true,1785423318425,LeaderAccept
1785423318691,false,1785423318753,LeaderAccept
1785423319077,true,1785423319140,LeaderAccept
1785423319546,false,1785423319608,LeaderAccept
1785423320139,false,1785423320201,LeaderAccept
1785423320936,false,1785423320999,LeaderAccept
1785423322123,false,1785423322185,LeaderAccept
1785423324269,true,,
1785423324309,false,,
1785423324334,false,1785423324406,LeaderAccept
1785423324359,true,1785423324422,LeaderAccept
1785423324384,true,1785423324447,LeaderAccept
1785423324410,false,1785423324473,LeaderAccept
1785423324436,false,1785423324499,LeaderAccept
1785423324462,false,1785423324526,LeaderAccept
1785423324489,false,1785423324552,LeaderAccept
1785423324516,true,1785423324579,LeaderAccept
1785423324543,false,1785423324606,LeaderAccept
1785423324571,false,1785423324634,LeaderAccept
1785423324599,false,1785423324662,LeaderAccept
1785423324628,false,1785423324691,LeaderAccept
1785423324657,true,1785423324719,LeaderAccept
1785423324687,true,1785423324749,LeaderAccept
1785423324716,true,1785423324778,LeaderAccept
1785423324746,false,1785423324808,LeaderAccept
1785423324776,false,1785423324839,LeaderAccept
1785423324808,true,1785423324870,LeaderAccept
1785423324839,true,1785423324901,LeaderAccept
1785423324871,false,1785423324933,LeaderAccept
1785423324903,true,1785423324965,LeaderAccept
1785423324936,true,1785423324998,LeaderAccept
1785423324969,false,1785423325032,LeaderAccept
1785423325004,false,1785423325067,LeaderAccept
1785423325038,true,1785423325100,LeaderAccept
1785423325073,false,1785423325136,LeaderAccept
1785423325109,true,1785423325172,LeaderAccept
1785423325145,true,1785423325208,LeaderAccept
1785423325182,false,1785423325244,LeaderAccept
1785423325219,true,1785423325282,LeaderAccept
1785423325257,true,1785423325320,LeaderAccept
1785423325296,false,1785423325358,LeaderAccept
1785423325335,true,1785423325397,LeaderAccept
1785423325375,true,1785423325437,LeaderAccept
1785423325417,true,1785423325479,LeaderAccept
1785423325459,false,1785423325521,LeaderAccept
1785423325502,false,1785423325564,LeaderAccept
1785423325545,false,1785423325608,LeaderAccept
1785423325591,true,1785423325654,LeaderAccept
1785423325637,false,1785423325699,LeaderAccept
1785423325683,false,1785423325745,LeaderAccept
1785423325731,true,1785423325794,LeaderAccept
1785423325780,false,1785423325842,LeaderAccept
1785423325830,true,1785423325893,LeaderAccept
1785423325882,true,1785423325945,LeaderAccept
1785423325934,false,1785423325997,LeaderAccept
1785423325988,true,1785423326051,LeaderAccept
1785423326044,true,1785423326106,LeaderAccept
1785423326102,false,1785423326165,LeaderAccept
1785423326161,true,1785423326224,LeaderAccept
1785423326221,true,1785423326285,LeaderAccept
1785423326284,false,1785423326347,LeaderAccept
1785423326349,true,1785423326412,LeaderAccept
1785423326417,false,1785423326480,LeaderAccept
1785423326485,false,1785423326549,LeaderAccept
1785423326556,false,1785423326619,LeaderAccept
1785423326630,true,1785423326693,LeaderAccept
1785423326706,false,1785423326769,LeaderAccept
1785423326785,true,1785423326848,LeaderAccept
1785423326867,false,1785423326930,LeaderAccept
1785423326953,false,1785423327016,LeaderAccept
1785423327042,true,1785423327105,LeaderAccept
1785423327136,true,1785423327199,LeaderAccept
1785423327234,false,1785423327296,LeaderAccept
1785423327336,true,1785423327400,LeaderAccept
1785423327444,false,1785423327508,LeaderAccept
1785423327558,false,1785423327622,LeaderAccept
1785423327680,true,1785423327743,LeaderAccept
1785423327807,true,1785423327870,LeaderAccept
1785423327943,true,1785423328007,LeaderAccept
1785423328089,true,1785423328152,LeaderAccept
1785423328245,false,1785423328308,LeaderAccept
1785423328414,true,1785423328478,LeaderAccept
1785423328598,false,1785423328662,LeaderAccept
1785423328800,true,1785423328863,LeaderAccept
1785423329024,true,1785423329086,LeaderAccept
1785423329273,true,1785423329336,LeaderAccept
1785423329555,false,1785423329618,LeaderAccept
1785423329880,true,1785423329943,LeaderAccept
1785423330263,true,1785423330326,LeaderAccept
1785423330725,true,1785423330789,LeaderAccept
1785423331307,true,1785423331370,LeaderAccept
1785423332087,false,1785423332150,LeaderAccept
1785423333235,false,1785423333298,LeaderAccept
1785423335273,false,1785423335336,LeaderAccept
1785423340919,false,1785423340981,LeaderAccept
1785423348369,false,1785423348432,LeaderAccept
1785423348384,true,1785423348447,LeaderAccept
1785423348399,false,1785423348461,LeaderAccept
1785423348414,false,1785423348476,LeaderAccept
1785423348429,true,1785423348492,LeaderAccept
1785423348445,true,1785423348508,LeaderAccept
1785423348460,false,1785423348523,LeaderAccept
1785423348476,false,1785423348538,LeaderAccept
1785423348492,true,1785423348554,LeaderAccept
1785423348507,true,1785423348569,LeaderAccept
1785423348523,false,1785423348586,LeaderAccept
1785423348540,true,1785423348602,LeaderAccept
1785423348556,true,1785423348620,LeaderAccept
1785423348573,true,1785423348635,LeaderAccept
1785423348589,true,1785423348652,LeaderAccept
1785423348606,false,1785423348669,LeaderAccept
1785423348622,true,1785423348685,LeaderAccept
1785423348639,true,1785423348702,LeaderAccept
1785423348656,true,1785423348720,LeaderAccept
1785423348673,false,1785423348736,LeaderAccept
1785423348690,true,1785423348753,LeaderAccept
1785423348707,false,1785423348770,LeaderAccept
1785423348725,false,1785423348788,LeaderAccept
1785423348742,true,1785423348804,LeaderAccept
1785423348759,false,1785423348821,LeaderAccept
1785423348777,true,1785423348840,LeaderAccept
1785423348795,true,1785423348858,LeaderAccept
1785423348813,true,1785423348876,LeaderAccept
1785423348832,false,1785423348895,LeaderAccept
1785423348850,true,1785423348913,LeaderAccept
1785423348869,false,1785423348931,LeaderAccept
1785423348887,true,1785423348950,LeaderAccept
1785423348906,true,1785423348968,LeaderAccept
1785423348925,false,1785423348988,LeaderAccept
1785423348946,false,1785423349009,LeaderAccept
1785423348966,true,1785423349028,LeaderAccept
1785423348985,true,1785423349047,LeaderAccept
1785423349004,true,1785423349066,LeaderAccept
1785423349024,true,1785423349086,LeaderAccept
1785423349044,true,1785423349106,LeaderAccept
1785423349066,false,1785423349128,LeaderAccept
1785423349086,false,1785423349148,LeaderAccept
1785423349107,false,1785423349170,LeaderAccept
1785423349128,true,1785423349191,LeaderAccept
1785423349149,true,1785423349212,LeaderAccept
1785423349171,false,1785423349234,LeaderAccept
1785423349193,true,1785423349255,LeaderAccept
1785423349215,true,1785423349278,LeaderAccept
1785423349237,true,1785423349299,LeaderAccept
1785423349259,false,1785423349322,LeaderAccept
1785423349282,true,1785423349344,LeaderAccept
1785423349305,true,1785423349368,LeaderAccept
1785423349328,false,1785423349390,LeaderAccept
1785423349352,true,1785423349414,LeaderAccept
1785423349375,true,1785423349438,LeaderAccept
1785423349400,false,1785423349462,LeaderAccept
1785423349424,true,1785423349487,LeaderAccept
1785423349448,false,1785423349510,LeaderAccept
1785423349472,true,1785423349535,LeaderAccept
1785423349497,true,1785423349560,LeaderAccept
1785423349522,false,1785423349584,LeaderAccept
1785423349547,false,1785423349610,LeaderAccept
1785423349573,false,1785423349635,LeaderAccept
1785423349599,false,1785423349662,LeaderAccept
1785423349626,false,1785423349689,LeaderAccept
1785423349653,false,1785423349715,LeaderAccept
1785423349680,false,1785423349742,LeaderAccept
1785423349707,false,1785423349769,LeaderAccept
1785423349736,true,1785423349798,LeaderAccept
1785423349764,true,1785423349826,LeaderAccept
1785423349793,false,1785423349855,LeaderAccept
1785423349822,true,1785423349885,LeaderAccept
1785423349852,true,1785423349914,LeaderAccept
1785423349882,true,1785423349944,LeaderAccept
1785423349912,false,1785423349974,LeaderAccept
1785423349942,true,1785423350005,LeaderAccept
1785423349973,false,1785423350036,LeaderAccept
1785423350005,false,1785423350067,LeaderAccept
1785423350037,false,1785423350099,LeaderAccept
1785423350070,false,1785423350133,LeaderAccept
1785423350104,true,1785423350167,LeaderAccept
1785423350138,false,1785423350201,LeaderAccept
1785423350172,false,1785423350235,LeaderAccept
1785423350207,true,1785423350269,LeaderAccept
1785423350242,false,1785423350305,LeaderAccept
1785423350278,true,1785423350340,LeaderAccept
1785423350314,true,1785423350377,LeaderAccept
1785423350351,false,1785423350414,LeaderAccept
1785423350389,true,1785423350452,LeaderAccept
1785423350428,false,1785423350491,LeaderAccept
1785423350467,true,1785423350529,LeaderAccept
1785423350507,true,1785423350571,LeaderAccept
1785423350549,true,1785423350611,LeaderAccept
1785423350590,true,1785423350653,LeaderAccept
1785423350634,true,1785423350696,LeaderAccept
1785423350677,true,1785423350739,LeaderAccept
1785423350721,false,1785423350783,LeaderAccept
1785423350767,false,1785423350829,LeaderAccept
1785423350814,false,1785423350876,LeaderAccept
1785423350861,false,1785423350924,LeaderAccept
1785423350911,false,1785423350973,LeaderAccept
1785423350960,false,1785423351023,LeaderAccept
1785423351011,false,1785423351074,LeaderAccept
1785423351064,true,1785423351127,LeaderAccept
1785423351118,true,1785423351181,LeaderAccept
1785423351174,false,1785423351236,LeaderAccept
1785423351231,false,1785423351293,LeaderAccept
1785423351290,true,1785423351352,LeaderAccept
1785423351350,false,1785423351413,LeaderAccept
1785423351412,true,1785423351475,LeaderAccept
1785423351476,false,1785423351539,LeaderAccept
1785423351542,true,1785423351605,LeaderAccept
1785423351610,false,1785423351673,LeaderAccept
1785423351681,true,1785423351744,LeaderAccept
1785423351754,true,1785423351819,LeaderAccept
1785423351830,false,1785423351895,LeaderAccept
1785423351908,false,1785423351971,LeaderAccept
1785423351989,true,1785423352052,LeaderAccept
1785423352074,false,1785423352136,LeaderAccept
1785423352164,true,1785423352227,LeaderAccept
1785423352256,false,1785423352319,LeaderAccept
1785423352354,true,1785423352417,LeaderAccept
1785423352455,false,1785423352518,LeaderAccept
1785423352562,true,1785423352624,LeaderAccept
1785423352674,false,1785423352737,LeaderAccept
1785423352793,true,1785423352856,LeaderAccept
1785423352921,false,,
1785423353055,false,1785423353119,LeaderAccept
1785423353199,true,1785423353262,LeaderAccept
1785423353354,true,1785423353417,LeaderAccept
1785423353522,true,1785423353585,LeaderAccept
1785423353703,false,1785423353767,LeaderAccept
1785423353902,true,1785423353966,LeaderAccept
1785423354122,false,1785423354185,LeaderAccept
1785423354367,false,1785423354430,LeaderAccept
1785423354643,false,1785423354707,LeaderAccept
1785423354961,true,1785423355024,LeaderAccept
1785423355332,true,1785423355395,LeaderAccept
1785423355778,true,1785423355841,LeaderAccept
1785423356336,true,1785423356399,LeaderAccept
1785423357074,true,,
1785423358141,false,1785423358207,LeaderAccept
1785423359958,false,1785423360021,LeaderAccept
1785423364463,true,1785423364526,LeaderAccept
