request_time,write,response_time,accept_status
1785414236774,true,1785414236951,FastAccept
1785414236848,false,1785414237025,FastAccept
1785414236927,false,1785414237104,FastAccept
1785414237007,false,1785414237212,LeaderAccept
1785414237092,true,1785414237296,LeaderAccept
1785414237180,true,1785414237384,LeaderAccept
1785414237272,false,1785414237476,LeaderAccept
1785414237368,true,1785414237572,LeaderAccept
1785414237468,true,1785414237673,LeaderAccept
1785414237574,true,1785414237779,LeaderAccept
1785414237687,true,1785414237891,LeaderAccept
1785414237806,true,1785414238009,LeaderAccept
1785414237930,false,1785414238135,LeaderAccept
1785414238064,true,1785414238268,LeaderAccept
1785414238206,false,1785414238409,LeaderAccept
1785414238359,false,1785414238562,LeaderAccept
1785414238524,true,1785414238728,LeaderAccept
1785414238703,false,1785414238906,LeaderAccept
1785414238899,true,1785414239102,LeaderAccept
1785414239115,true,1785414239318,LeaderAccept
1785414239355,true,1785414239559,LeaderAccept
1785414239624,false,1785414239829,LeaderAccept
1785414239933,true,1785414240137,LeaderAccept
1785414240293,false,1785414240498,LeaderAccept
1785414240725,false,1785414240929,LeaderAccept
1785414241261,false,1785414241465,LeaderAccept
1785414241960,false,1785414242165,LeaderAccept
1785414242953,false,1785414243157,LeaderAccept
1785414244582,false,1785414244785,LeaderAccept
1785414248258,false,1785414248462,LeaderAccept
1785414263540,false,1785414263743,LeaderAccept
1785414263565,false,1785414263769,LeaderAccept
1785414263591,false,1785414263794,LeaderAccept
1785414263617,true,1785414263821,LeaderAccept
1785414263643,true,1785414263892,LeaderAccept
1785414263671,true,1785414263892,LeaderAccept
1785414263698,false,1785414263902,LeaderAccept
1785414263725,false,1785414263929,LeaderAccept
1785414263754,false,1785414263957,LeaderAccept
1785414263782,false,1785414263985,LeaderAccept
1785414263810,true,1785414264014,LeaderAccept
1785414263840,true,1785414264043,LeaderAccept
1785414263869,true,1785414264073,LeaderAccept
1785414263899,false,1785414264102,LeaderAccept
1785414263929,false,1785414264133,LeaderAccept
1785414263959,true,1785414264163,LeaderAccept
1785414263991,true,1785414264195,LeaderAccept
1785414264023,true,1785414264227,LeaderAccept
1785414264055,true,1785414264258,LeaderAccept
1785414264087,true,1785414264291,LeaderAccept
1785414264120,true,1785414264325,LeaderAccept
1785414264155,true,1785414264359,LeaderAccept
1785414264190,true,1785414264394,LeaderAccept
1785414264224,true,1785414264428,LeaderAccept
1785414264259,true,1785414264463,LeaderAccept
1785414264296,false,1785414264499,LeaderAccept
1785414264333,true,1785414264537,LeaderAccept
1785414264370,false,1785414264574,LeaderAccept
1785414264409,false,1785414264613,LeaderAccept
1785414264447,false,1785414264652,LeaderAccept
1785414264487,false,1785414264691,LeaderAccept
1785414264527,true,1785414264731,LeaderAccept
1785414264567,false,1785414264771,LeaderAccept
1785414264609,true,1785414264813,LeaderAccept
1785414264651,true,1785414264855,LeaderAccept
1785414264695,false,1785414264899,LeaderAccept
1785414264740,true,1785414264944,LeaderAccept
1785414264785,true,1785414264989,LeaderAccept
1785414264831,false,1785414265035,LeaderAccept
1785414264878,true,1785414265082,LeaderAccept
1785414264927,true,1785414265131,LeaderAccept
1785414264977,false,1785414265182,LeaderAccept
1785414265028,true,1785414265232,LeaderAccept
1785414265080,true,1785414265284,LeaderAccept
1785414265134,false,1785414265338,LeaderAccept
1785414265189,true,1785414265393,LeaderAccept
1785414265246,true,1785414265451,LeaderAccept
1785414265305,false,1785414265509,LeaderAccept
1785414265364,false,1785414265568,LeaderAccept
1785414265426,false,1785414265630,LeaderAccept
1785414265490,true,1785414265694,LeaderAccept
1785414265555,true,1785414265760,LeaderAccept
1785414265623,true,1785414265826,LeaderAccept
1785414265693,false,1785414265897,LeaderAccept
1785414265766,true,1785414265970,LeaderAccept
1785414265841,false,1785414266045,LeaderAccept
1785414265919,false,1785414266122,LeaderAccept
1785414266000,false,1785414266204,LeaderAccept
1785414266085,false,1785414266289,LeaderAccept
1785414266173,true,1785414266377,LeaderAccept
1785414266265,true,1785414266469,LeaderAccept
1785414266361,false,1785414266565,LeaderAccept
1785414266461,true,1785414266666,LeaderAccept
1785414266568,true,1785414266772,LeaderAccept
1785414266679,false,1785414266883,LeaderAccept
1785414266797,true,1785414267002,LeaderAccept
1785414266922,false,1785414267127,LeaderAccept
1785414267056,true,1785414267260,LeaderAccept
1785414267199,false,1785414267404,LeaderAccept
1785414267352,true,1785414267556,LeaderAccept
1785414267517,true,1785414267721,LeaderAccept
1785414267696,true,1785414267900,LeaderAccept
1785414267892,false,1785414268096,LeaderAccept
1785414268107,true,1785414268311,LeaderAccept
1785414268348,true,1785414268552,LeaderAccept
1785414268617,true,1785414268821,LeaderAccept
1785414268926,true,1785414269130,LeaderAccept
1785414269287,true,1785414269492,LeaderAccept
1785414269718,false,1785414269922,LeaderAccept
1785414270254,false,1785414270458,LeaderAccept
1785414270953,true,1785414271157,LeaderAccept
1785414271944,false,1785414272148,LeaderAccept
1785414273571,false,1785414273775,LeaderAccept
1785414277237,true,1785414277442,LeaderAccept
1785414290416,true,1785414290593,FastAccept
1785414290433,false,1785414290610,FastAccept
1785414290452,false,1785414290629,FastAccept
1785414290470,true,1785414290647,FastAccept
1785414290488,true,1785414290665,FastAccept
1785414290507,true,1785414290769,FastAccept
1785414290526,false,1785414290769,FastAccept
1785414290544,false,1785414290769,FastAccept
1785414290564,false,1785414290769,FastAccept
1785414290583,true,1785414290769,FastAccept
1785414290603,true,1785414290780,FastAccept
1785414290622,false,1785414290799,FastAccept
1785414290642,false,1785414290819,FastAccept
1785414290662,false,1785414290839,FastAccept
1785414290681,true,1785414290858,FastAccept
1785414290702,true,1785414290879,FastAccept
1785414290722,false,1785414290899,FastAccept
1785414290742,true,1785414290920,FastAccept
1785414290763,false,1785414290940,FastAccept
1785414290784,true,1785414290961,FastAccept
1785414290805,false,1785414290982,FastAccept
1785414290827,true,1785414291004,FastAccept
1785414290849,false,1785414291026,FastAccept
1785414290870,false,1785414291047,FastAccept
1785414290893,true,1785414291070,FastAccept
1785414290915,true,1785414291092,FastAccept
1785414290938,true,1785414291115,FastAccept
1785414290961,true,1785414291138,FastAccept
1785414290983,false,1785414291160,FastAccept
1785414291007,true,1785414291184,FastAccept
1785414291031,false,1785414291208,FastAccept
1785414291055,true,1785414291232,FastAccept
1785414291079,true,1785414291256,FastAccept
1785414291103,true,1785414291280,FastAccept
1785414291128,true,1785414291305,FastAccept
1785414291153,false,1785414291330,FastAccept
1785414291178,false,1785414291354,FastAccept
1785414291203,true,1785414291380,FastAccept
1785414291229,false,1785414291406,FastAccept
1785414291255,true,1785414291432,FastAccept
1785414291281,true,1785414291458,FastAccept
1785414291307,true,1785414291484,FastAccept
1785414291335,false,1785414291512,FastAccept
1785414291362,false,1785414291539,FastAccept
1785414291390,true,1785414291567,FastAccept
1785414291419,true,1785414291596,FastAccept
1785414291448,true,1785414291625,FastAccept
1785414291476,false,1785414291653,FastAccept
1785414291505,true,1785414291682,FastAccept
1785414291534,false,1785414291711,FastAccept
1785414291565,false,1785414291742,FastAccept
1785414291595,false,1785414291772,FastAccept
1785414291625,true,1785414291802,FastAccept
1785414291656,true,1785414291833,FastAccept
1785414291688,false,1785414291865,FastAccept
1785414291721,false,1785414291898,FastAccept
1785414291754,true,1785414291931,FastAccept
1785414291788,false,1785414291964,FastAccept
1785414291822,true,1785414291999,FastAccept
1785414291857,true,1785414292033,FastAccept
1785414291892,false,1785414292068,FastAccept
1785414291928,true,1785414292105,FastAccept
1785414291964,false,1785414292141,FastAccept
1785414292001,true,1785414292178,FastAccept
1785414292039,false,1785414292215,FastAccept
1785414292077,false,1785414292253,FastAccept
1785414292116,true,1785414292293,FastAccept
1785414292155,false,1785414292332,FastAccept
1785414292196,true,1785414292373,FastAccept
1785414292238,true,1785414292415,FastAccept
1785414292280,false,1785414292457,FastAccept
1785414292323,true,1785414292500,FastAccept
1785414292367,true,1785414292544,FastAccept
1785414292411,false,1785414292588,FastAccept
1785414292458,true,1785414292635,FastAccept
1785414292504,false,1785414292681,FastAccept
1785414292553,false,1785414292730,FastAccept
1785414292601,true,1785414292778,FastAccept
1785414292652,false,1785414292829,FastAccept
1785414292703,false,1785414292880,FastAccept
1785414292757,true,1785414292934,FastAccept
1785414292811,true,1785414292988,FastAccept
1785414292867,false,1785414293044,FastAccept
1785414292924,true,1785414293101,FastAccept
1785414292984,true,1785414293161,FastAccept
1785414293044,true,1785414293248,LeaderAccept
1785414293106,true,1785414293310,LeaderAccept
1785414293170,false,1785414293374,LeaderAccept
1785414293237,false,1785414293440,LeaderAccept
1785414293306,true,1785414293510,LeaderAccept
1785414293377,true,1785414293580,LeaderAccept
1785414293452,true,1785414293656,LeaderAccept
1785414293527,false,1785414293732,LeaderAccept
1785414293607,true,1785414293810,LeaderAccept
1785414293690,false,1785414293894,LeaderAccept
1785414293776,false,1785414293980,LeaderAccept
1785414293865,false,1785414294069,LeaderAccept
1785414293960,false,1785414294164,LeaderAccept
1785414294058,false,1785414294262,LeaderAccept
1785414294162,true,1785414294366,LeaderAccept
1785414294270,false,1785414294475,LeaderAccept
1785414294385,false,1785414294589,LeaderAccept
1785414294507,false,1785414294711,LeaderAccept
1785414294636,true,1785414294840,LeaderAccept
1785414294772,false,1785414294976,LeaderAccept
1785414294920,false,1785414295124,LeaderAccept
1785414295078,true,1785414295282,LeaderAccept
1785414295248,false,1785414295453,LeaderAccept
1785414295434,true,1785414295638,LeaderAccept
1785414295638,true,1785414295842,LeaderAccept
1785414295863,false,1785414296067,LeaderAccept
1785414296116,true,1785414296319,LeaderAccept
1785414296402,true,1785414296606,LeaderAccept
1785414296731,false,1785414296935,LeaderAccept
1785414297121,false,1785414297325,LeaderAccept
1785414297592,false,1785414297797,LeaderAccept
1785414298189,true,1785414298393,LeaderAccept
1785414298993,false,1785414299198,LeaderAccept
1785414300196,false,1785414300400,LeaderAccept
1785414302389,false,1785414302593,LeaderAccept
1785414308953,true,1785414309255,LeaderAccept
1785414315018,true,1785414315199,LeaderAccept
1785414315035,true,1785414315216,LeaderAccept
1785414315052,false,1785414315234,LeaderAccept
1785414315071,true,1785414315252,LeaderAccept
1785414315088,false,1785414315269,LeaderAccept
1785414315107,true,1785414315348,LeaderAccept
1785414315125,true,1785414315348,LeaderAccept
1785414315143,false,1785414315348,LeaderAccept
1785414315162,false,1785414315348,LeaderAccept
1785414315181,false,1785414315364,LeaderAccept
1785414315200,false,1785414315381,LeaderAccept
1785414315219,true,1785414315400,LeaderAccept
1785414315239,false,1785414315420,LeaderAccept
1785414315258,true,1785414315440,LeaderAccept
1785414315278,false,1785414315459,LeaderAccept
1785414315298,true,1785414315479,LeaderAccept
1785414315317,true,1785414315498,LeaderAccept
1785414315338,true,1785414315519,LeaderAccept
1785414315357,false,1785414315538,LeaderAccept
1785414315377,true,1785414315558,LeaderAccept
1785414315398,true,1785414315579,LeaderAccept
1785414315419,false,1785414315599,LeaderAccept
1785414315440,true,1785414315620,LeaderAccept
1785414315461,true,1785414315642,LeaderAccept
1785414315483,true,1785414315664,LeaderAccept
1785414315504,true,1785414315686,LeaderAccept
1785414315527,false,1785414315708,LeaderAccept
1785414315548,false,1785414315729,LeaderAccept
1785414315570,false,1785414315751,LeaderAccept
1785414315593,false,1785414315774,LeaderAccept
1785414315615,false,1785414315797,LeaderAccept
1785414315638,true,1785414315819,LeaderAccept
1785414315661,true,1785414315842,LeaderAccept
1785414315684,false,1785414315865,LeaderAccept
1785414315709,false,1785414315890,LeaderAccept
1785414315733,false,1785414315913,LeaderAccept
1785414315756,true,1785414315936,LeaderAccept
1785414315781,true,1785414315962,LeaderAccept
1785414315806,false,1785414315987,LeaderAccept
1785414315831,false,1785414316012,LeaderAccept
1785414315857,false,1785414316037,LeaderAccept
1785414315883,true,1785414316063,LeaderAccept
1785414315909,true,1785414316090,LeaderAccept
1785414315936,true,1785414316117,LeaderAccept
1785414315963,false,1785414316144,LeaderAccept
1785414315990,true,1785414316170,LeaderAccept
1785414316018,true,1785414316199,LeaderAccept
1785414316046,true,1785414316226,LeaderAccept
1785414316073,false,1785414316254,LeaderAccept
1785414316101,false,1785414316282,LeaderAccept
1785414316131,true,1785414316311,LeaderAccept
1785414316161,false,1785414316341,LeaderAccept
1785414316191,true,1785414316371,LeaderAccept
1785414316222,true,1785414316403,LeaderAccept
1785414316253,true,1785414316434,LeaderAccept
1785414316284,false,1785414316465,LeaderAccept
1785414316316,false,1785414316496,LeaderAccept
1785414316347,true,1785414316529,LeaderAccept
1785414316381,true,1785414316561,LeaderAccept
1785414316414,false,1785414316595,LeaderAccept
1785414316448,false,1785414316628,LeaderAccept
1785414316483,true,1785414316664,LeaderAccept
1785414316518,true,1785414316699,LeaderAccept
1785414316554,false,1785414316734,LeaderAccept
1785414316589,true,1785414316770,LeaderAccept
1785414316627,false,1785414316808,LeaderAccept
1785414316664,true,1785414316845,LeaderAccept
1785414316702,true,1785414316883,LeaderAccept
1785414316742,true,1785414316922,LeaderAccept
1785414316781,false,1785414316963,LeaderAccept
1785414316822,false,1785414317003,LeaderAccept
1785414316864,true,1785414317045,LeaderAccept
1785414316905,false,1785414317086,LeaderAccept
1785414316949,false,1785414317130,LeaderAccept
1785414316993,true,1785414317174,LeaderAccept
1785414317037,false,1785414317219,LeaderAccept
1785414317084,false,1785414317264,LeaderAccept
1785414317131,false,1785414317312,LeaderAccept
1785414317178,true,1785414317359,LeaderAccept
1785414317228,false,1785414317409,LeaderAccept
1785414317278,false,1785414317459,LeaderAccept
1785414317330,true,1785414317510,LeaderAccept
1785414317382,false,1785414317563,LeaderAccept
1785414317437,false,1785414317618,LeaderAccept
1785414317493,true,1785414317674,LeaderAccept
1785414317551,true,1785414317732,LeaderAccept
1785414317610,true,1785414317791,LeaderAccept
1785414317671,false,1785414317852,LeaderAccept
1785414317734,true,1785414317915,LeaderAccept
1785414317799,false,1785414317980,LeaderAccept
1785414317865,true,1785414318046,LeaderAccept
1785414317934,true,1785414318115,LeaderAccept
1785414318005,false,1785414318186,LeaderAccept
1785414318078,false,1785414318259,LeaderAccept
1785414318154,true,1785414318334,LeaderAccept
1785414318233,false,1785414318414,LeaderAccept
1785414318316,false,1785414318496,LeaderAccept
1785414318402,true,1785414318583,LeaderAccept
1785414318491,false,1785414318672,LeaderAccept
1785414318585,true,1785414318766,LeaderAccept
1785414318683,false,1785414318863,LeaderAccept
1785414318786,false,1785414318967,LeaderAccept
1785414318894,false,1785414319075,LeaderAccept
1785414319008,true,1785414319189,LeaderAccept
1785414319129,false,1785414319310,LeaderAccept
1785414319258,false,1785414319439,LeaderAccept
1785414319395,true,1785414319576,LeaderAccept
1785414319541,false,1785414319722,LeaderAccept
1785414319698,true,1785414319879,LeaderAccept
1785414319869,false,1785414320050,LeaderAccept
1785414320054,true,1785414320235,LeaderAccept
1785414320257,true,1785414320438,LeaderAccept
1785414320481,true,1785414320662,LeaderAccept
1785414320732,false,1785414320913,LeaderAccept
1785414321017,false,1785414321198,LeaderAccept
1785414321345,false,1785414321526,LeaderAccept
1785414321730,true,1785414321911,LeaderAccept
1785414322198,false,1785414322379,LeaderAccept
1785414322787,false,1785414322968,LeaderAccept
1785414323579,false,1785414323760,LeaderAccept
1785414324755,true,1785414324937,LeaderAccept
1785414326873,false,1785414327054,LeaderAccept
1785414330767,false,1785414330948,LeaderAccept
1785414330783,true,1785414330963,LeaderAccept
1785414330798,true,1785414330978,LeaderAccept
1785414330813,true,1785414330995,LeaderAccept
1785414330829,false,1785414331010,LeaderAccept
1785414330845,false,1785414331026,LeaderAccept
1785414330860,false,1785414331041,LeaderAccept
1785414330877,false,1785414331057,LeaderAccept
1785414330892,false,1785414331073,LeaderAccept
1785414330908,true,1785414331089,LeaderAccept
1785414330925,false,1785414331105,LeaderAccept
1785414330942,false,1785414331123,LeaderAccept
1785414330958,false,1785414331139,LeaderAccept
1785414330974,true,1785414331155,LeaderAccept
1785414330992,true,1785414331173,LeaderAccept
1785414331009,true,1785414331190,LeaderAccept
1785414331025,true,1785414331207,LeaderAccept
1785414331042,false,1785414331222,LeaderAccept
1785414331060,true,1785414331240,LeaderAccept
1785414331077,true,1785414331258,LeaderAccept
1785414331094,true,1785414331275,LeaderAccept
1785414331111,false,1785414331292,LeaderAccept
1785414331130,false,1785414331310,LeaderAccept
1785414331147,false,1785414331328,LeaderAccept
1785414331166,true,1785414331347,LeaderAccept
1785414331185,true,1785414331365,LeaderAccept
1785414331204,false,1785414331385,LeaderAccept
1785414331222,false,1785414331403,LeaderAccept
1785414331240,true,1785414331421,LeaderAccept
1785414331260,true,1785414331440,LeaderAccept
1785414331279,true,1785414331459,LeaderAccept
1785414331299,true,1785414331480,LeaderAccept
1785414331318,false,1785414331499,LeaderAccept
1785414331338,true,1785414331519,LeaderAccept
1785414331359,false,1785414331540,LeaderAccept
1785414331378,false,1785414331559,LeaderAccept
1785414331399,true,1785414331580,LeaderAccept
1785414331420,false,1785414331601,LeaderAccept
1785414331440,false,1785414331621,LeaderAccept
1785414331461,false,1785414331642,LeaderAccept
1785414331483,true,1785414331664,LeaderAccept
1785414331504,true,1785414331686,LeaderAccept
1785414331525,false,1785414331706,LeaderAccept
1785414331547,false,1785414331728,LeaderAccept
1785414331568,true,1785414331749,LeaderAccept
1785414331591,false,1785414331772,LeaderAccept
1785414331613,false,1785414331794,LeaderAccept
1785414331636,true,1785414331817,LeaderAccept
1785414331658,true,1785414331840,LeaderAccept
1785414331681,false,1785414331862,LeaderAccept
1785414331705,true,1785414331886,LeaderAccept
1785414331729,true,1785414331909,LeaderAccept
1785414331753,false,1785414331934,LeaderAccept
1785414331777,false,1785414331957,LeaderAccept
1785414331802,true,1785414331982,LeaderAccept
1785414331827,true,1785414332008,LeaderAccept
1785414331852,false,1785414332033,LeaderAccept
1785414331878,true,1785414332058,LeaderAccept
1785414331903,false,1785414332084,LeaderAccept
1785414331930,false,1785414332111,LeaderAccept
1785414331956,false,1785414332137,LeaderAccept
1785414331982,false,1785414332163,LeaderAccept
1785414332010,true,1785414332191,LeaderAccept
1785414332037,true,1785414332218,LeaderAccept
1785414332065,true,1785414332246,LeaderAccept
1785414332092,false,1785414332273,LeaderAccept
1785414332121,true,1785414332302,LeaderAccept
1785414332150,true,1785414332331,LeaderAccept
1785414332179,true,1785414332360,LeaderAccept
1785414332209,true,1785414332390,LeaderAccept
1785414332239,false,1785414332420,LeaderAccept
1785414332270,true,1785414332450,LeaderAccept
1785414332300,true,1785414332481,LeaderAccept
1785414332332,true,1785414332512,LeaderAccept
1785414332364,false,1785414332544,LeaderAccept
1785414332396,true,1785414332577,LeaderAccept
1785414332429,false,1785414332610,LeaderAccept
1785414332462,false,1785414332643,LeaderAccept
1785414332496,true,1785414332677,LeaderAccept
1785414332530,true,1785414332711,LeaderAccept
1785414332566,false,1785414332747,LeaderAccept
1785414332602,false,1785414332783,LeaderAccept
1785414332638,true,1785414332819,LeaderAccept
1785414332675,true,1785414332856,LeaderAccept
1785414332712,false,1785414332893,LeaderAccept
1785414332751,false,1785414332931,LeaderAccept
1785414332790,true,1785414332970,LeaderAccept
1785414332830,true,1785414333010,LeaderAccept
1785414332870,true,1785414333051,LeaderAccept
1785414332912,false,1785414333092,LeaderAccept
1785414332954,true,1785414333135,LeaderAccept
1785414332998,false,1785414333178,LeaderAccept
1785414333042,false,1785414333222,LeaderAccept
1785414333087,false,1785414333268,LeaderAccept
1785414333133,true,1785414333314,LeaderAccept
1785414333180,true,1785414333360,LeaderAccept
1785414333228,true,1785414333409,LeaderAccept
1785414333276,true,1785414333457,LeaderAccept
1785414333327,false,1785414333508,LeaderAccept
1785414333379,true,1785414333559,LeaderAccept
1785414333431,true,1785414333612,LeaderAccept
1785414333486,true,1785414333667,LeaderAccept
1785414333541,true,1785414333723,LeaderAccept
1785414333598,false,1785414333779,LeaderAccept
1785414333658,false,1785414333839,LeaderAccept
1785414333719,false,1785414333900,LeaderAccept
1785414333781,false,1785414333962,LeaderAccept
1785414333846,false,1785414334027,LeaderAccept
1785414333914,true,1785414334095,LeaderAccept
1785414333983,true,1785414334163,LeaderAccept
1785414334054,true,1785414334235,LeaderAccept
1785414334127,true,1785414334308,LeaderAccept
1785414334204,false,1785414334384,LeaderAccept
1785414334284,true,1785414334465,LeaderAccept
1785414334367,false,1785414334548,LeaderAccept
1785414334454,false,1785414334635,LeaderAccept
1785414334544,true,1785414334724,LeaderAccept
1785414334639,true,1785414334820,LeaderAccept
1785414334738,false,1785414334918,LeaderAccept
1785414334841,false,1785414335022,LeaderAccept
1785414334950,false,1785414335131,LeaderAccept
1785414335065,false,1785414335246,LeaderAccept
1785414335188,true,1785414335369,LeaderAccept
1785414335317,true,1785414335498,LeaderAccept
1785414335456,true,1785414335637,LeaderAccept
1785414335604,false,1785414335785,LeaderAccept
1785414335763,true,1785414335944,LeaderAccept
1785414335936,false,1785414336117,LeaderAccept
1785414336123,false,1785414336304,LeaderAccept
1785414336330,true,1785414336511,LeaderAccept
1785414336558,false,1785414336740,LeaderAccept
1785414336815,true,1785414336997,LeaderAccept
1785414337106,false,1785414337287,LeaderAccept
1785414337443,true,1785414337624,LeaderAccept
1785414337841,false,1785414338021,LeaderAccept
1785414338326,true,1785414338507,LeaderAccept
1785414338943,true,1785414339124,LeaderAccept
1785414339784,true,1785414339965,LeaderAccept
1785414341065,true,1785414341246,LeaderAccept
1785414343493,true,1785414343674,LeaderAccept
1785414344627,true,1785414344807,LeaderAccept
1785414344647,false,1785414344828,LeaderAccept
1785414344668,true,1785414344848,LeaderAccept
1785414344689,true,1785414344869,LeaderAccept
1785414344709,false,1785414344890,LeaderAccept
1785414344730,true,1785414344911,LeaderAccept
1785414344752,true,1785414344932,LeaderAccept
1785414344774,false,1785414344955,LeaderAccept
1785414344795,false,1785414344976,LeaderAccept
1785414344817,false,1785414344998,LeaderAccept
1785414344840,true,1785414345021,LeaderAccept
1785414344862,true,1785414345043,LeaderAccept
1785414344885,false,1785414345066,LeaderAccept
1785414344907,false,1785414345088,LeaderAccept
1785414344931,true,1785414345112,LeaderAccept
1785414344954,true,1785414345135,LeaderAccept
1785414344978,false,1785414345159,LeaderAccept
1785414345002,false,1785414345183,LeaderAccept
1785414345027,true,1785414345208,LeaderAccept
1785414345052,false,1785414345233,LeaderAccept
1785414345077,false,1785414345258,LeaderAccept
1785414345101,false,1785414345282,LeaderAccept
1785414345127,true,1785414345307,LeaderAccept
1785414345153,false,1785414345333,LeaderAccept
1785414345179,false,1785414345360,LeaderAccept
1785414345206,false,1785414345387,LeaderAccept
1785414345233,true,1785414345413,LeaderAccept
1785414345260,false,1785414345441,LeaderAccept
1785414345288,false,1785414345468,LeaderAccept
1785414345315,false,1785414345496,LeaderAccept
1785414345343,false,1785414345524,LeaderAccept
1785414345373,true,1785414345554,LeaderAccept
1785414345401,false,1785414345582,LeaderAccept
1785414345431,false,1785414345611,LeaderAccept
1785414345461,false,1785414345642,LeaderAccept
1785414345492,true,1785414345673,LeaderAccept
1785414345523,true,1785414345704,LeaderAccept
1785414345555,true,1785414345735,LeaderAccept
1785414345586,true,1785414345767,LeaderAccept
1785414345619,false,1785414345799,LeaderAccept
1785414345652,true,1785414345833,LeaderAccept
1785414345686,false,1785414345866,LeaderAccept
1785414345720,false,1785414345901,LeaderAccept
1785414345755,true,1785414345935,LeaderAccept
1785414345789,false,1785414345970,LeaderAccept
1785414345825,true,1785414346006,LeaderAccept
1785414345862,false,1785414346042,LeaderAccept
1785414345898,false,1785414346079,LeaderAccept
1785414345935,true,1785414346116,LeaderAccept
1785414345974,false,1785414346155,LeaderAccept
1785414346013,false,1785414346194,LeaderAccept
1785414346053,true,1785414346234,LeaderAccept
1785414346093,true,1785414346274,LeaderAccept
1785414346133,true,1785414346314,LeaderAccept
1785414346176,false,1785414346356,LeaderAccept
1785414346219,false,1785414346400,LeaderAccept
1785414346263,true,1785414346444,LeaderAccept
1785414346308,false,1785414346489,LeaderAccept
1785414346354,true,1785414346535,LeaderAccept
1785414346400,true,1785414346581,LeaderAccept
1785414346447,false,1785414346628,LeaderAccept
1785414346497,true,1785414346678,LeaderAccept
1785414346547,false,1785414346728,LeaderAccept
1785414346598,false,1785414346779,LeaderAccept
1785414346650,true,1785414346831,LeaderAccept
1785414346704,true,1785414346885,LeaderAccept
1785414346760,false,1785414346941,LeaderAccept
1785414346817,true,1785414346997,LeaderAccept
1785414346875,false,1785414347056,LeaderAccept
1785414346935,false,1785414347116,LeaderAccept
1785414346997,false,1785414347178,LeaderAccept
1785414347061,false,1785414347242,LeaderAccept
1785414347127,false,1785414347309,LeaderAccept
1785414347196,true,1785414347377,LeaderAccept
1785414347267,false,1785414347448,LeaderAccept
1785414347340,true,1785414347521,LeaderAccept
1785414347416,true,1785414347596,LeaderAccept
1785414347495,true,1785414347676,LeaderAccept
1785414347576,false,1785414347757,LeaderAccept
1785414347661,false,1785414347843,LeaderAccept
1785414347751,false,1785414347932,LeaderAccept
1785414347844,true,1785414348024,LeaderAccept
1785414347941,false,1785414348122,LeaderAccept
1785414348042,true,1785414348224,LeaderAccept
1785414348150,false,1785414348331,LeaderAccept
1785414348263,false,1785414348444,LeaderAccept
1785414348382,true,1785414348563,LeaderAccept
1785414348510,true,1785414348691,LeaderAccept
1785414348645,false,1785414348826,LeaderAccept
1785414348789,false,1785414348970,LeaderAccept
1785414348945,true,1785414349126,LeaderAccept
1785414349113,false,1785414349294,LeaderAccept
1785414349296,true,1785414349477,LeaderAccept
1785414349496,true,1785414349678,LeaderAccept
1785414349717,false,1785414349898,LeaderAccept
1785414349963,true,1785414350144,LeaderAccept
1785414350241,true,1785414350422,LeaderAccept
1785414350562,true,1785414350743,LeaderAccept
1785414350936,true,1785414351117,LeaderAccept
1785414351388,true,1785414351570,LeaderAccept
1785414351954,true,1785414352135,LeaderAccept
1785414352706,true,1785414352886,LeaderAccept
1785414353799,false,1785414353980,LeaderAccept
1785414355688,false,1785414355869,LeaderAccept
1785414358995,false,1785414359176,LeaderAccept
1785414359018,true,1785414359198,LeaderAccept
1785414359040,true,1785414359221,LeaderAccept
1785414359062,true,1785414359243,LeaderAccept
1785414359086,true,1785414359267,LeaderAccept
1785414359109,true,1785414359290,LeaderAccept
1785414359132,true,1785414359313,LeaderAccept
1785414359156,true,1785414359336,LeaderAccept
1785414359179,true,1785414359360,LeaderAccept
1785414359204,true,1785414359385,LeaderAccept
1785414359227,true,1785414359408,LeaderAccept
1785414359251,true,1785414359432,LeaderAccept
1785414359277,false,1785414359458,LeaderAccept
1785414359303,true,1785414359484,LeaderAccept
1785414359329,true,1785414359510,LeaderAccept
1785414359355,false,1785414359535,LeaderAccept
1785414359381,true,1785414359562,LeaderAccept
1785414359408,true,1785414359589,LeaderAccept
1785414359434,false,1785414359615,LeaderAccept
1785414359462,false,1785414359643,LeaderAccept
1785414359490,true,1785414359671,LeaderAccept
1785414359518,false,1785414359698,LeaderAccept
1785414359547,false,1785414359727,LeaderAccept
1785414359576,true,1785414359757,LeaderAccept
1785414359606,false,1785414359787,LeaderAccept
1785414359636,false,1785414359817,LeaderAccept
1785414359667,true,1785414359848,LeaderAccept
1785414359698,true,1785414359878,LeaderAccept
1785414359729,false,1785414359909,LeaderAccept
1785414359759,false,1785414359940,LeaderAccept
1785414359792,true,1785414359972,LeaderAccept
1785414359824,true,1785414360005,LeaderAccept
1785414359858,false,1785414360039,LeaderAccept
1785414359892,true,1785414360073,LeaderAccept
1785414359925,true,1785414360106,LeaderAccept
1785414359959,true,1785414360140,LeaderAccept
1785414359995,true,1785414360176,LeaderAccept
1785414360030,false,1785414360212,LeaderAccept
1785414360067,false,1785414360248,LeaderAccept
1785414360103,true,1785414360284,LeaderAccept
1785414360140,false,1785414360321,LeaderAccept
1785414360178,true,1785414360359,LeaderAccept
1785414360218,true,1785414360399,LeaderAccept
1785414360258,true,1785414360439,LeaderAccept
1785414360298,true,1785414360479,LeaderAccept
1785414360339,false,1785414360520,LeaderAccept
1785414360382,false,1785414360563,LeaderAccept
1785414360426,false,1785414360607,LeaderAccept
1785414360471,true,1785414360652,LeaderAccept
1785414360516,false,1785414360697,LeaderAccept
1785414360563,true,1785414360744,LeaderAccept
1785414360609,false,1785414360790,LeaderAccept
1785414360658,true,1785414360838,LeaderAccept
1785414360707,true,1785414360887,LeaderAccept
1785414360757,true,1785414360938,LeaderAccept
1785414360810,false,1785414360990,LeaderAccept
1785414360863,true,1785414361043,LeaderAccept
1785414360918,false,1785414361099,LeaderAccept
1785414360974,true,1785414361155,LeaderAccept
1785414361032,true,1785414361213,LeaderAccept
1785414361091,false,1785414361272,LeaderAccept
1785414361153,true,1785414361334,LeaderAccept
1785414361216,false,1785414361396,LeaderAccept
1785414361281,true,1785414361462,LeaderAccept
1785414361347,true,1785414361528,LeaderAccept
1785414361417,true,1785414361598,LeaderAccept
1785414361489,false,1785414361670,LeaderAccept
1785414361563,true,1785414361744,LeaderAccept
1785414361640,true,1785414361821,LeaderAccept
1785414361720,false,1785414361901,LeaderAccept
1785414361803,true,1785414361984,LeaderAccept
1785414361889,true,1785414362070,LeaderAccept
1785414361979,true,1785414362160,LeaderAccept
1785414362073,true,1785414362254,LeaderAccept
1785414362172,false,1785414362353,LeaderAccept
1785414362276,true,1785414362457,LeaderAccept
1785414362386,false,1785414362567,LeaderAccept
1785414362502,false,1785414362683,LeaderAccept
1785414362624,false,1785414362805,LeaderAccept
1785414362754,true,1785414362935,LeaderAccept
1785414362893,false,1785414363074,LeaderAccept
1785414363041,true,1785414363223,LeaderAccept
1785414363202,false,1785414363383,LeaderAccept
1785414363374,true,1785414363556,LeaderAccept
1785414363563,true,1785414363744,LeaderAccept
1785414363770,false,1785414363951,LeaderAccept
1785414364000,false,1785414364182,LeaderAccept
1785414364258,true,1785414364439,LeaderAccept
1785414364550,true,1785414364730,LeaderAccept
1785414364889,false,1785414365071,LeaderAccept
1785414365290,true,1785414365471,LeaderAccept
1785414365780,false,1785414365961,LeaderAccept
1785414366405,false,1785414366585,LeaderAccept
1785414367257,false,1785414367438,LeaderAccept
1785414368564,true,1785414368744,LeaderAccept
1785414371074,true,1785414371256,LeaderAccept
1785414378627,false,1785414378809,LeaderAccept
1785414378661,true,1785414378842,LeaderAccept
1785414378695,true,1785414378877,LeaderAccept
1785414378729,false,1785414378910,LeaderAccept
1785414378765,false,1785414378946,LeaderAccept
1785414378801,true,1785414378982,LeaderAccept
1785414378838,false,1785414379019,LeaderAccept
1785414378875,true,1785414379057,LeaderAccept
1785414378914,false,1785414379095,LeaderAccept
1785414378952,false,1785414379133,LeaderAccept
1785414378991,true,1785414379173,LeaderAccept
1785414379032,true,1785414379213,LeaderAccept
1785414379073,false,1785414379253,LeaderAccept
1785414379114,true,1785414379295,LeaderAccept
1785414379157,false,1785414379338,LeaderAccept
1785414379201,true,1785414379382,LeaderAccept
1785414379245,true,1785414379427,LeaderAccept
1785414379291,false,1785414379472,LeaderAccept
1785414379338,true,1785414379519,LeaderAccept
1785414379385,false,1785414379567,LeaderAccept
1785414379434,true,1785414379615,LeaderAccept
1785414379484,false,1785414379666,LeaderAccept
1785414379535,true,1785414379716,LeaderAccept
1785414379588,true,1785414379769,LeaderAccept
1785414379642,false,1785414379823,LeaderAccept
1785414379697,true,1785414379878,LeaderAccept
1785414379754,false,1785414379934,LeaderAccept
1785414379812,false,1785414379993,LeaderAccept
1785414379871,false,1785414380052,LeaderAccept
1785414379933,false,1785414380113,LeaderAccept
1785414379996,true,1785414380177,LeaderAccept
1785414380061,true,1785414380243,LeaderAccept
1785414380129,false,1785414380310,LeaderAccept
1785414380199,false,1785414380380,LeaderAccept
1785414380272,true,1785414380453,LeaderAccept
1785414380347,false,1785414380528,LeaderAccept
1785414380425,true,1785414380606,LeaderAccept
1785414380505,true,1785414380687,LeaderAccept
1785414380590,true,1785414380771,LeaderAccept
1785414380678,true,1785414380860,LeaderAccept
1785414380771,true,1785414380952,LeaderAccept
1785414380868,true,1785414381049,LeaderAccept
1785414380968,true,1785414381150,LeaderAccept
1785414381075,true,1785414381256,LeaderAccept
1785414381186,true,1785414381368,LeaderAccept
1785414381305,true,1785414381486,LeaderAccept
1785414381431,false,1785414381612,LeaderAccept
1785414381565,false,1785414381746,LeaderAccept
1785414381708,false,1785414381889,LeaderAccept
1785414381861,true,1785414382042,LeaderAccept
1785414382025,false,1785414382207,LeaderAccept
1785414382204,false,1785414382386,LeaderAccept
1785414382401,true,1785414382581,LeaderAccept
1785414382617,true,1785414382798,LeaderAccept
1785414382858,true,1785414383039,LeaderAccept
1785414383129,false,1785414383310,LeaderAccept
1785414383438,false,1785414383619,LeaderAccept
1785414383801,false,1785414383982,LeaderAccept
1785414384234,false,1785414384416,LeaderAccept
1785414384772,true,1785414384953,LeaderAccept
1785414385476,false,1785414385658,LeaderAccept
1785414386477,false,1785414386659,LeaderAccept
1785414388126,false,1785414388285,FastAccept
1785414391885,true,1785414392066,LeaderAccept
1785414412169,true,1785414412350,LeaderAccept
1785414412189,false,1785414412369,LeaderAccept
1785414412208,false,1785414412389,LeaderAccept
1785414412228,false,1785414412409,LeaderAccept
1785414412247,false,1785414412428,LeaderAccept
1785414412268,true,1785414412448,LeaderAccept
1785414412288,true,1785414412468,LeaderAccept
1785414412307,false,1785414412488,LeaderAccept
1785414412327,false,1785414412508,LeaderAccept
1785414412348,true,1785414412528,LeaderAccept
1785414412369,false,1785414412549,LeaderAccept
1785414412390,false,1785414412570,LeaderAccept
1785414412412,true,1785414412593,LeaderAccept
1785414412434,true,1785414412614,LeaderAccept
1785414412456,true,1785414412636,LeaderAccept
1785414412478,true,1785414412658,LeaderAccept
1785414412500,true,1785414412680,LeaderAccept
1785414412523,false,1785414412704,LeaderAccept
1785414412546,true,1785414412726,LeaderAccept
1785414412569,false,1785414412750,LeaderAccept
1785414412592,true,1785414412773,LeaderAccept
1785414412616,true,1785414412796,LeaderAccept
1785414412639,false,1785414412820,LeaderAccept
1785414412663,false,1785414412844,LeaderAccept
1785414412688,false,1785414412868,LeaderAccept
1785414412712,false,1785414412893,LeaderAccept
1785414412736,false,1785414412917,LeaderAccept
1785414412762,true,1785414412943,LeaderAccept
1785414412787,true,1785414412968,LeaderAccept
1785414412812,true,1785414412993,LeaderAccept
1785414412838,true,1785414413018,LeaderAccept
1785414412864,false,1785414413045,LeaderAccept
1785414412890,true,1785414413071,LeaderAccept
1785414412917,false,1785414413098,LeaderAccept
1785414412944,false,1785414413125,LeaderAccept
1785414412971,true,1785414413152,LeaderAccept
1785414412999,false,1785414413180,LeaderAccept
1785414413028,true,1785414413208,LeaderAccept
1785414413056,true,1785414413237,LeaderAccept
1785414413085,true,1785414413266,LeaderAccept
1785414413116,true,1785414413297,LeaderAccept
1785414413147,false,1785414413328,LeaderAccept
1785414413177,false,1785414413358,LeaderAccept
1785414413208,true,1785414413389,LeaderAccept
1785414413240,false,1785414413421,LeaderAccept
1785414413271,true,1785414413453,LeaderAccept
1785414413304,false,1785414413485,LeaderAccept
1785414413337,false,1785414413518,LeaderAccept
1785414413371,false,1785414413552,LeaderAccept
1785414413405,true,1785414413585,LeaderAccept
1785414413440,true,1785414413621,LeaderAccept
1785414413475,false,1785414413656,LeaderAccept
1785414413511,true,1785414413692,LeaderAccept
1785414413547,false,1785414413728,LeaderAccept
1785414413583,true,1785414413764,LeaderAccept
1785414413621,true,1785414413802,LeaderAccept
1785414413660,false,1785414413840,LeaderAccept
1785414413699,false,1785414413879,LeaderAccept
1785414413738,true,1785414413919,LeaderAccept
1785414413779,true,1785414413959,LeaderAccept
1785414413820,false,1785414414001,LeaderAccept
1785414413862,true,1785414414043,LeaderAccept
1785414413906,false,1785414414087,LeaderAccept
1785414413949,false,1785414414130,LeaderAccept
1785414413995,false,1785414414175,LeaderAccept
1785414414041,false,1785414414222,LeaderAccept
1785414414089,true,1785414414270,LeaderAccept
1785414414136,true,1785414414317,LeaderAccept
1785414414186,true,1785414414367,LeaderAccept
1785414414236,false,1785414414417,LeaderAccept
1785414414288,true,1785414414469,LeaderAccept
1785414414341,true,1785414414522,LeaderAccept
1785414414396,false,1785414414577,LeaderAccept
1785414414452,false,1785414414632,LeaderAccept
1785414414509,false,1785414414691,LeaderAccept
1785414414569,false,1785414414750,LeaderAccept
1785414414630,false,1785414414811,LeaderAccept
1785414414693,true,1785414414873,LeaderAccept
1785414414757,false,1785414414939,LeaderAccept
1785414414825,true,1785414415006,LeaderAccept
1785414414894,false,1785414415075,LeaderAccept
1785414414966,true,1785414415147,LeaderAccept
1785414415041,true,1785414415222,LeaderAccept
1785414415117,true,1785414415298,LeaderAccept
1785414415197,true,1785414415378,LeaderAccept
1785414415280,true,1785414415461,LeaderAccept
1785414415367,true,1785414415548,LeaderAccept
1785414415457,true,1785414415638,LeaderAccept
1785414415552,false,1785414415733,LeaderAccept
1785414415651,false,1785414415832,LeaderAccept
1785414415755,true,1785414415936,LeaderAccept
1785414415865,false,1785414416046,LeaderAccept
1785414415980,false,1785414416161,LeaderAccept
1785414416103,true,1785414416283,LeaderAccept
1785414416233,false,1785414416414,LeaderAccept
1785414416372,false,1785414416553,LeaderAccept
1785414416521,true,1785414416702,LeaderAccept
1785414416681,false,1785414416862,LeaderAccept
1785414416854,true,1785414417035,LeaderAccept
1785414417043,false,1785414417224,LeaderAccept
1785414417251,false,1785414417433,LeaderAccept
1785414417481,false,1785414417663,LeaderAccept
1785414417740,true,1785414417921,LeaderAccept
1785414418034,true,1785414418214,LeaderAccept
1785414418373,false,1785414418554,LeaderAccept
1785414418775,false,1785414418956,LeaderAccept
1785414419268,false,1785414419448,LeaderAccept
1785414419896,false,1785414420078,LeaderAccept
1785414420757,true,1785414420937,LeaderAccept
1785414422079,false,1785414422260,LeaderAccept
1785414424639,false,1785414424820,LeaderAccept
1785414433844,true,1785414434025,LeaderAccept
1785414440347,true,1785414440506,FastAccept
1785414440379,false,1785414440538,FastAccept
1785414440413,false,1785414440572,FastAccept
1785414440446,true,1785414440605,FastAccept
1785414440481,false,1785414440640,FastAccept
1785414440515,true,1785414440674,FastAccept
1785414440551,false,1785414440710,FastAccept
1785414440587,false,1785414440746,FastAccept
1785414440622,false,1785414440781,FastAccept
1785414440660,false,1785414440819,FastAccept
1785414440697,true,1785414440857,FastAccept
1785414440736,true,1785414440895,FastAccept
1785414440775,true,1785414440935,FastAccept
1785414440815,false,1785414440974,FastAccept
1785414440856,false,1785414441016,FastAccept
1785414440898,true,1785414441057,FastAccept
1785414440940,false,1785414441099,FastAccept
1785414440983,false,1785414441142,FastAccept
1785414441027,false,1785414441186,FastAccept
1785414441071,false,1785414441230,FastAccept
1785414441117,false,1785414441276,FastAccept
1785414441164,true,1785414441323,FastAccept
1785414441213,false,1785414441372,FastAccept
1785414441261,true,1785414441420,FastAccept
1785414441312,true,1785414441471,FastAccept
1785414441364,false,1785414441523,FastAccept
1785414441417,true,1785414441576,FastAccept
1785414441472,true,1785414441631,FastAccept
1785414441528,true,1785414441687,FastAccept
1785414441585,false,1785414441745,FastAccept
1785414441645,true,1785414441804,FastAccept
1785414441705,true,1785414441865,FastAccept
1785414441768,false,1785414441926,FastAccept
1785414441833,true,1785414441995,FastAccept
1785414441900,false,1785414442063,FastAccept
1785414441969,false,1785414442131,FastAccept
1785414442040,false,1785414442202,FastAccept
1785414442114,true,1785414442277,FastAccept
1785414442191,true,1785414442353,FastAccept
1785414442271,true,1785414442433,FastAccept
1785414442353,true,1785414442547,LeaderAccept
1785414442440,true,1785414442633,LeaderAccept
1785414442530,true,1785414442711,LeaderAccept
1785414442624,false,1785414442804,LeaderAccept
1785414442722,true,1785414442903,LeaderAccept
1785414442826,false,1785414443007,LeaderAccept
1785414442934,true,1785414443115,LeaderAccept
1785414443049,false,1785414443230,LeaderAccept
1785414443171,false,1785414443352,LeaderAccept
1785414443300,false,1785414443480,LeaderAccept
1785414443437,false,1785414443618,LeaderAccept
1785414443585,true,1785414443765,LeaderAccept
1785414443744,false,1785414443925,LeaderAccept
1785414443915,false,1785414444096,LeaderAccept
1785414444101,false,1785414444282,LeaderAccept
1785414444307,false,1785414444488,LeaderAccept
1785414444534,true,1785414444715,LeaderAccept
1785414444787,false,1785414444968,LeaderAccept
1785414445075,false,1785414445256,LeaderAccept
1785414445408,true,1785414445589,LeaderAccept
1785414445800,false,1785414445981,LeaderAccept
1785414446278,false,1785414446459,LeaderAccept
1785414446883,false,1785414447064,LeaderAccept
1785414447704,true,1785414447885,LeaderAccept
1785414448940,false,1785414449121,LeaderAccept
1785414451229,false,1785414451410,LeaderAccept
1785414458259,false,1785414458440,LeaderAccept
1785414458275,true,1785414458456,LeaderAccept
1785414458292,false,1785414458472,LeaderAccept
1785414458309,false,1785414458489,LeaderAccept
1785414458325,false,1785414458506,LeaderAccept
1785414458343,true,1785414458523,LeaderAccept
1785414458360,true,1785414458541,LeaderAccept
1785414458377,true,1785414458558,LeaderAccept
1785414458395,true,1785414458575,LeaderAccept
1785414458412,true,1785414458593,LeaderAccept
1785414458429,false,1785414458610,LeaderAccept
1785414458448,false,1785414458628,LeaderAccept
1785414458465,false,1785414458646,LeaderAccept
1785414458483,false,1785414458664,LeaderAccept
1785414458501,false,1785414458682,LeaderAccept
1785414458520,false,1785414458700,LeaderAccept
1785414458538,false,1785414458719,LeaderAccept
1785414458558,false,1785414458738,LeaderAccept
1785414458577,false,1785414458757,LeaderAccept
1785414458596,false,1785414458776,LeaderAccept
1785414458616,true,1785414458797,LeaderAccept
1785414458636,true,1785414458816,LeaderAccept
1785414458655,false,1785414458836,LeaderAccept
1785414458676,false,1785414458856,LeaderAccept
1785414458696,false,1785414458876,LeaderAccept
1785414458716,true,1785414458897,LeaderAccept
1785414458737,false,1785414458918,LeaderAccept
1785414458757,true,1785414458938,LeaderAccept
1785414458778,true,1785414458959,LeaderAccept
1785414458800,true,1785414458980,LeaderAccept
1785414458821,true,1785414459002,LeaderAccept
1785414458843,true,1785414459024,LeaderAccept
1785414458865,false,1785414459045,LeaderAccept
1785414458887,false,1785414459067,LeaderAccept
1785414458909,true,1785414459090,LeaderAccept
1785414458932,true,1785414459112,LeaderAccept
1785414458955,true,1785414459135,LeaderAccept
1785414458977,true,1785414459158,LeaderAccept
1785414459001,false,1785414459181,LeaderAccept
1785414459025,true,1785414459205,LeaderAccept
1785414459049,false,1785414459230,LeaderAccept
1785414459073,false,1785414459254,LeaderAccept
1785414459097,true,1785414459278,LeaderAccept
1785414459121,false,1785414459302,LeaderAccept
1785414459147,false,1785414459328,LeaderAccept
1785414459171,true,1785414459352,LeaderAccept
1785414459197,false,1785414459377,LeaderAccept
1785414459223,false,1785414459403,LeaderAccept
1785414459248,false,1785414459429,LeaderAccept
1785414459275,false,1785414459455,LeaderAccept
1785414459302,true,1785414459482,LeaderAccept
1785414459330,false,1785414459510,LeaderAccept
1785414459357,false,1785414459538,LeaderAccept
1785414459386,false,1785414459566,LeaderAccept
1785414459414,false,1785414459594,LeaderAccept
1785414459443,true,1785414459623,LeaderAccept
1785414459471,true,1785414459652,LeaderAccept
1785414459501,false,1785414459681,LeaderAccept
1785414459530,true,1785414459710,LeaderAccept
1785414459560,false,1785414459741,LeaderAccept
1785414459592,true,1785414459772,LeaderAccept
1785414459622,true,1785414459803,LeaderAccept
1785414459653,true,1785414459834,LeaderAccept
1785414459686,true,1785414459866,LeaderAccept
1785414459718,true,1785414459899,LeaderAccept
1785414459751,false,1785414459931,LeaderAccept
1785414459784,false,1785414459964,LeaderAccept
1785414459819,false,1785414460000,LeaderAccept
1785414459854,false,1785414460035,LeaderAccept
1785414459890,true,1785414460071,LeaderAccept
1785414459926,true,1785414460106,LeaderAccept
1785414459963,true,1785414460144,LeaderAccept
1785414460001,false,1785414460182,LeaderAccept
1785414460040,true,1785414460221,LeaderAccept
1785414460079,true,1785414460260,LeaderAccept
1785414460119,true,1785414460300,LeaderAccept
1785414460159,false,1785414460340,LeaderAccept
1785414460201,false,1785414460381,LeaderAccept
1785414460243,false,1785414460423,LeaderAccept
1785414460286,true,1785414460467,LeaderAccept
1785414460330,false,1785414460510,LeaderAccept
1785414460374,true,1785414460555,LeaderAccept
1785414460420,false,1785414460601,LeaderAccept
1785414460467,true,1785414460648,LeaderAccept
1785414460514,false,1785414460696,LeaderAccept
1785414460563,true,1785414460745,LeaderAccept
1785414460614,false,1785414460795,LeaderAccept
1785414460666,true,1785414460847,LeaderAccept
1785414460719,true,1785414460900,LeaderAccept
1785414460774,true,1785414460954,LeaderAccept
1785414460829,true,1785414461011,LeaderAccept
1785414460887,false,1785414461068,LeaderAccept
1785414460945,true,1785414461126,LeaderAccept
1785414461006,true,1785414461187,LeaderAccept
1785414461069,true,1785414461250,LeaderAccept
1785414461133,false,1785414461314,LeaderAccept
1785414461199,true,1785414461380,LeaderAccept
1785414461267,false,1785414461448,LeaderAccept
1785414461338,true,1785414461519,LeaderAccept
1785414461412,false,1785414461593,LeaderAccept
1785414461488,false,1785414461668,LeaderAccept
1785414461566,false,1785414461747,LeaderAccept
1785414461648,true,1785414461830,LeaderAccept
1785414461734,true,1785414461915,LeaderAccept
1785414461822,false,1785414462003,LeaderAccept
1785414461916,true,1785414462097,LeaderAccept
1785414462014,false,1785414462195,LeaderAccept
1785414462117,false,1785414462298,LeaderAccept
1785414462224,true,1785414462405,LeaderAccept
1785414462338,true,1785414462519,LeaderAccept
1785414462459,true,1785414462639,LeaderAccept
1785414462586,false,1785414462767,LeaderAccept
1785414462723,true,1785414462903,LeaderAccept
1785414462868,false,1785414463049,LeaderAccept
1785414463025,false,1785414463206,LeaderAccept
1785414463194,false,1785414463375,LeaderAccept
1785414463378,false,1785414463559,LeaderAccept
1785414463580,true,1785414463760,LeaderAccept
1785414463802,false,1785414463983,LeaderAccept
1785414464051,true,1785414464232,LeaderAccept
1785414464333,false,1785414464514,LeaderAccept
1785414464657,false,1785414464838,LeaderAccept
1785414465037,true,1785414465218,LeaderAccept
1785414465498,true,1785414465679,LeaderAccept
1785414466077,true,1785414466258,LeaderAccept
1785414466850,false,1785414467031,LeaderAccept
1785414467987,false,1785414468168,LeaderAccept
1785414469993,false,1785414470174,LeaderAccept
1785414475463,true,1785414475643,LeaderAccept
1785414500052,true,1785414500214,FastAccept
1785414500069,false,1785414500232,FastAccept
1785414500086,false,1785414500249,FastAccept
1785414500104,false,1785414500266,FastAccept
1785414500121,true,1785414500284,FastAccept
1785414500138,true,1785414500366,FastAccept
1785414500156,false,1785414500366,FastAccept
1785414500174,true,1785414500366,FastAccept
1785414500191,false,1785414500366,FastAccept
1785414500210,false,1785414500372,FastAccept
1785414500227,false,1785414500390,FastAccept
1785414500246,true,1785414500408,FastAccept
1785414500265,true,1785414500427,FastAccept
1785414500283,true,1785414500446,FastAccept
1785414500303,false,1785414500465,FastAccept
1785414500322,true,1785414500485,FastAccept
1785414500342,true,1785414500504,FastAccept
1785414500362,false,1785414500524,FastAccept
1785414500381,false,1785414500544,FastAccept
1785414500401,true,1785414500564,FastAccept
1785414500421,true,1785414500584,FastAccept
1785414500442,false,1785414500604,FastAccept
1785414500462,false,1785414500625,FastAccept
1785414500483,true,1785414500645,FastAccept
1785414500503,false,1785414500666,FastAccept
1785414500524,false,1785414500687,FastAccept
1785414500546,false,1785414500708,FastAccept
1785414500566,false,1785414500729,FastAccept
1785414500588,true,1785414500751,FastAccept
1785414500611,false,1785414500774,FastAccept
1785414500634,true,1785414500796,FastAccept
1785414500657,true,1785414500819,FastAccept
1785414500680,true,1785414500843,FastAccept
1785414500703,true,1785414500866,FastAccept
1785414500726,false,1785414500889,FastAccept
1785414500749,false,1785414500912,FastAccept
1785414500772,false,1785414500935,FastAccept
1785414500796,true,1785414500959,FastAccept
1785414500821,false,1785414500983,FastAccept
1785414500845,true,1785414501008,FastAccept
1785414500870,false,1785414501032,FastAccept
1785414500895,true,1785414501058,FastAccept
1785414500921,true,1785414501083,FastAccept
1785414500947,false,1785414501110,FastAccept
1785414500973,true,1785414501136,FastAccept
1785414500999,false,1785414501162,FastAccept
1785414501027,true,1785414501190,FastAccept
1785414501053,true,1785414501216,FastAccept
1785414501081,false,1785414501244,FastAccept
1785414501108,false,1785414501271,FastAccept
1785414501136,false,1785414501299,FastAccept
1785414501164,false,1785414501327,FastAccept
1785414501194,false,1785414501357,FastAccept
1785414501224,true,1785414501387,FastAccept
1785414501253,true,1785414501416,FastAccept
1785414501284,false,1785414501446,FastAccept
1785414501315,false,1785414501477,FastAccept
1785414501346,false,1785414501509,FastAccept
1785414501378,true,1785414501540,FastAccept
1785414501410,true,1785414501573,FastAccept
1785414501443,false,1785414501606,FastAccept
1785414501477,true,1785414501640,FastAccept
1785414501511,false,1785414501674,FastAccept
1785414501545,false,1785414501707,FastAccept
1785414501579,false,1785414501742,FastAccept
1785414501615,true,1785414501778,FastAccept
1785414501651,false,1785414501814,FastAccept
1785414501688,true,1785414501851,FastAccept
1785414501725,false,1785414501887,FastAccept
1785414501762,true,1785414501925,FastAccept
1785414501801,true,1785414501964,FastAccept
1785414501841,false,1785414502004,FastAccept
1785414501882,true,1785414502045,FastAccept
1785414501923,true,1785414502085,FastAccept
1785414501965,false,1785414502128,FastAccept
1785414502007,false,1785414502170,FastAccept
1785414502051,false,1785414502214,FastAccept
1785414502095,true,1785414502258,FastAccept
1785414502141,true,1785414502304,FastAccept
1785414502188,false,1785414502351,FastAccept
1785414502236,true,1785414502399,FastAccept
1785414502285,true,1785414502447,FastAccept
1785414502335,false,1785414502498,FastAccept
1785414502387,true,1785414502550,FastAccept
1785414502440,true,1785414502602,FastAccept
1785414502493,true,1785414502656,FastAccept
1785414502549,true,1785414502711,FastAccept
1785414502606,true,1785414502768,FastAccept
1785414502663,true,1785414502826,FastAccept
1785414502724,false,1785414502886,FastAccept
1785414502785,false,1785414502948,FastAccept
1785414502848,true,1785414503011,FastAccept
1785414502913,true,1785414503076,FastAccept
1785414502982,false,1785414503145,FastAccept
1785414503052,false,1785414503214,FastAccept
1785414503123,false,1785414503286,FastAccept
1785414503199,true,1785414503361,FastAccept
1785414503277,false,1785414503439,FastAccept
1785414503358,true,1785414503521,FastAccept
1785414503441,true,1785414503604,FastAccept
1785414503530,false,1785414503693,FastAccept
1785414503621,false,1785414503784,FastAccept
1785414503718,false,1785414503881,FastAccept
1785414503819,true,1785414503981,FastAccept
1785414503925,false,1785414504087,FastAccept
1785414504037,false,1785414504199,FastAccept
1785414504155,false,1785414504318,FastAccept
1785414504280,true,1785414504442,FastAccept
1785414504412,true,1785414504575,FastAccept
1785414504555,false,1785414504718,FastAccept
1785414504707,false,1785414504869,FastAccept
1785414504871,true,1785414505033,FastAccept
1785414505049,true,1785414505211,FastAccept
1785414505244,false,1785414505407,FastAccept
1785414505459,false,1785414505622,FastAccept
1785414505698,true,1785414505861,FastAccept
1785414505967,false,1785414506130,FastAccept
1785414506274,true,1785414506437,FastAccept
1785414506633,false,1785414506796,FastAccept
1785414507062,true,1785414507225,FastAccept
1785414507593,true,1785414507755,FastAccept
1785414508284,false,1785414508473,LeaderAccept
1785414509261,true,1785414509450,LeaderAccept
1785414510852,false,1785414511041,LeaderAccept
1785414514374,false,1785414514563,LeaderAccept
1785414534874,true,1785414535063,LeaderAccept
1785414540276,true,1785414540465,LeaderAccept
1785414540297,false,1785414540485,LeaderAccept
1785414540318,false,1785414540507,LeaderAccept
1785414540338,false,1785414540527,LeaderAccept
1785414540359,false,1785414540548,LeaderAccept
1785414540381,true,1785414540569,LeaderAccept
1785414540403,false,1785414540592,LeaderAccept
1785414540425,false,1785414540614,LeaderAccept
1785414540447,true,1785414540636,LeaderAccept
1785414540469,false,1785414540658,LeaderAccept
1785414540491,true,1785414540680,LeaderAccept
1785414540514,false,1785414540703,LeaderAccept
1785414540538,false,1785414540727,LeaderAccept
1785414540561,false,1785414540750,LeaderAccept
1785414540585,false,1785414540774,LeaderAccept
1785414540608,false,1785414540797,LeaderAccept
1785414540633,false,1785414540821,LeaderAccept
1785414540658,false,1785414540847,LeaderAccept
1785414540683,false,1785414540871,LeaderAccept
1785414540707,true,1785414540896,LeaderAccept
1785414540733,true,1785414540922,LeaderAccept
1785414540759,false,1785414540949,LeaderAccept
1785414540786,false,1785414540976,LeaderAccept
1785414540813,true,1785414541002,LeaderAccept
1785414540840,true,1785414541029,LeaderAccept
1785414540866,false,1785414541055,LeaderAccept
1785414540894,false,1785414541082,LeaderAccept
1785414540922,true,1785414541110,LeaderAccept
1785414540950,false,1785414541138,LeaderAccept
1785414540979,false,1785414541168,LeaderAccept
1785414541008,true,1785414541196,LeaderAccept
1785414541038,false,1785414541226,LeaderAccept
1785414541067,true,1785414541256,LeaderAccept
1785414541098,false,1785414541287,LeaderAccept
1785414541129,true,1785414541318,LeaderAccept
1785414541160,false,1785414541349,LeaderAccept
1785414541191,true,1785414541381,LeaderAccept
1785414541224,true,1785414541412,LeaderAccept
1785414541257,false,1785414541445,LeaderAccept
1785414541290,false,1785414541478,LeaderAccept
1785414541323,true,1785414541512,LeaderAccept
1785414541358,true,1785414541546,LeaderAccept
1785414541393,false,1785414541582,LeaderAccept
1785414541428,true,1785414541618,LeaderAccept
1785414541464,false,1785414541654,LeaderAccept
1785414541501,false,1785414541690,LeaderAccept
1785414541539,false,1785414541728,LeaderAccept
1785414541577,false,1785414541766,LeaderAccept
1785414541616,false,1785414541805,LeaderAccept
1785414541656,false,1785414541846,LeaderAccept
1785414541696,false,1785414541885,LeaderAccept
1785414541738,false,1785414541927,LeaderAccept
1785414541780,false,1785414541969,LeaderAccept
1785414541823,true,1785414542012,LeaderAccept
1785414541867,true,1785414542056,LeaderAccept
1785414541911,false,1785414542100,LeaderAccept
1785414541957,false,1785414542146,LeaderAccept
1785414542004,true,1785414542194,LeaderAccept
1785414542052,true,1785414542241,LeaderAccept
1785414542100,false,1785414542289,LeaderAccept
1785414542151,true,1785414542340,LeaderAccept
1785414542202,true,1785414542392,LeaderAccept
1785414542255,true,1785414542444,LeaderAccept
1785414542310,true,1785414542499,LeaderAccept
1785414542366,false,1785414542555,LeaderAccept
1785414542423,true,1785414542612,LeaderAccept
1785414542481,true,1785414542671,LeaderAccept
1785414542542,false,1785414542731,LeaderAccept
1785414542604,false,1785414542793,LeaderAccept
1785414542668,true,1785414542858,LeaderAccept
1785414542735,false,1785414542923,LeaderAccept
1785414542803,false,1785414542992,LeaderAccept
1785414542874,true,1785414543063,LeaderAccept
1785414542947,true,1785414543136,LeaderAccept
1785414543022,false,1785414543211,LeaderAccept
1785414543100,false,1785414543289,LeaderAccept
1785414543182,true,1785414543371,LeaderAccept
1785414543268,true,1785414543456,LeaderAccept
1785414543357,false,1785414543546,LeaderAccept
1785414543450,true,1785414543639,LeaderAccept
1785414543547,false,1785414543736,LeaderAccept
1785414543649,true,1785414543838,LeaderAccept
1785414543755,true,1785414543944,LeaderAccept
1785414543869,false,1785414544058,LeaderAccept
1785414543988,true,1785414544178,LeaderAccept
1785414544115,true,1785414544305,LeaderAccept
1785414544250,false,1785414544439,LeaderAccept
1785414544395,false,1785414544584,LeaderAccept
1785414544551,false,1785414544740,LeaderAccept
1785414544718,false,1785414544908,LeaderAccept
1785414544901,true,1785414545090,LeaderAccept
1785414545101,true,1785414545290,LeaderAccept
1785414545320,false,1785414545510,LeaderAccept
1785414545566,true,1785414545755,LeaderAccept
1785414545844,true,1785414546032,LeaderAccept
1785414546163,true,1785414546352,LeaderAccept
1785414546536,true,1785414546726,LeaderAccept
1785414546987,false,1785414547176,LeaderAccept
1785414547551,true,1785414547741,LeaderAccept
1785414548298,true,1785414548486,LeaderAccept
1785414549382,true,1785414549571,LeaderAccept
1785414551245,false,1785414551434,LeaderAccept
1785414555974,false,1785414556163,LeaderAccept
1785414563035,false,1785414563224,LeaderAccept
1785414563053,true,1785414563241,LeaderAccept
1785414563071,false,1785414563260,LeaderAccept
1785414563088,false,1785414563277,LeaderAccept
1785414563107,true,1785414563295,LeaderAccept
1785414563125,false,1785414563314,LeaderAccept
1785414563142,true,1785414563331,LeaderAccept
1785414563161,false,1785414563350,LeaderAccept
1785414563179,false,1785414563367,LeaderAccept
1785414563197,false,1785414563386,LeaderAccept
1785414563216,false,1785414563405,LeaderAccept
1785414563234,true,1785414563423,LeaderAccept
1785414563253,true,1785414563442,LeaderAccept
1785414563273,false,1785414563462,LeaderAccept
1785414563292,true,1785414563480,LeaderAccept
1785414563312,false,1785414563500,LeaderAccept
1785414563331,true,1785414563520,LeaderAccept
1785414563351,false,1785414563539,LeaderAccept
1785414563370,true,1785414563559,LeaderAccept
1785414563391,false,1785414563579,LeaderAccept
1785414563411,false,1785414563599,LeaderAccept
1785414563432,false,1785414563620,LeaderAccept
1785414563453,true,1785414563641,LeaderAccept
1785414563474,false,1785414563662,LeaderAccept
1785414563494,true,1785414563684,LeaderAccept
1785414563516,false,1785414563705,LeaderAccept
1785414563538,true,1785414563727,LeaderAccept
1785414563560,false,1785414563748,LeaderAccept
1785414563581,true,1785414563770,LeaderAccept
1785414563604,true,1785414563793,LeaderAccept
1785414563626,false,1785414563815,LeaderAccept
1785414563650,true,1785414563838,LeaderAccept
1785414563673,true,1785414563862,LeaderAccept
1785414563696,false,1785414563885,LeaderAccept
1785414563720,false,1785414563909,LeaderAccept
1785414563743,false,1785414563931,LeaderAccept
1785414563768,true,1785414563957,LeaderAccept
1785414563793,false,1785414563981,LeaderAccept
1785414563818,false,1785414564007,LeaderAccept
1785414563843,true,1785414564031,LeaderAccept
1785414563868,false,1785414564056,LeaderAccept
1785414563894,true,1785414564082,LeaderAccept
1785414563919,false,1785414564108,LeaderAccept
1785414563945,false,1785414564134,LeaderAccept
1785414563972,false,1785414564160,LeaderAccept
1785414563998,false,1785414564187,LeaderAccept
1785414564026,false,1785414564214,LeaderAccept
1785414564054,false,1785414564242,LeaderAccept
1785414564081,true,1785414564270,LeaderAccept
1785414564110,true,1785414564299,LeaderAccept
1785414564139,true,1785414564327,LeaderAccept
1785414564169,false,1785414564356,LeaderAccept
1785414564199,false,1785414564388,LeaderAccept
1785414564230,false,1785414564418,LeaderAccept
1785414564260,true,1785414564449,LeaderAccept
1785414564291,false,1785414564480,LeaderAccept
1785414564323,false,1785414564511,LeaderAccept
1785414564355,true,1785414564543,LeaderAccept
1785414564387,true,1785414564575,LeaderAccept
1785414564420,false,1785414564608,LeaderAccept
1785414564453,false,1785414564641,LeaderAccept
1785414564486,true,1785414564675,LeaderAccept
1785414564521,true,1785414564709,LeaderAccept
1785414564555,false,1785414564744,LeaderAccept
1785414564590,true,1785414564779,LeaderAccept
1785414564627,true,1785414564816,LeaderAccept
1785414564664,true,1785414564852,LeaderAccept
1785414564702,false,1785414564890,LeaderAccept
1785414564740,false,1785414564929,LeaderAccept
1785414564779,false,1785414564968,LeaderAccept
1785414564819,true,1785414565008,LeaderAccept
1785414564859,true,1785414565048,LeaderAccept
1785414564900,false,1785414565089,LeaderAccept
1785414564943,false,1785414565131,LeaderAccept
1785414564986,true,1785414565175,LeaderAccept
1785414565030,true,1785414565219,LeaderAccept
1785414565075,true,1785414565264,LeaderAccept
1785414565121,true,1785414565310,LeaderAccept
1785414565167,true,1785414565356,LeaderAccept
1785414565216,false,1785414565405,LeaderAccept
1785414565266,false,1785414565455,LeaderAccept
1785414565317,false,1785414565506,LeaderAccept
1785414565368,true,1785414565557,LeaderAccept
1785414565422,true,1785414565611,LeaderAccept
1785414565477,true,1785414565666,LeaderAccept
1785414565532,false,1785414565721,LeaderAccept
1785414565590,true,1785414565778,LeaderAccept
1785414565649,false,1785414565837,LeaderAccept
1785414565709,false,1785414565898,LeaderAccept
1785414565772,false,1785414565960,LeaderAccept
1785414565836,true,1785414566026,LeaderAccept
1785414565903,true,1785414566091,LeaderAccept
1785414565972,false,1785414566160,LeaderAccept
1785414566043,true,1785414566231,LeaderAccept
1785414566117,false,1785414566306,LeaderAccept
1785414566193,true,1785414566382,LeaderAccept
1785414566272,false,1785414566460,LeaderAccept
1785414566355,false,1785414566544,LeaderAccept
1785414566441,true,1785414566630,LeaderAccept
1785414566531,false,1785414566720,LeaderAccept
1785414566624,true,1785414566813,LeaderAccept
1785414566723,false,1785414566912,LeaderAccept
1785414566826,false,1785414567016,LeaderAccept
1785414566935,false,1785414567123,LeaderAccept
1785414567049,false,1785414567238,LeaderAccept
1785414567170,true,1785414567359,LeaderAccept
1785414567299,false,1785414567488,LeaderAccept
1785414567436,false,1785414567624,LeaderAccept
1785414567583,false,1785414567772,LeaderAccept
1785414567741,false,1785414567929,LeaderAccept
1785414567911,true,1785414568100,LeaderAccept
1785414568097,true,1785414568286,LeaderAccept
1785414568301,true,1785414568490,LeaderAccept
1785414568527,false,1785414568716,LeaderAccept
1785414568780,false,1785414568968,LeaderAccept
1785414569066,true,1785414569255,LeaderAccept
1785414569395,false,1785414569585,LeaderAccept
1785414569785,true,1785414569974,LeaderAccept
1785414570257,false,1785414570446,LeaderAccept
1785414570855,true,1785414571044,LeaderAccept
1785414571660,true,1785414571849,LeaderAccept
1785414572863,false,1785414573052,LeaderAccept
1785414575057,true,1785414575216,FastAccept
1785414581631,false,1785414581820,LeaderAccept
1785414611851,true,1785414612034,LeaderAccept
1785414611865,false,1785414612048,LeaderAccept
1785414611880,true,1785414612062,LeaderAccept
1785414611895,true,1785414612078,LeaderAccept
1785414611909,true,1785414612092,LeaderAccept
1785414611925,false,1785414612108,LeaderAccept
1785414611940,true,1785414612122,LeaderAccept
1785414611954,true,1785414612137,LeaderAccept
1785414611969,false,1785414612152,LeaderAccept
1785414611985,false,1785414612167,LeaderAccept
1785414612000,false,1785414612182,LeaderAccept
1785414612016,true,1785414612198,LeaderAccept
1785414612032,true,1785414612214,LeaderAccept
1785414612048,false,1785414612230,LeaderAccept
1785414612063,false,1785414612246,LeaderAccept
1785414612079,false,1785414612261,LeaderAccept
1785414612096,true,1785414612279,LeaderAccept
1785414612113,true,1785414612296,LeaderAccept
1785414612130,true,1785414612312,LeaderAccept
1785414612147,true,1785414612329,LeaderAccept
1785414612164,true,1785414612347,LeaderAccept
1785414612181,false,1785414612363,LeaderAccept
1785414612198,false,1785414612380,LeaderAccept
1785414612214,false,1785414612396,LeaderAccept
1785414612231,true,1785414612414,LeaderAccept
1785414612249,false,1785414612431,LeaderAccept
1785414612266,true,1785414612449,LeaderAccept
1785414612285,true,1785414612468,LeaderAccept
1785414612303,false,1785414612485,LeaderAccept
1785414612320,true,1785414612503,LeaderAccept
1785414612339,true,1785414612521,LeaderAccept
1785414612357,true,1785414612540,LeaderAccept
1785414612376,false,1785414612559,LeaderAccept
1785414612394,true,1785414612577,LeaderAccept
1785414612414,true,1785414612596,LeaderAccept
1785414612432,false,1785414612615,LeaderAccept
1785414612451,false,1785414612633,LeaderAccept
1785414612471,false,1785414612653,LeaderAccept
1785414612490,true,1785414612672,LeaderAccept
1785414612510,true,1785414612692,LeaderAccept
1785414612530,true,1785414612713,LeaderAccept
1785414612550,true,1785414612733,LeaderAccept
1785414612570,true,1785414612752,LeaderAccept
1785414612591,false,1785414612773,LeaderAccept
1785414612611,false,1785414612794,LeaderAccept
1785414612632,false,1785414612815,LeaderAccept
1785414612653,false,1785414612836,LeaderAccept
1785414612675,false,1785414612857,LeaderAccept
1785414612695,true,1785414612878,LeaderAccept
1785414612718,false,1785414612900,LeaderAccept
1785414612740,false,1785414612922,LeaderAccept
1785414612761,true,1785414612944,LeaderAccept
1785414612783,true,1785414612966,LeaderAccept
1785414612806,false,1785414612989,LeaderAccept
1785414612829,false,1785414613012,LeaderAccept
1785414612852,true,1785414613035,LeaderAccept
1785414612876,false,1785414613058,LeaderAccept
1785414612898,false,1785414613081,LeaderAccept
1785414612922,false,1785414613104,LeaderAccept
1785414612945,true,1785414613128,LeaderAccept
1785414612969,false,1785414613152,LeaderAccept
1785414612994,true,1785414613177,LeaderAccept
1785414613019,true,1785414613202,LeaderAccept
1785414613043,true,1785414613226,LeaderAccept
1785414613069,true,1785414613251,LeaderAccept
1785414613095,true,1785414613277,LeaderAccept
1785414613121,true,1785414613303,LeaderAccept
1785414613148,false,1785414613331,LeaderAccept
1785414613174,true,1785414613357,LeaderAccept
1785414613202,true,1785414613385,LeaderAccept
1785414613230,false,1785414613413,LeaderAccept
1785414613258,false,1785414613441,LeaderAccept
1785414613285,true,1785414613468,LeaderAccept
1785414613313,true,1785414613496,LeaderAccept
1785414613343,true,1785414613525,LeaderAccept
1785414613372,false,1785414613555,LeaderAccept
1785414613401,false,1785414613584,LeaderAccept
1785414613432,false,1785414613615,LeaderAccept
1785414613463,true,1785414613646,LeaderAccept
1785414613495,false,1785414613677,LeaderAccept
1785414613526,false,1785414613709,LeaderAccept
1785414613559,false,1785414613741,LeaderAccept
1785414613592,false,1785414613775,LeaderAccept
1785414613625,false,1785414613808,LeaderAccept
1785414613658,false,1785414613841,LeaderAccept
1785414613693,true,1785414613875,LeaderAccept
1785414613728,false,1785414613911,LeaderAccept
1785414613763,false,1785414613946,LeaderAccept
1785414613800,false,1785414613983,LeaderAccept
1785414613836,false,1785414614019,LeaderAccept
1785414613873,true,1785414614056,LeaderAccept
1785414613912,true,1785414614095,LeaderAccept
1785414613950,true,1785414614133,LeaderAccept
1785414613990,true,1785414614173,LeaderAccept
1785414614030,false,1785414614212,LeaderAccept
1785414614070,false,1785414614253,LeaderAccept
1785414614113,false,1785414614296,LeaderAccept
1785414614155,false,1785414614338,LeaderAccept
1785414614199,false,1785414614381,LeaderAccept
1785414614244,false,1785414614427,LeaderAccept
1785414614288,false,1785414614471,LeaderAccept
1785414614335,false,1785414614518,LeaderAccept
1785414614383,false,1785414614565,LeaderAccept
1785414614432,false,1785414614614,LeaderAccept
1785414614481,true,1785414614664,LeaderAccept
1785414614533,true,1785414614716,LeaderAccept
1785414614585,true,1785414614768,LeaderAccept
1785414614639,false,1785414614822,LeaderAccept
1785414614693,false,1785414614877,LeaderAccept
1785414614749,true,1785414614932,LeaderAccept
1785414614808,true,1785414614991,LeaderAccept
1785414614868,false,1785414615051,LeaderAccept
1785414614930,true,1785414615112,LeaderAccept
1785414614994,false,1785414615177,LeaderAccept
1785414615060,false,1785414615242,LeaderAccept
1785414615127,true,1785414615310,LeaderAccept
1785414615197,false,1785414615380,LeaderAccept
1785414615269,false,1785414615452,LeaderAccept
1785414615344,true,1785414615527,LeaderAccept
1785414615423,false,1785414615605,LeaderAccept
1785414615504,false,1785414615687,LeaderAccept
1785414615588,false,1785414615771,LeaderAccept
1785414615676,true,1785414615860,LeaderAccept
1785414615768,false,1785414615951,LeaderAccept
1785414615865,true,1785414616047,LeaderAccept
1785414615966,false,1785414616149,LeaderAccept
1785414616071,false,1785414616254,LeaderAccept
1785414616184,false,1785414616367,LeaderAccept
1785414616302,false,1785414616484,LeaderAccept
1785414616426,false,1785414616609,LeaderAccept
1785414616559,true,1785414616742,LeaderAccept
1785414616701,false,1785414616884,LeaderAccept
1785414616854,false,1785414617037,LeaderAccept
1785414617018,true,1785414617201,LeaderAccept
1785414617196,false,1785414617379,LeaderAccept
1785414617391,false,1785414617574,LeaderAccept
1785414617607,false,1785414617790,LeaderAccept
1785414617847,true,1785414618030,LeaderAccept
1785414618116,false,1785414618299,LeaderAccept
1785414618424,true,1785414618608,LeaderAccept
1785414618784,false,1785414618968,LeaderAccept
1785414619215,true,1785414619398,LeaderAccept
1785414619749,false,1785414619932,LeaderAccept
1785414620445,false,1785414620628,LeaderAccept
1785414621432,false,1785414621615,LeaderAccept
1785414623045,false,1785414623228,LeaderAccept
1785414626662,true,1785414626821,FastAccept
1785414648715,true,1785414648894,LeaderAccept
1785414659222,true,1785414659402,LeaderAccept
1785414659241,true,1785414659420,LeaderAccept
1785414659259,true,1785414659438,LeaderAccept
1785414659277,false,1785414659456,LeaderAccept
1785414659296,true,1785414659474,LeaderAccept
1785414659315,false,1785414659494,LeaderAccept
1785414659333,true,1785414659512,LeaderAccept
1785414659353,true,1785414659532,LeaderAccept
1785414659372,true,1785414659551,LeaderAccept
1785414659391,true,1785414659571,LeaderAccept
1785414659411,true,1785414659590,LeaderAccept
1785414659430,true,1785414659609,LeaderAccept
1785414659451,true,1785414659629,LeaderAccept
1785414659470,false,1785414659649,LeaderAccept
1785414659490,false,1785414659669,LeaderAccept
1785414659512,true,1785414659691,LeaderAccept
1785414659533,true,1785414659711,LeaderAccept
1785414659553,true,1785414659732,LeaderAccept
1785414659575,false,1785414659753,LeaderAccept
1785414659597,false,1785414659775,LeaderAccept
1785414659619,false,1785414659798,LeaderAccept
1785414659641,false,1785414659819,LeaderAccept
1785414659662,false,1785414659841,LeaderAccept
1785414659684,false,1785414659863,LeaderAccept
1785414659707,true,1785414659886,LeaderAccept
1785414659730,false,1785414659908,LeaderAccept
1785414659753,false,1785414659931,LeaderAccept
1785414659776,false,1785414659955,LeaderAccept
1785414659800,true,1785414659978,LeaderAccept
1785414659823,true,1785414660002,LeaderAccept
1785414659847,false,1785414660026,LeaderAccept
1785414659872,true,1785414660050,LeaderAccept
1785414659897,true,1785414660076,LeaderAccept
1785414659922,false,1785414660100,LeaderAccept
1785414659947,false,1785414660125,LeaderAccept
1785414659973,false,1785414660151,LeaderAccept
1785414659999,false,1785414660177,LeaderAccept
1785414660025,true,1785414660203,LeaderAccept
1785414660051,true,1785414660230,LeaderAccept
1785414660079,true,1785414660257,LeaderAccept
1785414660106,false,1785414660284,LeaderAccept
1785414660133,false,1785414660312,LeaderAccept
1785414660161,true,1785414660340,LeaderAccept
1785414660190,true,1785414660369,LeaderAccept
1785414660218,false,1785414660397,LeaderAccept
1785414660248,true,1785414660427,LeaderAccept
1785414660277,false,1785414660456,LeaderAccept
1785414660308,false,1785414660487,LeaderAccept
1785414660338,false,1785414660516,LeaderAccept
1785414660370,false,1785414660548,LeaderAccept
1785414660402,true,1785414660580,LeaderAccept
1785414660434,true,1785414660612,LeaderAccept
1785414660467,true,1785414660646,LeaderAccept
1785414660499,false,1785414660678,LeaderAccept
1785414660533,true,1785414660711,LeaderAccept
1785414660567,true,1785414660745,LeaderAccept
1785414660602,true,1785414660780,LeaderAccept
1785414660637,false,1785414660816,LeaderAccept
1785414660673,true,1785414660852,LeaderAccept
1785414660710,false,1785414660888,LeaderAccept
1785414660747,true,1785414660925,LeaderAccept
1785414660784,false,1785414660963,LeaderAccept
1785414660823,true,1785414661002,LeaderAccept
1785414660861,true,1785414661040,LeaderAccept
1785414660900,false,1785414661079,LeaderAccept
1785414660941,true,1785414661120,LeaderAccept
1785414660982,true,1785414661161,LeaderAccept
1785414661025,false,1785414661204,LeaderAccept
1785414661068,true,1785414661246,LeaderAccept
1785414661111,true,1785414661290,LeaderAccept
1785414661156,false,1785414661335,LeaderAccept
1785414661203,true,1785414661381,LeaderAccept
1785414661250,true,1785414661429,LeaderAccept
1785414661297,false,1785414661476,LeaderAccept
1785414661347,false,1785414661526,LeaderAccept
1785414661397,true,1785414661576,LeaderAccept
1785414661449,true,1785414661627,LeaderAccept
1785414661501,false,1785414661680,LeaderAccept
1785414661556,true,1785414661734,LeaderAccept
1785414661612,true,1785414661791,LeaderAccept
1785414661670,true,1785414661849,LeaderAccept
1785414661729,false,1785414661907,LeaderAccept
1785414661790,false,1785414661968,LeaderAccept
1785414661853,false,1785414662032,LeaderAccept
1785414661918,true,1785414662096,LeaderAccept
1785414661985,true,1785414662164,LeaderAccept
1785414662054,true,1785414662233,LeaderAccept
1785414662126,false,1785414662304,LeaderAccept
1785414662200,true,1785414662379,LeaderAccept
1785414662277,true,1785414662456,LeaderAccept
1785414662357,false,1785414662536,LeaderAccept
1785414662440,false,1785414662619,LeaderAccept
1785414662526,false,1785414662705,LeaderAccept
1785414662617,true,1785414662796,LeaderAccept
1785414662711,true,1785414662890,LeaderAccept
1785414662810,true,1785414662989,LeaderAccept
1785414662913,false,1785414663092,LeaderAccept
1785414663023,true,1785414663202,LeaderAccept
1785414663138,false,1785414663317,LeaderAccept
1785414663260,false,1785414663439,LeaderAccept
1785414663389,true,1785414663568,LeaderAccept
1785414663527,false,1785414663707,LeaderAccept
1785414663675,false,1785414663854,LeaderAccept
1785414663834,true,1785414664013,LeaderAccept
1785414664005,false,1785414664184,LeaderAccept
1785414664193,false,1785414664371,LeaderAccept
1785414664398,true,1785414664577,LeaderAccept
1785414664626,true,1785414664805,LeaderAccept
1785414664880,true,1785414665060,LeaderAccept
1785414665170,true,1785414665349,LeaderAccept
1785414665504,false,1785414665684,LeaderAccept
1785414665900,false,1785414666079,LeaderAccept
1785414666380,true,1785414666559,LeaderAccept
1785414666992,true,1785414667171,LeaderAccept
1785414667822,false,1785414668001,LeaderAccept
1785414669078,true,1785414669237,FastAccept
1785414671430,true,1785414671589,FastAccept
1785414679053,true,1785414679232,LeaderAccept
1785414694635,false,1785414694794,FastAccept
1785414694658,true,1785414694816,FastAccept
1785414694680,true,1785414694838,FastAccept
1785414694702,true,1785414694861,FastAccept
1785414694725,true,1785414694883,FastAccept
1785414694747,false,1785414694938,FastAccept
1785414694770,false,1785414694938,FastAccept
1785414694794,true,1785414694952,FastAccept
1785414694818,true,1785414694976,FastAccept
1785414694841,true,1785414695001,FastAccept
1785414694866,true,1785414695025,FastAccept
1785414694890,false,1785414695048,FastAccept
1785414694915,true,1785414695073,FastAccept
1785414694939,true,1785414695098,FastAccept
1785414694964,true,1785414695122,FastAccept
1785414694990,true,1785414695148,FastAccept
1785414695015,true,1785414695174,FastAccept
1785414695042,true,1785414695200,FastAccept
1785414695068,true,1785414695226,FastAccept
1785414695095,true,1785414695254,FastAccept
1785414695122,false,1785414695280,FastAccept
1785414695150,true,1785414695308,FastAccept
1785414695178,true,1785414695336,FastAccept
1785414695207,false,1785414695365,FastAccept
1785414695236,true,1785414695394,FastAccept
1785414695265,true,1785414695423,FastAccept
1785414695295,true,1785414695453,FastAccept
1785414695324,false,1785414695482,FastAccept
1785414695355,false,1785414695513,FastAccept
1785414695385,true,1785414695544,FastAccept
1785414695416,true,1785414695574,FastAccept
1785414695448,true,1785414695606,FastAccept
1785414695480,true,1785414695638,FastAccept
1785414695513,true,1785414695671,FastAccept
1785414695546,false,1785414695704,FastAccept
1785414695580,false,1785414695738,FastAccept
1785414695613,true,1785414695771,FastAccept
1785414695648,true,1785414695807,FastAccept
1785414695683,false,1785414695842,FastAccept
1785414695719,true,1785414695878,FastAccept
1785414695756,false,1785414695914,FastAccept
1785414695793,true,1785414695952,FastAccept
1785414695832,true,1785414695990,FastAccept
1785414695871,false,1785414696029,FastAccept
1785414695910,false,1785414696069,FastAccept
1785414695951,false,1785414696109,FastAccept
1785414695991,false,1785414696150,FastAccept
1785414696034,false,1785414696192,FastAccept
1785414696077,false,1785414696235,FastAccept
1785414696121,false,1785414696280,FastAccept
1785414696165,true,1785414696324,FastAccept
1785414696211,false,1785414696369,FastAccept
1785414696257,true,1785414696416,FastAccept
1785414696304,false,1785414696463,FastAccept
1785414696352,false,1785414696511,FastAccept
1785414696402,true,1785414696561,FastAccept
1785414696453,true,1785414696612,FastAccept
1785414696506,true,1785414696664,FastAccept
1785414696559,true,1785414696718,FastAccept
1785414696615,true,1785414696773,FastAccept
1785414696671,false,1785414696830,FastAccept
1785414696730,true,1785414696888,FastAccept
1785414696790,false,1785414696949,FastAccept
1785414696853,false,1785414697011,FastAccept
1785414696917,false,1785414697075,FastAccept
1785414696982,true,1785414697141,FastAccept
1785414697051,false,1785414697209,FastAccept
1785414697121,false,1785414697280,FastAccept
1785414697194,false,1785414697353,FastAccept
1785414697270,true,1785414697428,FastAccept
1785414697348,true,1785414697507,FastAccept
1785414697430,false,1785414697588,FastAccept
1785414697515,true,1785414697673,FastAccept
1785414697603,true,1785414697762,FastAccept
1785414697695,false,1785414697854,FastAccept
1785414697792,true,1785414697950,FastAccept
1785414697894,true,1785414698052,FastAccept
1785414698001,false,1785414698182,LeaderAccept
1785414698113,false,1785414698295,LeaderAccept
1785414698232,false,1785414698411,LeaderAccept
1785414698358,false,1785414698538,LeaderAccept
1785414698493,false,1785414698672,LeaderAccept
1785414698637,false,1785414698816,LeaderAccept
1785414698792,false,1785414698971,LeaderAccept
1785414698959,false,1785414699138,LeaderAccept
1785414699140,false,1785414699319,LeaderAccept
1785414699337,false,1785414699516,LeaderAccept
1785414699556,true,1785414699735,LeaderAccept
1785414699800,true,1785414699979,LeaderAccept
1785414700075,false,1785414700254,LeaderAccept
1785414700391,true,1785414700570,LeaderAccept
1785414700760,true,1785414700939,LeaderAccept
1785414701204,true,1785414701383,LeaderAccept
1785414701757,false,1785414701937,LeaderAccept
1785414702488,true,1785414702667,LeaderAccept
1785414703539,true,1785414703717,LeaderAccept
1785414705316,true,1785414705495,LeaderAccept
1785414709639,true,1785414709818,LeaderAccept
1785414742308,false,1785414742467,FastAccept
1785414742343,false,1785414742502,FastAccept
1785414742380,true,1785414742566,SlowAccept
1785414742416,false,1785414742617,LeaderAccept
1785414742453,false,1785414742670,LeaderAccept
1785414742492,false,1785414742670,LeaderAccept
1785414742531,true,1785414742710,LeaderAccept
1785414742571,true,1785414742750,LeaderAccept
1785414742612,false,1785414742791,LeaderAccept
1785414742653,true,1785414742832,LeaderAccept
1785414742696,true,1785414742875,LeaderAccept
1785414742739,false,1785414742918,LeaderAccept
1785414742782,true,1785414742961,LeaderAccept
1785414742827,false,1785414743006,LeaderAccept
1785414742872,false,1785414743051,LeaderAccept
1785414742919,true,1785414743098,LeaderAccept
1785414742968,false,1785414743147,LeaderAccept
1785414743017,false,1785414743196,LeaderAccept
1785414743066,true,1785414743245,LeaderAccept
1785414743117,true,1785414743297,LeaderAccept
1785414743171,true,1785414743350,LeaderAccept
1785414743225,false,1785414743404,LeaderAccept
1785414743281,true,1785414743459,LeaderAccept
1785414743338,true,1785414743517,LeaderAccept
1785414743396,true,1785414743576,LeaderAccept
1785414743456,true,1785414743636,LeaderAccept
1785414743518,false,1785414743698,LeaderAccept
1785414743583,false,1785414743761,LeaderAccept
1785414743649,true,1785414743828,LeaderAccept
1785414743718,false,1785414743897,LeaderAccept
1785414743789,true,1785414743968,LeaderAccept
1785414743862,false,1785414744041,LeaderAccept
1785414743938,true,1785414744117,LeaderAccept
1785414744016,false,1785414744195,LeaderAccept
1785414744099,false,1785414744278,LeaderAccept
1785414744185,false,1785414744364,LeaderAccept
1785414744274,false,1785414744453,LeaderAccept
1785414744367,true,1785414744546,LeaderAccept
1785414744465,true,1785414744644,LeaderAccept
1785414744567,true,1785414744747,LeaderAccept
1785414744675,true,1785414744853,LeaderAccept
1785414744788,true,1785414744966,LeaderAccept
1785414744908,false,1785414745087,LeaderAccept
1785414745036,false,1785414745214,LeaderAccept
1785414745171,true,1785414745350,LeaderAccept
1785414745317,false,1785414745495,LeaderAccept
1785414745473,true,1785414745651,LeaderAccept
1785414745641,false,1785414745819,LeaderAccept
1785414745823,true,1785414746002,LeaderAccept
1785414746024,true,1785414746202,LeaderAccept
1785414746246,false,1785414746424,LeaderAccept
1785414746492,true,1785414746671,LeaderAccept
1785414746772,false,1785414746951,LeaderAccept
1785414747094,true,1785414747273,LeaderAccept
1785414747472,false,1785414747650,LeaderAccept
1785414747928,true,1785414748107,LeaderAccept
1785414748500,true,1785414748678,LeaderAccept
1785414749260,true,1785414749439,LeaderAccept
1785414750372,false,1785414750551,LeaderAccept
1785414752311,true,1785414752490,LeaderAccept
1785414757422,false,1785414757581,FastAccept
1785414766993,false,1785414767172,LeaderAccept
1785414767009,true,1785414767189,LeaderAccept
1785414767026,true,1785414767205,LeaderAccept
1785414767044,false,1785414767223,LeaderAccept
1785414767060,false,1785414767239,LeaderAccept
1785414767077,true,1785414767256,LeaderAccept
1785414767095,false,1785414767274,LeaderAccept
1785414767112,false,1785414767291,LeaderAccept
1785414767129,false,1785414767308,LeaderAccept
1785414767148,false,1785414767327,LeaderAccept
1785414767166,true,1785414767345,LeaderAccept
1785414767185,false,1785414767363,LeaderAccept
1785414767204,true,1785414767383,LeaderAccept
1785414767223,false,1785414767401,LeaderAccept
1785414767241,true,1785414767420,LeaderAccept
1785414767259,false,1785414767438,LeaderAccept
1785414767279,false,1785414767457,LeaderAccept
1785414767298,true,1785414767478,LeaderAccept
1785414767318,false,1785414767496,LeaderAccept
1785414767338,true,1785414767516,LeaderAccept
1785414767358,true,1785414767536,LeaderAccept
1785414767378,false,1785414767557,LeaderAccept
1785414767398,false,1785414767577,LeaderAccept
1785414767418,true,1785414767597,LeaderAccept
1785414767438,true,1785414767617,LeaderAccept
1785414767458,true,1785414767637,LeaderAccept
1785414767480,false,1785414767658,LeaderAccept
1785414767500,true,1785414767679,LeaderAccept
1785414767521,false,1785414767700,LeaderAccept
1785414767543,false,1785414767722,LeaderAccept
1785414767565,false,1785414767744,LeaderAccept
1785414767586,true,1785414767765,LeaderAccept
1785414767608,false,1785414767787,LeaderAccept
1785414767631,false,1785414767810,LeaderAccept
1785414767653,true,1785414767832,LeaderAccept
1785414767677,true,1785414767855,LeaderAccept
1785414767700,false,1785414767878,LeaderAccept
1785414767723,false,1785414767902,LeaderAccept
1785414767746,false,1785414767925,LeaderAccept
1785414767770,true,1785414767949,LeaderAccept
1785414767794,false,1785414767972,LeaderAccept
1785414767818,true,1785414767997,LeaderAccept
1785414767843,true,1785414768022,LeaderAccept
1785414767868,false,1785414768047,LeaderAccept
1785414767893,true,1785414768072,LeaderAccept
1785414767919,false,1785414768098,LeaderAccept
1785414767945,true,1785414768123,LeaderAccept
1785414767971,false,1785414768150,LeaderAccept
1785414767998,true,1785414768177,LeaderAccept
1785414768025,false,1785414768204,LeaderAccept
1785414768052,true,1785414768232,LeaderAccept
1785414768080,true,1785414768259,LeaderAccept
1785414768109,false,1785414768287,LeaderAccept
1785414768138,false,1785414768317,LeaderAccept
1785414768166,true,1785414768345,LeaderAccept
1785414768196,false,1785414768375,LeaderAccept
1785414768225,false,1785414768404,LeaderAccept
1785414768256,true,1785414768435,LeaderAccept
1785414768287,true,1785414768465,LeaderAccept
1785414768318,true,1785414768496,LeaderAccept
1785414768350,false,1785414768528,LeaderAccept
1785414768382,true,1785414768561,LeaderAccept
1785414768414,false,1785414768593,LeaderAccept
1785414768447,false,1785414768626,LeaderAccept
1785414768481,true,1785414768659,LeaderAccept
1785414768514,true,1785414768693,LeaderAccept
1785414768549,false,1785414768728,LeaderAccept
1785414768585,false,1785414768764,LeaderAccept
1785414768620,false,1785414768799,LeaderAccept
1785414768657,true,1785414768836,LeaderAccept
1785414768693,true,1785414768872,LeaderAccept
1785414768731,false,1785414768910,LeaderAccept
1785414768769,false,1785414768948,LeaderAccept
1785414768808,false,1785414768987,LeaderAccept
1785414768849,false,1785414769028,LeaderAccept
1785414768889,true,1785414769068,LeaderAccept
1785414768931,false,1785414769108,LeaderAccept
1785414768974,false,1785414769153,LeaderAccept
1785414769017,false,1785414769196,LeaderAccept
1785414769061,true,1785414769241,LeaderAccept
1785414769107,false,1785414769286,LeaderAccept
1785414769153,true,1785414769332,LeaderAccept
1785414769200,true,1785414769379,LeaderAccept
1785414769248,true,1785414769427,LeaderAccept
1785414769298,true,1785414769477,LeaderAccept
1785414769349,true,1785414769528,LeaderAccept
1785414769401,false,1785414769580,LeaderAccept
1785414769455,false,1785414769633,LeaderAccept
1785414769510,true,1785414769689,LeaderAccept
1785414769566,true,1785414769745,LeaderAccept
1785414769624,false,1785414769803,LeaderAccept
1785414769683,true,1785414769862,LeaderAccept
1785414769745,false,1785414769924,LeaderAccept
1785414769808,false,1785414769986,LeaderAccept
1785414769873,false,1785414770052,LeaderAccept
1785414769940,true,1785414770119,LeaderAccept
1785414770010,false,1785414770189,LeaderAccept
1785414770081,false,1785414770260,LeaderAccept
1785414770156,false,1785414770335,LeaderAccept
1785414770233,true,1785414770412,LeaderAccept
1785414770313,false,1785414770492,LeaderAccept
1785414770397,false,1785414770576,LeaderAccept
1785414770484,true,1785414770663,LeaderAccept
1785414770576,false,1785414770755,LeaderAccept
1785414770671,true,1785414770850,LeaderAccept
1785414770771,true,1785414770950,LeaderAccept
1785414770876,true,1785414771055,LeaderAccept
1785414770987,false,1785414771166,LeaderAccept
1785414771103,false,1785414771282,LeaderAccept
1785414771226,true,1785414771406,LeaderAccept
1785414771357,true,1785414771536,LeaderAccept
1785414771498,false,1785414771678,LeaderAccept
1785414771649,true,1785414771829,LeaderAccept
1785414771811,true,1785414771990,LeaderAccept
1785414771987,true,1785414772167,LeaderAccept
1785414772179,true,1785414772358,LeaderAccept
1785414772389,false,1785414772569,LeaderAccept
1785414772624,true,1785414772803,LeaderAccept
1785414772887,true,1785414773066,LeaderAccept
1785414773187,true,1785414773366,LeaderAccept
1785414773535,true,1785414773714,LeaderAccept
1785414773948,true,1785414774127,LeaderAccept
1785414774457,false,1785414774636,LeaderAccept
1785414775112,false,1785414775291,LeaderAccept
1785414776021,false,1785414776199,LeaderAccept
1785414777452,true,1785414777631,LeaderAccept
1785414780378,true,1785414780557,LeaderAccept
1785414793011,true,1785414793186,LeaderAccept
1785414812596,true,1785414812771,LeaderAccept
1785414812619,true,1785414812794,LeaderAccept
1785414812644,false,1785414812818,LeaderAccept
1785414812669,false,1785414812844,LeaderAccept
1785414812693,false,1785414812868,LeaderAccept
1785414812719,true,1785414812893,LeaderAccept
1785414812744,true,1785414812919,LeaderAccept
1785414812769,false,1785414812944,LeaderAccept
1785414812795,true,1785414812970,LeaderAccept
1785414812822,false,1785414812997,LeaderAccept
1785414812849,false,1785414813023,LeaderAccept
1785414812875,true,1785414813050,LeaderAccept
1785414812903,true,1785414813077,LeaderAccept
1785414812931,true,1785414813106,LeaderAccept
1785414812959,false,1785414813134,LeaderAccept
1785414812988,false,1785414813162,LeaderAccept
1785414813017,true,1785414813192,LeaderAccept
1785414813046,true,1785414813221,LeaderAccept
1785414813076,true,1785414813250,LeaderAccept
1785414813105,false,1785414813282,LeaderAccept
1785414813135,false,1785414813310,LeaderAccept
1785414813167,false,1785414813342,LeaderAccept
1785414813198,false,1785414813373,LeaderAccept
1785414813230,true,1785414813405,LeaderAccept
1785414813263,true,1785414813438,LeaderAccept
1785414813296,true,1785414813471,LeaderAccept
1785414813330,false,1785414813505,LeaderAccept
1785414813364,false,1785414813539,LeaderAccept
1785414813398,false,1785414813573,LeaderAccept
1785414813434,false,1785414813609,LeaderAccept
1785414813469,false,1785414813645,LeaderAccept
1785414813506,false,1785414813681,LeaderAccept
1785414813543,true,1785414813718,LeaderAccept
1785414813580,true,1785414813755,LeaderAccept
1785414813618,true,1785414813793,LeaderAccept
1785414813657,true,1785414813832,LeaderAccept
1785414813697,false,1785414813872,LeaderAccept
1785414813737,false,1785414813913,LeaderAccept
1785414813778,false,1785414813953,LeaderAccept
1785414813820,true,1785414813995,LeaderAccept
1785414813864,true,1785414814039,LeaderAccept
1785414813908,true,1785414814083,LeaderAccept
1785414813953,true,1785414814127,LeaderAccept
1785414813998,true,1785414814174,LeaderAccept
1785414814046,true,1785414814221,LeaderAccept
1785414814094,false,1785414814269,LeaderAccept
1785414814143,false,1785414814318,LeaderAccept
1785414814193,true,1785414814368,LeaderAccept
1785414814244,false,1785414814419,LeaderAccept
1785414814298,true,1785414814473,LeaderAccept
1785414814352,true,1785414814527,LeaderAccept
1785414814409,false,1785414814584,LeaderAccept
1785414814467,true,1785414814642,LeaderAccept
1785414814526,false,1785414814701,LeaderAccept
1785414814587,true,1785414814761,LeaderAccept
1785414814650,false,1785414814826,LeaderAccept
1785414814715,true,1785414814891,LeaderAccept
1785414814782,true,1785414814957,LeaderAccept
1785414814850,false,1785414815026,LeaderAccept
1785414814922,true,1785414815098,LeaderAccept
1785414814996,false,1785414815172,LeaderAccept
1785414815073,false,1785414815249,LeaderAccept
1785414815152,false,1785414815328,LeaderAccept
1785414815235,false,1785414815411,LeaderAccept
1785414815321,false,1785414815498,LeaderAccept
1785414815411,true,1785414815587,LeaderAccept
1785414815506,true,1785414815682,LeaderAccept
1785414815605,true,1785414815781,LeaderAccept
1785414815708,false,1785414815884,LeaderAccept
1785414815817,true,1785414815994,LeaderAccept
1785414815931,true,1785414816108,LeaderAccept
1785414816053,true,1785414816229,LeaderAccept
1785414816182,false,1785414816358,LeaderAccept
1785414816320,false,1785414816497,LeaderAccept
1785414816467,true,1785414816644,LeaderAccept
1785414816626,true,1785414816802,LeaderAccept
1785414816798,true,1785414816974,LeaderAccept
1785414816985,false,1785414817161,LeaderAccept
1785414817189,false,1785414817365,LeaderAccept
1785414817417,true,1785414817593,LeaderAccept
1785414817671,true,1785414817847,LeaderAccept
1785414817959,true,1785414818135,LeaderAccept
1785414818293,false,1785414818469,LeaderAccept
1785414818686,true,1785414818863,LeaderAccept
1785414819165,false,1785414819341,LeaderAccept
1785414819771,false,1785414819947,LeaderAccept
1785414820594,false,1785414820770,LeaderAccept
1785414821835,true,1785414822011,LeaderAccept
1785414824139,true,1785414824315,LeaderAccept
1785414831433,false,1785414831633,LeaderAccept
1785414840271,false,1785414840471,LeaderAccept
1785414840287,false,1785414840487,LeaderAccept
1785414840305,true,1785414840504,LeaderAccept
1785414840322,false,1785414840522,LeaderAccept
1785414840339,true,1785414840539,LeaderAccept
1785414840357,true,1785414840556,LeaderAccept
1785414840375,true,1785414840575,LeaderAccept
1785414840392,false,1785414840592,LeaderAccept
1785414840411,false,1785414840610,LeaderAccept
1785414840429,true,1785414840629,LeaderAccept
1785414840447,true,1785414840646,LeaderAccept
1785414840466,false,1785414840666,LeaderAccept
1785414840485,true,1785414840685,LeaderAccept
1785414840503,false,1785414840703,LeaderAccept
1785414840522,false,1785414840721,LeaderAccept
1785414840540,true,1785414840740,LeaderAccept
1785414840559,false,1785414840759,LeaderAccept
1785414840579,true,1785414840779,LeaderAccept
1785414840598,false,1785414840798,LeaderAccept
1785414840618,false,1785414840817,LeaderAccept
1785414840638,true,1785414840837,LeaderAccept
1785414840659,false,1785414840858,LeaderAccept
1785414840679,true,1785414840879,LeaderAccept
1785414840699,true,1785414840898,LeaderAccept
1785414840719,false,1785414840918,LeaderAccept
1785414840739,false,1785414840939,LeaderAccept
1785414840760,true,1785414840960,LeaderAccept
1785414840782,false,1785414840981,LeaderAccept
1785414840804,true,1785414841003,LeaderAccept
1785414840825,false,1785414841025,LeaderAccept
1785414840848,true,1785414841047,LeaderAccept
1785414840869,false,1785414841069,LeaderAccept
1785414840892,false,1785414841091,LeaderAccept
1785414840915,true,1785414841114,LeaderAccept
1785414840938,false,1785414841137,LeaderAccept
1785414840961,false,1785414841160,LeaderAccept
1785414840985,true,1785414841184,LeaderAccept
1785414841009,true,1785414841208,LeaderAccept
1785414841033,false,1785414841232,LeaderAccept
1785414841058,true,1785414841258,LeaderAccept
1785414841083,true,1785414841282,LeaderAccept
1785414841107,true,1785414841307,LeaderAccept
1785414841133,true,1785414841332,LeaderAccept
1785414841158,false,1785414841358,LeaderAccept
1785414841184,false,1785414841383,LeaderAccept
1785414841209,true,1785414841409,LeaderAccept
1785414841235,false,1785414841435,LeaderAccept
1785414841262,true,1785414841461,LeaderAccept
1785414841289,true,1785414841488,LeaderAccept
1785414841316,false,1785414841516,LeaderAccept
1785414841344,true,1785414841543,LeaderAccept
1785414841371,false,1785414841571,LeaderAccept
1785414841399,false,1785414841599,LeaderAccept
1785414841429,false,1785414841629,LeaderAccept
1785414841459,false,1785414841659,LeaderAccept
1785414841488,false,1785414841688,LeaderAccept
1785414841519,true,1785414841719,LeaderAccept
1785414841549,true,1785414841749,LeaderAccept
1785414841581,true,1785414841780,LeaderAccept
1785414841612,false,1785414841811,LeaderAccept
1785414841644,true,1785414841843,LeaderAccept
1785414841676,true,1785414841876,LeaderAccept
1785414841709,true,1785414841908,LeaderAccept
1785414841742,false,1785414841941,LeaderAccept
1785414841775,false,1785414841975,LeaderAccept
1785414841810,true,1785414842009,LeaderAccept
1785414841844,false,1785414842044,LeaderAccept
1785414841881,false,1785414842081,LeaderAccept
1785414841916,true,1785414842116,LeaderAccept
1785414841953,false,1785414842153,LeaderAccept
1785414841990,true,1785414842190,LeaderAccept
1785414842029,false,1785414842228,LeaderAccept
1785414842067,false,1785414842267,LeaderAccept
1785414842108,false,1785414842307,LeaderAccept
1785414842149,true,1785414842348,LeaderAccept
1785414842189,false,1785414842389,LeaderAccept
1785414842232,true,1785414842432,LeaderAccept
1785414842274,false,1785414842474,LeaderAccept
1785414842318,false,1785414842518,LeaderAccept
1785414842364,true,1785414842563,LeaderAccept
1785414842409,false,1785414842609,LeaderAccept
1785414842457,true,1785414842657,LeaderAccept
1785414842504,true,1785414842704,LeaderAccept
1785414842553,true,1785414842753,LeaderAccept
1785414842603,false,1785414842803,LeaderAccept
1785414842655,true,1785414842854,LeaderAccept
1785414842708,true,1785414842907,LeaderAccept
1785414842762,true,1785414842962,LeaderAccept
1785414842818,true,1785414843018,LeaderAccept
1785414842875,false,1785414843075,LeaderAccept
1785414842935,true,1785414843134,LeaderAccept
1785414842995,true,1785414843195,LeaderAccept
1785414843058,true,1785414843258,LeaderAccept
1785414843122,true,1785414843322,LeaderAccept
1785414843189,true,1785414843388,LeaderAccept
1785414843258,true,1785414843457,LeaderAccept
1785414843329,true,1785414843528,LeaderAccept
1785414843403,true,1785414843603,LeaderAccept
1785414843479,true,1785414843678,LeaderAccept
1785414843558,true,1785414843757,LeaderAccept
1785414843640,false,1785414843839,LeaderAccept
1785414843725,false,1785414843925,LeaderAccept
1785414843814,true,1785414844014,LeaderAccept
1785414843908,false,1785414844107,LeaderAccept
1785414844006,true,1785414844206,LeaderAccept
1785414844108,false,1785414844308,LeaderAccept
1785414844217,true,1785414844416,LeaderAccept
1785414844330,true,1785414844530,LeaderAccept
1785414844451,true,1785414844650,LeaderAccept
1785414844579,false,1785414844778,LeaderAccept
1785414844715,false,1785414844915,LeaderAccept
1785414844861,false,1785414845061,LeaderAccept
1785414845018,false,1785414845218,LeaderAccept
1785414845188,true,1785414845387,LeaderAccept
1785414845372,false,1785414845572,LeaderAccept
1785414845574,true,1785414845774,LeaderAccept
1785414845798,false,1785414845997,LeaderAccept
1785414846048,false,1785414846247,LeaderAccept
1785414846330,true,1785414846530,LeaderAccept
1785414846657,true,1785414846856,LeaderAccept
1785414847041,false,1785414847240,LeaderAccept
1785414847506,false,1785414847705,LeaderAccept
1785414848091,true,1785414848291,LeaderAccept
1785414848876,false,1785414849075,LeaderAccept
1785414850037,false,1785414850237,LeaderAccept
1785414852111,false,1785414852311,LeaderAccept
1785414857959,true,1785414858142,FastAccept
1785414873710,false,1785414873909,LeaderAccept
1785414873742,true,1785414873941,LeaderAccept
1785414873774,true,1785414873973,LeaderAccept
1785414873808,false,1785414874007,LeaderAccept
1785414873842,true,1785414874041,LeaderAccept
1785414873876,true,1785414874076,LeaderAccept
1785414873911,false,1785414874110,LeaderAccept
1785414873947,true,1785414874146,LeaderAccept
1785414873982,true,1785414874181,LeaderAccept
1785414874019,true,1785414874218,LeaderAccept
1785414874056,true,1785414874255,LeaderAccept
1785414874095,true,1785414874294,LeaderAccept
1785414874134,false,1785414874333,LeaderAccept
1785414874173,true,1785414874373,LeaderAccept
1785414874214,true,1785414874413,LeaderAccept
1785414874254,true,1785414874453,LeaderAccept
1785414874296,false,1785414874495,LeaderAccept
1785414874339,false,1785414874538,LeaderAccept
1785414874383,false,1785414874582,LeaderAccept
1785414874427,false,1785414874626,LeaderAccept
1785414874472,false,1785414874672,LeaderAccept
1785414874519,false,1785414874718,LeaderAccept
1785414874567,true,1785414874765,LeaderAccept
1785414874615,false,1785414874815,LeaderAccept
1785414874665,true,1785414874864,LeaderAccept
1785414874717,false,1785414874916,LeaderAccept
1785414874770,true,1785414874969,LeaderAccept
1785414874823,false,1785414875023,LeaderAccept
1785414874878,true,1785414875078,LeaderAccept
1785414874936,true,1785414875135,LeaderAccept
1785414874995,false,1785414875194,LeaderAccept
1785414875055,true,1785414875254,LeaderAccept
1785414875117,true,1785414875316,LeaderAccept
1785414875181,true,1785414875380,LeaderAccept
1785414875247,true,1785414875446,LeaderAccept
1785414875314,false,1785414875514,LeaderAccept
1785414875384,true,1785414875584,LeaderAccept
1785414875457,false,1785414875656,LeaderAccept
1785414875532,true,1785414875732,LeaderAccept
1785414875610,false,1785414875810,LeaderAccept
1785414875692,true,1785414875891,LeaderAccept
1785414875776,false,1785414875976,LeaderAccept
1785414875865,true,1785414876064,LeaderAccept
1785414875958,false,1785414876157,LeaderAccept
1785414876055,false,1785414876255,LeaderAccept
1785414876157,true,1785414876356,LeaderAccept
1785414876264,true,1785414876463,LeaderAccept
1785414876377,false,1785414876576,LeaderAccept
1785414876496,true,1785414876695,LeaderAccept
1785414876621,true,1785414876821,LeaderAccept
1785414876756,false,1785414876955,LeaderAccept
1785414876900,true,1785414877100,LeaderAccept
1785414877055,true,1785414877254,LeaderAccept
1785414877221,true,1785414877421,LeaderAccept
1785414877403,false,1785414877602,LeaderAccept
1785414877600,true,1785414877800,LeaderAccept
1785414877819,true,1785414878019,LeaderAccept
1785414878062,false,1785414878262,LeaderAccept
1785414878338,true,1785414878537,LeaderAccept
1785414878653,false,1785414878853,LeaderAccept
1785414879021,true,1785414879221,LeaderAccept
1785414879465,false,1785414879665,LeaderAccept
1785414880018,false,1785414880218,LeaderAccept
1785414880748,false,1785414880947,LeaderAccept
1785414881797,false,1785414881997,LeaderAccept
1785414883570,true,1785414883770,LeaderAccept
1785414887871,true,1785414888054,FastAccept
1785414921439,true,1785414921760,LeaderAccept
1785414921465,false,1785414921760,LeaderAccept
1785414921490,true,1785414921777,LeaderAccept
1785414921517,true,1785414921777,LeaderAccept
1785414921544,false,1785414921795,LeaderAccept
1785414921570,true,1785414921802,LeaderAccept
1785414921598,true,1785414921802,LeaderAccept
1785414921626,false,1785414921825,LeaderAccept
1785414921654,true,1785414921854,LeaderAccept
1785414921683,true,1785414921935,LeaderAccept
1785414921712,true,1785414921935,LeaderAccept
1785414921742,false,1785414921953,LeaderAccept
1785414921771,true,1785414921970,LeaderAccept
1785414921802,false,1785414922015,LeaderAccept
1785414921832,true,1785414922032,LeaderAccept
1785414921864,false,1785414922063,LeaderAccept
1785414921895,false,1785414922095,LeaderAccept
1785414921928,false,1785414922127,LeaderAccept
1785414921961,true,1785414922160,LeaderAccept
1785414921994,false,1785414922193,LeaderAccept
1785414922027,false,1785414922227,LeaderAccept
1785414922062,false,1785414922261,LeaderAccept
1785414922097,false,1785414922295,LeaderAccept
1785414922131,true,1785414922331,LeaderAccept
1785414922168,true,1785414922367,LeaderAccept
1785414922204,false,1785414922403,LeaderAccept
1785414922242,true,1785414922441,LeaderAccept
1785414922279,true,1785414922478,LeaderAccept
1785414922318,false,1785414922517,LeaderAccept
1785414922357,true,1785414922556,LeaderAccept
1785414922398,false,1785414922597,LeaderAccept
1785414922438,false,1785414922638,LeaderAccept
1785414922479,false,1785414922679,LeaderAccept
1785414922522,true,1785414922721,LeaderAccept
1785414922566,false,1785414922765,LeaderAccept
1785414922609,true,1785414922808,LeaderAccept
1785414922655,false,1785414922854,LeaderAccept
1785414922701,true,1785414922900,LeaderAccept
1785414922748,false,1785414922947,LeaderAccept
1785414922797,false,1785414922996,LeaderAccept
1785414922846,false,1785414923046,LeaderAccept
1785414922897,true,1785414923097,LeaderAccept
1785414922949,true,1785414923149,LeaderAccept
1785414923002,false,1785414923202,LeaderAccept
1785414923058,true,1785414923257,LeaderAccept
1785414923114,true,1785414923314,LeaderAccept
1785414923173,false,1785414923372,LeaderAccept
1785414923233,true,1785414923433,LeaderAccept
1785414923295,true,1785414923494,LeaderAccept
1785414923357,true,1785414923556,LeaderAccept
1785414923422,true,1785414923622,LeaderAccept
1785414923490,false,1785414923689,LeaderAccept
1785414923560,false,1785414923759,LeaderAccept
1785414923631,true,1785414923831,LeaderAccept
1785414923706,true,1785414923906,LeaderAccept
1785414923784,true,1785414923983,LeaderAccept
1785414923864,false,1785414924064,LeaderAccept
1785414923948,false,1785414924148,LeaderAccept
1785414924035,true,1785414924235,LeaderAccept
1785414924127,false,1785414924326,LeaderAccept
1785414924221,true,1785414924421,LeaderAccept
1785414924322,true,1785414924521,LeaderAccept
1785414924428,true,1785414924628,LeaderAccept
1785414924539,false,1785414924738,LeaderAccept
1785414924656,false,1785414924855,LeaderAccept
1785414924779,true,1785414924979,LeaderAccept
1785414924912,false,1785414925111,LeaderAccept
1785414925052,true,1785414925252,LeaderAccept
1785414925204,false,1785414925403,LeaderAccept
1785414925366,false,1785414925565,LeaderAccept
1785414925543,true,1785414925741,LeaderAccept
1785414925736,true,1785414925935,LeaderAccept
1785414925947,true,1785414926146,LeaderAccept
1785414926183,false,1785414926382,LeaderAccept
1785414926448,true,1785414926647,LeaderAccept
1785414926750,true,1785414926949,LeaderAccept
1785414927101,true,1785414927300,LeaderAccept
1785414927518,false,1785414927718,LeaderAccept
1785414928032,true,1785414928231,LeaderAccept
1785414928698,false,1785414928897,LeaderAccept
1785414929626,true,1785414929825,LeaderAccept
1785414931100,false,1785414931300,LeaderAccept
1785414934180,false,1785414934380,LeaderAccept
1785414948546,true,1785414948728,FastAccept
1785414949460,false,1785414949659,LeaderAccept
1785414949481,true,1785414949680,LeaderAccept
1785414949503,true,1785414949701,LeaderAccept
1785414949525,false,1785414949724,LeaderAccept
1785414949547,false,1785414949797,LeaderAccept
1785414949569,true,1785414949797,LeaderAccept
1785414949592,true,1785414949797,LeaderAccept
1785414949615,false,1785414949814,LeaderAccept
1785414949638,true,1785414949837,LeaderAccept
1785414949661,false,1785414949860,LeaderAccept
1785414949684,false,1785414949883,LeaderAccept
1785414949709,true,1785414949908,LeaderAccept
1785414949733,false,1785414949932,LeaderAccept
1785414949757,false,1785414949956,LeaderAccept
1785414949781,true,1785414949980,LeaderAccept
1785414949806,false,1785414950005,LeaderAccept
1785414949831,true,1785414950030,LeaderAccept
1785414949856,true,1785414950055,LeaderAccept
1785414949883,false,1785414950082,LeaderAccept
1785414949909,true,1785414950108,LeaderAccept
1785414949936,true,1785414950135,LeaderAccept
1785414949963,true,1785414950163,LeaderAccept
1785414949990,true,1785414950190,LeaderAccept
1785414950018,false,1785414950217,LeaderAccept
1785414950046,true,1785414950246,LeaderAccept
1785414950074,true,1785414950274,LeaderAccept
1785414950103,true,1785414950302,LeaderAccept
1785414950132,true,1785414950332,LeaderAccept
1785414950162,true,1785414950361,LeaderAccept
1785414950193,true,1785414950392,LeaderAccept
1785414950223,false,1785414950422,LeaderAccept
1785414950255,true,1785414950454,LeaderAccept
1785414950287,true,1785414950487,LeaderAccept
1785414950320,false,1785414950518,LeaderAccept
1785414950353,true,1785414950552,LeaderAccept
1785414950385,true,1785414950585,LeaderAccept
1785414950418,true,1785414950618,LeaderAccept
1785414950453,false,1785414950652,LeaderAccept
1785414950488,true,1785414950687,LeaderAccept
1785414950523,false,1785414950722,LeaderAccept
1785414950560,false,1785414950760,LeaderAccept
1785414950597,false,1785414950796,LeaderAccept
1785414950634,true,1785414950834,LeaderAccept
1785414950673,false,1785414950872,LeaderAccept
1785414950711,false,1785414950911,LeaderAccept
1785414950751,false,1785414950950,LeaderAccept
1785414950791,false,1785414950990,LeaderAccept
1785414950831,false,1785414951031,LeaderAccept
1785414950873,false,1785414951073,LeaderAccept
1785414950916,true,1785414951115,LeaderAccept
1785414950959,true,1785414951159,LeaderAccept
1785414951004,true,1785414951204,LeaderAccept
1785414951049,true,1785414951248,LeaderAccept
1785414951096,true,1785414951295,LeaderAccept
1785414951142,true,1785414951342,LeaderAccept
1785414951190,false,1785414951389,LeaderAccept
1785414951241,true,1785414951440,LeaderAccept
1785414951292,false,1785414951491,LeaderAccept
1785414951344,true,1785414951543,LeaderAccept
1785414951398,true,1785414951597,LeaderAccept
1785414951453,false,1785414951651,LeaderAccept
1785414951509,false,1785414951709,LeaderAccept
1785414951567,false,1785414951767,LeaderAccept
1785414951627,true,1785414951826,LeaderAccept
1785414951687,true,1785414951887,LeaderAccept
1785414951751,true,1785414951950,LeaderAccept
1785414951816,false,1785414952016,LeaderAccept
1785414951883,false,1785414952082,LeaderAccept
1785414951953,true,1785414952152,LeaderAccept
1785414952024,false,1785414952224,LeaderAccept
1785414952099,true,1785414952298,LeaderAccept
1785414952176,true,1785414952375,LeaderAccept
1785414952257,false,1785414952457,LeaderAccept
1785414952341,false,1785414952540,LeaderAccept
1785414952429,true,1785414952628,LeaderAccept
1785414952520,true,1785414952719,LeaderAccept
1785414952616,false,1785414952815,LeaderAccept
1785414952715,false,1785414952915,LeaderAccept
1785414952820,false,1785414953020,LeaderAccept
1785414952930,false,1785414953130,LeaderAccept
1785414953048,true,1785414953248,LeaderAccept
1785414953172,true,1785414953371,LeaderAccept
1785414953304,false,1785414953504,LeaderAccept
1785414953444,false,1785414953644,LeaderAccept
1785414953596,true,1785414953795,LeaderAccept
1785414953759,true,1785414953958,LeaderAccept
1785414953935,true,1785414954135,LeaderAccept
1785414954128,true,1785414954328,LeaderAccept
1785414954340,true,1785414954539,LeaderAccept
1785414954574,false,1785414954774,LeaderAccept
1785414954839,true,1785414955038,LeaderAccept
1785414955141,false,1785414955340,LeaderAccept
1785414955492,false,1785414955691,LeaderAccept
1785414955910,true,1785414956108,LeaderAccept
1785414956424,true,1785414956624,LeaderAccept
1785414957088,true,1785414957288,LeaderAccept
1785414958015,false,1785414958215,LeaderAccept
1785414959487,true,1785414959687,LeaderAccept
1785414962559,true,1785414962758,LeaderAccept
1785414976825,true,1785414977025,LeaderAccept
1785414981748,true,1785414981930,FastAccept
1785414981788,true,1785414981971,FastAccept
1785414981830,false,1785414982012,FastAccept
1785414981872,true,1785414982054,FastAccept
1785414981916,false,1785414982123,LeaderAccept
1785414981960,true,1785414982162,LeaderAccept
1785414982005,false,1785414982205,LeaderAccept
1785414982051,true,1785414982251,LeaderAccept
1785414982097,true,1785414982297,LeaderAccept
1785414982146,true,1785414982345,LeaderAccept
1785414982195,false,1785414982394,LeaderAccept
1785414982246,true,1785414982446,LeaderAccept
1785414982297,true,1785414982496,LeaderAccept
1785414982350,false,1785414982550,LeaderAccept
1785414982405,false,1785414982604,LeaderAccept
1785414982461,true,1785414982661,LeaderAccept
1785414982519,true,1785414982718,LeaderAccept
1785414982578,true,1785414982777,LeaderAccept
1785414982639,false,1785414982839,LeaderAccept
1785414982702,true,1785414982902,LeaderAccept
1785414982767,false,1785414982966,LeaderAccept
1785414982833,false,1785414983033,LeaderAccept
1785414982903,false,1785414983102,LeaderAccept
1785414982973,true,1785414983173,LeaderAccept
1785414983048,false,1785414983248,LeaderAccept
1785414983124,true,1785414983324,LeaderAccept
1785414983203,false,1785414983403,LeaderAccept
1785414983286,true,1785414983486,LeaderAccept
1785414983373,false,1785414983573,LeaderAccept
1785414983463,true,1785414983662,LeaderAccept
1785414983558,false,1785414983758,LeaderAccept
1785414983657,false,1785414983856,LeaderAccept
1785414983760,true,1785414983960,LeaderAccept
1785414983868,true,1785414984068,LeaderAccept
1785414983983,false,1785414984183,LeaderAccept
1785414984105,false,1785414984305,LeaderAccept
1785414984234,true,1785414984434,LeaderAccept
1785414984372,true,1785414984572,LeaderAccept
1785414984520,true,1785414984720,LeaderAccept
1785414984679,true,1785414984879,LeaderAccept
1785414984850,false,1785414985050,LeaderAccept
1785414985038,true,1785414985238,LeaderAccept
1785414985244,true,1785414985443,LeaderAccept
1785414985471,true,1785414985670,LeaderAccept
1785414985725,true,1785414985924,LeaderAccept
1785414986014,false,1785414986213,LeaderAccept
1785414986347,false,1785414986546,LeaderAccept
1785414986740,false,1785414986940,LeaderAccept
1785414987220,true,1785414987419,LeaderAccept
1785414987829,true,1785414988028,LeaderAccept
1785414988654,true,1785414988853,LeaderAccept
1785414989900,false,1785414990099,LeaderAccept
1785414992222,false,1785414992422,LeaderAccept
1785414999631,true,1785414999813,FastAccept
1785415010114,false,1785415010314,LeaderAccept
1785415010131,true,1785415010330,LeaderAccept
1785415010148,false,1785415010348,LeaderAccept
1785415010164,false,1785415010364,LeaderAccept
1785415010181,true,1785415010381,LeaderAccept
1785415010199,true,1785415010398,LeaderAccept
1785415010217,false,1785415010417,LeaderAccept
1785415010234,false,1785415010434,LeaderAccept
1785415010252,true,1785415010450,LeaderAccept
1785415010270,true,1785415010470,LeaderAccept
1785415010287,false,1785415010486,LeaderAccept
1785415010306,true,1785415010506,LeaderAccept
1785415010324,true,1785415010523,LeaderAccept
1785415010342,true,1785415010542,LeaderAccept
1785415010361,true,1785415010560,LeaderAccept
1785415010380,false,1785415010579,LeaderAccept
1785415010398,true,1785415010598,LeaderAccept
1785415010418,false,1785415010618,LeaderAccept
1785415010437,true,1785415010637,LeaderAccept
1785415010456,true,1785415010656,LeaderAccept
1785415010476,false,1785415010675,LeaderAccept
1785415010496,true,1785415010695,LeaderAccept
1785415010516,true,1785415010715,LeaderAccept
1785415010536,true,1785415010736,LeaderAccept
1785415010557,false,1785415010756,LeaderAccept
1785415010578,true,1785415010777,LeaderAccept
1785415010599,true,1785415010797,LeaderAccept
1785415010620,false,1785415010819,LeaderAccept
1785415010641,false,1785415010841,LeaderAccept
1785415010663,false,1785415010862,LeaderAccept
1785415010684,false,1785415010883,LeaderAccept
1785415010706,false,1785415010905,LeaderAccept
1785415010728,true,1785415010927,LeaderAccept
1785415010751,false,1785415010950,LeaderAccept
1785415010773,false,1785415010973,LeaderAccept
1785415010797,true,1785415010996,LeaderAccept
1785415010821,false,1785415011020,LeaderAccept
1785415010845,false,1785415011043,LeaderAccept
1785415010869,true,1785415011068,LeaderAccept
1785415010893,true,1785415011092,LeaderAccept
1785415010917,true,1785415011116,LeaderAccept
1785415010941,false,1785415011141,LeaderAccept
1785415010966,false,1785415011165,LeaderAccept
1785415010990,true,1785415011189,LeaderAccept
1785415011016,false,1785415011216,LeaderAccept
1785415011042,false,1785415011241,LeaderAccept
1785415011068,true,1785415011267,LeaderAccept
1785415011094,false,1785415011293,LeaderAccept
1785415011120,true,1785415011320,LeaderAccept
1785415011148,true,1785415011347,LeaderAccept
1785415011175,false,1785415011374,LeaderAccept
1785415011203,false,1785415011402,LeaderAccept
1785415011231,false,1785415011430,LeaderAccept
1785415011260,false,1785415011459,LeaderAccept
1785415011289,true,1785415011489,LeaderAccept
1785415011318,false,1785415011518,LeaderAccept
1785415011347,false,1785415011546,LeaderAccept
1785415011376,true,1785415011576,LeaderAccept
1785415011407,false,1785415011607,LeaderAccept
1785415011437,false,1785415011637,LeaderAccept
1785415011468,false,1785415011668,LeaderAccept
1785415011500,false,1785415011699,LeaderAccept
1785415011533,true,1785415011733,LeaderAccept
1785415011565,false,1785415011765,LeaderAccept
1785415011599,true,1785415011799,LeaderAccept
1785415011633,false,1785415011833,LeaderAccept
1785415011668,false,1785415011867,LeaderAccept
1785415011702,false,1785415011902,LeaderAccept
1785415011738,false,1785415011936,LeaderAccept
1785415011773,true,1785415011973,LeaderAccept
1785415011810,false,1785415012009,LeaderAccept
1785415011848,false,1785415012047,LeaderAccept
1785415011886,true,1785415012086,LeaderAccept
1785415011925,true,1785415012125,LeaderAccept
1785415011965,true,1785415012164,LeaderAccept
1785415012004,true,1785415012204,LeaderAccept
1785415012045,true,1785415012245,LeaderAccept
1785415012088,false,1785415012287,LeaderAccept
1785415012130,true,1785415012330,LeaderAccept
1785415012173,false,1785415012373,LeaderAccept
1785415012217,true,1785415012417,LeaderAccept
1785415012263,false,1785415012462,LeaderAccept
1785415012310,true,1785415012508,LeaderAccept
1785415012358,true,1785415012558,LeaderAccept
1785415012406,false,1785415012606,LeaderAccept
1785415012456,true,1785415012656,LeaderAccept
1785415012508,true,1785415012707,LeaderAccept
1785415012560,true,1785415012760,LeaderAccept
1785415012615,false,1785415012815,LeaderAccept
1785415012671,false,1785415012871,LeaderAccept
1785415012727,false,1785415012927,LeaderAccept
1785415012785,false,1785415012985,LeaderAccept
1785415012846,false,1785415013046,LeaderAccept
1785415012908,true,1785415013107,LeaderAccept
1785415012972,false,1785415013172,LeaderAccept
1785415013039,true,1785415013238,LeaderAccept
1785415013107,false,1785415013306,LeaderAccept
1785415013178,false,1785415013378,LeaderAccept
1785415013250,false,1785415013450,LeaderAccept
1785415013327,false,1785415013527,LeaderAccept
1785415013406,false,1785415013606,LeaderAccept
1785415013487,false,1785415013687,LeaderAccept
1785415013573,false,1785415013773,LeaderAccept
1785415013662,false,1785415013862,LeaderAccept
1785415013754,false,1785415013955,LeaderAccept
1785415013852,false,1785415014052,LeaderAccept
1785415013955,false,1785415014154,LeaderAccept
1785415014061,true,1785415014261,LeaderAccept
1785415014174,true,1785415014374,LeaderAccept
1785415014293,true,1785415014493,LeaderAccept
1785415014420,false,1785415014620,LeaderAccept
1785415014555,true,1785415014755,LeaderAccept
1785415014700,true,1785415014900,LeaderAccept
1785415014856,false,1785415015056,LeaderAccept
1785415015024,true,1785415015224,LeaderAccept
1785415015206,false,1785415015406,LeaderAccept
1785415015406,false,1785415015605,LeaderAccept
1785415015627,true,1785415015826,LeaderAccept
1785415015873,true,1785415016072,LeaderAccept
1785415016151,false,1785415016350,LeaderAccept
1785415016470,true,1785415016669,LeaderAccept
1785415016845,true,1785415017045,LeaderAccept
1785415017297,true,1785415017498,LeaderAccept
1785415017862,false,1785415018062,LeaderAccept
1785415018613,true,1785415018813,LeaderAccept
1785415019704,true,1785415019904,LeaderAccept
1785415021587,false,1785415021769,FastAccept
1785415026410,true,1785415026609,LeaderAccept
1785415035095,true,1785415035176,LeaderAccept
1785415035135,false,1785415035217,LeaderAccept
1785415035176,false,1785415035257,LeaderAccept
1785415035219,true,1785415035299,LeaderAccept
1785415035262,true,1785415035342,LeaderAccept
1785415035306,false,1785415035386,LeaderAccept
1785415035350,true,1785415035431,LeaderAccept
1785415035397,false,1785415035477,LeaderAccept
1785415035444,false,1785415035525,LeaderAccept
1785415035492,false,1785415035573,LeaderAccept
1785415035541,false,1785415035622,LeaderAccept
1785415035591,true,1785415035672,LeaderAccept
1785415035643,false,1785415035724,LeaderAccept
1785415035695,false,1785415035776,LeaderAccept
1785415035750,false,1785415035831,LeaderAccept
1785415035805,true,1785415035886,LeaderAccept
1785415035863,false,1785415035943,LeaderAccept
1785415035922,false,1785415036003,LeaderAccept
1785415035983,true,1785415036063,LeaderAccept
1785415036045,true,1785415036126,LeaderAccept
1785415036109,false,1785415036191,LeaderAccept
1785415036175,true,1785415036256,LeaderAccept
1785415036244,false,1785415036325,LeaderAccept
1785415036314,true,1785415036395,LeaderAccept
1785415036388,true,1785415036469,LeaderAccept
1785415036465,false,1785415036545,LeaderAccept
1785415036543,true,1785415036624,LeaderAccept
1785415036625,true,1785415036707,LeaderAccept
1785415036711,true,1785415036791,LeaderAccept
1785415036800,false,1785415036881,LeaderAccept
1785415036893,false,1785415036975,LeaderAccept
1785415036991,true,1785415037072,LeaderAccept
1785415037094,false,1785415037175,LeaderAccept
1785415037202,true,1785415037283,LeaderAccept
1785415037316,true,1785415037397,LeaderAccept
1785415037436,false,1785415037517,LeaderAccept
1785415037563,true,1785415037644,LeaderAccept
1785415037699,false,1785415037780,LeaderAccept
1785415037845,false,1785415037926,LeaderAccept
1785415038002,false,1785415038083,LeaderAccept
1785415038172,false,1785415038252,LeaderAccept
1785415038356,false,1785415038436,LeaderAccept
1785415038556,true,1785415038637,LeaderAccept
1785415038780,true,1785415038861,LeaderAccept
1785415039028,true,1785415039109,LeaderAccept
1785415039310,true,1785415039390,LeaderAccept
1785415039634,true,1785415039715,LeaderAccept
1785415040014,false,1785415040094,LeaderAccept
1785415040475,true,1785415040556,LeaderAccept
1785415041054,false,1785415041135,LeaderAccept
1785415041827,false,1785415041908,LeaderAccept
1785415042964,true,1785415043045,LeaderAccept
1785415044972,false,1785415045052,LeaderAccept
1785415047277,true,1785415047358,LeaderAccept
1785415047297,false,1785415047378,LeaderAccept
1785415047319,false,1785415047400,LeaderAccept
1785415047340,true,1785415047421,LeaderAccept
1785415047362,false,1785415047443,LeaderAccept
1785415047384,true,1785415047465,LeaderAccept
1785415047406,false,1785415047486,LeaderAccept
1785415047428,true,1785415047509,LeaderAccept
1785415047451,false,1785415047531,LeaderAccept
1785415047473,false,1785415047554,LeaderAccept
1785415047495,false,1785415047576,LeaderAccept
1785415047519,true,1785415047599,LeaderAccept
1785415047543,true,1785415047623,LeaderAccept
1785415047566,true,1785415047647,LeaderAccept
1785415047591,false,1785415047672,LeaderAccept
1785415047616,true,1785415047696,LeaderAccept
1785415047639,false,1785415047720,LeaderAccept
1785415047665,false,1785415047745,LeaderAccept
1785415047690,false,1785415047770,LeaderAccept
1785415047716,true,1785415047796,LeaderAccept
1785415047741,true,1785415047822,LeaderAccept
1785415047768,false,1785415047848,LeaderAccept
1785415047793,false,1785415047874,LeaderAccept
1785415047819,true,1785415047900,LeaderAccept
1785415047847,true,1785415047927,LeaderAccept
1785415047875,false,1785415047955,LeaderAccept
1785415047903,true,1785415047983,LeaderAccept
1785415047930,false,1785415048011,LeaderAccept
1785415047959,true,1785415048040,LeaderAccept
1785415047987,true,1785415048068,LeaderAccept
1785415048017,false,1785415048098,LeaderAccept
1785415048047,true,1785415048127,LeaderAccept
1785415048077,false,1785415048158,LeaderAccept
1785415048108,true,1785415048188,LeaderAccept
1785415048139,false,1785415048219,LeaderAccept
1785415048169,false,1785415048250,LeaderAccept
1785415048202,false,1785415048283,LeaderAccept
1785415048234,false,1785415048316,LeaderAccept
1785415048268,true,1785415048349,LeaderAccept
1785415048302,true,1785415048382,LeaderAccept
1785415048336,false,1785415048416,LeaderAccept
1785415048371,true,1785415048451,LeaderAccept
1785415048405,true,1785415048486,LeaderAccept
1785415048440,true,1785415048521,LeaderAccept
1785415048476,true,1785415048557,LeaderAccept
1785415048514,false,1785415048595,LeaderAccept
1785415048551,true,1785415048632,LeaderAccept
1785415048590,false,1785415048670,LeaderAccept
1785415048629,true,1785415048710,LeaderAccept
1785415048669,true,1785415048750,LeaderAccept
1785415048709,true,1785415048790,LeaderAccept
1785415048750,false,1785415048831,LeaderAccept
1785415048792,true,1785415048873,LeaderAccept
1785415048836,false,1785415048917,LeaderAccept
1785415048880,false,1785415048961,LeaderAccept
1785415048926,false,1785415049006,LeaderAccept
1785415048972,false,1785415049053,LeaderAccept
1785415049019,false,1785415049100,LeaderAccept
1785415049068,true,1785415049149,LeaderAccept
1785415049118,true,1785415049198,LeaderAccept
1785415049169,false,1785415049250,LeaderAccept
1785415049220,true,1785415049301,LeaderAccept
1785415049274,false,1785415049355,LeaderAccept
1785415049328,false,1785415049409,LeaderAccept
1785415049385,true,1785415049465,LeaderAccept
1785415049442,true,1785415049523,LeaderAccept
1785415049502,true,1785415049582,LeaderAccept
1785415049563,true,1785415049644,LeaderAccept
1785415049626,false,1785415049707,LeaderAccept
1785415049691,true,1785415049772,LeaderAccept
1785415049758,false,1785415049838,LeaderAccept
1785415049828,true,1785415049908,LeaderAccept
1785415049899,true,1785415049980,LeaderAccept
1785415049974,false,1785415050055,LeaderAccept
1785415050050,false,1785415050131,LeaderAccept
1785415050131,false,1785415050212,LeaderAccept
1785415050215,true,1785415050296,LeaderAccept
1785415050302,false,1785415050383,LeaderAccept
1785415050393,true,1785415050474,LeaderAccept
1785415050487,true,1785415050568,LeaderAccept
1785415050586,false,1785415050667,LeaderAccept
1785415050691,true,1785415050771,LeaderAccept
1785415050800,true,1785415050881,LeaderAccept
1785415050917,true,1785415050997,LeaderAccept
1785415051040,true,1785415051120,LeaderAccept
1785415051171,false,1785415051251,LeaderAccept
1785415051310,true,1785415051391,LeaderAccept
1785415051459,true,1785415051540,LeaderAccept
1785415051620,false,1785415051701,LeaderAccept
1785415051793,false,1785415051874,LeaderAccept
1785415051983,true,1785415052064,LeaderAccept
1785415052191,false,1785415052272,LeaderAccept
1785415052423,true,1785415052503,LeaderAccept
1785415052682,true,1785415052762,LeaderAccept
1785415052977,false,1785415053058,LeaderAccept
1785415053319,false,1785415053400,LeaderAccept
1785415053725,false,1785415053805,LeaderAccept
1785415054221,false,1785415054302,LeaderAccept
1785415054857,true,1785415054938,LeaderAccept
1785415055730,false,1785415055795,FastAccept
1785415057080,true,1785415057145,FastAccept
1785415059733,true,1785415059798,FastAccept
1785415069724,true,1785415069805,LeaderAccept
1785415085051,true,1785415085116,FastAccept
1785415085086,false,1785415085151,FastAccept
1785415085121,false,1785415085186,FastAccept
1785415085156,false,1785415085222,FastAccept
1785415085193,false,1785415085259,FastAccept
1785415085230,false,1785415085295,FastAccept
1785415085268,true,1785415085358,LeaderAccept
1785415085307,true,1785415085394,LeaderAccept
1785415085346,true,1785415085426,LeaderAccept
1785415085386,false,1785415085466,LeaderAccept
1785415085426,true,1785415085507,LeaderAccept
1785415085467,true,1785415085548,LeaderAccept
1785415085509,true,1785415085590,LeaderAccept
1785415085552,true,1785415085633,LeaderAccept
1785415085596,false,1785415085677,LeaderAccept
1785415085641,true,1785415085721,LeaderAccept
1785415085687,true,1785415085767,LeaderAccept
1785415085734,false,1785415085814,LeaderAccept
1785415085781,false,1785415085862,LeaderAccept
1785415085831,false,1785415085911,LeaderAccept
1785415085881,true,1785415085961,LeaderAccept
1785415085932,false,1785415086013,LeaderAccept
1785415085984,true,1785415086065,LeaderAccept
1785415086039,false,1785415086119,LeaderAccept
1785415086095,true,1785415086175,LeaderAccept
1785415086152,false,1785415086232,LeaderAccept
1785415086210,false,1785415086291,LeaderAccept
1785415086271,false,1785415086351,LeaderAccept
1785415086333,true,1785415086414,LeaderAccept
1785415086396,false,1785415086477,LeaderAccept
1785415086463,true,1785415086544,LeaderAccept
1785415086531,false,1785415086612,LeaderAccept
1785415086601,false,1785415086682,LeaderAccept
1785415086675,false,1785415086756,LeaderAccept
1785415086750,false,1785415086831,LeaderAccept
1785415086829,true,1785415086910,LeaderAccept
1785415086911,false,1785415086991,LeaderAccept
1785415086995,true,1785415087076,LeaderAccept
1785415087083,true,1785415087164,LeaderAccept
1785415087176,false,1785415087257,LeaderAccept
1785415087273,false,1785415087354,LeaderAccept
1785415087375,false,1785415087456,LeaderAccept
1785415087483,false,1785415087564,LeaderAccept
1785415087595,true,1785415087676,LeaderAccept
1785415087715,false,1785415087795,LeaderAccept
1785415087842,false,1785415087922,LeaderAccept
1785415087977,true,1785415088057,LeaderAccept
1785415088121,true,1785415088201,LeaderAccept
1785415088276,false,1785415088356,LeaderAccept
1785415088443,true,1785415088523,LeaderAccept
1785415088625,true,1785415088706,LeaderAccept
1785415088824,true,1785415088905,LeaderAccept
1785415089043,false,1785415089124,LeaderAccept
1785415089289,false,1785415089369,LeaderAccept
1785415089566,false,1785415089647,LeaderAccept
1785415089883,true,1785415089964,LeaderAccept
1785415090256,false,1785415090337,LeaderAccept
1785415090705,true,1785415090785,LeaderAccept
1785415091266,false,1785415091347,LeaderAccept
1785415092009,false,1785415092074,FastAccept
1785415093085,false,1785415093150,FastAccept
1785415094926,true,1785415094991,FastAccept
1785415097524,true,1785415097610,LeaderAccept
1785415097539,false,1785415097635,LeaderAccept
1785415097553,true,1785415097640,LeaderAccept
1785415097569,true,1785415097649,LeaderAccept
1785415097584,true,1785415097664,LeaderAccept
1785415097599,false,1785415097679,LeaderAccept
1785415097615,true,1785415097695,LeaderAccept
1785415097631,true,1785415097711,LeaderAccept
1785415097647,false,1785415097728,LeaderAccept
1785415097663,false,1785415097743,LeaderAccept
1785415097678,false,1785415097759,LeaderAccept
1785415097694,false,1785415097774,LeaderAccept
1785415097711,true,1785415097791,LeaderAccept
1785415097727,false,1785415097808,LeaderAccept
1785415097744,false,1785415097824,LeaderAccept
1785415097761,true,1785415097841,LeaderAccept
1785415097778,true,1785415097857,LeaderAccept
1785415097795,false,1785415097875,LeaderAccept
1785415097812,true,1785415097892,LeaderAccept
1785415097828,false,1785415097909,LeaderAccept
1785415097846,false,1785415097926,LeaderAccept
1785415097863,false,1785415097943,LeaderAccept
1785415097881,true,1785415097961,LeaderAccept
1785415097899,false,1785415097979,LeaderAccept
1785415097916,true,1785415097996,LeaderAccept
1785415097935,true,1785415098015,LeaderAccept
1785415097952,true,1785415098033,LeaderAccept
1785415097971,true,1785415098052,LeaderAccept
1785415097989,true,1785415098070,LeaderAccept
1785415098007,true,1785415098089,LeaderAccept
1785415098025,false,1785415098106,LeaderAccept
1785415098044,true,1785415098124,LeaderAccept
1785415098063,false,1785415098144,LeaderAccept
1785415098082,true,1785415098162,LeaderAccept
1785415098102,false,1785415098182,LeaderAccept
1785415098122,false,1785415098202,LeaderAccept
1785415098142,true,1785415098222,LeaderAccept
1785415098162,true,1785415098242,LeaderAccept
1785415098181,true,1785415098262,LeaderAccept
1785415098201,true,1785415098282,LeaderAccept
1785415098222,true,1785415098302,LeaderAccept
1785415098243,false,1785415098323,LeaderAccept
1785415098263,true,1785415098343,LeaderAccept
1785415098285,true,1785415098365,LeaderAccept
1785415098305,true,1785415098385,LeaderAccept
1785415098326,false,1785415098406,LeaderAccept
1785415098347,false,1785415098428,LeaderAccept
1785415098369,true,1785415098450,LeaderAccept
1785415098391,true,1785415098472,LeaderAccept
1785415098414,true,1785415098494,LeaderAccept
1785415098437,true,1785415098517,LeaderAccept
1785415098460,false,1785415098540,LeaderAccept
1785415098484,false,1785415098564,LeaderAccept
1785415098507,true,1785415098588,LeaderAccept
1785415098531,true,1785415098611,LeaderAccept
1785415098554,false,1785415098634,LeaderAccept
1785415098578,true,1785415098658,LeaderAccept
1785415098603,true,1785415098683,LeaderAccept
1785415098628,true,1785415098708,LeaderAccept
1785415098653,false,1785415098734,LeaderAccept
1785415098679,false,1785415098759,LeaderAccept
1785415098705,false,1785415098785,LeaderAccept
1785415098732,true,1785415098812,LeaderAccept
1785415098757,true,1785415098837,LeaderAccept
1785415098784,false,1785415098865,LeaderAccept
1785415098810,true,1785415098891,LeaderAccept
1785415098837,false,1785415098918,LeaderAccept
1785415098865,true,1785415098945,LeaderAccept
1785415098893,false,1785415098973,LeaderAccept
1785415098922,true,1785415099003,LeaderAccept
1785415098951,true,1785415099031,LeaderAccept
1785415098980,true,1785415099061,LeaderAccept
1785415099011,true,1785415099092,LeaderAccept
1785415099041,false,1785415099121,LeaderAccept
1785415099071,false,1785415099152,LeaderAccept
1785415099103,true,1785415099183,LeaderAccept
1785415099134,false,1785415099215,LeaderAccept
1785415099167,false,1785415099248,LeaderAccept
1785415099200,true,1785415099280,LeaderAccept
1785415099233,false,1785415099313,LeaderAccept
1785415099267,true,1785415099347,LeaderAccept
1785415099300,false,1785415099380,LeaderAccept
1785415099334,true,1785415099415,LeaderAccept
1785415099370,false,1785415099450,LeaderAccept
1785415099406,false,1785415099486,LeaderAccept
1785415099442,false,1785415099523,LeaderAccept
1785415099479,true,1785415099560,LeaderAccept
1785415099517,true,1785415099597,LeaderAccept
1785415099555,true,1785415099637,LeaderAccept
1785415099594,true,1785415099675,LeaderAccept
1785415099635,true,1785415099715,LeaderAccept
1785415099675,false,1785415099756,LeaderAccept
1785415099716,true,1785415099797,LeaderAccept
1785415099758,false,1785415099839,LeaderAccept
1785415099802,false,1785415099882,LeaderAccept
1785415099846,true,1785415099927,LeaderAccept
1785415099891,true,1785415099971,LeaderAccept
1785415099937,true,1785415100018,LeaderAccept
1785415099985,false,1785415100065,LeaderAccept
1785415100033,false,1785415100114,LeaderAccept
1785415100082,false,1785415100164,LeaderAccept
1785415100133,false,1785415100214,LeaderAccept
1785415100185,true,1785415100266,LeaderAccept
1785415100239,true,1785415100320,LeaderAccept
1785415100294,false,1785415100375,LeaderAccept
1785415100351,true,1785415100432,LeaderAccept
1785415100409,true,1785415100489,LeaderAccept
1785415100468,true,1785415100549,LeaderAccept
1785415100530,false,1785415100610,LeaderAccept
1785415100592,false,1785415100673,LeaderAccept
1785415100657,false,1785415100738,LeaderAccept
1785415100724,false,1785415100805,LeaderAccept
1785415100793,true,1785415100874,LeaderAccept
1785415100865,true,1785415100946,LeaderAccept
1785415100939,true,1785415101020,LeaderAccept
1785415101016,false,1785415101097,LeaderAccept
1785415101096,true,1785415101178,LeaderAccept
1785415101180,true,1785415101260,LeaderAccept
1785415101267,true,1785415101348,LeaderAccept
1785415101358,false,1785415101438,LeaderAccept
1785415101452,false,1785415101533,LeaderAccept
1785415101551,true,1785415101632,LeaderAccept
1785415101656,true,1785415101736,LeaderAccept
1785415101765,true,1785415101846,LeaderAccept
1785415101875,false,1785415101956,LeaderAccept
1785415101898,false,1785415101979,LeaderAccept
1785415101920,false,1785415102000,LeaderAccept
1785415101942,true,1785415102023,LeaderAccept
1785415101964,true,1785415102045,LeaderAccept
1785415101988,false,1785415102068,LeaderAccept
1785415102010,false,1785415102090,LeaderAccept
1785415102034,true,1785415102114,LeaderAccept
1785415102057,true,1785415102137,LeaderAccept
1785415102081,true,1785415102160,LeaderAccept
1785415102104,false,1785415102184,LeaderAccept
1785415102129,true,1785415102209,LeaderAccept
1785415102154,true,1785415102234,LeaderAccept
1785415102179,false,1785415102259,LeaderAccept
1785415102204,true,1785415102283,LeaderAccept
1785415102228,false,1785415102309,LeaderAccept
1785415102254,true,1785415102335,LeaderAccept
1785415102281,true,1785415102361,LeaderAccept
1785415102307,false,1785415102388,LeaderAccept
1785415102335,false,1785415102415,LeaderAccept
1785415102361,true,1785415102441,LeaderAccept
1785415102389,true,1785415102469,LeaderAccept
1785415102416,false,1785415102497,LeaderAccept
1785415102444,true,1785415102525,LeaderAccept
1785415102472,false,1785415102552,LeaderAccept
1785415102502,false,1785415102582,LeaderAccept
1785415102532,true,1785415102613,LeaderAccept
1785415102562,true,1785415102642,LeaderAccept
1785415102592,true,1785415102672,LeaderAccept
1785415102623,false,1785415102703,LeaderAccept
1785415102654,false,1785415102735,LeaderAccept
1785415102686,true,1785415102766,LeaderAccept
1785415102717,false,1785415102798,LeaderAccept
1785415102750,false,1785415102830,LeaderAccept
1785415102784,true,1785415102864,LeaderAccept
1785415102817,true,1785415102898,LeaderAccept
1785415102852,true,1785415102932,LeaderAccept
1785415102887,false,1785415102967,LeaderAccept
1785415102922,false,1785415103003,LeaderAccept
1785415102957,false,1785415103038,LeaderAccept
1785415102993,true,1785415103074,LeaderAccept
1785415103030,true,1785415103111,LeaderAccept
1785415103069,true,1785415103150,LeaderAccept
1785415103107,false,1785415103187,LeaderAccept
1785415103147,false,1785415103228,LeaderAccept
1785415103186,true,1785415103267,LeaderAccept
1785415103228,true,1785415103308,LeaderAccept
1785415103269,true,1785415103350,LeaderAccept
1785415103311,false,1785415103392,LeaderAccept
1785415103355,true,1785415103435,LeaderAccept
1785415103400,true,1785415103480,LeaderAccept
1785415103446,false,1785415103526,LeaderAccept
1785415103491,false,1785415103571,LeaderAccept
1785415103539,true,1785415103620,LeaderAccept
1785415103588,false,1785415103669,LeaderAccept
1785415103637,false,1785415103718,LeaderAccept
1785415103688,false,1785415103770,LeaderAccept
1785415103740,true,1785415103821,LeaderAccept
1785415103794,false,1785415103875,LeaderAccept
1785415103849,false,1785415103929,LeaderAccept
1785415103905,true,1785415103985,LeaderAccept
1785415103962,true,1785415104043,LeaderAccept
1785415104022,false,1785415104102,LeaderAccept
1785415104082,false,1785415104163,LeaderAccept
1785415104146,true,1785415104226,LeaderAccept
1785415104211,false,1785415104292,LeaderAccept
1785415104278,true,1785415104359,LeaderAccept
1785415104347,true,1785415104428,LeaderAccept
1785415104420,false,1785415104500,LeaderAccept
1785415104494,true,1785415104575,LeaderAccept
1785415104572,false,1785415104652,LeaderAccept
1785415104652,true,1785415104732,LeaderAccept
1785415104736,true,1785415104816,LeaderAccept
1785415104824,false,1785415104904,LeaderAccept
1785415104914,true,1785415104995,LeaderAccept
1785415105010,false,1785415105090,LeaderAccept
1785415105110,false,1785415105191,LeaderAccept
1785415105215,false,1785415105296,LeaderAccept
1785415105325,true,1785415105406,LeaderAccept
1785415105443,false,1785415105524,LeaderAccept
1785415105567,false,1785415105649,LeaderAccept
1785415105699,false,1785415105780,LeaderAccept
1785415105840,true,1785415105921,LeaderAccept
1785415105990,true,1785415106070,LeaderAccept
1785415106153,false,1785415106234,LeaderAccept
1785415106328,false,1785415106409,LeaderAccept
1785415106521,true,1785415106602,LeaderAccept
1785415106733,true,1785415106814,LeaderAccept
1785415106968,false,1785415107049,LeaderAccept
1785415107232,false,1785415107314,LeaderAccept
1785415107534,true,1785415107615,LeaderAccept
1785415107883,true,1785415107964,LeaderAccept
1785415108301,true,1785415108382,LeaderAccept
1785415108815,false,1785415108896,LeaderAccept
1785415109478,true,1785415109559,LeaderAccept
1785415110402,false,1785415110483,LeaderAccept
1785415111869,true,1785415111950,LeaderAccept
1785415114922,true,1785415115003,LeaderAccept
1785415128965,true,1785415129045,LeaderAccept
1785415135491,true,1785415135572,LeaderAccept
1785415135509,false,1785415135591,LeaderAccept
1785415135528,false,1785415135609,LeaderAccept
1785415135547,false,1785415135628,LeaderAccept
1785415135565,false,1785415135646,LeaderAccept
1785415135584,false,1785415135665,LeaderAccept
1785415135604,false,1785415135684,LeaderAccept
1785415135624,false,1785415135705,LeaderAccept
1785415135644,false,1785415135725,LeaderAccept
1785415135663,false,1785415135745,LeaderAccept
1785415135684,false,1785415135765,LeaderAccept
1785415135705,true,1785415135785,LeaderAccept
1785415135725,true,1785415135806,LeaderAccept
1785415135745,true,1785415135826,LeaderAccept
1785415135766,false,1785415135846,LeaderAccept
1785415135786,false,1785415135867,LeaderAccept
1785415135808,true,1785415135889,LeaderAccept
1785415135828,true,1785415135909,LeaderAccept
1785415135849,false,1785415135930,LeaderAccept
1785415135872,true,1785415135953,LeaderAccept
1785415135893,false,1785415135974,LeaderAccept
1785415135915,false,1785415135995,LeaderAccept
1785415135938,true,1785415136019,LeaderAccept
1785415135961,false,1785415136041,LeaderAccept
1785415135983,false,1785415136064,LeaderAccept
1785415136007,true,1785415136087,LeaderAccept
1785415136031,true,1785415136111,LeaderAccept
1785415136055,false,1785415136136,LeaderAccept
1785415136079,false,1785415136160,LeaderAccept
1785415136102,true,1785415136183,LeaderAccept
1785415136127,false,1785415136208,LeaderAccept
1785415136151,true,1785415136233,LeaderAccept
1785415136177,true,1785415136258,LeaderAccept
1785415136203,false,1785415136283,LeaderAccept
1785415136229,false,1785415136310,LeaderAccept
1785415136255,false,1785415136335,LeaderAccept
1785415136282,false,1785415136363,LeaderAccept
1785415136308,false,1785415136390,LeaderAccept
1785415136335,true,1785415136416,LeaderAccept
1785415136363,false,1785415136443,LeaderAccept
1785415136391,false,1785415136471,LeaderAccept
1785415136419,false,1785415136500,LeaderAccept
1785415136447,true,1785415136529,LeaderAccept
1785415136477,true,1785415136558,LeaderAccept
1785415136506,true,1785415136587,LeaderAccept
1785415136535,false,1785415136616,LeaderAccept
1785415136566,true,1785415136647,LeaderAccept
1785415136596,true,1785415136678,LeaderAccept
1785415136628,false,1785415136709,LeaderAccept
1785415136659,false,1785415136740,LeaderAccept
1785415136691,false,1785415136772,LeaderAccept
1785415136724,true,1785415136805,LeaderAccept
1785415136756,false,1785415136838,LeaderAccept
1785415136789,false,1785415136871,LeaderAccept
1785415136824,false,1785415136905,LeaderAccept
1785415136859,false,1785415136940,LeaderAccept
1785415136895,true,1785415136976,LeaderAccept
1785415136930,true,1785415137012,LeaderAccept
1785415136966,true,1785415137047,LeaderAccept
1785415137004,true,1785415137085,LeaderAccept
1785415137041,true,1785415137123,LeaderAccept
1785415137079,true,1785415137161,LeaderAccept
1785415137119,false,1785415137200,LeaderAccept
1785415137159,false,1785415137241,LeaderAccept
1785415137200,false,1785415137281,LeaderAccept
1785415137242,false,1785415137323,LeaderAccept
1785415137284,true,1785415137366,LeaderAccept
1785415137328,false,1785415137409,LeaderAccept
1785415137372,false,1785415137454,LeaderAccept
1785415137417,false,1785415137499,LeaderAccept
1785415137464,false,1785415137546,LeaderAccept
1785415137512,false,1785415137593,LeaderAccept
1785415137561,true,1785415137642,LeaderAccept
1785415137610,false,1785415137692,LeaderAccept
1785415137662,true,1785415137743,LeaderAccept
1785415137715,false,1785415137795,LeaderAccept
1785415137768,false,1785415137850,LeaderAccept
1785415137824,true,1785415137905,LeaderAccept
1785415137881,false,1785415137963,LeaderAccept
1785415137938,true,1785415138019,LeaderAccept
1785415137998,true,1785415138079,LeaderAccept
1785415138060,true,1785415138141,LeaderAccept
1785415138122,true,1785415138204,LeaderAccept
1785415138188,true,1785415138270,LeaderAccept
1785415138256,true,1785415138337,LeaderAccept
1785415138326,false,1785415138407,LeaderAccept
1785415138398,false,1785415138480,LeaderAccept
1785415138474,true,1785415138555,LeaderAccept
1785415138552,false,1785415138633,LeaderAccept
1785415138632,true,1785415138714,LeaderAccept
1785415138716,true,1785415138797,LeaderAccept
1785415138803,true,1785415138885,LeaderAccept
1785415138895,false,1785415138976,LeaderAccept
1785415138991,false,1785415139072,LeaderAccept
1785415139091,true,1785415139172,LeaderAccept
1785415139196,true,1785415139277,LeaderAccept
1785415139307,true,1785415139389,LeaderAccept
1785415139425,false,1785415139506,LeaderAccept
1785415139550,false,1785415139631,LeaderAccept
1785415139682,true,1785415139763,LeaderAccept
1785415139824,false,1785415139905,LeaderAccept
1785415139975,false,1785415140057,LeaderAccept
1785415140139,true,1785415140220,LeaderAccept
1785415140315,true,1785415140397,LeaderAccept
1785415140509,true,1785415140591,LeaderAccept
1785415140722,true,1785415140803,LeaderAccept
1785415140958,false,1785415141039,LeaderAccept
1785415141225,false,1785415141306,LeaderAccept
1785415141529,true,1785415141610,LeaderAccept
1785415141882,true,1785415141964,LeaderAccept
1785415142303,false,1785415142385,LeaderAccept
1785415142823,false,1785415142904,LeaderAccept
1785415143498,false,1785415143579,LeaderAccept
1785415144443,true,1785415144509,FastAccept
1785415145957,true,1785415146023,FastAccept
1785415149184,false,1785415149265,LeaderAccept
1785415160703,false,1785415160783,LeaderAccept
1785415160736,false,1785415160817,LeaderAccept
1785415160771,false,1785415160852,LeaderAccept
1785415160805,true,1785415160885,LeaderAccept
1785415160840,false,1785415160920,LeaderAccept
1785415160876,true,1785415160957,LeaderAccept
1785415160913,false,1785415160993,LeaderAccept
1785415160950,false,1785415161031,LeaderAccept
1785415160987,true,1785415161068,LeaderAccept
1785415161026,false,1785415161107,LeaderAccept
1785415161064,true,1785415161145,LeaderAccept
1785415161103,true,1785415161184,LeaderAccept
1785415161144,false,1785415161225,LeaderAccept
1785415161185,true,1785415161266,LeaderAccept
1785415161228,false,1785415161308,LeaderAccept
1785415161271,false,1785415161351,LeaderAccept
1785415161314,true,1785415161395,LeaderAccept
1785415161359,false,1785415161439,LeaderAccept
1785415161405,true,1785415161486,LeaderAccept
1785415161452,false,1785415161532,LeaderAccept
1785415161500,true,1785415161581,LeaderAccept
1785415161549,true,1785415161630,LeaderAccept
1785415161599,true,1785415161679,LeaderAccept
1785415161651,true,1785415161732,LeaderAccept
1785415161704,false,1785415161784,LeaderAccept
1785415161758,false,1785415161838,LeaderAccept
1785415161813,true,1785415161894,LeaderAccept
1785415161871,true,1785415161951,LeaderAccept
1785415161930,false,1785415162011,LeaderAccept
1785415161990,true,1785415162071,LeaderAccept
1785415162053,true,1785415162134,LeaderAccept
1785415162116,true,1785415162197,LeaderAccept
1785415162183,true,1785415162263,LeaderAccept
1785415162251,true,1785415162332,LeaderAccept
1785415162321,false,1785415162402,LeaderAccept
1785415162395,true,1785415162476,LeaderAccept
1785415162471,false,1785415162551,LeaderAccept
1785415162550,false,1785415162631,LeaderAccept
1785415162632,false,1785415162713,LeaderAccept
1785415162718,true,1785415162799,LeaderAccept
1785415162807,false,1785415162888,LeaderAccept
1785415162900,true,1785415162981,LeaderAccept
1785415162998,false,1785415163079,LeaderAccept
1785415163101,false,1785415163181,LeaderAccept
1785415163208,false,1785415163289,LeaderAccept
1785415163322,false,1785415163403,LeaderAccept
1785415163443,true,1785415163524,LeaderAccept
1785415163570,false,1785415163652,LeaderAccept
1785415163707,true,1785415163788,LeaderAccept
1785415163853,true,1785415163934,LeaderAccept
1785415164009,true,1785415164090,LeaderAccept
1785415164179,false,1785415164260,LeaderAccept
1785415164363,false,1785415164443,LeaderAccept
1785415164565,true,1785415164646,LeaderAccept
1785415164787,false,1785415164868,LeaderAccept
1785415165036,false,1785415165116,LeaderAccept
1785415165318,true,1785415165399,LeaderAccept
1785415165642,true,1785415165722,LeaderAccept
1785415166023,true,1785415166104,LeaderAccept
1785415166483,true,1785415166565,LeaderAccept
1785415167062,true,1785415167143,LeaderAccept
1785415167836,true,1785415167917,LeaderAccept
1785415168975,true,1785415169057,LeaderAccept
1785415170987,true,1785415171068,LeaderAccept
1785415176484,false,1785415176566,LeaderAccept
1785415177117,true,1785415177197,LeaderAccept
1785415177141,false,1785415177220,LeaderAccept
1785415177164,false,1785415177244,LeaderAccept
1785415177188,false,1785415177269,LeaderAccept
1785415177211,false,1785415177292,LeaderAccept
1785415177236,true,1785415177316,LeaderAccept
1785415177259,false,1785415177340,LeaderAccept
1785415177284,false,1785415177365,LeaderAccept
1785415177309,true,1785415177389,LeaderAccept
1785415177334,true,1785415177414,LeaderAccept
1785415177359,true,1785415177439,LeaderAccept
1785415177385,false,1785415177465,LeaderAccept
1785415177410,true,1785415177491,LeaderAccept
1785415177437,true,1785415177517,LeaderAccept
1785415177464,false,1785415177544,LeaderAccept
1785415177491,false,1785415177571,LeaderAccept
1785415177519,false,1785415177599,LeaderAccept
1785415177546,false,1785415177627,LeaderAccept
1785415177575,true,1785415177655,LeaderAccept
1785415177603,true,1785415177684,LeaderAccept
1785415177633,true,1785415177713,LeaderAccept
1785415177663,true,1785415177743,LeaderAccept
1785415177693,true,1785415177773,LeaderAccept
1785415177724,true,1785415177804,LeaderAccept
1785415177754,false,1785415177834,LeaderAccept
1785415177785,true,1785415177865,LeaderAccept
1785415177816,false,1785415177897,LeaderAccept
1785415177848,false,1785415177929,LeaderAccept
1785415177881,true,1785415177961,LeaderAccept
1785415177914,true,1785415177994,LeaderAccept
1785415177948,false,1785415178028,LeaderAccept
1785415177981,false,1785415178062,LeaderAccept
1785415178015,true,1785415178095,LeaderAccept
1785415178050,false,1785415178131,LeaderAccept
1785415178087,false,1785415178168,LeaderAccept
1785415178123,false,1785415178204,LeaderAccept
1785415178161,true,1785415178242,LeaderAccept
1785415178199,false,1785415178279,LeaderAccept
1785415178238,false,1785415178318,LeaderAccept
1785415178278,true,1785415178358,LeaderAccept
1785415178318,true,1785415178398,LeaderAccept
1785415178358,false,1785415178438,LeaderAccept
1785415178399,false,1785415178480,LeaderAccept
1785415178442,true,1785415178522,LeaderAccept
1785415178485,true,1785415178567,LeaderAccept
1785415178530,true,1785415178611,LeaderAccept
1785415178575,true,1785415178655,LeaderAccept
1785415178622,true,1785415178703,LeaderAccept
1785415178670,false,1785415178750,LeaderAccept
1785415178719,true,1785415178799,LeaderAccept
1785415178769,true,1785415178850,LeaderAccept
1785415178820,true,1785415178901,LeaderAccept
1785415178872,false,1785415178953,LeaderAccept
1785415178926,false,1785415179006,LeaderAccept
1785415178981,false,1785415179062,LeaderAccept
1785415179038,false,1785415179117,LeaderAccept
1785415179096,false,1785415179177,LeaderAccept
1785415179155,true,1785415179236,LeaderAccept
1785415179217,true,1785415179298,LeaderAccept
1785415179280,false,1785415179361,LeaderAccept
1785415179346,true,1785415179426,LeaderAccept
1785415179414,false,1785415179494,LeaderAccept
1785415179484,true,1785415179564,LeaderAccept
1785415179557,false,1785415179637,LeaderAccept
1785415179632,false,1785415179713,LeaderAccept
1785415179710,false,1785415179790,LeaderAccept
1785415179790,false,1785415179871,LeaderAccept
1785415179874,true,1785415179956,LeaderAccept
1785415179963,true,1785415180044,LeaderAccept
1785415180055,false,1785415180136,LeaderAccept
1785415180150,false,1785415180231,LeaderAccept
1785415180251,false,1785415180332,LeaderAccept
1785415180357,true,1785415180438,LeaderAccept
1785415180469,false,1785415180550,LeaderAccept
1785415180587,true,1785415180668,LeaderAccept
1785415180711,false,1785415180792,LeaderAccept
1785415180844,true,1785415180925,LeaderAccept
1785415180986,true,1785415181067,LeaderAccept
1785415181137,false,1785415181218,LeaderAccept
1785415181301,false,1785415181382,LeaderAccept
1785415181479,true,1785415181559,LeaderAccept
1785415181673,true,1785415181754,LeaderAccept
1785415181886,true,1785415181967,LeaderAccept
1785415182124,false,1785415182205,LeaderAccept
1785415182392,false,1785415182473,LeaderAccept
1785415182698,true,1785415182778,LeaderAccept
1785415183053,false,1785415183134,LeaderAccept
1785415183479,false,1785415183560,LeaderAccept
1785415184005,true,1785415184086,LeaderAccept
1785415184689,false,1785415184770,LeaderAccept
1785415185651,false,1785415185764,LeaderAccept
1785415187207,false,1785415187272,FastAccept
1785415190592,false,1785415190672,LeaderAccept
