request_time,write,response_time,accept_status
1785231328306,true,1785231328382,LeaderAccept
1785231328847,true,1785231328921,LeaderAccept
1785231329554,false,1785231329631,LeaderAccept
1785231330562,false,1785231330637,LeaderAccept
1785231332229,true,1785231332304,LeaderAccept
1785231336064,true,1785231336140,LeaderAccept
1785231336442,true,1785231336516,LeaderAccept
1785231336479,true,1785231336555,LeaderAccept
1785231336516,true,1785231336591,LeaderAccept
1785231336555,false,1785231336629,LeaderAccept
1785231336594,true,1785231336668,LeaderAccept
1785231336633,true,1785231336706,LeaderAccept
1785231336673,true,1785231336747,LeaderAccept
1785231336714,true,1785231336790,LeaderAccept
1785231336755,true,1785231336831,LeaderAccept
1785231336797,true,1785231336873,LeaderAccept
1785231336841,true,1785231336915,LeaderAccept
1785231336885,true,1785231336959,LeaderAccept
1785231336929,true,1785231337004,LeaderAccept
1785231336975,true,1785231337050,LeaderAccept
1785231337023,false,1785231337098,LeaderAccept
1785231337072,false,1785231337147,LeaderAccept
1785231337121,true,1785231337194,LeaderAccept
1785231337173,true,1785231337250,LeaderAccept
1785231337224,true,1785231337301,LeaderAccept
1785231337278,true,1785231337353,LeaderAccept
1785231337332,false,1785231337409,LeaderAccept
1785231337389,false,1785231337464,LeaderAccept
1785231337447,true,1785231337522,LeaderAccept
1785231337507,false,1785231337581,LeaderAccept
1785231337569,true,1785231337646,LeaderAccept
1785231337632,false,1785231337707,LeaderAccept
1785231337698,true,1785231337774,LeaderAccept
1785231337766,false,1785231337842,LeaderAccept
1785231337836,true,1785231337911,LeaderAccept
1785231337909,true,1785231337984,LeaderAccept
1785231337983,true,1785231338060,LeaderAccept
1785231338061,true,1785231338137,LeaderAccept
1785231338142,true,1785231338216,LeaderAccept
1785231338225,true,1785231338302,LeaderAccept
1785231338313,true,1785231338388,LeaderAccept
1785231338404,true,1785231338477,LeaderAccept
1785231338499,true,1785231338575,LeaderAccept
1785231338599,false,1785231338675,LeaderAccept
1785231338705,false,1785231338781,LeaderAccept
1785231338816,false,1785231338891,LeaderAccept
1785231338933,true,1785231339009,LeaderAccept
1785231339058,true,1785231339134,LeaderAccept
1785231339190,false,1785231339265,LeaderAccept
1785231339331,false,1785231339407,LeaderAccept
1785231339482,true,1785231339558,LeaderAccept
1785231339645,true,1785231339721,LeaderAccept
1785231339822,false,1785231339899,LeaderAccept
1785231340015,false,1785231340089,LeaderAccept
1785231340227,false,1785231340302,LeaderAccept
1785231340463,true,1785231340537,LeaderAccept
1785231340728,true,1785231340803,LeaderAccept
1785231341031,false,1785231341106,LeaderAccept
1785231341382,false,1785231341459,LeaderAccept
1785231341801,true,1785231341878,LeaderAccept
1785231342318,true,1785231342393,LeaderAccept
1785231342987,false,1785231343060,LeaderAccept
1785231343921,false,1785231343995,LeaderAccept
1785231345410,false,1785231345487,LeaderAccept
1785231348544,true,1785231348620,LeaderAccept
1785231363559,false,1785231363633,LeaderAccept
1785231392958,false,1785231393032,LeaderAccept
1785231392975,false,1785231393051,LeaderAccept
1785231392992,false,1785231393068,LeaderAccept
1785231393010,false,1785231393084,LeaderAccept
1785231393028,false,1785231393104,LeaderAccept
1785231393045,true,1785231393119,LeaderAccept
1785231393063,false,1785231393137,LeaderAccept
1785231393081,true,1785231393156,LeaderAccept
1785231393099,true,1785231393173,LeaderAccept
1785231393117,false,1785231393191,LeaderAccept
1785231393135,false,1785231393211,LeaderAccept
1785231393154,false,1785231393229,LeaderAccept
1785231393173,true,1785231393246,LeaderAccept
1785231393192,false,1785231393268,LeaderAccept
1785231393210,false,1785231393286,LeaderAccept
1785231393229,false,1785231393305,LeaderAccept
1785231393248,true,1785231393323,LeaderAccept
1785231393268,false,1785231393343,LeaderAccept
1785231393288,false,1785231393361,LeaderAccept
1785231393308,false,1785231393382,LeaderAccept
1785231393328,true,1785231393402,LeaderAccept
1785231393348,true,1785231393421,LeaderAccept
1785231393368,false,1785231393443,LeaderAccept
1785231393389,false,1785231393464,LeaderAccept
1785231393409,false,1785231393483,LeaderAccept
1785231393431,true,1785231393505,LeaderAccept
1785231393451,true,1785231393526,LeaderAccept
1785231393473,false,1785231393548,LeaderAccept
1785231393495,false,1785231393569,LeaderAccept
1785231393517,true,1785231393589,LeaderAccept
1785231393539,true,1785231393614,LeaderAccept
1785231393562,false,1785231393636,LeaderAccept
1785231393585,true,1785231393659,LeaderAccept
1785231393607,true,1785231393683,LeaderAccept
1785231393631,false,1785231393705,LeaderAccept
1785231393655,false,1785231393732,LeaderAccept
1785231393679,true,1785231393754,LeaderAccept
1785231393703,true,1785231393777,LeaderAccept
1785231393727,true,1785231393801,LeaderAccept
1785231393751,true,1785231393826,LeaderAccept
1785231393776,true,1785231393850,LeaderAccept
1785231393801,true,1785231393876,LeaderAccept
1785231393826,false,1785231393901,LeaderAccept
1785231393851,false,1785231393924,LeaderAccept
1785231393878,false,1785231393954,LeaderAccept
1785231393905,false,1785231393980,LeaderAccept
1785231393932,false,1785231394007,LeaderAccept
1785231393959,false,1785231394033,LeaderAccept
1785231393987,false,1785231394061,LeaderAccept
1785231394014,false,1785231394090,LeaderAccept
1785231394042,true,1785231394116,LeaderAccept
1785231394071,true,1785231394147,LeaderAccept
1785231394100,false,1785231394175,LeaderAccept
1785231394130,true,1785231394204,LeaderAccept
1785231394158,true,1785231394234,LeaderAccept
1785231394189,true,1785231394264,LeaderAccept
1785231394219,false,1785231394293,LeaderAccept
1785231394251,true,1785231394325,LeaderAccept
1785231394281,false,1785231394356,LeaderAccept
1785231394313,false,1785231394387,LeaderAccept
1785231394345,false,1785231394419,LeaderAccept
1785231394378,true,1785231394455,LeaderAccept
1785231394412,true,1785231394487,LeaderAccept
1785231394446,false,1785231394521,LeaderAccept
1785231394480,true,1785231394555,LeaderAccept
1785231394516,false,1785231394591,LeaderAccept
1785231394552,true,1785231394627,LeaderAccept
1785231394588,false,1785231394664,LeaderAccept
1785231394625,true,1785231394701,LeaderAccept
1785231394663,true,1785231394739,LeaderAccept
1785231394700,false,1785231394775,LeaderAccept
1785231394740,true,1785231394814,LeaderAccept
1785231394779,false,1785231394855,LeaderAccept
1785231394820,false,1785231394894,LeaderAccept
1785231394861,false,1785231394935,LeaderAccept
1785231394902,true,1785231394976,LeaderAccept
1785231394946,false,1785231395020,LeaderAccept
1785231394991,false,1785231395067,LeaderAccept
1785231395036,false,1785231395112,LeaderAccept
1785231395082,true,1785231395159,LeaderAccept
1785231395130,true,1785231395204,LeaderAccept
1785231395179,true,1785231395255,LeaderAccept
1785231395228,false,1785231395304,LeaderAccept
1785231395278,true,1785231395354,LeaderAccept
1785231395330,true,1785231395405,LeaderAccept
1785231395382,true,1785231395457,LeaderAccept
1785231395437,true,1785231395513,LeaderAccept
1785231395493,true,1785231395570,LeaderAccept
1785231395551,true,1785231395626,LeaderAccept
1785231395610,true,1785231395687,LeaderAccept
1785231395670,false,1785231395746,LeaderAccept
1785231395733,false,1785231395810,LeaderAccept
1785231395798,false,1785231395873,LeaderAccept
1785231395865,true,1785231395941,LeaderAccept
1785231395934,true,1785231396009,LeaderAccept
1785231396005,false,1785231396080,LeaderAccept
1785231396080,true,1785231396155,LeaderAccept
1785231396156,true,1785231396233,LeaderAccept
1785231396236,true,1785231396311,LeaderAccept
1785231396318,false,1785231396394,LeaderAccept
1785231396405,true,1785231396481,LeaderAccept
1785231396495,false,1785231396570,LeaderAccept
1785231396589,false,1785231396665,LeaderAccept
1785231396687,true,1785231396762,LeaderAccept
1785231396791,false,1785231396866,LeaderAccept
1785231396899,false,1785231396974,LeaderAccept
1785231397013,false,1785231397089,LeaderAccept
1785231397134,false,1785231397210,LeaderAccept
1785231397264,true,1785231397339,LeaderAccept
1785231397402,true,1785231397478,LeaderAccept
1785231397549,true,1785231397623,LeaderAccept
1785231397707,true,1785231397783,LeaderAccept
1785231397878,true,1785231397954,LeaderAccept
1785231398065,true,1785231398141,LeaderAccept
1785231398270,false,1785231398346,LeaderAccept
1785231398496,true,1785231398570,LeaderAccept
1785231398751,false,1785231398827,LeaderAccept
1785231399039,false,1785231399113,LeaderAccept
1785231399372,true,1785231399448,LeaderAccept
1785231399764,false,1785231399840,LeaderAccept
1785231400242,false,1785231400317,LeaderAccept
1785231400849,false,1785231400926,LeaderAccept
1785231401670,false,1785231401745,LeaderAccept
1785231402907,false,1785231402982,LeaderAccept
1785231405202,false,1785231405279,LeaderAccept
1785231412430,false,1785231412507,LeaderAccept
1785231413538,true,1785231413611,LeaderAccept
1785231413570,false,1785231413647,LeaderAccept
1785231413602,true,1785231413677,LeaderAccept
1785231413636,true,1785231413712,LeaderAccept
1785231413670,true,1785231413744,LeaderAccept
1785231413704,false,1785231413779,LeaderAccept
1785231413740,true,1785231413814,LeaderAccept
1785231413776,true,1785231413850,LeaderAccept
1785231413812,true,1785231413887,LeaderAccept
1785231413850,true,1785231413923,LeaderAccept
1785231413887,false,1785231413963,LeaderAccept
1785231413926,false,1785231414002,LeaderAccept
1785231413966,false,1785231414041,LeaderAccept
1785231414006,false,1785231414079,LeaderAccept
1785231414046,true,1785231414119,LeaderAccept
1785231414088,true,1785231414162,LeaderAccept
1785231414130,false,1785231414204,LeaderAccept
1785231414173,true,1785231414250,LeaderAccept
1785231414216,false,1785231414293,LeaderAccept
1785231414262,true,1785231414337,LeaderAccept
1785231414308,false,1785231414384,LeaderAccept
1785231414355,true,1785231414430,LeaderAccept
1785231414403,false,1785231414478,LeaderAccept
1785231414452,true,1785231414526,LeaderAccept
1785231414501,false,1785231414578,LeaderAccept
1785231414553,true,1785231414627,LeaderAccept
1785231414606,false,1785231414681,LeaderAccept
1785231414660,true,1785231414736,LeaderAccept
1785231414715,true,1785231414792,LeaderAccept
1785231414773,true,1785231414849,LeaderAccept
1785231414833,true,1785231414909,LeaderAccept
1785231414894,true,1785231414969,LeaderAccept
1785231414957,false,1785231415032,LeaderAccept
1785231415022,false,1785231415098,LeaderAccept
1785231415089,false,1785231415165,LeaderAccept
1785231415159,false,1785231415234,LeaderAccept
1785231415231,false,1785231415307,LeaderAccept
1785231415305,false,1785231415380,LeaderAccept
1785231415381,false,1785231415457,LeaderAccept
1785231415461,true,1785231415538,LeaderAccept
1785231415544,true,1785231415618,LeaderAccept
1785231415630,false,1785231415707,LeaderAccept
1785231415720,false,1785231415796,LeaderAccept
1785231415815,false,1785231415890,LeaderAccept
1785231415913,false,1785231415989,LeaderAccept
1785231416016,true,1785231416093,LeaderAccept
1785231416125,true,1785231416201,LeaderAccept
1785231416241,true,1785231416315,LeaderAccept
1785231416363,true,1785231416441,LeaderAccept
1785231416493,false,1785231416570,LeaderAccept
1785231416631,true,1785231416708,LeaderAccept
1785231416779,true,1785231416854,LeaderAccept
1785231416938,false,1785231417014,LeaderAccept
1785231417110,false,1785231417185,LeaderAccept
1785231417298,false,1785231417375,LeaderAccept
1785231417503,false,1785231417580,LeaderAccept
1785231417732,false,1785231417809,LeaderAccept
1785231417988,true,1785231418063,LeaderAccept
1785231418277,true,1785231418352,LeaderAccept
1785231418612,true,1785231418687,LeaderAccept
1785231419009,false,1785231419086,LeaderAccept
1785231419492,true,1785231419569,LeaderAccept
1785231420106,true,1785231420182,LeaderAccept
1785231420941,true,1785231421018,LeaderAccept
1785231422207,true,1785231422282,LeaderAccept
1785231424589,true,1785231424666,LeaderAccept
1785231427730,true,1785231427805,LeaderAccept
1785231427753,true,1785231427827,LeaderAccept
1785231427776,false,1785231427850,LeaderAccept
1785231427799,true,1785231427873,LeaderAccept
1785231427822,true,1785231427899,LeaderAccept
1785231427846,false,1785231427921,LeaderAccept
1785231427870,false,1785231427944,LeaderAccept
1785231427894,false,1785231427969,LeaderAccept
1785231427919,false,1785231427994,LeaderAccept
1785231427943,false,1785231428018,LeaderAccept
1785231427969,false,1785231428043,LeaderAccept
1785231427994,false,1785231428068,LeaderAccept
1785231428019,false,1785231428094,LeaderAccept
1785231428045,false,1785231428118,LeaderAccept
1785231428071,true,1785231428145,LeaderAccept
1785231428098,true,1785231428171,LeaderAccept
1785231428125,false,1785231428199,LeaderAccept
1785231428151,true,1785231428226,LeaderAccept
1785231428178,true,1785231428253,LeaderAccept
1785231428207,true,1785231428283,LeaderAccept
1785231428236,true,1785231428310,LeaderAccept
1785231428265,true,1785231428340,LeaderAccept
1785231428294,false,1785231428368,LeaderAccept
1785231428323,false,1785231428398,LeaderAccept
1785231428352,true,1785231428428,LeaderAccept
1785231428383,false,1785231428456,LeaderAccept
1785231428413,true,1785231428488,LeaderAccept
1785231428444,true,1785231428518,LeaderAccept
1785231428476,false,1785231428550,LeaderAccept
1785231428508,true,1785231428584,LeaderAccept
1785231428541,false,1785231428616,LeaderAccept
1785231428575,false,1785231428651,LeaderAccept
1785231428609,false,1785231428684,LeaderAccept
1785231428644,true,1785231428719,LeaderAccept
1785231428679,false,1785231428754,LeaderAccept
1785231428715,false,1785231428790,LeaderAccept
1785231428751,true,1785231428827,LeaderAccept
1785231428788,true,1785231428863,LeaderAccept
1785231428825,false,1785231428899,LeaderAccept
1785231428862,true,1785231428937,LeaderAccept
1785231428901,false,1785231428976,LeaderAccept
1785231428940,false,1785231429015,LeaderAccept
1785231428980,false,1785231429056,LeaderAccept
1785231429021,true,1785231429097,LeaderAccept
1785231429063,false,1785231429137,LeaderAccept
1785231429106,false,1785231429182,LeaderAccept
1785231429150,false,1785231429226,LeaderAccept
1785231429195,false,1785231429268,LeaderAccept
1785231429241,false,1785231429315,LeaderAccept
1785231429287,false,1785231429362,LeaderAccept
1785231429335,true,1785231429409,LeaderAccept
1785231429384,false,1785231429459,LeaderAccept
1785231429434,false,1785231429508,LeaderAccept
1785231429485,true,1785231429561,LeaderAccept
1785231429538,true,1785231429613,LeaderAccept
1785231429592,true,1785231429667,LeaderAccept
1785231429648,false,1785231429722,LeaderAccept
1785231429705,false,1785231429781,LeaderAccept
1785231429764,false,1785231429839,LeaderAccept
1785231429823,true,1785231429900,LeaderAccept
1785231429885,true,1785231429961,LeaderAccept
1785231429949,false,1785231430025,LeaderAccept
1785231430014,true,1785231430089,LeaderAccept
1785231430083,true,1785231430159,LeaderAccept
1785231430153,true,1785231430230,LeaderAccept
1785231430226,false,1785231430300,LeaderAccept
1785231430301,true,1785231430377,LeaderAccept
1785231430379,false,1785231430457,LeaderAccept
1785231430461,false,1785231430536,LeaderAccept
1785231430546,false,1785231430622,LeaderAccept
1785231430635,true,1785231430709,LeaderAccept
1785231430728,false,1785231430803,LeaderAccept
1785231430825,true,1785231430900,LeaderAccept
1785231430927,true,1785231431003,LeaderAccept
1785231431033,false,1785231431110,LeaderAccept
1785231431146,true,1785231431222,LeaderAccept
1785231431265,true,1785231431340,LeaderAccept
1785231431391,false,1785231431468,LeaderAccept
1785231431526,true,1785231431600,LeaderAccept
1785231431669,true,1785231431745,LeaderAccept
1785231431823,true,1785231431898,LeaderAccept
1785231431989,true,1785231432062,LeaderAccept
1785231432169,false,1785231432246,LeaderAccept
1785231432367,false,1785231432442,LeaderAccept
1785231432585,false,1785231432661,LeaderAccept
1785231432827,true,1785231432902,LeaderAccept
1785231433101,true,1785231433178,LeaderAccept
1785231433415,false,1785231433490,LeaderAccept
1785231433782,false,1785231433858,LeaderAccept
1785231434223,true,1785231434298,LeaderAccept
1785231434772,true,1785231434848,LeaderAccept
1785231435494,false,1785231435568,LeaderAccept
1785231436530,false,1785231436603,LeaderAccept
1785231438267,true,1785231438343,LeaderAccept
1785231439054,true,1785231439129,LeaderAccept
1785231439082,true,1785231439159,LeaderAccept
1785231439110,true,1785231439185,LeaderAccept
1785231439140,false,1785231439216,LeaderAccept
1785231439169,false,1785231439244,LeaderAccept
1785231439200,true,1785231439275,LeaderAccept
1785231439230,false,1785231439306,LeaderAccept
1785231439261,false,1785231439337,LeaderAccept
1785231439293,true,1785231439368,LeaderAccept
1785231439324,false,1785231439400,LeaderAccept
1785231439357,false,1785231439434,LeaderAccept
1785231439390,true,1785231439465,LeaderAccept
1785231439424,true,1785231439499,LeaderAccept
1785231439458,true,1785231439533,LeaderAccept
1785231439492,false,1785231439568,LeaderAccept
1785231439527,false,1785231439602,LeaderAccept
1785231439562,false,1785231439636,LeaderAccept
1785231439597,true,1785231439673,LeaderAccept
1785231439634,true,1785231439709,LeaderAccept
1785231439672,false,1785231439747,LeaderAccept
1785231439709,false,1785231439786,LeaderAccept
1785231439747,true,1785231439821,LeaderAccept
1785231439787,false,1785231439863,LeaderAccept
1785231439828,false,1785231439902,LeaderAccept
1785231439868,true,1785231439944,LeaderAccept
1785231439910,false,1785231439986,LeaderAccept
1785231439953,false,1785231440028,LeaderAccept
1785231439997,true,1785231440072,LeaderAccept
1785231440041,false,1785231440117,LeaderAccept
1785231440085,false,1785231440161,LeaderAccept
1785231440132,true,1785231440207,LeaderAccept
1785231440180,false,1785231440255,LeaderAccept
1785231440229,false,1785231440303,LeaderAccept
1785231440279,true,1785231440352,LeaderAccept
1785231440330,true,1785231440406,LeaderAccept
1785231440383,false,1785231440457,LeaderAccept
1785231440437,true,1785231440513,LeaderAccept
1785231440492,true,1785231440567,LeaderAccept
1785231440549,false,1785231440623,LeaderAccept
1785231440608,true,1785231440684,LeaderAccept
1785231440668,true,1785231440746,LeaderAccept
1785231440730,false,1785231440805,LeaderAccept
1785231440794,false,1785231440869,LeaderAccept
1785231440860,true,1785231440935,LeaderAccept
1785231440928,false,1785231441005,LeaderAccept
1785231440997,true,1785231441073,LeaderAccept
1785231441070,true,1785231441145,LeaderAccept
1785231441145,false,1785231441221,LeaderAccept
1785231441223,false,1785231441300,LeaderAccept
1785231441305,false,1785231441380,LeaderAccept
1785231441390,true,1785231441464,LeaderAccept
1785231441478,true,1785231441554,LeaderAccept
1785231441571,true,1785231441645,LeaderAccept
1785231441667,false,1785231441742,LeaderAccept
1785231441768,true,1785231441843,LeaderAccept
1785231441874,false,1785231441950,LeaderAccept
1785231441986,false,1785231442060,LeaderAccept
1785231442103,false,1785231442177,LeaderAccept
1785231442229,false,1785231442305,LeaderAccept
1785231442363,false,1785231442437,LeaderAccept
1785231442506,false,1785231442580,LeaderAccept
1785231442659,true,1785231442734,LeaderAccept
1785231442824,true,1785231442898,LeaderAccept
1785231443002,false,1785231443077,LeaderAccept
1785231443199,false,1785231443274,LeaderAccept
1785231443415,false,1785231443489,LeaderAccept
1785231443656,true,1785231443732,LeaderAccept
1785231443927,true,1785231444002,LeaderAccept
1785231444237,false,1785231444313,LeaderAccept
1785231444601,false,1785231444677,LeaderAccept
1785231445036,false,1785231445111,LeaderAccept
1785231445576,true,1785231445652,LeaderAccept
1785231446283,true,1785231446358,LeaderAccept
1785231447289,false,1785231447364,LeaderAccept
1785231448952,false,1785231449028,LeaderAccept
1785231452774,false,1785231452849,LeaderAccept
1785231463149,false,1785231463208,FastAccept
1785231463183,false,1785231463240,FastAccept
1785231463216,true,1785231463275,FastAccept
1785231463250,false,1785231463349,LeaderAccept
1785231463286,false,1785231463361,LeaderAccept
1785231463322,false,1785231463398,LeaderAccept
1785231463358,false,1785231463431,LeaderAccept
1785231463395,true,1785231463469,LeaderAccept
1785231463432,false,1785231463507,LeaderAccept
1785231463471,false,1785231463546,LeaderAccept
1785231463510,false,1785231463586,LeaderAccept
1785231463550,false,1785231463626,LeaderAccept
1785231463590,false,1785231463666,LeaderAccept
1785231463632,true,1785231463706,LeaderAccept
1785231463675,false,1785231463749,LeaderAccept
1785231463718,false,1785231463794,LeaderAccept
1785231463762,false,1785231463837,LeaderAccept
1785231463807,true,1785231463881,LeaderAccept
1785231463852,true,1785231463927,LeaderAccept
1785231463899,false,1785231463976,LeaderAccept
1785231463948,true,1785231464023,LeaderAccept
1785231463997,false,1785231464073,LeaderAccept
1785231464048,false,1785231464123,LeaderAccept
1785231464100,false,1785231464176,LeaderAccept
1785231464153,false,1785231464227,LeaderAccept
1785231464207,false,1785231464281,LeaderAccept
1785231464263,false,1785231464340,LeaderAccept
1785231464321,false,1785231464396,LeaderAccept
1785231464380,true,1785231464455,LeaderAccept
1785231464441,false,1785231464518,LeaderAccept
1785231464503,true,1785231464578,LeaderAccept
1785231464568,false,1785231464643,LeaderAccept
1785231464635,true,1785231464709,LeaderAccept
1785231464704,true,1785231464778,LeaderAccept
1785231464775,false,1785231464851,LeaderAccept
1785231464849,false,1785231464924,LeaderAccept
1785231464925,false,1785231465000,LeaderAccept
1785231465005,false,1785231465079,LeaderAccept
1785231465088,false,1785231465163,LeaderAccept
1785231465175,true,1785231465250,LeaderAccept
1785231465265,true,1785231465340,LeaderAccept
1785231465360,false,1785231465436,LeaderAccept
1785231465459,true,1785231465533,LeaderAccept
1785231465562,false,1785231465638,LeaderAccept
1785231465672,true,1785231465746,LeaderAccept
1785231465787,false,1785231465862,LeaderAccept
1785231465909,true,1785231465983,LeaderAccept
1785231466038,false,1785231466115,LeaderAccept
1785231466176,false,1785231466250,LeaderAccept
1785231466324,true,1785231466401,LeaderAccept
1785231466483,true,1785231466559,LeaderAccept
1785231466656,true,1785231466731,LeaderAccept
1785231466844,false,1785231466920,LeaderAccept
1785231467050,false,1785231467125,LeaderAccept
1785231467278,true,1785231467352,LeaderAccept
1785231467534,true,1785231467608,LeaderAccept
1785231467824,false,1785231467900,LeaderAccept
1785231468160,false,1785231468234,LeaderAccept
1785231468557,true,1785231468634,LeaderAccept
1785231469041,false,1785231469117,LeaderAccept
1785231469657,true,1785231469734,LeaderAccept
1785231470495,false,1785231470572,LeaderAccept
1785231471767,false,1785231471844,LeaderAccept
1785231474171,false,1785231474230,FastAccept
1785231482162,true,1785231482236,LeaderAccept
1785231482589,false,1785231482663,LeaderAccept
1785231482605,true,1785231482678,LeaderAccept
1785231482621,false,1785231482695,LeaderAccept
1785231482638,false,1785231482715,LeaderAccept
1785231482655,true,1785231482729,LeaderAccept
1785231482672,false,1785231482745,LeaderAccept
1785231482688,false,1785231482763,LeaderAccept
1785231482706,false,1785231482780,LeaderAccept
1785231482724,false,1785231482799,LeaderAccept
1785231482741,false,1785231482815,LeaderAccept
1785231482759,true,1785231482834,LeaderAccept
1785231482777,true,1785231482852,LeaderAccept
1785231482795,true,1785231482869,LeaderAccept
1785231482812,false,1785231482886,LeaderAccept
1785231482831,false,1785231482906,LeaderAccept
1785231482850,false,1785231482926,LeaderAccept
1785231482869,true,1785231482944,LeaderAccept
1785231482888,true,1785231482963,LeaderAccept
1785231482907,false,1785231482983,LeaderAccept
1785231482926,true,1785231483002,LeaderAccept
1785231482945,true,1785231483018,LeaderAccept
1785231482965,true,1785231483040,LeaderAccept
1785231482985,true,1785231483060,LeaderAccept
1785231483004,true,1785231483079,LeaderAccept
1785231483025,false,1785231483100,LeaderAccept
1785231483045,false,1785231483121,LeaderAccept
1785231483066,false,1785231483142,LeaderAccept
1785231483087,false,1785231483162,LeaderAccept
1785231483107,true,1785231483182,LeaderAccept
1785231483128,true,1785231483204,LeaderAccept
1785231483150,false,1785231483226,LeaderAccept
1785231483172,false,1785231483246,LeaderAccept
1785231483194,false,1785231483271,LeaderAccept
1785231483216,true,1785231483291,LeaderAccept
1785231483238,true,1785231483313,LeaderAccept
1785231483260,false,1785231483333,LeaderAccept
1785231483283,true,1785231483358,LeaderAccept
1785231483306,true,1785231483379,LeaderAccept
1785231483329,false,1785231483405,LeaderAccept
1785231483352,true,1785231483426,LeaderAccept
1785231483375,true,1785231483449,LeaderAccept
1785231483399,false,1785231483473,LeaderAccept
1785231483423,false,1785231483498,LeaderAccept
1785231483447,false,1785231483522,LeaderAccept
1785231483472,true,1785231483546,LeaderAccept
1785231483497,false,1785231483570,LeaderAccept
1785231483522,true,1785231483597,LeaderAccept
1785231483546,true,1785231483621,LeaderAccept
1785231483572,true,1785231483646,LeaderAccept
1785231483597,true,1785231483674,LeaderAccept
1785231483623,false,1785231483698,LeaderAccept
1785231483650,false,1785231483726,LeaderAccept
1785231483678,true,1785231483753,LeaderAccept
1785231483706,true,1785231483780,LeaderAccept
1785231483734,false,1785231483809,LeaderAccept
1785231483763,false,1785231483838,LeaderAccept
1785231483792,true,1785231483866,LeaderAccept
1785231483821,true,1785231483896,LeaderAccept
1785231483850,true,1785231483923,LeaderAccept
1785231483879,true,1785231483956,LeaderAccept
1785231483910,false,1785231483984,LeaderAccept
1785231483941,true,1785231484015,LeaderAccept
1785231483972,false,1785231484046,LeaderAccept
1785231484004,false,1785231484079,LeaderAccept
1785231484036,true,1785231484110,LeaderAccept
1785231484069,false,1785231484143,LeaderAccept
1785231484102,false,1785231484176,LeaderAccept
1785231484136,false,1785231484211,LeaderAccept
1785231484171,false,1785231484244,LeaderAccept
1785231484206,true,1785231484283,LeaderAccept
1785231484242,false,1785231484317,LeaderAccept
1785231484278,false,1785231484355,LeaderAccept
1785231484314,true,1785231484390,LeaderAccept
1785231484351,false,1785231484427,LeaderAccept
1785231484390,true,1785231484463,LeaderAccept
1785231484429,false,1785231484503,LeaderAccept
1785231484468,true,1785231484544,LeaderAccept
1785231484508,true,1785231484581,LeaderAccept
1785231484549,true,1785231484624,LeaderAccept
1785231484591,true,1785231484666,LeaderAccept
1785231484633,true,1785231484708,LeaderAccept
1785231484677,true,1785231484752,LeaderAccept
1785231484722,true,1785231484797,LeaderAccept
1785231484767,true,1785231484842,LeaderAccept
1785231484814,true,1785231484888,LeaderAccept
1785231484861,true,1785231484935,LeaderAccept
1785231484909,true,1785231484984,LeaderAccept
1785231484959,false,1785231485034,LeaderAccept
1785231485010,true,1785231485085,LeaderAccept
1785231485062,false,1785231485137,LeaderAccept
1785231485116,false,1785231485191,LeaderAccept
1785231485171,false,1785231485245,LeaderAccept
1785231485227,false,1785231485303,LeaderAccept
1785231485286,false,1785231485360,LeaderAccept
1785231485346,false,1785231485420,LeaderAccept
1785231485408,false,1785231485483,LeaderAccept
1785231485472,true,1785231485547,LeaderAccept
1785231485538,true,1785231485612,LeaderAccept
1785231485606,true,1785231485680,LeaderAccept
1785231485677,false,1785231485752,LeaderAccept
1785231485748,false,1785231485823,LeaderAccept
1785231485823,false,1785231485899,LeaderAccept
1785231485902,true,1785231485976,LeaderAccept
1785231485983,false,1785231486060,LeaderAccept
1785231486068,false,1785231486143,LeaderAccept
1785231486155,false,1785231486229,LeaderAccept
1785231486246,false,1785231486322,LeaderAccept
1785231486343,false,1785231486420,LeaderAccept
1785231486444,true,1785231486519,LeaderAccept
1785231486550,true,1785231486625,LeaderAccept
1785231486661,false,1785231486735,LeaderAccept
1785231486779,true,1785231486854,LeaderAccept
1785231486904,false,1785231486978,LeaderAccept
1785231487036,true,1785231487111,LeaderAccept
1785231487179,true,1785231487252,LeaderAccept
1785231487331,true,1785231487406,LeaderAccept
1785231487495,false,1785231487569,LeaderAccept
1785231487673,false,1785231487746,LeaderAccept
1785231487868,true,1785231487943,LeaderAccept
1785231488082,true,1785231488158,LeaderAccept
1785231488320,true,1785231488394,LeaderAccept
1785231488589,false,1785231488663,LeaderAccept
1785231488895,false,1785231488972,LeaderAccept
1785231489253,false,1785231489327,LeaderAccept
1785231489680,false,1785231489754,LeaderAccept
1785231490208,true,1785231490285,LeaderAccept
1785231490896,false,1785231490972,LeaderAccept
1785231491867,true,1785231491942,LeaderAccept
1785231493443,true,1785231493519,LeaderAccept
1785231496906,false,1785231496981,LeaderAccept
1785231503446,false,1785231503521,LeaderAccept
1785231503462,true,1785231503537,LeaderAccept
1785231503479,true,1785231503553,LeaderAccept
1785231503496,false,1785231503570,LeaderAccept
1785231503513,false,1785231503589,LeaderAccept
1785231503529,false,1785231503603,LeaderAccept
1785231503547,false,1785231503623,LeaderAccept
1785231503565,true,1785231503641,LeaderAccept
1785231503583,false,1785231503657,LeaderAccept
1785231503601,false,1785231503675,LeaderAccept
1785231503619,false,1785231503694,LeaderAccept
1785231503637,false,1785231503711,LeaderAccept
1785231503656,true,1785231503731,LeaderAccept
1785231503675,false,1785231503749,LeaderAccept
1785231503694,false,1785231503768,LeaderAccept
1785231503712,false,1785231503787,LeaderAccept
1785231503731,true,1785231503806,LeaderAccept
1785231503749,false,1785231503824,LeaderAccept
1785231503768,true,1785231503844,LeaderAccept
1785231503788,false,1785231503863,LeaderAccept
1785231503808,false,1785231503882,LeaderAccept
1785231503827,false,1785231503902,LeaderAccept
1785231503846,true,1785231503922,LeaderAccept
1785231503867,false,1785231503942,LeaderAccept
1785231503887,false,1785231503962,LeaderAccept
1785231503908,false,1785231503983,LeaderAccept
1785231503929,true,1785231504003,LeaderAccept
1785231503950,false,1785231504025,LeaderAccept
1785231503971,true,1785231504047,LeaderAccept
1785231503993,true,1785231504068,LeaderAccept
1785231504014,false,1785231504088,LeaderAccept
1785231504035,false,1785231504111,LeaderAccept
1785231504056,true,1785231504132,LeaderAccept
1785231504079,false,1785231504154,LeaderAccept
1785231504101,false,1785231504176,LeaderAccept
1785231504124,false,1785231504198,LeaderAccept
1785231504147,false,1785231504222,LeaderAccept
1785231504170,false,1785231504246,LeaderAccept
1785231504194,false,1785231504269,LeaderAccept
1785231504217,false,1785231504292,LeaderAccept
1785231504241,true,1785231504316,LeaderAccept
1785231504265,false,1785231504339,LeaderAccept
1785231504290,false,1785231504365,LeaderAccept
1785231504314,false,1785231504390,LeaderAccept
1785231504339,true,1785231504414,LeaderAccept
1785231504365,true,1785231504439,LeaderAccept
1785231504390,true,1785231504464,LeaderAccept
1785231504416,true,1785231504490,LeaderAccept
1785231504442,true,1785231504518,LeaderAccept
1785231504469,true,1785231504545,LeaderAccept
1785231504495,true,1785231504570,LeaderAccept
1785231504523,true,1785231504596,LeaderAccept
1785231504550,true,1785231504625,LeaderAccept
1785231504577,false,1785231504654,LeaderAccept
1785231504606,true,1785231504682,LeaderAccept
1785231504635,false,1785231504710,LeaderAccept
1785231504664,true,1785231504738,LeaderAccept
1785231504694,true,1785231504768,LeaderAccept
1785231504724,false,1785231504799,LeaderAccept
1785231504755,false,1785231504830,LeaderAccept
1785231504786,true,1785231504861,LeaderAccept
1785231504817,false,1785231504891,LeaderAccept
1785231504849,false,1785231504925,LeaderAccept
1785231504881,true,1785231504956,LeaderAccept
1785231504913,false,1785231504988,LeaderAccept
1785231504947,false,1785231505023,LeaderAccept
1785231504981,false,1785231505058,LeaderAccept
1785231505015,true,1785231505091,LeaderAccept
1785231505050,true,1785231505125,LeaderAccept
1785231505086,true,1785231505162,LeaderAccept
1785231505123,true,1785231505199,LeaderAccept
1785231505160,false,1785231505234,LeaderAccept
1785231505196,true,1785231505273,LeaderAccept
1785231505235,true,1785231505312,LeaderAccept
1785231505274,true,1785231505348,LeaderAccept
1785231505314,false,1785231505388,LeaderAccept
1785231505354,false,1785231505430,LeaderAccept
1785231505396,true,1785231505472,LeaderAccept
1785231505438,false,1785231505514,LeaderAccept
1785231505481,true,1785231505555,LeaderAccept
1785231505524,false,1785231505599,LeaderAccept
1785231505569,false,1785231505644,LeaderAccept
1785231505615,false,1785231505691,LeaderAccept
1785231505661,false,1785231505737,LeaderAccept
1785231505709,true,1785231505784,LeaderAccept
1785231505757,true,1785231505833,LeaderAccept
1785231505808,false,1785231505883,LeaderAccept
1785231505860,true,1785231505936,LeaderAccept
1785231505913,true,1785231505988,LeaderAccept
1785231505967,false,1785231506043,LeaderAccept
1785231506023,false,1785231506099,LeaderAccept
1785231506080,true,1785231506155,LeaderAccept
1785231506139,false,1785231506215,LeaderAccept
1785231506200,true,1785231506277,LeaderAccept
1785231506263,false,1785231506338,LeaderAccept
1785231506327,false,1785231506404,LeaderAccept
1785231506393,true,1785231506469,LeaderAccept
1785231506462,true,1785231506539,LeaderAccept
1785231506532,true,1785231506608,LeaderAccept
1785231506606,true,1785231506681,LeaderAccept
1785231506682,false,1785231506757,LeaderAccept
1785231506761,true,1785231506838,LeaderAccept
1785231506843,false,1785231506916,LeaderAccept
1785231506929,false,1785231507004,LeaderAccept
1785231507018,true,1785231507095,LeaderAccept
1785231507112,true,1785231507188,LeaderAccept
1785231507209,false,1785231507286,LeaderAccept
1785231507312,false,1785231507388,LeaderAccept
1785231507420,true,1785231507496,LeaderAccept
1785231507534,false,1785231507609,LeaderAccept
1785231507655,true,1785231507730,LeaderAccept
1785231507783,false,1785231507859,LeaderAccept
1785231507919,false,1785231507995,LeaderAccept
1785231508065,false,1785231508140,LeaderAccept
1785231508222,false,1785231508297,LeaderAccept
1785231508391,false,1785231508468,LeaderAccept
1785231508574,true,1785231508650,LeaderAccept
1785231508775,false,1785231508851,LeaderAccept
1785231508998,true,1785231509072,LeaderAccept
1785231509247,false,1785231509322,LeaderAccept
1785231509528,false,1785231509603,LeaderAccept
1785231509852,true,1785231509928,LeaderAccept
1785231510233,false,1785231510308,LeaderAccept
1785231510694,true,1785231510768,LeaderAccept
1785231511273,false,1785231511349,LeaderAccept
1785231512046,true,1785231512122,LeaderAccept
1785231513182,true,1785231513256,LeaderAccept
1785231515189,true,1785231515247,FastAccept
1785231520657,true,1785231520731,LeaderAccept
1785231526772,true,1785231526830,FastAccept
1785231526811,false,1785231526870,FastAccept
1785231526851,false,1785231526909,FastAccept
1785231526892,false,1785231526951,FastAccept
1785231526932,true,1785231526992,FastAccept
1785231526975,false,1785231527035,FastAccept
1785231527018,true,1785231527077,FastAccept
1785231527063,true,1785231527121,FastAccept
1785231527108,true,1785231527167,FastAccept
1785231527154,false,1785231527212,FastAccept
1785231527201,true,1785231527260,FastAccept
1785231527250,false,1785231527308,FastAccept
1785231527299,false,1785231527357,FastAccept
1785231527350,false,1785231527408,FastAccept
1785231527402,false,1785231527478,LeaderAccept
1785231527456,false,1785231527529,LeaderAccept
1785231527511,true,1785231527588,LeaderAccept
1785231527568,false,1785231527645,LeaderAccept
1785231527625,false,1785231527701,LeaderAccept
1785231527685,false,1785231527760,LeaderAccept
1785231527746,false,1785231527823,LeaderAccept
1785231527809,true,1785231527885,LeaderAccept
1785231527875,false,1785231527950,LeaderAccept
1785231527942,false,1785231528017,LeaderAccept
1785231528011,true,1785231528086,LeaderAccept
1785231528083,false,1785231528156,LeaderAccept
1785231528156,true,1785231528233,LeaderAccept
1785231528233,true,1785231528310,LeaderAccept
1785231528314,true,1785231528391,LeaderAccept
1785231528398,true,1785231528475,LeaderAccept
1785231528485,true,1785231528562,LeaderAccept
1785231528576,true,1785231528649,LeaderAccept
1785231528671,false,1785231528745,LeaderAccept
1785231528770,false,1785231528844,LeaderAccept
1785231528874,true,1785231528950,LeaderAccept
1785231528983,false,1785231529060,LeaderAccept
1785231529099,true,1785231529176,LeaderAccept
1785231529223,true,1785231529299,LeaderAccept
1785231529354,false,1785231529427,LeaderAccept
1785231529494,true,1785231529569,LeaderAccept
1785231529644,false,1785231529719,LeaderAccept
1785231529805,true,1785231529879,LeaderAccept
1785231529980,true,1785231530056,LeaderAccept
1785231530171,false,1785231530247,LeaderAccept
1785231530381,false,1785231530457,LeaderAccept
1785231530613,true,1785231530687,LeaderAccept
1785231530874,false,1785231530948,LeaderAccept
1785231531171,true,1785231531246,LeaderAccept
1785231531515,true,1785231531592,LeaderAccept
1785231531924,true,1785231531999,LeaderAccept
1785231532425,false,1785231532501,LeaderAccept
1785231533069,true,1785231533143,LeaderAccept
1785231533957,true,1785231534034,LeaderAccept
1785231535341,true,1785231535401,FastAccept
1785231538107,true,1785231538181,LeaderAccept
1785231549121,false,1785231549196,LeaderAccept
1785231570147,false,1785231570224,LeaderAccept
1785231570185,false,1785231570258,LeaderAccept
1785231570224,false,1785231570299,LeaderAccept
1785231570263,true,1785231570337,LeaderAccept
1785231570303,true,1785231570377,LeaderAccept
1785231570343,false,1785231570418,LeaderAccept
1785231570385,true,1785231570459,LeaderAccept
1785231570428,false,1785231570502,LeaderAccept
1785231570470,false,1785231570546,LeaderAccept
1785231570515,false,1785231570590,LeaderAccept
1785231570559,true,1785231570634,LeaderAccept
1785231570606,false,1785231570681,LeaderAccept
1785231570653,true,1785231570729,LeaderAccept
1785231570702,false,1785231570778,LeaderAccept
1785231570752,false,1785231570826,LeaderAccept
1785231570803,false,1785231570878,LeaderAccept
1785231570855,false,1785231570931,LeaderAccept
1785231570908,true,1785231570982,LeaderAccept
1785231570964,false,1785231571039,LeaderAccept
1785231571020,true,1785231571096,LeaderAccept
1785231571079,false,1785231571154,LeaderAccept
1785231571138,false,1785231571212,LeaderAccept
1785231571199,true,1785231571275,LeaderAccept
1785231571263,false,1785231571338,LeaderAccept
1785231571328,true,1785231571403,LeaderAccept
1785231571396,true,1785231571471,LeaderAccept
1785231571466,false,1785231571541,LeaderAccept
1785231571537,true,1785231571613,LeaderAccept
1785231571612,false,1785231571687,LeaderAccept
1785231571690,false,1785231571764,LeaderAccept
1785231571770,true,1785231571846,LeaderAccept
1785231571854,true,1785231571929,LeaderAccept
1785231571942,true,1785231572018,LeaderAccept
1785231572033,true,1785231572109,LeaderAccept
1785231572129,false,1785231572205,LeaderAccept
1785231572228,true,1785231572303,LeaderAccept
1785231572334,false,1785231572408,LeaderAccept
1785231572445,false,1785231572520,LeaderAccept
1785231572561,true,1785231572638,LeaderAccept
1785231572686,false,1785231572763,LeaderAccept
1785231572818,false,1785231572893,LeaderAccept
1785231572958,false,1785231573033,LeaderAccept
1785231573110,true,1785231573185,LeaderAccept
1785231573273,true,1785231573349,LeaderAccept
1785231573450,true,1785231573526,LeaderAccept
1785231573642,true,1785231573718,LeaderAccept
1785231573854,true,1785231573929,LeaderAccept
1785231574090,true,1785231574165,LeaderAccept
1785231574354,false,1785231574429,LeaderAccept
1785231574657,false,1785231574731,LeaderAccept
1785231575008,true,1785231575084,LeaderAccept
1785231575426,true,1785231575502,LeaderAccept
1785231575942,true,1785231576018,LeaderAccept
1785231576608,false,1785231576683,LeaderAccept
1785231577538,false,1785231577615,LeaderAccept
1785231579019,true,1785231579095,LeaderAccept
1785231582122,false,1785231582181,FastAccept
1785231586544,true,1785231586619,LeaderAccept
1785231586567,true,1785231586641,LeaderAccept
1785231586590,false,1785231586663,LeaderAccept
1785231586612,true,1785231586686,LeaderAccept
1785231586636,false,1785231586710,LeaderAccept
1785231586660,true,1785231586734,LeaderAccept
1785231586684,true,1785231586757,LeaderAccept
1785231586708,false,1785231586784,LeaderAccept
1785231586733,true,1785231586808,LeaderAccept
1785231586759,true,1785231586832,LeaderAccept
1785231586784,true,1785231586859,LeaderAccept
1785231586810,true,1785231586885,LeaderAccept
1785231586835,false,1785231586909,LeaderAccept
1785231586862,false,1785231586937,LeaderAccept
1785231586888,false,1785231586961,LeaderAccept
1785231586915,true,1785231586987,LeaderAccept
1785231586943,true,1785231587018,LeaderAccept
1785231586970,true,1785231587044,LeaderAccept
1785231586998,true,1785231587072,LeaderAccept
1785231587027,false,1785231587103,LeaderAccept
1785231587055,false,1785231587131,LeaderAccept
1785231587085,true,1785231587160,LeaderAccept
1785231587115,true,1785231587189,LeaderAccept
1785231587144,true,1785231587219,LeaderAccept
1785231587175,true,1785231587249,LeaderAccept
1785231587206,true,1785231587282,LeaderAccept
1785231587238,true,1785231587313,LeaderAccept
1785231587270,true,1785231587345,LeaderAccept
1785231587302,false,1785231587377,LeaderAccept
1785231587334,false,1785231587409,LeaderAccept
1785231587367,false,1785231587444,LeaderAccept
1785231587400,false,1785231587477,LeaderAccept
1785231587435,true,1785231587511,LeaderAccept
1785231587470,false,1785231587544,LeaderAccept
1785231587506,false,1785231587580,LeaderAccept
1785231587543,true,1785231587618,LeaderAccept
1785231587579,false,1785231587654,LeaderAccept
1785231587617,false,1785231587691,LeaderAccept
1785231587654,false,1785231587731,LeaderAccept
1785231587693,false,1785231587768,LeaderAccept
1785231587732,false,1785231587808,LeaderAccept
1785231587773,false,1785231587848,LeaderAccept
1785231587815,true,1785231587890,LeaderAccept
1785231587857,true,1785231587932,LeaderAccept
1785231587900,true,1785231587975,LeaderAccept
1785231587944,false,1785231588020,LeaderAccept
1785231587988,true,1785231588065,LeaderAccept
1785231588034,false,1785231588110,LeaderAccept
1785231588080,false,1785231588155,LeaderAccept
1785231588128,true,1785231588203,LeaderAccept
1785231588176,true,1785231588251,LeaderAccept
1785231588227,false,1785231588301,LeaderAccept
1785231588279,false,1785231588355,LeaderAccept
1785231588331,false,1785231588408,LeaderAccept
1785231588386,false,1785231588460,LeaderAccept
1785231588442,false,1785231588517,LeaderAccept
1785231588499,true,1785231588574,LeaderAccept
1785231588557,true,1785231588631,LeaderAccept
1785231588617,false,1785231588692,LeaderAccept
1785231588679,false,1785231588756,LeaderAccept
1785231588743,true,1785231588819,LeaderAccept
1785231588809,false,1785231588884,LeaderAccept
1785231588877,false,1785231588952,LeaderAccept
1785231588948,false,1785231589023,LeaderAccept
1785231589021,true,1785231589096,LeaderAccept
1785231589097,false,1785231589171,LeaderAccept
1785231589175,false,1785231589248,LeaderAccept
1785231589257,true,1785231589332,LeaderAccept
1785231589342,false,1785231589416,LeaderAccept
1785231589431,true,1785231589504,LeaderAccept
1785231589523,true,1785231589600,LeaderAccept
1785231589620,true,1785231589696,LeaderAccept
1785231589721,true,1785231589794,LeaderAccept
1785231589829,true,1785231589904,LeaderAccept
1785231589942,false,1785231590016,LeaderAccept
1785231590062,false,1785231590136,LeaderAccept
1785231590187,false,1785231590263,LeaderAccept
1785231590322,false,1785231590396,LeaderAccept
1785231590466,false,1785231590541,LeaderAccept
1785231590619,true,1785231590694,LeaderAccept
1785231590786,true,1785231590860,LeaderAccept
1785231590967,false,1785231591042,LeaderAccept
1785231591165,true,1785231591241,LeaderAccept
1785231591384,true,1785231591460,LeaderAccept
1785231591628,true,1785231591701,LeaderAccept
1785231591903,false,1785231591977,LeaderAccept
1785231592218,true,1785231592293,LeaderAccept
1785231592587,false,1785231592660,LeaderAccept
1785231593031,true,1785231593106,LeaderAccept
1785231593585,true,1785231593662,LeaderAccept
1785231594316,false,1785231594391,LeaderAccept
1785231595368,true,1785231595441,LeaderAccept
1785231596738,true,1785231596815,LeaderAccept
1785231596753,true,1785231596826,LeaderAccept
1785231596768,true,1785231596842,LeaderAccept
1785231596782,true,1785231596857,LeaderAccept
1785231596798,true,1785231596872,LeaderAccept
1785231596813,false,1785231596888,LeaderAccept
1785231596828,false,1785231596902,LeaderAccept
1785231596844,false,1785231596919,LeaderAccept
1785231596859,false,1785231596932,LeaderAccept
1785231596875,true,1785231596949,LeaderAccept
1785231596891,true,1785231596966,LeaderAccept
1785231596907,false,1785231596980,LeaderAccept
1785231596923,true,1785231596999,LeaderAccept
1785231596940,false,1785231597014,LeaderAccept
1785231596956,true,1785231597031,LeaderAccept
1785231596972,false,1785231597047,LeaderAccept
1785231596989,false,1785231597065,LeaderAccept
1785231597006,true,1785231597080,LeaderAccept
1785231597023,true,1785231597099,LeaderAccept
1785231597040,false,1785231597114,LeaderAccept
1785231597057,true,1785231597131,LeaderAccept
1785231597075,true,1785231597151,LeaderAccept
1785231597093,true,1785231597168,LeaderAccept
1785231597111,false,1785231597187,LeaderAccept
1785231597129,true,1785231597203,LeaderAccept
1785231597147,false,1785231597222,LeaderAccept
1785231597166,true,1785231597241,LeaderAccept
1785231597184,false,1785231597260,LeaderAccept
1785231597202,true,1785231597277,LeaderAccept
1785231597221,false,1785231597298,LeaderAccept
1785231597240,false,1785231597316,LeaderAccept
1785231597259,true,1785231597334,LeaderAccept
1785231597278,true,1785231597354,LeaderAccept
1785231597296,false,1785231597369,LeaderAccept
1785231597316,true,1785231597392,LeaderAccept
1785231597336,false,1785231597409,LeaderAccept
1785231597356,false,1785231597432,LeaderAccept
1785231597375,true,1785231597448,LeaderAccept
1785231597395,true,1785231597471,LeaderAccept
1785231597415,true,1785231597491,LeaderAccept
1785231597436,true,1785231597513,LeaderAccept
1785231597457,true,1785231597532,LeaderAccept
1785231597478,false,1785231597552,LeaderAccept
1785231597499,true,1785231597575,LeaderAccept
1785231597520,false,1785231597594,LeaderAccept
1785231597542,true,1785231597617,LeaderAccept
1785231597562,false,1785231597637,LeaderAccept
1785231597585,true,1785231597660,LeaderAccept
1785231597606,false,1785231597682,LeaderAccept
1785231597629,false,1785231597703,LeaderAccept
1785231597652,false,1785231597728,LeaderAccept
1785231597675,false,1785231597749,LeaderAccept
1785231597699,true,1785231597773,LeaderAccept
1785231597723,false,1785231597798,LeaderAccept
1785231597747,true,1785231597821,LeaderAccept
1785231597771,true,1785231597846,LeaderAccept
1785231597795,false,1785231597871,LeaderAccept
1785231597819,true,1785231597893,LeaderAccept
1785231597844,false,1785231597917,LeaderAccept
1785231597869,true,1785231597944,LeaderAccept
1785231597894,false,1785231597969,LeaderAccept
1785231597920,true,1785231597996,LeaderAccept
1785231597946,true,1785231598020,LeaderAccept
1785231597972,false,1785231598046,LeaderAccept
1785231597998,true,1785231598074,LeaderAccept
1785231598026,false,1785231598101,LeaderAccept
1785231598053,false,1785231598127,LeaderAccept
1785231598081,true,1785231598156,LeaderAccept
1785231598109,false,1785231598185,LeaderAccept
1785231598137,false,1785231598212,LeaderAccept
1785231598165,false,1785231598239,LeaderAccept
1785231598195,true,1785231598270,LeaderAccept
1785231598225,false,1785231598300,LeaderAccept
1785231598255,true,1785231598329,LeaderAccept
1785231598286,false,1785231598362,LeaderAccept
1785231598317,false,1785231598393,LeaderAccept
1785231598348,true,1785231598424,LeaderAccept
1785231598381,false,1785231598456,LeaderAccept
1785231598414,true,1785231598489,LeaderAccept
1785231598446,true,1785231598522,LeaderAccept
1785231598480,true,1785231598554,LeaderAccept
1785231598514,false,1785231598589,LeaderAccept
1785231598549,true,1785231598623,LeaderAccept
1785231598584,true,1785231598659,LeaderAccept
1785231598620,false,1785231598697,LeaderAccept
1785231598657,true,1785231598732,LeaderAccept
1785231598694,true,1785231598771,LeaderAccept
1785231598732,true,1785231598807,LeaderAccept
1785231598770,true,1785231598846,LeaderAccept
1785231598809,true,1785231598885,LeaderAccept
1785231598849,true,1785231598922,LeaderAccept
1785231598890,false,1785231598965,LeaderAccept
1785231598932,true,1785231599008,LeaderAccept
1785231598974,true,1785231599050,LeaderAccept
1785231599017,true,1785231599091,LeaderAccept
1785231599061,false,1785231599137,LeaderAccept
1785231599106,true,1785231599182,LeaderAccept
1785231599152,false,1785231599226,LeaderAccept
1785231599199,false,1785231599274,LeaderAccept
1785231599247,true,1785231599321,LeaderAccept
1785231599295,true,1785231599371,LeaderAccept
1785231599345,true,1785231599421,LeaderAccept
1785231599397,false,1785231599472,LeaderAccept
1785231599451,true,1785231599524,LeaderAccept
1785231599506,true,1785231599579,LeaderAccept
1785231599562,true,1785231599636,LeaderAccept
1785231599620,true,1785231599695,LeaderAccept
1785231599680,true,1785231599754,LeaderAccept
1785231599741,false,1785231599816,LeaderAccept
1785231599804,true,1785231599878,LeaderAccept
1785231599869,false,1785231599945,LeaderAccept
1785231599937,false,1785231600012,LeaderAccept
1785231600007,false,1785231600083,LeaderAccept
1785231600079,true,1785231600154,LeaderAccept
1785231600153,true,1785231600228,LeaderAccept
1785231600231,true,1785231600305,LeaderAccept
1785231600311,true,1785231600386,LeaderAccept
1785231600395,true,1785231600471,LeaderAccept
1785231600482,true,1785231600555,LeaderAccept
1785231600572,false,1785231600648,LeaderAccept
1785231600667,true,1785231600742,LeaderAccept
1785231600767,false,1785231600840,LeaderAccept
1785231600871,false,1785231600945,LeaderAccept
1785231600981,true,1785231601056,LeaderAccept
1785231601097,true,1785231601170,LeaderAccept
1785231601220,true,1785231601295,LeaderAccept
1785231601350,false,1785231601423,LeaderAccept
1785231601489,true,1785231601564,LeaderAccept
1785231601639,true,1785231601713,LeaderAccept
1785231601800,false,1785231601874,LeaderAccept
1785231601974,true,1785231602050,LeaderAccept
1785231602164,false,1785231602237,LeaderAccept
1785231602372,true,1785231602448,LeaderAccept
1785231602604,false,1785231602678,LeaderAccept
1785231602862,false,1785231602937,LeaderAccept
1785231603158,false,1785231603233,LeaderAccept
1785231603500,false,1785231603574,LeaderAccept
1785231603905,true,1785231603979,LeaderAccept
1785231604400,false,1785231604476,LeaderAccept
1785231605036,false,1785231605110,LeaderAccept
1785231605907,true,1785231605983,LeaderAccept
1785231607255,false,1785231607330,LeaderAccept
1785231609900,false,1785231609974,LeaderAccept
1785231614679,true,1785231614754,LeaderAccept
1785231614705,false,1785231614780,LeaderAccept
1785231614733,true,1785231614808,LeaderAccept
1785231614760,false,1785231614834,LeaderAccept
1785231614788,true,1785231614862,LeaderAccept
1785231614816,false,1785231614891,LeaderAccept
1785231614845,true,1785231614919,LeaderAccept
1785231614874,true,1785231614948,LeaderAccept
1785231614903,false,1785231614978,LeaderAccept
1785231614933,false,1785231615008,LeaderAccept
1785231614963,true,1785231615039,LeaderAccept
1785231614994,false,1785231615070,LeaderAccept
1785231615025,true,1785231615101,LeaderAccept
1785231615056,true,1785231615132,LeaderAccept
1785231615088,true,1785231615163,LeaderAccept
1785231615121,false,1785231615197,LeaderAccept
1785231615154,false,1785231615229,LeaderAccept
1785231615188,false,1785231615262,LeaderAccept
1785231615222,true,1785231615298,LeaderAccept
1785231615257,true,1785231615333,LeaderAccept
1785231615293,false,1785231615367,LeaderAccept
1785231615329,true,1785231615403,LeaderAccept
1785231615366,true,1785231615442,LeaderAccept
1785231615403,false,1785231615479,LeaderAccept
1785231615442,true,1785231615518,LeaderAccept
1785231615480,false,1785231615554,LeaderAccept
1785231615520,true,1785231615594,LeaderAccept
1785231615560,false,1785231615635,LeaderAccept
1785231615600,true,1785231615676,LeaderAccept
1785231615642,false,1785231615717,LeaderAccept
1785231615685,true,1785231615761,LeaderAccept
1785231615729,true,1785231615805,LeaderAccept
1785231615773,false,1785231615849,LeaderAccept
1785231615819,false,1785231615893,LeaderAccept
1785231615866,false,1785231615941,LeaderAccept
1785231615914,false,1785231615989,LeaderAccept
1785231615962,false,1785231616037,LeaderAccept
1785231616013,true,1785231616090,LeaderAccept
1785231616064,true,1785231616140,LeaderAccept
1785231616117,false,1785231616193,LeaderAccept
1785231616171,true,1785231616246,LeaderAccept
1785231616226,true,1785231616301,LeaderAccept
1785231616283,true,1785231616357,LeaderAccept
1785231616342,true,1785231616419,LeaderAccept
1785231616402,true,1785231616479,LeaderAccept
1785231616464,false,1785231616538,LeaderAccept
1785231616528,true,1785231616603,LeaderAccept
1785231616594,true,1785231616670,LeaderAccept
1785231616662,true,1785231616739,LeaderAccept
1785231616733,false,1785231616807,LeaderAccept
1785231616806,true,1785231616881,LeaderAccept
1785231616882,false,1785231616956,LeaderAccept
1785231616960,false,1785231617036,LeaderAccept
1785231617042,false,1785231617116,LeaderAccept
1785231617127,false,1785231617203,LeaderAccept
1785231617216,false,1785231617292,LeaderAccept
1785231617309,true,1785231617386,LeaderAccept
1785231617405,true,1785231617482,LeaderAccept
1785231617507,true,1785231617584,LeaderAccept
1785231617613,false,1785231617689,LeaderAccept
1785231617726,false,1785231617802,LeaderAccept
1785231617845,false,1785231617919,LeaderAccept
1785231617971,false,1785231618046,LeaderAccept
1785231618105,false,1785231618180,LeaderAccept
1785231618249,true,1785231618326,LeaderAccept
1785231618403,true,1785231618480,LeaderAccept
1785231618570,true,1785231618645,LeaderAccept
1785231618751,false,1785231618826,LeaderAccept
1785231618949,false,1785231619025,LeaderAccept
1785231619167,false,1785231619244,LeaderAccept
1785231619411,false,1785231619486,LeaderAccept
1785231619685,true,1785231619760,LeaderAccept
1785231619999,false,1785231620075,LeaderAccept
1785231620368,true,1785231620442,LeaderAccept
1785231620810,false,1785231620886,LeaderAccept
1785231621362,true,1785231621437,LeaderAccept
1785231622088,true,1785231622162,LeaderAccept
1785231623130,true,1785231623206,LeaderAccept
1785231624887,true,1785231625003,LeaderAccept
1785231629112,false,1785231629188,LeaderAccept
1785231654474,true,1785231654551,LeaderAccept
1785231654494,true,1785231654567,LeaderAccept
1785231654513,true,1785231654587,LeaderAccept
1785231654533,false,1785231654607,LeaderAccept
1785231654553,false,1785231654627,LeaderAccept
1785231654572,true,1785231654648,LeaderAccept
1785231654593,false,1785231654666,LeaderAccept
1785231654614,false,1785231654688,LeaderAccept
1785231654634,true,1785231654710,LeaderAccept
1785231654655,false,1785231654729,LeaderAccept
1785231654675,false,1785231654749,LeaderAccept
1785231654697,false,1785231654770,LeaderAccept
1785231654718,false,1785231654794,LeaderAccept
1785231654740,true,1785231654812,LeaderAccept
1785231654761,true,1785231654837,LeaderAccept
1785231654784,false,1785231654860,LeaderAccept
1785231654807,true,1785231654882,LeaderAccept
1785231654829,false,1785231654905,LeaderAccept
1785231654852,false,1785231654925,LeaderAccept
1785231654875,false,1785231654951,LeaderAccept
1785231654898,false,1785231654973,LeaderAccept
1785231654922,false,1785231654996,LeaderAccept
1785231654945,true,1785231655020,LeaderAccept
1785231654968,false,1785231655042,LeaderAccept
1785231654992,true,1785231655067,LeaderAccept
1785231655017,true,1785231655091,LeaderAccept
1785231655042,false,1785231655115,LeaderAccept
1785231655067,true,1785231655141,LeaderAccept
1785231655092,true,1785231655167,LeaderAccept
1785231655118,false,1785231655191,LeaderAccept
1785231655144,true,1785231655218,LeaderAccept
1785231655170,false,1785231655245,LeaderAccept
1785231655196,false,1785231655272,LeaderAccept
1785231655222,true,1785231655296,LeaderAccept
1785231655250,false,1785231655322,LeaderAccept
1785231655277,false,1785231655352,LeaderAccept
1785231655306,true,1785231655381,LeaderAccept
1785231655334,true,1785231655410,LeaderAccept
1785231655362,true,1785231655437,LeaderAccept
1785231655392,false,1785231655466,LeaderAccept
1785231655422,true,1785231655496,LeaderAccept
1785231655452,true,1785231655527,LeaderAccept
1785231655482,false,1785231655558,LeaderAccept
1785231655512,false,1785231655588,LeaderAccept
1785231655543,false,1785231655619,LeaderAccept
1785231655575,false,1785231655649,LeaderAccept
1785231655607,false,1785231655682,LeaderAccept
1785231655640,true,1785231655716,LeaderAccept
1785231655674,true,1785231655750,LeaderAccept
1785231655708,false,1785231655782,LeaderAccept
1785231655743,true,1785231655817,LeaderAccept
1785231655778,false,1785231655853,LeaderAccept
1785231655814,true,1785231655887,LeaderAccept
1785231655850,false,1785231655925,LeaderAccept
1785231655887,false,1785231655963,LeaderAccept
1785231655925,false,1785231656001,LeaderAccept
1785231655963,false,1785231656038,LeaderAccept
1785231656002,true,1785231656077,LeaderAccept
1785231656042,false,1785231656119,LeaderAccept
1785231656083,false,1785231656160,LeaderAccept
1785231656125,false,1785231656201,LeaderAccept
1785231656167,true,1785231656244,LeaderAccept
1785231656211,true,1785231656287,LeaderAccept
1785231656255,true,1785231656332,LeaderAccept
1785231656299,false,1785231656375,LeaderAccept
1785231656346,false,1785231656421,LeaderAccept
1785231656393,true,1785231656467,LeaderAccept
1785231656440,false,1785231656516,LeaderAccept
1785231656490,true,1785231656562,LeaderAccept
1785231656540,true,1785231656617,LeaderAccept
1785231656592,false,1785231656667,LeaderAccept
1785231656645,true,1785231656718,LeaderAccept
1785231656698,true,1785231656774,LeaderAccept
1785231656754,false,1785231656830,LeaderAccept
1785231656812,true,1785231656885,LeaderAccept
1785231656870,true,1785231656947,LeaderAccept
1785231656931,true,1785231657006,LeaderAccept
1785231656993,false,1785231657069,LeaderAccept
1785231657057,false,1785231657133,LeaderAccept
1785231657123,true,1785231657200,LeaderAccept
1785231657192,true,1785231657268,LeaderAccept
1785231657263,false,1785231657337,LeaderAccept
1785231657337,true,1785231657410,LeaderAccept
1785231657414,false,1785231657489,LeaderAccept
1785231657492,false,1785231657568,LeaderAccept
1785231657575,true,1785231657651,LeaderAccept
1785231657661,false,1785231657734,LeaderAccept
1785231657750,true,1785231657824,LeaderAccept
1785231657843,false,1785231657918,LeaderAccept
1785231657941,true,1785231658017,LeaderAccept
1785231658044,true,1785231658120,LeaderAccept
1785231658153,false,1785231658228,LeaderAccept
1785231658267,true,1785231658340,LeaderAccept
1785231658388,true,1785231658462,LeaderAccept
1785231658516,true,1785231658589,LeaderAccept
1785231658653,true,1785231658730,LeaderAccept
1785231658800,false,1785231658875,LeaderAccept
1785231658958,true,1785231659031,LeaderAccept
1785231659128,true,1785231659204,LeaderAccept
1785231659312,false,1785231659388,LeaderAccept
1785231659516,false,1785231659591,LeaderAccept
1785231659741,false,1785231659815,LeaderAccept
1785231659991,true,1785231660065,LeaderAccept
1785231660276,true,1785231660350,LeaderAccept
1785231660603,false,1785231660679,LeaderAccept
1785231660990,false,1785231661064,LeaderAccept
1785231661458,false,1785231661534,LeaderAccept
1785231662050,true,1785231662126,LeaderAccept
1785231662845,true,1785231662918,LeaderAccept
1785231664027,false,1785231664103,LeaderAccept
1785231666161,true,1785231666236,LeaderAccept
1785231672363,true,1785231672437,LeaderAccept
1785231693276,true,1785231693334,FastAccept
1785231693308,false,1785231693367,FastAccept
1785231693340,true,1785231693435,LeaderAccept
1785231693373,true,1785231693447,LeaderAccept
1785231693406,true,1785231693480,LeaderAccept
1785231693440,false,1785231693514,LeaderAccept
1785231693474,false,1785231693548,LeaderAccept
1785231693509,true,1785231693584,LeaderAccept
1785231693544,false,1785231693619,LeaderAccept
1785231693580,false,1785231693654,LeaderAccept
1785231693617,false,1785231693692,LeaderAccept
1785231693654,true,1785231693729,LeaderAccept
1785231693693,true,1785231693768,LeaderAccept
1785231693732,true,1785231693807,LeaderAccept
1785231693772,true,1785231693846,LeaderAccept
1785231693813,true,1785231693887,LeaderAccept
1785231693853,true,1785231693928,LeaderAccept
1785231693895,false,1785231693970,LeaderAccept
1785231693938,false,1785231694014,LeaderAccept
1785231693983,false,1785231694058,LeaderAccept
1785231694028,false,1785231694103,LeaderAccept
1785231694074,false,1785231694150,LeaderAccept
1785231694120,false,1785231694195,LeaderAccept
1785231694168,false,1785231694244,LeaderAccept
1785231694217,true,1785231694290,LeaderAccept
1785231694267,true,1785231694342,LeaderAccept
1785231694318,true,1785231694393,LeaderAccept
1785231694370,true,1785231694446,LeaderAccept
1785231694425,true,1785231694498,LeaderAccept
1785231694480,true,1785231694555,LeaderAccept
1785231694537,true,1785231694611,LeaderAccept
1785231694596,false,1785231694672,LeaderAccept
1785231694656,false,1785231694732,LeaderAccept
1785231694718,true,1785231694792,LeaderAccept
1785231694782,true,1785231694856,LeaderAccept
1785231694847,true,1785231694922,LeaderAccept
1785231694916,false,1785231694991,LeaderAccept
1785231694987,true,1785231695063,LeaderAccept
1785231695061,false,1785231695134,LeaderAccept
1785231695137,true,1785231695211,LeaderAccept
1785231695216,false,1785231695290,LeaderAccept
1785231695298,true,1785231695374,LeaderAccept
1785231695384,false,1785231695458,LeaderAccept
1785231695472,true,1785231695547,LeaderAccept
1785231695566,true,1785231695641,LeaderAccept
1785231695664,true,1785231695739,LeaderAccept
1785231695766,true,1785231695841,LeaderAccept
1785231695874,true,1785231695947,LeaderAccept
1785231695988,true,1785231696063,LeaderAccept
1785231696108,false,1785231696183,LeaderAccept
1785231696235,false,1785231696311,LeaderAccept
1785231696371,true,1785231696446,LeaderAccept
1785231696517,false,1785231696593,LeaderAccept
1785231696673,true,1785231696748,LeaderAccept
1785231696842,true,1785231696917,LeaderAccept
1785231697025,false,1785231697099,LeaderAccept
1785231697225,true,1785231697302,LeaderAccept
1785231697447,true,1785231697524,LeaderAccept
1785231697695,true,1785231697770,LeaderAccept
1785231697976,false,1785231698051,LeaderAccept
1785231698299,true,1785231698374,LeaderAccept
1785231698678,true,1785231698753,LeaderAccept
1785231699136,false,1785231699210,LeaderAccept
1785231699711,true,1785231699785,LeaderAccept
1785231700477,false,1785231700554,LeaderAccept
1785231701600,true,1785231701675,LeaderAccept
1785231703567,true,1785231703665,SlowAccept
1785231708299,false,1785231708373,LeaderAccept
1785231708321,false,1785231708396,LeaderAccept
1785231708342,false,1785231708417,LeaderAccept
1785231708365,false,1785231708439,LeaderAccept
1785231708387,false,1785231708461,LeaderAccept
1785231708410,true,1785231708485,LeaderAccept
1785231708433,false,1785231708506,LeaderAccept
1785231708456,false,1785231708531,LeaderAccept
1785231708480,true,1785231708555,LeaderAccept
1785231708504,false,1785231708580,LeaderAccept
1785231708528,true,1785231708603,LeaderAccept
1785231708553,false,1785231708627,LeaderAccept
1785231708578,true,1785231708653,LeaderAccept
1785231708603,false,1785231708677,LeaderAccept
1785231708627,true,1785231708702,LeaderAccept
1785231708653,true,1785231708727,LeaderAccept
1785231708679,true,1785231708753,LeaderAccept
1785231708705,true,1785231708779,LeaderAccept
1785231708731,false,1785231708806,LeaderAccept
1785231708758,true,1785231708834,LeaderAccept
1785231708786,false,1785231708860,LeaderAccept
1785231708814,false,1785231708889,LeaderAccept
1785231708842,true,1785231708916,LeaderAccept
1785231708871,false,1785231708947,LeaderAccept
1785231708900,false,1785231708975,LeaderAccept
1785231708929,false,1785231709003,LeaderAccept
1785231708958,true,1785231709032,LeaderAccept
1785231708988,true,1785231709062,LeaderAccept
1785231709018,false,1785231709093,LeaderAccept
1785231709049,false,1785231709124,LeaderAccept
1785231709080,true,1785231709156,LeaderAccept
1785231709112,false,1785231709187,LeaderAccept
1785231709144,true,1785231709221,LeaderAccept
1785231709177,true,1785231709251,LeaderAccept
1785231709210,true,1785231709284,LeaderAccept
1785231709244,true,1785231709318,LeaderAccept
1785231709278,false,1785231709352,LeaderAccept
1785231709313,true,1785231709388,LeaderAccept
1785231709349,false,1785231709424,LeaderAccept
1785231709385,true,1785231709459,LeaderAccept
1785231709422,false,1785231709497,LeaderAccept
1785231709459,false,1785231709535,LeaderAccept
1785231709496,false,1785231709571,LeaderAccept
1785231709535,true,1785231709609,LeaderAccept
1785231709574,true,1785231709649,LeaderAccept
1785231709614,true,1785231709688,LeaderAccept
1785231709655,false,1785231709731,LeaderAccept
1785231709697,false,1785231709772,LeaderAccept
1785231709740,true,1785231709815,LeaderAccept
1785231709784,false,1785231709859,LeaderAccept
1785231709828,false,1785231709905,LeaderAccept
1785231709874,true,1785231709949,LeaderAccept
1785231709921,false,1785231709996,LeaderAccept
1785231709969,true,1785231710044,LeaderAccept
1785231710017,false,1785231710093,LeaderAccept
1785231710067,false,1785231710141,LeaderAccept
1785231710118,false,1785231710193,LeaderAccept
1785231710170,false,1785231710245,LeaderAccept
1785231710223,false,1785231710298,LeaderAccept
1785231710279,true,1785231710354,LeaderAccept
1785231710335,true,1785231710410,LeaderAccept
1785231710394,false,1785231710468,LeaderAccept
1785231710454,true,1785231710531,LeaderAccept
1785231710516,false,1785231710593,LeaderAccept
1785231710580,false,1785231710655,LeaderAccept
1785231710646,false,1785231710722,LeaderAccept
1785231710714,false,1785231710789,LeaderAccept
1785231710783,false,1785231710861,LeaderAccept
1785231710856,false,1785231710933,LeaderAccept
1785231710932,false,1785231711007,LeaderAccept
1785231711010,false,1785231711085,LeaderAccept
1785231711092,false,1785231711167,LeaderAccept
1785231711176,true,1785231711253,LeaderAccept
1785231711265,false,1785231711341,LeaderAccept
1785231711357,false,1785231711432,LeaderAccept
1785231711453,false,1785231711527,LeaderAccept
1785231711554,true,1785231711630,LeaderAccept
1785231711660,false,1785231711735,LeaderAccept
1785231711772,false,1785231711848,LeaderAccept
1785231711891,false,1785231711966,LeaderAccept
1785231712015,true,1785231712091,LeaderAccept
1785231712149,true,1785231712224,LeaderAccept
1785231712292,true,1785231712368,LeaderAccept
1785231712446,true,1785231712521,LeaderAccept
1785231712612,false,1785231712689,LeaderAccept
1785231712792,true,1785231712869,LeaderAccept
1785231712989,true,1785231713064,LeaderAccept
1785231713206,true,1785231713282,LeaderAccept
1785231713448,false,1785231713524,LeaderAccept
1785231713720,false,1785231713795,LeaderAccept
1785231714032,false,1785231714107,LeaderAccept
1785231714396,false,1785231714472,LeaderAccept
1785231714833,false,1785231714909,LeaderAccept
1785231715376,true,1785231715452,LeaderAccept
1785231716088,true,1785231716146,FastAccept
1785231717103,false,1785231717162,FastAccept
1785231718789,true,1785231718847,FastAccept
1785231722704,false,1785231722763,FastAccept
1785231737325,false,1785231737383,FastAccept
1785231737342,false,1785231737401,FastAccept
1785231737361,true,1785231737418,FastAccept
1785231737379,false,1785231737438,FastAccept
1785231737398,false,1785231737457,FastAccept
1785231737416,false,1785231737474,FastAccept
1785231737434,false,1785231737532,SlowAccept
1785231737454,false,1785231737532,FastAccept
1785231737473,true,1785231737570,SlowAccept
1785231737492,false,1785231737588,LeaderAccept
1785231737511,true,1785231737587,LeaderAccept
1785231737531,true,1785231737607,LeaderAccept
1785231737551,false,1785231737628,LeaderAccept
1785231737571,true,1785231737647,LeaderAccept
1785231737591,true,1785231737666,LeaderAccept
1785231737611,true,1785231737686,LeaderAccept
1785231737632,false,1785231737707,LeaderAccept
1785231737653,true,1785231737728,LeaderAccept
1785231737674,false,1785231737750,LeaderAccept
1785231737696,false,1785231737773,LeaderAccept
1785231737717,true,1785231737792,LeaderAccept
1785231737738,true,1785231737815,LeaderAccept
1785231737760,true,1785231737835,LeaderAccept
1785231737782,true,1785231737857,LeaderAccept
1785231737804,true,1785231737878,LeaderAccept
1785231737827,false,1785231737901,LeaderAccept
1785231737849,true,1785231737925,LeaderAccept
1785231737873,true,1785231737946,LeaderAccept
1785231737896,true,1785231737969,LeaderAccept
1785231737919,true,1785231737994,LeaderAccept
1785231737943,false,1785231738020,LeaderAccept
1785231737967,false,1785231738043,LeaderAccept
1785231737992,false,1785231738066,LeaderAccept
1785231738015,false,1785231738090,LeaderAccept
1785231738040,true,1785231738117,LeaderAccept
1785231738066,false,1785231738140,LeaderAccept
1785231738092,true,1785231738166,LeaderAccept
1785231738117,true,1785231738193,LeaderAccept
1785231738142,true,1785231738218,LeaderAccept
1785231738169,false,1785231738244,LeaderAccept
1785231738196,false,1785231738272,LeaderAccept
1785231738224,false,1785231738299,LeaderAccept
1785231738251,false,1785231738328,LeaderAccept
1785231738278,false,1785231738353,LeaderAccept
1785231738307,false,1785231738383,LeaderAccept
1785231738336,false,1785231738412,LeaderAccept
1785231738364,false,1785231738440,LeaderAccept
1785231738394,true,1785231738470,LeaderAccept
1785231738424,true,1785231738500,LeaderAccept
1785231738454,true,1785231738531,LeaderAccept
1785231738485,true,1785231738560,LeaderAccept
1785231738516,true,1785231738592,LeaderAccept
1785231738547,false,1785231738622,LeaderAccept
1785231738580,false,1785231738656,LeaderAccept
1785231738612,false,1785231738688,LeaderAccept
1785231738646,true,1785231738720,LeaderAccept
1785231738679,false,1785231738754,LeaderAccept
1785231738713,true,1785231738790,LeaderAccept
1785231738748,false,1785231738825,LeaderAccept
1785231738784,false,1785231738860,LeaderAccept
1785231738819,false,1785231738896,LeaderAccept
1785231738856,true,1785231738929,LeaderAccept
1785231738893,true,1785231738967,LeaderAccept
1785231738931,true,1785231739006,LeaderAccept
1785231738969,true,1785231739044,LeaderAccept
1785231739008,false,1785231739083,LeaderAccept
1785231739048,false,1785231739122,LeaderAccept
1785231739089,false,1785231739165,LeaderAccept
1785231739131,true,1785231739205,LeaderAccept
1785231739173,false,1785231739249,LeaderAccept
1785231739217,true,1785231739292,LeaderAccept
1785231739261,false,1785231739336,LeaderAccept
1785231739306,false,1785231739380,LeaderAccept
1785231739352,false,1785231739429,LeaderAccept
1785231739400,true,1785231739475,LeaderAccept
1785231739447,true,1785231739521,LeaderAccept
1785231739497,true,1785231739573,LeaderAccept
1785231739548,false,1785231739623,LeaderAccept
1785231739600,false,1785231739677,LeaderAccept
1785231739654,false,1785231739728,LeaderAccept
1785231739709,true,1785231739784,LeaderAccept
1785231739766,false,1785231739841,LeaderAccept
1785231739824,false,1785231739901,LeaderAccept
1785231739884,true,1785231739959,LeaderAccept
1785231739945,false,1785231740020,LeaderAccept
1785231740009,true,1785231740085,LeaderAccept
1785231740075,true,1785231740150,LeaderAccept
1785231740142,true,1785231740218,LeaderAccept
1785231740211,true,1785231740287,LeaderAccept
1785231740284,true,1785231740360,LeaderAccept
1785231740358,false,1785231740433,LeaderAccept
1785231740435,false,1785231740510,LeaderAccept
1785231740515,false,1785231740591,LeaderAccept
1785231740598,true,1785231740674,LeaderAccept
1785231740686,true,1785231740761,LeaderAccept
1785231740776,true,1785231740853,LeaderAccept
1785231740872,false,1785231740948,LeaderAccept
1785231740972,true,1785231741049,LeaderAccept
1785231741077,true,1785231741153,LeaderAccept
1785231741188,false,1785231741261,LeaderAccept
1785231741305,false,1785231741379,LeaderAccept
1785231741429,true,1785231741505,LeaderAccept
1785231741561,false,1785231741636,LeaderAccept
1785231741702,true,1785231741777,LeaderAccept
1785231741853,true,1785231741928,LeaderAccept
1785231742016,false,1785231742091,LeaderAccept
1785231742192,true,1785231742267,LeaderAccept
1785231742384,true,1785231742460,LeaderAccept
1785231742595,true,1785231742672,LeaderAccept
1785231742830,true,1785231742906,LeaderAccept
1785231743094,false,1785231743170,LeaderAccept
1785231743395,true,1785231743472,LeaderAccept
1785231743745,true,1785231743822,LeaderAccept
1785231744162,false,1785231744237,LeaderAccept
1785231744674,false,1785231744749,LeaderAccept
1785231745336,false,1785231745413,LeaderAccept
1785231746257,true,1785231746333,LeaderAccept
1785231747715,true,1785231747792,LeaderAccept
1785231750737,true,1785231750812,LeaderAccept
1785231764425,false,1785231764484,FastAccept
1785231785531,false,1785231785627,LeaderAccept
1785231785555,true,1785231785652,LeaderAccept
1785231785579,false,1785231785677,LeaderAccept
1785231785603,false,1785231785678,LeaderAccept
1785231785627,false,1785231785702,LeaderAccept
1785231785651,false,1785231785725,LeaderAccept
1785231785676,true,1785231785752,LeaderAccept
1785231785701,true,1785231785777,LeaderAccept
1785231785725,true,1785231785800,LeaderAccept
1785231785751,false,1785231785825,LeaderAccept
1785231785776,false,1785231785851,LeaderAccept
1785231785803,true,1785231785877,LeaderAccept
1785231785830,false,1785231785905,LeaderAccept
1785231785857,true,1785231785934,LeaderAccept
1785231785885,false,1785231785961,LeaderAccept
1785231785912,true,1785231785987,LeaderAccept
1785231785940,true,1785231786018,LeaderAccept
1785231785969,false,1785231786044,LeaderAccept
1785231785998,true,1785231786074,LeaderAccept
1785231786028,true,1785231786103,LeaderAccept
1785231786058,false,1785231786132,LeaderAccept
1785231786088,true,1785231786162,LeaderAccept
1785231786119,true,1785231786194,LeaderAccept
1785231786150,true,1785231786227,LeaderAccept
1785231786181,true,1785231786256,LeaderAccept
1785231786214,true,1785231786288,LeaderAccept
1785231786246,false,1785231786320,LeaderAccept
1785231786279,false,1785231786356,LeaderAccept
1785231786313,true,1785231786388,LeaderAccept
1785231786347,false,1785231786422,LeaderAccept
1785231786382,false,1785231786457,LeaderAccept
1785231786417,false,1785231786492,LeaderAccept
1785231786453,true,1785231786529,LeaderAccept
1785231786490,false,1785231786565,LeaderAccept
1785231786527,false,1785231786603,LeaderAccept
1785231786565,false,1785231786640,LeaderAccept
1785231786603,true,1785231786677,LeaderAccept
1785231786642,true,1785231786718,LeaderAccept
1785231786682,true,1785231786758,LeaderAccept
1785231786723,true,1785231786797,LeaderAccept
1785231786765,true,1785231786842,LeaderAccept
1785231786807,true,1785231786882,LeaderAccept
1785231786851,true,1785231786927,LeaderAccept
1785231786896,false,1785231786972,LeaderAccept
1785231786940,true,1785231787016,LeaderAccept
1785231786987,true,1785231787062,LeaderAccept
1785231787035,false,1785231787111,LeaderAccept
1785231787083,true,1785231787159,LeaderAccept
1785231787133,true,1785231787208,LeaderAccept
1785231787184,true,1785231787259,LeaderAccept
1785231787235,true,1785231787310,LeaderAccept
1785231787289,false,1785231787365,LeaderAccept
1785231787343,true,1785231787419,LeaderAccept
1785231787400,false,1785231787474,LeaderAccept
1785231787457,true,1785231787533,LeaderAccept
1785231787517,true,1785231787593,LeaderAccept
1785231787579,true,1785231787655,LeaderAccept
1785231787642,true,1785231787717,LeaderAccept
1785231787706,false,1785231787781,LeaderAccept
1785231787773,true,1785231787850,LeaderAccept
1785231787843,true,1785231787917,LeaderAccept
1785231787915,true,1785231787990,LeaderAccept
1785231787990,false,1785231788065,LeaderAccept
1785231788068,false,1785231788143,LeaderAccept
1785231788149,false,1785231788223,LeaderAccept
1785231788232,true,1785231788307,LeaderAccept
1785231788319,false,1785231788394,LeaderAccept
1785231788410,false,1785231788486,LeaderAccept
1785231788505,false,1785231788580,LeaderAccept
1785231788605,false,1785231788683,LeaderAccept
1785231788711,true,1785231788785,LeaderAccept
1785231788821,true,1785231788895,LeaderAccept
1785231788937,true,1785231789012,LeaderAccept
1785231789061,false,1785231789138,LeaderAccept
1785231789192,true,1785231789266,LeaderAccept
1785231789332,false,1785231789406,LeaderAccept
1785231789481,false,1785231789557,LeaderAccept
1785231789643,true,1785231789719,LeaderAccept
1785231789818,true,1785231789893,LeaderAccept
1785231790010,false,1785231790085,LeaderAccept
1785231790220,false,1785231790295,LeaderAccept
1785231790454,true,1785231790529,LeaderAccept
1785231790716,false,1785231790791,LeaderAccept
1785231791015,false,1785231791090,LeaderAccept
1785231791362,false,1785231791437,LeaderAccept
1785231791775,true,1785231791849,LeaderAccept
1785231792281,true,1785231792355,LeaderAccept
1785231792932,true,1785231793008,LeaderAccept
1785231793834,false,1785231793910,LeaderAccept
1785231795249,false,1785231795325,LeaderAccept
1785231798119,false,1785231798194,LeaderAccept
1785231803428,true,1785231803502,LeaderAccept
1785231803442,true,1785231803517,LeaderAccept
1785231803457,false,1785231803533,LeaderAccept
1785231803472,false,1785231803547,LeaderAccept
1785231803487,true,1785231803561,LeaderAccept
1785231803502,false,1785231803577,LeaderAccept
1785231803517,true,1785231803591,LeaderAccept
1785231803533,false,1785231803607,LeaderAccept
1785231803547,true,1785231803622,LeaderAccept
1785231803563,true,1785231803638,LeaderAccept
1785231803579,false,1785231803654,LeaderAccept
1785231803594,true,1785231803670,LeaderAccept
1785231803609,true,1785231803685,LeaderAccept
1785231803626,false,1785231803699,LeaderAccept
1785231803642,true,1785231803716,LeaderAccept
1785231803658,true,1785231803732,LeaderAccept
1785231803674,true,1785231803747,LeaderAccept
1785231803691,false,1785231803765,LeaderAccept
1785231803708,true,1785231803784,LeaderAccept
1785231803725,false,1785231803799,LeaderAccept
1785231803742,true,1785231803816,LeaderAccept
1785231803758,true,1785231803834,LeaderAccept
1785231803776,false,1785231803850,LeaderAccept
1785231803793,false,1785231803867,LeaderAccept
1785231803810,false,1785231803886,LeaderAccept
1785231803828,true,1785231803902,LeaderAccept
1785231803846,false,1785231803923,LeaderAccept
1785231803863,true,1785231803937,LeaderAccept
1785231803881,true,1785231803956,LeaderAccept
1785231803899,false,1785231803974,LeaderAccept
1785231803918,false,1785231803991,LeaderAccept
1785231803937,true,1785231804011,LeaderAccept
1785231803955,true,1785231804030,LeaderAccept
1785231803974,false,1785231804049,LeaderAccept
1785231803992,false,1785231804068,LeaderAccept
1785231804012,false,1785231804086,LeaderAccept
1785231804032,false,1785231804107,LeaderAccept
1785231804052,false,1785231804126,LeaderAccept
1785231804071,true,1785231804147,LeaderAccept
1785231804091,true,1785231804167,LeaderAccept
1785231804111,true,1785231804185,LeaderAccept
1785231804131,true,1785231804206,LeaderAccept
1785231804151,false,1785231804226,LeaderAccept
1785231804171,true,1785231804248,LeaderAccept
1785231804192,false,1785231804266,LeaderAccept
1785231804213,true,1785231804286,LeaderAccept
1785231804234,false,1785231804310,LeaderAccept
1785231804255,true,1785231804330,LeaderAccept
1785231804277,true,1785231804351,LeaderAccept
1785231804298,false,1785231804373,LeaderAccept
1785231804321,false,1785231804395,LeaderAccept
1785231804342,true,1785231804418,LeaderAccept
1785231804365,false,1785231804440,LeaderAccept
1785231804388,true,1785231804462,LeaderAccept
1785231804411,true,1785231804487,LeaderAccept
1785231804434,true,1785231804508,LeaderAccept
1785231804458,false,1785231804533,LeaderAccept
1785231804481,true,1785231804556,LeaderAccept
1785231804505,true,1785231804578,LeaderAccept
1785231804529,false,1785231804605,LeaderAccept
1785231804554,false,1785231804629,LeaderAccept
1785231804579,false,1785231804653,LeaderAccept
1785231804603,true,1785231804678,LeaderAccept
1785231804629,false,1785231804704,LeaderAccept
1785231804655,true,1785231804730,LeaderAccept
1785231804681,true,1785231804755,LeaderAccept
1785231804708,true,1785231804781,LeaderAccept
1785231804735,true,1785231804809,LeaderAccept
1785231804762,false,1785231804837,LeaderAccept
1785231804790,false,1785231804865,LeaderAccept
1785231804818,false,1785231804895,LeaderAccept
1785231804845,true,1785231804920,LeaderAccept
1785231804873,false,1785231804949,LeaderAccept
1785231804902,false,1785231804976,LeaderAccept
1785231804930,false,1785231805005,LeaderAccept
1785231804960,true,1785231805034,LeaderAccept
1785231804990,true,1785231805066,LeaderAccept
1785231805020,false,1785231805096,LeaderAccept
1785231805051,false,1785231805125,LeaderAccept
1785231805082,true,1785231805156,LeaderAccept
1785231805114,false,1785231805189,LeaderAccept
1785231805147,false,1785231805223,LeaderAccept
1785231805180,true,1785231805255,LeaderAccept
1785231805213,false,1785231805288,LeaderAccept
1785231805246,false,1785231805321,LeaderAccept
1785231805281,true,1785231805357,LeaderAccept
1785231805316,false,1785231805392,LeaderAccept
1785231805351,false,1785231805427,LeaderAccept
1785231805388,false,1785231805463,LeaderAccept
1785231805425,true,1785231805501,LeaderAccept
1785231805463,true,1785231805538,LeaderAccept
1785231805501,true,1785231805577,LeaderAccept
1785231805540,true,1785231805616,LeaderAccept
1785231805579,false,1785231805653,LeaderAccept
1785231805619,true,1785231805694,LeaderAccept
1785231805660,true,1785231805734,LeaderAccept
1785231805701,true,1785231805777,LeaderAccept
1785231805745,false,1785231805819,LeaderAccept
1785231805789,true,1785231805866,LeaderAccept
1785231805833,true,1785231805910,LeaderAccept
1785231805879,false,1785231805953,LeaderAccept
1785231805926,false,1785231806001,LeaderAccept
1785231805973,true,1785231806048,LeaderAccept
1785231806023,true,1785231806099,LeaderAccept
1785231806072,false,1785231806148,LeaderAccept
1785231806124,true,1785231806199,LeaderAccept
1785231806176,false,1785231806252,LeaderAccept
1785231806230,true,1785231806307,LeaderAccept
1785231806286,true,1785231806361,LeaderAccept
1785231806343,false,1785231806419,LeaderAccept
1785231806402,false,1785231806476,LeaderAccept
1785231806462,true,1785231806537,LeaderAccept
1785231806525,true,1785231806602,LeaderAccept
1785231806589,true,1785231806664,LeaderAccept
1785231806655,false,1785231806730,LeaderAccept
1785231806724,false,1785231806800,LeaderAccept
1785231806794,true,1785231806870,LeaderAccept
1785231806868,false,1785231806943,LeaderAccept
1785231806944,true,1785231807021,LeaderAccept
1785231807023,true,1785231807098,LeaderAccept
1785231807105,true,1785231807181,LeaderAccept
1785231807190,false,1785231807264,LeaderAccept
1785231807279,false,1785231807354,LeaderAccept
1785231807372,true,1785231807446,LeaderAccept
1785231807469,false,1785231807544,LeaderAccept
1785231807571,false,1785231807647,LeaderAccept
1785231807679,false,1785231807754,LeaderAccept
1785231807792,true,1785231807868,LeaderAccept
1785231807911,false,1785231807986,LeaderAccept
1785231808038,true,1785231808113,LeaderAccept
1785231808173,false,1785231808249,LeaderAccept
1785231808318,false,1785231808393,LeaderAccept
1785231808474,false,1785231808550,LeaderAccept
1785231808643,false,1785231808720,LeaderAccept
1785231808826,false,1785231808902,LeaderAccept
1785231809027,true,1785231809103,LeaderAccept
1785231809249,false,1785231809325,LeaderAccept
1785231809497,true,1785231809573,LeaderAccept
1785231809777,true,1785231809853,LeaderAccept
1785231810099,false,1785231810174,LeaderAccept
1785231810475,false,1785231810551,LeaderAccept
1785231810930,true,1785231811005,LeaderAccept
1785231811502,false,1785231811577,LeaderAccept
1785231812262,true,1785231812337,LeaderAccept
1785231813373,true,1785231813449,LeaderAccept
1785231815309,false,1785231815384,LeaderAccept
1785231820400,true,1785231820474,LeaderAccept
1785231834492,false,1785231834550,FastAccept
1785231834511,true,1785231834570,FastAccept
1785231834530,false,1785231834628,SlowAccept
1785231834550,false,1785231834648,SlowAccept
1785231834570,false,1785231834666,LeaderAccept
1785231834589,false,1785231834686,LeaderAccept
1785231834610,true,1785231834684,LeaderAccept
1785231834629,true,1785231834704,LeaderAccept
1785231834650,true,1785231834724,LeaderAccept
1785231834670,true,1785231834744,LeaderAccept
1785231834691,true,1785231834765,LeaderAccept
1785231834711,true,1785231834785,LeaderAccept
1785231834733,false,1785231834808,LeaderAccept
1785231834755,false,1785231834829,LeaderAccept
1785231834777,true,1785231834851,LeaderAccept
1785231834799,true,1785231834871,LeaderAccept
1785231834821,true,1785231834897,LeaderAccept
1785231834843,false,1785231834917,LeaderAccept
1785231834866,false,1785231834939,LeaderAccept
1785231834888,true,1785231834962,LeaderAccept
1785231834912,true,1785231834987,LeaderAccept
1785231834935,true,1785231835010,LeaderAccept
1785231834958,true,1785231835032,LeaderAccept
1785231834983,false,1785231835058,LeaderAccept
1785231835006,true,1785231835081,LeaderAccept
1785231835031,true,1785231835107,LeaderAccept
1785231835056,false,1785231835131,LeaderAccept
1785231835081,false,1785231835155,LeaderAccept
1785231835106,true,1785231835179,LeaderAccept
1785231835132,false,1785231835207,LeaderAccept
1785231835158,true,1785231835232,LeaderAccept
1785231835184,true,1785231835259,LeaderAccept
1785231835210,true,1785231835284,LeaderAccept
1785231835238,true,1785231835314,LeaderAccept
1785231835265,true,1785231835339,LeaderAccept
1785231835293,true,1785231835368,LeaderAccept
1785231835321,false,1785231835395,LeaderAccept
1785231835350,false,1785231835427,LeaderAccept
1785231835378,false,1785231835454,LeaderAccept
1785231835407,false,1785231835483,LeaderAccept
1785231835436,false,1785231835509,LeaderAccept
1785231835467,false,1785231835543,LeaderAccept
1785231835498,false,1785231835572,LeaderAccept
1785231835528,true,1785231835604,LeaderAccept
1785231835560,false,1785231835634,LeaderAccept
1785231835592,true,1785231835665,LeaderAccept
1785231835624,true,1785231835700,LeaderAccept
1785231835657,false,1785231835730,LeaderAccept
1785231835691,true,1785231835765,LeaderAccept
1785231835725,false,1785231835801,LeaderAccept
1785231835759,true,1785231835832,LeaderAccept
1785231835795,false,1785231835868,LeaderAccept
1785231835831,true,1785231835905,LeaderAccept
1785231835868,true,1785231835942,LeaderAccept
1785231835904,false,1785231835979,LeaderAccept
1785231835942,true,1785231836016,LeaderAccept
1785231835981,true,1785231836056,LeaderAccept
1785231836019,true,1785231836093,LeaderAccept
1785231836059,true,1785231836135,LeaderAccept
1785231836100,false,1785231836174,LeaderAccept
1785231836141,true,1785231836217,LeaderAccept
1785231836183,true,1785231836259,LeaderAccept
1785231836227,true,1785231836303,LeaderAccept
1785231836271,false,1785231836345,LeaderAccept
1785231836316,true,1785231836391,LeaderAccept
1785231836362,true,1785231836436,LeaderAccept
1785231836409,false,1785231836483,LeaderAccept
1785231836457,true,1785231836533,LeaderAccept
1785231836507,true,1785231836582,LeaderAccept
1785231836557,false,1785231836631,LeaderAccept
1785231836608,true,1785231836683,LeaderAccept
1785231836662,false,1785231836738,LeaderAccept
1785231836717,false,1785231836790,LeaderAccept
1785231836773,true,1785231836850,LeaderAccept
1785231836830,true,1785231836905,LeaderAccept
1785231836890,false,1785231836967,LeaderAccept
1785231836950,true,1785231837026,LeaderAccept
1785231837013,false,1785231837089,LeaderAccept
1785231837078,false,1785231837154,LeaderAccept
1785231837144,true,1785231837221,LeaderAccept
1785231837213,false,1785231837290,LeaderAccept
1785231837285,true,1785231837362,LeaderAccept
1785231837359,true,1785231837435,LeaderAccept
1785231837436,false,1785231837509,LeaderAccept
1785231837516,false,1785231837591,LeaderAccept
1785231837599,false,1785231837675,LeaderAccept
1785231837686,false,1785231837763,LeaderAccept
1785231837777,false,1785231837852,LeaderAccept
1785231837872,false,1785231837948,LeaderAccept
1785231837971,false,1785231838046,LeaderAccept
1785231838075,false,1785231838151,LeaderAccept
1785231838184,true,1785231838257,LeaderAccept
1785231838300,true,1785231838374,LeaderAccept
1785231838422,false,1785231838498,LeaderAccept
1785231838552,true,1785231838627,LeaderAccept
1785231838691,true,1785231838767,LeaderAccept
1785231838839,false,1785231838913,LeaderAccept
1785231838998,true,1785231839075,LeaderAccept
1785231839171,false,1785231839248,LeaderAccept
1785231839360,true,1785231839434,LeaderAccept
1785231839567,false,1785231839643,LeaderAccept
1785231839796,false,1785231839871,LeaderAccept
1785231840052,false,1785231840128,LeaderAccept
1785231840345,true,1785231840420,LeaderAccept
1785231840683,true,1785231840759,LeaderAccept
1785231841083,true,1785231841158,LeaderAccept
1785231841571,true,1785231841648,LeaderAccept
1785231842193,true,1785231842270,LeaderAccept
1785231843043,true,1785231843117,LeaderAccept
1785231844341,true,1785231844401,FastAccept
1785231844801,false,1785231844861,FastAccept
1785231844819,false,1785231844877,FastAccept
1785231844836,true,1785231844893,FastAccept
1785231844852,true,1785231844911,FastAccept
1785231844870,false,1785231844929,FastAccept
1785231844888,false,1785231844947,FastAccept
1785231844906,true,1785231844965,FastAccept
1785231844924,true,1785231844982,FastAccept
1785231844942,false,1785231845002,FastAccept
1785231844960,true,1785231845018,FastAccept
1785231844979,false,1785231845039,FastAccept
1785231844998,true,1785231845054,FastAccept
1785231845017,false,1785231845077,FastAccept
1785231845036,false,1785231845094,FastAccept
1785231845054,true,1785231845113,FastAccept
1785231845074,true,1785231845131,FastAccept
1785231845093,false,1785231845151,FastAccept
1785231845112,true,1785231845170,FastAccept
1785231845131,false,1785231845190,FastAccept
1785231845151,true,1785231845209,FastAccept
1785231845170,false,1785231845230,FastAccept
1785231845191,true,1785231845250,FastAccept
1785231845212,true,1785231845270,FastAccept
1785231845233,true,1785231845291,FastAccept
1785231845254,true,1785231845312,FastAccept
1785231845275,true,1785231845334,FastAccept
1785231845295,true,1785231845353,FastAccept
1785231845316,true,1785231845375,FastAccept
1785231845338,false,1785231845398,FastAccept
1785231845360,false,1785231845418,FastAccept
1785231845381,false,1785231845439,FastAccept
1785231845404,false,1785231845463,FastAccept
1785231845427,false,1785231845486,FastAccept
1785231845450,true,1785231845509,FastAccept
1785231845473,false,1785231845532,FastAccept
1785231845497,true,1785231845555,FastAccept
1785231845521,true,1785231845579,FastAccept
1785231845544,false,1785231845604,FastAccept
1785231845569,false,1785231845626,FastAccept
1785231845593,true,1785231845653,FastAccept
1785231845618,false,1785231845678,FastAccept
1785231845642,true,1785231845700,FastAccept
1785231845668,false,1785231845727,FastAccept
1785231845694,false,1785231845753,FastAccept
1785231845720,true,1785231845777,FastAccept
1785231845745,false,1785231845805,FastAccept
1785231845772,true,1785231845831,FastAccept
1785231845799,false,1785231845866,FastAccept
1785231845826,true,1785231845922,SlowAccept
1785231845854,true,1785231845951,SlowAccept
1785231845881,true,1785231845977,LeaderAccept
1785231845910,false,1785231845984,LeaderAccept
1785231845938,false,1785231846014,LeaderAccept
1785231845968,true,1785231846044,LeaderAccept
1785231845997,false,1785231846074,LeaderAccept
1785231846027,false,1785231846102,LeaderAccept
1785231846057,true,1785231846133,LeaderAccept
1785231846088,false,1785231846162,LeaderAccept
1785231846119,false,1785231846193,LeaderAccept
1785231846150,false,1785231846224,LeaderAccept
1785231846182,true,1785231846256,LeaderAccept
1785231846215,true,1785231846291,LeaderAccept
1785231846248,true,1785231846324,LeaderAccept
1785231846282,true,1785231846358,LeaderAccept
1785231846317,true,1785231846392,LeaderAccept
1785231846350,true,1785231846425,LeaderAccept
1785231846386,false,1785231846462,LeaderAccept
1785231846421,true,1785231846496,LeaderAccept
1785231846458,true,1785231846533,LeaderAccept
1785231846495,false,1785231846571,LeaderAccept
1785231846532,false,1785231846607,LeaderAccept
1785231846570,true,1785231846647,LeaderAccept
1785231846610,false,1785231846685,LeaderAccept
1785231846650,true,1785231846723,LeaderAccept
1785231846690,false,1785231846765,LeaderAccept
1785231846732,true,1785231846808,LeaderAccept
1785231846774,true,1785231846851,LeaderAccept
1785231846818,false,1785231846892,LeaderAccept
1785231846861,true,1785231846938,LeaderAccept
1785231846907,false,1785231846983,LeaderAccept
1785231846953,false,1785231847026,LeaderAccept
1785231847000,false,1785231847075,LeaderAccept
1785231847048,true,1785231847122,LeaderAccept
1785231847097,true,1785231847174,LeaderAccept
1785231847148,true,1785231847221,LeaderAccept
1785231847200,true,1785231847277,LeaderAccept
1785231847254,false,1785231847330,LeaderAccept
1785231847309,true,1785231847383,LeaderAccept
1785231847365,false,1785231847441,LeaderAccept
1785231847423,true,1785231847498,LeaderAccept
1785231847483,true,1785231847558,LeaderAccept
1785231847544,false,1785231847620,LeaderAccept
1785231847607,true,1785231847681,LeaderAccept
1785231847672,true,1785231847748,LeaderAccept
1785231847739,true,1785231847816,LeaderAccept
1785231847809,false,1785231847884,LeaderAccept
1785231847881,false,1785231847956,LeaderAccept
1785231847956,true,1785231848031,LeaderAccept
1785231848033,false,1785231848110,LeaderAccept
1785231848114,true,1785231848187,LeaderAccept
1785231848198,false,1785231848274,LeaderAccept
1785231848285,false,1785231848361,LeaderAccept
1785231848376,false,1785231848452,LeaderAccept
1785231848471,true,1785231848548,LeaderAccept
1785231848571,true,1785231848648,LeaderAccept
1785231848676,true,1785231848753,LeaderAccept
1785231848787,true,1785231848863,LeaderAccept
1785231848904,true,1785231848981,LeaderAccept
1785231849028,false,1785231849104,LeaderAccept
1785231849158,true,1785231849235,LeaderAccept
1785231849298,true,1785231849375,LeaderAccept
1785231849449,false,1785231849526,LeaderAccept
1785231849611,false,1785231849687,LeaderAccept
1785231849787,true,1785231849862,LeaderAccept
1785231849978,true,1785231850054,LeaderAccept
1785231850189,true,1785231850264,LeaderAccept
1785231850423,false,1785231850499,LeaderAccept
1785231850684,false,1785231850761,LeaderAccept
1785231850984,false,1785231851061,LeaderAccept
1785231851332,true,1785231851408,LeaderAccept
1785231851745,false,1785231851821,LeaderAccept
1785231852252,false,1785231852329,LeaderAccept
1785231852905,false,1785231852964,FastAccept
1785231853811,true,1785231853871,FastAccept
1785231855235,false,1785231855308,LeaderAccept
1785231858134,false,1785231858210,LeaderAccept
1785231870483,true,1785231870542,FastAccept
1785231879598,false,1785231879674,LeaderAccept
1785231879630,false,1785231879705,LeaderAccept
1785231879662,false,1785231879738,LeaderAccept
1785231879694,true,1785231879769,LeaderAccept
1785231879728,true,1785231879802,LeaderAccept
1785231879762,false,1785231879838,LeaderAccept
1785231879796,false,1785231879873,LeaderAccept
1785231879831,true,1785231879905,LeaderAccept
1785231879867,false,1785231879942,LeaderAccept
1785231879903,false,1785231879978,LeaderAccept
1785231879940,true,1785231880015,LeaderAccept
1785231879977,true,1785231880054,LeaderAccept
1785231880015,false,1785231880090,LeaderAccept
1785231880053,true,1785231880128,LeaderAccept
1785231880093,true,1785231880169,LeaderAccept
1785231880133,false,1785231880209,LeaderAccept
1785231880174,true,1785231880248,LeaderAccept
1785231880215,true,1785231880291,LeaderAccept
1785231880257,true,1785231880332,LeaderAccept
1785231880301,true,1785231880377,LeaderAccept
1785231880345,false,1785231880420,LeaderAccept
1785231880391,true,1785231880465,LeaderAccept
1785231880437,false,1785231880511,LeaderAccept
1785231880483,false,1785231880559,LeaderAccept
1785231880532,false,1785231880606,LeaderAccept
1785231880582,false,1785231880659,LeaderAccept
1785231880633,true,1785231880710,LeaderAccept
1785231880684,true,1785231880758,LeaderAccept
1785231880738,false,1785231880814,LeaderAccept
1785231880792,true,1785231880869,LeaderAccept
1785231880849,true,1785231880923,LeaderAccept
1785231880907,true,1785231880984,LeaderAccept
1785231880967,false,1785231881042,LeaderAccept
1785231881028,true,1785231881102,LeaderAccept
1785231881091,false,1785231881165,LeaderAccept
1785231881156,true,1785231881231,LeaderAccept
1785231881223,false,1785231881298,LeaderAccept
1785231881293,true,1785231881366,LeaderAccept
1785231881365,false,1785231881438,LeaderAccept
1785231881438,true,1785231881511,LeaderAccept
1785231881516,true,1785231881589,LeaderAccept
1785231881596,false,1785231881671,LeaderAccept
1785231881678,true,1785231881754,LeaderAccept
1785231881765,true,1785231881839,LeaderAccept
1785231881856,false,1785231881931,LeaderAccept
1785231881951,false,1785231882026,LeaderAccept
1785231882050,true,1785231882125,LeaderAccept
1785231882154,true,1785231882228,LeaderAccept
1785231882264,true,1785231882340,LeaderAccept
1785231882379,true,1785231882453,LeaderAccept
1785231882502,true,1785231882575,LeaderAccept
1785231882633,false,1785231882707,LeaderAccept
1785231882772,true,1785231882848,LeaderAccept
1785231882921,false,1785231882996,LeaderAccept
1785231883082,false,1785231883156,LeaderAccept
1785231883255,false,1785231883329,LeaderAccept
1785231883445,false,1785231883521,LeaderAccept
1785231883653,false,1785231883727,LeaderAccept
1785231883884,true,1785231883958,LeaderAccept
1785231884143,false,1785231884217,LeaderAccept
1785231884438,false,1785231884512,LeaderAccept
1785231884779,false,1785231884855,LeaderAccept
1785231885184,false,1785231885259,LeaderAccept
1785231885679,false,1785231885754,LeaderAccept
1785231886313,false,1785231886388,LeaderAccept
1785231887184,false,1785231887261,LeaderAccept
1785231888529,true,1785231888604,LeaderAccept
1785231891163,false,1785231891239,LeaderAccept
1785231900985,true,1785231901060,LeaderAccept
1785231902294,true,1785231902369,LeaderAccept
1785231902310,false,1785231902384,LeaderAccept
1785231902325,false,1785231902400,LeaderAccept
1785231902342,false,1785231902417,LeaderAccept
1785231902358,true,1785231902434,LeaderAccept
1785231902374,true,1785231902448,LeaderAccept
1785231902391,true,1785231902466,LeaderAccept
1785231902407,false,1785231902483,LeaderAccept
1785231902424,true,1785231902498,LeaderAccept
1785231902441,true,1785231902516,LeaderAccept
1785231902458,true,1785231902533,LeaderAccept
1785231902475,false,1785231902551,LeaderAccept
1785231902493,true,1785231902568,LeaderAccept
1785231902510,false,1785231902584,LeaderAccept
1785231902527,true,1785231902602,LeaderAccept
1785231902545,false,1785231902619,LeaderAccept
1785231902563,false,1785231902637,LeaderAccept
1785231902581,false,1785231902656,LeaderAccept
1785231902599,false,1785231902673,LeaderAccept
1785231902616,true,1785231902691,LeaderAccept
1785231902635,false,1785231902709,LeaderAccept
1785231902652,true,1785231902727,LeaderAccept
1785231902671,true,1785231902745,LeaderAccept
1785231902690,false,1785231902765,LeaderAccept
1785231902709,true,1785231902784,LeaderAccept
1785231902728,false,1785231902802,LeaderAccept
1785231902746,true,1785231902823,LeaderAccept
1785231902766,true,1785231902840,LeaderAccept
1785231902786,false,1785231902860,LeaderAccept
1785231902805,true,1785231902879,LeaderAccept
1785231902826,true,1785231902902,LeaderAccept
1785231902846,false,1785231902919,LeaderAccept
1785231902866,false,1785231902942,LeaderAccept
1785231902887,true,1785231902961,LeaderAccept
1785231902908,true,1785231902985,LeaderAccept
1785231902930,true,1785231903004,LeaderAccept
1785231902951,true,1785231903027,LeaderAccept
1785231902972,false,1785231903048,LeaderAccept
1785231902994,false,1785231903070,LeaderAccept
1785231903015,true,1785231903090,LeaderAccept
1785231903038,true,1785231903114,LeaderAccept
1785231903061,true,1785231903137,LeaderAccept
1785231903083,false,1785231903159,LeaderAccept
1785231903107,true,1785231903182,LeaderAccept
1785231903131,true,1785231903207,LeaderAccept
1785231903155,true,1785231903230,LeaderAccept
1785231903179,false,1785231903254,LeaderAccept
1785231903203,true,1785231903279,LeaderAccept
1785231903226,false,1785231903301,LeaderAccept
1785231903251,false,1785231903327,LeaderAccept
1785231903276,true,1785231903350,LeaderAccept
1785231903301,false,1785231903377,LeaderAccept
1785231903325,true,1785231903400,LeaderAccept
1785231903350,true,1785231903426,LeaderAccept
1785231903377,true,1785231903452,LeaderAccept
1785231903403,false,1785231903477,LeaderAccept
1785231903430,true,1785231903504,LeaderAccept
1785231903457,false,1785231903532,LeaderAccept
1785231903484,false,1785231903560,LeaderAccept
1785231903511,false,1785231903587,LeaderAccept
1785231903540,false,1785231903615,LeaderAccept
1785231903569,true,1785231903645,LeaderAccept
1785231903598,true,1785231903673,LeaderAccept
1785231903626,false,1785231903701,LeaderAccept
1785231903656,false,1785231903731,LeaderAccept
1785231903686,true,1785231903761,LeaderAccept
1785231903716,false,1785231903791,LeaderAccept
1785231903748,true,1785231903823,LeaderAccept
1785231903779,true,1785231903855,LeaderAccept
1785231903811,true,1785231903887,LeaderAccept
1785231903844,false,1785231903918,LeaderAccept
1785231903877,true,1785231903951,LeaderAccept
1785231903911,false,1785231903985,LeaderAccept
1785231903945,false,1785231904020,LeaderAccept
1785231903979,false,1785231904055,LeaderAccept
1785231904014,false,1785231904089,LeaderAccept
1785231904050,true,1785231904126,LeaderAccept
1785231904087,true,1785231904161,LeaderAccept
1785231904124,false,1785231904200,LeaderAccept
1785231904161,false,1785231904236,LeaderAccept
1785231904200,false,1785231904275,LeaderAccept
1785231904239,false,1785231904315,LeaderAccept
1785231904279,true,1785231904354,LeaderAccept
1785231904320,false,1785231904395,LeaderAccept
1785231904362,false,1785231904440,LeaderAccept
1785231904405,false,1785231904481,LeaderAccept
1785231904449,true,1785231904523,LeaderAccept
1785231904493,false,1785231904569,LeaderAccept
1785231904539,true,1785231904617,LeaderAccept
1785231904586,false,1785231904661,LeaderAccept
1785231904634,false,1785231904709,LeaderAccept
1785231904683,false,1785231904760,LeaderAccept
1785231904732,false,1785231904807,LeaderAccept
1785231904783,true,1785231904857,LeaderAccept
1785231904835,false,1785231904911,LeaderAccept
1785231904889,true,1785231904964,LeaderAccept
1785231904944,true,1785231905021,LeaderAccept
1785231905000,true,1785231905078,LeaderAccept
1785231905059,false,1785231905133,LeaderAccept
1785231905118,false,1785231905194,LeaderAccept
1785231905180,true,1785231905254,LeaderAccept
1785231905243,true,1785231905320,LeaderAccept
1785231905309,false,1785231905384,LeaderAccept
1785231905376,false,1785231905452,LeaderAccept
1785231905446,false,1785231905522,LeaderAccept
1785231905517,true,1785231905594,LeaderAccept
1785231905592,false,1785231905668,LeaderAccept
1785231905669,false,1785231905744,LeaderAccept
1785231905748,false,1785231905824,LeaderAccept
1785231905832,false,1785231905906,LeaderAccept
1785231905919,false,1785231905994,LeaderAccept
1785231906010,true,1785231906085,LeaderAccept
1785231906105,true,1785231906180,LeaderAccept
1785231906204,true,1785231906279,LeaderAccept
1785231906309,true,1785231906383,LeaderAccept
1785231906418,true,1785231906493,LeaderAccept
1785231906534,false,1785231906610,LeaderAccept
1785231906658,true,1785231906733,LeaderAccept
1785231906789,true,1785231906864,LeaderAccept
1785231906929,true,1785231907006,LeaderAccept
1785231907079,false,1785231907157,LeaderAccept
1785231907240,true,1785231907316,LeaderAccept
1785231907415,true,1785231907493,LeaderAccept
1785231907606,true,1785231907682,LeaderAccept
1785231907815,true,1785231907890,LeaderAccept
1785231908047,true,1785231908124,LeaderAccept
1785231908309,false,1785231908384,LeaderAccept
1785231908607,true,1785231908683,LeaderAccept
1785231908952,false,1785231909029,LeaderAccept
1785231909362,false,1785231909440,LeaderAccept
1785231909866,true,1785231909942,LeaderAccept
1785231910513,true,1785231910589,LeaderAccept
1785231911406,false,1785231911482,LeaderAccept
1785231912802,false,1785231912878,LeaderAccept
1785231915605,true,1785231915664,FastAccept
1785231926982,false,1785231927057,LeaderAccept
1785231937363,false,1785231937439,LeaderAccept
1785231937396,false,1785231937471,LeaderAccept
1785231937429,false,1785231937506,LeaderAccept
1785231937463,true,1785231937537,LeaderAccept
1785231937498,true,1785231937573,LeaderAccept
1785231937533,false,1785231937607,LeaderAccept
1785231937569,false,1785231937642,LeaderAccept
1785231937605,false,1785231937680,LeaderAccept
1785231937642,true,1785231937717,LeaderAccept
1785231937679,false,1785231937754,LeaderAccept
1785231937718,true,1785231937792,LeaderAccept
1785231937756,false,1785231937832,LeaderAccept
1785231937795,false,1785231937871,LeaderAccept
1785231937835,false,1785231937911,LeaderAccept
1785231937877,false,1785231937950,LeaderAccept
1785231937919,true,1785231937993,LeaderAccept
1785231937962,true,1785231938037,LeaderAccept
1785231938006,true,1785231938080,LeaderAccept
1785231938051,false,1785231938126,LeaderAccept
1785231938097,true,1785231938172,LeaderAccept
1785231938144,false,1785231938222,LeaderAccept
1785231938191,false,1785231938266,LeaderAccept
1785231938241,false,1785231938316,LeaderAccept
1785231938291,false,1785231938366,LeaderAccept
1785231938342,true,1785231938417,LeaderAccept
1785231938394,true,1785231938470,LeaderAccept
1785231938449,true,1785231938523,LeaderAccept
1785231938504,false,1785231938579,LeaderAccept
1785231938561,true,1785231938636,LeaderAccept
1785231938620,true,1785231938697,LeaderAccept
1785231938680,false,1785231938757,LeaderAccept
1785231938743,true,1785231938818,LeaderAccept
1785231938807,false,1785231938884,LeaderAccept
1785231938873,false,1785231938948,LeaderAccept
1785231938941,false,1785231939016,LeaderAccept
1785231939011,true,1785231939087,LeaderAccept
1785231939084,true,1785231939160,LeaderAccept
1785231939161,false,1785231939235,LeaderAccept
1785231939239,false,1785231939314,LeaderAccept
1785231939321,true,1785231939398,LeaderAccept
1785231939407,true,1785231939482,LeaderAccept
1785231939496,false,1785231939573,LeaderAccept
1785231939590,false,1785231939665,LeaderAccept
1785231939687,false,1785231939763,LeaderAccept
1785231939789,true,1785231939865,LeaderAccept
1785231939896,true,1785231939971,LeaderAccept
1785231940009,false,1785231940085,LeaderAccept
1785231940129,true,1785231940205,LeaderAccept
1785231940256,false,1785231940331,LeaderAccept
1785231940392,false,1785231940469,LeaderAccept
1785231940537,false,1785231940611,LeaderAccept
1785231940693,true,1785231940769,LeaderAccept
1785231940861,true,1785231940935,LeaderAccept
1785231941044,false,1785231941119,LeaderAccept
1785231941244,false,1785231941320,LeaderAccept
1785231941465,true,1785231941542,LeaderAccept
1785231941713,true,1785231941788,LeaderAccept
1785231941993,true,1785231942068,LeaderAccept
1785231942314,false,1785231942389,LeaderAccept
1785231942691,false,1785231942765,LeaderAccept
1785231943146,false,1785231943204,FastAccept
1785231943717,true,1785231943775,FastAccept
1785231944476,false,1785231944536,FastAccept
1785231945585,true,1785231945645,FastAccept
1785231947515,false,1785231947573,FastAccept
1785231952577,true,1785231952637,FastAccept
1785231965126,true,1785231965184,FastAccept
1785231965150,false,1785231965207,FastAccept
1785231965173,true,1785231965233,FastAccept
1785231965198,true,1785231965258,FastAccept
1785231965223,true,1785231965280,FastAccept
1785231965248,false,1785231965306,FastAccept
1785231965273,false,1785231965330,FastAccept
1785231965299,true,1785231965358,FastAccept
1785231965325,false,1785231965384,FastAccept
1785231965350,false,1785231965409,FastAccept
1785231965377,true,1785231965435,FastAccept
1785231965404,true,1785231965462,FastAccept
1785231965431,false,1785231965489,FastAccept
1785231965458,true,1785231965516,FastAccept
1785231965485,false,1785231965544,FastAccept
1785231965514,false,1785231965609,SlowAccept
1785231965541,true,1785231965639,SlowAccept
1785231965571,false,1785231965667,LeaderAccept
1785231965600,false,1785231965677,LeaderAccept
1785231965629,false,1785231965706,LeaderAccept
1785231965659,false,1785231965734,LeaderAccept
1785231965690,true,1785231965765,LeaderAccept
1785231965721,true,1785231965796,LeaderAccept
1785231965753,true,1785231965828,LeaderAccept
1785231965785,false,1785231965860,LeaderAccept
1785231965817,true,1785231965890,LeaderAccept
1785231965850,true,1785231965925,LeaderAccept
1785231965884,true,1785231965958,LeaderAccept
1785231965918,false,1785231965994,LeaderAccept
1785231965953,true,1785231966029,LeaderAccept
1785231965988,true,1785231966063,LeaderAccept
1785231966024,false,1785231966099,LeaderAccept
1785231966060,false,1785231966136,LeaderAccept
1785231966097,false,1785231966173,LeaderAccept
1785231966134,false,1785231966210,LeaderAccept
1785231966173,false,1785231966248,LeaderAccept
1785231966212,true,1785231966288,LeaderAccept
1785231966253,true,1785231966327,LeaderAccept
1785231966294,true,1785231966369,LeaderAccept
1785231966335,false,1785231966412,LeaderAccept
1785231966378,true,1785231966454,LeaderAccept
1785231966422,true,1785231966498,LeaderAccept
1785231966467,false,1785231966542,LeaderAccept
1785231966511,true,1785231966587,LeaderAccept
1785231966558,true,1785231966633,LeaderAccept
1785231966604,false,1785231966680,LeaderAccept
1785231966653,true,1785231966728,LeaderAccept
1785231966703,true,1785231966778,LeaderAccept
1785231966754,true,1785231966829,LeaderAccept
1785231966806,false,1785231966883,LeaderAccept
1785231966860,false,1785231966935,LeaderAccept
1785231966915,false,1785231966990,LeaderAccept
1785231966972,false,1785231967048,LeaderAccept
1785231967029,false,1785231967105,LeaderAccept
1785231967089,true,1785231967165,LeaderAccept
1785231967151,false,1785231967225,LeaderAccept
1785231967214,true,1785231967290,LeaderAccept
1785231967280,true,1785231967357,LeaderAccept
1785231967348,true,1785231967423,LeaderAccept
1785231967417,false,1785231967492,LeaderAccept
1785231967489,false,1785231967565,LeaderAccept
1785231967564,true,1785231967640,LeaderAccept
1785231967642,false,1785231967717,LeaderAccept
1785231967722,true,1785231967797,LeaderAccept
1785231967806,true,1785231967880,LeaderAccept
1785231967893,true,1785231967967,LeaderAccept
1785231967984,false,1785231968060,LeaderAccept
1785231968080,false,1785231968156,LeaderAccept
1785231968180,false,1785231968256,LeaderAccept
1785231968285,false,1785231968362,LeaderAccept
1785231968396,true,1785231968471,LeaderAccept
1785231968513,true,1785231968589,LeaderAccept
1785231968637,false,1785231968713,LeaderAccept
1785231968768,true,1785231968841,LeaderAccept
1785231968909,true,1785231968983,LeaderAccept
1785231969059,true,1785231969136,LeaderAccept
1785231969221,true,1785231969298,LeaderAccept
1785231969397,false,1785231969474,LeaderAccept
1785231969590,true,1785231969667,LeaderAccept
1785231969802,true,1785231969879,LeaderAccept
1785231970037,false,1785231970112,LeaderAccept
1785231970301,false,1785231970375,LeaderAccept
1785231970602,true,1785231970677,LeaderAccept
1785231970952,false,1785231971029,LeaderAccept
1785231971369,false,1785231971429,FastAccept
1785231971882,true,1785231971940,FastAccept
1785231972544,true,1785231972603,FastAccept
1785231973465,true,1785231973539,LeaderAccept
1785231974924,true,1785231974999,LeaderAccept
1785231977951,false,1785231978026,LeaderAccept
1785231991690,false,1785231991750,FastAccept
1785232018754,false,1785232018830,LeaderAccept
1785232018768,true,1785232018843,LeaderAccept
1785232018784,true,1785232018859,LeaderAccept
1785232018799,true,1785232018873,LeaderAccept
1785232018814,true,1785232018890,LeaderAccept
1785232018830,false,1785232018904,LeaderAccept
1785232018844,false,1785232018918,LeaderAccept
1785232018860,true,1785232018933,LeaderAccept
1785232018876,true,1785232018949,LeaderAccept
1785232018892,true,1785232018967,LeaderAccept
1785232018908,false,1785232018981,LeaderAccept
1785232018924,true,1785232018997,LeaderAccept
1785232018940,false,1785232019013,LeaderAccept
1785232018956,false,1785232019033,LeaderAccept
1785232018973,true,1785232019048,LeaderAccept
1785232018990,false,1785232019065,LeaderAccept
1785232019007,false,1785232019083,LeaderAccept
1785232019024,false,1785232019097,LeaderAccept
1785232019040,true,1785232019115,LeaderAccept
1785232019057,false,1785232019132,LeaderAccept
1785232019075,false,1785232019148,LeaderAccept
1785232019092,true,1785232019168,LeaderAccept
1785232019109,true,1785232019185,LeaderAccept
1785232019127,false,1785232019201,LeaderAccept
1785232019144,true,1785232019219,LeaderAccept
1785232019163,true,1785232019239,LeaderAccept
1785232019182,true,1785232019256,LeaderAccept
1785232019200,true,1785232019275,LeaderAccept
1785232019218,false,1785232019292,LeaderAccept
1785232019235,false,1785232019312,LeaderAccept
1785232019254,true,1785232019329,LeaderAccept
1785232019272,true,1785232019349,LeaderAccept
1785232019292,true,1785232019367,LeaderAccept
1785232019311,true,1785232019386,LeaderAccept
1785232019330,true,1785232019403,LeaderAccept
1785232019349,false,1785232019425,LeaderAccept
1785232019369,true,1785232019444,LeaderAccept
1785232019389,true,1785232019465,LeaderAccept
1785232019409,false,1785232019483,LeaderAccept
1785232019429,false,1785232019505,LeaderAccept
1785232019449,false,1785232019524,LeaderAccept
1785232019470,true,1785232019547,LeaderAccept
1785232019491,true,1785232019564,LeaderAccept
1785232019512,false,1785232019588,LeaderAccept
1785232019534,false,1785232019609,LeaderAccept
1785232019555,false,1785232019630,LeaderAccept
1785232019577,false,1785232019652,LeaderAccept
1785232019598,false,1785232019674,LeaderAccept
1785232019621,false,1785232019697,LeaderAccept
1785232019643,false,1785232019717,LeaderAccept
1785232019666,false,1785232019740,LeaderAccept
1785232019689,false,1785232019764,LeaderAccept
1785232019712,false,1785232019787,LeaderAccept
1785232019735,false,1785232019811,LeaderAccept
1785232019759,false,1785232019833,LeaderAccept
1785232019782,false,1785232019857,LeaderAccept
1785232019807,true,1785232019883,LeaderAccept
1785232019832,true,1785232019908,LeaderAccept
1785232019857,false,1785232019933,LeaderAccept
1785232019883,false,1785232019959,LeaderAccept
1785232019908,true,1785232019982,LeaderAccept
1785232019933,true,1785232020007,LeaderAccept
1785232019959,false,1785232020035,LeaderAccept
1785232019984,false,1785232020059,LeaderAccept
1785232020011,false,1785232020086,LeaderAccept
1785232020038,false,1785232020114,LeaderAccept
1785232020066,true,1785232020141,LeaderAccept
1785232020094,true,1785232020169,LeaderAccept
1785232020122,true,1785232020197,LeaderAccept
1785232020150,true,1785232020227,LeaderAccept
1785232020179,false,1785232020255,LeaderAccept
1785232020208,true,1785232020282,LeaderAccept
1785232020238,false,1785232020315,LeaderAccept
1785232020267,false,1785232020342,LeaderAccept
1785232020298,true,1785232020373,LeaderAccept
1785232020329,false,1785232020404,LeaderAccept
1785232020360,false,1785232020436,LeaderAccept
1785232020391,false,1785232020467,LeaderAccept
1785232020424,false,1785232020497,LeaderAccept
1785232020457,true,1785232020531,LeaderAccept
1785232020490,false,1785232020566,LeaderAccept
1785232020523,true,1785232020598,LeaderAccept
1785232020557,false,1785232020635,LeaderAccept
1785232020593,true,1785232020668,LeaderAccept
1785232020628,false,1785232020703,LeaderAccept
1785232020665,true,1785232020742,LeaderAccept
1785232020702,true,1785232020778,LeaderAccept
1785232020738,false,1785232020813,LeaderAccept
1785232020777,false,1785232020853,LeaderAccept
1785232020815,true,1785232020890,LeaderAccept
1785232020855,true,1785232020930,LeaderAccept
1785232020896,false,1785232020971,LeaderAccept
1785232020937,false,1785232021012,LeaderAccept
1785232020979,true,1785232021053,LeaderAccept
1785232021022,true,1785232021096,LeaderAccept
1785232021066,false,1785232021141,LeaderAccept
1785232021111,false,1785232021187,LeaderAccept
1785232021156,false,1785232021230,LeaderAccept
1785232021203,true,1785232021277,LeaderAccept
1785232021251,false,1785232021323,LeaderAccept
1785232021300,true,1785232021376,LeaderAccept
1785232021350,true,1785232021425,LeaderAccept
1785232021401,true,1785232021478,LeaderAccept
1785232021454,true,1785232021530,LeaderAccept
1785232021508,false,1785232021583,LeaderAccept
1785232021564,false,1785232021641,LeaderAccept
1785232021621,false,1785232021698,LeaderAccept
1785232021680,true,1785232021754,LeaderAccept
1785232021740,false,1785232021815,LeaderAccept
1785232021803,false,1785232021878,LeaderAccept
1785232021867,false,1785232021940,LeaderAccept
1785232021933,false,1785232022009,LeaderAccept
1785232022001,false,1785232022078,LeaderAccept
1785232022072,false,1785232022147,LeaderAccept
1785232022145,true,1785232022221,LeaderAccept
1785232022221,false,1785232022295,LeaderAccept
1785232022300,false,1785232022376,LeaderAccept
1785232022383,false,1785232022459,LeaderAccept
1785232022469,false,1785232022545,LeaderAccept
1785232022559,true,1785232022635,LeaderAccept
1785232022652,true,1785232022727,LeaderAccept
1785232022750,true,1785232022824,LeaderAccept
1785232022852,true,1785232022928,LeaderAccept
1785232022960,true,1785232023034,LeaderAccept
1785232023074,false,1785232023151,LeaderAccept
1785232023195,true,1785232023270,LeaderAccept
1785232023323,true,1785232023399,LeaderAccept
1785232023458,true,1785232023534,LeaderAccept
1785232023604,false,1785232023679,LeaderAccept
1785232023760,false,1785232023836,LeaderAccept
1785232023930,true,1785232024003,LeaderAccept
1785232024114,true,1785232024190,LeaderAccept
1785232024315,true,1785232024388,LeaderAccept
1785232024538,true,1785232024612,LeaderAccept
1785232024787,false,1785232024862,LeaderAccept
1785232025069,true,1785232025144,LeaderAccept
1785232025392,false,1785232025468,LeaderAccept
1785232025772,true,1785232025848,LeaderAccept
1785232026232,false,1785232026307,LeaderAccept
1785232026811,true,1785232026887,LeaderAccept
1785232027582,false,1785232027656,LeaderAccept
1785232028718,false,1785232028793,LeaderAccept
1785232030720,false,1785232030779,FastAccept
1785232036164,false,1785232036239,LeaderAccept
1785232038712,false,1785232038786,LeaderAccept
1785232038729,false,1785232038806,LeaderAccept
1785232038746,true,1785232038820,LeaderAccept
1785232038763,false,1785232038837,LeaderAccept
1785232038780,false,1785232038855,LeaderAccept
1785232038797,false,1785232038873,LeaderAccept
1785232038814,false,1785232038888,LeaderAccept
1785232038831,false,1785232038905,LeaderAccept
1785232038849,false,1785232038924,LeaderAccept
1785232038866,false,1785232038941,LeaderAccept
1785232038884,false,1785232038961,LeaderAccept
1785232038901,false,1785232038977,LeaderAccept
1785232038920,true,1785232038994,LeaderAccept
1785232038938,true,1785232039013,LeaderAccept
1785232038956,false,1785232039031,LeaderAccept
1785232038974,false,1785232039050,LeaderAccept
1785232038993,true,1785232039066,LeaderAccept
1785232039012,false,1785232039087,LeaderAccept
1785232039031,false,1785232039106,LeaderAccept
1785232039050,true,1785232039124,LeaderAccept
1785232039068,false,1785232039143,LeaderAccept
1785232039088,true,1785232039163,LeaderAccept
1785232039107,true,1785232039181,LeaderAccept
1785232039127,true,1785232039201,LeaderAccept
1785232039147,true,1785232039224,LeaderAccept
1785232039168,false,1785232039243,LeaderAccept
1785232039188,true,1785232039261,LeaderAccept
1785232039208,true,1785232039283,LeaderAccept
1785232039229,true,1785232039304,LeaderAccept
1785232039250,false,1785232039327,LeaderAccept
1785232039271,true,1785232039345,LeaderAccept
1785232039292,true,1785232039366,LeaderAccept
1785232039314,true,1785232039390,LeaderAccept
1785232039336,true,1785232039412,LeaderAccept
1785232039358,false,1785232039433,LeaderAccept
1785232039380,true,1785232039457,LeaderAccept
1785232039403,true,1785232039476,LeaderAccept
1785232039426,true,1785232039500,LeaderAccept
1785232039449,true,1785232039523,LeaderAccept
1785232039472,false,1785232039547,LeaderAccept
1785232039495,true,1785232039569,LeaderAccept
1785232039519,false,1785232039595,LeaderAccept
1785232039543,false,1785232039616,LeaderAccept
1785232039567,false,1785232039644,LeaderAccept
1785232039592,false,1785232039666,LeaderAccept
1785232039617,false,1785232039692,LeaderAccept
1785232039641,false,1785232039717,LeaderAccept
1785232039667,true,1785232039744,LeaderAccept
1785232039693,false,1785232039769,LeaderAccept
1785232039719,false,1785232039793,LeaderAccept
1785232039745,false,1785232039820,LeaderAccept
1785232039772,false,1785232039847,LeaderAccept
1785232039799,false,1785232039874,LeaderAccept
1785232039827,true,1785232039902,LeaderAccept
1785232039854,true,1785232039929,LeaderAccept
1785232039883,false,1785232039959,LeaderAccept
1785232039912,false,1785232039987,LeaderAccept
1785232039941,true,1785232040014,LeaderAccept
1785232039970,false,1785232040046,LeaderAccept
1785232039999,false,1785232040075,LeaderAccept
1785232040029,true,1785232040105,LeaderAccept
1785232040060,true,1785232040133,LeaderAccept
1785232040091,false,1785232040165,LeaderAccept
1785232040123,true,1785232040196,LeaderAccept
1785232040155,true,1785232040231,LeaderAccept
1785232040188,true,1785232040264,LeaderAccept
1785232040221,true,1785232040296,LeaderAccept
1785232040254,true,1785232040328,LeaderAccept
1785232040288,false,1785232040363,LeaderAccept
1785232040322,true,1785232040398,LeaderAccept
1785232040357,true,1785232040431,LeaderAccept
1785232040394,true,1785232040469,LeaderAccept
1785232040431,false,1785232040505,LeaderAccept
1785232040468,false,1785232040543,LeaderAccept
1785232040506,false,1785232040581,LeaderAccept
1785232040543,true,1785232040619,LeaderAccept
1785232040583,false,1785232040658,LeaderAccept
1785232040623,false,1785232040698,LeaderAccept
1785232040663,false,1785232040741,LeaderAccept
1785232040704,true,1785232040778,LeaderAccept
1785232040747,true,1785232040821,LeaderAccept
1785232040790,false,1785232040866,LeaderAccept
1785232040834,false,1785232040911,LeaderAccept
1785232040880,false,1785232040955,LeaderAccept
1785232040926,false,1785232041001,LeaderAccept
1785232040974,false,1785232041048,LeaderAccept
1785232041022,true,1785232041097,LeaderAccept
1785232041070,true,1785232041146,LeaderAccept
1785232041121,false,1785232041196,LeaderAccept
1785232041173,false,1785232041248,LeaderAccept
1785232041227,true,1785232041303,LeaderAccept
1785232041282,true,1785232041357,LeaderAccept
1785232041338,true,1785232041416,LeaderAccept
1785232041396,true,1785232041471,LeaderAccept
1785232041455,true,1785232041530,LeaderAccept
1785232041517,true,1785232041593,LeaderAccept
1785232041580,true,1785232041656,LeaderAccept
1785232041645,false,1785232041720,LeaderAccept
1785232041712,false,1785232041788,LeaderAccept
1785232041782,false,1785232041857,LeaderAccept
1785232041854,true,1785232041929,LeaderAccept
1785232041929,false,1785232042003,LeaderAccept
1785232042006,false,1785232042082,LeaderAccept
1785232042086,false,1785232042161,LeaderAccept
1785232042169,false,1785232042245,LeaderAccept
1785232042256,false,1785232042331,LeaderAccept
1785232042346,false,1785232042421,LeaderAccept
1785232042441,false,1785232042516,LeaderAccept
1785232042539,true,1785232042615,LeaderAccept
1785232042644,true,1785232042719,LeaderAccept
1785232042754,true,1785232042829,LeaderAccept
1785232042869,false,1785232042945,LeaderAccept
1785232042992,false,1785232043067,LeaderAccept
1785232043123,false,1785232043199,LeaderAccept
1785232043262,true,1785232043337,LeaderAccept
1785232043410,false,1785232043486,LeaderAccept
1785232043571,true,1785232043647,LeaderAccept
1785232043745,true,1785232043822,LeaderAccept
1785232043935,true,1785232044010,LeaderAccept
1785232044144,false,1785232044220,LeaderAccept
1785232044374,true,1785232044450,LeaderAccept
1785232044634,true,1785232044710,LeaderAccept
1785232044929,false,1785232045004,LeaderAccept
1785232045270,true,1785232045344,LeaderAccept
1785232045676,false,1785232045751,LeaderAccept
1785232046172,true,1785232046229,FastAccept
1785232046807,false,1785232046865,FastAccept
1785232047679,false,1785232047737,FastAccept
1785232049027,true,1785232049085,FastAccept
1785232051670,true,1785232051728,FastAccept
1785232061578,false,1785232061638,FastAccept
1785232082567,true,1785232082624,FastAccept
1785232082602,false,1785232082661,FastAccept
1785232082639,true,1785232082697,FastAccept
1785232082676,false,1785232082733,FastAccept
1785232082713,false,1785232082770,FastAccept
1785232082750,true,1785232082809,FastAccept
1785232082789,false,1785232082847,FastAccept
1785232082828,true,1785232082887,FastAccept
1785232082868,false,1785232082926,FastAccept
1785232082909,false,1785232082967,FastAccept
1785232082951,false,1785232083009,FastAccept
1785232082994,false,1785232083053,FastAccept
1785232083037,true,1785232083095,FastAccept
1785232083081,false,1785232083140,FastAccept
1785232083127,true,1785232083187,FastAccept
1785232083174,false,1785232083233,FastAccept
1785232083221,true,1785232083279,FastAccept
1785232083271,false,1785232083329,FastAccept
1785232083321,true,1785232083379,FastAccept
1785232083371,false,1785232083429,FastAccept
1785232083424,false,1785232083483,FastAccept
1785232083478,false,1785232083537,FastAccept
1785232083533,true,1785232083591,FastAccept
1785232083590,true,1785232083649,FastAccept
1785232083649,true,1785232083708,FastAccept
1785232083709,true,1785232083768,FastAccept
1785232083771,true,1785232083828,FastAccept
1785232083835,true,1785232083893,FastAccept
1785232083900,true,1785232083959,FastAccept
1785232083969,false,1785232084029,FastAccept
1785232084040,true,1785232084098,FastAccept
1785232084113,true,1785232084172,FastAccept
1785232084188,true,1785232084247,FastAccept
1785232084267,true,1785232084325,FastAccept
1785232084348,false,1785232084406,FastAccept
1785232084433,true,1785232084492,FastAccept
1785232084521,true,1785232084581,FastAccept
1785232084614,false,1785232084672,FastAccept
1785232084710,false,1785232084770,FastAccept
1785232084812,true,1785232084870,FastAccept
1785232084919,false,1785232084979,FastAccept
1785232085030,false,1785232085090,FastAccept
1785232085149,false,1785232085209,FastAccept
1785232085276,false,1785232085335,FastAccept
1785232085411,false,1785232085470,FastAccept
1785232085554,true,1785232085611,FastAccept
1785232085708,false,1785232085767,FastAccept
1785232085874,true,1785232085933,FastAccept
1785232086055,true,1785232086112,FastAccept
1785232086253,false,1785232086310,FastAccept
1785232086471,true,1785232086529,FastAccept
1785232086714,false,1785232086772,FastAccept
1785232086988,false,1785232087047,FastAccept
1785232087302,false,1785232087361,FastAccept
1785232087669,false,1785232087726,FastAccept
1785232088110,true,1785232088170,FastAccept
1785232088660,false,1785232088757,LeaderAccept
1785232089383,true,1785232089442,FastAccept
1785232090422,true,1785232090479,FastAccept
1785232092166,true,1785232092226,FastAccept
1785232096337,true,1785232096410,LeaderAccept
1785232106455,true,1785232106530,LeaderAccept
1785232106471,true,1785232106547,LeaderAccept
1785232106487,true,1785232106562,LeaderAccept
1785232106503,true,1785232106576,LeaderAccept
1785232106519,false,1785232106592,LeaderAccept
1785232106535,false,1785232106609,LeaderAccept
1785232106552,true,1785232106628,LeaderAccept
1785232106569,false,1785232106642,LeaderAccept
1785232106586,false,1785232106662,LeaderAccept
1785232106602,false,1785232106676,LeaderAccept
1785232106618,false,1785232106693,LeaderAccept
1785232106636,true,1785232106710,LeaderAccept
1785232106653,true,1785232106727,LeaderAccept
1785232106669,true,1785232106745,LeaderAccept
1785232106687,true,1785232106761,LeaderAccept
1785232106703,true,1785232106778,LeaderAccept
1785232106721,false,1785232106795,LeaderAccept
1785232106739,false,1785232106815,LeaderAccept
1785232106757,true,1785232106831,LeaderAccept
1785232106774,true,1785232106848,LeaderAccept
1785232106793,false,1785232106870,LeaderAccept
1785232106812,true,1785232106887,LeaderAccept
1785232106831,false,1785232106905,LeaderAccept
1785232106850,true,1785232106924,LeaderAccept
1785232106869,true,1785232106944,LeaderAccept
1785232106888,false,1785232106964,LeaderAccept
1785232106908,true,1785232106981,LeaderAccept
1785232106927,false,1785232107002,LeaderAccept
1785232106947,true,1785232107023,LeaderAccept
1785232106967,false,1785232107042,LeaderAccept
1785232106987,true,1785232107062,LeaderAccept
1785232107007,false,1785232107083,LeaderAccept
1785232107028,true,1785232107103,LeaderAccept
1785232107049,false,1785232107125,LeaderAccept
1785232107070,false,1785232107144,LeaderAccept
1785232107091,true,1785232107167,LeaderAccept
1785232107112,false,1785232107187,LeaderAccept
1785232107134,true,1785232107209,LeaderAccept
1785232107156,false,1785232107231,LeaderAccept
1785232107178,false,1785232107253,LeaderAccept
1785232107200,false,1785232107275,LeaderAccept
1785232107222,true,1785232107296,LeaderAccept
1785232107244,true,1785232107318,LeaderAccept
1785232107266,false,1785232107341,LeaderAccept
1785232107288,false,1785232107363,LeaderAccept
1785232107312,true,1785232107389,LeaderAccept
1785232107336,false,1785232107411,LeaderAccept
1785232107360,false,1785232107435,LeaderAccept
1785232107384,false,1785232107457,LeaderAccept
1785232107408,true,1785232107483,LeaderAccept
1785232107433,false,1785232107508,LeaderAccept
1785232107457,true,1785232107530,LeaderAccept
1785232107482,false,1785232107557,LeaderAccept
1785232107508,false,1785232107584,LeaderAccept
1785232107534,true,1785232107608,LeaderAccept
1785232107560,false,1785232107632,LeaderAccept
1785232107586,false,1785232107661,LeaderAccept
1785232107613,false,1785232107688,LeaderAccept
1785232107640,true,1785232107716,LeaderAccept
1785232107667,false,1785232107743,LeaderAccept
1785232107694,false,1785232107769,LeaderAccept
1785232107723,false,1785232107798,LeaderAccept
1785232107752,true,1785232107827,LeaderAccept
1785232107781,false,1785232107857,LeaderAccept
1785232107810,false,1785232107885,LeaderAccept
1785232107840,true,1785232107914,LeaderAccept
1785232107870,false,1785232107945,LeaderAccept
1785232107901,false,1785232107975,LeaderAccept
1785232107932,true,1785232108007,LeaderAccept
1785232107964,true,1785232108038,LeaderAccept
1785232107996,true,1785232108070,LeaderAccept
1785232108029,true,1785232108104,LeaderAccept
1785232108062,false,1785232108138,LeaderAccept
1785232108096,false,1785232108173,LeaderAccept
1785232108130,true,1785232108206,LeaderAccept
1785232108165,true,1785232108241,LeaderAccept
1785232108201,false,1785232108277,LeaderAccept
1785232108237,true,1785232108312,LeaderAccept
1785232108274,true,1785232108350,LeaderAccept
1785232108311,false,1785232108386,LeaderAccept
1785232108349,false,1785232108424,LeaderAccept
1785232108387,true,1785232108464,LeaderAccept
1785232108427,true,1785232108502,LeaderAccept
1785232108466,true,1785232108541,LeaderAccept
1785232108507,true,1785232108582,LeaderAccept
1785232108549,false,1785232108624,LeaderAccept
1785232108591,true,1785232108667,LeaderAccept
1785232108635,true,1785232108709,LeaderAccept
1785232108680,false,1785232108755,LeaderAccept
1785232108726,false,1785232108800,LeaderAccept
1785232108772,false,1785232108848,LeaderAccept
1785232108819,false,1785232108895,LeaderAccept
1785232108868,false,1785232108941,LeaderAccept
1785232108918,false,1785232108993,LeaderAccept
1785232108969,false,1785232109045,LeaderAccept
1785232109021,false,1785232109098,LeaderAccept
1785232109074,true,1785232109151,LeaderAccept
1785232109130,false,1785232109203,LeaderAccept
1785232109186,false,1785232109262,LeaderAccept
1785232109245,false,1785232109321,LeaderAccept
1785232109305,true,1785232109382,LeaderAccept
1785232109361,false,1785232109438,LeaderAccept
1785232109390,true,1785232109466,LeaderAccept
1785232109420,true,1785232109496,LeaderAccept
1785232109450,false,1785232109526,LeaderAccept
1785232109481,true,1785232109555,LeaderAccept
1785232109513,false,1785232109589,LeaderAccept
1785232109545,true,1785232109619,LeaderAccept
1785232109577,false,1785232109650,LeaderAccept
1785232109609,false,1785232109681,LeaderAccept
1785232109642,false,1785232109715,LeaderAccept
1785232109676,false,1785232109750,LeaderAccept
1785232109710,true,1785232109785,LeaderAccept
1785232109745,false,1785232109819,LeaderAccept
1785232109780,true,1785232109854,LeaderAccept
1785232109816,true,1785232109892,LeaderAccept
1785232109853,true,1785232109928,LeaderAccept
1785232109890,true,1785232109966,LeaderAccept
1785232109928,false,1785232110002,LeaderAccept
1785232109967,true,1785232110042,LeaderAccept
1785232110006,true,1785232110082,LeaderAccept
1785232110047,false,1785232110123,LeaderAccept
1785232110087,true,1785232110163,LeaderAccept
1785232110129,false,1785232110205,LeaderAccept
1785232110172,false,1785232110247,LeaderAccept
1785232110215,true,1785232110292,LeaderAccept
1785232110260,false,1785232110336,LeaderAccept
1785232110306,true,1785232110380,LeaderAccept
1785232110353,true,1785232110428,LeaderAccept
1785232110400,true,1785232110474,LeaderAccept
1785232110448,true,1785232110524,LeaderAccept
1785232110498,false,1785232110572,LeaderAccept
1785232110549,true,1785232110625,LeaderAccept
1785232110601,true,1785232110678,LeaderAccept
1785232110655,true,1785232110731,LeaderAccept
1785232110710,true,1785232110787,LeaderAccept
1785232110767,false,1785232110843,LeaderAccept
1785232110825,true,1785232110901,LeaderAccept
1785232110885,true,1785232110961,LeaderAccept
1785232110947,false,1785232111024,LeaderAccept
1785232111011,false,1785232111088,LeaderAccept
1785232111076,true,1785232111153,LeaderAccept
1785232111144,false,1785232111219,LeaderAccept
1785232111213,false,1785232111289,LeaderAccept
1785232111286,true,1785232111362,LeaderAccept
1785232111361,true,1785232111436,LeaderAccept
1785232111439,true,1785232111514,LeaderAccept
1785232111520,true,1785232111595,LeaderAccept
1785232111604,false,1785232111681,LeaderAccept
1785232111692,true,1785232111769,LeaderAccept
1785232111784,true,1785232111859,LeaderAccept
1785232111880,false,1785232111954,LeaderAccept
1785232111981,false,1785232112055,LeaderAccept
1785232112087,false,1785232112163,LeaderAccept
1785232112198,true,1785232112274,LeaderAccept
1785232112316,true,1785232112391,LeaderAccept
1785232112441,true,1785232112517,LeaderAccept
1785232112574,true,1785232112651,LeaderAccept
1785232112715,false,1785232112792,LeaderAccept
1785232112868,true,1785232112943,LeaderAccept
1785232113033,true,1785232113108,LeaderAccept
1785232113211,true,1785232113286,LeaderAccept
1785232113406,true,1785232113481,LeaderAccept
1785232113620,false,1785232113695,LeaderAccept
1785232113859,false,1785232113934,LeaderAccept
1785232114127,true,1785232114203,LeaderAccept
1785232114434,true,1785232114511,LeaderAccept
1785232114793,true,1785232114852,FastAccept
1785232115221,false,1785232115280,FastAccept
1785232115751,false,1785232115809,FastAccept
1785232116441,false,1785232116498,FastAccept
1785232117415,true,1785232117490,LeaderAccept
1785232118999,true,1785232119073,LeaderAccept
1785232122495,true,1785232122570,LeaderAccept
1785232142571,false,1785232142631,FastAccept
1785232145544,false,1785232145617,LeaderAccept
1785232145563,false,1785232145640,LeaderAccept
1785232145583,false,1785232145657,LeaderAccept
1785232145602,true,1785232145679,LeaderAccept
1785232145622,true,1785232145698,LeaderAccept
1785232145641,true,1785232145716,LeaderAccept
1785232145661,false,1785232145736,LeaderAccept
1785232145681,true,1785232145756,LeaderAccept
1785232145701,true,1785232145777,LeaderAccept
1785232145722,true,1785232145798,LeaderAccept
1785232145743,true,1785232145818,LeaderAccept
1785232145764,true,1785232145839,LeaderAccept
1785232145785,true,1785232145859,LeaderAccept
1785232145806,false,1785232145881,LeaderAccept
1785232145828,true,1785232145902,LeaderAccept
1785232145850,false,1785232145928,LeaderAccept
1785232145872,false,1785232145946,LeaderAccept
1785232145894,false,1785232145970,LeaderAccept
1785232145916,false,1785232145991,LeaderAccept
1785232145939,true,1785232146014,LeaderAccept
1785232145962,false,1785232146037,LeaderAccept
1785232145984,true,1785232146060,LeaderAccept
1785232146008,true,1785232146082,LeaderAccept
1785232146032,false,1785232146107,LeaderAccept
1785232146056,false,1785232146132,LeaderAccept
1785232146080,true,1785232146156,LeaderAccept
1785232146105,true,1785232146181,LeaderAccept
1785232146130,true,1785232146205,LeaderAccept
1785232146155,true,1785232146229,LeaderAccept
1785232146179,false,1785232146254,LeaderAccept
1785232146205,true,1785232146281,LeaderAccept
1785232146231,true,1785232146308,LeaderAccept
1785232146257,false,1785232146332,LeaderAccept
1785232146283,false,1785232146357,LeaderAccept
1785232146310,false,1785232146385,LeaderAccept
1785232146337,false,1785232146413,LeaderAccept
1785232146365,false,1785232146439,LeaderAccept
1785232146393,false,1785232146467,LeaderAccept
1785232146421,false,1785232146497,LeaderAccept
1785232146449,false,1785232146525,LeaderAccept
1785232146479,false,1785232146555,LeaderAccept
1785232146508,false,1785232146584,LeaderAccept
1785232146538,false,1785232146613,LeaderAccept
1785232146568,true,1785232146643,LeaderAccept
1785232146599,true,1785232146675,LeaderAccept
1785232146630,false,1785232146705,LeaderAccept
1785232146661,false,1785232146737,LeaderAccept
1785232146692,true,1785232146768,LeaderAccept
1785232146725,true,1785232146801,LeaderAccept
1785232146758,true,1785232146835,LeaderAccept
1785232146791,false,1785232146866,LeaderAccept
1785232146826,false,1785232146900,LeaderAccept
1785232146860,false,1785232146936,LeaderAccept
1785232146896,false,1785232146971,LeaderAccept
1785232146932,false,1785232147008,LeaderAccept
1785232146969,false,1785232147044,LeaderAccept
1785232147006,false,1785232147082,LeaderAccept
1785232147044,false,1785232147119,LeaderAccept
1785232147083,true,1785232147159,LeaderAccept
1785232147122,false,1785232147197,LeaderAccept
1785232147163,false,1785232147237,LeaderAccept
1785232147204,false,1785232147280,LeaderAccept
1785232147246,true,1785232147322,LeaderAccept
1785232147288,true,1785232147363,LeaderAccept
1785232147332,false,1785232147408,LeaderAccept
1785232147376,false,1785232147451,LeaderAccept
1785232147422,false,1785232147496,LeaderAccept
1785232147467,true,1785232147542,LeaderAccept
1785232147515,false,1785232147591,LeaderAccept
1785232147563,false,1785232147636,LeaderAccept
1785232147612,false,1785232147688,LeaderAccept
1785232147663,false,1785232147739,LeaderAccept
1785232147716,true,1785232147791,LeaderAccept
1785232147769,false,1785232147842,LeaderAccept
1785232147824,false,1785232147901,LeaderAccept
1785232147881,false,1785232147955,LeaderAccept
1785232147939,false,1785232148016,LeaderAccept
1785232147998,true,1785232148074,LeaderAccept
1785232148060,true,1785232148136,LeaderAccept
1785232148123,true,1785232148198,LeaderAccept
1785232148188,true,1785232148265,LeaderAccept
1785232148256,true,1785232148331,LeaderAccept
1785232148326,false,1785232148400,LeaderAccept
1785232148398,true,1785232148474,LeaderAccept
1785232148472,true,1785232148548,LeaderAccept
1785232148550,true,1785232148625,LeaderAccept
1785232148630,true,1785232148705,LeaderAccept
1785232148715,true,1785232148791,LeaderAccept
1785232148801,true,1785232148877,LeaderAccept
1785232148893,false,1785232148969,LeaderAccept
1785232148989,true,1785232149066,LeaderAccept
1785232149089,false,1785232149164,LeaderAccept
1785232149194,false,1785232149270,LeaderAccept
1785232149305,true,1785232149381,LeaderAccept
1785232149422,true,1785232149498,LeaderAccept
1785232149546,false,1785232149621,LeaderAccept
1785232149678,false,1785232149752,LeaderAccept
1785232149819,true,1785232149895,LeaderAccept
1785232149970,true,1785232150045,LeaderAccept
1785232150133,true,1785232150209,LeaderAccept
1785232150310,false,1785232150387,LeaderAccept
1785232150503,true,1785232150580,LeaderAccept
1785232150716,true,1785232150792,LeaderAccept
1785232150952,false,1785232151027,LeaderAccept
1785232151218,true,1785232151294,LeaderAccept
1785232151521,false,1785232151597,LeaderAccept
1785232151873,true,1785232151933,FastAccept
1785232152294,true,1785232152353,FastAccept
1785232152812,true,1785232152872,FastAccept
1785232153484,false,1785232153559,LeaderAccept
1785232154422,false,1785232154497,LeaderAccept
1785232155921,true,1785232155997,LeaderAccept
1785232159091,false,1785232159167,LeaderAccept
1785232174560,true,1785232174635,LeaderAccept
1785232178977,true,1785232179035,FastAccept
1785232178992,false,1785232179051,FastAccept
1785232179006,true,1785232179065,FastAccept
1785232179022,false,1785232179080,FastAccept
1785232179036,true,1785232179095,FastAccept
1785232179051,true,1785232179110,FastAccept
1785232179067,false,1785232179125,FastAccept
1785232179082,false,1785232179140,FastAccept
1785232179098,false,1785232179156,FastAccept
1785232179113,true,1785232179173,FastAccept
1785232179130,false,1785232179188,FastAccept
1785232179146,true,1785232179204,FastAccept
1785232179162,false,1785232179218,FastAccept
1785232179178,true,1785232179237,FastAccept
1785232179195,false,1785232179253,FastAccept
1785232179211,false,1785232179269,FastAccept
1785232179228,false,1785232179285,FastAccept
1785232179245,true,1785232179305,FastAccept
1785232179261,true,1785232179320,FastAccept
1785232179278,false,1785232179336,FastAccept
1785232179296,false,1785232179355,FastAccept
1785232179313,false,1785232179371,FastAccept
1785232179331,false,1785232179389,FastAccept
1785232179349,false,1785232179408,FastAccept
1785232179367,true,1785232179425,FastAccept
1785232179384,true,1785232179443,FastAccept
1785232179403,true,1785232179462,FastAccept
1785232179421,true,1785232179481,FastAccept
1785232179440,true,1785232179497,FastAccept
1785232179458,false,1785232179517,FastAccept
1785232179477,false,1785232179536,FastAccept
1785232179496,true,1785232179554,FastAccept
1785232179514,true,1785232179573,FastAccept
1785232179534,true,1785232179592,FastAccept
1785232179553,true,1785232179613,FastAccept
1785232179572,true,1785232179631,FastAccept
1785232179591,false,1785232179650,FastAccept
1785232179612,false,1785232179670,FastAccept
1785232179632,true,1785232179690,FastAccept
1785232179652,false,1785232179710,FastAccept
1785232179673,false,1785232179731,FastAccept
1785232179693,true,1785232179751,FastAccept
1785232179714,false,1785232179773,FastAccept
1785232179735,false,1785232179803,FastAccept
1785232179757,false,1785232179816,FastAccept
1785232179779,true,1785232179897,LeaderAccept
1785232179801,false,1785232179897,SlowAccept
1785232179823,true,1785232179920,LeaderAccept
1785232179846,true,1785232179941,LeaderAccept
1785232179868,false,1785232179943,LeaderAccept
1785232179891,true,1785232179965,LeaderAccept
1785232179914,false,1785232179989,LeaderAccept
1785232179937,true,1785232180011,LeaderAccept
1785232179960,true,1785232180034,LeaderAccept
1785232179984,true,1785232180060,LeaderAccept
1785232180008,true,1785232180082,LeaderAccept
1785232180032,false,1785232180106,LeaderAccept
1785232180056,true,1785232180132,LeaderAccept
1785232180082,false,1785232180156,LeaderAccept
1785232180106,false,1785232180181,LeaderAccept
1785232180131,true,1785232180206,LeaderAccept
1785232180157,true,1785232180232,LeaderAccept
1785232180182,true,1785232180259,LeaderAccept
1785232180209,true,1785232180283,LeaderAccept
1785232180236,false,1785232180313,LeaderAccept
1785232180264,false,1785232180339,LeaderAccept
1785232180291,true,1785232180367,LeaderAccept
1785232180319,true,1785232180396,LeaderAccept
1785232180347,false,1785232180424,LeaderAccept
1785232180376,false,1785232180452,LeaderAccept
1785232180405,true,1785232180481,LeaderAccept
1785232180435,false,1785232180510,LeaderAccept
1785232180465,true,1785232180540,LeaderAccept
1785232180496,false,1785232180572,LeaderAccept
1785232180527,false,1785232180602,LeaderAccept
1785232180557,false,1785232180633,LeaderAccept
1785232180589,false,1785232180664,LeaderAccept
1785232180621,true,1785232180696,LeaderAccept
1785232180654,false,1785232180730,LeaderAccept
1785232180688,false,1785232180762,LeaderAccept
1785232180721,true,1785232180797,LeaderAccept
1785232180755,true,1785232180831,LeaderAccept
1785232180790,false,1785232180865,LeaderAccept
1785232180825,true,1785232180899,LeaderAccept
1785232180861,true,1785232180937,LeaderAccept
1785232180898,false,1785232180973,LeaderAccept
1785232180935,false,1785232181010,LeaderAccept
1785232180973,true,1785232181050,LeaderAccept
1785232181012,false,1785232181090,LeaderAccept
1785232181052,true,1785232181127,LeaderAccept
1785232181092,true,1785232181166,LeaderAccept
1785232181133,true,1785232181210,LeaderAccept
1785232181175,true,1785232181251,LeaderAccept
1785232181217,false,1785232181292,LeaderAccept
1785232181260,true,1785232181334,LeaderAccept
1785232181305,true,1785232181381,LeaderAccept
1785232181350,false,1785232181425,LeaderAccept
1785232181397,false,1785232181473,LeaderAccept
1785232181445,false,1785232181520,LeaderAccept
1785232181494,false,1785232181571,LeaderAccept
1785232181543,false,1785232181619,LeaderAccept
1785232181594,true,1785232181670,LeaderAccept
1785232181646,true,1785232181722,LeaderAccept
1785232181700,false,1785232181775,LeaderAccept
1785232181755,true,1785232181829,LeaderAccept
1785232181811,false,1785232181888,LeaderAccept
1785232181870,true,1785232181944,LeaderAccept
1785232181930,false,1785232182005,LeaderAccept
1785232181991,false,1785232182067,LeaderAccept
1785232182055,true,1785232182130,LeaderAccept
1785232182120,false,1785232182196,LeaderAccept
1785232182188,false,1785232182263,LeaderAccept
1785232182257,false,1785232182332,LeaderAccept
1785232182330,true,1785232182404,LeaderAccept
1785232182405,false,1785232182479,LeaderAccept
1785232182483,true,1785232182559,LeaderAccept
1785232182564,false,1785232182641,LeaderAccept
1785232182647,false,1785232182723,LeaderAccept
1785232182735,false,1785232182809,LeaderAccept
1785232182826,true,1785232182901,LeaderAccept
1785232182922,false,1785232182997,LeaderAccept
1785232183022,true,1785232183098,LeaderAccept
1785232183128,true,1785232183202,LeaderAccept
1785232183238,true,1785232183313,LeaderAccept
1785232183355,true,1785232183432,LeaderAccept
1785232183480,false,1785232183555,LeaderAccept
1785232183612,false,1785232183687,LeaderAccept
1785232183752,false,1785232183829,LeaderAccept
1785232183904,true,1785232183979,LeaderAccept
1785232184067,true,1785232184141,LeaderAccept
1785232184244,false,1785232184320,LeaderAccept
1785232184437,true,1785232184511,LeaderAccept
1785232184648,true,1785232184725,LeaderAccept
1785232184885,false,1785232184960,LeaderAccept
1785232185151,false,1785232185226,LeaderAccept
1785232185454,false,1785232185529,LeaderAccept
1785232185807,false,1785232185882,LeaderAccept
1785232186228,true,1785232186302,LeaderAccept
1785232186746,false,1785232186823,LeaderAccept
1785232187418,false,1785232187493,LeaderAccept
1785232188356,true,1785232188432,LeaderAccept
1785232189856,false,1785232189933,LeaderAccept
1785232193031,true,1785232193091,FastAccept
1785232208555,true,1785232208630,LeaderAccept
1785232241037,true,1785232241113,LeaderAccept
1785232241055,true,1785232241130,LeaderAccept
1785232241074,true,1785232241150,LeaderAccept
1785232241092,true,1785232241167,LeaderAccept
1785232241112,true,1785232241187,LeaderAccept
1785232241130,true,1785232241205,LeaderAccept
1785232241150,false,1785232241225,LeaderAccept
1785232241170,false,1785232241244,LeaderAccept
1785232241190,false,1785232241266,LeaderAccept
1785232241210,false,1785232241284,LeaderAccept
1785232241231,false,1785232241307,LeaderAccept
1785232241252,false,1785232241330,LeaderAccept
1785232241273,true,1785232241348,LeaderAccept
1785232241294,true,1785232241371,LeaderAccept
1785232241315,false,1785232241389,LeaderAccept
1785232241337,false,1785232241411,LeaderAccept
1785232241359,true,1785232241435,LeaderAccept
1785232241381,true,1785232241455,LeaderAccept
1785232241403,false,1785232241478,LeaderAccept
1785232241426,false,1785232241500,LeaderAccept
1785232241449,true,1785232241524,LeaderAccept
1785232241470,false,1785232241546,LeaderAccept
1785232241493,true,1785232241568,LeaderAccept
1785232241517,true,1785232241591,LeaderAccept
1785232241541,false,1785232241615,LeaderAccept
1785232241564,false,1785232241638,LeaderAccept
1785232241589,false,1785232241664,LeaderAccept
1785232241612,false,1785232241688,LeaderAccept
1785232241636,true,1785232241710,LeaderAccept
1785232241661,true,1785232241735,LeaderAccept
1785232241686,false,1785232241761,LeaderAccept
1785232241712,true,1785232241786,LeaderAccept
1785232241737,false,1785232241813,LeaderAccept
1785232241762,false,1785232241837,LeaderAccept
1785232241788,false,1785232241864,LeaderAccept
1785232241815,false,1785232241888,LeaderAccept
1785232241842,false,1785232241919,LeaderAccept
1785232241870,true,1785232241946,LeaderAccept
1785232241898,false,1785232241975,LeaderAccept
1785232241926,true,1785232242000,LeaderAccept
1785232241954,true,1785232242031,LeaderAccept
1785232241983,false,1785232242058,LeaderAccept
1785232242013,true,1785232242089,LeaderAccept
1785232242042,false,1785232242117,LeaderAccept
1785232242072,false,1785232242147,LeaderAccept
1785232242102,false,1785232242177,LeaderAccept
1785232242133,true,1785232242209,LeaderAccept
1785232242164,true,1785232242239,LeaderAccept
1785232242196,true,1785232242271,LeaderAccept
1785232242229,false,1785232242303,LeaderAccept
1785232242262,false,1785232242338,LeaderAccept
1785232242296,true,1785232242371,LeaderAccept
1785232242330,true,1785232242405,LeaderAccept
1785232242365,true,1785232242439,LeaderAccept
1785232242400,true,1785232242475,LeaderAccept
1785232242436,true,1785232242510,LeaderAccept
1785232242471,true,1785232242546,LeaderAccept
1785232242509,false,1785232242582,LeaderAccept
1785232242546,true,1785232242620,LeaderAccept
1785232242584,false,1785232242659,LeaderAccept
1785232242623,true,1785232242699,LeaderAccept
1785232242663,true,1785232242737,LeaderAccept
1785232242703,false,1785232242778,LeaderAccept
1785232242744,true,1785232242819,LeaderAccept
1785232242786,true,1785232242861,LeaderAccept
1785232242829,true,1785232242905,LeaderAccept
1785232242873,false,1785232242947,LeaderAccept
1785232242918,true,1785232242992,LeaderAccept
1785232242964,true,1785232243039,LeaderAccept
1785232243011,true,1785232243086,LeaderAccept
1785232243058,true,1785232243134,LeaderAccept
1785232243108,false,1785232243183,LeaderAccept
1785232243159,true,1785232243233,LeaderAccept
1785232243210,true,1785232243286,LeaderAccept
1785232243264,false,1785232243341,LeaderAccept
1785232243318,false,1785232243393,LeaderAccept
1785232243373,false,1785232243450,LeaderAccept
1785232243430,true,1785232243504,LeaderAccept
1785232243489,false,1785232243565,LeaderAccept
1785232243550,false,1785232243624,LeaderAccept
1785232243612,false,1785232243688,LeaderAccept
1785232243677,true,1785232243752,LeaderAccept
1785232243743,false,1785232243818,LeaderAccept
1785232243812,true,1785232243886,LeaderAccept
1785232243882,false,1785232243957,LeaderAccept
1785232243956,true,1785232244033,LeaderAccept
1785232244033,true,1785232244108,LeaderAccept
1785232244112,true,1785232244189,LeaderAccept
1785232244195,true,1785232244270,LeaderAccept
1785232244281,true,1785232244357,LeaderAccept
1785232244370,false,1785232244447,LeaderAccept
1785232244464,false,1785232244541,LeaderAccept
1785232244562,true,1785232244637,LeaderAccept
1785232244665,true,1785232244740,LeaderAccept
1785232244773,true,1785232244849,LeaderAccept
1785232244887,false,1785232244961,LeaderAccept
1785232245008,false,1785232245083,LeaderAccept
1785232245136,false,1785232245211,LeaderAccept
1785232245272,true,1785232245348,LeaderAccept
1785232245419,true,1785232245496,LeaderAccept
1785232245576,false,1785232245653,LeaderAccept
1785232245746,false,1785232245822,LeaderAccept
1785232245931,false,1785232246005,LeaderAccept
1785232246134,false,1785232246210,LeaderAccept
1785232246358,false,1785232246434,LeaderAccept
1785232246609,false,1785232246684,LeaderAccept
1785232246893,true,1785232246970,LeaderAccept
1785232247222,false,1785232247296,LeaderAccept
1785232247607,false,1785232247683,LeaderAccept
1785232248074,true,1785232248133,FastAccept
1785232248663,true,1785232248721,FastAccept
1785232249454,false,1785232249511,FastAccept
1785232250628,false,1785232250687,FastAccept
1785232252736,false,1785232252796,FastAccept
1785232258790,true,1785232258850,FastAccept
1785232264589,true,1785232264664,LeaderAccept
1785232264604,true,1785232264678,LeaderAccept
1785232264619,true,1785232264693,LeaderAccept
1785232264634,false,1785232264709,LeaderAccept
1785232264649,true,1785232264724,LeaderAccept
1785232264664,false,1785232264740,LeaderAccept
1785232264680,false,1785232264754,LeaderAccept
1785232264695,false,1785232264768,LeaderAccept
1785232264710,true,1785232264785,LeaderAccept
1785232264725,true,1785232264801,LeaderAccept
1785232264741,true,1785232264814,LeaderAccept
1785232264757,false,1785232264831,LeaderAccept
1785232264772,true,1785232264847,LeaderAccept
1785232264789,true,1785232264863,LeaderAccept
1785232264805,true,1785232264879,LeaderAccept
1785232264821,false,1785232264895,LeaderAccept
1785232264838,true,1785232264913,LeaderAccept
1785232264854,false,1785232264930,LeaderAccept
1785232264871,false,1785232264947,LeaderAccept
1785232264888,true,1785232264962,LeaderAccept
1785232264905,false,1785232264981,LeaderAccept
1785232264923,false,1785232264996,LeaderAccept
1785232264940,false,1785232265012,LeaderAccept
1785232264957,true,1785232265031,LeaderAccept
1785232264974,true,1785232265049,LeaderAccept
1785232264991,false,1785232265067,LeaderAccept
1785232265009,true,1785232265082,LeaderAccept
1785232265027,true,1785232265102,LeaderAccept
1785232265045,false,1785232265120,LeaderAccept
1785232265063,false,1785232265137,LeaderAccept
1785232265081,true,1785232265155,LeaderAccept
1785232265100,true,1785232265172,LeaderAccept
1785232265119,false,1785232265194,LeaderAccept
1785232265138,true,1785232265211,LeaderAccept
1785232265156,false,1785232265231,LeaderAccept
1785232265176,true,1785232265252,LeaderAccept
1785232265195,false,1785232265270,LeaderAccept
1785232265215,true,1785232265289,LeaderAccept
1785232265235,false,1785232265310,LeaderAccept
1785232265255,true,1785232265330,LeaderAccept
1785232265275,false,1785232265350,LeaderAccept
1785232265296,true,1785232265370,LeaderAccept
1785232265316,false,1785232265393,LeaderAccept
1785232265337,true,1785232265413,LeaderAccept
1785232265358,false,1785232265434,LeaderAccept
1785232265380,false,1785232265457,LeaderAccept
1785232265402,true,1785232265477,LeaderAccept
1785232265424,true,1785232265499,LeaderAccept
1785232265445,false,1785232265520,LeaderAccept
1785232265468,false,1785232265542,LeaderAccept
1785232265490,false,1785232265565,LeaderAccept
1785232265512,true,1785232265587,LeaderAccept
1785232265535,false,1785232265610,LeaderAccept
1785232265558,true,1785232265632,LeaderAccept
1785232265582,true,1785232265657,LeaderAccept
1785232265605,true,1785232265680,LeaderAccept
1785232265628,true,1785232265704,LeaderAccept
1785232265653,false,1785232265727,LeaderAccept
1785232265677,true,1785232265751,LeaderAccept
1785232265702,true,1785232265775,LeaderAccept
1785232265727,true,1785232265802,LeaderAccept
1785232265751,false,1785232265827,LeaderAccept
1785232265776,true,1785232265850,LeaderAccept
1785232265802,true,1785232265877,LeaderAccept
1785232265828,true,1785232265903,LeaderAccept
1785232265855,false,1785232265927,LeaderAccept
1785232265882,true,1785232265955,LeaderAccept
1785232265909,false,1785232265982,LeaderAccept
1785232265936,true,1785232266011,LeaderAccept
1785232265964,true,1785232266039,LeaderAccept
1785232265992,false,1785232266067,LeaderAccept
1785232266021,true,1785232266096,LeaderAccept
1785232266050,false,1785232266124,LeaderAccept
1785232266080,false,1785232266155,LeaderAccept
1785232266110,false,1785232266186,LeaderAccept
1785232266140,true,1785232266215,LeaderAccept
1785232266171,true,1785232266247,LeaderAccept
1785232266202,true,1785232266277,LeaderAccept
1785232266234,false,1785232266309,LeaderAccept
1785232266266,false,1785232266341,LeaderAccept
1785232266298,false,1785232266373,LeaderAccept
1785232266332,false,1785232266408,LeaderAccept
1785232266366,true,1785232266441,LeaderAccept
1785232266400,false,1785232266475,LeaderAccept
1785232266435,false,1785232266512,LeaderAccept
1785232266471,true,1785232266545,LeaderAccept
1785232266506,false,1785232266581,LeaderAccept
1785232266543,false,1785232266620,LeaderAccept
1785232266581,true,1785232266656,LeaderAccept
1785232266619,false,1785232266694,LeaderAccept
1785232266657,false,1785232266731,LeaderAccept
1785232266697,true,1785232266773,LeaderAccept
1785232266736,false,1785232266810,LeaderAccept
1785232266778,false,1785232266853,LeaderAccept
1785232266820,true,1785232266896,LeaderAccept
1785232266862,true,1785232266937,LeaderAccept
1785232266905,false,1785232266979,LeaderAccept
1785232266949,false,1785232267024,LeaderAccept
1785232266994,false,1785232267069,LeaderAccept
1785232267041,true,1785232267117,LeaderAccept
1785232267089,false,1785232267163,LeaderAccept
1785232267138,false,1785232267213,LeaderAccept
1785232267188,false,1785232267261,LeaderAccept
1785232267239,true,1785232267313,LeaderAccept
1785232267292,false,1785232267367,LeaderAccept
1785232267346,true,1785232267424,LeaderAccept
1785232267402,true,1785232267476,LeaderAccept
1785232267459,true,1785232267533,LeaderAccept
1785232267517,false,1785232267593,LeaderAccept
1785232267577,true,1785232267652,LeaderAccept
1785232267638,true,1785232267714,LeaderAccept
1785232267702,false,1785232267777,LeaderAccept
1785232267767,false,1785232267843,LeaderAccept
1785232267834,true,1785232267910,LeaderAccept
1785232267904,false,1785232267981,LeaderAccept
1785232267977,true,1785232268053,LeaderAccept
1785232268052,true,1785232268127,LeaderAccept
1785232268130,false,1785232268206,LeaderAccept
1785232268212,true,1785232268286,LeaderAccept
1785232268296,false,1785232268372,LeaderAccept
1785232268384,false,1785232268458,LeaderAccept
1785232268475,false,1785232268552,LeaderAccept
1785232268572,true,1785232268648,LeaderAccept
1785232268673,true,1785232268749,LeaderAccept
1785232268779,true,1785232268852,LeaderAccept
1785232268891,false,1785232268966,LeaderAccept
1785232269009,true,1785232269084,LeaderAccept
1785232269134,false,1785232269211,LeaderAccept
1785232269268,true,1785232269343,LeaderAccept
1785232269409,false,1785232269486,LeaderAccept
1785232269562,true,1785232269635,LeaderAccept
1785232269727,false,1785232269801,LeaderAccept
1785232269906,false,1785232269981,LeaderAccept
1785232270101,false,1785232270176,LeaderAccept
1785232270316,true,1785232270393,LeaderAccept
1785232270556,true,1785232270631,LeaderAccept
1785232270827,true,1785232270902,LeaderAccept
1785232271136,true,1785232271213,LeaderAccept
1785232271497,true,1785232271571,LeaderAccept
1785232271929,false,1785232272004,LeaderAccept
1785232272465,false,1785232272539,LeaderAccept
1785232273164,true,1785232273223,FastAccept
1785232274156,true,1785232274215,FastAccept
1785232275783,false,1785232275857,LeaderAccept
1785232279452,true,1785232279527,LeaderAccept
