request_time,write,response_time,accept_status
1785431111232,true,1785431111275,FastAccept
1785431111308,false,1785431111351,FastAccept
1785431111386,false,1785431111429,FastAccept
1785431111468,false,1785431111511,FastAccept
1785431111553,true,1785431111596,FastAccept
1785431111642,true,1785431111685,FastAccept
1785431111735,false,,
1785431111831,true,1785431111874,FastAccept
1785431111932,true,1785431111983,LeaderAccept
1785431112039,true,1785431112089,LeaderAccept
1785431112150,true,1785431112200,LeaderAccept
1785431112269,true,1785431112319,LeaderAccept
1785431112394,false,1785431112444,LeaderAccept
1785431112528,true,1785431112577,LeaderAccept
1785431112670,false,1785431112720,LeaderAccept
1785431112823,false,1785431112873,LeaderAccept
1785431112989,true,1785431113039,LeaderAccept
1785431113168,false,1785431113218,LeaderAccept
1785431113365,true,1785431113415,LeaderAccept
1785431113580,true,1785431113630,LeaderAccept
1785431113821,true,1785431113871,LeaderAccept
1785431114092,false,1785431114142,LeaderAccept
1785431114404,true,1785431114454,LeaderAccept
1785431114767,false,1785431114817,LeaderAccept
1785431115201,false,1785431115251,LeaderAccept
1785431115742,false,1785431115792,LeaderAccept
1785431116449,false,1785431116500,LeaderAccept
1785431117457,false,1785431117507,LeaderAccept
1785431119123,false,1785431119174,LeaderAccept
1785431122956,false,1785431123006,LeaderAccept
1785431137998,false,1785431138041,FastAccept
1785431138023,false,1785431138066,FastAccept
1785431138050,false,1785431138094,FastAccept
1785431138077,true,1785431138119,FastAccept
1785431138103,true,1785431138146,FastAccept
1785431138129,true,1785431138172,FastAccept
1785431138157,false,1785431138199,FastAccept
1785431138184,false,1785431138226,FastAccept
1785431138211,false,1785431138254,FastAccept
1785431138240,false,1785431138283,FastAccept
1785431138269,true,1785431138311,FastAccept
1785431138298,true,1785431138341,FastAccept
1785431138327,true,1785431138369,FastAccept
1785431138357,false,1785431138399,FastAccept
1785431138387,false,1785431138429,FastAccept
1785431138418,true,1785431138460,FastAccept
1785431138448,true,,
1785431138479,true,1785431138522,FastAccept
1785431138512,true,1785431138554,FastAccept
1785431138545,true,1785431138588,FastAccept
1785431138577,true,1785431138620,FastAccept
1785431138611,true,1785431138653,FastAccept
1785431138645,true,1785431138688,FastAccept
1785431138680,true,1785431138722,FastAccept
1785431138715,true,1785431138757,FastAccept
1785431138750,false,1785431138793,FastAccept
1785431138787,true,1785431138829,FastAccept
1785431138823,false,1785431138865,FastAccept
1785431138861,false,1785431138904,FastAccept
1785431138900,false,1785431138942,FastAccept
1785431138938,false,1785431138981,FastAccept
1785431138978,true,1785431139021,FastAccept
1785431139019,false,1785431139062,FastAccept
1785431139061,true,1785431139103,FastAccept
1785431139103,true,1785431139146,FastAccept
1785431139147,false,1785431139189,FastAccept
1785431139191,true,1785431139234,FastAccept
1785431139237,true,1785431139280,FastAccept
1785431139282,false,1785431139325,FastAccept
1785431139329,true,1785431139372,FastAccept
1785431139378,true,1785431139421,FastAccept
1785431139428,false,1785431139471,FastAccept
1785431139479,true,1785431139522,FastAccept
1785431139532,true,1785431139575,FastAccept
1785431139586,false,1785431139630,FastAccept
1785431139641,true,1785431139684,FastAccept
1785431139697,true,1785431139740,FastAccept
1785431139756,false,1785431139799,FastAccept
1785431139816,false,1785431139859,FastAccept
1785431139877,false,1785431139920,FastAccept
1785431139941,true,1785431139983,FastAccept
1785431140006,true,,
1785431140073,true,1785431140116,FastAccept
1785431140142,false,1785431140186,FastAccept
1785431140215,true,1785431140257,FastAccept
1785431140290,false,1785431140332,FastAccept
1785431140367,false,1785431140411,FastAccept
1785431140448,false,1785431140491,FastAccept
1785431140532,false,1785431140575,FastAccept
1785431140620,true,1785431140663,FastAccept
1785431140711,true,1785431140753,FastAccept
1785431140807,false,1785431140849,FastAccept
1785431140907,true,1785431140950,FastAccept
1785431141012,true,1785431141055,FastAccept
1785431141123,false,1785431141166,FastAccept
1785431141241,true,1785431141284,FastAccept
1785431141365,false,1785431141408,FastAccept
1785431141497,true,1785431141540,FastAccept
1785431141638,false,1785431141681,FastAccept
1785431141789,true,1785431141832,FastAccept
1785431141952,true,1785431141995,FastAccept
1785431142128,true,1785431142171,FastAccept
1785431142322,false,1785431142364,FastAccept
1785431142535,true,1785431142578,FastAccept
1785431142770,true,1785431142814,FastAccept
1785431143036,true,1785431143079,FastAccept
1785431143339,true,1785431143383,FastAccept
1785431143692,true,1785431143735,FastAccept
1785431144113,false,1785431144156,FastAccept
1785431144632,false,1785431144675,FastAccept
1785431145303,true,1785431145354,LeaderAccept
1785431146243,false,1785431146293,LeaderAccept
1785431147744,false,1785431147794,LeaderAccept
1785431150925,true,1785431150976,LeaderAccept
1785431164874,true,1785431164924,LeaderAccept
1785431164892,false,1785431164942,LeaderAccept
1785431164909,false,1785431164959,LeaderAccept
1785431164928,true,1785431164978,LeaderAccept
1785431164947,true,1785431164997,LeaderAccept
1785431164964,true,1785431165014,LeaderAccept
1785431164983,false,1785431165033,LeaderAccept
1785431165002,false,1785431165052,LeaderAccept
1785431165021,false,1785431165071,LeaderAccept
1785431165040,true,1785431165090,LeaderAccept
1785431165059,true,1785431165109,LeaderAccept
1785431165077,false,1785431165127,LeaderAccept
1785431165097,false,1785431165147,LeaderAccept
1785431165117,false,1785431165167,LeaderAccept
1785431165137,true,1785431165187,LeaderAccept
1785431165157,true,1785431165207,LeaderAccept
1785431165178,false,1785431165228,LeaderAccept
1785431165199,true,1785431165249,LeaderAccept
1785431165219,false,1785431165269,LeaderAccept
1785431165241,true,1785431165290,LeaderAccept
1785431165262,false,1785431165312,LeaderAccept
1785431165284,true,1785431165333,LeaderAccept
1785431165304,false,1785431165354,LeaderAccept
1785431165326,false,1785431165376,LeaderAccept
1785431165348,true,1785431165397,LeaderAccept
1785431165369,true,1785431165419,LeaderAccept
1785431165392,true,1785431165442,LeaderAccept
1785431165414,true,1785431165465,LeaderAccept
1785431165437,false,1785431165487,LeaderAccept
1785431165461,true,1785431165511,LeaderAccept
1785431165485,false,1785431165535,LeaderAccept
1785431165509,true,1785431165559,LeaderAccept
1785431165532,true,1785431165583,LeaderAccept
1785431165556,true,1785431165606,LeaderAccept
1785431165580,true,1785431165630,LeaderAccept
1785431165605,false,1785431165655,LeaderAccept
1785431165629,false,1785431165679,LeaderAccept
1785431165654,true,1785431165704,LeaderAccept
1785431165679,false,1785431165729,LeaderAccept
1785431165704,true,1785431165754,LeaderAccept
1785431165730,true,1785431165780,LeaderAccept
1785431165756,true,1785431165806,LeaderAccept
1785431165783,false,1785431165832,LeaderAccept
1785431165810,false,1785431165861,LeaderAccept
1785431165838,true,1785431165888,LeaderAccept
1785431165866,true,1785431165916,LeaderAccept
1785431165894,true,1785431165944,LeaderAccept
1785431165923,false,1785431165973,LeaderAccept
1785431165952,true,1785431166001,LeaderAccept
1785431165982,false,1785431166032,LeaderAccept
1785431166011,false,1785431166061,LeaderAccept
1785431166041,false,1785431166092,LeaderAccept
1785431166071,true,1785431166121,LeaderAccept
1785431166103,true,1785431166153,LeaderAccept
1785431166134,false,1785431166184,LeaderAccept
1785431166166,false,1785431166217,LeaderAccept
1785431166198,true,1785431166248,LeaderAccept
1785431166232,false,1785431166282,LeaderAccept
1785431166265,true,1785431166315,LeaderAccept
1785431166299,true,1785431166349,LeaderAccept
1785431166334,false,1785431166384,LeaderAccept
1785431166370,true,1785431166420,LeaderAccept
1785431166406,false,1785431166456,LeaderAccept
1785431166443,true,1785431166493,LeaderAccept
1785431166481,false,1785431166531,LeaderAccept
1785431166519,false,1785431166569,LeaderAccept
1785431166557,true,1785431166608,LeaderAccept
1785431166596,false,1785431166647,LeaderAccept
1785431166637,true,1785431166687,LeaderAccept
1785431166678,true,1785431166728,LeaderAccept
1785431166719,false,1785431166769,LeaderAccept
1785431166761,true,1785431166811,LeaderAccept
1785431166805,true,1785431166856,LeaderAccept
1785431166849,false,1785431166899,LeaderAccept
1785431166894,true,1785431166944,LeaderAccept
1785431166940,false,1785431166990,LeaderAccept
1785431166987,false,1785431167037,LeaderAccept
1785431167035,true,1785431167086,LeaderAccept
1785431167085,false,1785431167135,LeaderAccept
1785431167136,false,1785431167187,LeaderAccept
1785431167188,true,1785431167238,LeaderAccept
1785431167242,true,1785431167292,LeaderAccept
1785431167297,false,1785431167347,LeaderAccept
1785431167353,true,1785431167403,LeaderAccept
1785431167411,true,1785431167461,LeaderAccept
1785431167470,true,1785431167520,LeaderAccept
1785431167532,true,1785431167582,LeaderAccept
1785431167595,false,1785431167645,LeaderAccept
1785431167660,false,1785431167711,LeaderAccept
1785431167728,true,1785431167779,LeaderAccept
1785431167798,true,1785431167848,LeaderAccept
1785431167869,true,1785431167920,LeaderAccept
1785431167945,false,1785431167995,LeaderAccept
1785431168023,true,1785431168073,LeaderAccept
1785431168103,false,1785431168154,LeaderAccept
1785431168187,false,1785431168237,LeaderAccept
1785431168274,false,1785431168325,LeaderAccept
1785431168366,false,1785431168416,LeaderAccept
1785431168461,false,1785431168512,LeaderAccept
1785431168562,true,1785431168612,LeaderAccept
1785431168668,false,1785431168718,LeaderAccept
1785431168778,false,1785431168829,LeaderAccept
1785431168896,false,1785431168947,LeaderAccept
1785431169021,true,1785431169071,LeaderAccept
1785431169154,false,1785431169204,LeaderAccept
1785431169295,false,1785431169345,LeaderAccept
1785431169446,true,1785431169496,LeaderAccept
1785431169610,false,1785431169660,LeaderAccept
1785431169786,true,1785431169837,LeaderAccept
1785431169980,true,1785431170030,LeaderAccept
1785431170192,false,1785431170243,LeaderAccept
1785431170429,true,1785431170479,LeaderAccept
1785431170696,true,1785431170746,LeaderAccept
1785431171000,false,1785431171051,LeaderAccept
1785431171353,false,1785431171396,FastAccept
1785431171776,false,1785431171819,FastAccept
1785431172297,true,1785431172339,FastAccept
1785431172973,false,1785431173016,FastAccept
1785431173919,false,1785431173962,FastAccept
1785431175438,false,1785431175481,FastAccept
1785431178684,true,1785431178734,LeaderAccept
1785431189475,true,1785431189518,FastAccept
1785431189492,true,1785431189535,FastAccept
1785431189510,false,1785431189553,FastAccept
1785431189528,true,1785431189570,FastAccept
1785431189546,false,1785431189588,FastAccept
1785431189563,true,1785431189606,FastAccept
1785431189581,true,1785431189624,FastAccept
1785431189600,false,1785431189642,FastAccept
1785431189618,false,1785431189661,FastAccept
1785431189637,false,1785431189679,FastAccept
1785431189655,false,1785431189698,FastAccept
1785431189675,true,1785431189718,FastAccept
1785431189693,false,1785431189736,FastAccept
1785431189713,true,1785431189755,FastAccept
1785431189733,false,1785431189776,FastAccept
1785431189753,true,1785431189795,FastAccept
1785431189773,true,1785431189815,FastAccept
1785431189793,true,1785431189835,FastAccept
1785431189813,false,1785431189855,FastAccept
1785431189832,true,1785431189875,FastAccept
1785431189852,true,1785431189896,FastAccept
1785431189873,false,1785431189916,FastAccept
1785431189895,true,1785431189938,FastAccept
1785431189916,true,1785431189958,FastAccept
1785431189937,true,1785431189980,FastAccept
1785431189958,true,1785431190001,FastAccept
1785431189980,false,1785431190023,FastAccept
1785431190002,false,1785431190044,FastAccept
1785431190025,false,1785431190067,FastAccept
1785431190047,false,1785431190091,FastAccept
1785431190071,false,1785431190123,FastAccept
1785431190094,true,1785431190136,FastAccept
1785431190117,true,1785431190160,FastAccept
1785431190140,false,1785431190183,FastAccept
1785431190164,false,1785431190206,FastAccept
1785431190187,false,1785431190230,FastAccept
1785431190212,true,1785431190254,FastAccept
1785431190237,true,1785431190279,FastAccept
1785431190262,false,1785431190305,FastAccept
1785431190287,false,1785431190330,FastAccept
1785431190313,false,1785431190355,FastAccept
1785431190338,true,1785431190381,FastAccept
1785431190364,true,1785431190407,FastAccept
1785431190391,true,1785431190433,FastAccept
1785431190417,false,1785431190460,FastAccept
1785431190444,true,1785431190487,FastAccept
1785431190471,true,1785431190514,FastAccept
1785431190498,true,1785431190541,FastAccept
1785431190526,false,1785431190569,FastAccept
1785431190555,false,1785431190597,FastAccept
1785431190584,true,1785431190627,FastAccept
1785431190614,false,1785431190657,FastAccept
1785431190644,true,1785431190687,FastAccept
1785431190675,true,1785431190718,FastAccept
1785431190706,true,1785431190749,FastAccept
1785431190737,false,1785431190780,FastAccept
1785431190769,false,1785431190812,FastAccept
1785431190801,true,1785431190844,FastAccept
1785431190833,true,1785431190876,FastAccept
1785431190867,false,1785431190910,FastAccept
1785431190901,false,1785431190944,FastAccept
1785431190936,true,1785431190979,FastAccept
1785431190971,true,1785431191013,FastAccept
1785431191007,false,1785431191049,FastAccept
1785431191043,true,1785431191085,FastAccept
1785431191079,false,1785431191122,FastAccept
1785431191116,true,1785431191159,FastAccept
1785431191155,true,1785431191198,FastAccept
1785431191194,true,1785431191236,FastAccept
1785431191233,false,1785431191276,FastAccept
1785431191273,false,1785431191315,FastAccept
1785431191314,true,1785431191356,FastAccept
1785431191355,false,1785431191398,FastAccept
1785431191398,false,1785431191441,FastAccept
1785431191442,true,1785431191484,FastAccept
1785431191486,false,1785431191529,FastAccept
1785431191531,false,1785431191574,FastAccept
1785431191577,false,1785431191620,FastAccept
1785431191624,true,1785431191667,FastAccept
1785431191672,false,1785431191715,FastAccept
1785431191722,false,1785431191765,FastAccept
1785431191773,true,1785431191816,FastAccept
1785431191826,false,1785431191869,FastAccept
1785431191880,false,1785431191923,FastAccept
1785431191936,true,1785431191979,FastAccept
1785431191993,true,1785431192035,FastAccept
1785431192052,true,1785431192094,FastAccept
1785431192111,false,1785431192154,FastAccept
1785431192174,true,1785431192217,FastAccept
1785431192238,false,1785431192280,FastAccept
1785431192303,true,1785431192346,FastAccept
1785431192371,true,1785431192414,FastAccept
1785431192442,false,,
1785431192515,false,1785431192568,FastAccept
1785431192590,true,1785431192640,LeaderAccept
1785431192668,false,1785431192719,LeaderAccept
1785431192750,false,1785431192800,LeaderAccept
1785431192835,true,1785431192886,LeaderAccept
1785431192923,false,1785431192973,LeaderAccept
1785431193014,true,1785431193065,LeaderAccept
1785431193111,false,1785431193161,LeaderAccept
1785431193213,false,1785431193263,LeaderAccept
1785431193319,false,1785431193369,LeaderAccept
1785431193430,true,1785431193481,LeaderAccept
1785431193549,false,1785431193599,LeaderAccept
1785431193675,false,1785431193725,LeaderAccept
1785431193808,true,1785431193860,LeaderAccept
1785431193952,false,1785431194003,LeaderAccept
1785431194106,true,1785431194157,LeaderAccept
1785431194271,false,1785431194322,LeaderAccept
1785431194452,true,1785431194502,LeaderAccept
1785431194649,true,1785431194699,LeaderAccept
1785431194865,true,1785431194916,LeaderAccept
1785431195106,false,1785431195157,LeaderAccept
1785431195379,false,1785431195429,LeaderAccept
1785431195692,false,1785431195743,LeaderAccept
1785431196057,true,1785431196107,LeaderAccept
1785431196495,false,1785431196545,LeaderAccept
1785431197040,false,1785431197089,LeaderAccept
1785431197755,false,1785431197805,LeaderAccept
1785431198776,true,1785431198827,LeaderAccept
1785431200478,false,1785431200528,LeaderAccept
1785431204459,false,1785431204503,FastAccept
1785431205226,false,1785431205268,FastAccept
1785431205250,true,1785431205293,FastAccept
1785431205274,true,1785431205316,FastAccept
1785431205298,false,1785431205340,FastAccept
1785431205323,false,1785431205366,FastAccept
1785431205348,false,1785431205390,FastAccept
1785431205373,false,1785431205416,FastAccept
1785431205399,false,1785431205441,FastAccept
1785431205425,true,1785431205467,FastAccept
1785431205450,false,1785431205493,FastAccept
1785431205476,false,1785431205519,FastAccept
1785431205503,false,1785431205545,FastAccept
1785431205530,true,1785431205573,FastAccept
1785431205557,true,1785431205600,FastAccept
1785431205586,true,1785431205629,FastAccept
1785431205614,true,1785431205657,FastAccept
1785431205643,false,1785431205685,FastAccept
1785431205672,true,1785431205715,FastAccept
1785431205701,true,1785431205744,FastAccept
1785431205731,true,1785431205774,FastAccept
1785431205761,false,1785431205814,FastAccept
1785431205792,false,1785431205835,FastAccept
1785431205824,false,1785431205866,FastAccept
1785431205856,true,1785431205898,FastAccept
1785431205887,true,1785431205930,FastAccept
1785431205919,false,1785431205962,FastAccept
1785431205953,false,1785431205995,FastAccept
1785431205986,true,1785431206029,FastAccept
1785431206021,true,1785431206064,FastAccept
1785431206056,true,1785431206098,FastAccept
1785431206091,true,1785431206134,FastAccept
1785431206127,false,1785431206169,FastAccept
1785431206164,true,1785431206207,FastAccept
1785431206201,false,1785431206244,FastAccept
1785431206240,false,1785431206282,FastAccept
1785431206279,true,1785431206322,FastAccept
1785431206319,false,1785431206361,FastAccept
1785431206358,false,1785431206401,FastAccept
1785431206400,false,1785431206443,FastAccept
1785431206442,true,1785431206484,FastAccept
1785431206484,true,1785431206527,FastAccept
1785431206528,false,1785431206571,FastAccept
1785431206573,false,1785431206616,FastAccept
1785431206619,true,1785431206662,FastAccept
1785431206666,false,1785431206709,FastAccept
1785431206714,false,,
1785431206762,true,,
1785431206813,true,1785431206855,FastAccept
1785431206863,false,1785431206906,FastAccept
1785431206916,true,1785431206959,FastAccept
1785431206970,true,1785431207012,FastAccept
1785431207025,false,1785431207067,FastAccept
1785431207082,false,1785431207124,FastAccept
1785431207140,true,1785431207183,FastAccept
1785431207200,true,1785431207243,FastAccept
1785431207262,false,1785431207304,FastAccept
1785431207326,true,1785431207368,FastAccept
1785431207392,false,1785431207435,FastAccept
1785431207460,false,1785431207503,FastAccept
1785431207530,false,1785431207573,FastAccept
1785431207602,false,1785431207645,FastAccept
1785431207677,true,,
1785431207756,true,1785431207806,LeaderAccept
1785431207836,true,1785431207887,LeaderAccept
1785431207921,false,1785431207971,LeaderAccept
1785431208009,true,1785431208059,LeaderAccept
1785431208102,true,1785431208151,LeaderAccept
1785431208199,true,1785431208249,LeaderAccept
1785431208299,true,1785431208349,LeaderAccept
1785431208406,false,1785431208457,LeaderAccept
1785431208518,true,1785431208568,LeaderAccept
1785431208636,true,1785431208687,LeaderAccept
1785431208762,true,1785431208812,LeaderAccept
1785431208896,false,1785431208946,LeaderAccept
1785431209038,true,1785431209088,LeaderAccept
1785431209192,false,1785431209242,LeaderAccept
1785431209356,false,1785431209407,LeaderAccept
1785431209536,true,1785431209586,LeaderAccept
1785431209733,true,1785431209784,LeaderAccept
1785431209950,false,1785431210000,LeaderAccept
1785431210190,false,1785431210240,LeaderAccept
1785431210462,true,1785431210512,LeaderAccept
1785431210772,true,1785431210822,LeaderAccept
1785431211136,false,1785431211186,LeaderAccept
1785431211572,false,1785431211623,LeaderAccept
1785431212112,true,1785431212162,LeaderAccept
1785431212820,true,1785431212871,LeaderAccept
1785431213829,true,1785431213880,LeaderAccept
1785431215499,false,1785431215549,LeaderAccept
1785431217460,true,1785431217510,LeaderAccept
1785431217474,true,1785431217525,LeaderAccept
1785431217490,true,1785431217539,LeaderAccept
1785431217505,true,1785431217555,LeaderAccept
1785431217521,true,1785431217572,LeaderAccept
1785431217537,false,1785431217586,LeaderAccept
1785431217552,true,1785431217602,LeaderAccept
1785431217567,true,1785431217617,LeaderAccept
1785431217583,true,1785431217632,LeaderAccept
1785431217599,true,1785431217649,LeaderAccept
1785431217614,false,1785431217664,LeaderAccept
1785431217630,false,1785431217680,LeaderAccept
1785431217647,false,1785431217696,LeaderAccept
1785431217663,false,1785431217712,LeaderAccept
1785431217678,false,1785431217728,LeaderAccept
1785431217695,true,1785431217744,LeaderAccept
1785431217711,true,1785431217761,LeaderAccept
1785431217728,true,1785431217777,LeaderAccept
1785431217745,true,1785431217794,LeaderAccept
1785431217761,false,1785431217811,LeaderAccept
1785431217778,true,1785431217829,LeaderAccept
1785431217795,false,1785431217846,LeaderAccept
1785431217812,false,1785431217862,LeaderAccept
1785431217829,true,1785431217879,LeaderAccept
1785431217847,true,1785431217896,LeaderAccept
1785431217864,false,1785431217914,LeaderAccept
1785431217883,false,1785431217934,LeaderAccept
1785431217902,false,1785431217951,LeaderAccept
1785431217920,false,1785431217970,LeaderAccept
1785431217939,true,1785431217989,LeaderAccept
1785431217958,true,1785431218008,LeaderAccept
1785431217976,true,1785431218026,LeaderAccept
1785431217996,false,1785431218046,LeaderAccept
1785431218015,true,1785431218065,LeaderAccept
1785431218035,false,1785431218084,LeaderAccept
1785431218055,false,1785431218105,LeaderAccept
1785431218075,true,1785431218125,LeaderAccept
1785431218095,false,1785431218145,LeaderAccept
1785431218115,true,1785431218165,LeaderAccept
1785431218136,false,1785431218186,LeaderAccept
1785431218157,true,1785431218206,LeaderAccept
1785431218178,false,1785431218229,LeaderAccept
1785431218199,true,1785431218249,LeaderAccept
1785431218221,true,1785431218270,LeaderAccept
1785431218242,true,1785431218292,LeaderAccept
1785431218264,true,1785431218314,LeaderAccept
1785431218286,true,1785431218335,LeaderAccept
1785431218308,true,1785431218358,LeaderAccept
1785431218330,false,1785431218379,LeaderAccept
1785431218352,true,1785431218403,LeaderAccept
1785431218374,true,1785431218424,LeaderAccept
1785431218398,false,1785431218448,LeaderAccept
1785431218421,true,1785431218471,LeaderAccept
1785431218445,true,1785431218495,LeaderAccept
1785431218469,false,1785431218519,LeaderAccept
1785431218493,true,1785431218542,LeaderAccept
1785431218518,true,1785431218569,LeaderAccept
1785431218542,false,1785431218592,LeaderAccept
1785431218568,false,1785431218618,LeaderAccept
1785431218593,false,1785431218643,LeaderAccept
1785431218618,true,1785431218668,LeaderAccept
1785431218644,true,1785431218694,LeaderAccept
1785431218670,false,1785431218720,LeaderAccept
1785431218696,false,1785431218746,LeaderAccept
1785431218723,true,1785431218773,LeaderAccept
1785431218751,true,1785431218800,LeaderAccept
1785431218777,false,1785431218827,LeaderAccept
1785431218806,false,1785431218855,LeaderAccept
1785431218834,true,1785431218884,LeaderAccept
1785431218862,false,1785431218912,LeaderAccept
1785431218892,false,1785431218941,LeaderAccept
1785431218921,false,1785431218970,LeaderAccept
1785431218950,true,1785431219000,LeaderAccept
1785431218981,false,1785431219031,LeaderAccept
1785431219012,false,1785431219061,LeaderAccept
1785431219043,false,1785431219093,LeaderAccept
1785431219074,true,1785431219124,LeaderAccept
1785431219107,false,1785431219157,LeaderAccept
1785431219140,false,1785431219190,LeaderAccept
1785431219173,false,1785431219223,LeaderAccept
1785431219207,false,1785431219256,LeaderAccept
1785431219241,true,1785431219291,LeaderAccept
1785431219276,false,1785431219326,LeaderAccept
1785431219312,false,1785431219361,LeaderAccept
1785431219347,false,1785431219397,LeaderAccept
1785431219384,true,1785431219434,LeaderAccept
1785431219420,true,1785431219470,LeaderAccept
1785431219458,true,1785431219508,LeaderAccept
1785431219497,true,1785431219546,LeaderAccept
1785431219536,false,1785431219586,LeaderAccept
1785431219577,true,1785431219627,LeaderAccept
1785431219618,false,1785431219668,LeaderAccept
1785431219660,false,1785431219710,LeaderAccept
1785431219703,true,1785431219753,LeaderAccept
1785431219747,false,1785431219797,LeaderAccept
1785431219792,true,1785431219842,LeaderAccept
1785431219837,false,1785431219887,LeaderAccept
1785431219884,false,1785431219934,LeaderAccept
1785431219932,true,1785431219982,LeaderAccept
1785431219981,false,1785431220031,LeaderAccept
1785431220030,false,1785431220081,LeaderAccept
1785431220082,true,1785431220132,LeaderAccept
1785431220134,true,1785431220184,LeaderAccept
1785431220187,true,1785431220237,LeaderAccept
1785431220242,false,1785431220292,LeaderAccept
1785431220299,false,1785431220349,LeaderAccept
1785431220357,true,1785431220407,LeaderAccept
1785431220418,false,1785431220469,LeaderAccept
1785431220480,true,1785431220529,LeaderAccept
1785431220544,true,1785431220594,LeaderAccept
1785431220609,false,1785431220660,LeaderAccept
1785431220677,true,1785431220727,LeaderAccept
1785431220748,false,1785431220798,LeaderAccept
1785431220821,false,1785431220871,LeaderAccept
1785431220896,true,1785431220946,LeaderAccept
1785431220975,true,1785431221025,LeaderAccept
1785431221056,false,1785431221105,LeaderAccept
1785431221140,true,1785431221190,LeaderAccept
1785431221229,false,1785431221279,LeaderAccept
1785431221320,false,1785431221370,LeaderAccept
1785431221417,false,1785431221467,LeaderAccept
1785431221517,false,1785431221568,LeaderAccept
1785431221624,false,1785431221674,LeaderAccept
1785431221735,true,1785431221786,LeaderAccept
1785431221854,false,1785431221905,LeaderAccept
1785431221980,true,1785431222030,LeaderAccept
1785431222114,true,1785431222164,LeaderAccept
1785431222256,true,1785431222307,LeaderAccept
1785431222410,false,1785431222461,LeaderAccept
1785431222576,false,1785431222627,LeaderAccept
1785431222756,false,1785431222806,LeaderAccept
1785431222952,true,1785431223002,LeaderAccept
1785431223168,false,1785431223218,LeaderAccept
1785431223408,true,1785431223458,LeaderAccept
1785431223680,false,1785431223730,LeaderAccept
1785431223991,false,1785431224041,LeaderAccept
1785431224354,true,1785431224405,LeaderAccept
1785431224788,true,1785431224840,LeaderAccept
1785431225328,false,1785431225378,LeaderAccept
1785431226035,false,1785431226086,LeaderAccept
1785431227042,true,1785431227085,FastAccept
1785431228706,false,1785431228749,FastAccept
1785431232529,true,1785431232571,FastAccept
1785431252610,true,1785431252653,FastAccept
1785431252619,true,1785431252662,FastAccept
1785431252650,true,1785431252692,FastAccept
1785431252680,false,1785431252723,FastAccept
1785431252712,false,1785431252754,FastAccept
1785431252744,false,1785431252786,FastAccept
1785431252777,true,1785431252819,FastAccept
1785431252810,false,1785431252852,FastAccept
1785431252843,false,1785431252886,FastAccept
1785431252877,true,1785431252920,FastAccept
1785431252913,true,1785431252955,FastAccept
1785431252949,true,1785431252991,FastAccept
1785431252985,true,1785431253027,FastAccept
1785431253022,true,1785431253064,FastAccept
1785431253059,true,1785431253101,FastAccept
1785431253096,true,1785431253139,FastAccept
1785431253134,true,1785431253177,FastAccept
1785431253174,true,1785431253217,FastAccept
1785431253214,true,1785431253256,FastAccept
1785431253256,true,1785431253298,FastAccept
1785431253298,false,1785431253341,FastAccept
1785431253340,true,1785431253383,FastAccept
1785431253384,true,1785431253426,FastAccept
1785431253428,false,1785431253471,FastAccept
1785431253473,true,1785431253517,FastAccept
1785431253520,true,1785431253562,FastAccept
1785431253567,false,1785431253610,FastAccept
1785431253616,false,1785431253658,FastAccept
1785431253666,true,1785431253708,FastAccept
1785431253717,false,1785431253759,FastAccept
1785431253770,false,1785431253812,FastAccept
1785431253823,true,1785431253866,FastAccept
1785431253879,false,1785431253922,FastAccept
1785431253935,false,1785431253978,FastAccept
1785431253994,true,1785431254037,FastAccept
1785431254054,true,1785431254096,FastAccept
1785431254116,false,1785431254158,FastAccept
1785431254178,false,,
1785431254244,true,1785431254297,FastAccept
1785431254312,true,1785431254362,LeaderAccept
1785431254381,false,1785431254432,LeaderAccept
1785431254454,true,1785431254504,LeaderAccept
1785431254528,true,1785431254578,LeaderAccept
1785431254606,true,1785431254656,LeaderAccept
1785431254687,true,1785431254737,LeaderAccept
1785431254770,false,1785431254821,LeaderAccept
1785431254857,false,1785431254907,LeaderAccept
1785431254949,true,1785431254999,LeaderAccept
1785431255045,false,1785431255095,LeaderAccept
1785431255146,true,1785431255196,LeaderAccept
1785431255252,true,1785431255302,LeaderAccept
1785431255363,true,1785431255413,LeaderAccept
1785431255480,true,1785431255530,LeaderAccept
1785431255605,false,1785431255655,LeaderAccept
1785431255737,false,1785431255788,LeaderAccept
1785431255879,false,1785431255929,LeaderAccept
1785431256030,true,1785431256080,LeaderAccept
1785431256194,false,1785431256244,LeaderAccept
1785431256370,true,1785431256420,LeaderAccept
1785431256564,false,1785431256614,LeaderAccept
1785431256777,true,1785431256827,LeaderAccept
1785431257014,true,1785431257064,LeaderAccept
1785431257280,true,1785431257331,LeaderAccept
1785431257585,false,1785431257635,LeaderAccept
1785431257940,true,1785431257990,LeaderAccept
1785431258362,false,1785431258413,LeaderAccept
1785431258884,true,1785431258934,LeaderAccept
1785431259561,true,1785431259612,LeaderAccept
1785431260510,false,1785431260552,FastAccept
1785431262035,true,1785431262078,FastAccept
1785431265303,false,1785431265346,FastAccept
1785431282042,true,1785431282093,LeaderAccept
1785431312982,true,1785431313025,FastAccept
1785431313006,true,1785431313049,FastAccept
1785431313032,false,1785431313075,FastAccept
1785431313058,true,1785431313100,FastAccept
1785431313084,true,1785431313127,FastAccept
1785431313111,true,1785431313153,FastAccept
1785431313137,true,1785431313179,FastAccept
1785431313164,false,1785431313206,FastAccept
1785431313191,true,1785431313233,FastAccept
1785431313218,false,1785431313261,FastAccept
1785431313245,false,1785431313288,FastAccept
1785431313274,false,1785431313316,FastAccept
1785431313303,true,1785431313345,FastAccept
1785431313332,false,1785431313375,FastAccept
1785431313362,true,1785431313404,FastAccept
1785431313392,false,1785431313434,FastAccept
1785431313422,true,1785431313465,FastAccept
1785431313453,true,1785431313496,FastAccept
1785431313484,false,1785431313526,FastAccept
1785431313516,false,1785431313558,FastAccept
1785431313547,true,1785431313590,FastAccept
1785431313579,true,1785431313622,FastAccept
1785431313612,false,1785431313665,FastAccept
1785431313646,true,1785431313688,FastAccept
1785431313680,false,1785431313723,FastAccept
1785431313715,false,1785431313758,FastAccept
1785431313751,false,1785431313794,FastAccept
1785431313787,true,1785431313830,FastAccept
1785431313824,true,1785431313867,FastAccept
1785431313862,false,1785431313904,FastAccept
1785431313900,true,1785431313942,FastAccept
1785431313938,true,1785431313981,FastAccept
1785431313977,false,1785431314020,FastAccept
1785431314017,true,1785431314060,FastAccept
1785431314058,true,1785431314101,FastAccept
1785431314100,false,1785431314143,FastAccept
1785431314143,false,1785431314185,FastAccept
1785431314186,true,1785431314229,FastAccept
1785431314230,false,1785431314273,FastAccept
1785431314276,true,1785431314318,FastAccept
1785431314322,false,1785431314364,FastAccept
1785431314368,false,1785431314411,FastAccept
1785431314417,true,1785431314459,FastAccept
1785431314466,true,1785431314509,FastAccept
1785431314517,false,1785431314560,FastAccept
1785431314569,true,1785431314612,FastAccept
1785431314623,false,1785431314665,FastAccept
1785431314678,true,1785431314720,FastAccept
1785431314733,true,1785431314776,FastAccept
1785431314792,false,1785431314834,FastAccept
1785431314852,true,1785431314895,FastAccept
1785431314914,false,1785431314957,FastAccept
1785431314978,true,1785431315021,FastAccept
1785431315044,false,1785431315087,FastAccept
1785431315111,true,1785431315154,FastAccept
1785431315180,true,1785431315223,FastAccept
1785431315252,false,1785431315295,FastAccept
1785431315328,true,1785431315370,FastAccept
1785431315405,false,1785431315448,FastAccept
1785431315486,false,1785431315529,FastAccept
1785431315570,false,1785431315613,FastAccept
1785431315658,false,1785431315701,FastAccept
1785431315750,true,1785431315793,FastAccept
1785431315845,true,,
1785431315946,false,1785431315988,FastAccept
1785431316051,false,1785431316093,FastAccept
1785431316162,true,1785431316204,FastAccept
1785431316278,false,1785431316320,FastAccept
1785431316403,true,1785431316445,FastAccept
1785431316535,true,1785431316577,FastAccept
1785431316675,true,1785431316718,FastAccept
1785431316826,true,1785431316869,FastAccept
1785431316989,true,1785431317032,FastAccept
1785431317167,true,1785431317210,FastAccept
1785431317359,true,1785431317402,FastAccept
1785431317572,true,1785431317615,FastAccept
1785431317808,true,1785431317850,FastAccept
1785431318074,true,1785431318116,FastAccept
1785431318378,false,1785431318420,FastAccept
1785431318731,false,1785431318773,FastAccept
1785431319152,false,1785431319195,FastAccept
1785431319671,true,1785431319714,FastAccept
1785431320343,false,1785431320385,FastAccept
1785431321283,false,1785431321325,FastAccept
1785431322788,true,1785431322831,FastAccept
1785431325980,true,1785431326023,FastAccept
1785431333958,true,1785431334008,LeaderAccept
1785431333975,false,1785431334025,LeaderAccept
1785431333994,true,1785431334044,LeaderAccept
1785431334011,false,1785431334061,LeaderAccept
1785431334030,false,1785431334080,LeaderAccept
1785431334049,false,1785431334099,LeaderAccept
1785431334068,true,1785431334118,LeaderAccept
1785431334087,true,1785431334136,LeaderAccept
1785431334106,false,1785431334156,LeaderAccept
1785431334126,false,1785431334176,LeaderAccept
1785431334145,true,1785431334195,LeaderAccept
1785431334164,false,1785431334214,LeaderAccept
1785431334184,false,1785431334234,LeaderAccept
1785431334203,false,1785431334253,LeaderAccept
1785431334224,false,1785431334274,LeaderAccept
1785431334245,true,1785431334295,LeaderAccept
1785431334265,true,1785431334315,LeaderAccept
1785431334287,false,1785431334336,LeaderAccept
1785431334308,false,1785431334357,LeaderAccept
1785431334329,true,1785431334379,LeaderAccept
1785431334350,false,1785431334400,LeaderAccept
1785431334372,false,1785431334421,LeaderAccept
1785431334394,true,1785431334444,LeaderAccept
1785431334415,true,1785431334465,LeaderAccept
1785431334437,true,1785431334487,LeaderAccept
1785431334460,true,1785431334509,LeaderAccept
1785431334483,true,1785431334532,LeaderAccept
1785431334506,false,1785431334556,LeaderAccept
1785431334528,true,1785431334579,LeaderAccept
1785431334552,false,1785431334602,LeaderAccept
1785431334576,true,1785431334626,LeaderAccept
1785431334601,true,1785431334650,LeaderAccept
1785431334625,false,1785431334675,LeaderAccept
1785431334649,false,1785431334699,LeaderAccept
1785431334674,false,1785431334724,LeaderAccept
1785431334699,false,1785431334749,LeaderAccept
1785431334725,false,1785431334775,LeaderAccept
1785431334751,true,1785431334800,LeaderAccept
1785431334777,true,1785431334827,LeaderAccept
1785431334803,true,1785431334853,LeaderAccept
1785431334830,true,1785431334880,LeaderAccept
1785431334857,false,1785431334907,LeaderAccept
1785431334884,true,1785431334934,LeaderAccept
1785431334913,false,1785431334963,LeaderAccept
1785431334940,false,1785431334990,LeaderAccept
1785431334969,true,1785431335019,LeaderAccept
1785431334998,false,1785431335047,LeaderAccept
1785431335027,true,1785431335076,LeaderAccept
1785431335057,true,1785431335107,LeaderAccept
1785431335086,true,1785431335136,LeaderAccept
1785431335117,true,1785431335167,LeaderAccept
1785431335149,false,1785431335199,LeaderAccept
1785431335180,false,1785431335231,LeaderAccept
1785431335213,true,1785431335262,LeaderAccept
1785431335246,false,1785431335296,LeaderAccept
1785431335279,true,1785431335328,LeaderAccept
1785431335313,false,1785431335363,LeaderAccept
1785431335347,false,1785431335398,LeaderAccept
1785431335383,false,1785431335433,LeaderAccept
1785431335419,true,1785431335469,LeaderAccept
1785431335455,true,1785431335505,LeaderAccept
1785431335492,false,1785431335543,LeaderAccept
1785431335529,true,1785431335579,LeaderAccept
1785431335568,false,1785431335618,LeaderAccept
1785431335606,true,1785431335656,LeaderAccept
1785431335646,true,1785431335696,LeaderAccept
1785431335687,false,1785431335737,LeaderAccept
1785431335728,false,1785431335778,LeaderAccept
1785431335770,true,1785431335820,LeaderAccept
1785431335813,true,1785431335863,LeaderAccept
1785431335857,false,1785431335907,LeaderAccept
1785431335901,true,1785431335952,LeaderAccept
1785431335946,false,1785431335995,LeaderAccept
1785431335993,false,1785431336043,LeaderAccept
1785431336041,false,1785431336091,LeaderAccept
1785431336089,false,1785431336140,LeaderAccept
1785431336139,true,1785431336189,LeaderAccept
1785431336191,true,1785431336241,LeaderAccept
1785431336244,true,1785431336294,LeaderAccept
1785431336298,false,1785431336348,LeaderAccept
1785431336353,true,1785431336403,LeaderAccept
1785431336409,true,1785431336460,LeaderAccept
1785431336468,false,1785431336518,LeaderAccept
1785431336528,false,1785431336577,LeaderAccept
1785431336589,false,1785431336640,LeaderAccept
1785431336654,false,1785431336704,LeaderAccept
1785431336719,false,1785431336769,LeaderAccept
1785431336788,true,1785431336838,LeaderAccept
1785431336858,false,1785431336908,LeaderAccept
1785431336931,true,1785431336980,LeaderAccept
1785431337007,false,1785431337057,LeaderAccept
1785431337085,true,1785431337134,LeaderAccept
1785431337165,true,1785431337215,LeaderAccept
1785431337250,true,1785431337300,LeaderAccept
1785431337339,true,1785431337388,LeaderAccept
1785431337430,true,1785431337480,LeaderAccept
1785431337526,true,1785431337576,LeaderAccept
1785431337627,true,1785431337677,LeaderAccept
1785431337734,false,1785431337784,LeaderAccept
1785431337846,false,1785431337896,LeaderAccept
1785431337964,true,1785431338014,LeaderAccept
1785431338089,false,1785431338139,LeaderAccept
1785431338224,false,1785431338273,LeaderAccept
1785431338367,true,1785431338416,LeaderAccept
1785431338521,false,1785431338570,LeaderAccept
1785431338687,false,1785431338736,LeaderAccept
1785431338867,true,1785431338917,LeaderAccept
1785431339064,false,1785431339114,LeaderAccept
1785431339282,true,1785431339332,LeaderAccept
1785431339524,false,1785431339574,LeaderAccept
1785431339798,false,1785431339848,LeaderAccept
1785431340111,false,1785431340161,LeaderAccept
1785431340477,true,1785431340527,LeaderAccept
1785431340915,true,1785431340966,LeaderAccept
1785431341461,false,1785431341512,LeaderAccept
1785431342179,false,1785431342229,LeaderAccept
1785431343205,false,1785431343255,LeaderAccept
1785431344918,false,1785431344961,FastAccept
1785431348954,true,1785431349004,LeaderAccept
1785431363988,false,1785431364030,FastAccept
1785431364005,true,1785431364047,FastAccept
1785431364022,false,1785431364065,FastAccept
1785431364039,true,1785431364081,FastAccept
1785431364057,false,1785431364099,FastAccept
1785431364074,false,1785431364116,FastAccept
1785431364092,true,1785431364134,FastAccept
1785431364109,false,1785431364151,FastAccept
1785431364128,true,1785431364169,FastAccept
1785431364146,false,1785431364188,FastAccept
1785431364164,false,1785431364206,FastAccept
1785431364183,false,1785431364225,FastAccept
1785431364201,false,1785431364243,FastAccept
1785431364220,true,1785431364262,FastAccept
1785431364239,true,1785431364281,FastAccept
1785431364257,true,1785431364299,FastAccept
1785431364277,false,1785431364319,FastAccept
1785431364297,false,1785431364339,FastAccept
1785431364317,true,1785431364359,FastAccept
1785431364336,false,1785431364378,FastAccept
1785431364357,false,1785431364399,FastAccept
1785431364378,false,,
1785431364399,false,1785431364441,FastAccept
1785431364419,false,1785431364461,FastAccept
1785431364440,true,1785431364482,FastAccept
1785431364461,false,1785431364503,FastAccept
1785431364482,true,1785431364524,FastAccept
1785431364503,true,1785431364545,FastAccept
1785431364525,false,1785431364567,FastAccept
1785431364547,true,1785431364589,FastAccept
1785431364568,true,1785431364611,FastAccept
1785431364591,true,1785431364633,FastAccept
1785431364614,false,1785431364656,FastAccept
1785431364637,true,1785431364679,FastAccept
1785431364659,true,1785431364702,FastAccept
1785431364682,false,1785431364724,FastAccept
1785431364706,true,1785431364748,FastAccept
1785431364730,false,1785431364772,FastAccept
1785431364753,false,1785431364796,FastAccept
1785431364778,false,1785431364820,FastAccept
1785431364803,true,1785431364845,FastAccept
1785431364828,true,1785431364870,FastAccept
1785431364853,true,1785431364895,FastAccept
1785431364879,true,1785431364922,FastAccept
1785431364904,true,1785431364947,FastAccept
1785431364931,true,1785431364973,FastAccept
1785431364957,false,1785431365000,FastAccept
1785431364984,true,1785431365027,FastAccept
1785431365012,false,1785431365054,FastAccept
1785431365040,true,1785431365083,FastAccept
1785431365067,false,1785431365110,FastAccept
1785431365096,false,,
1785431365124,false,1785431365166,FastAccept
1785431365153,false,1785431365196,FastAccept
1785431365183,true,1785431365225,FastAccept
1785431365213,false,1785431365255,FastAccept
1785431365242,false,1785431365285,FastAccept
1785431365272,false,1785431365315,FastAccept
1785431365304,false,1785431365346,FastAccept
1785431365336,true,1785431365378,FastAccept
1785431365367,false,1785431365410,FastAccept
1785431365401,false,1785431365444,FastAccept
1785431365434,true,1785431365477,FastAccept
1785431365468,false,1785431365511,FastAccept
1785431365503,false,1785431365545,FastAccept
1785431365538,false,1785431365581,FastAccept
1785431365573,true,1785431365616,FastAccept
1785431365610,false,1785431365653,FastAccept
1785431365647,false,1785431365689,FastAccept
1785431365685,false,1785431365728,FastAccept
1785431365724,false,1785431365766,FastAccept
1785431365763,false,1785431365805,FastAccept
1785431365803,true,1785431365845,FastAccept
1785431365844,true,1785431365887,FastAccept
1785431365885,false,1785431365927,FastAccept
1785431365927,false,1785431365970,FastAccept
1785431365971,false,1785431366014,FastAccept
1785431366014,true,1785431366056,FastAccept
1785431366059,true,1785431366101,FastAccept
1785431366105,true,,
1785431366152,true,1785431366194,FastAccept
1785431366199,true,1785431366242,FastAccept
1785431366248,false,1785431366291,FastAccept
1785431366299,false,1785431366342,FastAccept
1785431366351,false,1785431366393,FastAccept
1785431366403,false,1785431366446,FastAccept
1785431366458,false,1785431366500,FastAccept
1785431366514,false,1785431366557,FastAccept
1785431366572,false,1785431366614,FastAccept
1785431366631,false,1785431366674,FastAccept
1785431366691,false,1785431366734,FastAccept
1785431366754,false,1785431366807,FastAccept
1785431366818,true,1785431366861,FastAccept
1785431366884,true,1785431366927,FastAccept
1785431366953,false,1785431366996,FastAccept
1785431367025,false,1785431367068,FastAccept
1785431367099,false,1785431367141,FastAccept
1785431367175,true,1785431367218,FastAccept
1785431367255,false,1785431367297,FastAccept
1785431367337,true,1785431367379,FastAccept
1785431367423,true,1785431367465,FastAccept
1785431367513,true,1785431367556,FastAccept
1785431367607,true,1785431367650,FastAccept
1785431367705,true,1785431367748,FastAccept
1785431367808,false,,
1785431367916,false,1785431367959,FastAccept
1785431368031,true,1785431368074,FastAccept
1785431368152,true,1785431368195,FastAccept
1785431368280,true,1785431368323,FastAccept
1785431368417,true,1785431368460,FastAccept
1785431368563,false,1785431368606,FastAccept
1785431368720,true,1785431368763,FastAccept
1785431368890,false,1785431368933,FastAccept
1785431369075,false,1785431369118,FastAccept
1785431369279,true,1785431369321,FastAccept
1785431369504,false,1785431369546,FastAccept
1785431369756,false,1785431369798,FastAccept
1785431370041,true,1785431370084,FastAccept
1785431370369,false,1785431370412,FastAccept
1785431370757,false,1785431370800,FastAccept
1785431371226,false,1785431371270,FastAccept
1785431371820,false,1785431371863,FastAccept
1785431372618,true,1785431372660,FastAccept
1785431373806,false,1785431373849,FastAccept
1785431374328,false,1785431374370,FastAccept
1785431374347,true,1785431374389,FastAccept
1785431374365,false,1785431374407,FastAccept
1785431374384,true,1785431374427,FastAccept
1785431374403,false,1785431374445,FastAccept
1785431374422,true,1785431374465,FastAccept
1785431374442,true,1785431374484,FastAccept
1785431374461,true,1785431374503,FastAccept
1785431374482,true,1785431374524,FastAccept
1785431374501,true,1785431374543,FastAccept
1785431374521,false,1785431374563,FastAccept
1785431374541,false,1785431374583,FastAccept
1785431374562,false,1785431374604,FastAccept
1785431374583,false,1785431374625,FastAccept
1785431374603,true,1785431374645,FastAccept
1785431374624,true,1785431374667,FastAccept
1785431374645,true,1785431374687,FastAccept
1785431374667,false,1785431374709,FastAccept
1785431374689,true,1785431374731,FastAccept
1785431374710,true,1785431374752,FastAccept
1785431374733,true,1785431374775,FastAccept
1785431374756,false,1785431374798,FastAccept
1785431374779,false,1785431374822,FastAccept
1785431374802,false,1785431374844,FastAccept
1785431374826,true,1785431374868,FastAccept
1785431374850,false,1785431374893,FastAccept
1785431374873,true,1785431374916,FastAccept
1785431374898,false,1785431374941,FastAccept
1785431374921,true,1785431374964,FastAccept
1785431374946,false,1785431374988,FastAccept
1785431374971,true,1785431375013,FastAccept
1785431374996,false,1785431375039,FastAccept
1785431375022,true,1785431375064,FastAccept
1785431375047,true,1785431375090,FastAccept
1785431375073,true,1785431375116,FastAccept
1785431375100,true,1785431375142,FastAccept
1785431375127,false,1785431375169,FastAccept
1785431375155,true,1785431375197,FastAccept
1785431375182,true,1785431375225,FastAccept
1785431375210,true,1785431375253,FastAccept
1785431375239,false,1785431375281,FastAccept
1785431375267,true,1785431375309,FastAccept
1785431375296,false,1785431375339,FastAccept
1785431375326,true,1785431375368,FastAccept
1785431375355,false,1785431375397,FastAccept
1785431375385,false,1785431375428,FastAccept
1785431375416,false,1785431375459,FastAccept
1785431375448,true,1785431375490,FastAccept
1785431375480,true,1785431375522,FastAccept
1785431375512,false,1785431375555,FastAccept
1785431375545,true,1785431375588,FastAccept
1785431375579,false,1785431375621,FastAccept
1785431375612,false,1785431375655,FastAccept
1785431375647,true,1785431375689,FastAccept
1785431375681,true,1785431375724,FastAccept
1785431375716,true,1785431375759,FastAccept
1785431375753,false,1785431375795,FastAccept
1785431375789,true,1785431375832,FastAccept
1785431375826,false,1785431375869,FastAccept
1785431375864,false,1785431375906,FastAccept
1785431375903,false,1785431375945,FastAccept
1785431375943,false,1785431375986,FastAccept
1785431375984,true,1785431376026,FastAccept
1785431376025,false,1785431376067,FastAccept
1785431376067,true,1785431376110,FastAccept
1785431376111,false,1785431376153,FastAccept
1785431376154,false,1785431376197,FastAccept
1785431376200,true,1785431376242,FastAccept
1785431376246,true,1785431376288,FastAccept
1785431376292,true,1785431376335,FastAccept
1785431376340,false,1785431376383,FastAccept
1785431376389,false,1785431376432,FastAccept
1785431376440,false,1785431376482,FastAccept
1785431376491,true,1785431376534,FastAccept
1785431376545,true,1785431376587,FastAccept
1785431376599,false,1785431376641,FastAccept
1785431376654,false,1785431376697,FastAccept
1785431376712,false,1785431376755,FastAccept
1785431376770,false,1785431376813,FastAccept
1785431376831,false,,
1785431376893,false,,
1785431376958,true,1785431377008,LeaderAccept
1785431377024,true,1785431377074,LeaderAccept
1785431377092,false,1785431377142,LeaderAccept
1785431377164,true,1785431377214,LeaderAccept
1785431377237,false,1785431377287,LeaderAccept
1785431377313,false,1785431377363,LeaderAccept
1785431377393,false,1785431377443,LeaderAccept
1785431377475,true,1785431377525,LeaderAccept
1785431377561,true,1785431377611,LeaderAccept
1785431377650,true,1785431377700,LeaderAccept
1785431377744,false,1785431377794,LeaderAccept
1785431377841,true,1785431377891,LeaderAccept
1785431377945,true,1785431377995,LeaderAccept
1785431378053,false,1785431378103,LeaderAccept
1785431378168,false,1785431378218,LeaderAccept
1785431378289,true,1785431378339,LeaderAccept
1785431378416,true,1785431378467,LeaderAccept
1785431378553,false,1785431378603,LeaderAccept
1785431378699,false,1785431378750,LeaderAccept
1785431378857,true,1785431378907,LeaderAccept
1785431379026,false,1785431379077,LeaderAccept
1785431379211,false,1785431379262,LeaderAccept
1785431379413,false,1785431379463,LeaderAccept
1785431379638,false,1785431379688,LeaderAccept
1785431379888,true,1785431379938,LeaderAccept
1785431380172,false,1785431380223,LeaderAccept
1785431380498,true,1785431380549,LeaderAccept
1785431380882,true,1785431380933,LeaderAccept
1785431381349,true,1785431381398,LeaderAccept
1785431381937,true,1785431381988,LeaderAccept
1785431382726,false,1785431382775,LeaderAccept
1785431383895,false,1785431383937,FastAccept
1785431385992,false,1785431386035,FastAccept
1785431390749,true,1785431390799,LeaderAccept
1785431390767,true,1785431390817,LeaderAccept
1785431390787,true,1785431390837,LeaderAccept
1785431390806,false,1785431390856,LeaderAccept
1785431390825,true,1785431390875,LeaderAccept
1785431390846,false,1785431390895,LeaderAccept
1785431390866,true,1785431390915,LeaderAccept
1785431390885,true,1785431390935,LeaderAccept
1785431390905,false,1785431390955,LeaderAccept
1785431390925,false,1785431390975,LeaderAccept
1785431390946,false,1785431390995,LeaderAccept
1785431390966,false,1785431391016,LeaderAccept
1785431390988,false,1785431391039,LeaderAccept
1785431391010,true,1785431391059,LeaderAccept
1785431391032,true,1785431391082,LeaderAccept
1785431391054,false,1785431391103,LeaderAccept
1785431391076,false,1785431391125,LeaderAccept
1785431391099,false,1785431391148,LeaderAccept
1785431391121,true,1785431391171,LeaderAccept
1785431391143,true,1785431391193,LeaderAccept
1785431391167,false,1785431391217,LeaderAccept
1785431391190,true,1785431391240,LeaderAccept
1785431391213,false,1785431391263,LeaderAccept
1785431391236,false,1785431391286,LeaderAccept
1785431391261,false,1785431391311,LeaderAccept
1785431391286,true,1785431391335,LeaderAccept
1785431391310,false,1785431391360,LeaderAccept
1785431391335,true,1785431391385,LeaderAccept
1785431391359,false,1785431391410,LeaderAccept
1785431391384,true,1785431391434,LeaderAccept
1785431391411,true,1785431391460,LeaderAccept
1785431391437,false,1785431391487,LeaderAccept
1785431391463,true,1785431391513,LeaderAccept
1785431391491,true,1785431391540,LeaderAccept
1785431391518,false,1785431391567,LeaderAccept
1785431391546,false,1785431391595,LeaderAccept
1785431391573,false,1785431391623,LeaderAccept
1785431391602,true,1785431391651,LeaderAccept
1785431391630,true,1785431391680,LeaderAccept
1785431391660,false,1785431391709,LeaderAccept
1785431391689,true,1785431391739,LeaderAccept
1785431391719,true,1785431391769,LeaderAccept
1785431391749,false,1785431391799,LeaderAccept
1785431391780,true,1785431391830,LeaderAccept
1785431391811,true,1785431391860,LeaderAccept
1785431391842,true,1785431391891,LeaderAccept
1785431391874,true,1785431391924,LeaderAccept
1785431391907,true,1785431391956,LeaderAccept
1785431391940,true,1785431391990,LeaderAccept
1785431391974,false,1785431392023,LeaderAccept
1785431392007,false,1785431392058,LeaderAccept
1785431392041,true,1785431392091,LeaderAccept
1785431392077,true,1785431392127,LeaderAccept
1785431392113,false,1785431392162,LeaderAccept
1785431392150,false,1785431392200,LeaderAccept
1785431392188,false,1785431392238,LeaderAccept
1785431392226,true,1785431392276,LeaderAccept
1785431392265,false,1785431392315,LeaderAccept
1785431392304,true,1785431392355,LeaderAccept
1785431392345,true,1785431392394,LeaderAccept
1785431392386,false,1785431392435,LeaderAccept
1785431392428,false,1785431392478,LeaderAccept
1785431392471,false,1785431392521,LeaderAccept
1785431392514,true,1785431392563,LeaderAccept
1785431392559,false,1785431392609,LeaderAccept
1785431392605,false,1785431392655,LeaderAccept
1785431392652,false,1785431392702,LeaderAccept
1785431392700,true,1785431392750,LeaderAccept
1785431392749,true,1785431392799,LeaderAccept
1785431392799,false,1785431392849,LeaderAccept
1785431392849,false,1785431392899,LeaderAccept
1785431392901,true,1785431392952,LeaderAccept
1785431392955,true,1785431393005,LeaderAccept
1785431393009,false,1785431393059,LeaderAccept
1785431393066,false,1785431393116,LeaderAccept
1785431393124,true,1785431393174,LeaderAccept
1785431393184,false,1785431393235,LeaderAccept
1785431393246,true,1785431393296,LeaderAccept
1785431393310,false,1785431393360,LeaderAccept
1785431393376,true,1785431393426,LeaderAccept
1785431393443,true,1785431393493,LeaderAccept
1785431393513,false,1785431393564,LeaderAccept
1785431393586,true,1785431393636,LeaderAccept
1785431393660,false,1785431393711,LeaderAccept
1785431393739,false,1785431393789,LeaderAccept
1785431393819,true,1785431393870,LeaderAccept
1785431393904,true,1785431393954,LeaderAccept
1785431393991,false,1785431394042,LeaderAccept
1785431394084,true,1785431394134,LeaderAccept
1785431394181,true,1785431394231,LeaderAccept
1785431394281,false,1785431394332,LeaderAccept
1785431394388,false,1785431394438,LeaderAccept
1785431394500,false,1785431394550,LeaderAccept
1785431394617,false,1785431394667,LeaderAccept
1785431394742,true,1785431394793,LeaderAccept
1785431394876,false,1785431394927,LeaderAccept
1785431395019,false,1785431395069,LeaderAccept
1785431395172,true,1785431395222,LeaderAccept
1785431395336,false,1785431395387,LeaderAccept
1785431395515,true,1785431395565,LeaderAccept
1785431395710,false,1785431395760,LeaderAccept
1785431395926,false,1785431395976,LeaderAccept
1785431396165,false,1785431396215,LeaderAccept
1785431396435,false,1785431396485,LeaderAccept
1785431396743,false,1785431396793,LeaderAccept
1785431397103,false,1785431397153,LeaderAccept
1785431397534,false,1785431397584,LeaderAccept
1785431398068,false,1785431398118,LeaderAccept
1785431398765,true,1785431398807,FastAccept
1785431399751,true,1785431399794,FastAccept
1785431401367,false,1785431401410,FastAccept
1785431404989,false,1785431405032,FastAccept
1785431427136,true,1785431427186,LeaderAccept
1785431442973,true,1785431443030,LeaderAccept
1785431442990,false,1785431443040,LeaderAccept
1785431443006,false,1785431443056,LeaderAccept
1785431443023,true,1785431443073,LeaderAccept
1785431443040,false,1785431443090,LeaderAccept
1785431443057,true,1785431443107,LeaderAccept
1785431443075,false,1785431443125,LeaderAccept
1785431443091,true,1785431443141,LeaderAccept
1785431443108,false,1785431443159,LeaderAccept
1785431443127,true,1785431443177,LeaderAccept
1785431443145,true,1785431443195,LeaderAccept
1785431443162,false,1785431443213,LeaderAccept
1785431443181,false,1785431443232,LeaderAccept
1785431443198,true,1785431443249,LeaderAccept
1785431443217,true,1785431443266,LeaderAccept
1785431443236,false,1785431443286,LeaderAccept
1785431443255,true,1785431443304,LeaderAccept
1785431443274,false,1785431443324,LeaderAccept
1785431443293,false,1785431443343,LeaderAccept
1785431443313,false,1785431443362,LeaderAccept
1785431443333,false,1785431443382,LeaderAccept
1785431443353,false,1785431443403,LeaderAccept
1785431443372,false,1785431443422,LeaderAccept
1785431443392,false,1785431443443,LeaderAccept
1785431443413,false,1785431443463,LeaderAccept
1785431443434,false,1785431443484,LeaderAccept
1785431443455,true,1785431443505,LeaderAccept
1785431443476,true,1785431443526,LeaderAccept
1785431443498,false,1785431443548,LeaderAccept
1785431443520,false,1785431443571,LeaderAccept
1785431443541,true,1785431443591,LeaderAccept
1785431443563,true,1785431443612,LeaderAccept
1785431443585,false,1785431443635,LeaderAccept
1785431443606,true,1785431443656,LeaderAccept
1785431443629,true,1785431443678,LeaderAccept
1785431443651,true,1785431443701,LeaderAccept
1785431443674,true,1785431443724,LeaderAccept
1785431443696,false,1785431443746,LeaderAccept
1785431443720,true,1785431443770,LeaderAccept
1785431443744,true,1785431443794,LeaderAccept
1785431443767,false,1785431443817,LeaderAccept
1785431443792,false,1785431443842,LeaderAccept
1785431443817,true,1785431443867,LeaderAccept
1785431443841,false,1785431443892,LeaderAccept
1785431443866,false,1785431443917,LeaderAccept
1785431443892,true,1785431443942,LeaderAccept
1785431443918,true,1785431443968,LeaderAccept
1785431443943,false,1785431443993,LeaderAccept
1785431443970,false,1785431444020,LeaderAccept
1785431443996,true,1785431444047,LeaderAccept
1785431444023,true,1785431444074,LeaderAccept
1785431444051,false,1785431444101,LeaderAccept
1785431444078,true,1785431444129,LeaderAccept
1785431444107,false,1785431444157,LeaderAccept
1785431444136,true,1785431444186,LeaderAccept
1785431444165,true,1785431444215,LeaderAccept
1785431444195,false,1785431444245,LeaderAccept
1785431444224,true,1785431444275,LeaderAccept
1785431444254,true,1785431444305,LeaderAccept
1785431444285,false,1785431444334,LeaderAccept
1785431444316,false,1785431444366,LeaderAccept
1785431444347,false,1785431444397,LeaderAccept
1785431444380,false,1785431444430,LeaderAccept
1785431444412,true,1785431444463,LeaderAccept
1785431444445,true,1785431444495,LeaderAccept
1785431444479,false,1785431444530,LeaderAccept
1785431444513,true,1785431444563,LeaderAccept
1785431444548,true,1785431444598,LeaderAccept
1785431444582,true,1785431444633,LeaderAccept
1785431444618,true,1785431444669,LeaderAccept
1785431444655,false,1785431444705,LeaderAccept
1785431444692,true,1785431444742,LeaderAccept
1785431444729,true,1785431444779,LeaderAccept
1785431444767,true,1785431444818,LeaderAccept
1785431444806,false,1785431444857,LeaderAccept
1785431444847,false,1785431444897,LeaderAccept
1785431444888,false,1785431444938,LeaderAccept
1785431444929,false,1785431444980,LeaderAccept
1785431444972,true,1785431445022,LeaderAccept
1785431445015,true,1785431445065,LeaderAccept
1785431445058,true,1785431445109,LeaderAccept
1785431445104,false,1785431445154,LeaderAccept
1785431445150,false,1785431445200,LeaderAccept
1785431445197,true,1785431445247,LeaderAccept
1785431445246,false,1785431445296,LeaderAccept
1785431445295,true,1785431445346,LeaderAccept
1785431445345,false,1785431445396,LeaderAccept
1785431445398,false,1785431445448,LeaderAccept
1785431445451,false,1785431445501,LeaderAccept
1785431445505,false,1785431445556,LeaderAccept
1785431445562,true,1785431445612,LeaderAccept
1785431445620,true,1785431445670,LeaderAccept
1785431445678,false,1785431445729,LeaderAccept
1785431445740,true,1785431445790,LeaderAccept
1785431445802,false,1785431445852,LeaderAccept
1785431445867,true,1785431445918,LeaderAccept
1785431445935,false,1785431445985,LeaderAccept
1785431446005,true,1785431446055,LeaderAccept
1785431446077,false,1785431446128,LeaderAccept
1785431446152,false,1785431446203,LeaderAccept
1785431446229,false,1785431446279,LeaderAccept
1785431446310,true,1785431446360,LeaderAccept
1785431446392,false,1785431446443,LeaderAccept
1785431446480,true,1785431446530,LeaderAccept
1785431446570,false,1785431446621,LeaderAccept
1785431446666,true,1785431446716,LeaderAccept
1785431446766,false,1785431446816,LeaderAccept
1785431446869,true,1785431446920,LeaderAccept
1785431446980,true,1785431447030,LeaderAccept
1785431447096,false,1785431447146,LeaderAccept
1785431447218,true,1785431447269,LeaderAccept
1785431447348,true,1785431447398,LeaderAccept
1785431447488,false,1785431447538,LeaderAccept
1785431447636,false,1785431447687,LeaderAccept
1785431447798,false,1785431447849,LeaderAccept
1785431447973,true,1785431448023,LeaderAccept
1785431448163,false,1785431448214,LeaderAccept
1785431448372,false,1785431448422,LeaderAccept
1785431448604,true,1785431448654,LeaderAccept
1785431448864,false,1785431448907,FastAccept
1785431449160,true,1785431449203,FastAccept
1785431449502,false,1785431449545,FastAccept
1785431449909,false,1785431449952,FastAccept
1785431450406,false,1785431450449,FastAccept
1785431451045,false,1785431451095,LeaderAccept
1785431451923,false,1785431451973,LeaderAccept
1785431453285,false,1785431453335,LeaderAccept
1785431455974,true,1785431456025,LeaderAccept
1785431466286,true,1785431466329,FastAccept
1785431475290,true,1785431475340,LeaderAccept
1785431475305,true,1785431475356,LeaderAccept
1785431475319,false,1785431475370,LeaderAccept
1785431475335,false,1785431475386,LeaderAccept
1785431475350,true,1785431475400,LeaderAccept
1785431475365,true,1785431475416,LeaderAccept
1785431475380,false,1785431475430,LeaderAccept
1785431475395,false,1785431475445,LeaderAccept
1785431475410,true,1785431475459,LeaderAccept
1785431475424,true,1785431475474,LeaderAccept
1785431475439,false,1785431475489,LeaderAccept
1785431475454,true,1785431475504,LeaderAccept
1785431475469,true,1785431475519,LeaderAccept
1785431475485,true,1785431475535,LeaderAccept
1785431475501,false,1785431475551,LeaderAccept
1785431475517,false,1785431475567,LeaderAccept
1785431475534,false,1785431475584,LeaderAccept
1785431475551,true,1785431475601,LeaderAccept
1785431475568,true,1785431475618,LeaderAccept
1785431475585,false,1785431475635,LeaderAccept
1785431475601,false,1785431475651,LeaderAccept
1785431475618,true,1785431475668,LeaderAccept
1785431475635,true,1785431475685,LeaderAccept
1785431475653,true,1785431475703,LeaderAccept
1785431475671,true,1785431475721,LeaderAccept
1785431475688,true,1785431475738,LeaderAccept
1785431475706,false,1785431475757,LeaderAccept
1785431475724,false,1785431475773,LeaderAccept
1785431475742,false,1785431475791,LeaderAccept
1785431475760,true,1785431475810,LeaderAccept
1785431475779,true,1785431475828,LeaderAccept
1785431475797,true,1785431475846,LeaderAccept
1785431475814,false,1785431475865,LeaderAccept
1785431475832,true,1785431475883,LeaderAccept
1785431475850,false,1785431475901,LeaderAccept
1785431475870,false,1785431475920,LeaderAccept
1785431475889,false,1785431475939,LeaderAccept
1785431475908,true,1785431475958,LeaderAccept
1785431475927,true,1785431475977,LeaderAccept
1785431475947,false,1785431475997,LeaderAccept
1785431475967,true,1785431476016,LeaderAccept
1785431475987,false,1785431476038,LeaderAccept
1785431476006,true,1785431476056,LeaderAccept
1785431476027,false,1785431476076,LeaderAccept
1785431476047,false,1785431476097,LeaderAccept
1785431476067,true,1785431476118,LeaderAccept
1785431476088,false,1785431476139,LeaderAccept
1785431476110,true,1785431476160,LeaderAccept
1785431476132,false,1785431476182,LeaderAccept
1785431476154,false,1785431476203,LeaderAccept
1785431476176,false,1785431476226,LeaderAccept
1785431476197,false,1785431476247,LeaderAccept
1785431476219,true,1785431476269,LeaderAccept
1785431476241,false,1785431476291,LeaderAccept
1785431476264,false,1785431476314,LeaderAccept
1785431476286,false,1785431476336,LeaderAccept
1785431476310,false,1785431476360,LeaderAccept
1785431476334,true,1785431476384,LeaderAccept
1785431476358,true,1785431476408,LeaderAccept
1785431476382,true,1785431476432,LeaderAccept
1785431476406,false,1785431476456,LeaderAccept
1785431476431,false,1785431476482,LeaderAccept
1785431476456,true,1785431476507,LeaderAccept
1785431476481,false,1785431476532,LeaderAccept
1785431476507,true,1785431476557,LeaderAccept
1785431476533,false,1785431476583,LeaderAccept
1785431476559,true,1785431476609,LeaderAccept
1785431476586,true,1785431476636,LeaderAccept
1785431476613,false,1785431476663,LeaderAccept
1785431476639,true,1785431476689,LeaderAccept
1785431476666,false,1785431476717,LeaderAccept
1785431476694,true,1785431476744,LeaderAccept
1785431476723,false,1785431476773,LeaderAccept
1785431476752,true,1785431476802,LeaderAccept
1785431476781,false,1785431476831,LeaderAccept
1785431476811,false,1785431476861,LeaderAccept
1785431476841,true,1785431476891,LeaderAccept
1785431476872,true,1785431476922,LeaderAccept
1785431476903,true,1785431476953,LeaderAccept
1785431476934,false,1785431476985,LeaderAccept
1785431476966,true,1785431477017,LeaderAccept
1785431476998,true,1785431477048,LeaderAccept
1785431477031,false,1785431477081,LeaderAccept
1785431477064,false,1785431477114,LeaderAccept
1785431477098,false,1785431477148,LeaderAccept
1785431477133,true,1785431477184,LeaderAccept
1785431477167,true,1785431477218,LeaderAccept
1785431477203,false,1785431477253,LeaderAccept
1785431477240,false,1785431477290,LeaderAccept
1785431477277,false,1785431477327,LeaderAccept
1785431477315,true,1785431477365,LeaderAccept
1785431477352,true,1785431477402,LeaderAccept
1785431477391,true,1785431477442,LeaderAccept
1785431477430,true,1785431477482,LeaderAccept
1785431477471,true,1785431477521,LeaderAccept
1785431477512,false,1785431477562,LeaderAccept
1785431477554,false,1785431477604,LeaderAccept
1785431477596,false,1785431477647,LeaderAccept
1785431477639,true,1785431477690,LeaderAccept
1785431477684,false,1785431477734,LeaderAccept
1785431477729,true,1785431477779,LeaderAccept
1785431477776,true,1785431477826,LeaderAccept
1785431477824,false,1785431477874,LeaderAccept
1785431477872,true,1785431477922,LeaderAccept
1785431477922,true,1785431477972,LeaderAccept
1785431477973,true,1785431478024,LeaderAccept
1785431478025,false,1785431478075,LeaderAccept
1785431478079,true,1785431478129,LeaderAccept
1785431478133,true,1785431478183,LeaderAccept
1785431478189,false,1785431478240,LeaderAccept
1785431478247,false,1785431478298,LeaderAccept
1785431478308,false,1785431478358,LeaderAccept
1785431478369,true,1785431478420,LeaderAccept
1785431478434,true,1785431478484,LeaderAccept
1785431478499,true,1785431478550,LeaderAccept
1785431478568,true,1785431478619,LeaderAccept
1785431478639,true,1785431478689,LeaderAccept
1785431478711,false,1785431478762,LeaderAccept
1785431478786,false,1785431478836,LeaderAccept
1785431478864,false,1785431478915,LeaderAccept
1785431478945,false,1785431478995,LeaderAccept
1785431479030,false,1785431479081,LeaderAccept
1785431479118,true,1785431479168,LeaderAccept
1785431479210,false,1785431479260,LeaderAccept
1785431479307,false,1785431479357,LeaderAccept
1785431479408,true,1785431479459,LeaderAccept
1785431479514,true,1785431479565,LeaderAccept
1785431479627,false,1785431479678,LeaderAccept
1785431479746,false,1785431479796,LeaderAccept
1785431479871,true,1785431479922,LeaderAccept
1785431480005,false,1785431480056,LeaderAccept
1785431480149,false,1785431480200,LeaderAccept
1785431480303,false,1785431480352,LeaderAccept
1785431480469,true,1785431480519,LeaderAccept
1785431480649,false,1785431480699,LeaderAccept
1785431480845,true,1785431480896,LeaderAccept
1785431481063,true,1785431481113,LeaderAccept
1785431481305,true,1785431481355,LeaderAccept
1785431481577,true,1785431481628,LeaderAccept
1785431481890,true,1785431481941,LeaderAccept
1785431482256,true,1785431482307,LeaderAccept
1785431482694,false,1785431482744,LeaderAccept
1785431483240,true,1785431483290,LeaderAccept
1785431483955,true,1785431484006,LeaderAccept
1785431484979,false,1785431485029,LeaderAccept
1785431486684,false,1785431486735,LeaderAccept
1785431490686,true,1785431490736,LeaderAccept
1785431500909,true,1785431500951,FastAccept
1785431500947,false,1785431500989,FastAccept
1785431500986,true,1785431501028,FastAccept
1785431501025,false,1785431501067,FastAccept
1785431501065,false,1785431501107,FastAccept
1785431501105,false,1785431501148,FastAccept
1785431501147,false,1785431501189,FastAccept
1785431501189,false,1785431501231,FastAccept
1785431501232,false,1785431501274,FastAccept
1785431501277,true,1785431501319,FastAccept
1785431501321,false,1785431501364,FastAccept
1785431501368,false,1785431501410,FastAccept
1785431501414,false,1785431501457,FastAccept
1785431501462,false,1785431501505,FastAccept
1785431501512,true,1785431501555,FastAccept
1785431501563,true,1785431501605,FastAccept
1785431501615,true,1785431501657,FastAccept
1785431501668,true,1785431501710,FastAccept
1785431501723,false,1785431501765,FastAccept
1785431501778,false,1785431501821,FastAccept
1785431501835,false,1785431501878,FastAccept
1785431501894,false,1785431501937,FastAccept
1785431501956,false,1785431501998,FastAccept
1785431502018,false,1785431502061,FastAccept
1785431502083,false,1785431502126,FastAccept
1785431502151,false,1785431502194,FastAccept
1785431502221,false,1785431502264,FastAccept
1785431502293,false,1785431502335,FastAccept
1785431502366,true,1785431502409,FastAccept
1785431502443,true,1785431502486,FastAccept
1785431502523,true,1785431502566,FastAccept
1785431502607,false,1785431502649,FastAccept
1785431502694,false,1785431502736,FastAccept
1785431502785,true,,
1785431502880,true,1785431502922,FastAccept
1785431502980,false,1785431503022,FastAccept
1785431503084,true,1785431503134,LeaderAccept
1785431503193,false,1785431503244,LeaderAccept
1785431503308,false,1785431503359,LeaderAccept
1785431503431,true,1785431503481,LeaderAccept
1785431503561,false,1785431503612,LeaderAccept
1785431503701,false,1785431503751,LeaderAccept
1785431503849,true,1785431503900,LeaderAccept
1785431504010,false,1785431504059,LeaderAccept
1785431504184,false,1785431504234,LeaderAccept
1785431504373,false,1785431504423,LeaderAccept
1785431504581,true,1785431504631,LeaderAccept
1785431504811,false,1785431504862,LeaderAccept
1785431505070,true,1785431505120,LeaderAccept
1785431505365,false,1785431505415,LeaderAccept
1785431505705,false,1785431505755,LeaderAccept
1785431506109,false,1785431506160,LeaderAccept
1785431506602,false,1785431506652,LeaderAccept
1785431507234,false,1785431507285,LeaderAccept
1785431508100,true,1785431508150,LeaderAccept
1785431509435,false,1785431509484,LeaderAccept
1785431512034,false,1785431512085,LeaderAccept
1785431521571,true,1785431521614,FastAccept
1785431522700,false,1785431522743,FastAccept
1785431522722,false,1785431522765,FastAccept
1785431522742,true,1785431522785,FastAccept
1785431522764,false,1785431522807,FastAccept
1785431522786,true,1785431522828,FastAccept
1785431522808,false,1785431522850,FastAccept
1785431522829,false,1785431522872,FastAccept
1785431522851,false,1785431522894,FastAccept
1785431522873,false,1785431522916,FastAccept
1785431522895,true,,
1785431522918,true,,
1785431522940,true,,
1785431522964,false,,
1785431522987,false,1785431523037,LeaderAccept
1785431523010,true,1785431523061,LeaderAccept
1785431523035,true,1785431523085,LeaderAccept
1785431523058,true,1785431523108,LeaderAccept
1785431523083,false,1785431523133,LeaderAccept
1785431523108,true,1785431523158,LeaderAccept
1785431523133,false,1785431523183,LeaderAccept
1785431523158,true,1785431523209,LeaderAccept
1785431523184,true,1785431523234,LeaderAccept
1785431523210,true,1785431523260,LeaderAccept
1785431523235,true,1785431523285,LeaderAccept
1785431523262,true,1785431523312,LeaderAccept
1785431523289,true,1785431523339,LeaderAccept
1785431523317,true,1785431523367,LeaderAccept
1785431523344,false,1785431523394,LeaderAccept
1785431523372,false,1785431523423,LeaderAccept
1785431523400,true,1785431523451,LeaderAccept
1785431523430,true,1785431523479,LeaderAccept
1785431523460,true,1785431523510,LeaderAccept
1785431523490,false,1785431523539,LeaderAccept
1785431523520,false,1785431523570,LeaderAccept
1785431523551,false,1785431523600,LeaderAccept
1785431523582,false,1785431523632,LeaderAccept
1785431523614,false,1785431523663,LeaderAccept
1785431523646,false,1785431523695,LeaderAccept
1785431523678,true,1785431523728,LeaderAccept
1785431523710,false,1785431523761,LeaderAccept
1785431523744,false,1785431523794,LeaderAccept
1785431523778,false,1785431523828,LeaderAccept
1785431523812,true,1785431523862,LeaderAccept
1785431523848,true,1785431523898,LeaderAccept
1785431523883,false,1785431523933,LeaderAccept
1785431523919,true,1785431523970,LeaderAccept
1785431523956,true,1785431524007,LeaderAccept
1785431523995,false,1785431524046,LeaderAccept
1785431524034,false,1785431524084,LeaderAccept
1785431524073,false,1785431524123,LeaderAccept
1785431524113,false,1785431524163,LeaderAccept
1785431524154,true,1785431524204,LeaderAccept
1785431524196,true,1785431524247,LeaderAccept
1785431524239,true,1785431524289,LeaderAccept
1785431524283,false,1785431524333,LeaderAccept
1785431524327,false,1785431524377,LeaderAccept
1785431524373,true,1785431524424,LeaderAccept
1785431524420,true,1785431524470,LeaderAccept
1785431524467,false,1785431524516,LeaderAccept
1785431524516,true,1785431524566,LeaderAccept
1785431524565,false,1785431524616,LeaderAccept
1785431524615,false,1785431524665,LeaderAccept
1785431524667,false,1785431524717,LeaderAccept
1785431524721,false,1785431524771,LeaderAccept
1785431524776,true,1785431524826,LeaderAccept
1785431524832,true,1785431524883,LeaderAccept
1785431524890,true,1785431524940,LeaderAccept
1785431524949,false,1785431524999,LeaderAccept
1785431525010,true,1785431525061,LeaderAccept
1785431525073,true,1785431525124,LeaderAccept
1785431525139,true,1785431525189,LeaderAccept
1785431525206,false,1785431525256,LeaderAccept
1785431525275,true,1785431525325,LeaderAccept
1785431525347,false,1785431525397,LeaderAccept
1785431525421,true,1785431525471,LeaderAccept
1785431525499,false,1785431525549,LeaderAccept
1785431525579,true,1785431525629,LeaderAccept
1785431525662,true,1785431525713,LeaderAccept
1785431525750,false,1785431525800,LeaderAccept
1785431525841,true,1785431525891,LeaderAccept
1785431525935,true,1785431525986,LeaderAccept
1785431526036,false,1785431526086,LeaderAccept
1785431526140,true,1785431526190,LeaderAccept
1785431526251,true,1785431526301,LeaderAccept
1785431526368,false,1785431526418,LeaderAccept
1785431526492,true,1785431526542,LeaderAccept
1785431526623,true,1785431526673,LeaderAccept
1785431526764,false,1785431526814,LeaderAccept
1785431526915,false,1785431526965,LeaderAccept
1785431527077,true,1785431527127,LeaderAccept
1785431527252,true,1785431527302,LeaderAccept
1785431527443,false,1785431527494,LeaderAccept
1785431527654,true,1785431527703,LeaderAccept
1785431527888,true,1785431527938,LeaderAccept
1785431528151,true,1785431528200,LeaderAccept
1785431528451,false,1785431528501,LeaderAccept
1785431528799,false,1785431528849,LeaderAccept
1785431529213,false,1785431529263,LeaderAccept
1785431529722,true,1785431529772,LeaderAccept
1785431530378,true,1785431530429,LeaderAccept
1785431531288,true,1785431531338,LeaderAccept
1785431532721,false,1785431532764,FastAccept
1785431535653,true,1785431535696,FastAccept
1785431548350,true,1785431548401,LeaderAccept
1785431553297,false,1785431553347,LeaderAccept
1785431553313,true,1785431553363,LeaderAccept
1785431553328,true,1785431553378,LeaderAccept
1785431553344,false,1785431553394,LeaderAccept
1785431553361,true,1785431553411,LeaderAccept
1785431553376,false,1785431553427,LeaderAccept
1785431553392,false,1785431553443,LeaderAccept
1785431553408,true,1785431553458,LeaderAccept
1785431553425,false,1785431553475,LeaderAccept
1785431553442,false,1785431553492,LeaderAccept
1785431553458,true,1785431553508,LeaderAccept
1785431553475,false,1785431553525,LeaderAccept
1785431553492,false,1785431553542,LeaderAccept
1785431553509,true,1785431553560,LeaderAccept
1785431553526,true,1785431553576,LeaderAccept
1785431553544,true,1785431553594,LeaderAccept
1785431553562,true,1785431553612,LeaderAccept
1785431553579,false,1785431553629,LeaderAccept
1785431553598,false,1785431553648,LeaderAccept
1785431553617,true,1785431553667,LeaderAccept
1785431553636,true,1785431553685,LeaderAccept
1785431553654,false,1785431553705,LeaderAccept
1785431553673,true,1785431553723,LeaderAccept
1785431553693,true,1785431553743,LeaderAccept
1785431553712,true,1785431553762,LeaderAccept
1785431553732,false,1785431553781,LeaderAccept
1785431553752,true,1785431553801,LeaderAccept
1785431553772,true,1785431553822,LeaderAccept
1785431553792,true,1785431553841,LeaderAccept
1785431553812,true,1785431553861,LeaderAccept
1785431553831,true,1785431553881,LeaderAccept
1785431553852,true,1785431553902,LeaderAccept
1785431553872,true,1785431553922,LeaderAccept
1785431553892,false,1785431553943,LeaderAccept
1785431553914,false,1785431553963,LeaderAccept
1785431553935,true,1785431553985,LeaderAccept
1785431553957,true,1785431554007,LeaderAccept
1785431553979,true,1785431554028,LeaderAccept
1785431554000,true,1785431554050,LeaderAccept
1785431554023,false,1785431554073,LeaderAccept
1785431554045,true,1785431554095,LeaderAccept
1785431554068,true,1785431554118,LeaderAccept
1785431554090,true,1785431554140,LeaderAccept
1785431554113,true,1785431554163,LeaderAccept
1785431554137,true,1785431554187,LeaderAccept
1785431554161,true,1785431554211,LeaderAccept
1785431554184,true,1785431554234,LeaderAccept
1785431554208,true,1785431554258,LeaderAccept
1785431554232,false,1785431554282,LeaderAccept
1785431554257,true,1785431554308,LeaderAccept
1785431554282,true,1785431554333,LeaderAccept
1785431554308,false,1785431554358,LeaderAccept
1785431554334,true,1785431554384,LeaderAccept
1785431554360,true,1785431554410,LeaderAccept
1785431554386,true,1785431554436,LeaderAccept
1785431554413,false,1785431554463,LeaderAccept
1785431554439,false,1785431554490,LeaderAccept
1785431554466,true,1785431554516,LeaderAccept
1785431554494,true,1785431554544,LeaderAccept
1785431554521,true,1785431554571,LeaderAccept
1785431554550,true,1785431554600,LeaderAccept
1785431554579,true,1785431554629,LeaderAccept
1785431554607,false,1785431554658,LeaderAccept
1785431554636,false,1785431554687,LeaderAccept
1785431554667,true,1785431554718,LeaderAccept
1785431554698,true,1785431554748,LeaderAccept
1785431554729,false,1785431554779,LeaderAccept
1785431554760,true,1785431554810,LeaderAccept
1785431554792,false,1785431554842,LeaderAccept
1785431554824,true,1785431554874,LeaderAccept
1785431554857,true,1785431554908,LeaderAccept
1785431554891,false,1785431554941,LeaderAccept
1785431554924,false,1785431554975,LeaderAccept
1785431554959,false,1785431555010,LeaderAccept
1785431554993,false,1785431555044,LeaderAccept
1785431555029,false,1785431555079,LeaderAccept
1785431555066,false,1785431555117,LeaderAccept
1785431555103,false,1785431555154,LeaderAccept
1785431555141,true,1785431555190,LeaderAccept
1785431555179,false,1785431555229,LeaderAccept
1785431555218,true,1785431555268,LeaderAccept
1785431555257,false,1785431555308,LeaderAccept
1785431555297,false,1785431555347,LeaderAccept
1785431555339,true,1785431555389,LeaderAccept
1785431555381,true,1785431555431,LeaderAccept
1785431555424,true,1785431555474,LeaderAccept
1785431555468,true,1785431555519,LeaderAccept
1785431555513,true,1785431555563,LeaderAccept
1785431555559,false,1785431555609,LeaderAccept
1785431555606,true,1785431555656,LeaderAccept
1785431555654,false,1785431555704,LeaderAccept
1785431555704,false,1785431555754,LeaderAccept
1785431555755,false,1785431555806,LeaderAccept
1785431555807,true,1785431555857,LeaderAccept
1785431555859,false,1785431555909,LeaderAccept
1785431555913,false,1785431555964,LeaderAccept
1785431555970,false,1785431556020,LeaderAccept
1785431556027,true,1785431556077,LeaderAccept
1785431556085,true,1785431556136,LeaderAccept
1785431556147,false,1785431556197,LeaderAccept
1785431556210,true,1785431556261,LeaderAccept
1785431556275,true,1785431556326,LeaderAccept
1785431556342,false,1785431556392,LeaderAccept
1785431556410,true,1785431556461,LeaderAccept
1785431556482,true,1785431556531,LeaderAccept
1785431556555,false,1785431556607,LeaderAccept
1785431556632,false,1785431556682,LeaderAccept
1785431556711,false,1785431556762,LeaderAccept
1785431556794,false,1785431556844,LeaderAccept
1785431556880,false,1785431556930,LeaderAccept
1785431556970,false,1785431557022,LeaderAccept
1785431557064,false,1785431557115,LeaderAccept
1785431557163,false,1785431557214,LeaderAccept
1785431557267,false,1785431557317,LeaderAccept
1785431557375,false,1785431557426,LeaderAccept
1785431557490,true,1785431557540,LeaderAccept
1785431557612,true,1785431557662,LeaderAccept
1785431557741,false,1785431557790,LeaderAccept
1785431557878,true,1785431557927,LeaderAccept
1785431558025,true,1785431558075,LeaderAccept
1785431558183,true,1785431558233,LeaderAccept
1785431558355,false,1785431558405,LeaderAccept
1785431558542,true,1785431558593,LeaderAccept
1785431558746,true,1785431558796,LeaderAccept
1785431558972,true,1785431559023,LeaderAccept
1785431559226,true,1785431559276,LeaderAccept
1785431559514,false,1785431559564,LeaderAccept
1785431559846,true,1785431559896,LeaderAccept
1785431560238,true,1785431560288,LeaderAccept
1785431560714,false,1785431560757,FastAccept
1785431561319,false,1785431561361,FastAccept
1785431562136,true,1785431562194,LeaderAccept
1785431563366,false,1785431563417,LeaderAccept
1785431565639,false,1785431565689,LeaderAccept
1785431572714,false,1785431572765,LeaderAccept
1785431581618,true,1785431581668,LeaderAccept
1785431581642,true,1785431581693,LeaderAccept
1785431581668,false,1785431581718,LeaderAccept
1785431581694,true,1785431581744,LeaderAccept
1785431581720,false,1785431581770,LeaderAccept
1785431581747,false,1785431581798,LeaderAccept
1785431581773,true,1785431581824,LeaderAccept
1785431581801,false,1785431581851,LeaderAccept
1785431581828,false,1785431581878,LeaderAccept
1785431581855,true,1785431581906,LeaderAccept
1785431581883,true,1785431581933,LeaderAccept
1785431581912,true,1785431581962,LeaderAccept
1785431581941,false,1785431581991,LeaderAccept
1785431581970,true,1785431582020,LeaderAccept
1785431582000,true,1785431582050,LeaderAccept
1785431582029,true,1785431582080,LeaderAccept
1785431582059,true,1785431582109,LeaderAccept
1785431582090,false,1785431582140,LeaderAccept
1785431582121,false,1785431582172,LeaderAccept
1785431582154,true,1785431582204,LeaderAccept
1785431582186,false,1785431582236,LeaderAccept
1785431582219,true,1785431582269,LeaderAccept
1785431582252,false,1785431582302,LeaderAccept
1785431582285,true,1785431582336,LeaderAccept
1785431582320,false,1785431582370,LeaderAccept
1785431582355,false,1785431582405,LeaderAccept
1785431582391,false,1785431582444,LeaderAccept
1785431582427,false,1785431582477,LeaderAccept
1785431582463,true,1785431582514,LeaderAccept
1785431582500,true,1785431582551,LeaderAccept
1785431582538,true,1785431582589,LeaderAccept
1785431582578,true,1785431582628,LeaderAccept
1785431582618,true,1785431582669,LeaderAccept
1785431582659,false,1785431582708,LeaderAccept
1785431582699,false,1785431582749,LeaderAccept
1785431582742,true,1785431582791,LeaderAccept
1785431582785,false,1785431582835,LeaderAccept
1785431582829,true,1785431582879,LeaderAccept
1785431582873,false,1785431582924,LeaderAccept
1785431582919,true,1785431582969,LeaderAccept
1785431582966,true,1785431583016,LeaderAccept
1785431583014,false,1785431583064,LeaderAccept
1785431583063,true,1785431583113,LeaderAccept
1785431583113,false,1785431583164,LeaderAccept
1785431583165,true,1785431583216,LeaderAccept
1785431583218,false,1785431583268,LeaderAccept
1785431583272,true,1785431583322,LeaderAccept
1785431583328,true,1785431583378,LeaderAccept
1785431583385,true,1785431583434,LeaderAccept
1785431583444,false,1785431583493,LeaderAccept
1785431583505,true,1785431583555,LeaderAccept
1785431583567,false,1785431583617,LeaderAccept
1785431583630,false,1785431583680,LeaderAccept
1785431583697,false,1785431583747,LeaderAccept
1785431583766,true,1785431583816,LeaderAccept
1785431583836,false,1785431583886,LeaderAccept
1785431583910,true,1785431583960,LeaderAccept
1785431583985,true,1785431584036,LeaderAccept
1785431584065,false,1785431584116,LeaderAccept
1785431584148,false,1785431584199,LeaderAccept
1785431584234,true,1785431584284,LeaderAccept
1785431584323,false,1785431584374,LeaderAccept
1785431584417,false,1785431584468,LeaderAccept
1785431584515,false,1785431584565,LeaderAccept
1785431584618,false,1785431584668,LeaderAccept
1785431584725,true,1785431584776,LeaderAccept
1785431584839,false,1785431584890,LeaderAccept
1785431584960,true,1785431585011,LeaderAccept
1785431585089,false,1785431585139,LeaderAccept
1785431585225,true,1785431585276,LeaderAccept
1785431585372,false,1785431585422,LeaderAccept
1785431585530,false,1785431585580,LeaderAccept
1785431585700,true,1785431585751,LeaderAccept
1785431585885,false,1785431585936,LeaderAccept
1785431586087,true,1785431586138,LeaderAccept
1785431586312,true,1785431586362,LeaderAccept
1785431586563,false,1785431586613,LeaderAccept
1785431586846,false,,
1785431587174,true,1785431587225,LeaderAccept
1785431587559,true,1785431587602,FastAccept
1785431588027,true,1785431588069,FastAccept
1785431588616,false,1785431588666,LeaderAccept
1785431589407,true,1785431589457,LeaderAccept
1785431590581,false,1785431590631,LeaderAccept
1785431592692,false,1785431592742,LeaderAccept
1785431598754,false,1785431598796,FastAccept
1785431620673,true,1785431620724,LeaderAccept
1785431620691,true,1785431620741,LeaderAccept
1785431620708,false,1785431620758,LeaderAccept
1785431620726,false,1785431620775,LeaderAccept
1785431620743,false,1785431620793,LeaderAccept
1785431620762,true,1785431620812,LeaderAccept
1785431620779,false,1785431620829,LeaderAccept
1785431620798,true,1785431620848,LeaderAccept
1785431620817,true,1785431620867,LeaderAccept
1785431620835,false,1785431620886,LeaderAccept
1785431620853,true,1785431620903,LeaderAccept
1785431620872,false,1785431620922,LeaderAccept
1785431620891,true,1785431620941,LeaderAccept
1785431620909,false,1785431620959,LeaderAccept
1785431620929,true,1785431620978,LeaderAccept
1785431620949,false,1785431620999,LeaderAccept
1785431620969,true,1785431621018,LeaderAccept
1785431620989,true,1785431621038,LeaderAccept
1785431621009,false,1785431621059,LeaderAccept
1785431621029,false,1785431621079,LeaderAccept
1785431621049,true,1785431621099,LeaderAccept
1785431621069,false,1785431621119,LeaderAccept
1785431621090,false,1785431621140,LeaderAccept
1785431621111,true,1785431621160,LeaderAccept
1785431621131,true,1785431621181,LeaderAccept
1785431621153,true,1785431621203,LeaderAccept
1785431621175,false,1785431621224,LeaderAccept
1785431621197,true,1785431621247,LeaderAccept
1785431621220,false,1785431621270,LeaderAccept
1785431621243,false,1785431621293,LeaderAccept
1785431621265,true,1785431621314,LeaderAccept
1785431621288,true,1785431621338,LeaderAccept
1785431621311,false,1785431621361,LeaderAccept
1785431621335,false,1785431621384,LeaderAccept
1785431621359,false,1785431621409,LeaderAccept
1785431621382,true,1785431621432,LeaderAccept
1785431621407,true,1785431621457,LeaderAccept
1785431621431,false,1785431621480,LeaderAccept
1785431621455,false,1785431621506,LeaderAccept
1785431621480,false,1785431621530,LeaderAccept
1785431621506,false,1785431621556,LeaderAccept
1785431621532,true,1785431621582,LeaderAccept
1785431621558,false,1785431621608,LeaderAccept
1785431621584,false,1785431621634,LeaderAccept
1785431621610,false,1785431621660,LeaderAccept
1785431621637,true,1785431621688,LeaderAccept
1785431621665,false,1785431621715,LeaderAccept
1785431621693,true,1785431621743,LeaderAccept
1785431621721,true,1785431621771,LeaderAccept
1785431621749,true,1785431621799,LeaderAccept
1785431621778,true,1785431621828,LeaderAccept
1785431621808,true,1785431621858,LeaderAccept
1785431621837,false,1785431621887,LeaderAccept
1785431621867,false,1785431621917,LeaderAccept
1785431621898,true,1785431621947,LeaderAccept
1785431621928,true,1785431621978,LeaderAccept
1785431621959,false,1785431622009,LeaderAccept
1785431621991,true,1785431622041,LeaderAccept
1785431622023,false,1785431622073,LeaderAccept
1785431622056,false,1785431622107,LeaderAccept
1785431622089,false,1785431622139,LeaderAccept
1785431622124,true,1785431622174,LeaderAccept
1785431622158,false,1785431622208,LeaderAccept
1785431622194,false,1785431622244,LeaderAccept
1785431622229,false,1785431622279,LeaderAccept
1785431622265,true,1785431622315,LeaderAccept
1785431622302,false,1785431622352,LeaderAccept
1785431622339,false,1785431622389,LeaderAccept
1785431622377,true,1785431622427,LeaderAccept
1785431622417,false,1785431622467,LeaderAccept
1785431622457,true,1785431622507,LeaderAccept
1785431622498,true,1785431622548,LeaderAccept
1785431622539,true,1785431622590,LeaderAccept
1785431622581,false,1785431622631,LeaderAccept
1785431622625,false,1785431622675,LeaderAccept
1785431622669,true,1785431622718,LeaderAccept
1785431622714,true,1785431622764,LeaderAccept
1785431622760,false,1785431622810,LeaderAccept
1785431622807,true,1785431622857,LeaderAccept
1785431622854,true,1785431622904,LeaderAccept
1785431622904,true,1785431622954,LeaderAccept
1785431622954,true,1785431623004,LeaderAccept
1785431623006,false,1785431623056,LeaderAccept
1785431623058,true,1785431623109,LeaderAccept
1785431623112,true,1785431623162,LeaderAccept
1785431623168,true,1785431623218,LeaderAccept
1785431623225,true,1785431623275,LeaderAccept
1785431623283,true,1785431623334,LeaderAccept
1785431623344,false,1785431623395,LeaderAccept
1785431623407,false,1785431623457,LeaderAccept
1785431623471,false,1785431623520,LeaderAccept
1785431623537,true,1785431623587,LeaderAccept
1785431623606,true,1785431623656,LeaderAccept
1785431623677,true,1785431623728,LeaderAccept
1785431623751,true,1785431623801,LeaderAccept
1785431623826,true,1785431623876,LeaderAccept
1785431623906,false,1785431623956,LeaderAccept
1785431623987,true,1785431624038,LeaderAccept
1785431624073,true,1785431624123,LeaderAccept
1785431624163,false,1785431624213,LeaderAccept
1785431624256,false,1785431624307,LeaderAccept
1785431624355,false,1785431624406,LeaderAccept
1785431624458,true,1785431624508,LeaderAccept
1785431624565,true,1785431624615,LeaderAccept
1785431624680,false,1785431624730,LeaderAccept
1785431624800,true,1785431624850,LeaderAccept
1785431624929,false,1785431624979,LeaderAccept
1785431625065,false,1785431625115,LeaderAccept
1785431625211,true,1785431625261,LeaderAccept
1785431625368,true,1785431625418,LeaderAccept
1785431625538,true,1785431625588,LeaderAccept
1785431625723,false,1785431625773,LeaderAccept
1785431625925,false,1785431625975,LeaderAccept
1785431626150,true,1785431626200,LeaderAccept
1785431626401,true,1785431626451,LeaderAccept
1785431626685,true,1785431626735,LeaderAccept
1785431627012,false,1785431627062,LeaderAccept
1785431627396,false,1785431627446,LeaderAccept
1785431627863,false,1785431627913,LeaderAccept
1785431628452,false,1785431628502,LeaderAccept
1785431629240,true,1785431629291,LeaderAccept
1785431630411,true,1785431630461,LeaderAccept
1785431632511,true,1785431632562,LeaderAccept
1785431638511,false,1785431638561,LeaderAccept
1785431644317,false,1785431644367,LeaderAccept
1785431644331,false,1785431644389,LeaderAccept
1785431644345,true,1785431644395,LeaderAccept
1785431644361,true,1785431644410,LeaderAccept
1785431644376,true,1785431644426,LeaderAccept
1785431644390,true,1785431644440,LeaderAccept
1785431644406,false,1785431644456,LeaderAccept
1785431644421,false,1785431644471,LeaderAccept
1785431644437,false,1785431644486,LeaderAccept
1785431644452,true,1785431644502,LeaderAccept
1785431644468,true,1785431644518,LeaderAccept
1785431644484,true,1785431644534,LeaderAccept
1785431644499,true,1785431644549,LeaderAccept
1785431644516,true,1785431644565,LeaderAccept
1785431644532,true,1785431644581,LeaderAccept
1785431644548,false,1785431644598,LeaderAccept
1785431644563,false,1785431644613,LeaderAccept
1785431644580,true,1785431644629,LeaderAccept
1785431644595,false,1785431644645,LeaderAccept
1785431644611,true,1785431644661,LeaderAccept
1785431644628,true,1785431644677,LeaderAccept
1785431644645,false,1785431644694,LeaderAccept
1785431644661,true,1785431644711,LeaderAccept
1785431644679,false,1785431644729,LeaderAccept
1785431644697,true,1785431644746,LeaderAccept
1785431644714,false,1785431644764,LeaderAccept
1785431644732,true,1785431644782,LeaderAccept
1785431644750,true,1785431644800,LeaderAccept
1785431644768,false,1785431644817,LeaderAccept
1785431644786,true,1785431644836,LeaderAccept
1785431644804,false,1785431644853,LeaderAccept
1785431644822,false,1785431644872,LeaderAccept
1785431644841,false,1785431644891,LeaderAccept
1785431644859,false,1785431644909,LeaderAccept
1785431644879,false,1785431644928,LeaderAccept
1785431644898,true,1785431644947,LeaderAccept
1785431644916,true,1785431644966,LeaderAccept
1785431644936,true,1785431644986,LeaderAccept
1785431644955,false,1785431645005,LeaderAccept
1785431644974,true,1785431645024,LeaderAccept
1785431644993,true,1785431645043,LeaderAccept
1785431645014,true,1785431645064,LeaderAccept
1785431645035,false,1785431645085,LeaderAccept
1785431645055,false,1785431645105,LeaderAccept
1785431645076,true,1785431645126,LeaderAccept
1785431645097,true,1785431645146,LeaderAccept
1785431645117,true,1785431645167,LeaderAccept
1785431645138,false,1785431645188,LeaderAccept
1785431645160,false,1785431645209,LeaderAccept
1785431645182,true,1785431645232,LeaderAccept
1785431645204,true,1785431645253,LeaderAccept
1785431645225,true,1785431645275,LeaderAccept
1785431645248,false,1785431645297,LeaderAccept
1785431645271,true,1785431645320,LeaderAccept
1785431645294,false,1785431645344,LeaderAccept
1785431645317,false,1785431645366,LeaderAccept
1785431645340,false,1785431645389,LeaderAccept
1785431645363,true,1785431645413,LeaderAccept
1785431645387,true,1785431645437,LeaderAccept
1785431645412,false,1785431645462,LeaderAccept
1785431645436,false,1785431645486,LeaderAccept
1785431645461,false,1785431645511,LeaderAccept
1785431645487,true,1785431645537,LeaderAccept
1785431645511,false,1785431645561,LeaderAccept
1785431645537,false,1785431645586,LeaderAccept
1785431645562,true,1785431645612,LeaderAccept
1785431645588,false,1785431645639,LeaderAccept
1785431645614,true,1785431645664,LeaderAccept
1785431645642,true,1785431645692,LeaderAccept
1785431645669,true,1785431645720,LeaderAccept
1785431645697,false,1785431645747,LeaderAccept
1785431645725,false,1785431645775,LeaderAccept
1785431645754,true,1785431645803,LeaderAccept
1785431645783,true,1785431645832,LeaderAccept
1785431645812,false,1785431645862,LeaderAccept
1785431645841,true,1785431645891,LeaderAccept
1785431645872,false,1785431645921,LeaderAccept
1785431645902,false,1785431645952,LeaderAccept
1785431645933,true,1785431645984,LeaderAccept
1785431645964,false,1785431646014,LeaderAccept
1785431645997,true,1785431646046,LeaderAccept
1785431646029,false,1785431646080,LeaderAccept
1785431646062,false,1785431646112,LeaderAccept
1785431646096,true,1785431646146,LeaderAccept
1785431646130,false,1785431646179,LeaderAccept
1785431646164,true,1785431646214,LeaderAccept
1785431646198,true,1785431646249,LeaderAccept
1785431646233,false,1785431646283,LeaderAccept
1785431646270,false,1785431646320,LeaderAccept
1785431646307,true,1785431646357,LeaderAccept
1785431646345,false,1785431646396,LeaderAccept
1785431646384,true,1785431646434,LeaderAccept
1785431646423,false,1785431646473,LeaderAccept
1785431646463,true,1785431646513,LeaderAccept
1785431646503,false,1785431646553,LeaderAccept
1785431646545,false,1785431646595,LeaderAccept
1785431646588,true,1785431646638,LeaderAccept
1785431646630,false,1785431646680,LeaderAccept
1785431646674,false,1785431646723,LeaderAccept
1785431646718,true,1785431646768,LeaderAccept
1785431646763,true,1785431646813,LeaderAccept
1785431646810,false,1785431646860,LeaderAccept
1785431646859,true,1785431646908,LeaderAccept
1785431646907,true,1785431646957,LeaderAccept
1785431646957,true,1785431647007,LeaderAccept
1785431647009,true,1785431647059,LeaderAccept
1785431647062,false,1785431647112,LeaderAccept
1785431647116,false,1785431647166,LeaderAccept
1785431647172,true,1785431647222,LeaderAccept
1785431647229,false,1785431647279,LeaderAccept
1785431647288,true,1785431647338,LeaderAccept
1785431647349,true,1785431647399,LeaderAccept
1785431647412,false,1785431647462,LeaderAccept
1785431647477,true,1785431647527,LeaderAccept
1785431647543,false,1785431647593,LeaderAccept
1785431647611,false,1785431647662,LeaderAccept
1785431647683,false,1785431647733,LeaderAccept
1785431647756,false,1785431647807,LeaderAccept
1785431647832,false,1785431647883,LeaderAccept
1785431647912,true,1785431647962,LeaderAccept
1785431647994,true,1785431648045,LeaderAccept
1785431648080,true,1785431648130,LeaderAccept
1785431648169,false,1785431648220,LeaderAccept
1785431648263,true,1785431648313,LeaderAccept
1785431648361,true,1785431648411,LeaderAccept
1785431648464,true,1785431648514,LeaderAccept
1785431648571,false,1785431648621,LeaderAccept
1785431648686,false,1785431648736,LeaderAccept
1785431648806,true,1785431648857,LeaderAccept
1785431648934,false,1785431648985,LeaderAccept
1785431649071,false,1785431649121,LeaderAccept
1785431649216,true,1785431649267,LeaderAccept
1785431649374,false,1785431649424,LeaderAccept
1785431649544,true,1785431649594,LeaderAccept
1785431649728,false,1785431649778,LeaderAccept
1785431649931,false,1785431649981,LeaderAccept
1785431650154,false,1785431650205,LeaderAccept
1785431650405,true,1785431650456,LeaderAccept
1785431650689,false,1785431650739,LeaderAccept
1785431651015,true,1785431651065,LeaderAccept
1785431651400,false,1785431651450,LeaderAccept
1785431651866,false,1785431651916,LeaderAccept
1785431652454,true,1785431652503,LeaderAccept
1785431653242,false,1785431653292,LeaderAccept
1785431654410,true,1785431654460,LeaderAccept
1785431656506,true,1785431656556,LeaderAccept
1785431658200,true,1785431658250,LeaderAccept
1785431658215,true,1785431658265,LeaderAccept
1785431658231,true,1785431658281,LeaderAccept
1785431658248,false,1785431658297,LeaderAccept
1785431658264,true,1785431658313,LeaderAccept
1785431658280,true,1785431658329,LeaderAccept
1785431658296,true,1785431658346,LeaderAccept
1785431658312,true,1785431658362,LeaderAccept
1785431658329,true,1785431658379,LeaderAccept
1785431658347,true,1785431658396,LeaderAccept
1785431658364,true,1785431658414,LeaderAccept
1785431658381,true,1785431658431,LeaderAccept
1785431658398,true,1785431658448,LeaderAccept
1785431658416,true,1785431658465,LeaderAccept
1785431658433,false,1785431658483,LeaderAccept
1785431658451,false,1785431658500,LeaderAccept
1785431658468,true,1785431658518,LeaderAccept
1785431658487,false,1785431658537,LeaderAccept
1785431658506,true,1785431658555,LeaderAccept
1785431658523,false,1785431658573,LeaderAccept
1785431658541,true,1785431658591,LeaderAccept
1785431658560,true,1785431658609,LeaderAccept
1785431658579,true,1785431658628,LeaderAccept
1785431658598,false,1785431658648,LeaderAccept
1785431658618,false,1785431658667,LeaderAccept
1785431658637,false,1785431658686,LeaderAccept
1785431658657,false,1785431658706,LeaderAccept
1785431658677,true,1785431658725,LeaderAccept
1785431658696,false,1785431658746,LeaderAccept
1785431658717,true,1785431658766,LeaderAccept
1785431658737,false,1785431658787,LeaderAccept
1785431658758,false,1785431658807,LeaderAccept
1785431658778,true,1785431658828,LeaderAccept
1785431658800,true,1785431658849,LeaderAccept
1785431658820,false,1785431658870,LeaderAccept
1785431658841,false,1785431658891,LeaderAccept
1785431658862,true,1785431658912,LeaderAccept
1785431658885,false,1785431658934,LeaderAccept
1785431658907,false,1785431658956,LeaderAccept
1785431658928,false,1785431658978,LeaderAccept
1785431658950,true,1785431659001,LeaderAccept
1785431658974,false,1785431659024,LeaderAccept
1785431658997,true,1785431659047,LeaderAccept
1785431659021,true,1785431659071,LeaderAccept
1785431659045,false,1785431659095,LeaderAccept
1785431659068,true,1785431659118,LeaderAccept
1785431659093,true,1785431659143,LeaderAccept
1785431659118,false,1785431659168,LeaderAccept
1785431659142,true,1785431659192,LeaderAccept
1785431659168,true,1785431659218,LeaderAccept
1785431659193,false,1785431659243,LeaderAccept
1785431659219,true,1785431659269,LeaderAccept
1785431659245,true,1785431659295,LeaderAccept
1785431659272,true,1785431659322,LeaderAccept
1785431659299,true,1785431659348,LeaderAccept
1785431659326,true,1785431659376,LeaderAccept
1785431659354,false,1785431659404,LeaderAccept
1785431659381,true,1785431659431,LeaderAccept
1785431659410,true,1785431659459,LeaderAccept
1785431659437,true,1785431659487,LeaderAccept
1785431659465,false,1785431659515,LeaderAccept
1785431659494,false,1785431659544,LeaderAccept
1785431659524,false,1785431659574,LeaderAccept
1785431659553,false,1785431659603,LeaderAccept
1785431659584,false,1785431659634,LeaderAccept
1785431659615,false,1785431659664,LeaderAccept
1785431659646,true,1785431659696,LeaderAccept
1785431659677,false,1785431659727,LeaderAccept
1785431659710,true,1785431659760,LeaderAccept
1785431659743,false,1785431659793,LeaderAccept
1785431659776,true,1785431659826,LeaderAccept
1785431659810,false,1785431659860,LeaderAccept
1785431659844,true,1785431659894,LeaderAccept
1785431659880,true,1785431659930,LeaderAccept
1785431659915,false,1785431659965,LeaderAccept
1785431659951,true,1785431660001,LeaderAccept
1785431659989,true,1785431660039,LeaderAccept
1785431660027,true,1785431660076,LeaderAccept
1785431660064,true,1785431660115,LeaderAccept
1785431660104,false,1785431660154,LeaderAccept
1785431660144,true,1785431660194,LeaderAccept
1785431660185,false,1785431660235,LeaderAccept
1785431660226,true,1785431660276,LeaderAccept
1785431660268,false,1785431660318,LeaderAccept
1785431660311,true,1785431660361,LeaderAccept
1785431660355,false,1785431660406,LeaderAccept
1785431660400,true,1785431660450,LeaderAccept
1785431660447,false,1785431660497,LeaderAccept
1785431660494,false,1785431660545,LeaderAccept
1785431660542,true,1785431660592,LeaderAccept
1785431660592,true,1785431660642,LeaderAccept
1785431660642,false,1785431660693,LeaderAccept
1785431660694,true,1785431660744,LeaderAccept
1785431660746,true,1785431660796,LeaderAccept
1785431660801,false,1785431660851,LeaderAccept
1785431660856,true,1785431660906,LeaderAccept
1785431660913,true,1785431660963,LeaderAccept
1785431660973,true,1785431661022,LeaderAccept
1785431661034,false,1785431661084,LeaderAccept
1785431661097,true,1785431661147,LeaderAccept
1785431661161,true,1785431661212,LeaderAccept
1785431661228,false,1785431661282,LeaderAccept
1785431661297,true,1785431661347,LeaderAccept
1785431661368,false,1785431661419,LeaderAccept
1785431661442,true,1785431661492,LeaderAccept
1785431661518,false,1785431661568,LeaderAccept
1785431661598,false,1785431661648,LeaderAccept
1785431661681,false,1785431661730,LeaderAccept
1785431661766,false,1785431661816,LeaderAccept
1785431661856,true,1785431661906,LeaderAccept
1785431661949,true,1785431661998,LeaderAccept
1785431662048,true,1785431662104,LeaderAccept
1785431662150,true,1785431662208,LeaderAccept
1785431662259,true,1785431662316,LeaderAccept
1785431662374,false,1785431662424,LeaderAccept
1785431662495,false,1785431662545,LeaderAccept
1785431662623,true,1785431662673,LeaderAccept
1785431662760,true,1785431662810,LeaderAccept
1785431662906,false,1785431662956,LeaderAccept
1785431663063,true,1785431663114,LeaderAccept
1785431663234,true,1785431663285,LeaderAccept
1785431663420,false,1785431663470,LeaderAccept
1785431663624,true,1785431663674,LeaderAccept
1785431663849,true,1785431663900,LeaderAccept
1785431664102,true,1785431664152,LeaderAccept
1785431664388,false,1785431664438,LeaderAccept
1785431664717,true,1785431664767,LeaderAccept
1785431665106,false,1785431665156,LeaderAccept
1785431665576,true,1785431665626,LeaderAccept
1785431666173,false,1785431666223,LeaderAccept
1785431666975,false,1785431667025,LeaderAccept
1785431668174,false,1785431668224,LeaderAccept
1785431670355,true,1785431670406,LeaderAccept
1785431676843,false,1785431676894,LeaderAccept
1785431708806,false,1785431708856,LeaderAccept
1785431708822,true,1785431708878,LeaderAccept
1785431708840,false,1785431708890,LeaderAccept
1785431708856,true,1785431708906,LeaderAccept
1785431708873,true,1785431708923,LeaderAccept
1785431708891,false,1785431708941,LeaderAccept
1785431708908,true,1785431708958,LeaderAccept
1785431708925,false,1785431708975,LeaderAccept
1785431708943,false,1785431708993,LeaderAccept
1785431708960,false,1785431709010,LeaderAccept
1785431708978,true,1785431709028,LeaderAccept
1785431708995,false,1785431709045,LeaderAccept
1785431709014,true,1785431709063,LeaderAccept
1785431709031,false,1785431709081,LeaderAccept
1785431709049,true,1785431709099,LeaderAccept
1785431709067,false,1785431709117,LeaderAccept
1785431709087,false,1785431709136,LeaderAccept
1785431709106,false,1785431709156,LeaderAccept
1785431709125,true,1785431709175,LeaderAccept
1785431709145,true,1785431709195,LeaderAccept
1785431709165,false,1785431709215,LeaderAccept
1785431709185,true,1785431709235,LeaderAccept
1785431709204,true,1785431709254,LeaderAccept
1785431709225,false,1785431709275,LeaderAccept
1785431709246,true,1785431709295,LeaderAccept
1785431709266,true,1785431709316,LeaderAccept
1785431709287,true,1785431709337,LeaderAccept
1785431709308,true,1785431709358,LeaderAccept
1785431709329,false,1785431709378,LeaderAccept
1785431709350,false,1785431709399,LeaderAccept
1785431709372,true,1785431709421,LeaderAccept
1785431709393,true,1785431709443,LeaderAccept
1785431709416,true,1785431709466,LeaderAccept
1785431709437,false,1785431709487,LeaderAccept
1785431709459,false,1785431709509,LeaderAccept
1785431709482,true,1785431709532,LeaderAccept
1785431709505,false,1785431709555,LeaderAccept
1785431709528,true,1785431709578,LeaderAccept
1785431709552,true,1785431709602,LeaderAccept
1785431709576,true,1785431709626,LeaderAccept
1785431709600,false,1785431709649,LeaderAccept
1785431709624,false,1785431709674,LeaderAccept
1785431709648,true,1785431709698,LeaderAccept
1785431709673,false,1785431709723,LeaderAccept
1785431709698,true,1785431709748,LeaderAccept
1785431709724,false,1785431709774,LeaderAccept
1785431709750,false,1785431709800,LeaderAccept
1785431709776,true,1785431709825,LeaderAccept
1785431709802,true,1785431709852,LeaderAccept
1785431709829,true,1785431709878,LeaderAccept
1785431709856,false,1785431709906,LeaderAccept
1785431709883,true,1785431709933,LeaderAccept
1785431709912,true,1785431709962,LeaderAccept
1785431709939,true,1785431709990,LeaderAccept
1785431709967,false,1785431710017,LeaderAccept
1785431709996,true,1785431710046,LeaderAccept
1785431710025,false,1785431710075,LeaderAccept
1785431710055,true,1785431710105,LeaderAccept
1785431710085,false,1785431710135,LeaderAccept
1785431710116,false,1785431710166,LeaderAccept
1785431710147,true,1785431710196,LeaderAccept
1785431710179,false,1785431710229,LeaderAccept
1785431710210,true,1785431710260,LeaderAccept
1785431710243,false,1785431710293,LeaderAccept
1785431710275,true,1785431710325,LeaderAccept
1785431710309,true,1785431710359,LeaderAccept
1785431710343,true,1785431710393,LeaderAccept
1785431710378,false,1785431710428,LeaderAccept
1785431710412,false,1785431710462,LeaderAccept
1785431710448,true,1785431710498,LeaderAccept
1785431710484,true,1785431710534,LeaderAccept
1785431710521,false,1785431710572,LeaderAccept
1785431710559,true,1785431710609,LeaderAccept
1785431710598,false,1785431710648,LeaderAccept
1785431710638,false,1785431710688,LeaderAccept
1785431710678,true,1785431710728,LeaderAccept
1785431710719,false,1785431710769,LeaderAccept
1785431710761,false,1785431710810,LeaderAccept
1785431710803,true,1785431710854,LeaderAccept
1785431710847,false,1785431710896,LeaderAccept
1785431710891,true,1785431710941,LeaderAccept
1785431710936,true,1785431710986,LeaderAccept
1785431710983,false,1785431711033,LeaderAccept
1785431711031,true,1785431711081,LeaderAccept
1785431711080,true,1785431711130,LeaderAccept
1785431711129,true,1785431711179,LeaderAccept
1785431711181,true,1785431711230,LeaderAccept
1785431711232,false,1785431711282,LeaderAccept
1785431711285,true,1785431711334,LeaderAccept
1785431711339,true,1785431711389,LeaderAccept
1785431711396,true,1785431711445,LeaderAccept
1785431711454,true,1785431711504,LeaderAccept
1785431711514,true,1785431711563,LeaderAccept
1785431711575,true,1785431711625,LeaderAccept
1785431711639,false,1785431711689,LeaderAccept
1785431711704,true,1785431711754,LeaderAccept
1785431711772,true,1785431711823,LeaderAccept
1785431711842,false,1785431711892,LeaderAccept
1785431711915,true,1785431711964,LeaderAccept
1785431711989,true,1785431712039,LeaderAccept
1785431712066,true,1785431712116,LeaderAccept
1785431712147,false,1785431712196,LeaderAccept
1785431712230,true,1785431712280,LeaderAccept
1785431712318,false,1785431712367,LeaderAccept
1785431712409,false,1785431712459,LeaderAccept
1785431712503,false,1785431712553,LeaderAccept
1785431712603,true,1785431712653,LeaderAccept
1785431712709,false,1785431712758,LeaderAccept
1785431712819,false,1785431712869,LeaderAccept
1785431712937,false,1785431712987,LeaderAccept
1785431713061,false,1785431713111,LeaderAccept
1785431713192,false,1785431713243,LeaderAccept
1785431713332,false,1785431713382,LeaderAccept
1785431713483,true,1785431713533,LeaderAccept
1785431713645,true,1785431713695,LeaderAccept
1785431713820,true,1785431713871,LeaderAccept
1785431714013,true,1785431714063,LeaderAccept
1785431714225,true,1785431714275,LeaderAccept
1785431714459,true,1785431714510,LeaderAccept
1785431714723,false,1785431714773,LeaderAccept
1785431715024,true,1785431715074,LeaderAccept
1785431715373,false,1785431715423,LeaderAccept
1785431715789,true,1785431715839,LeaderAccept
1785431716301,true,1785431716351,LeaderAccept
1785431716962,false,1785431717012,LeaderAccept
1785431717881,false,1785431717932,LeaderAccept
1785431719335,false,1785431719384,LeaderAccept
1785431722341,true,1785431722384,FastAccept
1785431735855,true,1785431735905,LeaderAccept
1785431736614,true,1785431736665,LeaderAccept
1785431736630,false,1785431736680,LeaderAccept
1785431736645,true,1785431736694,LeaderAccept
1785431736660,true,1785431736710,LeaderAccept
1785431736676,false,1785431736726,LeaderAccept
1785431736692,false,1785431736742,LeaderAccept
1785431736707,true,1785431736757,LeaderAccept
1785431736722,true,1785431736772,LeaderAccept
1785431736738,false,1785431736789,LeaderAccept
1785431736754,false,1785431736803,LeaderAccept
1785431736769,false,1785431736819,LeaderAccept
1785431736784,false,1785431736834,LeaderAccept
1785431736801,true,1785431736850,LeaderAccept
1785431736817,true,1785431736866,LeaderAccept
1785431736833,false,1785431736883,LeaderAccept
1785431736850,false,1785431736900,LeaderAccept
1785431736866,true,1785431736916,LeaderAccept
1785431736883,true,1785431736932,LeaderAccept
1785431736899,true,1785431736949,LeaderAccept
1785431736916,true,1785431736966,LeaderAccept
1785431736934,true,1785431736983,LeaderAccept
1785431736951,false,1785431737001,LeaderAccept
1785431736968,true,1785431737018,LeaderAccept
1785431736985,false,1785431737035,LeaderAccept
1785431737002,false,1785431737052,LeaderAccept
1785431737020,true,1785431737069,LeaderAccept
1785431737037,true,1785431737087,LeaderAccept
1785431737056,true,1785431737106,LeaderAccept
1785431737075,false,1785431737124,LeaderAccept
1785431737093,true,1785431737143,LeaderAccept
1785431737111,true,1785431737161,LeaderAccept
1785431737129,true,1785431737179,LeaderAccept
1785431737147,true,1785431737197,LeaderAccept
1785431737166,true,1785431737215,LeaderAccept
1785431737186,true,1785431737235,LeaderAccept
1785431737205,false,1785431737255,LeaderAccept
1785431737225,true,1785431737274,LeaderAccept
1785431737245,false,1785431737294,LeaderAccept
1785431737265,true,1785431737315,LeaderAccept
1785431737284,false,1785431737334,LeaderAccept
1785431737304,true,1785431737354,LeaderAccept
1785431737325,false,1785431737375,LeaderAccept
1785431737346,true,1785431737396,LeaderAccept
1785431737367,true,1785431737416,LeaderAccept
1785431737388,true,1785431737437,LeaderAccept
1785431737409,false,1785431737459,LeaderAccept
1785431737431,true,1785431737480,LeaderAccept
1785431737453,true,1785431737503,LeaderAccept
1785431737475,false,1785431737525,LeaderAccept
1785431737497,false,1785431737547,LeaderAccept
1785431737520,true,1785431737570,LeaderAccept
1785431737543,true,1785431737593,LeaderAccept
1785431737565,true,1785431737615,LeaderAccept
1785431737589,false,1785431737639,LeaderAccept
1785431737612,true,1785431737662,LeaderAccept
1785431737636,false,1785431737686,LeaderAccept
1785431737661,false,1785431737711,LeaderAccept
1785431737685,false,1785431737735,LeaderAccept
1785431737709,true,1785431737759,LeaderAccept
1785431737733,false,1785431737783,LeaderAccept
1785431737759,true,1785431737809,LeaderAccept
1785431737784,false,1785431737834,LeaderAccept
1785431737810,true,1785431737860,LeaderAccept
1785431737835,false,1785431737885,LeaderAccept
1785431737862,true,1785431737912,LeaderAccept
1785431737889,false,1785431737939,LeaderAccept
1785431737915,false,1785431737965,LeaderAccept
1785431737943,true,1785431737993,LeaderAccept
1785431737971,true,1785431738021,LeaderAccept
1785431737999,false,1785431738049,LeaderAccept
1785431738028,false,1785431738077,LeaderAccept
1785431738057,true,1785431738107,LeaderAccept
1785431738086,true,1785431738135,LeaderAccept
1785431738116,true,1785431738166,LeaderAccept
1785431738146,true,1785431738195,LeaderAccept
1785431738177,false,1785431738227,LeaderAccept
1785431738207,true,1785431738257,LeaderAccept
1785431738238,true,1785431738288,LeaderAccept
1785431738270,true,1785431738320,LeaderAccept
1785431738303,true,1785431738353,LeaderAccept
1785431738335,false,1785431738385,LeaderAccept
1785431738369,false,1785431738418,LeaderAccept
1785431738402,false,1785431738452,LeaderAccept
1785431738437,true,1785431738486,LeaderAccept
1785431738472,true,1785431738522,LeaderAccept
1785431738507,true,1785431738557,LeaderAccept
1785431738544,false,1785431738594,LeaderAccept
1785431738581,false,1785431738630,LeaderAccept
1785431738619,true,1785431738668,LeaderAccept
1785431738656,false,1785431738705,LeaderAccept
1785431738696,false,1785431738745,LeaderAccept
1785431738736,false,1785431738785,LeaderAccept
1785431738776,false,1785431738826,LeaderAccept
1785431738817,true,1785431738868,LeaderAccept
1785431738860,false,1785431738909,LeaderAccept
1785431738904,false,1785431738954,LeaderAccept
1785431738947,true,1785431738997,LeaderAccept
1785431738993,true,1785431739043,LeaderAccept
1785431739040,false,1785431739089,LeaderAccept
1785431739087,false,1785431739136,LeaderAccept
1785431739135,true,1785431739184,LeaderAccept
1785431739184,true,1785431739234,LeaderAccept
1785431739234,false,1785431739283,LeaderAccept
1785431739285,true,1785431739335,LeaderAccept
1785431739339,true,1785431739389,LeaderAccept
1785431739394,true,1785431739444,LeaderAccept
1785431739450,true,1785431739499,LeaderAccept
1785431739508,false,1785431739558,LeaderAccept
1785431739567,true,1785431739617,LeaderAccept
1785431739628,false,1785431739678,LeaderAccept
1785431739690,true,1785431739740,LeaderAccept
1785431739756,true,1785431739805,LeaderAccept
1785431739822,false,1785431739873,LeaderAccept
1785431739892,true,1785431739941,LeaderAccept
1785431739963,true,1785431740013,LeaderAccept
1785431740037,true,1785431740087,LeaderAccept
1785431740115,false,1785431740164,LeaderAccept
1785431740194,true,1785431740245,LeaderAccept
1785431740278,true,1785431740328,LeaderAccept
1785431740365,false,1785431740415,LeaderAccept
1785431740455,false,1785431740506,LeaderAccept
1785431740550,false,1785431740600,LeaderAccept
1785431740649,false,1785431740698,LeaderAccept
1785431740753,false,1785431740803,LeaderAccept
1785431740861,true,1785431740911,LeaderAccept
1785431740977,false,1785431741026,LeaderAccept
1785431741099,false,1785431741149,LeaderAccept
1785431741228,true,1785431741278,LeaderAccept
1785431741367,false,1785431741417,LeaderAccept
1785431741515,false,1785431741565,LeaderAccept
1785431741675,true,1785431741725,LeaderAccept
1785431741847,true,1785431741898,LeaderAccept
1785431742035,true,1785431742085,LeaderAccept
1785431742242,false,1785431742292,LeaderAccept
1785431742471,false,1785431742521,LeaderAccept
1785431742727,true,1785431742778,LeaderAccept
1785431743020,false,1785431743070,LeaderAccept
1785431743357,false,1785431743408,LeaderAccept
1785431743756,true,1785431743806,LeaderAccept
1785431744244,false,1785431744294,LeaderAccept
1785431744866,true,1785431744916,LeaderAccept
1785431745714,true,1785431745764,LeaderAccept
1785431747009,false,1785431747051,FastAccept
1785431749481,false,1785431749524,FastAccept
1785431757991,false,1785431758034,FastAccept
