request_time,write,response_time,accept_status
1785240779314,false,1785240779353,FastAccept
1785240779889,true,1785240779929,FastAccept
1785240779920,true,1785240779984,LeaderAccept
1785240779951,false,1785240780011,LeaderAccept
1785240779982,true,1785240780031,LeaderAccept
1785240780014,true,1785240780053,FastAccept
1785240780048,true,1785240780112,LeaderAccept
1785240780081,true,1785240780133,LeaderAccept
1785240780115,true,1785240780154,FastAccept
1785240780149,true,1785240780188,FastAccept
1785240780183,false,1785240780247,LeaderAccept
1785240780218,false,1785240780267,LeaderAccept
1785240780254,false,1785240780293,FastAccept
1785240780290,true,1785240780329,FastAccept
1785240780328,true,1785240780366,FastAccept
1785240780365,true,1785240780405,FastAccept
1785240780405,true,1785240780444,FastAccept
1785240780444,false,1785240780483,FastAccept
1785240780484,false,1785240780537,LeaderAccept
1785240780526,false,1785240780565,FastAccept
1785240780567,false,1785240780606,FastAccept
1785240780609,true,1785240780649,FastAccept
1785240780653,true,1785240780702,LeaderAccept
1785240780697,false,1785240780737,FastAccept
1785240780743,true,1785240780782,FastAccept
1785240780789,false,1785240780828,FastAccept
1785240780837,true,1785240780876,FastAccept
1785240780885,false,1785240780925,FastAccept
1785240780934,true,1785240780973,FastAccept
1785240780984,true,1785240781023,FastAccept
1785240781037,true,1785240781076,FastAccept
1785240781089,true,1785240781128,FastAccept
1785240781145,false,1785240781184,FastAccept
1785240781201,false,1785240781241,FastAccept
1785240781260,true,1785240781299,FastAccept
1785240781319,true,1785240781366,FastAccept
1785240781381,true,1785240781420,FastAccept
1785240781444,false,1785240781483,FastAccept
1785240781508,false,1785240781564,LeaderAccept
1785240781576,false,1785240781615,FastAccept
1785240781646,false,1785240781686,FastAccept
1785240781718,false,1785240781757,FastAccept
1785240781793,true,1785240781832,FastAccept
1785240781871,false,1785240781910,FastAccept
1785240781950,false,1785240781990,FastAccept
1785240782034,true,1785240782074,FastAccept
1785240782121,true,1785240782160,FastAccept
1785240782213,true,1785240782252,FastAccept
1785240782309,true,1785240782348,FastAccept
1785240782408,true,1785240782465,SlowAccept
1785240782514,false,1785240782554,FastAccept
1785240782624,true,1785240782664,FastAccept
1785240782741,false,1785240782781,FastAccept
1785240782865,true,1785240782905,FastAccept
1785240782997,true,1785240783037,FastAccept
1785240783137,true,1785240783177,FastAccept
1785240783287,true,1785240783326,FastAccept
1785240783450,false,1785240783489,FastAccept
1785240783626,true,1785240783665,FastAccept
1785240783818,true,1785240783857,FastAccept
1785240784028,true,1785240784067,FastAccept
1785240784263,false,1785240784303,FastAccept
1785240784526,false,1785240784566,FastAccept
1785240784827,true,1785240784866,FastAccept
1785240785175,true,1785240785215,FastAccept
1785240785590,false,1785240785658,LeaderAccept
1785240786101,true,1785240786142,LeaderAccept
1785240786759,false,1785240786799,LeaderAccept
1785240787672,false,1785240787713,LeaderAccept
1785240789115,true,1785240789157,LeaderAccept
1785240792081,false,1785240792121,FastAccept
1785240796188,false,1785240796227,FastAccept
1785240796220,true,1785240796283,LeaderAccept
1785240796253,false,1785240796304,LeaderAccept
1785240796285,false,1785240796334,LeaderAccept
1785240796320,false,1785240796359,FastAccept
1785240796353,true,1785240796392,FastAccept
1785240796388,false,1785240796454,SlowAccept
1785240796424,true,1785240796481,LeaderAccept
1785240796459,true,1785240796514,LeaderAccept
1785240796496,false,1785240796534,FastAccept
1785240796534,false,1785240796573,FastAccept
1785240796572,true,1785240796611,FastAccept
1785240796611,false,1785240796650,FastAccept
1785240796650,true,1785240796719,LeaderAccept
1785240796690,true,1785240796740,LeaderAccept
1785240796732,true,1785240796781,LeaderAccept
1785240796774,true,1785240796815,LeaderAccept
1785240796817,true,1785240796858,LeaderAccept
1785240796861,true,1785240796902,LeaderAccept
1785240796906,true,1785240796947,LeaderAccept
1785240796952,true,1785240796993,LeaderAccept
1785240796998,false,1785240797039,LeaderAccept
1785240797046,true,1785240797088,LeaderAccept
1785240797095,false,1785240797136,LeaderAccept
1785240797144,false,1785240797186,LeaderAccept
1785240797196,true,1785240797237,LeaderAccept
1785240797248,false,1785240797290,LeaderAccept
1785240797302,true,1785240797343,LeaderAccept
1785240797357,true,1785240797398,LeaderAccept
1785240797415,true,1785240797456,LeaderAccept
1785240797474,true,1785240797515,LeaderAccept
1785240797533,false,1785240797574,LeaderAccept
1785240797594,true,1785240797635,LeaderAccept
1785240797657,true,1785240797698,LeaderAccept
1785240797724,true,1785240797765,LeaderAccept
1785240797792,false,1785240797831,FastAccept
1785240797861,false,1785240797901,FastAccept
1785240797934,false,1785240797999,SlowAccept
1785240798009,true,1785240798049,FastAccept
1785240798087,false,1785240798127,FastAccept
1785240798169,true,1785240798208,FastAccept
1785240798254,false,1785240798293,FastAccept
1785240798341,true,1785240798380,FastAccept
1785240798434,false,1785240798474,FastAccept
1785240798530,true,1785240798584,LeaderAccept
1785240798631,true,1785240798671,FastAccept
1785240798737,false,1785240798776,FastAccept
1785240798850,false,1785240798890,FastAccept
1785240798968,false,1785240799008,FastAccept
1785240799093,false,1785240799133,FastAccept
1785240799227,false,1785240799267,FastAccept
1785240799370,false,1785240799409,FastAccept
1785240799524,true,1785240799563,FastAccept
1785240799690,false,1785240799729,FastAccept
1785240799870,true,1785240799910,FastAccept
1785240800067,false,1785240800106,FastAccept
1785240800284,true,1785240800324,FastAccept
1785240800525,false,1785240800565,FastAccept
1785240800797,false,1785240800836,FastAccept
1785240801109,false,1785240801148,FastAccept
1785240801473,true,1785240801513,FastAccept
1785240801909,true,1785240801948,FastAccept
1785240802450,true,1785240802489,FastAccept
1785240803158,true,1785240803197,FastAccept
1785240804169,false,1785240804208,FastAccept
1785240805842,true,1785240805882,FastAccept
1785240809705,false,1785240809744,FastAccept
1785240836340,false,1785240836381,LeaderAccept
1785240860004,true,1785240860044,FastAccept
1785240860037,true,1785240860102,LeaderAccept
1785240860069,true,1785240860123,LeaderAccept
1785240860102,true,1785240860141,FastAccept
1785240860137,false,1785240860176,FastAccept
1785240860172,false,1785240860229,SlowAccept
1785240860207,false,1785240860256,LeaderAccept
1785240860242,true,1785240860282,FastAccept
1785240860279,true,1785240860329,LeaderAccept
1785240860316,true,1785240860355,FastAccept
1785240860354,false,1785240860402,LeaderAccept
1785240860392,false,1785240860431,FastAccept
1785240860431,true,1785240860482,LeaderAccept
1785240860471,false,1785240860511,FastAccept
1785240860511,true,1785240860550,FastAccept
1785240860552,true,1785240860591,FastAccept
1785240860595,false,1785240860658,LeaderAccept
1785240860637,true,1785240860676,FastAccept
1785240860681,true,1785240860720,FastAccept
1785240860726,false,1785240860765,FastAccept
1785240860771,true,1785240860811,FastAccept
1785240860819,true,1785240860858,FastAccept
1785240860867,true,1785240860906,FastAccept
1785240860916,false,1785240860956,FastAccept
1785240860967,true,1785240861006,FastAccept
1785240861018,true,1785240861058,FastAccept
1785240861072,true,1785240861112,FastAccept
1785240861127,true,1785240861166,FastAccept
1785240861182,false,1785240861221,FastAccept
1785240861240,false,1785240861291,LeaderAccept
1785240861299,false,1785240861338,FastAccept
1785240861359,true,1785240861418,LeaderAccept
1785240861421,false,1785240861460,FastAccept
1785240861486,true,1785240861525,FastAccept
1785240861552,false,1785240861591,FastAccept
1785240861620,true,1785240861660,FastAccept
1785240861692,true,1785240861731,FastAccept
1785240861766,false,1785240861805,FastAccept
1785240861842,true,1785240861881,FastAccept
1785240861920,false,1785240861960,FastAccept
1785240862002,true,1785240862042,FastAccept
1785240862087,true,1785240862126,FastAccept
1785240862177,true,1785240862216,FastAccept
1785240862270,false,1785240862310,FastAccept
1785240862369,true,1785240862409,FastAccept
1785240862471,false,1785240862510,FastAccept
1785240862580,true,1785240862619,FastAccept
1785240862693,false,1785240862733,FastAccept
1785240862813,false,1785240862872,LeaderAccept
1785240862941,false,1785240862980,FastAccept
1785240863076,true,1785240863116,FastAccept
1785240863222,false,1785240863261,FastAccept
1785240863378,false,1785240863417,FastAccept
1785240863546,true,1785240863586,FastAccept
1785240863730,false,1785240863769,FastAccept
1785240863932,false,1785240863972,FastAccept
1785240864154,true,1785240864194,FastAccept
1785240864403,false,1785240864442,FastAccept
1785240864685,true,1785240864744,LeaderAccept
1785240865009,true,1785240865069,LeaderAccept
1785240865390,true,1785240865431,LeaderAccept
1785240865850,true,1785240865909,LeaderAccept
1785240866429,false,1785240866468,FastAccept
1785240867201,true,1785240867240,FastAccept
1785240868336,false,1785240868375,FastAccept
1785240870339,true,1785240870396,LeaderAccept
1785240875786,true,1785240875827,LeaderAccept
1785240904404,true,1785240904444,FastAccept
1785240904432,true,1785240904472,FastAccept
1785240904459,false,1785240904524,LeaderAccept
1785240904488,false,1785240904551,LeaderAccept
1785240904517,true,1785240904577,LeaderAccept
1785240904546,true,1785240904603,LeaderAccept
1785240904576,true,1785240904624,LeaderAccept
1785240904605,true,1785240904645,FastAccept
1785240904636,true,1785240904676,FastAccept
1785240904666,false,1785240904706,FastAccept
1785240904697,false,1785240904753,SlowAccept
1785240904730,true,1785240904779,LeaderAccept
1785240904761,false,1785240904801,FastAccept
1785240904794,true,1785240904834,FastAccept
1785240904826,true,1785240904892,LeaderAccept
1785240904861,false,1785240904912,LeaderAccept
1785240904895,true,1785240904935,FastAccept
1785240904931,true,1785240904971,FastAccept
1785240904966,true,1785240905006,FastAccept
1785240905002,true,1785240905042,FastAccept
1785240905038,false,1785240905078,FastAccept
1785240905076,false,1785240905116,FastAccept
1785240905113,true,1785240905160,FastAccept
1785240905153,true,1785240905207,LeaderAccept
1785240905193,false,1785240905259,SlowAccept
1785240905232,false,1785240905287,LeaderAccept
1785240905274,true,1785240905316,LeaderAccept
1785240905316,false,1785240905357,LeaderAccept
1785240905358,true,1785240905400,LeaderAccept
1785240905402,false,1785240905444,LeaderAccept
1785240905446,false,1785240905488,LeaderAccept
1785240905492,false,1785240905534,LeaderAccept
1785240905539,true,1785240905581,LeaderAccept
1785240905587,false,1785240905629,LeaderAccept
1785240905636,false,1785240905678,LeaderAccept
1785240905686,true,1785240905728,LeaderAccept
1785240905737,false,1785240905779,LeaderAccept
1785240905789,false,1785240905832,LeaderAccept
1785240905844,false,1785240905885,LeaderAccept
1785240905899,true,1785240905940,LeaderAccept
1785240905955,false,1785240905997,LeaderAccept
1785240906014,false,1785240906055,LeaderAccept
1785240906074,false,1785240906115,LeaderAccept
1785240906136,true,1785240906177,LeaderAccept
1785240906200,true,1785240906242,LeaderAccept
1785240906265,false,1785240906308,LeaderAccept
1785240906334,true,1785240906377,LeaderAccept
1785240906404,false,1785240906446,LeaderAccept
1785240906478,true,1785240906519,LeaderAccept
1785240906553,false,1785240906595,LeaderAccept
1785240906631,true,1785240906673,LeaderAccept
1785240906713,true,1785240906755,LeaderAccept
1785240906797,false,1785240906839,LeaderAccept
1785240906885,false,1785240906927,LeaderAccept
1785240906977,true,1785240907020,LeaderAccept
1785240907074,false,1785240907116,LeaderAccept
1785240907176,false,1785240907217,LeaderAccept
1785240907283,true,1785240907324,LeaderAccept
1785240907396,true,1785240907437,LeaderAccept
1785240907515,true,1785240907557,LeaderAccept
1785240907640,false,1785240907682,LeaderAccept
1785240907774,true,1785240907816,LeaderAccept
1785240907918,false,1785240907970,LeaderAccept
1785240908072,false,1785240908112,FastAccept
1785240908238,false,1785240908303,SlowAccept
1785240908419,true,1785240908459,FastAccept
1785240908617,false,1785240908657,FastAccept
1785240908834,true,1785240908900,SlowAccept
1785240909077,true,1785240909117,FastAccept
1785240909351,true,1785240909391,FastAccept
1785240909665,true,1785240909711,FastAccept
1785240910032,false,1785240910072,FastAccept
1785240910471,true,1785240910511,FastAccept
1785240911019,true,1785240911059,FastAccept
1785240911739,true,1785240911779,FastAccept
1785240912772,false,1785240912812,FastAccept
1785240914500,false,1785240914540,FastAccept
1785240918599,false,1785240918663,LeaderAccept
1785240947761,true,1785240947803,LeaderAccept
1785240947787,true,1785240947828,LeaderAccept
1785240947815,true,1785240947857,LeaderAccept
1785240947843,true,1785240947884,LeaderAccept
1785240947871,true,1785240947913,LeaderAccept
1785240947900,false,1785240947941,LeaderAccept
1785240947927,true,1785240947969,LeaderAccept
1785240947957,true,1785240947998,LeaderAccept
1785240947986,true,1785240948028,LeaderAccept
1785240948016,true,1785240948058,LeaderAccept
1785240948046,false,1785240948087,LeaderAccept
1785240948077,false,1785240948118,LeaderAccept
1785240948107,true,1785240948149,LeaderAccept
1785240948139,true,1785240948180,LeaderAccept
1785240948170,false,1785240948212,LeaderAccept
1785240948203,false,1785240948244,LeaderAccept
1785240948236,false,1785240948278,LeaderAccept
1785240948270,true,1785240948312,LeaderAccept
1785240948303,false,1785240948345,LeaderAccept
1785240948338,true,1785240948379,LeaderAccept
1785240948373,true,1785240948416,LeaderAccept
1785240948410,true,1785240948451,LeaderAccept
1785240948446,true,1785240948488,LeaderAccept
1785240948482,true,1785240948524,LeaderAccept
1785240948521,true,1785240948563,LeaderAccept
1785240948560,true,1785240948601,LeaderAccept
1785240948599,true,1785240948640,LeaderAccept
1785240948638,true,1785240948680,LeaderAccept
1785240948678,false,1785240948720,LeaderAccept
1785240948719,true,1785240948761,LeaderAccept
1785240948762,false,1785240948803,LeaderAccept
1785240948804,true,1785240948846,LeaderAccept
1785240948849,false,1785240948891,LeaderAccept
1785240948893,true,1785240948935,LeaderAccept
1785240948939,true,1785240948982,LeaderAccept
1785240948987,false,1785240949028,LeaderAccept
1785240949035,true,1785240949076,LeaderAccept
1785240949084,true,1785240949126,LeaderAccept
1785240949135,false,1785240949178,LeaderAccept
1785240949187,false,1785240949229,LeaderAccept
1785240949239,true,1785240949281,LeaderAccept
1785240949294,false,1785240949336,LeaderAccept
1785240949350,true,1785240949391,LeaderAccept
1785240949408,true,1785240949450,LeaderAccept
1785240949466,false,1785240949508,LeaderAccept
1785240949528,false,1785240949570,LeaderAccept
1785240949590,false,1785240949631,LeaderAccept
1785240949655,false,1785240949696,LeaderAccept
1785240949722,true,1785240949764,LeaderAccept
1785240949790,true,1785240949830,FastAccept
1785240949862,true,1785240949902,FastAccept
1785240949935,false,1785240949987,LeaderAccept
1785240950012,true,1785240950052,FastAccept
1785240950091,false,1785240950131,FastAccept
1785240950173,false,1785240950213,FastAccept
1785240950260,false,1785240950300,FastAccept
1785240950349,true,1785240950390,FastAccept
1785240950444,true,1785240950484,FastAccept
1785240950543,true,1785240950583,FastAccept
1785240950645,true,1785240950685,FastAccept
1785240950755,false,1785240950795,FastAccept
1785240950869,true,1785240950909,FastAccept
1785240950990,false,1785240951031,FastAccept
1785240951119,false,1785240951165,FastAccept
1785240951257,true,1785240951297,FastAccept
1785240951404,false,1785240951444,FastAccept
1785240951562,false,1785240951602,FastAccept
1785240951734,false,1785240951774,FastAccept
1785240951920,false,1785240951960,FastAccept
1785240952125,false,1785240952165,FastAccept
1785240952350,true,1785240952390,FastAccept
1785240952604,false,1785240952644,FastAccept
1785240952890,true,1785240952931,FastAccept
1785240953222,false,1785240953262,FastAccept
1785240953612,false,1785240953652,FastAccept
1785240954087,false,1785240954127,FastAccept
1785240954689,false,1785240954729,FastAccept
1785240955501,false,1785240955541,FastAccept
1785240956721,false,1785240956761,FastAccept
1785240958963,false,1785240959004,FastAccept
1785240965843,false,1785240965882,FastAccept
1785240971109,false,1785240971149,FastAccept
1785240971134,false,1785240971174,FastAccept
1785240971158,false,1785240971198,FastAccept
1785240971184,false,1785240971224,FastAccept
1785240971209,true,1785240971250,FastAccept
1785240971235,true,1785240971298,LeaderAccept
1785240971262,false,1785240971325,LeaderAccept
1785240971288,true,1785240971351,LeaderAccept
1785240971316,false,1785240971377,LeaderAccept
1785240971343,true,1785240971403,LeaderAccept
1785240971370,false,1785240971429,LeaderAccept
1785240971399,true,1785240971456,LeaderAccept
1785240971427,true,1785240971477,LeaderAccept
1785240971456,true,1785240971495,FastAccept
1785240971484,true,1785240971524,FastAccept
1785240971514,true,1785240971580,SlowAccept
1785240971543,true,1785240971618,LeaderAccept
1785240971574,true,1785240971640,LeaderAccept
1785240971605,true,1785240971666,LeaderAccept
1785240971635,false,1785240971687,LeaderAccept
1785240971666,false,1785240971720,LeaderAccept
1785240971699,false,1785240971740,LeaderAccept
1785240971732,false,1785240971773,LeaderAccept
1785240971764,false,1785240971805,LeaderAccept
1785240971797,false,1785240971840,LeaderAccept
1785240971831,false,1785240971873,LeaderAccept
1785240971866,false,1785240971907,LeaderAccept
1785240971902,true,1785240971944,LeaderAccept
1785240971939,false,1785240971980,LeaderAccept
1785240971975,false,1785240972017,LeaderAccept
1785240972013,false,1785240972055,LeaderAccept
1785240972052,false,1785240972094,LeaderAccept
1785240972091,false,1785240972132,LeaderAccept
1785240972131,false,1785240972173,LeaderAccept
1785240972172,false,1785240972214,LeaderAccept
1785240972213,false,1785240972254,LeaderAccept
1785240972254,true,1785240972296,LeaderAccept
1785240972297,true,1785240972339,LeaderAccept
1785240972341,true,1785240972382,LeaderAccept
1785240972385,false,1785240972427,LeaderAccept
1785240972430,true,1785240972472,LeaderAccept
1785240972476,false,1785240972518,LeaderAccept
1785240972524,false,1785240972566,LeaderAccept
1785240972573,true,1785240972614,LeaderAccept
1785240972623,false,1785240972663,LeaderAccept
1785240972674,true,1785240972716,LeaderAccept
1785240972726,false,1785240972767,LeaderAccept
1785240972779,false,1785240972820,LeaderAccept
1785240972834,false,1785240972876,LeaderAccept
1785240972890,false,1785240972932,LeaderAccept
1785240972948,false,1785240972990,LeaderAccept
1785240973009,true,1785240973051,LeaderAccept
1785240973071,false,1785240973113,LeaderAccept
1785240973135,false,1785240973176,LeaderAccept
1785240973200,false,1785240973243,LeaderAccept
1785240973267,false,1785240973309,LeaderAccept
1785240973338,false,1785240973381,LeaderAccept
1785240973411,false,1785240973452,LeaderAccept
1785240973487,true,1785240973529,LeaderAccept
1785240973565,false,1785240973607,LeaderAccept
1785240973645,true,1785240973689,LeaderAccept
1785240973730,false,1785240973771,LeaderAccept
1785240973818,false,1785240973860,LeaderAccept
1785240973910,false,1785240973952,LeaderAccept
1785240974006,false,1785240974047,LeaderAccept
1785240974106,false,1785240974148,LeaderAccept
1785240974212,true,1785240974254,LeaderAccept
1785240974323,false,1785240974366,LeaderAccept
1785240974441,false,1785240974483,LeaderAccept
1785240974567,false,1785240974608,LeaderAccept
1785240974700,false,1785240974740,LeaderAccept
1785240974842,true,1785240974883,LeaderAccept
1785240974993,true,1785240975035,LeaderAccept
1785240975157,true,1785240975199,LeaderAccept
1785240975335,false,1785240975377,LeaderAccept
1785240975530,false,1785240975572,LeaderAccept
1785240975744,true,1785240975786,LeaderAccept
1785240975982,false,1785240976024,LeaderAccept
1785240976251,false,1785240976293,LeaderAccept
1785240976557,false,1785240976612,LeaderAccept
1785240976914,false,1785240976954,FastAccept
1785240977342,true,1785240977398,LeaderAccept
1785240977870,true,1785240977931,LeaderAccept
1785240978559,true,1785240978599,FastAccept
1785240979529,false,1785240979569,FastAccept
1785240981104,false,1785240981145,FastAccept
1785240984566,true,1785240984605,FastAccept
1785241004096,true,1785241004137,FastAccept
1785241012633,true,1785241012695,SlowAccept
1785241012655,true,1785241012722,SlowAccept
1785241012677,false,1785241012722,FastAccept
1785241012699,true,1785241012754,LeaderAccept
1785241012720,false,1785241012781,LeaderAccept
1785241012743,false,1785241012802,LeaderAccept
1785241012766,true,1785241012829,LeaderAccept
1785241012789,true,1785241012857,LeaderAccept
1785241012811,false,1785241012878,LeaderAccept
1785241012835,false,1785241012875,FastAccept
1785241012858,true,1785241012898,FastAccept
1785241012882,false,1785241012943,SlowAccept
1785241012907,false,1785241012999,LeaderAccept
1785241012931,true,1785241012978,FastAccept
1785241012955,true,1785241012996,FastAccept
1785241012981,false,1785241013022,FastAccept
1785241013007,false,1785241013048,FastAccept
1785241013033,true,1785241013094,LeaderAccept
1785241013059,true,1785241013121,LeaderAccept
1785241013084,false,1785241013147,LeaderAccept
1785241013110,false,1785241013174,LeaderAccept
1785241013137,false,1785241013201,LeaderAccept
1785241013165,false,1785241013229,LeaderAccept
1785241013192,true,1785241013256,LeaderAccept
1785241013220,false,1785241013283,LeaderAccept
1785241013248,true,1785241013305,LeaderAccept
1785241013277,true,1785241013322,LeaderAccept
1785241013307,true,1785241013349,LeaderAccept
1785241013336,true,1785241013378,LeaderAccept
1785241013367,true,1785241013410,LeaderAccept
1785241013397,false,1785241013439,LeaderAccept
1785241013428,false,1785241013471,LeaderAccept
1785241013460,false,1785241013503,LeaderAccept
1785241013492,true,1785241013535,LeaderAccept
1785241013525,false,1785241013568,LeaderAccept
1785241013558,false,1785241013600,LeaderAccept
1785241013591,false,1785241013634,LeaderAccept
1785241013626,false,1785241013667,LeaderAccept
1785241013661,true,1785241013703,LeaderAccept
1785241013696,false,1785241013738,LeaderAccept
1785241013731,false,1785241013774,LeaderAccept
1785241013767,false,1785241013810,LeaderAccept
1785241013804,true,1785241013847,LeaderAccept
1785241013841,false,1785241013885,LeaderAccept
1785241013880,true,1785241013921,LeaderAccept
1785241013919,true,1785241013962,LeaderAccept
1785241013958,false,1785241014001,LeaderAccept
1785241013998,true,1785241014041,LeaderAccept
1785241014040,true,1785241014083,LeaderAccept
1785241014081,false,1785241014124,LeaderAccept
1785241014124,false,1785241014166,LeaderAccept
1785241014168,false,1785241014210,LeaderAccept
1785241014212,false,1785241014255,LeaderAccept
1785241014257,false,1785241014300,LeaderAccept
1785241014304,false,1785241014347,LeaderAccept
1785241014352,true,1785241014395,LeaderAccept
1785241014401,false,1785241014443,LeaderAccept
1785241014452,false,1785241014495,LeaderAccept
1785241014504,true,1785241014547,LeaderAccept
1785241014556,true,1785241014599,LeaderAccept
1785241014610,true,1785241014653,LeaderAccept
1785241014666,false,1785241014708,LeaderAccept
1785241014724,true,1785241014766,LeaderAccept
1785241014783,false,1785241014826,LeaderAccept
1785241014843,true,1785241014885,LeaderAccept
1785241014905,false,1785241014948,LeaderAccept
1785241014970,false,1785241015012,LeaderAccept
1785241015036,true,1785241015080,LeaderAccept
1785241015104,true,1785241015147,LeaderAccept
1785241015175,true,1785241015217,LeaderAccept
1785241015249,false,1785241015292,LeaderAccept
1785241015324,true,1785241015367,LeaderAccept
1785241015402,false,1785241015446,LeaderAccept
1785241015485,false,1785241015530,LeaderAccept
1785241015571,false,1785241015613,LeaderAccept
1785241015660,true,1785241015700,FastAccept
1785241015752,true,1785241015793,FastAccept
1785241015850,true,1785241015890,FastAccept
1785241015952,false,1785241016011,LeaderAccept
1785241016059,false,1785241016100,FastAccept
1785241016173,false,1785241016214,FastAccept
1785241016293,false,1785241016351,LeaderAccept
1785241016420,false,1785241016468,FastAccept
1785241016555,false,1785241016595,FastAccept
1785241016701,false,1785241016741,FastAccept
1785241016856,false,1785241016896,FastAccept
1785241017025,false,1785241017065,FastAccept
1785241017207,false,1785241017248,FastAccept
1785241017407,false,1785241017448,FastAccept
1785241017628,false,1785241017669,FastAccept
1785241017875,true,1785241017915,FastAccept
1785241018155,false,1785241018195,FastAccept
1785241018475,true,1785241018516,FastAccept
1785241018851,false,1785241018892,FastAccept
1785241019306,false,1785241019346,FastAccept
1785241019876,true,1785241019917,FastAccept
1785241020633,false,1785241020673,FastAccept
1785241021738,true,1785241021779,FastAccept
1785241023657,true,1785241023699,LeaderAccept
1785241028667,false,1785241028706,FastAccept
1785241057990,false,1785241058031,LeaderAccept
1785241058007,false,1785241058048,LeaderAccept
1785241058026,true,1785241058067,LeaderAccept
1785241058044,false,1785241058085,LeaderAccept
1785241058063,false,1785241058104,LeaderAccept
1785241058081,false,1785241058122,LeaderAccept
1785241058100,false,1785241058141,LeaderAccept
1785241058118,true,1785241058159,LeaderAccept
1785241058138,true,1785241058178,LeaderAccept
1785241058156,false,1785241058207,LeaderAccept
1785241058175,true,1785241058217,LeaderAccept
1785241058195,true,1785241058236,LeaderAccept
1785241058215,true,1785241058255,LeaderAccept
1785241058235,false,1785241058276,LeaderAccept
1785241058254,false,1785241058295,LeaderAccept
1785241058275,true,1785241058315,LeaderAccept
1785241058295,true,1785241058335,LeaderAccept
1785241058315,true,1785241058356,LeaderAccept
1785241058335,true,1785241058377,LeaderAccept
1785241058356,false,1785241058397,LeaderAccept
1785241058378,false,1785241058419,LeaderAccept
1785241058399,false,1785241058441,LeaderAccept
1785241058422,true,1785241058463,LeaderAccept
1785241058444,false,1785241058485,LeaderAccept
1785241058465,true,1785241058506,LeaderAccept
1785241058488,false,1785241058530,LeaderAccept
1785241058510,true,1785241058550,LeaderAccept
1785241058533,false,1785241058574,LeaderAccept
1785241058555,false,1785241058596,LeaderAccept
1785241058579,true,1785241058620,LeaderAccept
1785241058602,true,1785241058643,LeaderAccept
1785241058626,true,1785241058667,LeaderAccept
1785241058649,true,1785241058690,LeaderAccept
1785241058673,true,1785241058715,LeaderAccept
1785241058697,true,1785241058738,LeaderAccept
1785241058721,false,1785241058762,LeaderAccept
1785241058747,false,1785241058787,LeaderAccept
1785241058773,false,1785241058813,LeaderAccept
1785241058798,false,1785241058839,LeaderAccept
1785241058824,true,1785241058865,LeaderAccept
1785241058850,false,1785241058891,LeaderAccept
1785241058876,true,1785241058917,LeaderAccept
1785241058903,true,1785241058944,LeaderAccept
1785241058931,false,1785241058972,LeaderAccept
1785241058959,true,1785241059001,LeaderAccept
1785241058988,true,1785241059029,LeaderAccept
1785241059016,false,1785241059057,LeaderAccept
1785241059045,false,1785241059086,LeaderAccept
1785241059075,true,1785241059116,LeaderAccept
1785241059105,true,1785241059146,LeaderAccept
1785241059134,true,1785241059175,LeaderAccept
1785241059165,false,1785241059206,LeaderAccept
1785241059197,true,1785241059238,LeaderAccept
1785241059228,true,1785241059270,LeaderAccept
1785241059261,false,1785241059302,LeaderAccept
1785241059293,false,1785241059334,LeaderAccept
1785241059326,true,1785241059368,LeaderAccept
1785241059360,true,1785241059400,LeaderAccept
1785241059394,false,1785241059435,LeaderAccept
1785241059428,true,1785241059469,LeaderAccept
1785241059463,true,1785241059504,LeaderAccept
1785241059499,true,1785241059541,LeaderAccept
1785241059535,true,1785241059577,LeaderAccept
1785241059573,true,1785241059614,LeaderAccept
1785241059610,false,1785241059651,LeaderAccept
1785241059648,true,1785241059689,LeaderAccept
1785241059688,true,1785241059728,LeaderAccept
1785241059728,false,1785241059769,LeaderAccept
1785241059769,true,1785241059810,LeaderAccept
1785241059811,true,1785241059852,LeaderAccept
1785241059853,true,1785241059894,LeaderAccept
1785241059896,false,1785241059937,LeaderAccept
1785241059941,false,1785241059981,LeaderAccept
1785241059986,true,1785241060026,LeaderAccept
1785241060032,true,1785241060073,LeaderAccept
1785241060078,false,1785241060119,LeaderAccept
1785241060126,true,1785241060168,LeaderAccept
1785241060176,true,1785241060217,LeaderAccept
1785241060227,true,1785241060268,LeaderAccept
1785241060278,false,1785241060319,LeaderAccept
1785241060332,false,1785241060372,LeaderAccept
1785241060387,false,1785241060428,LeaderAccept
1785241060443,false,1785241060483,LeaderAccept
1785241060500,false,1785241060541,LeaderAccept
1785241060559,true,1785241060600,LeaderAccept
1785241060621,true,1785241060662,LeaderAccept
1785241060685,false,1785241060726,LeaderAccept
1785241060749,false,1785241060791,LeaderAccept
1785241060817,true,1785241060858,LeaderAccept
1785241060887,true,1785241060928,LeaderAccept
1785241060959,false,1785241061001,LeaderAccept
1785241061034,true,1785241061074,LeaderAccept
1785241061111,true,1785241061152,LeaderAccept
1785241061190,true,1785241061231,LeaderAccept
1785241061273,false,1785241061315,LeaderAccept
1785241061360,false,1785241061401,LeaderAccept
1785241061450,false,1785241061492,LeaderAccept
1785241061545,true,1785241061586,LeaderAccept
1785241061644,false,1785241061685,LeaderAccept
1785241061747,true,1785241061788,LeaderAccept
1785241061856,true,1785241061897,LeaderAccept
1785241061973,false,1785241062014,LeaderAccept
1785241062095,false,1785241062137,LeaderAccept
1785241062225,true,1785241062271,FastAccept
1785241062364,true,1785241062422,LeaderAccept
1785241062512,true,1785241062551,FastAccept
1785241062673,false,1785241062713,FastAccept
1785241062845,true,1785241062885,FastAccept
1785241063034,false,1785241063073,FastAccept
1785241063242,false,1785241063282,FastAccept
1785241063471,true,1785241063525,LeaderAccept
1785241063729,true,1785241063768,FastAccept
1785241064022,true,1785241064062,FastAccept
1785241064361,false,1785241064401,FastAccept
1785241064762,true,1785241064808,FastAccept
1785241065252,false,1785241065291,FastAccept
1785241065878,false,1785241065917,FastAccept
1785241066734,false,1785241066773,FastAccept
1785241068045,true,1785241068086,LeaderAccept
1785241070570,false,1785241070625,LeaderAccept
1785241079489,true,1785241079529,FastAccept
1785241099253,true,1785241099293,FastAccept
1785241099267,false,1785241099309,FastAccept
1785241099283,true,1785241099324,FastAccept
1785241099297,true,1785241099337,FastAccept
1785241099313,false,1785241099353,FastAccept
1785241099328,false,1785241099369,FastAccept
1785241099343,false,1785241099383,FastAccept
1785241099359,false,1785241099399,FastAccept
1785241099374,false,1785241099414,FastAccept
1785241099390,false,1785241099430,FastAccept
1785241099405,false,1785241099445,FastAccept
1785241099421,false,1785241099461,FastAccept
1785241099437,true,1785241099477,FastAccept
1785241099454,true,1785241099494,FastAccept
1785241099470,true,1785241099511,FastAccept
1785241099487,true,1785241099527,FastAccept
1785241099504,false,1785241099544,FastAccept
1785241099521,false,1785241099561,FastAccept
1785241099538,false,1785241099578,FastAccept
1785241099554,false,1785241099594,FastAccept
1785241099571,true,1785241099611,FastAccept
1785241099588,false,1785241099628,FastAccept
1785241099605,false,1785241099646,FastAccept
1785241099622,true,1785241099662,FastAccept
1785241099640,false,1785241099680,FastAccept
1785241099658,false,1785241099698,FastAccept
1785241099676,true,1785241099716,FastAccept
1785241099695,true,1785241099735,FastAccept
1785241099714,true,1785241099753,FastAccept
1785241099733,true,1785241099773,FastAccept
1785241099752,false,1785241099791,FastAccept
1785241099771,false,1785241099811,FastAccept
1785241099790,false,1785241099830,FastAccept
1785241099809,false,1785241099848,FastAccept
1785241099828,true,1785241099868,FastAccept
1785241099848,true,1785241099888,FastAccept
1785241099868,false,1785241099908,FastAccept
1785241099887,true,1785241099954,SlowAccept
1785241099908,true,1785241099966,LeaderAccept
1785241099929,false,1785241099987,LeaderAccept
1785241099949,true,1785241100007,LeaderAccept
1785241099969,true,1785241100026,LeaderAccept
1785241099991,true,1785241100047,LeaderAccept
1785241100012,false,1785241100067,LeaderAccept
1785241100032,true,1785241100092,LeaderAccept
1785241100054,false,1785241100113,LeaderAccept
1785241100075,false,1785241100131,LeaderAccept
1785241100097,true,1785241100154,LeaderAccept
1785241100119,true,1785241100175,LeaderAccept
1785241100141,true,1785241100196,LeaderAccept
1785241100163,true,1785241100213,LeaderAccept
1785241100187,true,1785241100229,LeaderAccept
1785241100210,true,1785241100252,LeaderAccept
1785241100232,false,1785241100274,LeaderAccept
1785241100256,false,1785241100298,LeaderAccept
1785241100280,true,1785241100322,LeaderAccept
1785241100303,true,1785241100347,LeaderAccept
1785241100328,true,1785241100370,LeaderAccept
1785241100353,true,1785241100396,LeaderAccept
1785241100377,true,1785241100419,LeaderAccept
1785241100403,false,1785241100446,LeaderAccept
1785241100429,false,1785241100471,LeaderAccept
1785241100454,true,1785241100497,LeaderAccept
1785241100480,true,1785241100522,LeaderAccept
1785241100506,false,1785241100548,LeaderAccept
1785241100533,false,1785241100574,LeaderAccept
1785241100559,false,1785241100601,LeaderAccept
1785241100587,false,1785241100628,LeaderAccept
1785241100614,true,1785241100656,LeaderAccept
1785241100643,false,1785241100685,LeaderAccept
1785241100670,true,1785241100712,LeaderAccept
1785241100699,false,1785241100741,LeaderAccept
1785241100729,true,1785241100770,LeaderAccept
1785241100759,false,1785241100802,LeaderAccept
1785241100790,true,1785241100832,LeaderAccept
1785241100821,true,1785241100862,LeaderAccept
1785241100852,false,1785241100894,LeaderAccept
1785241100884,true,1785241100928,LeaderAccept
1785241100916,false,1785241100960,LeaderAccept
1785241100948,false,1785241100991,LeaderAccept
1785241100982,false,1785241101024,LeaderAccept
1785241101016,true,1785241101058,LeaderAccept
1785241101051,false,1785241101092,LeaderAccept
1785241101086,true,1785241101127,LeaderAccept
1785241101121,true,1785241101163,LeaderAccept
1785241101156,false,1785241101199,LeaderAccept
1785241101192,false,1785241101234,LeaderAccept
1785241101229,false,1785241101272,LeaderAccept
1785241101267,false,1785241101310,LeaderAccept
1785241101306,false,1785241101347,LeaderAccept
1785241101344,true,1785241101386,LeaderAccept
1785241101384,true,1785241101426,LeaderAccept
1785241101425,false,1785241101466,LeaderAccept
1785241101466,false,1785241101508,LeaderAccept
1785241101509,false,1785241101551,LeaderAccept
1785241101553,true,1785241101596,LeaderAccept
1785241101597,false,1785241101638,LeaderAccept
1785241101642,false,1785241101683,LeaderAccept
1785241101688,true,1785241101729,LeaderAccept
1785241101734,true,1785241101776,LeaderAccept
1785241101783,true,1785241101824,LeaderAccept
1785241101833,false,1785241101874,LeaderAccept
1785241101884,false,1785241101926,LeaderAccept
1785241101936,true,1785241101978,LeaderAccept
1785241101989,false,1785241102031,LeaderAccept
1785241102044,true,1785241102085,LeaderAccept
1785241102100,true,1785241102142,LeaderAccept
1785241102157,true,1785241102199,LeaderAccept
1785241102216,true,1785241102259,LeaderAccept
1785241102277,true,1785241102319,LeaderAccept
1785241102339,true,1785241102382,LeaderAccept
1785241102404,true,1785241102447,LeaderAccept
1785241102471,false,1785241102513,LeaderAccept
1785241102541,true,1785241102582,LeaderAccept
1785241102613,true,1785241102654,LeaderAccept
1785241102686,true,1785241102728,LeaderAccept
1785241102764,false,1785241102806,LeaderAccept
1785241102843,true,1785241102885,LeaderAccept
1785241102927,true,1785241102968,LeaderAccept
1785241103013,true,1785241103055,LeaderAccept
1785241103102,false,1785241103144,LeaderAccept
1785241103196,true,1785241103263,LeaderAccept
1785241103296,false,1785241103338,LeaderAccept
1785241103399,false,1785241103442,LeaderAccept
1785241103509,true,1785241103551,LeaderAccept
1785241103624,true,1785241103666,LeaderAccept
1785241103747,false,1785241103788,LeaderAccept
1785241103877,true,1785241103919,LeaderAccept
1785241104015,false,1785241104058,LeaderAccept
1785241104163,false,1785241104205,LeaderAccept
1785241104323,true,1785241104365,LeaderAccept
1785241104495,false,1785241104538,LeaderAccept
1785241104683,false,1785241104725,LeaderAccept
1785241104889,false,1785241104931,LeaderAccept
1785241105118,true,1785241105160,LeaderAccept
1785241105373,false,1785241105416,LeaderAccept
1785241105664,true,1785241105706,LeaderAccept
1785241106000,false,1785241106042,LeaderAccept
1785241106398,true,1785241106440,LeaderAccept
1785241106883,true,1785241106925,LeaderAccept
1785241107501,true,1785241107558,LeaderAccept
1785241108341,false,1785241108406,LeaderAccept
1785241109618,false,1785241109658,FastAccept
1785241112037,false,1785241112077,FastAccept
1785241120137,false,1785241120178,FastAccept
1785241149973,true,1785241150013,FastAccept
1785241149989,true,1785241150029,FastAccept
1785241150006,false,1785241150046,FastAccept
1785241150024,true,1785241150064,FastAccept
1785241150042,false,1785241150081,FastAccept
1785241150060,true,1785241150099,FastAccept
1785241150078,false,1785241150118,FastAccept
1785241150097,true,1785241150136,FastAccept
1785241150114,true,1785241150154,FastAccept
1785241150133,false,1785241150173,FastAccept
1785241150152,true,1785241150192,FastAccept
1785241150170,false,1785241150210,FastAccept
1785241150190,false,1785241150230,FastAccept
1785241150209,true,1785241150249,FastAccept
1785241150228,false,1785241150268,FastAccept
1785241150247,true,1785241150293,FastAccept
1785241150267,false,1785241150307,FastAccept
1785241150287,false,1785241150349,LeaderAccept
1785241150306,false,1785241150376,LeaderAccept
1785241150327,true,1785241150367,FastAccept
1785241150347,true,1785241150402,LeaderAccept
1785241150368,true,1785241150428,LeaderAccept
1785241150389,true,1785241150457,LeaderAccept
1785241150411,true,1785241150484,LeaderAccept
1785241150432,false,1785241150472,FastAccept
1785241150454,false,1785241150511,LeaderAccept
1785241150475,true,1785241150540,LeaderAccept
1785241150496,false,1785241150585,LeaderAccept
1785241150519,true,1785241150565,FastAccept
1785241150542,false,1785241150581,FastAccept
1785241150564,true,1785241150603,FastAccept
1785241150587,true,1785241150626,FastAccept
1785241150610,false,1785241150650,FastAccept
1785241150634,true,1785241150674,FastAccept
1785241150658,true,1785241150698,FastAccept
1785241150682,true,1785241150722,FastAccept
1785241150705,true,1785241150745,FastAccept
1785241150730,true,1785241150770,FastAccept
1785241150755,false,1785241150795,FastAccept
1785241150779,false,1785241150819,FastAccept
1785241150805,false,1785241150845,FastAccept
1785241150831,false,1785241150870,FastAccept
1785241150856,true,1785241150896,FastAccept
1785241150883,false,1785241150923,FastAccept
1785241150910,false,1785241150950,FastAccept
1785241150936,false,1785241150976,FastAccept
1785241150964,false,1785241151004,FastAccept
1785241150992,true,1785241151032,FastAccept
1785241151019,true,1785241151060,FastAccept
1785241151047,true,1785241151087,FastAccept
1785241151075,true,1785241151116,FastAccept
1785241151104,false,1785241151144,FastAccept
1785241151133,false,1785241151173,FastAccept
1785241151163,true,1785241151203,FastAccept
1785241151194,false,1785241151234,FastAccept
1785241151224,false,1785241151264,FastAccept
1785241151256,true,1785241151296,FastAccept
1785241151288,false,1785241151327,FastAccept
1785241151320,true,1785241151360,FastAccept
1785241151353,false,1785241151393,FastAccept
1785241151385,true,1785241151426,FastAccept
1785241151420,true,1785241151460,FastAccept
1785241151454,true,1785241151494,FastAccept
1785241151489,false,1785241151528,FastAccept
1785241151525,false,1785241151565,FastAccept
1785241151561,true,1785241151601,FastAccept
1785241151597,false,1785241151637,FastAccept
1785241151635,true,1785241151674,FastAccept
1785241151673,false,1785241151713,FastAccept
1785241151712,false,1785241151752,FastAccept
1785241151752,true,1785241151792,FastAccept
1785241151793,false,1785241151833,FastAccept
1785241151835,true,1785241151875,FastAccept
1785241151876,true,1785241151917,FastAccept
1785241151919,false,1785241151959,FastAccept
1785241151962,true,1785241152002,FastAccept
1785241152007,false,1785241152046,FastAccept
1785241152053,true,1785241152093,FastAccept
1785241152100,true,1785241152140,FastAccept
1785241152147,false,1785241152188,FastAccept
1785241152196,true,1785241152237,FastAccept
1785241152246,true,1785241152287,FastAccept
1785241152298,false,1785241152338,FastAccept
1785241152350,false,1785241152390,FastAccept
1785241152403,false,1785241152443,FastAccept
1785241152458,true,1785241152498,FastAccept
1785241152516,false,1785241152556,FastAccept
1785241152575,false,1785241152615,FastAccept
1785241152635,true,1785241152675,FastAccept
1785241152696,false,1785241152736,FastAccept
1785241152761,true,1785241152801,FastAccept
1785241152826,true,1785241152866,FastAccept
1785241152895,false,1785241152935,FastAccept
1785241152964,true,1785241153004,FastAccept
1785241153037,true,1785241153077,FastAccept
1785241153112,true,1785241153153,FastAccept
1785241153190,false,1785241153231,FastAccept
1785241153271,false,1785241153312,FastAccept
1785241153356,true,1785241153396,FastAccept
1785241153444,false,1785241153484,FastAccept
1785241153537,false,1785241153577,FastAccept
1785241153634,false,1785241153674,FastAccept
1785241153734,true,1785241153775,FastAccept
1785241153841,false,1785241153881,FastAccept
1785241153954,false,1785241153995,FastAccept
1785241154073,true,1785241154113,FastAccept
1785241154199,false,1785241154239,FastAccept
1785241154332,false,1785241154372,FastAccept
1785241154476,false,1785241154516,FastAccept
1785241154630,true,1785241154670,FastAccept
1785241154795,true,1785241154841,FastAccept
1785241154976,true,1785241155016,FastAccept
1785241155173,true,1785241155234,SlowAccept
1785241155389,true,1785241155448,LeaderAccept
1785241155632,true,1785241155753,LeaderAccept
1785241155905,true,1785241155965,LeaderAccept
1785241156218,false,1785241156258,FastAccept
1785241156583,true,1785241156643,LeaderAccept
1785241157022,true,1785241157081,SlowAccept
1785241157566,true,1785241157632,LeaderAccept
1785241158282,true,1785241158328,FastAccept
1785241159305,false,1785241159366,LeaderAccept
1785241161009,false,1785241161050,FastAccept
1785241165005,true,1785241165046,FastAccept
1785241179573,true,1785241179613,FastAccept
1785241179600,true,1785241179640,FastAccept
1785241179627,false,1785241179666,FastAccept
1785241179653,false,1785241179693,FastAccept
1785241179681,true,1785241179721,FastAccept
1785241179708,true,1785241179748,FastAccept
1785241179736,true,1785241179776,FastAccept
1785241179765,false,1785241179804,FastAccept
1785241179793,true,1785241179833,FastAccept
1785241179823,true,1785241179863,FastAccept
1785241179853,true,1785241179892,FastAccept
1785241179883,false,1785241179923,FastAccept
1785241179913,false,1785241179953,FastAccept
1785241179945,false,1785241179985,FastAccept
1785241179976,false,1785241180016,FastAccept
1785241180009,true,1785241180049,FastAccept
1785241180041,false,1785241180082,FastAccept
1785241180074,false,1785241180114,FastAccept
1785241180109,true,1785241180173,LeaderAccept
1785241180144,true,1785241180194,LeaderAccept
1785241180178,false,1785241180218,FastAccept
1785241180213,false,1785241180253,FastAccept
1785241180250,false,1785241180290,FastAccept
1785241180286,true,1785241180326,FastAccept
1785241180324,true,1785241180364,FastAccept
1785241180361,true,1785241180401,FastAccept
1785241180399,false,1785241180439,FastAccept
1785241180438,false,1785241180478,FastAccept
1785241180479,false,1785241180519,FastAccept
1785241180520,false,1785241180560,FastAccept
1785241180561,false,1785241180601,FastAccept
1785241180603,false,1785241180643,FastAccept
1785241180646,false,1785241180686,FastAccept
1785241180690,true,1785241180730,FastAccept
1785241180736,true,1785241180776,FastAccept
1785241180783,false,1785241180822,FastAccept
1785241180831,false,1785241180870,FastAccept
1785241180880,true,1785241180919,FastAccept
1785241180930,false,1785241180969,FastAccept
1785241180981,true,1785241181020,FastAccept
1785241181033,false,1785241181072,FastAccept
1785241181087,true,1785241181126,FastAccept
1785241181141,false,1785241181181,FastAccept
1785241181197,true,1785241181238,FastAccept
1785241181256,true,1785241181296,FastAccept
1785241181315,true,1785241181355,FastAccept
1785241181377,true,1785241181417,FastAccept
1785241181441,true,1785241181481,FastAccept
1785241181506,false,1785241181546,FastAccept
1785241181573,true,1785241181613,FastAccept
1785241181643,true,1785241181684,FastAccept
1785241181716,false,1785241181756,FastAccept
1785241181790,true,1785241181831,FastAccept
1785241181868,false,1785241181909,FastAccept
1785241181949,true,1785241181989,FastAccept
1785241182033,false,1785241182072,FastAccept
1785241182121,false,1785241182161,FastAccept
1785241182212,false,1785241182252,FastAccept
1785241182307,true,1785241182347,FastAccept
1785241182408,false,1785241182448,FastAccept
1785241182513,false,1785241182554,FastAccept
1785241182625,true,1785241182665,FastAccept
1785241182743,true,1785241182783,FastAccept
1785241182868,true,1785241182908,FastAccept
1785241182999,false,1785241183039,FastAccept
1785241183141,true,1785241183181,FastAccept
1785241183291,false,1785241183331,FastAccept
1785241183455,true,1785241183495,FastAccept
1785241183632,false,1785241183672,FastAccept
1785241183825,true,1785241183864,FastAccept
1785241184037,false,1785241184077,FastAccept
1785241184274,false,1785241184314,FastAccept
1785241184540,true,1785241184580,FastAccept
1785241184843,false,1785241184883,FastAccept
1785241185197,false,1785241185237,FastAccept
1785241185618,false,1785241185658,FastAccept
1785241186138,true,1785241186177,FastAccept
1785241186811,false,1785241186851,FastAccept
1785241187753,false,1785241187793,FastAccept
1785241189261,false,1785241189461,LeaderAccept
1785241192467,false,1785241192513,FastAccept
1785241208381,false,1785241208419,FastAccept
1785241225659,false,1785241225696,FastAccept
1785241225675,false,1785241225712,FastAccept
1785241225691,false,1785241225728,FastAccept
1785241225706,false,1785241225744,FastAccept
1785241225722,false,1785241225760,FastAccept
1785241225738,true,1785241225775,FastAccept
1785241225754,false,1785241225792,FastAccept
1785241225770,false,1785241225807,FastAccept
1785241225787,false,1785241225823,FastAccept
1785241225803,false,1785241225840,FastAccept
1785241225820,false,1785241225857,FastAccept
1785241225837,false,1785241225874,FastAccept
1785241225853,true,1785241225891,FastAccept
1785241225871,false,1785241225908,FastAccept
1785241225888,true,1785241225924,FastAccept
1785241225904,false,1785241225974,LeaderAccept
1785241225921,false,1785241225958,FastAccept
1785241225938,true,1785241226025,LeaderAccept
1785241225956,false,1785241225999,FastAccept
1785241225973,false,1785241226011,FastAccept
1785241225991,false,1785241226081,LeaderAccept
1785241226010,false,1785241226074,SlowAccept
1785241226028,false,1785241226074,FastAccept
1785241226045,true,1785241226134,LeaderAccept
1785241226064,true,1785241226128,SlowAccept
1785241226083,false,1785241226128,FastAccept
1785241226102,false,1785241226163,LeaderAccept
1785241226120,false,1785241226189,LeaderAccept
1785241226140,true,1785241226177,FastAccept
1785241226158,false,1785241226218,LeaderAccept
1785241226177,true,1785241226245,LeaderAccept
1785241226197,false,1785241226234,FastAccept
1785241226217,false,1785241226271,LeaderAccept
1785241226237,false,1785241226327,LeaderAccept
1785241226256,false,1785241226321,SlowAccept
1785241226276,false,1785241226321,FastAccept
1785241226297,false,1785241226354,LeaderAccept
1785241226317,true,1785241226403,LeaderAccept
1785241226338,false,1785241226403,SlowAccept
1785241226360,false,1785241226403,FastAccept
1785241226381,false,1785241226418,FastAccept
1785241226403,false,1785241226440,FastAccept
1785241226425,false,1785241226462,FastAccept
1785241226446,true,1785241226483,FastAccept
1785241226468,false,1785241226505,FastAccept
1785241226491,true,1785241226528,FastAccept
1785241226514,false,1785241226551,FastAccept
1785241226537,true,1785241226600,LeaderAccept
1785241226559,true,1785241226646,LeaderAccept
1785241226583,false,1785241226626,FastAccept
1785241226607,false,1785241226644,FastAccept
1785241226631,true,1785241226668,FastAccept
1785241226655,false,1785241226692,FastAccept
1785241226679,false,1785241226717,FastAccept
1785241226705,false,1785241226742,FastAccept
1785241226730,true,1785241226767,FastAccept
1785241226755,true,1785241226793,FastAccept
1785241226781,false,1785241226818,FastAccept
1785241226807,false,1785241226844,FastAccept
1785241226834,true,1785241226870,FastAccept
1785241226860,false,1785241226898,FastAccept
1785241226888,true,1785241226925,FastAccept
1785241226916,true,1785241226953,FastAccept
1785241226944,false,1785241226981,FastAccept
1785241226971,false,1785241227009,FastAccept
1785241227000,true,1785241227038,FastAccept
1785241227028,false,1785241227066,FastAccept
1785241227057,false,1785241227094,FastAccept
1785241227087,true,1785241227124,FastAccept
1785241227116,false,1785241227154,FastAccept
1785241227147,false,1785241227184,FastAccept
1785241227178,true,1785241227216,FastAccept
1785241227211,false,1785241227249,FastAccept
1785241227242,false,1785241227279,FastAccept
1785241227275,false,1785241227312,FastAccept
1785241227309,true,1785241227347,FastAccept
1785241227343,true,1785241227380,FastAccept
1785241227376,true,1785241227419,FastAccept
1785241227410,true,1785241227466,LeaderAccept
1785241227446,false,1785241227483,FastAccept
1785241227482,false,1785241227519,FastAccept
1785241227519,false,1785241227556,FastAccept
1785241227556,false,1785241227593,FastAccept
1785241227593,false,1785241227631,FastAccept
1785241227632,true,1785241227669,FastAccept
1785241227670,false,1785241227707,FastAccept
1785241227710,true,1785241227748,FastAccept
1785241227751,true,1785241227788,FastAccept
1785241227793,true,1785241227830,FastAccept
1785241227835,false,1785241227873,FastAccept
1785241227879,true,1785241227916,FastAccept
1785241227923,true,1785241227961,FastAccept
1785241227969,false,1785241228006,FastAccept
1785241228015,false,1785241228052,FastAccept
1785241228061,true,1785241228099,FastAccept
1785241228110,false,1785241228147,FastAccept
1785241228159,false,1785241228197,FastAccept
1785241228210,true,1785241228248,FastAccept
1785241228262,true,1785241228299,FastAccept
1785241228316,false,1785241228354,FastAccept
1785241228371,true,1785241228409,FastAccept
1785241228428,false,1785241228465,FastAccept
1785241228485,true,1785241228523,FastAccept
1785241228544,true,1785241228582,FastAccept
1785241228606,true,1785241228643,FastAccept
1785241228670,true,1785241228707,FastAccept
1785241228734,false,1785241228772,FastAccept
1785241228802,true,1785241228839,FastAccept
1785241228871,true,1785241228909,FastAccept
1785241228943,false,1785241228981,FastAccept
1785241229017,true,1785241229055,FastAccept
1785241229094,false,1785241229132,FastAccept
1785241229174,true,1785241229212,FastAccept
1785241229258,false,1785241229295,FastAccept
1785241229344,true,1785241229382,FastAccept
1785241229435,true,1785241229472,FastAccept
1785241229531,false,1785241229568,FastAccept
1785241229631,true,1785241229668,FastAccept
1785241229736,true,1785241229773,FastAccept
1785241229845,true,1785241229883,FastAccept
1785241229962,true,1785241230000,FastAccept
1785241230085,false,1785241230122,FastAccept
1785241230217,false,1785241230254,FastAccept
1785241230357,true,1785241230395,FastAccept
1785241230507,true,1785241230545,FastAccept
1785241230669,false,1785241230707,FastAccept
1785241230844,false,1785241230882,FastAccept
1785241231035,true,1785241231073,FastAccept
1785241231244,true,1785241231281,FastAccept
1785241231478,true,1785241231515,FastAccept
1785241231740,false,1785241231777,FastAccept
1785241232038,false,1785241232076,FastAccept
1785241232384,true,1785241232421,FastAccept
1785241232794,false,1785241232832,FastAccept
1785241233299,true,1785241233336,FastAccept
1785241233947,false,1785241233984,FastAccept
1785241234843,true,1785241234880,FastAccept
1785241236244,false,1785241236282,FastAccept
1785241239068,true,1785241239106,FastAccept
1785241250653,true,1785241250699,FastAccept
1785241250737,true,1785241250783,FastAccept
1785241250764,true,1785241250831,SlowAccept
1785241250789,true,1785241250835,FastAccept
1785241250816,true,1785241250876,SlowAccept
1785241250843,false,1785241250911,LeaderAccept
1785241250870,false,1785241250940,LeaderAccept
1785241250897,false,1785241250987,LeaderAccept
1785241250926,true,1785241250987,LeaderAccept
1785241250953,false,1785241251042,LeaderAccept
1785241250981,false,1785241251021,FastAccept
1785241251010,true,1785241251069,LeaderAccept
1785241251040,false,1785241251089,LeaderAccept
1785241251070,true,1785241251116,FastAccept
1785241251100,false,1785241251171,LeaderAccept
1785241251131,false,1785241251200,LeaderAccept
1785241251161,false,1785241251226,LeaderAccept
1785241251193,false,1785241251256,LeaderAccept
1785241251224,false,1785241251277,LeaderAccept
1785241251256,false,1785241251296,FastAccept
1785241251289,false,1785241251330,FastAccept
1785241251322,false,1785241251369,FastAccept
1785241251356,true,1785241251424,LeaderAccept
1785241251390,true,1785241251445,LeaderAccept
1785241251426,true,1785241251466,FastAccept
1785241251461,false,1785241251501,FastAccept
1785241251497,false,1785241251543,FastAccept
1785241251534,true,1785241251590,LeaderAccept
1785241251572,true,1785241251618,FastAccept
1785241251609,false,1785241251665,LeaderAccept
1785241251648,true,1785241251720,LeaderAccept
1785241251687,false,1785241251750,LeaderAccept
1785241251728,true,1785241251774,FastAccept
1785241251770,true,1785241251858,LeaderAccept
1785241251812,false,1785241251888,LeaderAccept
1785241251856,false,1785241251908,LeaderAccept
1785241251900,false,1785241251940,FastAccept
1785241251944,false,1785241251984,FastAccept
1785241251991,true,1785241252037,FastAccept
1785241252037,false,1785241252078,FastAccept
1785241252086,false,1785241252132,FastAccept
1785241252135,true,1785241252175,FastAccept
1785241252185,false,1785241252226,FastAccept
1785241252238,false,1785241252278,FastAccept
1785241252291,false,1785241252331,FastAccept
1785241252345,false,1785241252392,FastAccept
1785241252401,false,1785241252441,FastAccept
1785241252459,true,1785241252498,FastAccept
1785241252518,true,1785241252558,FastAccept
1785241252578,true,1785241252618,FastAccept
1785241252641,true,1785241252687,FastAccept
1785241252706,true,1785241252746,FastAccept
1785241252773,true,1785241252813,FastAccept
1785241252841,false,1785241252881,FastAccept
1785241252913,false,1785241252952,FastAccept
1785241252987,true,1785241253033,FastAccept
1785241253063,false,1785241253103,FastAccept
1785241253143,true,1785241253205,LeaderAccept
1785241253226,false,1785241253266,FastAccept
1785241253312,true,1785241253352,FastAccept
1785241253401,false,1785241253441,FastAccept
1785241253495,false,1785241253535,FastAccept
1785241253593,false,1785241253639,FastAccept
1785241253696,true,1785241253736,FastAccept
1785241253805,false,1785241253845,FastAccept
1785241253919,false,1785241253959,FastAccept
1785241254041,false,1785241254081,FastAccept
1785241254169,true,1785241254215,FastAccept
1785241254307,true,1785241254347,FastAccept
1785241254453,true,1785241254494,FastAccept
1785241254611,true,1785241254652,FastAccept
1785241254781,false,1785241254821,FastAccept
1785241254967,true,1785241255014,FastAccept
1785241255172,false,1785241255213,FastAccept
1785241255398,false,1785241255438,FastAccept
1785241255651,true,1785241255698,FastAccept
1785241255936,false,1785241255996,LeaderAccept
1785241256265,false,1785241256329,LeaderAccept
1785241256655,false,1785241256694,FastAccept
1785241257126,true,1785241257167,FastAccept
1785241257724,false,1785241257770,FastAccept
1785241258528,false,1785241258568,FastAccept
1785241259732,false,1785241259800,LeaderAccept
1785241261925,true,1785241261965,FastAccept
1785241268492,false,1785241268532,FastAccept
1785241297189,true,1785241297229,FastAccept
1785241297204,true,1785241297244,FastAccept
1785241297220,true,1785241297259,FastAccept
1785241297234,true,1785241297274,FastAccept
1785241297250,false,1785241297289,FastAccept
1785241297265,true,1785241297305,FastAccept
1785241297280,false,1785241297320,FastAccept
1785241297296,true,1785241297336,FastAccept
1785241297311,false,1785241297351,FastAccept
1785241297328,true,1785241297368,FastAccept
1785241297344,true,1785241297384,FastAccept
1785241297361,false,1785241297400,FastAccept
1785241297378,true,1785241297418,FastAccept
1785241297395,false,1785241297435,FastAccept
1785241297411,true,1785241297451,FastAccept
1785241297429,true,1785241297469,FastAccept
1785241297446,false,1785241297486,FastAccept
1785241297463,false,1785241297503,FastAccept
1785241297481,true,1785241297521,FastAccept
1785241297498,true,1785241297537,FastAccept
1785241297515,true,1785241297555,FastAccept
1785241297533,false,1785241297573,FastAccept
1785241297551,false,1785241297590,FastAccept
1785241297568,false,1785241297608,FastAccept
1785241297587,true,1785241297627,FastAccept
1785241297605,false,1785241297645,FastAccept
1785241297623,true,1785241297663,FastAccept
1785241297642,false,1785241297682,FastAccept
1785241297660,true,1785241297700,FastAccept
1785241297679,true,1785241297719,FastAccept
1785241297699,true,1785241297755,LeaderAccept
1785241297718,false,1785241297809,LeaderAccept
1785241297737,false,1785241297803,SlowAccept
1785241297757,false,1785241297803,FastAccept
1785241297777,true,1785241297835,LeaderAccept
1785241297796,false,1785241297889,LeaderAccept
1785241297817,true,1785241297883,SlowAccept
1785241297836,true,1785241297883,FastAccept
1785241297857,true,1785241297915,LeaderAccept
1785241297877,true,1785241297944,LeaderAccept
1785241297899,false,1785241297970,LeaderAccept
1785241297920,false,1785241297960,FastAccept
1785241297941,true,1785241297996,LeaderAccept
1785241297963,true,1785241298023,LeaderAccept
1785241297985,true,1785241298051,LeaderAccept
1785241298007,false,1785241298071,LeaderAccept
1785241298029,true,1785241298069,FastAccept
1785241298051,true,1785241298091,FastAccept
1785241298074,true,1785241298113,FastAccept
1785241298097,false,1785241298137,FastAccept
1785241298120,false,1785241298159,FastAccept
1785241298143,false,1785241298183,FastAccept
1785241298167,true,1785241298206,FastAccept
1785241298191,false,1785241298230,FastAccept
1785241298215,false,1785241298254,FastAccept
1785241298239,true,1785241298279,FastAccept
1785241298263,true,1785241298303,FastAccept
1785241298289,false,1785241298328,FastAccept
1785241298314,false,1785241298353,FastAccept
1785241298339,false,1785241298379,FastAccept
1785241298366,true,1785241298406,FastAccept
1785241298391,true,1785241298431,FastAccept
1785241298418,true,1785241298457,FastAccept
1785241298445,false,1785241298484,FastAccept
1785241298472,true,1785241298511,FastAccept
1785241298500,false,1785241298540,FastAccept
1785241298528,true,1785241298599,LeaderAccept
1785241298556,true,1785241298628,LeaderAccept
1785241298584,false,1785241298657,LeaderAccept
1785241298613,false,1785241298686,LeaderAccept
1785241298642,true,1785241298712,LeaderAccept
1785241298673,true,1785241298738,LeaderAccept
1785241298704,true,1785241298764,LeaderAccept
1785241298732,true,1785241298791,LeaderAccept
1785241298762,false,1785241298811,LeaderAccept
1785241298792,true,1785241298832,FastAccept
1785241298823,false,1785241298862,FastAccept
1785241298854,false,1785241298894,FastAccept
1785241298885,false,1785241298925,FastAccept
1785241298917,false,1785241298957,FastAccept
1785241298949,false,1785241298989,FastAccept
1785241298982,true,1785241299022,FastAccept
1785241299016,true,1785241299055,FastAccept
1785241299049,true,1785241299089,FastAccept
1785241299083,true,1785241299124,FastAccept
1785241299119,false,1785241299158,FastAccept
1785241299154,false,1785241299194,FastAccept
1785241299189,true,1785241299229,FastAccept
1785241299226,true,1785241299266,FastAccept
1785241299264,true,1785241299304,FastAccept
1785241299302,false,1785241299341,FastAccept
1785241299341,true,1785241299380,FastAccept
1785241299380,false,1785241299420,FastAccept
1785241299421,true,1785241299461,FastAccept
1785241299462,false,1785241299502,FastAccept
1785241299503,true,1785241299543,FastAccept
1785241299546,true,1785241299586,FastAccept
1785241299590,true,1785241299629,FastAccept
1785241299634,false,1785241299674,FastAccept
1785241299680,false,1785241299721,FastAccept
1785241299727,true,1785241299767,FastAccept
1785241299774,false,1785241299814,FastAccept
1785241299823,false,1785241299862,FastAccept
1785241299874,false,1785241299913,FastAccept
1785241299924,false,1785241299964,FastAccept
1785241299977,true,1785241300017,FastAccept
1785241300031,true,1785241300071,FastAccept
1785241300087,false,1785241300127,FastAccept
1785241300144,false,1785241300184,FastAccept
1785241300202,true,1785241300242,FastAccept
1785241300262,false,1785241300303,FastAccept
1785241300324,false,1785241300364,FastAccept
1785241300388,false,1785241300428,FastAccept
1785241300453,false,1785241300493,FastAccept
1785241300521,true,1785241300562,FastAccept
1785241300592,false,1785241300632,FastAccept
1785241300664,false,1785241300704,FastAccept
1785241300740,true,1785241300780,FastAccept
1785241300818,true,1785241300858,FastAccept
1785241300900,false,1785241300939,FastAccept
1785241300985,false,1785241301025,FastAccept
1785241301074,false,1785241301114,FastAccept
1785241301167,false,1785241301207,FastAccept
1785241301263,true,1785241301304,FastAccept
1785241301364,false,1785241301405,FastAccept
1785241301471,true,1785241301511,FastAccept
1785241301583,false,1785241301623,FastAccept
1785241301702,false,1785241301743,FastAccept
1785241301829,false,1785241301869,FastAccept
1785241301964,true,1785241302004,FastAccept
1785241302108,false,1785241302148,FastAccept
1785241302262,false,1785241302302,FastAccept
1785241302428,true,1785241302468,FastAccept
1785241302609,false,1785241302649,FastAccept
1785241302806,false,1785241302846,FastAccept
1785241303024,false,1785241303065,FastAccept
1785241303267,false,1785241303308,FastAccept
1785241303541,false,1785241303581,FastAccept
1785241303856,false,1785241303896,FastAccept
1785241304223,true,1785241304264,FastAccept
1785241304665,false,1785241304705,FastAccept
1785241305214,false,1785241305254,FastAccept
1785241305937,false,1785241305977,FastAccept
1785241306976,true,1785241307016,FastAccept
1785241308719,true,1785241308759,FastAccept
1785241312884,false,1785241312941,LeaderAccept
1785241331407,false,1785241331467,LeaderAccept
1785241331447,false,1785241331487,FastAccept
1785241331487,false,1785241331545,LeaderAccept
1785241331528,true,1785241331568,FastAccept
1785241331571,true,1785241331611,FastAccept
1785241331613,true,1785241331653,FastAccept
1785241331658,true,1785241331698,FastAccept
1785241331703,false,1785241331743,FastAccept
1785241331748,false,1785241331788,FastAccept
1785241331795,true,1785241331835,FastAccept
1785241331842,true,1785241331888,FastAccept
1785241331892,false,1785241331932,FastAccept
1785241331941,true,1785241331981,FastAccept
1785241331992,true,1785241332039,FastAccept
1785241332046,true,1785241332100,LeaderAccept
1785241332099,true,1785241332155,LeaderAccept
1785241332155,true,1785241332213,LeaderAccept
1785241332211,true,1785241332268,LeaderAccept
1785241332271,true,1785241332325,LeaderAccept
1785241332332,false,1785241332381,LeaderAccept
1785241332394,true,1785241332450,LeaderAccept
1785241332458,false,1785241332515,LeaderAccept
1785241332525,false,1785241332580,LeaderAccept
1785241332593,false,1785241332648,LeaderAccept
1785241332665,true,1785241332718,LeaderAccept
1785241332738,true,1785241332791,LeaderAccept
1785241332814,true,1785241332866,LeaderAccept
1785241332894,true,1785241332950,LeaderAccept
1785241332975,false,1785241333024,LeaderAccept
1785241333061,false,1785241333110,LeaderAccept
1785241333149,true,1785241333224,LeaderAccept
1785241333242,true,1785241333282,FastAccept
1785241333339,false,1785241333380,FastAccept
1785241333441,true,1785241333481,FastAccept
1785241333549,false,1785241333624,LeaderAccept
1785241333663,false,1785241333729,LeaderAccept
1785241333783,false,1785241333850,LeaderAccept
1785241333909,true,1785241333966,LeaderAccept
1785241334045,false,1785241334101,LeaderAccept
1785241334190,true,1785241334243,LeaderAccept
1785241334346,false,1785241334386,FastAccept
1785241334514,true,1785241334554,FastAccept
1785241334697,true,1785241334737,FastAccept
1785241334898,true,1785241334938,FastAccept
1785241335119,false,1785241335159,FastAccept
1785241335365,true,1785241335405,FastAccept
1785241335645,true,1785241335685,FastAccept
1785241335965,true,1785241336005,FastAccept
1785241336341,true,1785241336381,FastAccept
1785241336795,false,1785241336863,LeaderAccept
1785241337365,false,1785241337405,FastAccept
1785241338122,true,1785241338162,FastAccept
1785241339226,true,1785241339266,FastAccept
1785241341143,true,1785241341183,FastAccept
1785241346141,false,1785241346181,FastAccept
1785241386480,false,1785241386519,FastAccept
1785241386504,true,1785241386544,FastAccept
1785241386530,false,1785241386569,FastAccept
1785241386555,true,1785241386594,FastAccept
1785241386580,false,1785241386620,FastAccept
1785241386607,false,1785241386646,FastAccept
1785241386632,true,1785241386672,FastAccept
1785241386658,false,1785241386698,FastAccept
1785241386685,true,1785241386725,FastAccept
1785241386713,true,1785241386753,FastAccept
1785241386740,true,1785241386780,FastAccept
1785241386768,true,1785241386808,FastAccept
1785241386796,true,1785241386836,FastAccept
1785241386825,false,1785241386865,FastAccept
1785241386854,false,1785241386894,FastAccept
1785241386884,true,1785241386924,FastAccept
1785241386914,false,1785241386960,FastAccept
1785241386944,true,1785241387015,LeaderAccept
1785241386975,false,1785241387042,LeaderAccept
1785241387007,false,1785241387070,LeaderAccept
1785241387039,true,1785241387131,LeaderAccept
1785241387071,true,1785241387131,SlowAccept
1785241387105,false,1785241387156,LeaderAccept
1785241387139,true,1785241387193,LeaderAccept
1785241387173,false,1785241387235,SlowAccept
1785241387207,false,1785241387262,LeaderAccept
1785241387243,false,1785241387308,SlowAccept
1785241387279,true,1785241387334,LeaderAccept
1785241387316,true,1785241387381,SlowAccept
1785241387353,false,1785241387407,LeaderAccept
1785241387390,true,1785241387436,FastAccept
1785241387428,true,1785241387468,FastAccept
1785241387468,false,1785241387507,FastAccept
1785241387507,false,1785241387563,LeaderAccept
1785241387548,true,1785241387587,FastAccept
1785241387589,true,1785241387646,LeaderAccept
1785241387632,false,1785241387692,LeaderAccept
1785241387675,false,1785241387777,LeaderAccept
1785241387718,true,1785241387778,LeaderAccept
1785241387764,false,1785241387869,LeaderAccept
1785241387810,true,1785241387869,LeaderAccept
1785241387857,false,1785241387966,LeaderAccept
1785241387905,true,1785241387965,SlowAccept
1785241387955,false,1785241388066,LeaderAccept
1785241388006,false,1785241388058,LeaderAccept
1785241388058,false,1785241388170,LeaderAccept
1785241388110,true,1785241388170,SlowAccept
1785241388165,false,1785241388225,LeaderAccept
1785241388221,true,1785241388298,LeaderAccept
1785241388279,false,1785241388325,FastAccept
1785241388338,true,1785241388378,FastAccept
1785241388398,false,1785241388459,LeaderAccept
1785241388461,false,1785241388500,FastAccept
1785241388525,false,1785241388586,LeaderAccept
1785241388593,false,1785241388632,FastAccept
1785241388663,true,1785241388824,LeaderAccept
1785241388734,false,1785241388780,FastAccept
1785241388808,true,1785241388848,FastAccept
1785241388885,false,1785241388925,FastAccept
1785241388966,true,1785241389026,LeaderAccept
1785241389049,true,1785241389089,FastAccept
1785241389136,false,1785241389196,LeaderAccept
1785241389226,true,1785241389266,FastAccept
1785241389321,false,1785241389380,LeaderAccept
1785241389420,true,1785241389459,FastAccept
1785241389524,true,1785241389584,SlowAccept
1785241389633,false,1785241389683,LeaderAccept
1785241389748,true,1785241389788,FastAccept
1785241389871,true,1785241389911,FastAccept
1785241390001,true,1785241390041,FastAccept
1785241390139,true,1785241390179,FastAccept
1785241390287,true,1785241390327,FastAccept
1785241390447,false,1785241390487,FastAccept
1785241390619,true,1785241390659,FastAccept
1785241390807,false,1785241390847,FastAccept
1785241391014,false,1785241391053,FastAccept
1785241391243,true,1785241391283,FastAccept
1785241391499,false,1785241391539,FastAccept
1785241391791,false,1785241391846,LeaderAccept
1785241392127,false,1785241392167,FastAccept
1785241392526,false,1785241392566,FastAccept
1785241393012,true,1785241393051,FastAccept
1785241393631,true,1785241393671,FastAccept
1785241394475,true,1785241394515,FastAccept
1785241395761,true,1785241395801,FastAccept
1785241398204,true,1785241398245,FastAccept
1785241406497,false,1785241406538,FastAccept
1785241445041,false,1785241445081,FastAccept
1785241445069,false,1785241445109,FastAccept
1785241445099,false,1785241445139,FastAccept
1785241445129,false,1785241445168,FastAccept
1785241445160,true,1785241445200,FastAccept
1785241445191,false,1785241445231,FastAccept
1785241445223,true,1785241445263,FastAccept
1785241445255,false,1785241445295,FastAccept
1785241445287,true,1785241445327,FastAccept
1785241445320,false,1785241445360,FastAccept
1785241445354,false,1785241445393,FastAccept
1785241445388,true,1785241445428,FastAccept
1785241445423,true,1785241445463,FastAccept
1785241445458,false,1785241445524,SlowAccept
1785241445494,true,1785241445551,LeaderAccept
1785241445531,true,1785241445571,FastAccept
1785241445567,true,1785241445607,FastAccept
1785241445605,true,1785241445645,FastAccept
1785241445644,false,1785241445683,FastAccept
1785241445682,false,1785241445723,FastAccept
1785241445723,false,1785241445762,FastAccept
1785241445763,true,1785241445803,FastAccept
1785241445805,false,1785241445845,FastAccept
1785241445847,true,1785241445887,FastAccept
1785241445890,false,1785241445930,FastAccept
1785241445934,true,1785241445974,FastAccept
1785241445979,true,1785241446019,FastAccept
1785241446025,false,1785241446065,FastAccept
1785241446072,false,1785241446112,FastAccept
1785241446120,true,1785241446160,FastAccept
1785241446169,true,1785241446209,FastAccept
1785241446220,true,1785241446260,FastAccept
1785241446272,false,1785241446313,FastAccept
1785241446326,false,1785241446366,FastAccept
1785241446380,true,1785241446420,FastAccept
1785241446437,false,1785241446477,FastAccept
1785241446494,true,1785241446535,FastAccept
1785241446553,false,1785241446593,FastAccept
1785241446615,false,1785241446655,FastAccept
1785241446677,false,1785241446718,FastAccept
1785241446742,false,1785241446782,FastAccept
1785241446809,true,1785241446849,FastAccept
1785241446877,true,1785241446917,FastAccept
1785241446949,true,1785241446988,FastAccept
1785241447023,true,1785241447063,FastAccept
1785241447100,true,1785241447141,FastAccept
1785241447180,true,1785241447220,FastAccept
1785241447262,false,1785241447302,FastAccept
1785241447348,false,1785241447389,FastAccept
1785241447439,false,1785241447479,FastAccept
1785241447533,false,1785241447573,FastAccept
1785241447631,false,1785241447671,FastAccept
1785241447735,true,1785241447775,FastAccept
1785241447843,true,1785241447883,FastAccept
1785241447958,true,1785241447998,FastAccept
1785241448080,true,1785241448120,FastAccept
1785241448209,true,1785241448249,FastAccept
1785241448347,true,1785241448386,FastAccept
1785241448495,true,1785241448535,FastAccept
1785241448654,true,1785241448693,FastAccept
1785241448826,true,1785241448866,FastAccept
1785241449013,true,1785241449053,FastAccept
1785241449219,false,1785241449259,FastAccept
1785241449447,false,1785241449487,FastAccept
1785241449702,false,1785241449742,FastAccept
1785241449990,false,1785241450030,FastAccept
1785241450325,false,1785241450365,FastAccept
1785241450720,false,1785241450760,FastAccept
1785241451201,true,1785241451240,FastAccept
1785241451810,false,1785241451871,LeaderAccept
1785241452638,true,1785241452678,FastAccept
1785241453888,true,1785241453928,FastAccept
1785241456225,false,1785241456265,FastAccept
1785241463738,true,1785241463804,SlowAccept
1785241468228,false,1785241468273,FastAccept
1785241468244,false,1785241468319,LeaderAccept
1785241468259,false,1785241468319,SlowAccept
1785241468276,true,1785241468328,LeaderAccept
1785241468292,true,1785241468357,LeaderAccept
1785241468308,true,1785241468370,LeaderAccept
1785241468324,true,1785241468384,LeaderAccept
1785241468341,false,1785241468395,LeaderAccept
1785241468358,true,1785241468422,LeaderAccept
1785241468374,true,1785241468442,LeaderAccept
1785241468391,false,1785241468442,LeaderAccept
1785241468408,true,1785241468485,LeaderAccept
1785241468425,false,1785241468485,SlowAccept
1785241468441,false,1785241468485,FastAccept
1785241468458,true,1785241468511,LeaderAccept
1785241468475,false,1785241468533,LeaderAccept
1785241468493,true,1785241468548,LeaderAccept
1785241468511,true,1785241468568,LeaderAccept
1785241468529,true,1785241468607,LeaderAccept
1785241468547,true,1785241468607,SlowAccept
1785241468566,true,1785241468607,FastAccept
1785241468584,true,1785241468638,LeaderAccept
1785241468603,true,1785241468663,LeaderAccept
1785241468621,true,1785241468689,LeaderAccept
1785241468640,false,1785241468686,FastAccept
1785241468659,false,1785241468712,LeaderAccept
1785241468679,false,1785241468759,LeaderAccept
1785241468698,true,1785241468759,LeaderAccept
1785241468718,true,1785241468786,LeaderAccept
1785241468737,false,1785241468776,FastAccept
1785241468758,false,1785241468812,LeaderAccept
1785241468777,true,1785241468878,LeaderAccept
1785241468798,false,1785241468910,LeaderAccept
1785241468818,false,1785241468878,SlowAccept
1785241468839,false,1785241468904,SlowAccept
1785241468860,false,1785241468905,FastAccept
1785241468881,false,1785241468936,LeaderAccept
1785241468902,true,1785241468957,LeaderAccept
1785241468923,true,1785241468986,LeaderAccept
1785241468946,false,1785241469035,LeaderAccept
1785241468967,true,1785241469035,SlowAccept
1785241468990,false,1785241469055,LeaderAccept
1785241469012,true,1785241469066,LeaderAccept
1785241469034,false,1785241469092,LeaderAccept
1785241469057,true,1785241469119,LeaderAccept
1785241469080,true,1785241469173,LeaderAccept
1785241469104,true,1785241469164,SlowAccept
1785241469128,false,1785241469212,LeaderAccept
1785241469151,false,1785241469220,LeaderAccept
1785241469176,true,1785241469240,LeaderAccept
1785241469200,false,1785241469293,LeaderAccept
1785241469224,false,1785241469285,SlowAccept
1785241469250,false,1785241469344,LeaderAccept
1785241469275,false,1785241469335,SlowAccept
1785241469301,false,1785241469393,LeaderAccept
1785241469327,false,1785241469393,LeaderAccept
1785241469354,true,1785241469439,LeaderAccept
1785241469380,false,1785241469439,LeaderAccept
1785241469407,true,1785241469489,LeaderAccept
1785241469435,false,1785241469482,LeaderAccept
1785241469463,true,1785241469536,LeaderAccept
1785241469491,false,1785241469536,FastAccept
1785241469519,false,1785241469580,SlowAccept
1785241469547,true,1785241469639,LeaderAccept
1785241469577,true,1785241469639,LeaderAccept
1785241469607,false,1785241469685,LeaderAccept
1785241469637,false,1785241469685,LeaderAccept
1785241469668,false,1785241469714,FastAccept
1785241469698,false,1785241469769,LeaderAccept
1785241469729,true,1785241469781,LeaderAccept
1785241469762,true,1785241469821,LeaderAccept
1785241469795,true,1785241469834,FastAccept
1785241469827,true,1785241469867,FastAccept
1785241469860,false,1785241469924,LeaderAccept
1785241469895,false,1785241469951,LeaderAccept
1785241469929,false,1785241469975,FastAccept
1785241469965,true,1785241470028,LeaderAccept
1785241470000,false,1785241470048,LeaderAccept
1785241470037,false,1785241470092,LeaderAccept
1785241470074,true,1785241470113,FastAccept
1785241470111,true,1785241470178,LeaderAccept
1785241470150,true,1785241470204,LeaderAccept
1785241470189,false,1785241470259,LeaderAccept
1785241470228,false,1785241470341,LeaderAccept
1785241470269,true,1785241470335,SlowAccept
1785241470309,false,1785241470361,LeaderAccept
1785241470351,true,1785241470391,FastAccept
1785241470394,true,1785241470452,LeaderAccept
1785241470439,true,1785241470479,FastAccept
1785241470483,true,1785241470539,LeaderAccept
1785241470529,false,1785241470568,FastAccept
1785241470576,false,1785241470615,FastAccept
1785241470623,true,1785241470669,FastAccept
1785241470673,true,1785241470712,FastAccept
1785241470723,false,1785241470769,FastAccept
1785241470774,true,1785241470814,FastAccept
1785241470828,true,1785241470883,LeaderAccept
1785241470881,false,1785241470921,FastAccept
1785241470936,true,1785241470977,FastAccept
1785241470994,false,1785241471034,FastAccept
1785241471053,false,1785241471093,FastAccept
1785241471113,false,1785241471153,FastAccept
1785241471175,true,1785241471215,FastAccept
1785241471240,true,1785241471286,FastAccept
1785241471306,false,1785241471346,FastAccept
1785241471374,true,1785241471421,FastAccept
1785241471446,true,1785241471499,LeaderAccept
1785241471520,false,1785241471577,LeaderAccept
1785241471596,false,1785241471642,FastAccept
1785241471674,false,1785241471720,FastAccept
1785241471757,true,1785241471803,FastAccept
1785241471843,true,1785241471883,FastAccept
1785241471932,true,1785241471993,SlowAccept
1785241472026,true,1785241472066,FastAccept
1785241472124,false,1785241472190,SlowAccept
1785241472226,true,1785241472266,FastAccept
1785241472335,true,1785241472399,LeaderAccept
1785241472448,false,1785241472495,FastAccept
1785241472569,false,1785241472616,FastAccept
1785241472697,false,1785241472743,FastAccept
1785241472833,true,1785241472873,FastAccept
1785241472979,true,1785241473033,LeaderAccept
1785241473136,false,1785241473176,FastAccept
1785241473306,false,1785241473346,FastAccept
1785241473490,true,1785241473530,FastAccept
1785241473693,false,1785241473754,LeaderAccept
1785241473916,false,1785241473962,FastAccept
1785241474164,true,1785241474204,FastAccept
1785241474447,true,1785241474486,FastAccept
1785241474772,false,1785241474812,FastAccept
1785241475154,true,1785241475194,FastAccept
1785241475616,false,1785241475656,FastAccept
1785241476197,true,1785241476238,FastAccept
1785241476976,true,1785241477016,FastAccept
1785241478123,true,1785241478163,FastAccept
1785241480159,false,1785241480212,SlowAccept
1785241485786,false,1785241485852,LeaderAccept
1785241501856,true,1785241501917,LeaderAccept
1785241501879,true,1785241501946,LeaderAccept
1785241501901,false,1785241501987,LeaderAccept
1785241501924,false,1785241501987,SlowAccept
1785241501946,true,1785241501992,FastAccept
1785241501969,false,1785241502011,FastAccept
1785241501992,true,1785241502032,FastAccept
1785241502016,false,1785241502086,LeaderAccept
1785241502039,false,1785241502158,LeaderAccept
1785241502064,false,1785241502110,FastAccept
1785241502089,true,1785241502150,SlowAccept
1785241502114,false,1785241502259,LeaderAccept
1785241502139,false,1785241502206,SlowAccept
1785241502164,true,1785241502211,FastAccept
1785241502190,false,1785241502251,SlowAccept
1785241502216,true,1785241502288,LeaderAccept
1785241502241,false,1785241502356,LeaderAccept
1785241502268,true,1785241502336,SlowAccept
1785241502295,false,1785241502361,LeaderAccept
1785241502323,true,1785241502388,LeaderAccept
1785241502351,false,1785241502414,LeaderAccept
1785241502379,true,1785241502440,LeaderAccept
1785241502406,true,1785241502467,LeaderAccept
1785241502435,false,1785241502493,LeaderAccept
1785241502464,false,1785241502513,LeaderAccept
1785241502495,false,1785241502557,SlowAccept
1785241502525,true,1785241502590,LeaderAccept
1785241502555,false,1785241502616,LeaderAccept
1785241502586,false,1785241502643,LeaderAccept
1785241502617,false,1785241502657,FastAccept
1785241502650,true,1785241502689,FastAccept
1785241502683,true,1785241502723,FastAccept
1785241502716,false,1785241502762,FastAccept
1785241502750,true,1785241502814,LeaderAccept
1785241502784,true,1785241502834,LeaderAccept
1785241502818,true,1785241502858,FastAccept
1785241502853,false,1785241502916,SlowAccept
1785241502889,true,1785241502942,LeaderAccept
1785241502926,false,1785241502966,FastAccept
1785241502963,true,1785241503003,FastAccept
1785241503000,true,1785241503057,LeaderAccept
1785241503038,true,1785241503078,FastAccept
1785241503077,true,1785241503117,FastAccept
1785241503117,true,1785241503163,FastAccept
1785241503158,false,1785241503210,LeaderAccept
1785241503199,true,1785241503240,FastAccept
1785241503242,true,1785241503282,FastAccept
1785241503285,true,1785241503348,SlowAccept
1785241503330,false,1785241503370,FastAccept
1785241503375,true,1785241503415,FastAccept
1785241503421,false,1785241503461,FastAccept
1785241503468,false,1785241503509,FastAccept
1785241503516,false,1785241503556,FastAccept
1785241503566,false,1785241503606,FastAccept
1785241503617,false,1785241503658,FastAccept
1785241503669,false,1785241503709,FastAccept
1785241503722,false,1785241503762,FastAccept
1785241503776,false,1785241503816,FastAccept
1785241503832,true,1785241503893,SlowAccept
1785241503890,false,1785241503929,FastAccept
1785241503948,true,1785241503988,FastAccept
1785241504009,false,1785241504049,FastAccept
1785241504073,false,1785241504112,FastAccept
1785241504138,true,1785241504177,FastAccept
1785241504204,false,1785241504243,FastAccept
1785241504274,false,1785241504313,FastAccept
1785241504344,true,1785241504384,FastAccept
1785241504418,true,1785241504457,FastAccept
1785241504495,true,1785241504534,FastAccept
1785241504574,false,1785241504634,LeaderAccept
1785241504657,false,1785241504696,FastAccept
1785241504744,true,1785241504783,FastAccept
1785241504833,false,1785241504872,FastAccept
1785241504928,false,1785241504967,FastAccept
1785241505026,true,1785241505077,SlowAccept
1785241505129,false,1785241505177,LeaderAccept
1785241505237,false,1785241505296,SlowAccept
1785241505351,false,1785241505405,LeaderAccept
1785241505472,true,1785241505532,SlowAccept
1785241505602,false,1785241505650,LeaderAccept
1785241505739,false,1785241505794,LeaderAccept
1785241505886,true,1785241505944,LeaderAccept
1785241506045,false,1785241506084,FastAccept
1785241506215,true,1785241506270,LeaderAccept
1785241506402,false,1785241506441,FastAccept
1785241506606,false,1785241506652,FastAccept
1785241506832,true,1785241506889,LeaderAccept
1785241507086,true,1785241507145,LeaderAccept
1785241507372,true,1785241507411,FastAccept
1785241507704,false,1785241507770,SlowAccept
1785241508094,false,1785241508143,LeaderAccept
1785241508569,true,1785241508608,FastAccept
1785241509170,false,1785241509210,FastAccept
1785241509983,false,1785241510022,FastAccept
1785241511202,true,1785241511241,FastAccept
1785241513442,false,1785241513482,FastAccept
1785241520309,false,1785241520348,FastAccept
1785241544359,true,1785241544399,FastAccept
1785241544380,true,1785241544419,FastAccept
1785241544400,true,1785241544439,FastAccept
1785241544421,true,1785241544460,FastAccept
1785241544442,false,1785241544481,FastAccept
1785241544462,true,1785241544501,FastAccept
1785241544484,false,1785241544523,FastAccept
1785241544505,true,1785241544559,LeaderAccept
1785241544527,true,1785241544585,LeaderAccept
1785241544550,true,1785241544615,LeaderAccept
1785241544572,false,1785241544660,LeaderAccept
1785241544594,true,1785241544640,FastAccept
1785241544618,false,1785241544657,FastAccept
1785241544641,false,1785241544680,FastAccept
1785241544664,true,1785241544704,FastAccept
1785241544688,true,1785241544728,FastAccept
1785241544712,false,1785241544751,FastAccept
1785241544736,true,1785241544775,FastAccept
1785241544760,true,1785241544828,LeaderAccept
1785241544785,false,1785241545148,LeaderAccept
1785241544810,true,1785241544876,SlowAccept
1785241544835,false,1785241544880,FastAccept
1785241544860,true,1785241544905,FastAccept
1785241544885,false,1785241544931,FastAccept
1785241544912,false,1785241544957,FastAccept
1785241544938,false,1785241544983,FastAccept
1785241544964,true,1785241545010,FastAccept
1785241544991,true,1785241545057,SlowAccept
1785241545019,true,1785241545085,SlowAccept
1785241545046,false,1785241545112,SlowAccept
1785241545074,false,1785241545140,SlowAccept
1785241545103,true,1785241545205,LeaderAccept
1785241545131,true,1785241545197,SlowAccept
1785241545160,false,1785241545234,LeaderAccept
1785241545190,true,1785241545263,LeaderAccept
1785241545220,false,1785241545289,LeaderAccept
1785241545252,false,1785241545315,LeaderAccept
1785241545284,false,1785241545336,LeaderAccept
1785241545315,false,1785241545354,FastAccept
1785241545348,true,1785241545387,FastAccept
1785241545381,false,1785241545421,FastAccept
1785241545414,true,1785241545453,FastAccept
1785241545448,true,1785241545487,FastAccept
1785241545483,false,1785241545523,FastAccept
1785241545517,false,1785241545563,FastAccept
1785241545553,true,1785241545609,LeaderAccept
1785241545589,true,1785241545634,FastAccept
1785241545626,true,1785241545681,LeaderAccept
1785241545663,true,1785241545702,FastAccept
1785241545700,false,1785241545740,FastAccept
1785241545738,false,1785241545778,FastAccept
1785241545778,true,1785241545817,FastAccept
1785241545818,true,1785241545857,FastAccept
1785241545859,true,1785241545898,FastAccept
1785241545901,true,1785241545940,FastAccept
1785241545944,false,1785241545983,FastAccept
1785241545987,false,1785241546026,FastAccept
1785241546031,true,1785241546070,FastAccept
1785241546076,false,1785241546116,FastAccept
1785241546122,false,1785241546161,FastAccept
1785241546169,true,1785241546208,FastAccept
1785241546218,false,1785241546257,FastAccept
1785241546266,true,1785241546306,FastAccept
1785241546318,true,1785241546358,FastAccept
1785241546370,false,1785241546409,FastAccept
1785241546423,true,1785241546463,FastAccept
1785241546478,true,1785241546517,FastAccept
1785241546535,false,1785241546574,FastAccept
1785241546592,true,1785241546632,FastAccept
1785241546651,false,1785241546690,FastAccept
1785241546713,false,1785241546752,FastAccept
1785241546776,true,1785241546815,FastAccept
1785241546840,false,1785241546879,FastAccept
1785241546908,true,1785241546947,FastAccept
1785241546978,false,1785241547017,FastAccept
1785241547050,false,1785241547089,FastAccept
1785241547125,true,1785241547164,FastAccept
1785241547201,false,1785241547240,FastAccept
1785241547281,true,1785241547321,FastAccept
1785241547365,false,1785241547404,FastAccept
1785241547452,true,1785241547491,FastAccept
1785241547543,false,1785241547582,FastAccept
1785241547638,false,1785241547677,FastAccept
1785241547737,false,1785241547777,FastAccept
1785241547841,false,1785241547880,FastAccept
1785241547951,true,1785241547991,FastAccept
1785241548067,true,1785241548106,FastAccept
1785241548191,true,1785241548230,FastAccept
1785241548321,false,1785241548360,FastAccept
1785241548461,false,1785241548500,FastAccept
1785241548611,false,1785241548650,FastAccept
1785241548771,false,1785241548810,FastAccept
1785241548946,false,1785241548985,FastAccept
1785241549135,true,1785241549175,FastAccept
1785241549344,false,1785241549389,FastAccept
1785241549576,false,1785241549650,LeaderAccept
1785241549835,false,1785241549880,FastAccept
1785241550130,false,1785241550191,LeaderAccept
1785241550473,true,1785241550513,FastAccept
1785241550879,false,1785241550945,LeaderAccept
1785241551377,false,1785241551417,FastAccept
1785241552015,true,1785241552081,LeaderAccept
1785241552891,true,1785241552931,FastAccept
1785241554249,false,1785241554296,FastAccept
1785241556927,true,1785241556967,FastAccept
1785241567133,true,1785241567173,FastAccept
1785241595330,false,1785241595390,LeaderAccept
1785241595360,true,1785241595419,LeaderAccept
1785241595389,true,1785241595443,LeaderAccept
1785241595419,true,1785241595472,LeaderAccept
1785241595450,true,1785241595508,SlowAccept
1785241595481,true,1785241595551,LeaderAccept
1785241595512,false,1785241595564,LeaderAccept
1785241595545,false,1785241595604,LeaderAccept
1785241595578,true,1785241595642,LeaderAccept
1785241595611,false,1785241595668,LeaderAccept
1785241595644,false,1785241595720,LeaderAccept
1785241595677,false,1785241595720,SlowAccept
1785241595712,true,1785241595789,LeaderAccept
1785241595746,false,1785241595789,LeaderAccept
1785241595782,true,1785241595831,SlowAccept
1785241595818,false,1785241595905,LeaderAccept
1785241595855,true,1785241595905,LeaderAccept
1785241595891,false,1785241595952,SlowAccept
1785241595929,false,1785241595983,LeaderAccept
1785241595969,true,1785241596029,LeaderAccept
1785241596008,false,1785241596081,LeaderAccept
1785241596048,false,1785241596111,LeaderAccept
1785241596090,true,1785241596135,FastAccept
1785241596132,true,1785241596191,SlowAccept
1785241596174,true,1785241596213,FastAccept
1785241596218,true,1785241596272,FastAccept
1785241596262,false,1785241596323,LeaderAccept
1785241596307,true,1785241596394,LeaderAccept
1785241596353,true,1785241596399,FastAccept
1785241596401,true,1785241596467,LeaderAccept
1785241596450,true,1785241596531,LeaderAccept
1785241596499,false,1785241596560,LeaderAccept
1785241596550,false,1785241596593,LeaderAccept
1785241596603,false,1785241596648,FastAccept
1785241596657,false,1785241596717,LeaderAccept
1785241596711,false,1785241596757,FastAccept
1785241596769,false,1785241596812,LeaderAccept
1785241596826,true,1785241596880,SlowAccept
1785241596887,true,1785241596927,FastAccept
1785241596949,true,1785241597003,SlowAccept
1785241597013,false,1785241597059,FastAccept
1785241597078,true,1785241597172,LeaderAccept
1785241597146,false,1785241597186,FastAccept
1785241597217,true,1785241597281,LeaderAccept
1785241597290,true,1785241597336,FastAccept
1785241597365,false,1785241597411,FastAccept
1785241597442,false,1785241597482,FastAccept
1785241597524,true,1785241597570,FastAccept
1785241597608,true,1785241597656,LeaderAccept
1785241597697,false,1785241597743,FastAccept
1785241597790,false,1785241597840,LeaderAccept
1785241597887,false,1785241597950,LeaderAccept
1785241597987,false,1785241598043,LeaderAccept
1785241598094,true,1785241598157,LeaderAccept
1785241598205,false,1785241598245,FastAccept
1785241598324,false,1785241598390,LeaderAccept
1785241598449,false,1785241598515,LeaderAccept
1785241598582,false,1785241598622,FastAccept
1785241598724,true,1785241598789,SlowAccept
1785241598878,false,1785241598925,FastAccept
1785241599042,true,1785241599082,FastAccept
1785241599222,true,1785241599262,FastAccept
1785241599418,false,1785241599458,FastAccept
1785241599634,false,1785241599674,FastAccept
1785241599874,true,1785241599915,FastAccept
1785241600146,false,1785241600186,FastAccept
1785241600457,true,1785241600518,SlowAccept
1785241600818,true,1785241600865,FastAccept
1785241601252,false,1785241601327,LeaderAccept
1785241601791,false,1785241601831,FastAccept
1785241602496,false,1785241602536,FastAccept
1785241603499,false,1785241603539,FastAccept
1785241605151,false,1785241605204,LeaderAccept
1785241608927,true,1785241608988,LeaderAccept
1785241620699,false,1785241620739,FastAccept
1785241620723,true,1785241620764,FastAccept
1785241620747,false,1785241620816,LeaderAccept
1785241620772,true,1785241620867,LeaderAccept
1785241620796,true,1785241620858,SlowAccept
1785241620822,true,1785241620943,LeaderAccept
1785241620848,true,1785241620914,SlowAccept
1785241620874,false,1785241620943,LeaderAccept
1785241620900,false,1785241620972,LeaderAccept
1785241620928,true,1785241620993,LeaderAccept
1785241620955,true,1785241621017,LeaderAccept
1785241620982,false,1785241621046,LeaderAccept
1785241621010,true,1785241621072,LeaderAccept
1785241621037,false,1785241621099,LeaderAccept
1785241621066,true,1785241621128,LeaderAccept
1785241621095,true,1785241621154,LeaderAccept
1785241621124,false,1785241621175,LeaderAccept
1785241621153,true,1785241621199,FastAccept
1785241621184,true,1785241621257,LeaderAccept
1785241621215,false,1785241621313,LeaderAccept
1785241621245,true,1785241621313,LeaderAccept
1785241621277,false,1785241621339,LeaderAccept
1785241621309,false,1785241621367,LeaderAccept
1785241621342,false,1785241621382,FastAccept
1785241621375,false,1785241621414,FastAccept
1785241621408,false,1785241621455,FastAccept
1785241621443,false,1785241621508,LeaderAccept
1785241621477,false,1785241621535,LeaderAccept
1785241621513,false,1785241621553,FastAccept
1785241621548,true,1785241621588,FastAccept
1785241621585,false,1785241621632,FastAccept
1785241621622,true,1785241621679,LeaderAccept
1785241621659,true,1785241621699,FastAccept
1785241621698,false,1785241621762,SlowAccept
1785241621736,false,1785241621788,LeaderAccept
1785241621777,false,1785241621817,FastAccept
1785241621817,false,1785241621874,LeaderAccept
1785241621859,false,1785241621900,FastAccept
1785241621901,true,1785241621947,FastAccept
1785241621943,false,1785241621994,LeaderAccept
1785241621987,true,1785241622028,FastAccept
1785241622032,false,1785241622093,SlowAccept
1785241622079,true,1785241622119,FastAccept
1785241622125,false,1785241622165,FastAccept
1785241622173,false,1785241622213,FastAccept
1785241622223,true,1785241622263,FastAccept
1785241622273,true,1785241622320,FastAccept
1785241622324,true,1785241622365,FastAccept
1785241622378,true,1785241622418,FastAccept
1785241622433,false,1785241622493,LeaderAccept
1785241622488,true,1785241622529,FastAccept
1785241622545,true,1785241622585,FastAccept
1785241622605,true,1785241622644,FastAccept
1785241622666,true,1785241622705,FastAccept
1785241622729,false,1785241622795,SlowAccept
1785241622793,false,1785241622834,FastAccept
1785241622860,true,1785241622900,FastAccept
1785241622929,false,1785241622969,FastAccept
1785241623001,false,1785241623041,FastAccept
1785241623074,false,1785241623114,FastAccept
1785241623151,true,1785241623191,FastAccept
1785241623231,true,1785241623271,FastAccept
1785241623313,true,1785241623374,LeaderAccept
1785241623400,false,1785241623440,FastAccept
1785241623489,true,1785241623529,FastAccept
1785241623584,false,1785241623624,FastAccept
1785241623682,false,1785241623722,FastAccept
1785241623786,false,1785241623832,FastAccept
1785241623894,false,1785241623934,FastAccept
1785241624010,true,1785241624050,FastAccept
1785241624131,false,1785241624171,FastAccept
1785241624261,false,1785241624301,FastAccept
1785241624398,true,1785241624439,FastAccept
1785241624546,true,1785241624586,FastAccept
1785241624705,true,1785241624745,FastAccept
1785241624876,true,1785241624916,FastAccept
1785241625063,false,1785241625103,FastAccept
1785241625267,true,1785241625308,FastAccept
1785241625494,true,1785241625535,FastAccept
1785241625748,true,1785241625788,FastAccept
1785241626037,true,1785241626077,FastAccept
1785241626370,true,1785241626410,FastAccept
1785241626762,true,1785241626802,FastAccept
1785241627240,false,1785241627280,FastAccept
1785241627846,true,1785241627887,FastAccept
1785241628667,true,1785241628707,FastAccept
1785241629902,false,1785241629943,FastAccept
1785241632194,true,1785241632248,LeaderAccept
1785241639395,true,1785241639435,FastAccept
1785241648483,false,1785241648523,FastAccept
1785241648498,true,1785241648538,FastAccept
1785241648514,false,1785241648554,FastAccept
1785241648530,true,1785241648570,FastAccept
1785241648545,false,1785241648585,FastAccept
1785241648562,false,1785241648601,FastAccept
1785241648578,true,1785241648618,FastAccept
1785241648594,false,1785241648635,FastAccept
1785241648611,false,1785241648651,FastAccept
1785241648627,false,1785241648667,FastAccept
1785241648644,true,1785241648684,FastAccept
1785241648661,false,1785241648701,FastAccept
1785241648677,true,1785241648717,FastAccept
1785241648695,true,1785241648734,FastAccept
1785241648711,false,1785241648751,FastAccept
1785241648729,true,1785241648769,FastAccept
1785241648745,false,1785241648785,FastAccept
1785241648762,false,1785241648802,FastAccept
1785241648779,true,1785241648819,FastAccept
1785241648797,false,1785241648836,FastAccept
1785241648814,true,1785241648855,FastAccept
1785241648833,false,1785241648873,FastAccept
1785241648851,false,1785241648890,FastAccept
1785241648869,false,1785241648909,FastAccept
1785241648888,false,1785241648928,FastAccept
1785241648907,false,1785241648947,FastAccept
1785241648926,false,1785241648966,FastAccept
1785241648945,false,1785241648985,FastAccept
1785241648964,true,1785241649004,FastAccept
1785241648984,true,1785241649024,FastAccept
1785241649002,true,1785241649043,FastAccept
1785241649022,false,1785241649062,FastAccept
1785241649042,true,1785241649082,FastAccept
1785241649062,true,1785241649102,FastAccept
1785241649081,false,1785241649121,FastAccept
1785241649101,false,1785241649141,FastAccept
1785241649121,false,1785241649161,FastAccept
1785241649143,true,1785241649183,FastAccept
1785241649163,false,1785241649203,FastAccept
1785241649185,false,1785241649225,FastAccept
1785241649206,false,1785241649246,FastAccept
1785241649227,true,1785241649267,FastAccept
1785241649249,true,1785241649289,FastAccept
1785241649271,true,1785241649311,FastAccept
1785241649294,false,1785241649334,FastAccept
1785241649316,true,1785241649356,FastAccept
1785241649339,true,1785241649379,FastAccept
1785241649362,true,1785241649401,FastAccept
1785241649384,true,1785241649424,FastAccept
1785241649407,false,1785241649447,FastAccept
1785241649432,false,1785241649472,FastAccept
1785241649455,false,1785241649495,FastAccept
1785241649480,true,1785241649520,FastAccept
1785241649505,true,1785241649544,FastAccept
1785241649529,false,1785241649569,FastAccept
1785241649554,true,1785241649595,FastAccept
1785241649580,true,1785241649620,FastAccept
1785241649606,true,1785241649646,FastAccept
1785241649631,false,1785241649671,FastAccept
1785241649657,true,1785241649697,FastAccept
1785241649684,true,1785241649724,FastAccept
1785241649710,true,1785241649750,FastAccept
1785241649737,true,1785241649778,FastAccept
1785241649765,true,1785241649806,FastAccept
1785241649793,false,1785241649834,FastAccept
1785241649821,false,1785241649862,FastAccept
1785241649851,true,1785241649890,FastAccept
1785241649881,false,1785241649921,FastAccept
1785241649911,false,1785241649951,FastAccept
1785241649941,true,1785241649981,FastAccept
1785241649971,false,1785241650011,FastAccept
1785241650003,false,1785241650043,FastAccept
1785241650034,false,1785241650075,FastAccept
1785241650065,false,1785241650105,FastAccept
1785241650098,true,1785241650138,FastAccept
1785241650131,true,1785241650171,FastAccept
1785241650163,true,1785241650203,FastAccept
1785241650197,false,1785241650238,FastAccept
1785241650231,false,1785241650272,FastAccept
1785241650267,true,1785241650307,FastAccept
1785241650303,true,1785241650343,FastAccept
1785241650340,true,1785241650380,FastAccept
1785241650377,true,1785241650417,FastAccept
1785241650414,false,1785241650454,FastAccept
1785241650453,true,1785241650493,FastAccept
1785241650491,true,1785241650531,FastAccept
1785241650531,false,1785241650571,FastAccept
1785241650571,false,1785241650611,FastAccept
1785241650612,false,1785241650653,FastAccept
1785241650655,true,1785241650694,FastAccept
1785241650697,true,1785241650738,FastAccept
1785241650742,true,1785241650781,FastAccept
1785241650787,true,1785241650827,FastAccept
1785241650833,true,1785241650873,FastAccept
1785241650880,false,1785241650920,FastAccept
1785241650928,false,1785241650969,FastAccept
1785241650978,false,1785241651018,FastAccept
1785241651028,true,1785241651068,FastAccept
1785241651079,false,1785241651119,FastAccept
1785241651132,true,1785241651173,FastAccept
1785241651186,true,1785241651226,FastAccept
1785241651243,false,1785241651282,FastAccept
1785241651300,true,1785241651340,FastAccept
1785241651359,false,1785241651399,FastAccept
1785241651419,false,1785241651460,FastAccept
1785241651482,false,1785241651522,FastAccept
1785241651547,false,1785241651587,FastAccept
1785241651614,true,1785241651654,FastAccept
1785241651683,false,1785241651723,FastAccept
1785241651755,false,1785241651795,FastAccept
1785241651828,false,1785241651869,FastAccept
1785241651905,false,1785241651945,FastAccept
1785241651984,false,1785241652024,FastAccept
1785241652067,false,1785241652107,FastAccept
1785241652153,true,1785241652194,FastAccept
1785241652243,false,1785241652283,FastAccept
1785241652336,false,1785241652377,FastAccept
1785241652435,false,1785241652475,FastAccept
1785241652539,true,1785241652578,FastAccept
1785241652648,false,1785241652688,FastAccept
1785241652762,false,1785241652803,FastAccept
1785241652883,true,1785241652924,FastAccept
1785241653012,true,1785241653052,FastAccept
1785241653150,false,1785241653190,FastAccept
1785241653297,true,1785241653338,FastAccept
1785241653455,true,1785241653495,FastAccept
1785241653627,true,1785241653667,FastAccept
1785241653813,true,1785241653852,FastAccept
1785241654017,false,1785241654057,FastAccept
1785241654242,false,1785241654283,FastAccept
1785241654495,false,1785241654535,FastAccept
1785241654783,false,1785241654823,FastAccept
1785241655115,false,1785241655156,FastAccept
1785241655506,false,1785241655546,FastAccept
1785241655980,true,1785241656021,FastAccept
1785241656582,false,1785241656621,FastAccept
1785241657393,true,1785241657433,FastAccept
1785241658612,true,1785241658662,LeaderAccept
1785241660850,true,1785241660935,LeaderAccept
1785241667704,false,1785241667750,FastAccept
1785241681274,false,1785241681314,FastAccept
1785241681296,false,1785241681337,FastAccept
1785241681319,true,1785241681359,FastAccept
1785241681343,true,1785241681383,FastAccept
1785241681366,true,1785241681407,FastAccept
1785241681391,true,1785241681431,FastAccept
1785241681416,true,1785241681456,FastAccept
1785241681441,true,1785241681481,FastAccept
1785241681466,false,1785241681506,FastAccept
1785241681490,true,1785241681530,FastAccept
1785241681516,false,1785241681556,FastAccept
1785241681541,true,1785241681581,FastAccept
1785241681567,false,1785241681607,FastAccept
1785241681594,true,1785241681633,FastAccept
1785241681621,false,1785241681660,FastAccept
1785241681648,false,1785241681687,FastAccept
1785241681674,true,1785241681714,FastAccept
1785241681703,false,1785241681743,FastAccept
1785241681731,true,1785241681777,FastAccept
1785241681759,true,1785241681826,SlowAccept
1785241681787,true,1785241681855,SlowAccept
1785241681817,true,1785241681921,LeaderAccept
1785241681846,false,1785241681913,SlowAccept
1785241681875,true,1785241681950,LeaderAccept
1785241681906,true,1785241681977,LeaderAccept
1785241681936,true,1785241682003,LeaderAccept
1785241681968,true,1785241682030,LeaderAccept
1785241682000,false,1785241682050,LeaderAccept
1785241682032,true,1785241682073,FastAccept
1785241682064,true,1785241682105,FastAccept
1785241682097,false,1785241682137,FastAccept
1785241682131,false,1785241682171,FastAccept
1785241682166,true,1785241682206,FastAccept
1785241682200,false,1785241682240,FastAccept
1785241682236,true,1785241682277,FastAccept
1785241682272,true,1785241682339,LeaderAccept
1785241682308,false,1785241682359,LeaderAccept
1785241682346,true,1785241682385,FastAccept
1785241682384,true,1785241682424,FastAccept
1785241682423,true,1785241682463,FastAccept
1785241682463,true,1785241682502,FastAccept
1785241682504,false,1785241682543,FastAccept
1785241682545,false,1785241682584,FastAccept
1785241682586,true,1785241682629,FastAccept
1785241682629,false,1785241682669,FastAccept
1785241682673,true,1785241682713,FastAccept
1785241682717,true,1785241682757,FastAccept
1785241682763,false,1785241682803,FastAccept
1785241682809,true,1785241682849,FastAccept
1785241682857,false,1785241682898,FastAccept
1785241682907,true,1785241682947,FastAccept
1785241682957,false,1785241682997,FastAccept
1785241683008,false,1785241683048,FastAccept
1785241683062,true,1785241683102,FastAccept
1785241683116,false,1785241683156,FastAccept
1785241683171,false,1785241683211,FastAccept
1785241683229,true,1785241683269,FastAccept
1785241683287,false,1785241683328,FastAccept
1785241683348,true,1785241683388,FastAccept
1785241683410,true,1785241683450,FastAccept
1785241683474,true,1785241683514,FastAccept
1785241683540,false,1785241683580,FastAccept
1785241683609,false,1785241683649,FastAccept
1785241683680,false,1785241683720,FastAccept
1785241683754,false,1785241683793,FastAccept
1785241683830,true,1785241683870,FastAccept
1785241683909,true,1785241683949,FastAccept
1785241683991,false,1785241684031,FastAccept
1785241684075,false,1785241684115,FastAccept
1785241684164,true,1785241684204,FastAccept
1785241684257,true,1785241684298,FastAccept
1785241684355,true,1785241684395,FastAccept
1785241684457,true,1785241684497,FastAccept
1785241684565,true,1785241684605,FastAccept
1785241684678,false,1785241684718,FastAccept
1785241684797,true,1785241684837,FastAccept
1785241684925,false,1785241684965,FastAccept
1785241685060,true,1785241685099,FastAccept
1785241685205,false,1785241685245,FastAccept
1785241685360,false,1785241685401,FastAccept
1785241685529,false,1785241685569,FastAccept
1785241685712,false,1785241685752,FastAccept
1785241685911,false,1785241685951,FastAccept
1785241686132,true,1785241686192,LeaderAccept
1785241686378,false,1785241686647,LeaderAccept
1785241686657,true,1785241686717,SlowAccept
1785241686977,true,1785241687039,SlowAccept
1785241687351,true,1785241687418,LeaderAccept
1785241687804,true,1785241687864,LeaderAccept
1785241688371,false,1785241688438,SlowAccept
1785241689122,false,1785241689162,FastAccept
1785241690217,true,1785241690257,FastAccept
1785241692107,true,1785241692147,FastAccept
1785241696969,false,1785241697016,FastAccept
1785241729786,true,1785241729858,LeaderAccept
1785241729813,true,1785241729907,LeaderAccept
1785241729840,true,1785241729907,SlowAccept
1785241729866,true,1785241729927,SlowAccept
1785241729894,false,1785241729962,LeaderAccept
1785241729922,false,1785241729987,LeaderAccept
1785241729950,false,1785241730016,LeaderAccept
1785241729979,false,1785241730018,FastAccept
1785241730008,false,1785241730088,LeaderAccept
1785241730038,true,1785241730077,FastAccept
1785241730068,false,1785241730108,FastAccept
1785241730097,false,1785241730137,FastAccept
1785241730128,false,1785241730200,LeaderAccept
1785241730158,false,1785241730227,LeaderAccept
1785241730189,true,1785241730253,LeaderAccept
1785241730222,true,1785241730301,LeaderAccept
1785241730255,false,1785241730301,FastAccept
1785241730287,false,1785241730333,FastAccept
1785241730321,true,1785241730389,LeaderAccept
1785241730355,true,1785241730410,LeaderAccept
1785241730389,false,1785241730428,FastAccept
1785241730424,true,1785241730464,FastAccept
1785241730460,false,1785241730505,FastAccept
1785241730496,false,1785241730553,LeaderAccept
1785241730533,false,1785241730573,FastAccept
1785241730570,true,1785241730610,FastAccept
1785241730608,false,1785241730647,FastAccept
1785241730647,false,1785241730687,FastAccept
1785241730687,false,1785241730726,FastAccept
1785241730727,false,1785241730773,FastAccept
1785241730769,true,1785241730820,LeaderAccept
1785241730811,false,1785241730856,FastAccept
1785241730853,false,1785241730903,LeaderAccept
1785241730897,true,1785241730954,LeaderAccept
1785241730943,true,1785241730983,FastAccept
1785241730989,false,1785241731029,FastAccept
1785241731035,false,1785241731081,FastAccept
1785241731083,false,1785241731123,FastAccept
1785241731132,false,1785241731198,LeaderAccept
1785241731183,true,1785241731223,FastAccept
1785241731234,true,1785241731274,FastAccept
1785241731287,true,1785241731327,FastAccept
1785241731341,false,1785241731381,FastAccept
1785241731396,true,1785241731443,FastAccept
1785241731453,true,1785241731494,FastAccept
1785241731512,true,1785241731575,LeaderAccept
1785241731572,true,1785241731612,FastAccept
1785241731635,false,1785241731675,FastAccept
1785241731700,false,1785241731740,FastAccept
1785241731766,true,1785241731806,FastAccept
1785241731835,false,1785241731880,FastAccept
1785241731906,true,1785241731945,FastAccept
1785241731979,true,1785241732019,FastAccept
1785241732056,false,1785241732096,FastAccept
1785241732134,false,1785241732174,FastAccept
1785241732217,false,1785241732257,FastAccept
1785241732302,true,1785241732342,FastAccept
1785241732392,true,1785241732438,FastAccept
1785241732485,true,1785241732525,FastAccept
1785241732583,false,1785241732622,FastAccept
1785241732686,false,1785241732725,FastAccept
1785241732794,false,1785241732833,FastAccept
1785241732907,true,1785241732989,LeaderAccept
1785241733027,true,1785241733094,LeaderAccept
1785241733156,false,1785241733217,LeaderAccept
1785241733293,true,1785241733359,LeaderAccept
1785241733438,true,1785241733478,FastAccept
1785241733594,false,1785241733655,LeaderAccept
1785241733764,false,1785241733823,SlowAccept
1785241733949,false,1785241734009,SlowAccept
1785241734150,false,1785241734215,SlowAccept
1785241734374,false,1785241734420,FastAccept
1785241734623,true,1785241734670,FastAccept
1785241734906,false,1785241734946,FastAccept
1785241735232,false,1785241735272,FastAccept
1785241735614,true,1785241735654,FastAccept
1785241736077,true,1785241736118,FastAccept
1785241736661,true,1785241736707,FastAccept
1785241737442,false,1785241737482,FastAccept
1785241738596,true,1785241738642,FastAccept
