request_time,write,response_time,accept_status
1785248286542,true,1785248286584,LeaderAccept
1785248287082,true,1785248287124,LeaderAccept
1785248287789,false,1785248287830,LeaderAccept
1785248288795,false,1785248288836,LeaderAccept
1785248290457,true,1785248290499,LeaderAccept
1785248294277,true,1785248294318,LeaderAccept
1785248294678,true,1785248294720,LeaderAccept
1785248294714,true,1785248294756,LeaderAccept
1785248294752,true,1785248294793,LeaderAccept
1785248294790,false,1785248294832,LeaderAccept
1785248294829,true,1785248294870,LeaderAccept
1785248294868,true,1785248294909,LeaderAccept
1785248294908,true,1785248294949,LeaderAccept
1785248294949,true,1785248294990,LeaderAccept
1785248294990,true,1785248295032,LeaderAccept
1785248295031,true,1785248295074,LeaderAccept
1785248295074,true,1785248295116,LeaderAccept
1785248295119,true,1785248295160,LeaderAccept
1785248295164,true,1785248295206,LeaderAccept
1785248295211,true,1785248295252,LeaderAccept
1785248295259,false,1785248295300,LeaderAccept
1785248295307,false,1785248295349,LeaderAccept
1785248295357,true,1785248295398,LeaderAccept
1785248295408,true,1785248295450,LeaderAccept
1785248295461,true,1785248295503,LeaderAccept
1785248295515,true,1785248295556,LeaderAccept
1785248295570,false,1785248295611,LeaderAccept
1785248295625,false,1785248295667,LeaderAccept
1785248295684,true,1785248295726,LeaderAccept
1785248295744,false,1785248295785,LeaderAccept
1785248295805,true,1785248295846,LeaderAccept
1785248295868,false,1785248295909,LeaderAccept
1785248295933,true,1785248295975,LeaderAccept
1785248296001,false,1785248296043,LeaderAccept
1785248296071,true,1785248296112,LeaderAccept
1785248296144,true,1785248296185,LeaderAccept
1785248296219,true,1785248296260,LeaderAccept
1785248296296,true,1785248296338,LeaderAccept
1785248296376,true,1785248296418,LeaderAccept
1785248296460,true,1785248296502,LeaderAccept
1785248296548,true,1785248296590,LeaderAccept
1785248296640,true,1785248296682,LeaderAccept
1785248296736,true,1785248296778,LeaderAccept
1785248296836,false,1785248296877,LeaderAccept
1785248296941,false,1785248296982,LeaderAccept
1785248297052,false,1785248297092,LeaderAccept
1785248297169,true,1785248297210,LeaderAccept
1785248297292,true,1785248297334,LeaderAccept
1785248297424,false,1785248297465,LeaderAccept
1785248297564,false,1785248297606,LeaderAccept
1785248297716,true,1785248297758,LeaderAccept
1785248297879,true,1785248297920,LeaderAccept
1785248298056,false,1785248298097,LeaderAccept
1785248298249,false,1785248298290,LeaderAccept
1785248298461,false,1785248298502,LeaderAccept
1785248298697,true,1785248298738,LeaderAccept
1785248298961,true,1785248299003,LeaderAccept
1785248299264,false,1785248299306,LeaderAccept
1785248299614,false,1785248299656,LeaderAccept
1785248300032,true,1785248300071,FastAccept
1785248300548,true,1785248300587,FastAccept
1785248301215,false,1785248301257,LeaderAccept
1785248302146,false,1785248302188,LeaderAccept
1785248303627,false,1785248303669,LeaderAccept
1785248306730,true,1785248306772,LeaderAccept
1785248321375,false,1785248321417,LeaderAccept
1785248351193,false,1785248351235,LeaderAccept
1785248351211,false,1785248351251,LeaderAccept
1785248351228,false,1785248351269,LeaderAccept
1785248351245,false,1785248351287,LeaderAccept
1785248351262,false,1785248351304,LeaderAccept
1785248351279,true,1785248351321,LeaderAccept
1785248351297,false,1785248351339,LeaderAccept
1785248351314,true,1785248351356,LeaderAccept
1785248351332,true,1785248351373,LeaderAccept
1785248351351,false,1785248351392,LeaderAccept
1785248351370,false,1785248351411,LeaderAccept
1785248351388,false,1785248351428,LeaderAccept
1785248351405,true,1785248351447,LeaderAccept
1785248351424,false,1785248351465,LeaderAccept
1785248351443,false,1785248351484,LeaderAccept
1785248351462,false,1785248351503,LeaderAccept
1785248351481,true,1785248351523,LeaderAccept
1785248351500,false,1785248351541,LeaderAccept
1785248351520,false,1785248351561,LeaderAccept
1785248351540,false,1785248351581,LeaderAccept
1785248351560,true,1785248351601,LeaderAccept
1785248351580,true,1785248351621,LeaderAccept
1785248351600,false,1785248351641,LeaderAccept
1785248351621,false,1785248351662,LeaderAccept
1785248351641,false,1785248351682,LeaderAccept
1785248351663,true,1785248351704,LeaderAccept
1785248351683,true,1785248351725,LeaderAccept
1785248351704,false,1785248351745,LeaderAccept
1785248351726,false,1785248351767,LeaderAccept
1785248351747,true,1785248351789,LeaderAccept
1785248351770,true,1785248351811,LeaderAccept
1785248351793,false,1785248351834,LeaderAccept
1785248351816,true,1785248351856,LeaderAccept
1785248351839,true,1785248351880,LeaderAccept
1785248351861,false,1785248351903,LeaderAccept
1785248351884,false,1785248351925,LeaderAccept
1785248351908,true,1785248351949,LeaderAccept
1785248351931,true,1785248351973,LeaderAccept
1785248351956,true,1785248351998,LeaderAccept
1785248351981,true,1785248352022,LeaderAccept
1785248352006,true,1785248352048,LeaderAccept
1785248352031,true,1785248352072,LeaderAccept
1785248352057,false,1785248352099,LeaderAccept
1785248352082,false,1785248352124,LeaderAccept
1785248352109,false,1785248352151,LeaderAccept
1785248352135,false,1785248352176,LeaderAccept
1785248352162,false,1785248352203,LeaderAccept
1785248352189,false,1785248352230,LeaderAccept
1785248352216,false,1785248352257,LeaderAccept
1785248352243,false,1785248352284,LeaderAccept
1785248352270,true,1785248352312,LeaderAccept
1785248352299,true,1785248352341,LeaderAccept
1785248352328,false,1785248352369,LeaderAccept
1785248352357,true,1785248352399,LeaderAccept
1785248352387,true,1785248352428,LeaderAccept
1785248352417,true,1785248352459,LeaderAccept
1785248352448,false,1785248352489,LeaderAccept
1785248352479,true,1785248352521,LeaderAccept
1785248352509,false,1785248352551,LeaderAccept
1785248352540,false,1785248352582,LeaderAccept
1785248352572,false,1785248352613,LeaderAccept
1785248352604,true,1785248352646,LeaderAccept
1785248352638,true,1785248352679,LeaderAccept
1785248352672,false,1785248352713,LeaderAccept
1785248352707,true,1785248352748,LeaderAccept
1785248352742,false,1785248352783,LeaderAccept
1785248352776,true,1785248352818,LeaderAccept
1785248352812,false,1785248352853,LeaderAccept
1785248352849,true,1785248352891,LeaderAccept
1785248352887,true,1785248352928,LeaderAccept
1785248352924,false,1785248352965,LeaderAccept
1785248352962,true,1785248353004,LeaderAccept
1785248353002,false,1785248353043,LeaderAccept
1785248353042,false,1785248353084,LeaderAccept
1785248353084,false,1785248353125,LeaderAccept
1785248353125,true,1785248353166,LeaderAccept
1785248353167,false,1785248353209,LeaderAccept
1785248353211,false,1785248353253,LeaderAccept
1785248353256,false,1785248353297,LeaderAccept
1785248353302,true,1785248353344,LeaderAccept
1785248353348,true,1785248353390,LeaderAccept
1785248353396,true,1785248353438,LeaderAccept
1785248353445,false,1785248353487,LeaderAccept
1785248353495,true,1785248353537,LeaderAccept
1785248353546,true,1785248353588,LeaderAccept
1785248353599,true,1785248353641,LeaderAccept
1785248353653,true,1785248353694,LeaderAccept
1785248353708,true,1785248353749,LeaderAccept
1785248353765,true,1785248353807,LeaderAccept
1785248353823,true,1785248353865,LeaderAccept
1785248353883,false,1785248353925,LeaderAccept
1785248353944,false,1785248353986,LeaderAccept
1785248354008,false,1785248354049,LeaderAccept
1785248354074,true,1785248354115,LeaderAccept
1785248354142,true,1785248354183,LeaderAccept
1785248354213,false,1785248354254,LeaderAccept
1785248354286,true,1785248354328,LeaderAccept
1785248354361,true,1785248354403,LeaderAccept
1785248354439,true,1785248354481,LeaderAccept
1785248354521,false,1785248354562,LeaderAccept
1785248354606,true,1785248354647,LeaderAccept
1785248354693,false,1785248354735,LeaderAccept
1785248354786,false,1785248354827,LeaderAccept
1785248354883,true,1785248354925,LeaderAccept
1785248354985,false,1785248355027,LeaderAccept
1785248355092,false,1785248355134,LeaderAccept
1785248355205,false,1785248355247,LeaderAccept
1785248355323,false,1785248355365,LeaderAccept
1785248355450,true,1785248355492,LeaderAccept
1785248355585,true,1785248355626,LeaderAccept
1785248355729,true,1785248355771,LeaderAccept
1785248355884,true,1785248355926,LeaderAccept
1785248356051,true,1785248356093,LeaderAccept
1785248356232,true,1785248356274,LeaderAccept
1785248356429,false,1785248356471,LeaderAccept
1785248356648,true,1785248356689,LeaderAccept
1785248356891,false,1785248356933,LeaderAccept
1785248357166,false,1785248357207,LeaderAccept
1785248357482,true,1785248357523,LeaderAccept
1785248357850,false,1785248357893,LeaderAccept
1785248358293,false,1785248358335,LeaderAccept
1785248358847,false,1785248358888,LeaderAccept
1785248359575,false,1785248359617,LeaderAccept
1785248360624,false,1785248360663,FastAccept
1785248362394,false,1785248362432,FastAccept
1785248366682,false,1785248366723,LeaderAccept
1785248371774,true,1785248371815,LeaderAccept
1785248371806,false,1785248371847,LeaderAccept
1785248371839,true,1785248371880,LeaderAccept
1785248371872,true,1785248371914,LeaderAccept
1785248371907,true,1785248371948,LeaderAccept
1785248371941,false,1785248371982,LeaderAccept
1785248371976,true,1785248372017,LeaderAccept
1785248372011,true,1785248372053,LeaderAccept
1785248372046,true,1785248372088,LeaderAccept
1785248372084,true,1785248372126,LeaderAccept
1785248372122,false,1785248372163,LeaderAccept
1785248372160,false,1785248372201,LeaderAccept
1785248372199,false,1785248372241,LeaderAccept
1785248372239,false,1785248372281,LeaderAccept
1785248372280,true,1785248372322,LeaderAccept
1785248372322,true,1785248372364,LeaderAccept
1785248372364,false,1785248372406,LeaderAccept
1785248372407,true,1785248372448,LeaderAccept
1785248372451,false,1785248372492,LeaderAccept
1785248372495,true,1785248372537,LeaderAccept
1785248372541,false,1785248372582,LeaderAccept
1785248372587,true,1785248372629,LeaderAccept
1785248372636,false,1785248372677,LeaderAccept
1785248372685,true,1785248372727,LeaderAccept
1785248372736,false,1785248372777,LeaderAccept
1785248372787,true,1785248372828,LeaderAccept
1785248372841,false,1785248372882,LeaderAccept
1785248372895,true,1785248372937,LeaderAccept
1785248372951,true,1785248372992,LeaderAccept
1785248373007,true,1785248373048,LeaderAccept
1785248373067,true,1785248373108,LeaderAccept
1785248373128,true,1785248373169,LeaderAccept
1785248373191,false,1785248373232,LeaderAccept
1785248373254,false,1785248373296,LeaderAccept
1785248373321,false,1785248373362,LeaderAccept
1785248373390,false,1785248373431,LeaderAccept
1785248373460,false,1785248373502,LeaderAccept
1785248373534,false,1785248373575,LeaderAccept
1785248373609,false,1785248373651,LeaderAccept
1785248373689,true,1785248373730,LeaderAccept
1785248373771,true,1785248373812,LeaderAccept
1785248373857,false,1785248373899,LeaderAccept
1785248373946,false,1785248373988,LeaderAccept
1785248374040,false,1785248374081,LeaderAccept
1785248374138,false,1785248374179,LeaderAccept
1785248374241,true,1785248374282,LeaderAccept
1785248374350,true,1785248374392,LeaderAccept
1785248374464,true,1785248374506,LeaderAccept
1785248374584,true,1785248374626,LeaderAccept
1785248374712,false,1785248374754,LeaderAccept
1785248374849,true,1785248374891,LeaderAccept
1785248374995,true,1785248375037,LeaderAccept
1785248375153,false,1785248375194,LeaderAccept
1785248375324,false,1785248375365,LeaderAccept
1785248375509,false,1785248375550,LeaderAccept
1785248375712,false,1785248375753,LeaderAccept
1785248375937,false,1785248375979,LeaderAccept
1785248376188,true,1785248376229,LeaderAccept
1785248376473,true,1785248376514,LeaderAccept
1785248376802,true,1785248376841,FastAccept
1785248377187,false,1785248377226,FastAccept
1785248377656,true,1785248377695,FastAccept
1785248378249,true,1785248378287,FastAccept
1785248379045,true,1785248379084,FastAccept
1785248380229,true,1785248380298,LeaderAccept
1785248382371,true,1785248382412,LeaderAccept
1785248385965,true,1785248386007,LeaderAccept
1785248385988,true,1785248386029,LeaderAccept
1785248386011,false,1785248386052,LeaderAccept
1785248386034,true,1785248386075,LeaderAccept
1785248386057,true,1785248386098,LeaderAccept
1785248386081,false,1785248386122,LeaderAccept
1785248386105,false,1785248386146,LeaderAccept
1785248386128,false,1785248386170,LeaderAccept
1785248386153,false,1785248386194,LeaderAccept
1785248386178,false,1785248386219,LeaderAccept
1785248386203,false,1785248386245,LeaderAccept
1785248386229,false,1785248386270,LeaderAccept
1785248386254,false,1785248386295,LeaderAccept
1785248386280,false,1785248386321,LeaderAccept
1785248386306,true,1785248386347,LeaderAccept
1785248386332,true,1785248386373,LeaderAccept
1785248386359,false,1785248386400,LeaderAccept
1785248386387,true,1785248386428,LeaderAccept
1785248386413,true,1785248386455,LeaderAccept
1785248386441,true,1785248386482,LeaderAccept
1785248386469,true,1785248386510,LeaderAccept
1785248386498,true,1785248386539,LeaderAccept
1785248386526,false,1785248386567,LeaderAccept
1785248386556,false,1785248386597,LeaderAccept
1785248386586,true,1785248386627,LeaderAccept
1785248386615,false,1785248386657,LeaderAccept
1785248386646,true,1785248386687,LeaderAccept
1785248386677,true,1785248386718,LeaderAccept
1785248386709,false,1785248386750,LeaderAccept
1785248386742,true,1785248386783,LeaderAccept
1785248386774,false,1785248386815,LeaderAccept
1785248386807,false,1785248386849,LeaderAccept
1785248386841,false,1785248386882,LeaderAccept
1785248386875,true,1785248386916,LeaderAccept
1785248386910,false,1785248386951,LeaderAccept
1785248386946,false,1785248386987,LeaderAccept
1785248386982,true,1785248387023,LeaderAccept
1785248387018,true,1785248387060,LeaderAccept
1785248387055,false,1785248387096,LeaderAccept
1785248387094,true,1785248387135,LeaderAccept
1785248387133,false,1785248387174,LeaderAccept
1785248387171,false,1785248387213,LeaderAccept
1785248387212,false,1785248387254,LeaderAccept
1785248387252,true,1785248387294,LeaderAccept
1785248387294,false,1785248387336,LeaderAccept
1785248387337,false,1785248387378,LeaderAccept
1785248387379,false,1785248387421,LeaderAccept
1785248387423,false,1785248387465,LeaderAccept
1785248387469,false,1785248387510,LeaderAccept
1785248387514,false,1785248387556,LeaderAccept
1785248387562,true,1785248387603,LeaderAccept
1785248387611,false,1785248387652,LeaderAccept
1785248387661,false,1785248387703,LeaderAccept
1785248387712,true,1785248387754,LeaderAccept
1785248387764,true,1785248387805,LeaderAccept
1785248387818,true,1785248387859,LeaderAccept
1785248387873,false,1785248387915,LeaderAccept
1785248387930,false,1785248387972,LeaderAccept
1785248387988,false,1785248388029,LeaderAccept
1785248388048,true,1785248388089,LeaderAccept
1785248388109,true,1785248388150,LeaderAccept
1785248388173,false,1785248388215,LeaderAccept
1785248388239,true,1785248388281,LeaderAccept
1785248388307,true,1785248388348,LeaderAccept
1785248388376,true,1785248388418,LeaderAccept
1785248388448,false,1785248388490,LeaderAccept
1785248388524,true,1785248388565,LeaderAccept
1785248388602,false,1785248388643,LeaderAccept
1785248388683,false,1785248388725,LeaderAccept
1785248388767,false,1785248388808,LeaderAccept
1785248388855,true,1785248388897,LeaderAccept
1785248388947,false,1785248388989,LeaderAccept
1785248389043,true,1785248389085,LeaderAccept
1785248389144,true,1785248389186,LeaderAccept
1785248389250,false,1785248389292,LeaderAccept
1785248389361,true,1785248389403,LeaderAccept
1785248389479,true,1785248389521,LeaderAccept
1785248389604,false,1785248389646,LeaderAccept
1785248389737,true,1785248389779,LeaderAccept
1785248389879,true,1785248389920,LeaderAccept
1785248390031,true,1785248390072,LeaderAccept
1785248390195,true,1785248390236,LeaderAccept
1785248390373,false,1785248390415,LeaderAccept
1785248390567,false,1785248390609,LeaderAccept
1785248390781,false,1785248390822,LeaderAccept
1785248391019,true,1785248391061,LeaderAccept
1785248391287,true,1785248391329,LeaderAccept
1785248391593,false,1785248391632,FastAccept
1785248391949,false,1785248391988,FastAccept
1785248392375,true,1785248392414,FastAccept
1785248392900,true,1785248392939,FastAccept
1785248393584,false,1785248393647,SlowAccept
1785248394547,false,1785248394587,LeaderAccept
1785248396103,true,1785248396144,LeaderAccept
1785248397289,true,1785248397331,LeaderAccept
1785248397318,true,1785248397359,LeaderAccept
1785248397347,true,1785248397388,LeaderAccept
1785248397376,false,1785248397417,LeaderAccept
1785248397406,false,1785248397447,LeaderAccept
1785248397436,true,1785248397477,LeaderAccept
1785248397465,false,1785248397507,LeaderAccept
1785248397496,false,1785248397537,LeaderAccept
1785248397527,true,1785248397569,LeaderAccept
1785248397559,false,1785248397601,LeaderAccept
1785248397592,false,1785248397633,LeaderAccept
1785248397625,true,1785248397667,LeaderAccept
1785248397658,true,1785248397699,LeaderAccept
1785248397692,true,1785248397733,LeaderAccept
1785248397726,false,1785248397767,LeaderAccept
1785248397760,false,1785248397802,LeaderAccept
1785248397796,false,1785248397837,LeaderAccept
1785248397832,true,1785248397873,LeaderAccept
1785248397869,true,1785248397910,LeaderAccept
1785248397905,false,1785248397947,LeaderAccept
1785248397943,false,1785248397985,LeaderAccept
1785248397982,true,1785248398023,LeaderAccept
1785248398021,false,1785248398062,LeaderAccept
1785248398061,false,1785248398102,LeaderAccept
1785248398102,true,1785248398143,LeaderAccept
1785248398144,false,1785248398185,LeaderAccept
1785248398187,false,1785248398228,LeaderAccept
1785248398229,true,1785248398270,LeaderAccept
1785248398273,false,1785248398315,LeaderAccept
1785248398319,false,1785248398361,LeaderAccept
1785248398366,true,1785248398407,LeaderAccept
1785248398413,false,1785248398454,LeaderAccept
1785248398461,false,1785248398503,LeaderAccept
1785248398511,true,1785248398553,LeaderAccept
1785248398563,true,1785248398605,LeaderAccept
1785248398616,false,1785248398657,LeaderAccept
1785248398670,true,1785248398711,LeaderAccept
1785248398724,true,1785248398766,LeaderAccept
1785248398781,false,1785248398822,LeaderAccept
1785248398838,true,1785248398880,LeaderAccept
1785248398899,true,1785248398941,LeaderAccept
1785248398961,false,1785248399002,LeaderAccept
1785248399025,false,1785248399067,LeaderAccept
1785248399091,true,1785248399133,LeaderAccept
1785248399159,false,1785248399201,LeaderAccept
1785248399230,true,1785248399272,LeaderAccept
1785248399303,true,1785248399345,LeaderAccept
1785248399378,false,1785248399419,LeaderAccept
1785248399455,false,1785248399497,LeaderAccept
1785248399537,false,1785248399578,LeaderAccept
1785248399620,true,1785248399661,LeaderAccept
1785248399709,true,1785248399750,LeaderAccept
1785248399800,true,1785248399842,LeaderAccept
1785248399897,false,1785248399939,LeaderAccept
1785248399998,true,1785248400040,LeaderAccept
1785248400104,false,1785248400145,LeaderAccept
1785248400216,false,1785248400257,LeaderAccept
1785248400334,false,1785248400374,LeaderAccept
1785248400459,false,1785248400500,LeaderAccept
1785248400592,false,1785248400634,LeaderAccept
1785248400734,false,1785248400776,LeaderAccept
1785248400887,true,1785248400929,LeaderAccept
1785248401052,true,1785248401094,LeaderAccept
1785248401231,false,1785248401273,LeaderAccept
1785248401427,false,1785248401468,LeaderAccept
1785248401643,false,1785248401684,LeaderAccept
1785248401883,true,1785248401924,LeaderAccept
1785248402153,true,1785248402194,LeaderAccept
1785248402462,false,1785248402503,LeaderAccept
1785248402821,false,1785248402863,LeaderAccept
1785248403252,false,1785248403294,LeaderAccept
1785248403787,true,1785248403829,LeaderAccept
1785248404485,true,1785248404527,LeaderAccept
1785248405475,false,1785248405518,LeaderAccept
1785248407099,false,1785248407137,FastAccept
1785248410751,false,1785248410793,LeaderAccept
1785248421386,false,1785248421425,FastAccept
1785248421420,false,1785248421459,FastAccept
1785248421454,true,1785248421493,FastAccept
1785248421489,false,1785248421528,FastAccept
1785248421524,false,1785248421563,FastAccept
1785248421560,false,1785248421599,FastAccept
1785248421597,false,1785248421636,FastAccept
1785248421634,true,1785248421673,FastAccept
1785248421672,false,1785248421711,FastAccept
1785248421711,false,1785248421749,FastAccept
1785248421749,false,1785248421788,FastAccept
1785248421789,false,1785248421828,FastAccept
1785248421830,false,1785248421869,FastAccept
1785248421871,true,1785248421910,FastAccept
1785248421914,false,1785248421952,FastAccept
1785248421957,false,1785248421995,FastAccept
1785248422001,false,1785248422039,FastAccept
1785248422046,true,1785248422085,FastAccept
1785248422092,true,1785248422131,FastAccept
1785248422139,false,1785248422178,FastAccept
1785248422188,true,1785248422227,FastAccept
1785248422238,false,1785248422276,FastAccept
1785248422289,false,1785248422327,FastAccept
1785248422341,false,1785248422379,FastAccept
1785248422394,false,1785248422432,FastAccept
1785248422449,false,1785248422488,FastAccept
1785248422505,false,1785248422544,FastAccept
1785248422563,false,1785248422603,FastAccept
1785248422623,true,1785248422662,FastAccept
1785248422684,false,1785248422723,FastAccept
1785248422748,true,1785248422787,FastAccept
1785248422813,false,1785248422852,FastAccept
1785248422880,true,1785248422919,FastAccept
1785248422950,true,1785248422989,FastAccept
1785248423022,false,1785248423061,FastAccept
1785248423097,false,1785248423135,FastAccept
1785248423174,false,1785248423213,FastAccept
1785248423254,false,1785248423293,FastAccept
1785248423337,false,1785248423376,FastAccept
1785248423424,true,1785248423463,FastAccept
1785248423515,true,1785248423554,FastAccept
1785248423610,false,1785248423650,FastAccept
1785248423710,true,1785248423749,FastAccept
1785248423814,false,1785248423853,FastAccept
1785248423924,true,1785248423963,FastAccept
1785248424040,false,1785248424079,FastAccept
1785248424163,true,1785248424202,FastAccept
1785248424294,false,1785248424333,FastAccept
1785248424434,false,1785248424473,FastAccept
1785248424583,true,1785248424623,FastAccept
1785248424745,true,1785248424784,FastAccept
1785248424920,true,1785248424958,FastAccept
1785248425110,false,1785248425148,FastAccept
1785248425318,false,1785248425357,FastAccept
1785248425551,true,1785248425589,FastAccept
1785248425811,true,1785248425850,FastAccept
1785248426108,false,1785248426147,FastAccept
1785248426452,false,1785248426491,FastAccept
1785248426861,true,1785248426900,FastAccept
1785248427362,false,1785248427400,FastAccept
1785248428003,true,1785248428042,FastAccept
1785248428888,false,1785248428935,LeaderAccept
1785248430265,false,1785248430306,LeaderAccept
1785248433003,false,1785248433042,FastAccept
1785248440824,true,1785248440865,LeaderAccept
1785248440842,true,1785248440882,LeaderAccept
1785248440859,true,1785248440901,LeaderAccept
1785248440876,false,1785248440917,LeaderAccept
1785248440893,false,1785248440934,LeaderAccept
1785248440911,true,1785248440952,LeaderAccept
1785248440929,false,1785248440970,LeaderAccept
1785248440947,false,1785248440988,LeaderAccept
1785248440965,false,1785248441006,LeaderAccept
1785248440982,false,1785248441023,LeaderAccept
1785248441000,false,1785248441041,LeaderAccept
1785248441019,true,1785248441060,LeaderAccept
1785248441038,true,1785248441078,LeaderAccept
1785248441057,true,1785248441098,LeaderAccept
1785248441076,false,1785248441117,LeaderAccept
1785248441096,false,1785248441137,LeaderAccept
1785248441115,false,1785248441156,LeaderAccept
1785248441134,true,1785248441175,LeaderAccept
1785248441154,true,1785248441195,LeaderAccept
1785248441174,false,1785248441215,LeaderAccept
1785248441194,true,1785248441235,LeaderAccept
1785248441213,true,1785248441255,LeaderAccept
1785248441234,true,1785248441276,LeaderAccept
1785248441255,true,1785248441296,LeaderAccept
1785248441276,true,1785248441317,LeaderAccept
1785248441296,false,1785248441337,LeaderAccept
1785248441318,false,1785248441359,LeaderAccept
1785248441339,false,1785248441380,LeaderAccept
1785248441361,false,1785248441402,LeaderAccept
1785248441383,true,1785248441424,LeaderAccept
1785248441406,true,1785248441447,LeaderAccept
1785248441429,false,1785248441470,LeaderAccept
1785248441451,false,1785248441492,LeaderAccept
1785248441475,false,1785248441516,LeaderAccept
1785248441498,true,1785248441539,LeaderAccept
1785248441521,true,1785248441562,LeaderAccept
1785248441545,false,1785248441586,LeaderAccept
1785248441568,true,1785248441609,LeaderAccept
1785248441593,true,1785248441634,LeaderAccept
1785248441617,false,1785248441659,LeaderAccept
1785248441643,true,1785248441684,LeaderAccept
1785248441669,true,1785248441710,LeaderAccept
1785248441693,false,1785248441734,LeaderAccept
1785248441719,false,1785248441760,LeaderAccept
1785248441745,false,1785248441786,LeaderAccept
1785248441771,true,1785248441812,LeaderAccept
1785248441798,false,1785248441839,LeaderAccept
1785248441825,true,1785248441866,LeaderAccept
1785248441852,true,1785248441894,LeaderAccept
1785248441880,true,1785248441921,LeaderAccept
1785248441909,true,1785248441950,LeaderAccept
1785248441938,false,1785248441979,LeaderAccept
1785248441967,false,1785248442007,LeaderAccept
1785248441996,true,1785248442037,LeaderAccept
1785248442026,true,1785248442067,LeaderAccept
1785248442055,false,1785248442097,LeaderAccept
1785248442085,false,1785248442127,LeaderAccept
1785248442117,true,1785248442158,LeaderAccept
1785248442149,true,1785248442190,LeaderAccept
1785248442180,true,1785248442221,LeaderAccept
1785248442212,true,1785248442254,LeaderAccept
1785248442246,false,1785248442287,LeaderAccept
1785248442279,true,1785248442320,LeaderAccept
1785248442313,false,1785248442355,LeaderAccept
1785248442348,false,1785248442389,LeaderAccept
1785248442383,true,1785248442424,LeaderAccept
1785248442418,false,1785248442460,LeaderAccept
1785248442454,false,1785248442496,LeaderAccept
1785248442492,false,1785248442534,LeaderAccept
1785248442530,false,1785248442572,LeaderAccept
1785248442569,true,1785248442610,LeaderAccept
1785248442608,false,1785248442649,LeaderAccept
1785248442647,false,1785248442688,LeaderAccept
1785248442688,true,1785248442729,LeaderAccept
1785248442729,false,1785248442770,LeaderAccept
1785248442771,true,1785248442813,LeaderAccept
1785248442815,false,1785248442856,LeaderAccept
1785248442858,true,1785248442900,LeaderAccept
1785248442904,true,1785248442945,LeaderAccept
1785248442949,true,1785248442991,LeaderAccept
1785248442997,true,1785248443038,LeaderAccept
1785248443046,true,1785248443087,LeaderAccept
1785248443095,true,1785248443136,LeaderAccept
1785248443146,true,1785248443187,LeaderAccept
1785248443198,true,1785248443239,LeaderAccept
1785248443251,true,1785248443292,LeaderAccept
1785248443306,true,1785248443347,LeaderAccept
1785248443361,true,1785248443402,LeaderAccept
1785248443418,false,1785248443459,LeaderAccept
1785248443478,true,1785248443519,LeaderAccept
1785248443538,false,1785248443579,LeaderAccept
1785248443602,false,1785248443644,LeaderAccept
1785248443667,false,1785248443708,LeaderAccept
1785248443735,false,1785248443777,LeaderAccept
1785248443805,false,1785248443846,LeaderAccept
1785248443877,false,1785248443918,LeaderAccept
1785248443952,false,1785248443993,LeaderAccept
1785248444029,true,1785248444070,LeaderAccept
1785248444108,true,1785248444150,LeaderAccept
1785248444192,true,1785248444233,LeaderAccept
1785248444279,false,1785248444320,LeaderAccept
1785248444369,false,1785248444411,LeaderAccept
1785248444465,false,1785248444505,LeaderAccept
1785248444565,true,1785248444606,LeaderAccept
1785248444669,false,1785248444710,LeaderAccept
1785248444779,false,1785248444820,LeaderAccept
1785248444895,false,1785248444936,LeaderAccept
1785248445019,false,1785248445060,LeaderAccept
1785248445149,false,1785248445191,LeaderAccept
1785248445288,true,1785248445330,LeaderAccept
1785248445438,true,1785248445479,LeaderAccept
1785248445598,false,1785248445640,LeaderAccept
1785248445773,true,1785248445815,LeaderAccept
1785248445964,false,1785248446006,LeaderAccept
1785248446174,true,1785248446216,LeaderAccept
1785248446406,true,1785248446448,LeaderAccept
1785248446667,true,1785248446708,LeaderAccept
1785248446963,false,1785248447004,LeaderAccept
1785248447308,false,1785248447350,LeaderAccept
1785248447717,true,1785248447758,LeaderAccept
1785248448219,true,1785248448260,LeaderAccept
1785248448863,true,1785248448905,LeaderAccept
1785248449752,false,1785248449794,LeaderAccept
1785248451136,false,1785248451175,FastAccept
1785248453902,false,1785248453941,FastAccept
1785248464918,false,1785248464960,LeaderAccept
1785248469872,true,1785248469911,FastAccept
1785248469889,false,1785248469928,FastAccept
1785248469905,false,1785248469944,FastAccept
1785248469921,false,1785248469959,FastAccept
1785248469937,false,1785248469976,FastAccept
1785248469953,true,1785248469991,FastAccept
1785248469970,true,1785248470008,FastAccept
1785248469986,true,1785248470024,FastAccept
1785248470002,false,1785248470041,FastAccept
1785248470019,false,1785248470058,FastAccept
1785248470037,false,1785248470075,FastAccept
1785248470054,false,1785248470093,FastAccept
1785248470072,true,1785248470110,FastAccept
1785248470090,false,1785248470129,FastAccept
1785248470108,false,1785248470147,FastAccept
1785248470126,false,1785248470165,FastAccept
1785248470144,false,1785248470183,FastAccept
1785248470162,true,1785248470201,FastAccept
1785248470180,false,1785248470218,FastAccept
1785248470199,false,1785248470238,FastAccept
1785248470218,false,1785248470256,FastAccept
1785248470237,true,1785248470275,FastAccept
1785248470256,false,1785248470294,FastAccept
1785248470275,true,1785248470313,FastAccept
1785248470294,false,1785248470333,FastAccept
1785248470313,false,1785248470352,FastAccept
1785248470332,false,1785248470371,FastAccept
1785248470352,true,1785248470407,LeaderAccept
1785248470372,false,1785248470433,LeaderAccept
1785248470392,false,1785248470479,LeaderAccept
1785248470412,false,1785248470458,FastAccept
1785248470433,true,1785248470474,LeaderAccept
1785248470453,false,1785248470495,LeaderAccept
1785248470474,true,1785248470515,LeaderAccept
1785248470495,true,1785248470536,LeaderAccept
1785248470515,false,1785248470557,LeaderAccept
1785248470536,false,1785248470577,LeaderAccept
1785248470558,true,1785248470599,LeaderAccept
1785248470580,false,1785248470621,LeaderAccept
1785248470602,false,1785248470644,LeaderAccept
1785248470624,false,1785248470665,LeaderAccept
1785248470647,false,1785248470688,LeaderAccept
1785248470669,false,1785248470711,LeaderAccept
1785248470693,false,1785248470734,LeaderAccept
1785248470717,false,1785248470758,LeaderAccept
1785248470740,true,1785248470781,LeaderAccept
1785248470765,false,1785248470806,LeaderAccept
1785248470788,false,1785248470829,LeaderAccept
1785248470813,false,1785248470854,LeaderAccept
1785248470837,true,1785248470879,LeaderAccept
1785248470863,true,1785248470904,LeaderAccept
1785248470888,true,1785248470930,LeaderAccept
1785248470914,true,1785248470955,LeaderAccept
1785248470940,true,1785248470981,LeaderAccept
1785248470965,true,1785248471007,LeaderAccept
1785248470991,true,1785248471032,LeaderAccept
1785248471019,true,1785248471060,LeaderAccept
1785248471046,true,1785248471087,LeaderAccept
1785248471073,false,1785248471114,LeaderAccept
1785248471101,true,1785248471142,LeaderAccept
1785248471129,false,1785248471171,LeaderAccept
1785248471157,true,1785248471199,LeaderAccept
1785248471187,true,1785248471228,LeaderAccept
1785248471217,false,1785248471258,LeaderAccept
1785248471247,false,1785248471289,LeaderAccept
1785248471278,true,1785248471319,LeaderAccept
1785248471309,false,1785248471350,LeaderAccept
1785248471340,false,1785248471382,LeaderAccept
1785248471372,true,1785248471414,LeaderAccept
1785248471404,false,1785248471446,LeaderAccept
1785248471437,false,1785248471478,LeaderAccept
1785248471470,false,1785248471511,LeaderAccept
1785248471503,true,1785248471545,LeaderAccept
1785248471538,true,1785248471580,LeaderAccept
1785248471573,true,1785248471614,LeaderAccept
1785248471609,true,1785248471650,LeaderAccept
1785248471645,false,1785248471686,LeaderAccept
1785248471682,true,1785248471723,LeaderAccept
1785248471718,true,1785248471760,LeaderAccept
1785248471757,true,1785248471798,LeaderAccept
1785248471796,false,1785248471837,LeaderAccept
1785248471835,false,1785248471877,LeaderAccept
1785248471876,true,1785248471918,LeaderAccept
1785248471918,false,1785248471959,LeaderAccept
1785248471960,true,1785248472001,LeaderAccept
1785248472002,false,1785248472044,LeaderAccept
1785248472046,false,1785248472088,LeaderAccept
1785248472091,false,1785248472133,LeaderAccept
1785248472137,false,1785248472178,LeaderAccept
1785248472184,true,1785248472226,LeaderAccept
1785248472232,true,1785248472274,LeaderAccept
1785248472282,false,1785248472324,LeaderAccept
1785248472332,true,1785248472374,LeaderAccept
1785248472384,true,1785248472426,LeaderAccept
1785248472437,false,1785248472479,LeaderAccept
1785248472492,false,1785248472534,LeaderAccept
1785248472548,true,1785248472590,LeaderAccept
1785248472605,false,1785248472646,LeaderAccept
1785248472663,true,1785248472705,LeaderAccept
1785248472724,false,1785248472765,LeaderAccept
1785248472787,false,1785248472828,LeaderAccept
1785248472851,true,1785248472893,LeaderAccept
1785248472918,true,1785248472960,LeaderAccept
1785248472986,true,1785248473028,LeaderAccept
1785248473058,true,1785248473099,LeaderAccept
1785248473130,false,1785248473171,LeaderAccept
1785248473207,true,1785248473249,LeaderAccept
1785248473286,false,1785248473328,LeaderAccept
1785248473369,false,1785248473410,LeaderAccept
1785248473455,true,1785248473497,LeaderAccept
1785248473544,true,1785248473585,LeaderAccept
1785248473637,false,1785248473678,LeaderAccept
1785248473735,false,1785248473776,LeaderAccept
1785248473838,true,1785248473880,LeaderAccept
1785248473946,false,1785248473988,LeaderAccept
1785248474061,true,1785248474102,LeaderAccept
1785248474181,false,1785248474224,LeaderAccept
1785248474310,false,1785248474352,LeaderAccept
1785248474446,false,1785248474488,LeaderAccept
1785248474593,false,1785248474635,LeaderAccept
1785248474751,false,1785248474792,LeaderAccept
1785248474921,true,1785248474962,LeaderAccept
1785248475106,false,1785248475147,LeaderAccept
1785248475309,true,1785248475350,LeaderAccept
1785248475533,false,1785248475574,LeaderAccept
1785248475784,false,1785248475825,LeaderAccept
1785248476067,true,1785248476109,LeaderAccept
1785248476394,false,1785248476436,LeaderAccept
1785248476778,true,1785248476820,LeaderAccept
1785248477245,false,1785248477286,LeaderAccept
1785248477834,true,1785248477876,LeaderAccept
1785248478624,true,1785248478665,LeaderAccept
1785248479795,true,1785248479836,LeaderAccept
1785248481898,true,1785248481940,LeaderAccept
1785248487915,true,1785248487954,FastAccept
1785248533369,true,1785248533408,FastAccept
1785248533388,false,1785248533427,FastAccept
1785248533408,false,1785248533446,FastAccept
1785248533427,true,1785248533466,FastAccept
1785248533446,false,1785248533485,FastAccept
1785248533467,true,1785248533506,FastAccept
1785248533488,true,1785248533527,FastAccept
1785248533509,true,1785248533548,FastAccept
1785248533530,false,1785248533569,FastAccept
1785248533550,true,1785248533589,FastAccept
1785248533571,false,1785248533610,FastAccept
1785248533593,false,1785248533632,FastAccept
1785248533614,false,1785248533653,FastAccept
1785248533636,false,1785248533675,FastAccept
1785248533658,false,1785248533697,FastAccept
1785248533680,true,1785248533719,FastAccept
1785248533702,false,1785248533742,FastAccept
1785248533725,false,1785248533764,FastAccept
1785248533748,false,1785248533787,FastAccept
1785248533772,false,1785248533811,FastAccept
1785248533796,true,1785248533835,FastAccept
1785248533820,false,1785248533859,FastAccept
1785248533844,false,1785248533883,FastAccept
1785248533868,true,1785248533907,FastAccept
1785248533892,false,1785248533931,FastAccept
1785248533918,true,1785248533957,FastAccept
1785248533943,true,1785248533982,FastAccept
1785248533967,true,1785248534007,FastAccept
1785248533994,true,1785248534033,FastAccept
1785248534020,true,1785248534059,FastAccept
1785248534047,true,1785248534107,LeaderAccept
1785248534074,false,1785248534133,LeaderAccept
1785248534101,false,1785248534160,LeaderAccept
1785248534129,true,1785248534186,LeaderAccept
1785248534156,false,1785248534212,LeaderAccept
1785248534185,true,1785248534232,LeaderAccept
1785248534214,true,1785248534256,LeaderAccept
1785248534244,false,1785248534285,LeaderAccept
1785248534273,true,1785248534314,LeaderAccept
1785248534302,false,1785248534344,LeaderAccept
1785248534333,true,1785248534374,LeaderAccept
1785248534363,true,1785248534406,LeaderAccept
1785248534394,false,1785248534436,LeaderAccept
1785248534425,false,1785248534467,LeaderAccept
1785248534458,true,1785248534499,LeaderAccept
1785248534490,false,1785248534532,LeaderAccept
1785248534522,true,1785248534564,LeaderAccept
1785248534555,true,1785248534597,LeaderAccept
1785248534590,true,1785248534632,LeaderAccept
1785248534625,false,1785248534667,LeaderAccept
1785248534661,true,1785248534702,LeaderAccept
1785248534697,true,1785248534739,LeaderAccept
1785248534733,true,1785248534775,LeaderAccept
1785248534771,true,1785248534813,LeaderAccept
1785248534810,false,1785248534852,LeaderAccept
1785248534849,false,1785248534891,LeaderAccept
1785248534889,true,1785248534931,LeaderAccept
1785248534929,false,1785248534971,LeaderAccept
1785248534971,false,1785248535013,LeaderAccept
1785248535013,false,1785248535054,LeaderAccept
1785248535055,false,1785248535097,LeaderAccept
1785248535098,true,1785248535140,LeaderAccept
1785248535143,true,1785248535184,LeaderAccept
1785248535187,false,1785248535229,LeaderAccept
1785248535233,true,1785248535275,LeaderAccept
1785248535281,false,1785248535323,LeaderAccept
1785248535330,false,1785248535372,LeaderAccept
1785248535380,false,1785248535421,LeaderAccept
1785248535431,true,1785248535473,LeaderAccept
1785248535484,false,1785248535525,LeaderAccept
1785248535538,true,1785248535579,LeaderAccept
1785248535593,false,1785248535635,LeaderAccept
1785248535650,false,1785248535692,LeaderAccept
1785248535709,false,1785248535750,LeaderAccept
1785248535768,false,1785248535810,LeaderAccept
1785248535830,true,1785248535872,LeaderAccept
1785248535893,false,1785248535935,LeaderAccept
1785248535959,true,1785248536001,LeaderAccept
1785248536027,false,1785248536069,LeaderAccept
1785248536098,false,1785248536139,LeaderAccept
1785248536171,true,1785248536212,LeaderAccept
1785248536246,false,1785248536287,LeaderAccept
1785248536324,true,1785248536365,LeaderAccept
1785248536405,true,1785248536447,LeaderAccept
1785248536489,false,1785248536531,LeaderAccept
1785248536578,true,1785248536620,LeaderAccept
1785248536670,false,1785248536712,LeaderAccept
1785248536767,false,1785248536809,LeaderAccept
1785248536869,true,1785248536912,LeaderAccept
1785248536976,true,1785248537018,LeaderAccept
1785248537089,true,1785248537130,LeaderAccept
1785248537208,true,1785248537250,LeaderAccept
1785248537334,false,1785248537376,LeaderAccept
1785248537467,true,1785248537509,LeaderAccept
1785248537611,false,1785248537653,LeaderAccept
1785248537765,false,1785248537807,LeaderAccept
1785248537931,true,1785248537973,LeaderAccept
1785248538111,false,1785248538153,LeaderAccept
1785248538308,false,1785248538351,LeaderAccept
1785248538526,false,1785248538565,FastAccept
1785248538768,true,1785248538807,FastAccept
1785248539041,true,1785248539080,FastAccept
1785248539353,true,1785248539392,FastAccept
1785248539719,true,1785248539758,FastAccept
1785248540158,true,1785248540197,FastAccept
1785248540705,true,1785248540744,FastAccept
1785248541423,false,1785248541464,LeaderAccept
1785248542451,false,1785248542492,LeaderAccept
1785248544167,true,1785248544208,LeaderAccept
1785248548213,true,1785248548258,FastAccept
1785248562717,true,1785248562758,LeaderAccept
1785248562735,false,1785248562775,LeaderAccept
1785248562753,true,1785248562794,LeaderAccept
1785248562771,true,1785248562812,LeaderAccept
1785248562789,true,1785248562830,LeaderAccept
1785248562806,true,1785248562848,LeaderAccept
1785248562825,true,1785248562865,LeaderAccept
1785248562843,false,1785248562884,LeaderAccept
1785248562862,true,1785248562903,LeaderAccept
1785248562880,false,1785248562922,LeaderAccept
1785248562899,true,1785248562940,LeaderAccept
1785248562918,true,1785248562958,LeaderAccept
1785248562937,false,1785248562978,LeaderAccept
1785248562956,true,1785248562997,LeaderAccept
1785248562976,true,1785248563017,LeaderAccept
1785248562996,true,1785248563037,LeaderAccept
1785248563016,true,1785248563057,LeaderAccept
1785248563036,false,1785248563077,LeaderAccept
1785248563057,false,1785248563098,LeaderAccept
1785248563077,false,1785248563119,LeaderAccept
1785248563098,true,1785248563140,LeaderAccept
1785248563118,true,1785248563160,LeaderAccept
1785248563139,true,1785248563181,LeaderAccept
1785248563160,true,1785248563202,LeaderAccept
1785248563182,false,1785248563223,LeaderAccept
1785248563204,false,1785248563245,LeaderAccept
1785248563225,true,1785248563266,LeaderAccept
1785248563248,true,1785248563289,LeaderAccept
1785248563270,true,1785248563311,LeaderAccept
1785248563292,true,1785248563334,LeaderAccept
1785248563316,true,1785248563357,LeaderAccept
1785248563340,true,1785248563381,LeaderAccept
1785248563362,true,1785248563404,LeaderAccept
1785248563385,false,1785248563426,LeaderAccept
1785248563410,false,1785248563451,LeaderAccept
1785248563434,false,1785248563475,LeaderAccept
1785248563458,false,1785248563499,LeaderAccept
1785248563483,true,1785248563525,LeaderAccept
1785248563508,false,1785248563550,LeaderAccept
1785248563534,false,1785248563575,LeaderAccept
1785248563560,true,1785248563601,LeaderAccept
1785248563586,false,1785248563627,LeaderAccept
1785248563612,false,1785248563653,LeaderAccept
1785248563638,false,1785248563680,LeaderAccept
1785248563665,false,1785248563706,LeaderAccept
1785248563692,false,1785248563734,LeaderAccept
1785248563720,false,1785248563761,LeaderAccept
1785248563748,true,1785248563789,LeaderAccept
1785248563775,true,1785248563817,LeaderAccept
1785248563804,true,1785248563846,LeaderAccept
1785248563834,false,1785248563876,LeaderAccept
1785248563864,true,1785248563906,LeaderAccept
1785248563894,false,1785248563935,LeaderAccept
1785248563925,false,1785248563967,LeaderAccept
1785248563956,true,1785248563997,LeaderAccept
1785248563986,true,1785248564028,LeaderAccept
1785248564018,false,1785248564060,LeaderAccept
1785248564050,false,1785248564092,LeaderAccept
1785248564084,false,1785248564126,LeaderAccept
1785248564118,false,1785248564159,LeaderAccept
1785248564152,false,1785248564193,LeaderAccept
1785248564187,true,1785248564229,LeaderAccept
1785248564223,true,1785248564264,LeaderAccept
1785248564258,false,1785248564301,LeaderAccept
1785248564294,false,1785248564336,LeaderAccept
1785248564332,true,1785248564374,LeaderAccept
1785248564369,false,1785248564412,LeaderAccept
1785248564408,false,1785248564450,LeaderAccept
1785248564447,false,1785248564489,LeaderAccept
1785248564487,true,1785248564529,LeaderAccept
1785248564527,false,1785248564569,LeaderAccept
1785248564569,false,1785248564611,LeaderAccept
1785248564610,true,1785248564652,LeaderAccept
1785248564654,false,1785248564696,LeaderAccept
1785248564698,true,1785248564739,LeaderAccept
1785248564742,true,1785248564785,LeaderAccept
1785248564788,true,1785248564829,LeaderAccept
1785248564835,true,1785248564877,LeaderAccept
1785248564883,true,1785248564926,LeaderAccept
1785248564933,false,1785248564975,LeaderAccept
1785248564984,false,1785248565025,LeaderAccept
1785248565036,false,1785248565077,LeaderAccept
1785248565089,false,1785248565130,LeaderAccept
1785248565143,false,1785248565185,LeaderAccept
1785248565200,true,1785248565241,LeaderAccept
1785248565257,true,1785248565299,LeaderAccept
1785248565317,false,1785248565359,LeaderAccept
1785248565378,true,1785248565418,LeaderAccept
1785248565441,true,1785248565481,LeaderAccept
1785248565506,true,1785248565547,LeaderAccept
1785248565573,false,1785248565613,LeaderAccept
1785248565642,true,1785248565683,LeaderAccept
1785248565714,false,1785248565755,LeaderAccept
1785248565788,true,1785248565829,LeaderAccept
1785248565866,true,1785248565907,LeaderAccept
1785248565946,false,1785248565987,LeaderAccept
1785248566028,true,1785248566070,LeaderAccept
1785248566114,true,1785248566156,LeaderAccept
1785248566204,false,1785248566246,LeaderAccept
1785248566298,true,1785248566340,LeaderAccept
1785248566398,true,1785248566439,LeaderAccept
1785248566502,true,1785248566543,LeaderAccept
1785248566612,true,1785248566654,LeaderAccept
1785248566728,true,1785248566770,LeaderAccept
1785248566851,true,1785248566893,LeaderAccept
1785248566981,false,1785248567022,LeaderAccept
1785248567120,false,1785248567162,LeaderAccept
1785248567268,false,1785248567310,LeaderAccept
1785248567429,false,1785248567471,LeaderAccept
1785248567603,true,1785248567644,LeaderAccept
1785248567791,true,1785248567833,LeaderAccept
1785248567999,false,1785248568040,LeaderAccept
1785248568229,true,1785248568271,LeaderAccept
1785248568487,false,1785248568529,LeaderAccept
1785248568781,true,1785248568822,LeaderAccept
1785248569121,false,1785248569162,LeaderAccept
1785248569524,false,1785248569566,LeaderAccept
1785248570016,true,1785248570058,LeaderAccept
1785248570645,true,1785248570687,LeaderAccept
1785248571507,false,1785248571549,LeaderAccept
1785248572834,true,1785248572873,FastAccept
1785248575407,true,1785248575448,LeaderAccept
1785248584715,true,1785248584754,FastAccept
1785248589296,false,1785248589338,LeaderAccept
1785248589320,false,1785248589361,LeaderAccept
1785248589344,true,1785248589385,LeaderAccept
1785248589368,false,1785248589410,LeaderAccept
1785248589392,false,1785248589434,LeaderAccept
1785248589417,true,1785248589458,LeaderAccept
1785248589442,true,1785248589484,LeaderAccept
1785248589468,false,1785248589509,LeaderAccept
1785248589493,true,1785248589534,LeaderAccept
1785248589519,false,1785248589560,LeaderAccept
1785248589545,false,1785248589586,LeaderAccept
1785248589571,true,1785248589613,LeaderAccept
1785248589598,true,1785248589639,LeaderAccept
1785248589625,true,1785248589666,LeaderAccept
1785248589653,true,1785248589695,LeaderAccept
1785248589682,true,1785248589723,LeaderAccept
1785248589711,false,1785248589752,LeaderAccept
1785248589740,true,1785248589780,LeaderAccept
1785248589769,false,1785248589810,LeaderAccept
1785248589797,true,1785248589839,LeaderAccept
1785248589828,false,1785248589869,LeaderAccept
1785248589858,true,1785248589899,LeaderAccept
1785248589889,false,1785248589930,LeaderAccept
1785248589919,false,1785248589960,LeaderAccept
1785248589950,false,1785248589992,LeaderAccept
1785248589982,false,1785248590023,LeaderAccept
1785248590015,true,1785248590056,LeaderAccept
1785248590047,false,1785248590089,LeaderAccept
1785248590080,true,1785248590121,LeaderAccept
1785248590115,true,1785248590156,LeaderAccept
1785248590149,false,1785248590191,LeaderAccept
1785248590185,true,1785248590227,LeaderAccept
1785248590221,false,1785248590262,LeaderAccept
1785248590258,true,1785248590299,LeaderAccept
1785248590296,false,1785248590339,LeaderAccept
1785248590333,true,1785248590375,LeaderAccept
1785248590372,true,1785248590414,LeaderAccept
1785248590412,false,1785248590454,LeaderAccept
1785248590453,true,1785248590494,LeaderAccept
1785248590494,false,1785248590535,LeaderAccept
1785248590535,false,1785248590577,LeaderAccept
1785248590578,true,1785248590619,LeaderAccept
1785248590621,false,1785248590663,LeaderAccept
1785248590666,false,1785248590708,LeaderAccept
1785248590712,false,1785248590754,LeaderAccept
1785248590759,true,1785248590800,LeaderAccept
1785248590806,false,1785248590848,LeaderAccept
1785248590854,true,1785248590895,LeaderAccept
1785248590905,false,1785248590946,LeaderAccept
1785248590956,false,1785248590997,LeaderAccept
1785248591009,true,1785248591050,LeaderAccept
1785248591062,false,1785248591104,LeaderAccept
1785248591118,true,1785248591160,LeaderAccept
1785248591175,true,1785248591217,LeaderAccept
1785248591234,true,1785248591276,LeaderAccept
1785248591294,false,1785248591336,LeaderAccept
1785248591356,true,1785248591397,LeaderAccept
1785248591420,true,1785248591461,LeaderAccept
1785248591485,false,1785248591527,LeaderAccept
1785248591554,true,1785248591596,LeaderAccept
1785248591625,true,1785248591666,LeaderAccept
1785248591698,true,1785248591740,LeaderAccept
1785248591774,true,1785248591816,LeaderAccept
1785248591853,true,1785248591895,LeaderAccept
1785248591935,true,1785248591977,LeaderAccept
1785248592020,false,1785248592062,LeaderAccept
1785248592109,true,1785248592151,LeaderAccept
1785248592202,true,1785248592244,LeaderAccept
1785248592299,true,1785248592342,LeaderAccept
1785248592401,false,1785248592443,LeaderAccept
1785248592508,true,1785248592550,LeaderAccept
1785248592621,false,1785248592662,LeaderAccept
1785248592741,false,1785248592782,LeaderAccept
1785248592868,true,1785248592909,LeaderAccept
1785248593003,true,1785248593044,LeaderAccept
1785248593147,true,1785248593188,LeaderAccept
1785248593302,false,1785248593343,LeaderAccept
1785248593469,true,1785248593510,LeaderAccept
1785248593650,true,1785248593692,LeaderAccept
1785248593850,true,1785248593891,LeaderAccept
1785248594070,true,1785248594111,LeaderAccept
1785248594315,true,1785248594357,LeaderAccept
1785248594592,false,1785248594633,LeaderAccept
1785248594910,true,1785248594948,FastAccept
1785248595283,false,1785248595322,FastAccept
1785248595731,false,1785248595770,FastAccept
1785248596292,false,1785248596331,FastAccept
1785248597034,true,1785248597076,LeaderAccept
1785248598110,true,1785248598152,LeaderAccept
1785248599952,true,1785248599993,LeaderAccept
1785248604574,true,1785248604613,FastAccept
1785248630268,true,1785248630308,FastAccept
1785248630290,false,1785248630329,FastAccept
1785248630313,false,1785248630351,FastAccept
1785248630335,true,1785248630373,FastAccept
1785248630357,true,1785248630395,FastAccept
1785248630380,true,1785248630419,FastAccept
1785248630402,false,1785248630441,FastAccept
1785248630426,true,1785248630464,FastAccept
1785248630449,true,1785248630488,FastAccept
1785248630472,false,1785248630511,FastAccept
1785248630497,true,1785248630561,LeaderAccept
1785248630521,false,1785248630587,LeaderAccept
1785248630546,true,1785248630607,LeaderAccept
1785248630571,false,1785248630612,LeaderAccept
1785248630596,false,1785248630637,LeaderAccept
1785248630621,false,1785248630662,LeaderAccept
1785248630647,false,1785248630688,LeaderAccept
1785248630673,true,1785248630714,LeaderAccept
1785248630699,false,1785248630740,LeaderAccept
1785248630726,false,1785248630766,LeaderAccept
1785248630753,true,1785248630794,LeaderAccept
1785248630780,false,1785248630820,LeaderAccept
1785248630808,false,1785248630850,LeaderAccept
1785248630837,true,1785248630879,LeaderAccept
1785248630866,true,1785248630907,LeaderAccept
1785248630894,false,1785248630935,LeaderAccept
1785248630924,false,1785248630965,LeaderAccept
1785248630954,false,1785248630995,LeaderAccept
1785248630983,true,1785248631025,LeaderAccept
1785248631014,false,1785248631055,LeaderAccept
1785248631045,true,1785248631086,LeaderAccept
1785248631077,false,1785248631118,LeaderAccept
1785248631108,true,1785248631150,LeaderAccept
1785248631141,true,1785248631182,LeaderAccept
1785248631174,false,1785248631215,LeaderAccept
1785248631206,false,1785248631247,LeaderAccept
1785248631241,true,1785248631282,LeaderAccept
1785248631276,false,1785248631317,LeaderAccept
1785248631310,true,1785248631352,LeaderAccept
1785248631346,true,1785248631386,LeaderAccept
1785248631382,true,1785248631423,LeaderAccept
1785248631419,false,1785248631460,LeaderAccept
1785248631456,false,1785248631498,LeaderAccept
1785248631495,false,1785248631537,LeaderAccept
1785248631535,true,1785248631577,LeaderAccept
1785248631575,true,1785248631616,LeaderAccept
1785248631616,false,1785248631658,LeaderAccept
1785248631658,true,1785248631699,LeaderAccept
1785248631700,true,1785248631742,LeaderAccept
1785248631743,false,1785248631785,LeaderAccept
1785248631787,true,1785248631828,LeaderAccept
1785248631831,false,1785248631873,LeaderAccept
1785248631878,true,1785248631920,LeaderAccept
1785248631925,false,1785248631967,LeaderAccept
1785248631973,true,1785248632015,LeaderAccept
1785248632023,false,1785248632065,LeaderAccept
1785248632074,true,1785248632115,LeaderAccept
1785248632125,true,1785248632167,LeaderAccept
1785248632179,false,1785248632220,LeaderAccept
1785248632234,false,1785248632275,LeaderAccept
1785248632289,false,1785248632331,LeaderAccept
1785248632347,false,1785248632389,LeaderAccept
1785248632407,false,1785248632448,LeaderAccept
1785248632467,true,1785248632509,LeaderAccept
1785248632530,true,1785248632572,LeaderAccept
1785248632596,false,1785248632638,LeaderAccept
1785248632663,true,1785248632704,LeaderAccept
1785248632731,true,1785248632773,LeaderAccept
1785248632803,true,1785248632845,LeaderAccept
1785248632877,true,1785248632918,LeaderAccept
1785248632954,true,1785248632995,LeaderAccept
1785248633034,false,1785248633076,LeaderAccept
1785248633118,true,1785248633160,LeaderAccept
1785248633205,true,1785248633247,LeaderAccept
1785248633295,true,1785248633337,LeaderAccept
1785248633390,false,1785248633431,LeaderAccept
1785248633489,true,1785248633530,LeaderAccept
1785248633593,false,1785248633634,LeaderAccept
1785248633702,false,1785248633744,LeaderAccept
1785248633817,false,1785248633858,LeaderAccept
1785248633940,false,1785248633981,LeaderAccept
1785248634069,false,1785248634111,LeaderAccept
1785248634208,true,1785248634248,LeaderAccept
1785248634356,true,1785248634398,LeaderAccept
1785248634516,true,1785248634558,LeaderAccept
1785248634689,false,1785248634731,LeaderAccept
1785248634877,false,1785248634919,LeaderAccept
1785248635085,false,1785248635126,LeaderAccept
1785248635315,false,1785248635356,LeaderAccept
1785248635572,false,1785248635613,LeaderAccept
1785248635865,true,1785248635907,LeaderAccept
1785248636204,true,1785248636246,LeaderAccept
1785248636604,true,1785248636643,FastAccept
1785248637094,false,1785248637135,LeaderAccept
1785248637719,false,1785248637760,LeaderAccept
1785248638573,false,1785248638615,LeaderAccept
1785248639881,false,1785248639923,LeaderAccept
1785248642397,true,1785248642436,FastAccept
1785248651240,false,1785248651297,LeaderAccept
1785248663347,true,1785248663386,FastAccept
1785248663363,true,1785248663402,FastAccept
1785248663380,true,1785248663419,FastAccept
1785248663397,false,1785248663435,FastAccept
1785248663414,true,1785248663453,FastAccept
1785248663431,false,1785248663469,FastAccept
1785248663447,false,1785248663486,FastAccept
1785248663465,false,1785248663504,FastAccept
1785248663483,true,1785248663522,FastAccept
1785248663500,true,1785248663539,FastAccept
1785248663518,false,1785248663557,FastAccept
1785248663536,false,1785248663574,FastAccept
1785248663554,true,1785248663593,FastAccept
1785248663572,false,1785248663611,FastAccept
1785248663590,false,1785248663629,FastAccept
1785248663607,true,1785248663653,FastAccept
1785248663626,false,1785248663665,FastAccept
1785248663645,false,1785248663732,LeaderAccept
1785248663663,false,1785248663727,SlowAccept
1785248663683,false,1785248663727,FastAccept
1785248663702,true,1785248663758,LeaderAccept
1785248663722,true,1785248663810,LeaderAccept
1785248663740,false,1785248663804,SlowAccept
1785248663760,true,1785248663804,FastAccept
1785248663780,false,1785248663836,LeaderAccept
1785248663800,false,1785248663862,LeaderAccept
1785248663820,false,1785248663913,LeaderAccept
1785248663841,false,1785248663887,FastAccept
1785248663861,false,1785248663900,FastAccept
1785248663882,true,1785248663939,LeaderAccept
1785248663903,false,1785248663965,LeaderAccept
1785248663925,true,1785248664011,LeaderAccept
1785248663947,true,1785248664011,SlowAccept
1785248663969,false,1785248664011,FastAccept
1785248663990,true,1785248664029,FastAccept
1785248664012,true,1785248664051,FastAccept
1785248664035,false,1785248664074,FastAccept
1785248664057,true,1785248664096,FastAccept
1785248664081,false,1785248664143,LeaderAccept
1785248664103,false,1785248664166,LeaderAccept
1785248664127,true,1785248664192,LeaderAccept
1785248664151,false,1785248664213,LeaderAccept
1785248664175,false,1785248664216,LeaderAccept
1785248664198,true,1785248664239,LeaderAccept
1785248664223,true,1785248664264,LeaderAccept
1785248664247,true,1785248664289,LeaderAccept
1785248664272,false,1785248664314,LeaderAccept
1785248664298,true,1785248664340,LeaderAccept
1785248664324,true,1785248664366,LeaderAccept
1785248664350,false,1785248664392,LeaderAccept
1785248664377,false,1785248664418,LeaderAccept
1785248664404,false,1785248664445,LeaderAccept
1785248664430,false,1785248664472,LeaderAccept
1785248664458,false,1785248664500,LeaderAccept
1785248664486,true,1785248664528,LeaderAccept
1785248664514,true,1785248664555,LeaderAccept
1785248664542,false,1785248664584,LeaderAccept
1785248664570,true,1785248664612,LeaderAccept
1785248664600,false,1785248664642,LeaderAccept
1785248664630,true,1785248664671,LeaderAccept
1785248664660,false,1785248664701,LeaderAccept
1785248664691,false,1785248664734,LeaderAccept
1785248664722,false,1785248664763,LeaderAccept
1785248664754,false,1785248664795,LeaderAccept
1785248664786,true,1785248664827,LeaderAccept
1785248664819,false,1785248664860,LeaderAccept
1785248664852,false,1785248664893,LeaderAccept
1785248664886,false,1785248664927,LeaderAccept
1785248664920,true,1785248664961,LeaderAccept
1785248664953,true,1785248664995,LeaderAccept
1785248664989,true,1785248665030,LeaderAccept
1785248665025,false,1785248665066,LeaderAccept
1785248665061,false,1785248665103,LeaderAccept
1785248665098,true,1785248665139,LeaderAccept
1785248665136,false,1785248665177,LeaderAccept
1785248665174,true,1785248665216,LeaderAccept
1785248665214,true,1785248665255,LeaderAccept
1785248665254,false,1785248665296,LeaderAccept
1785248665295,true,1785248665336,LeaderAccept
1785248665336,true,1785248665377,LeaderAccept
1785248665379,false,1785248665420,LeaderAccept
1785248665422,true,1785248665463,LeaderAccept
1785248665467,true,1785248665508,LeaderAccept
1785248665512,true,1785248665553,LeaderAccept
1785248665558,false,1785248665599,LeaderAccept
1785248665605,false,1785248665646,LeaderAccept
1785248665652,true,1785248665693,LeaderAccept
1785248665702,true,1785248665743,LeaderAccept
1785248665753,false,1785248665794,LeaderAccept
1785248665805,true,1785248665846,LeaderAccept
1785248665858,false,1785248665900,LeaderAccept
1785248665913,false,1785248665955,LeaderAccept
1785248665970,true,1785248666013,LeaderAccept
1785248666028,false,1785248666070,LeaderAccept
1785248666088,true,1785248666129,LeaderAccept
1785248666148,false,1785248666189,LeaderAccept
1785248666212,true,1785248666254,LeaderAccept
1785248666277,true,1785248666319,LeaderAccept
1785248666344,false,1785248666386,LeaderAccept
1785248666414,true,1785248666456,LeaderAccept
1785248666486,true,1785248666527,LeaderAccept
1785248666560,true,1785248666602,LeaderAccept
1785248666638,true,1785248666680,LeaderAccept
1785248666718,false,1785248666759,LeaderAccept
1785248666801,true,1785248666844,LeaderAccept
1785248666889,true,1785248666930,LeaderAccept
1785248666979,false,1785248667020,LeaderAccept
1785248667074,false,1785248667115,LeaderAccept
1785248667173,false,1785248667214,LeaderAccept
1785248667278,true,1785248667319,LeaderAccept
1785248667388,true,1785248667429,LeaderAccept
1785248667503,false,1785248667552,LeaderAccept
1785248667627,false,1785248667665,FastAccept
1785248667758,false,1785248667797,FastAccept
1785248667897,true,1785248667936,FastAccept
1785248668047,true,1785248668086,FastAccept
1785248668208,false,1785248668247,FastAccept
1785248668382,true,1785248668421,FastAccept
1785248668572,true,1785248668612,FastAccept
1785248668782,true,1785248668821,FastAccept
1785248669014,true,1785248669053,FastAccept
1785248669275,true,1785248669314,FastAccept
1785248669570,true,1785248669609,FastAccept
1785248669913,false,1785248669952,FastAccept
1785248670321,true,1785248670360,FastAccept
1785248670821,true,1785248670884,LeaderAccept
1785248671462,true,1785248671516,SlowAccept
1785248672343,false,1785248672382,FastAccept
1785248673714,false,1785248673778,LeaderAccept
1785248676432,true,1785248676471,FastAccept
1785248687013,false,1785248687053,FastAccept
1785248698943,false,1785248698985,LeaderAccept
1785248698953,true,1785248699000,LeaderAccept
1785248698988,false,1785248699029,LeaderAccept
1785248699023,false,1785248699065,LeaderAccept
1785248699058,false,1785248699100,LeaderAccept
1785248699095,false,1785248699141,LeaderAccept
1785248699132,false,1785248699182,LeaderAccept
1785248699170,false,1785248699211,LeaderAccept
1785248699208,false,1785248699249,LeaderAccept
1785248699248,true,1785248699296,LeaderAccept
1785248699289,true,1785248699340,LeaderAccept
1785248699330,true,1785248699371,LeaderAccept
1785248699371,true,1785248699413,LeaderAccept
1785248699414,true,1785248699461,LeaderAccept
1785248699457,true,1785248699504,LeaderAccept
1785248699502,true,1785248699543,LeaderAccept
1785248699547,false,1785248699589,LeaderAccept
1785248699594,false,1785248699641,LeaderAccept
1785248699642,true,1785248699683,LeaderAccept
1785248699691,true,1785248699731,LeaderAccept
1785248699741,true,1785248699782,LeaderAccept
1785248699792,false,1785248699833,LeaderAccept
1785248699845,true,1785248699887,LeaderAccept
1785248699899,false,1785248699940,LeaderAccept
1785248699954,true,1785248699995,LeaderAccept
1785248700010,false,1785248700052,LeaderAccept
1785248700069,true,1785248700110,LeaderAccept
1785248700129,false,1785248700169,LeaderAccept
1785248700190,true,1785248700231,LeaderAccept
1785248700253,true,1785248700294,LeaderAccept
1785248700319,true,1785248700360,LeaderAccept
1785248700385,true,1785248700427,LeaderAccept
1785248700455,true,1785248700496,LeaderAccept
1785248700527,true,1785248700569,LeaderAccept
1785248700603,false,1785248700644,LeaderAccept
1785248700680,false,1785248700721,LeaderAccept
1785248700761,true,1785248700802,LeaderAccept
1785248700845,false,1785248700885,FastAccept
1785248700933,true,1785248700998,SlowAccept
1785248701024,true,1785248701078,LeaderAccept
1785248701119,false,1785248701158,FastAccept
1785248701220,true,1785248701260,FastAccept
1785248701326,true,1785248701392,SlowAccept
1785248701437,true,1785248701490,LeaderAccept
1785248701554,false,1785248701595,LeaderAccept
1785248701679,true,1785248701720,LeaderAccept
1785248701812,true,1785248701853,LeaderAccept
1785248701953,false,1785248701994,LeaderAccept
1785248702104,true,1785248702145,LeaderAccept
1785248702268,false,1785248702309,LeaderAccept
1785248702445,true,1785248702487,LeaderAccept
1785248702638,true,1785248702680,LeaderAccept
1785248702852,false,1785248702894,LeaderAccept
1785248703089,true,1785248703131,LeaderAccept
1785248703356,false,1785248703397,LeaderAccept
1785248703661,true,1785248703707,FastAccept
1785248704014,false,1785248704053,FastAccept
1785248704436,false,1785248704475,FastAccept
1785248704958,false,1785248705020,LeaderAccept
1785248705634,false,1785248705683,LeaderAccept
1785248706583,true,1785248706622,FastAccept
1785248708107,false,1785248708148,LeaderAccept
1785248711370,false,1785248711408,FastAccept
1785248728044,true,1785248728084,FastAccept
1785248759145,false,1785248759184,FastAccept
1785248759175,false,1785248759213,FastAccept
1785248759203,true,1785248759242,FastAccept
1785248759233,true,1785248759296,LeaderAccept
1785248759264,true,1785248759322,LeaderAccept
1785248759295,true,1785248759343,LeaderAccept
1785248759325,false,1785248759365,FastAccept
1785248759357,true,1785248759396,FastAccept
1785248759389,false,1785248759428,FastAccept
1785248759422,false,1785248759475,LeaderAccept
1785248759455,true,1785248759493,FastAccept
1785248759489,false,1785248759528,FastAccept
1785248759524,false,1785248759562,FastAccept
1785248759559,false,1785248759605,FastAccept
1785248759595,true,1785248759659,LeaderAccept
1785248759631,true,1785248759679,LeaderAccept
1785248759668,false,1785248759707,FastAccept
1785248759706,false,1785248759751,FastAccept
1785248759744,true,1785248759798,LeaderAccept
1785248759782,false,1785248759821,FastAccept
1785248759822,true,1785248759860,FastAccept
1785248759863,true,1785248759901,FastAccept
1785248759903,true,1785248759942,FastAccept
1785248759944,true,1785248759983,FastAccept
1785248759987,false,1785248760026,FastAccept
1785248760030,true,1785248760069,FastAccept
1785248760074,false,1785248760113,FastAccept
1785248760120,true,1785248760159,FastAccept
1785248760167,false,1785248760206,FastAccept
1785248760215,false,1785248760254,FastAccept
1785248760264,false,1785248760303,FastAccept
1785248760314,true,1785248760353,FastAccept
1785248760365,true,1785248760404,FastAccept
1785248760418,true,1785248760456,FastAccept
1785248760472,false,1785248760511,FastAccept
1785248760527,false,1785248760566,FastAccept
1785248760584,true,1785248760623,FastAccept
1785248760643,false,1785248760682,FastAccept
1785248760703,false,1785248760742,FastAccept
1785248760765,true,1785248760804,FastAccept
1785248760829,false,1785248760868,FastAccept
1785248760895,true,1785248760934,FastAccept
1785248760963,false,1785248761002,FastAccept
1785248761034,false,1785248761073,FastAccept
1785248761107,false,1785248761146,FastAccept
1785248761183,false,1785248761222,FastAccept
1785248761261,false,1785248761300,FastAccept
1785248761343,true,1785248761382,FastAccept
1785248761427,true,1785248761467,FastAccept
1785248761516,false,1785248761555,FastAccept
1785248761609,true,1785248761647,FastAccept
1785248761706,false,1785248761744,FastAccept
1785248761807,false,1785248761846,FastAccept
1785248761914,false,1785248761960,FastAccept
1785248762027,false,1785248762066,FastAccept
1785248762146,false,1785248762184,FastAccept
1785248762272,false,1785248762311,FastAccept
1785248762406,false,1785248762445,FastAccept
1785248762549,false,1785248762588,FastAccept
1785248762704,false,1785248762766,SlowAccept
1785248762870,true,1785248762909,FastAccept
1785248763051,false,1785248763090,FastAccept
1785248763249,false,1785248763288,FastAccept
1785248763468,false,1785248763506,FastAccept
1785248763711,true,1785248763750,FastAccept
1785248763985,false,1785248764024,FastAccept
1785248764300,false,1785248764339,FastAccept
1785248764668,false,1785248764891,LeaderAccept
1785248765110,true,1785248765151,LeaderAccept
1785248765661,true,1785248765703,LeaderAccept
1785248766387,true,1785248766452,SlowAccept
1785248767429,true,1785248767468,FastAccept
1785248769187,false,1785248769246,LeaderAccept
1785248773412,true,1785248773452,FastAccept
1785248780431,true,1785248780470,FastAccept
1785248780466,false,1785248780504,FastAccept
1785248780501,false,1785248780551,LeaderAccept
1785248780537,false,1785248780604,LeaderAccept
1785248780573,true,1785248780624,LeaderAccept
1785248780610,true,1785248780648,FastAccept
1785248780647,false,1785248780686,FastAccept
1785248780686,true,1785248780724,FastAccept
1785248780724,false,1785248780763,FastAccept
1785248780765,false,1785248780811,FastAccept
1785248780806,false,1785248780857,LeaderAccept
1785248780847,true,1785248780886,FastAccept
1785248780890,true,1785248780929,FastAccept
1785248780934,false,1785248780973,FastAccept
1785248780979,true,1785248781018,FastAccept
1785248781025,false,1785248781063,FastAccept
1785248781071,false,1785248781110,FastAccept
1785248781117,false,1785248781156,FastAccept
1785248781165,false,1785248781204,FastAccept
1785248781214,false,1785248781253,FastAccept
1785248781264,true,1785248781304,FastAccept
1785248781317,false,1785248781356,FastAccept
1785248781371,true,1785248781409,FastAccept
1785248781425,true,1785248781464,FastAccept
1785248781482,false,1785248781520,FastAccept
1785248781540,true,1785248781579,FastAccept
1785248781600,true,1785248781639,FastAccept
1785248781661,true,1785248781700,FastAccept
1785248781724,false,1785248781784,LeaderAccept
1785248781790,true,1785248781829,FastAccept
1785248781857,false,1785248781896,FastAccept
1785248781926,false,1785248781966,FastAccept
1785248781999,true,1785248782038,FastAccept
1785248782074,true,1785248782113,FastAccept
1785248782152,true,1785248782198,FastAccept
1785248782233,true,1785248782272,FastAccept
1785248782316,true,1785248782355,FastAccept
1785248782404,false,1785248782442,FastAccept
1785248782495,true,1785248782533,FastAccept
1785248782590,true,1785248782628,FastAccept
1785248782690,true,1785248782736,FastAccept
1785248782795,true,1785248782834,FastAccept
1785248782906,false,1785248782944,FastAccept
1785248783023,false,1785248783062,FastAccept
1785248783146,false,1785248783185,FastAccept
1785248783278,false,1785248783317,FastAccept
1785248783419,true,1785248783458,FastAccept
1785248783570,false,1785248783609,FastAccept
1785248783733,true,1785248783772,FastAccept
1785248783910,true,1785248783948,FastAccept
1785248784102,true,1785248784140,FastAccept
1785248784314,false,1785248784353,FastAccept
1785248784549,false,1785248784587,FastAccept
1785248784813,false,1785248784852,FastAccept
1785248785115,false,1785248785154,FastAccept
1785248785465,false,1785248785504,FastAccept
1785248785883,false,1785248785922,FastAccept
1785248786396,false,1785248786435,FastAccept
1785248787061,false,1785248787100,FastAccept
1785248787985,true,1785248788025,FastAccept
1785248789454,true,1785248789493,FastAccept
1785248792511,true,1785248792550,FastAccept
1785248806614,true,1785248806652,FastAccept
1785248822908,true,1785248822947,FastAccept
1785248822923,true,1785248822962,FastAccept
1785248822939,false,1785248822977,FastAccept
1785248822954,true,1785248822993,FastAccept
1785248822969,false,1785248823008,FastAccept
1785248822986,false,1785248823024,FastAccept
1785248823002,false,1785248823041,FastAccept
1785248823018,true,1785248823057,FastAccept
1785248823034,true,1785248823073,FastAccept
1785248823051,true,1785248823089,FastAccept
1785248823068,true,1785248823107,FastAccept
1785248823085,false,1785248823131,FastAccept
1785248823101,false,1785248823140,FastAccept
1785248823119,false,1785248823183,LeaderAccept
1785248823135,true,1785248823174,FastAccept
1785248823153,false,1785248823208,LeaderAccept
1785248823170,true,1785248823260,LeaderAccept
1785248823188,false,1785248823234,FastAccept
1785248823205,false,1785248823260,LeaderAccept
1785248823223,false,1785248823312,LeaderAccept
1785248823241,true,1785248823307,SlowAccept
1785248823259,true,1785248823312,LeaderAccept
1785248823278,true,1785248823364,LeaderAccept
1785248823296,false,1785248823358,SlowAccept
1785248823314,false,1785248823358,FastAccept
1785248823333,false,1785248823390,LeaderAccept
1785248823352,true,1785248823442,LeaderAccept
1785248823371,false,1785248823436,SlowAccept
1785248823390,false,1785248823442,LeaderAccept
1785248823409,true,1785248823468,LeaderAccept
1785248823428,false,1785248823488,LeaderAccept
1785248823447,true,1785248823488,LeaderAccept
1785248823468,true,1785248823509,LeaderAccept
1785248823488,true,1785248823529,LeaderAccept
1785248823508,true,1785248823550,LeaderAccept
1785248823529,true,1785248823570,LeaderAccept
1785248823550,false,1785248823590,LeaderAccept
1785248823571,false,1785248823612,LeaderAccept
1785248823592,false,1785248823633,LeaderAccept
1785248823613,true,1785248823654,LeaderAccept
1785248823634,true,1785248823675,LeaderAccept
1785248823656,true,1785248823697,LeaderAccept
1785248823677,false,1785248823718,LeaderAccept
1785248823699,true,1785248823740,LeaderAccept
1785248823722,true,1785248823763,LeaderAccept
1785248823745,false,1785248823786,LeaderAccept
1785248823767,false,1785248823809,LeaderAccept
1785248823790,true,1785248823832,LeaderAccept
1785248823814,false,1785248823855,LeaderAccept
1785248823838,true,1785248823879,LeaderAccept
1785248823862,true,1785248823903,LeaderAccept
1785248823887,false,1785248823928,LeaderAccept
1785248823911,true,1785248823953,LeaderAccept
1785248823936,true,1785248823977,LeaderAccept
1785248823961,true,1785248824002,LeaderAccept
1785248823987,true,1785248824029,LeaderAccept
1785248824013,false,1785248824054,LeaderAccept
1785248824039,true,1785248824080,LeaderAccept
1785248824066,true,1785248824107,LeaderAccept
1785248824093,false,1785248824134,LeaderAccept
1785248824119,false,1785248824161,LeaderAccept
1785248824147,false,1785248824188,LeaderAccept
1785248824175,true,1785248824216,LeaderAccept
1785248824203,true,1785248824245,LeaderAccept
1785248824232,true,1785248824274,LeaderAccept
1785248824261,false,1785248824302,LeaderAccept
1785248824290,false,1785248824331,LeaderAccept
1785248824319,true,1785248824361,LeaderAccept
1785248824350,true,1785248824391,LeaderAccept
1785248824380,false,1785248824421,LeaderAccept
1785248824411,true,1785248824452,LeaderAccept
1785248824441,false,1785248824483,LeaderAccept
1785248824474,false,1785248824515,LeaderAccept
1785248824507,false,1785248824548,LeaderAccept
1785248824539,false,1785248824581,LeaderAccept
1785248824572,true,1785248824614,LeaderAccept
1785248824607,true,1785248824648,LeaderAccept
1785248824642,true,1785248824684,LeaderAccept
1785248824677,false,1785248824719,LeaderAccept
1785248824714,false,1785248824756,LeaderAccept
1785248824750,true,1785248824792,LeaderAccept
1785248824788,false,1785248824829,LeaderAccept
1785248824826,true,1785248824867,LeaderAccept
1785248824865,false,1785248824907,LeaderAccept
1785248824905,true,1785248824946,LeaderAccept
1785248824945,true,1785248824987,LeaderAccept
1785248824986,false,1785248825028,LeaderAccept
1785248825028,true,1785248825069,LeaderAccept
1785248825070,true,1785248825112,LeaderAccept
1785248825114,false,1785248825155,LeaderAccept
1785248825158,true,1785248825200,LeaderAccept
1785248825204,true,1785248825245,LeaderAccept
1785248825249,true,1785248825291,LeaderAccept
1785248825297,true,1785248825336,FastAccept
1785248825346,true,1785248825385,FastAccept
1785248825396,false,1785248825435,FastAccept
1785248825447,false,1785248825486,FastAccept
1785248825498,true,1785248825537,FastAccept
1785248825551,false,1785248825590,FastAccept
1785248825606,false,1785248825645,FastAccept
1785248825662,false,1785248825701,FastAccept
1785248825720,true,1785248825759,FastAccept
1785248825780,false,1785248825819,FastAccept
1785248825842,false,1785248825880,FastAccept
1785248825905,false,1785248825944,FastAccept
1785248825970,true,1785248826009,FastAccept
1785248826038,true,1785248826077,FastAccept
1785248826108,true,1785248826146,FastAccept
1785248826180,true,1785248826218,FastAccept
1785248826255,true,1785248826293,FastAccept
1785248826331,true,1785248826370,FastAccept
1785248826412,true,1785248826450,FastAccept
1785248826496,false,1785248826534,FastAccept
1785248826583,true,1785248826622,FastAccept
1785248826674,true,1785248826713,FastAccept
1785248826770,false,1785248826809,FastAccept
1785248826870,true,1785248826909,FastAccept
1785248826975,true,1785248827014,FastAccept
1785248827086,true,1785248827125,FastAccept
1785248827203,true,1785248827241,FastAccept
1785248827327,false,1785248827365,FastAccept
1785248827459,true,1785248827497,FastAccept
1785248827600,false,1785248827639,FastAccept
1785248827751,true,1785248827790,FastAccept
1785248827913,true,1785248827952,FastAccept
1785248828090,true,1785248828129,FastAccept
1785248828281,true,1785248828320,FastAccept
1785248828493,false,1785248828532,FastAccept
1785248828728,true,1785248828767,FastAccept
1785248828992,true,1785248829031,FastAccept
1785248829294,true,1785248829333,FastAccept
1785248829643,false,1785248829683,FastAccept
1785248830060,false,1785248830100,FastAccept
1785248830574,false,1785248830613,FastAccept
1785248831238,true,1785248831277,FastAccept
1785248832161,false,1785248832201,FastAccept
1785248833626,false,1785248833665,FastAccept
1785248836673,false,1785248836712,FastAccept
1785248850642,false,1785248850684,LeaderAccept
1785248854282,true,1785248854320,FastAccept
1785248854312,true,1785248854351,FastAccept
1785248854342,false,1785248854407,LeaderAccept
1785248854372,false,1785248854433,LeaderAccept
1785248854403,true,1785248854453,LeaderAccept
1785248854434,true,1785248854473,FastAccept
1785248854466,false,1785248854511,LeaderAccept
1785248854498,false,1785248854537,FastAccept
1785248854530,true,1785248854569,FastAccept
1785248854564,false,1785248854603,FastAccept
1785248854598,false,1785248854663,LeaderAccept
1785248854632,false,1785248854683,LeaderAccept
1785248854667,true,1785248854721,LeaderAccept
1785248854702,true,1785248854740,FastAccept
1785248854738,true,1785248854795,LeaderAccept
1785248854774,false,1785248854815,LeaderAccept
1785248854812,false,1785248854854,LeaderAccept
1785248854850,false,1785248854891,LeaderAccept
1785248854889,true,1785248854931,LeaderAccept
1785248854929,false,1785248854970,LeaderAccept
1785248854969,true,1785248855011,LeaderAccept
1785248855011,false,1785248855052,LeaderAccept
1785248855052,true,1785248855094,LeaderAccept
1785248855095,false,1785248855136,LeaderAccept
1785248855138,false,1785248855180,LeaderAccept
1785248855183,true,1785248855225,LeaderAccept
1785248855229,false,1785248855270,LeaderAccept
1785248855275,true,1785248855317,LeaderAccept
1785248855323,false,1785248855365,LeaderAccept
1785248855372,true,1785248855414,LeaderAccept
1785248855422,true,1785248855464,LeaderAccept
1785248855474,false,1785248855515,LeaderAccept
1785248855527,true,1785248855569,LeaderAccept
1785248855581,true,1785248855623,LeaderAccept
1785248855636,false,1785248855678,LeaderAccept
1785248855693,true,1785248855735,LeaderAccept
1785248855752,true,1785248855793,LeaderAccept
1785248855811,true,1785248855858,LeaderAccept
1785248855874,false,1785248855916,LeaderAccept
1785248855938,true,1785248855977,FastAccept
1785248856003,false,1785248856043,FastAccept
1785248856072,true,1785248856118,FastAccept
1785248856142,true,1785248856181,FastAccept
1785248856215,false,1785248856254,FastAccept
1785248856291,false,1785248856330,FastAccept
1785248856369,false,1785248856433,SlowAccept
1785248856451,true,1785248856490,FastAccept
1785248856536,false,1785248856575,FastAccept
1785248856625,true,1785248856664,FastAccept
1785248856717,true,1785248856773,LeaderAccept
1785248856814,false,1785248856853,FastAccept
1785248856915,false,1785248856954,FastAccept
1785248857021,true,1785248857060,FastAccept
1785248857134,true,1785248857173,FastAccept
1785248857253,false,1785248857292,FastAccept
1785248857379,false,1785248857418,FastAccept
1785248857513,false,1785248857553,FastAccept
1785248857657,false,1785248857697,FastAccept
1785248857811,false,1785248857850,FastAccept
1785248857978,true,1785248858017,FastAccept
1785248858159,true,1785248858198,FastAccept
1785248858356,true,1785248858395,FastAccept
1785248858574,true,1785248858613,FastAccept
1785248858817,false,1785248858856,FastAccept
1785248859092,true,1785248859130,FastAccept
1785248859406,false,1785248859445,FastAccept
1785248859773,true,1785248859813,FastAccept
1785248860215,false,1785248860253,FastAccept
1785248860765,true,1785248860804,FastAccept
1785248861490,true,1785248861631,LeaderAccept
1785248862530,false,1785248862573,LeaderAccept
1785248864280,false,1785248864341,LeaderAccept
1785248868474,true,1785248868512,FastAccept
1785248879048,false,1785248879087,FastAccept
1785248879070,false,1785248879109,FastAccept
1785248879094,true,1785248879134,FastAccept
1785248879117,true,1785248879156,FastAccept
1785248879142,false,1785248879433,LeaderAccept
1785248879166,false,1785248879229,SlowAccept
1785248879190,false,1785248879255,SlowAccept
1785248879214,true,1785248879260,FastAccept
1785248879240,false,1785248879286,FastAccept
1785248879266,true,1785248879311,FastAccept
1785248879290,true,1785248879336,FastAccept
1785248879316,true,1785248879362,FastAccept
1785248879342,true,1785248879387,FastAccept
1785248879368,false,1785248879427,SlowAccept
1785248879394,false,1785248879458,LeaderAccept
1785248879422,false,1785248879485,LeaderAccept
1785248879450,true,1785248879510,LeaderAccept
1785248879478,false,1785248879536,LeaderAccept
1785248879506,false,1785248879563,LeaderAccept
1785248879535,false,1785248879583,LeaderAccept
1785248879564,true,1785248879603,FastAccept
1785248879593,true,1785248879632,FastAccept
1785248879623,false,1785248879662,FastAccept
1785248879653,false,1785248879692,FastAccept
1785248879684,true,1785248879722,FastAccept
1785248879715,false,1785248879754,FastAccept
1785248879747,false,1785248879786,FastAccept
1785248879779,true,1785248879818,FastAccept
1785248879812,false,1785248879851,FastAccept
1785248879844,false,1785248879883,FastAccept
1785248879878,true,1785248879916,FastAccept
1785248879912,false,1785248879950,FastAccept
1785248879947,false,1785248879985,FastAccept
1785248879981,false,1785248880020,FastAccept
1785248880017,true,1785248880056,FastAccept
1785248880053,true,1785248880092,FastAccept
1785248880091,true,1785248880130,FastAccept
1785248880130,true,1785248880168,FastAccept
1785248880168,false,1785248880207,FastAccept
1785248880207,true,1785248880246,FastAccept
1785248880248,true,1785248880287,FastAccept
1785248880289,true,1785248880328,FastAccept
1785248880331,false,1785248880370,FastAccept
1785248880374,true,1785248880413,FastAccept
1785248880418,true,1785248880457,FastAccept
1785248880463,false,1785248880502,FastAccept
1785248880508,false,1785248880547,FastAccept
1785248880555,true,1785248880593,FastAccept
1785248880603,true,1785248880641,FastAccept
1785248880651,false,1785248880690,FastAccept
1785248880702,true,1785248880741,FastAccept
1785248880753,false,1785248880792,FastAccept
1785248880805,true,1785248880844,FastAccept
1785248880858,true,1785248880898,FastAccept
1785248880914,false,1785248880953,FastAccept
1785248880970,false,1785248881009,FastAccept
1785248881029,true,1785248881068,FastAccept
1785248881090,true,1785248881129,FastAccept
1785248881152,true,1785248881191,FastAccept
1785248881216,false,1785248881255,FastAccept
1785248881282,false,1785248881322,FastAccept
1785248881350,true,1785248881389,FastAccept
1785248881421,false,1785248881461,FastAccept
1785248881494,true,1785248881533,FastAccept
1785248881569,true,1785248881608,FastAccept
1785248881648,true,1785248881686,FastAccept
1785248881729,false,1785248881768,FastAccept
1785248881814,false,1785248881853,FastAccept
1785248881902,true,1785248881941,FastAccept
1785248881994,false,1785248882033,FastAccept
1785248882091,false,1785248882142,SlowAccept
1785248882193,false,1785248882231,FastAccept
1785248882299,true,1785248882338,FastAccept
1785248882411,false,1785248882450,FastAccept
1785248882530,true,1785248882569,FastAccept
1785248882656,false,1785248882695,FastAccept
1785248882789,false,1785248882829,FastAccept
1785248882933,false,1785248882972,FastAccept
1785248883087,false,1785248883126,FastAccept
1785248883253,false,1785248883293,FastAccept
1785248883434,true,1785248883473,FastAccept
1785248883632,false,1785248883670,FastAccept
1785248883849,true,1785248883888,FastAccept
1785248884092,true,1785248884131,FastAccept
1785248884366,false,1785248884405,FastAccept
1785248884680,false,1785248884719,FastAccept
1785248885046,true,1785248885085,FastAccept
1785248885487,false,1785248885526,FastAccept
1785248886036,true,1785248886075,FastAccept
1785248886757,true,1785248886795,FastAccept
1785248887790,false,1785248887829,FastAccept
1785248889521,true,1785248889560,FastAccept
1785248893635,false,1785248893676,LeaderAccept
1785248901774,false,1785248901814,FastAccept
1785248901797,false,1785248901835,FastAccept
1785248901820,false,1785248901879,LeaderAccept
1785248901843,false,1785248901902,LeaderAccept
1785248901867,false,1785248901928,LeaderAccept
1785248901891,true,1785248901954,LeaderAccept
1785248901916,true,1785248902005,LeaderAccept
1785248901940,true,1785248901999,SlowAccept
1785248901965,true,1785248902031,LeaderAccept
1785248901990,true,1785248902051,LeaderAccept
1785248902016,true,1785248902058,LeaderAccept
1785248902042,false,1785248902083,LeaderAccept
1785248902068,false,1785248902109,LeaderAccept
1785248902094,true,1785248902135,LeaderAccept
1785248902121,true,1785248902162,LeaderAccept
1785248902148,true,1785248902189,LeaderAccept
1785248902175,false,1785248902217,LeaderAccept
1785248902203,false,1785248902244,LeaderAccept
1785248902231,true,1785248902272,LeaderAccept
1785248902259,true,1785248902301,LeaderAccept
1785248902288,true,1785248902330,LeaderAccept
1785248902318,true,1785248902359,LeaderAccept
1785248902348,false,1785248902390,LeaderAccept
1785248902379,true,1785248902421,LeaderAccept
1785248902410,true,1785248902452,LeaderAccept
1785248902441,false,1785248902482,LeaderAccept
1785248902473,false,1785248902514,LeaderAccept
1785248902505,true,1785248902546,LeaderAccept
1785248902537,false,1785248902579,LeaderAccept
1785248902570,true,1785248902611,LeaderAccept
1785248902603,true,1785248902645,LeaderAccept
1785248902637,true,1785248902679,LeaderAccept
1785248902671,true,1785248902713,LeaderAccept
1785248902706,true,1785248902748,LeaderAccept
1785248902743,true,1785248902784,LeaderAccept
1785248902778,false,1785248902819,LeaderAccept
1785248902815,false,1785248902857,LeaderAccept
1785248902853,false,1785248902894,LeaderAccept
1785248902891,false,1785248902932,LeaderAccept
1785248902931,false,1785248902972,LeaderAccept
1785248902970,false,1785248903011,LeaderAccept
1785248903011,false,1785248903052,LeaderAccept
1785248903052,true,1785248903093,LeaderAccept
1785248903093,false,1785248903135,LeaderAccept
1785248903137,true,1785248903178,LeaderAccept
1785248903180,true,1785248903222,LeaderAccept
1785248903226,false,1785248903267,LeaderAccept
1785248903272,true,1785248903314,LeaderAccept
1785248903319,false,1785248903361,LeaderAccept
1785248903367,true,1785248903409,LeaderAccept
1785248903416,false,1785248903458,LeaderAccept
1785248903467,true,1785248903509,LeaderAccept
1785248903519,true,1785248903561,LeaderAccept
1785248903572,false,1785248903614,LeaderAccept
1785248903627,true,1785248903669,LeaderAccept
1785248903682,true,1785248903725,LeaderAccept
1785248903740,true,1785248903782,LeaderAccept
1785248903800,true,1785248903839,FastAccept
1785248903860,false,1785248903900,FastAccept
1785248903923,true,1785248903962,FastAccept
1785248903988,true,1785248904027,FastAccept
1785248904054,true,1785248904094,FastAccept
1785248904124,false,1785248904163,FastAccept
1785248904196,true,1785248904235,FastAccept
1785248904270,true,1785248904309,FastAccept
1785248904346,false,1785248904387,FastAccept
1785248904426,true,1785248904465,FastAccept
1785248904509,true,1785248904555,FastAccept
1785248904595,false,1785248904634,FastAccept
1785248904685,true,1785248904724,FastAccept
1785248904779,false,1785248904818,FastAccept
1785248904878,false,1785248904917,FastAccept
1785248904982,true,1785248905022,FastAccept
1785248905092,true,1785248905131,FastAccept
1785248905208,false,1785248905247,FastAccept
1785248905330,true,1785248905369,FastAccept
1785248905460,false,1785248905499,FastAccept
1785248905597,false,1785248905637,FastAccept
1785248905746,true,1785248905785,FastAccept
1785248905906,false,1785248905944,FastAccept
1785248906078,true,1785248906117,FastAccept
1785248906266,true,1785248906305,FastAccept
1785248906473,false,1785248906512,FastAccept
1785248906702,false,1785248906762,LeaderAccept
1785248906959,false,1785248906998,FastAccept
1785248907251,false,1785248907309,LeaderAccept
1785248907588,false,1785248907627,FastAccept
1785248907987,false,1785248908026,FastAccept
1785248908472,false,1785248908511,FastAccept
1785248909092,false,1785248909131,FastAccept
1785248909937,true,1785248909976,FastAccept
1785248911224,true,1785248911264,FastAccept
1785248913674,false,1785248913713,FastAccept
1785248922012,true,1785248922051,FastAccept
1785248941298,true,1785248941337,FastAccept
1785248941318,true,1785248941357,FastAccept
1785248941338,false,1785248941384,FastAccept
1785248941357,false,1785248941396,FastAccept
1785248941377,false,1785248941435,LeaderAccept
1785248941398,true,1785248941461,LeaderAccept
1785248941419,true,1785248941512,LeaderAccept
1785248941440,true,1785248941486,FastAccept
1785248941461,true,1785248941512,LeaderAccept
1785248941482,true,1785248941538,LeaderAccept
1785248941503,true,1785248941564,LeaderAccept
1785248941524,true,1785248941616,LeaderAccept
1785248941546,false,1785248941612,SlowAccept
1785248941568,false,1785248941612,FastAccept
1785248941590,false,1785248941643,LeaderAccept
1785248941613,false,1785248941669,LeaderAccept
1785248941636,false,1785248941690,LeaderAccept
1785248941659,true,1785248941701,LeaderAccept
1785248941682,true,1785248941724,LeaderAccept
1785248941705,false,1785248941746,LeaderAccept
1785248941729,false,1785248941770,LeaderAccept
1785248941753,true,1785248941794,LeaderAccept
1785248941777,true,1785248941819,LeaderAccept
1785248941801,false,1785248941842,LeaderAccept
1785248941826,true,1785248941867,LeaderAccept
1785248941851,false,1785248941893,LeaderAccept
1785248941876,true,1785248941919,LeaderAccept
1785248941901,false,1785248941943,LeaderAccept
1785248941927,false,1785248941970,LeaderAccept
1785248941954,true,1785248941996,LeaderAccept
1785248941981,true,1785248942022,LeaderAccept
1785248942007,false,1785248942049,LeaderAccept
1785248942035,true,1785248942077,LeaderAccept
1785248942063,false,1785248942105,LeaderAccept
1785248942092,true,1785248942134,LeaderAccept
1785248942121,false,1785248942163,LeaderAccept
1785248942150,true,1785248942192,LeaderAccept
1785248942180,true,1785248942221,LeaderAccept
1785248942210,true,1785248942251,LeaderAccept
1785248942240,true,1785248942284,LeaderAccept
1785248942271,true,1785248942312,LeaderAccept
1785248942302,true,1785248942344,LeaderAccept
1785248942333,true,1785248942375,LeaderAccept
1785248942366,false,1785248942408,LeaderAccept
1785248942399,false,1785248942441,LeaderAccept
1785248942432,false,1785248942474,LeaderAccept
1785248942466,false,1785248942508,LeaderAccept
1785248942501,false,1785248942543,LeaderAccept
1785248942536,true,1785248942577,LeaderAccept
1785248942571,false,1785248942613,LeaderAccept
1785248942606,true,1785248942648,LeaderAccept
1785248942643,true,1785248942684,LeaderAccept
1785248942680,false,1785248942722,LeaderAccept
1785248942717,false,1785248942758,LeaderAccept
1785248942755,true,1785248942797,LeaderAccept
1785248942795,false,1785248942836,LeaderAccept
1785248942835,true,1785248942876,LeaderAccept
1785248942875,false,1785248942917,LeaderAccept
1785248942917,false,1785248942958,LeaderAccept
1785248942959,true,1785248943000,LeaderAccept
1785248943001,false,1785248943043,LeaderAccept
1785248943046,true,1785248943088,LeaderAccept
1785248943092,false,1785248943133,LeaderAccept
1785248943138,true,1785248943179,LeaderAccept
1785248943185,true,1785248943226,LeaderAccept
1785248943233,true,1785248943275,LeaderAccept
1785248943282,false,1785248943324,LeaderAccept
1785248943334,false,1785248943375,LeaderAccept
1785248943385,true,1785248943427,LeaderAccept
1785248943439,false,1785248943480,LeaderAccept
1785248943493,false,1785248943532,FastAccept
1785248943550,true,1785248943588,FastAccept
1785248943608,false,1785248943647,FastAccept
1785248943668,false,1785248943707,FastAccept
1785248943730,false,1785248943769,FastAccept
1785248943794,true,1785248943833,FastAccept
1785248943859,true,1785248943898,FastAccept
1785248943927,true,1785248943966,FastAccept
1785248943997,true,1785248944037,FastAccept
1785248944070,true,1785248944109,FastAccept
1785248944145,true,1785248944183,FastAccept
1785248944223,false,1785248944262,FastAccept
1785248944304,true,1785248944343,FastAccept
1785248944388,true,1785248944427,FastAccept
1785248944475,false,1785248944514,FastAccept
1785248944567,false,1785248944606,FastAccept
1785248944663,true,1785248944702,FastAccept
1785248944764,false,1785248944804,FastAccept
1785248944870,true,1785248944909,FastAccept
1785248944981,false,1785248945020,FastAccept
1785248945097,true,1785248945136,FastAccept
1785248945222,true,1785248945261,FastAccept
1785248945354,false,1785248945394,FastAccept
1785248945496,true,1785248945535,FastAccept
1785248945648,false,1785248945686,FastAccept
1785248945811,false,1785248945850,FastAccept
1785248945988,false,1785248946027,FastAccept
1785248946182,true,1785248946220,FastAccept
1785248946395,true,1785248946434,FastAccept
1785248946632,true,1785248946671,FastAccept
1785248946899,true,1785248946938,FastAccept
1785248947203,false,1785248947242,FastAccept
1785248947556,true,1785248947595,FastAccept
1785248947979,false,1785248948019,FastAccept
1785248948501,true,1785248948541,FastAccept
1785248949177,true,1785248949216,FastAccept
1785248950126,false,1785248950164,FastAccept
1785248951649,true,1785248951688,FastAccept
1785248954911,true,1785248954950,FastAccept
1785248955082,true,1785248955146,LeaderAccept
1785248955100,false,1785248955165,LeaderAccept
1785248955118,true,1785248955166,LeaderAccept
1785248955137,false,1785248955190,LeaderAccept
1785248955155,false,1785248955247,LeaderAccept
1785248955174,false,1785248955237,SlowAccept
1785248955193,true,1785248955252,LeaderAccept
1785248955212,true,1785248955268,LeaderAccept
1785248955232,true,1785248955291,LeaderAccept
1785248955252,true,1785248955292,LeaderAccept
1785248955272,true,1785248955313,LeaderAccept
1785248955292,false,1785248955332,LeaderAccept
1785248955312,true,1785248955353,LeaderAccept
1785248955332,true,1785248955373,LeaderAccept
1785248955353,false,1785248955393,LeaderAccept
1785248955373,false,1785248955414,LeaderAccept
1785248955393,true,1785248955434,LeaderAccept
1785248955415,true,1785248955456,LeaderAccept
1785248955435,true,1785248955476,LeaderAccept
1785248955457,false,1785248955498,LeaderAccept
1785248955479,false,1785248955520,LeaderAccept
1785248955501,false,1785248955541,LeaderAccept
1785248955523,true,1785248955564,LeaderAccept
1785248955546,false,1785248955587,LeaderAccept
1785248955567,false,1785248955608,LeaderAccept
1785248955591,false,1785248955632,LeaderAccept
1785248955613,true,1785248955654,LeaderAccept
1785248955637,false,1785248955679,LeaderAccept
1785248955661,false,1785248955702,LeaderAccept
1785248955685,true,1785248955726,LeaderAccept
1785248955709,false,1785248955751,LeaderAccept
1785248955733,true,1785248955775,LeaderAccept
1785248955758,false,1785248955799,LeaderAccept
1785248955783,false,1785248955824,LeaderAccept
1785248955808,false,1785248955849,LeaderAccept
1785248955833,false,1785248955874,LeaderAccept
1785248955859,true,1785248955901,LeaderAccept
1785248955886,true,1785248955927,LeaderAccept
1785248955912,false,1785248955953,LeaderAccept
1785248955939,false,1785248955980,LeaderAccept
1785248955967,true,1785248956008,LeaderAccept
1785248955995,false,1785248956036,LeaderAccept
1785248956023,false,1785248956064,LeaderAccept
1785248956051,true,1785248956093,LeaderAccept
1785248956080,true,1785248956121,LeaderAccept
1785248956109,false,1785248956150,LeaderAccept
1785248956138,true,1785248956180,LeaderAccept
1785248956168,true,1785248956210,LeaderAccept
1785248956199,false,1785248956241,LeaderAccept
1785248956230,true,1785248956271,LeaderAccept
1785248956262,true,1785248956304,LeaderAccept
1785248956293,true,1785248956335,LeaderAccept
1785248956326,true,1785248956368,LeaderAccept
1785248956359,false,1785248956401,LeaderAccept
1785248956393,true,1785248956435,LeaderAccept
1785248956427,false,1785248956469,LeaderAccept
1785248956462,false,1785248956503,LeaderAccept
1785248956497,false,1785248956538,LeaderAccept
1785248956532,false,1785248956574,LeaderAccept
1785248956569,true,1785248956610,LeaderAccept
1785248956605,true,1785248956647,LeaderAccept
1785248956642,false,1785248956683,LeaderAccept
1785248956681,true,1785248956722,LeaderAccept
1785248956720,true,1785248956761,LeaderAccept
1785248956760,true,1785248956801,LeaderAccept
1785248956801,false,1785248956842,LeaderAccept
1785248956842,true,1785248956884,LeaderAccept
1785248956885,false,1785248956927,LeaderAccept
1785248956927,true,1785248956969,LeaderAccept
1785248956972,false,1785248957014,LeaderAccept
1785248957017,true,1785248957061,LeaderAccept
1785248957063,false,1785248957105,LeaderAccept
1785248957110,true,1785248957152,LeaderAccept
1785248957158,true,1785248957200,LeaderAccept
1785248957207,false,1785248957248,LeaderAccept
1785248957257,true,1785248957299,LeaderAccept
1785248957308,true,1785248957350,LeaderAccept
1785248957361,false,1785248957402,LeaderAccept
1785248957415,false,1785248957456,LeaderAccept
1785248957470,true,1785248957512,LeaderAccept
1785248957528,true,1785248957570,LeaderAccept
1785248957587,true,1785248957627,LeaderAccept
1785248957647,true,1785248957688,LeaderAccept
1785248957709,true,1785248957751,LeaderAccept
1785248957773,false,1785248957815,LeaderAccept
1785248957839,true,1785248957881,LeaderAccept
1785248957908,false,1785248957950,LeaderAccept
1785248957979,false,1785248958020,LeaderAccept
1785248958053,false,1785248958094,LeaderAccept
1785248958128,false,1785248958169,LeaderAccept
1785248958208,false,1785248958249,LeaderAccept
1785248958289,true,1785248958331,LeaderAccept
1785248958374,false,1785248958416,LeaderAccept
1785248958464,false,1785248958505,LeaderAccept
1785248958557,false,1785248958599,LeaderAccept
1785248958655,false,1785248958697,LeaderAccept
1785248958758,false,1785248958799,LeaderAccept
1785248958865,false,1785248958907,LeaderAccept
1785248958979,false,1785248959039,LeaderAccept
1785248959100,true,1785248959141,LeaderAccept
1785248959228,false,1785248959291,SlowAccept
1785248959364,true,1785248959405,LeaderAccept
1785248959509,true,1785248959554,FastAccept
1785248959665,false,1785248959704,FastAccept
1785248959834,false,1785248959873,FastAccept
1785248960017,true,1785248960056,FastAccept
1785248960219,false,1785248960258,FastAccept
1785248960442,false,1785248960480,FastAccept
1785248960690,false,1785248960729,FastAccept
1785248960971,true,1785248961024,LeaderAccept
1785248961295,true,1785248961335,FastAccept
1785248961676,true,1785248961722,FastAccept
1785248962136,false,1785248962174,FastAccept
1785248962715,true,1785248962754,FastAccept
1785248963488,true,1785248963528,FastAccept
1785248964625,true,1785248964664,FastAccept
1785248966631,false,1785248966670,FastAccept
1785248972099,true,1785248972138,FastAccept
1785248979020,false,1785248979059,FastAccept
1785248979045,false,1785248979084,FastAccept
1785248979070,false,1785248979108,FastAccept
1785248979095,true,1785248979134,FastAccept
1785248979121,false,1785248979186,LeaderAccept
1785248979147,true,1785248979212,LeaderAccept
1785248979173,true,1785248979233,LeaderAccept
1785248979200,false,1785248979254,LeaderAccept
1785248979227,true,1785248979274,LeaderAccept
1785248979255,false,1785248979318,SlowAccept
1785248979283,true,1785248979344,LeaderAccept
1785248979311,true,1785248979353,LeaderAccept
1785248979340,false,1785248979382,LeaderAccept
1785248979369,true,1785248979411,LeaderAccept
1785248979399,true,1785248979439,LeaderAccept
1785248979429,false,1785248979471,LeaderAccept
1785248979458,false,1785248979500,LeaderAccept
1785248979489,true,1785248979531,LeaderAccept
1785248979520,true,1785248979562,LeaderAccept
1785248979552,true,1785248979593,LeaderAccept
1785248979584,true,1785248979626,LeaderAccept
1785248979617,false,1785248979658,LeaderAccept
1785248979650,false,1785248979692,LeaderAccept
1785248979684,true,1785248979725,LeaderAccept
1785248979718,true,1785248979759,LeaderAccept
1785248979753,true,1785248979794,LeaderAccept
1785248979788,false,1785248979830,LeaderAccept
1785248979824,true,1785248979865,LeaderAccept
1785248979861,true,1785248979902,LeaderAccept
1785248979898,true,1785248979939,LeaderAccept
1785248979935,false,1785248979976,LeaderAccept
1785248979973,true,1785248980016,LeaderAccept
1785248980013,false,1785248980055,LeaderAccept
1785248980053,false,1785248980095,LeaderAccept
1785248980094,true,1785248980136,LeaderAccept
1785248980136,false,1785248980177,LeaderAccept
1785248980177,true,1785248980218,LeaderAccept
1785248980221,true,1785248980262,LeaderAccept
1785248980264,true,1785248980306,LeaderAccept
1785248980309,false,1785248980351,LeaderAccept
1785248980356,true,1785248980398,LeaderAccept
1785248980404,false,1785248980446,LeaderAccept
1785248980452,false,1785248980493,LeaderAccept
1785248980502,false,1785248980543,LeaderAccept
1785248980553,false,1785248980595,LeaderAccept
1785248980605,true,1785248980646,LeaderAccept
1785248980658,true,1785248980699,LeaderAccept
1785248980713,false,1785248980754,LeaderAccept
1785248980768,false,1785248980810,LeaderAccept
1785248980826,true,1785248980867,LeaderAccept
1785248980886,false,1785248980927,LeaderAccept
1785248980946,true,1785248980988,LeaderAccept
1785248981009,true,1785248981051,LeaderAccept
1785248981075,true,1785248981114,FastAccept
1785248981142,false,1785248981180,FastAccept
1785248981211,true,1785248981249,FastAccept
1785248981283,false,1785248981321,FastAccept
1785248981357,false,1785248981396,FastAccept
1785248981434,false,1785248981485,LeaderAccept
1785248981515,false,1785248981554,FastAccept
1785248981599,true,1785248981638,FastAccept
1785248981685,true,1785248981724,FastAccept
1785248981776,false,1785248981814,FastAccept
1785248981871,false,1785248981929,LeaderAccept
1785248981971,false,1785248982010,FastAccept
1785248982075,false,1785248982114,FastAccept
1785248982186,true,1785248982224,FastAccept
1785248982302,false,1785248982341,FastAccept
1785248982424,false,1785248982490,SlowAccept
1785248982555,false,1785248982594,FastAccept
1785248982694,true,1785248982734,FastAccept
1785248982844,false,1785248982883,FastAccept
1785248983005,true,1785248983044,FastAccept
1785248983180,false,1785248983218,FastAccept
1785248983370,false,1785248983408,FastAccept
1785248983579,false,1785248983618,FastAccept
1785248983811,false,1785248983850,FastAccept
1785248984072,true,1785248984111,FastAccept
1785248984369,false,1785248984407,FastAccept
1785248984713,true,1785248984752,FastAccept
1785248985121,true,1785248985160,FastAccept
1785248985622,true,1785248985661,FastAccept
1785248986263,false,1785248986302,FastAccept
1785248987148,false,1785248987187,FastAccept
1785248988526,true,1785248988565,FastAccept
1785248991267,true,1785248991306,FastAccept
1785248994264,false,1785248994303,FastAccept
1785248994280,false,1785248994318,FastAccept
1785248994295,false,1785248994334,FastAccept
1785248994311,false,1785248994357,FastAccept
1785248994326,false,1785248994365,FastAccept
1785248994342,false,1785248994408,LeaderAccept
1785248994358,true,1785248994396,FastAccept
1785248994373,true,1785248994460,LeaderAccept
1785248994389,true,1785248994454,SlowAccept
1785248994405,true,1785248994454,FastAccept
1785248994420,true,1785248994486,LeaderAccept
1785248994437,false,1785248994475,FastAccept
1785248994453,true,1785248994511,LeaderAccept
1785248994470,true,1785248994537,LeaderAccept
1785248994487,true,1785248994525,FastAccept
1785248994503,false,1785248994589,LeaderAccept
1785248994520,true,1785248994583,SlowAccept
1785248994537,true,1785248994583,FastAccept
1785248994554,true,1785248994636,LeaderAccept
1785248994571,true,1785248994635,SlowAccept
1785248994588,true,1785248994635,FastAccept
1785248994605,false,1785248994661,LeaderAccept
1785248994622,true,1785248994687,LeaderAccept
1785248994640,false,1785248994678,FastAccept
1785248994657,false,1785248994708,LeaderAccept
1785248994675,true,1785248994716,LeaderAccept
1785248994693,true,1785248994733,LeaderAccept
1785248994711,false,1785248994752,LeaderAccept
1785248994729,false,1785248994771,LeaderAccept
1785248994748,true,1785248994788,LeaderAccept
1785248994767,false,1785248994808,LeaderAccept
1785248994786,false,1785248994827,LeaderAccept
1785248994805,true,1785248994845,LeaderAccept
1785248994824,false,1785248994865,LeaderAccept
1785248994842,false,1785248994883,LeaderAccept
1785248994862,false,1785248994903,LeaderAccept
1785248994882,false,1785248994923,LeaderAccept
1785248994901,true,1785248994942,LeaderAccept
1785248994922,true,1785248994963,LeaderAccept
1785248994942,false,1785248994984,LeaderAccept
1785248994963,false,1785248995004,LeaderAccept
1785248994984,false,1785248995025,LeaderAccept
1785248995004,true,1785248995045,LeaderAccept
1785248995024,false,1785248995065,LeaderAccept
1785248995045,true,1785248995086,LeaderAccept
1785248995067,false,1785248995107,LeaderAccept
1785248995088,false,1785248995129,LeaderAccept
1785248995110,false,1785248995151,LeaderAccept
1785248995132,false,1785248995173,LeaderAccept
1785248995155,true,1785248995195,LeaderAccept
1785248995177,true,1785248995218,LeaderAccept
1785248995200,true,1785248995241,LeaderAccept
1785248995223,false,1785248995264,LeaderAccept
1785248995247,true,1785248995289,LeaderAccept
1785248995271,false,1785248995313,LeaderAccept
1785248995294,false,1785248995337,LeaderAccept
1785248995319,false,1785248995360,LeaderAccept
1785248995344,false,1785248995386,LeaderAccept
1785248995368,true,1785248995409,LeaderAccept
1785248995394,true,1785248995435,LeaderAccept
1785248995419,true,1785248995460,LeaderAccept
1785248995444,false,1785248995485,LeaderAccept
1785248995470,true,1785248995512,LeaderAccept
1785248995497,true,1785248995538,LeaderAccept
1785248995524,false,1785248995566,LeaderAccept
1785248995551,true,1785248995593,LeaderAccept
1785248995578,false,1785248995619,LeaderAccept
1785248995606,false,1785248995646,LeaderAccept
1785248995633,false,1785248995675,LeaderAccept
1785248995662,true,1785248995703,LeaderAccept
1785248995691,true,1785248995732,LeaderAccept
1785248995721,false,1785248995762,LeaderAccept
1785248995750,false,1785248995791,LeaderAccept
1785248995781,true,1785248995822,LeaderAccept
1785248995812,true,1785248995853,LeaderAccept
1785248995842,false,1785248995883,LeaderAccept
1785248995874,false,1785248995916,LeaderAccept
1785248995906,false,1785248995947,LeaderAccept
1785248995938,true,1785248995980,LeaderAccept
1785248995970,true,1785248996012,LeaderAccept
1785248996004,false,1785248996046,LeaderAccept
1785248996038,true,1785248996079,LeaderAccept
1785248996073,false,1785248996114,LeaderAccept
1785248996108,false,1785248996149,LeaderAccept
1785248996143,false,1785248996185,LeaderAccept
1785248996180,true,1785248996222,LeaderAccept
1785248996217,true,1785248996259,LeaderAccept
1785248996255,false,1785248996296,LeaderAccept
1785248996293,false,1785248996335,LeaderAccept
1785248996333,true,1785248996374,LeaderAccept
1785248996373,true,1785248996414,LeaderAccept
1785248996413,true,1785248996455,LeaderAccept
1785248996455,false,1785248996496,LeaderAccept
1785248996497,false,1785248996538,LeaderAccept
1785248996540,false,1785248996581,LeaderAccept
1785248996584,true,1785248996625,LeaderAccept
1785248996629,false,1785248996670,LeaderAccept
1785248996674,true,1785248996716,LeaderAccept
1785248996721,false,1785248996763,LeaderAccept
1785248996770,true,1785248996812,LeaderAccept
1785248996819,true,1785248996861,LeaderAccept
1785248996870,true,1785248996909,FastAccept
1785248996922,true,1785248996961,FastAccept
1785248996975,false,1785248997014,FastAccept
1785248997029,false,1785248997068,FastAccept
1785248997085,true,1785248997124,FastAccept
1785248997142,true,1785248997181,FastAccept
1785248997202,true,1785248997241,FastAccept
1785248997263,false,1785248997302,FastAccept
1785248997325,false,1785248997364,FastAccept
1785248997390,true,1785248997428,FastAccept
1785248997456,false,1785248997495,FastAccept
1785248997525,false,1785248997565,FastAccept
1785248997597,true,1785248997636,FastAccept
1785248997670,true,1785248997729,LeaderAccept
1785248997747,false,1785248997787,FastAccept
1785248997827,true,1785248997866,FastAccept
1785248997910,false,1785248997949,FastAccept
1785248997997,false,1785248998062,SlowAccept
1785248998086,true,1785248998140,LeaderAccept
1785248998181,false,1785248998235,LeaderAccept
1785248998279,false,1785248998339,LeaderAccept
1785248998382,false,1785248998424,LeaderAccept
1785248998491,false,1785248998533,LeaderAccept
1785248998607,true,1785248998682,LeaderAccept
1785248998729,true,1785248998776,LeaderAccept
1785248998858,true,1785248998900,LeaderAccept
1785248998996,false,1785248999038,LeaderAccept
1785248999144,true,1785248999186,LeaderAccept
1785248999303,true,1785248999345,LeaderAccept
1785248999475,true,1785248999546,LeaderAccept
1785248999662,false,1785248999710,LeaderAccept
1785248999867,true,1785248999908,LeaderAccept
1785249000093,true,1785249000136,LeaderAccept
1785249000348,false,1785249000387,FastAccept
1785249000636,false,1785249000696,SlowAccept
1785249000969,false,1785249001008,FastAccept
1785249001363,false,1785249001403,FastAccept
1785249001841,false,1785249001881,FastAccept
1785249002450,true,1785249002496,FastAccept
1785249003274,true,1785249003312,FastAccept
1785249004516,true,1785249004555,FastAccept
1785249006828,false,1785249006866,FastAccept
1785249009140,true,1785249009181,LeaderAccept
1785249009161,true,1785249009202,LeaderAccept
1785249009184,false,1785249009224,LeaderAccept
1785249009206,true,1785249009247,LeaderAccept
1785249009229,true,1785249009269,LeaderAccept
1785249009251,true,1785249009292,LeaderAccept
1785249009273,false,1785249009314,LeaderAccept
1785249009296,false,1785249009337,LeaderAccept
1785249009318,false,1785249009359,LeaderAccept
1785249009342,false,1785249009383,LeaderAccept
1785249009366,false,1785249009407,LeaderAccept
1785249009390,true,1785249009432,LeaderAccept
1785249009415,false,1785249009456,LeaderAccept
1785249009440,true,1785249009481,LeaderAccept
1785249009464,true,1785249009505,LeaderAccept
1785249009489,true,1785249009531,LeaderAccept
1785249009515,false,1785249009555,LeaderAccept
1785249009541,false,1785249009582,LeaderAccept
1785249009566,true,1785249009608,LeaderAccept
1785249009593,false,1785249009634,LeaderAccept
1785249009620,true,1785249009661,LeaderAccept
1785249009646,true,1785249009687,LeaderAccept
1785249009674,true,1785249009716,LeaderAccept
1785249009702,false,1785249009743,LeaderAccept
1785249009730,false,1785249009771,LeaderAccept
1785249009759,false,1785249009800,LeaderAccept
1785249009787,false,1785249009828,LeaderAccept
1785249009817,true,1785249009858,LeaderAccept
1785249009847,true,1785249009887,LeaderAccept
1785249009876,false,1785249009918,LeaderAccept
1785249009906,true,1785249009948,LeaderAccept
1785249009938,true,1785249009979,LeaderAccept
1785249009970,true,1785249010012,LeaderAccept
1785249010001,true,1785249010043,LeaderAccept
1785249010034,false,1785249010076,LeaderAccept
1785249010067,true,1785249010108,LeaderAccept
1785249010101,true,1785249010142,LeaderAccept
1785249010134,false,1785249010176,LeaderAccept
1785249010168,false,1785249010209,LeaderAccept
1785249010204,true,1785249010245,LeaderAccept
1785249010240,false,1785249010281,LeaderAccept
1785249010276,false,1785249010318,LeaderAccept
1785249010313,true,1785249010356,LeaderAccept
1785249010350,true,1785249010392,LeaderAccept
1785249010389,true,1785249010430,LeaderAccept
1785249010429,true,1785249010471,LeaderAccept
1785249010469,false,1785249010510,LeaderAccept
1785249010510,false,1785249010551,LeaderAccept
1785249010551,false,1785249010593,LeaderAccept
1785249010594,false,1785249010636,LeaderAccept
1785249010638,false,1785249010679,LeaderAccept
1785249010682,false,1785249010724,LeaderAccept
1785249010727,true,1785249010768,LeaderAccept
1785249010773,true,1785249010815,LeaderAccept
1785249010821,true,1785249010862,LeaderAccept
1785249010869,true,1785249010911,LeaderAccept
1785249010919,false,1785249010961,LeaderAccept
1785249010970,false,1785249011011,LeaderAccept
1785249011022,true,1785249011063,LeaderAccept
1785249011075,true,1785249011116,LeaderAccept
1785249011130,true,1785249011171,LeaderAccept
1785249011187,false,1785249011228,LeaderAccept
1785249011245,true,1785249011287,LeaderAccept
1785249011305,false,1785249011346,LeaderAccept
1785249011366,false,1785249011407,LeaderAccept
1785249011428,true,1785249011470,LeaderAccept
1785249011493,false,1785249011535,LeaderAccept
1785249011561,false,1785249011602,LeaderAccept
1785249011631,false,1785249011672,LeaderAccept
1785249011703,true,1785249011744,LeaderAccept
1785249011778,false,1785249011819,LeaderAccept
1785249011856,false,1785249011898,LeaderAccept
1785249011937,true,1785249011979,LeaderAccept
1785249012021,true,1785249012063,LeaderAccept
1785249012109,false,1785249012148,FastAccept
1785249012200,true,1785249012239,FastAccept
1785249012296,true,1785249012335,FastAccept
1785249012396,true,1785249012435,FastAccept
1785249012501,true,1785249012540,FastAccept
1785249012612,false,1785249012651,FastAccept
1785249012729,false,1785249012768,FastAccept
1785249012853,true,1785249012892,FastAccept
1785249012984,true,1785249013024,FastAccept
1785249013125,true,1785249013164,FastAccept
1785249013276,true,1785249013325,LeaderAccept
1785249013439,true,1785249013498,LeaderAccept
1785249013614,false,1785249013653,FastAccept
1785249013807,true,1785249013845,FastAccept
1785249014018,true,1785249014056,FastAccept
1785249014253,false,1785249014292,FastAccept
1785249014517,false,1785249014556,FastAccept
1785249014818,false,1785249014856,FastAccept
1785249015168,true,1785249015207,FastAccept
1785249015585,true,1785249015624,FastAccept
1785249016098,false,1785249016137,FastAccept
1785249016760,false,1785249016799,FastAccept
1785249017682,false,1785249017721,FastAccept
1785249019143,false,1785249019182,FastAccept
1785249022179,false,1785249022217,FastAccept
1785249036012,false,1785249036052,FastAccept
1785249038798,false,1785249038843,FastAccept
1785249038814,false,1785249038860,FastAccept
1785249038830,false,1785249038871,LeaderAccept
1785249038846,false,1785249038891,LeaderAccept
1785249038864,true,1785249038905,LeaderAccept
1785249038880,true,1785249038921,LeaderAccept
1785249038897,false,1785249038938,LeaderAccept
1785249038915,false,1785249038956,LeaderAccept
1785249038932,true,1785249038973,LeaderAccept
1785249038950,true,1785249038991,LeaderAccept
1785249038968,false,1785249039009,LeaderAccept
1785249038986,false,1785249039027,LeaderAccept
1785249039003,false,1785249039045,LeaderAccept
1785249039021,false,1785249039062,LeaderAccept
1785249039040,true,1785249039081,LeaderAccept
1785249039059,true,1785249039100,LeaderAccept
1785249039078,true,1785249039118,LeaderAccept
1785249039097,true,1785249039137,LeaderAccept
1785249039116,false,1785249039157,LeaderAccept
1785249039134,true,1785249039175,LeaderAccept
1785249039154,false,1785249039194,LeaderAccept
1785249039173,false,1785249039214,LeaderAccept
1785249039192,true,1785249039233,LeaderAccept
1785249039212,false,1785249039254,LeaderAccept
1785249039233,false,1785249039274,LeaderAccept
1785249039254,false,1785249039295,LeaderAccept
1785249039274,false,1785249039315,LeaderAccept
1785249039294,true,1785249039335,LeaderAccept
1785249039315,false,1785249039356,LeaderAccept
1785249039336,true,1785249039377,LeaderAccept
1785249039358,false,1785249039399,LeaderAccept
1785249039380,true,1785249039421,LeaderAccept
1785249039402,false,1785249039443,LeaderAccept
1785249039424,true,1785249039465,LeaderAccept
1785249039446,true,1785249039486,LeaderAccept
1785249039468,false,1785249039508,LeaderAccept
1785249039491,false,1785249039532,LeaderAccept
1785249039514,true,1785249039554,LeaderAccept
1785249039537,true,1785249039578,LeaderAccept
1785249039560,false,1785249039601,LeaderAccept
1785249039584,false,1785249039625,LeaderAccept
1785249039607,true,1785249039649,LeaderAccept
1785249039632,true,1785249039672,LeaderAccept
1785249039655,false,1785249039697,LeaderAccept
1785249039680,false,1785249039721,LeaderAccept
1785249039705,false,1785249039746,LeaderAccept
1785249039731,true,1785249039772,LeaderAccept
1785249039757,false,1785249039798,LeaderAccept
1785249039782,true,1785249039824,LeaderAccept
1785249039809,true,1785249039850,LeaderAccept
1785249039835,true,1785249039876,LeaderAccept
1785249039863,true,1785249039905,LeaderAccept
1785249039890,false,1785249039932,LeaderAccept
1785249039918,false,1785249039960,LeaderAccept
1785249039946,false,1785249039988,LeaderAccept
1785249039974,true,1785249040015,LeaderAccept
1785249040003,false,1785249040044,LeaderAccept
1785249040032,false,1785249040073,LeaderAccept
1785249040062,false,1785249040103,LeaderAccept
1785249040092,false,1785249040134,LeaderAccept
1785249040123,false,1785249040164,LeaderAccept
1785249040154,false,1785249040195,LeaderAccept
1785249040184,true,1785249040227,LeaderAccept
1785249040217,false,1785249040259,LeaderAccept
1785249040250,false,1785249040291,LeaderAccept
1785249040283,false,1785249040324,LeaderAccept
1785249040316,false,1785249040357,LeaderAccept
1785249040350,true,1785249040391,LeaderAccept
1785249040384,true,1785249040425,LeaderAccept
1785249040420,true,1785249040461,LeaderAccept
1785249040456,true,1785249040497,LeaderAccept
1785249040491,true,1785249040532,LeaderAccept
1785249040528,false,1785249040569,LeaderAccept
1785249040566,true,1785249040607,LeaderAccept
1785249040603,true,1785249040644,LeaderAccept
1785249040642,true,1785249040684,LeaderAccept
1785249040682,false,1785249040723,LeaderAccept
1785249040722,false,1785249040763,LeaderAccept
1785249040762,true,1785249040803,LeaderAccept
1785249040805,true,1785249040846,LeaderAccept
1785249040848,true,1785249040889,LeaderAccept
1785249040891,true,1785249040932,LeaderAccept
1785249040936,false,1785249040979,LeaderAccept
1785249040982,true,1785249041023,LeaderAccept
1785249041029,false,1785249041069,LeaderAccept
1785249041077,true,1785249041118,LeaderAccept
1785249041125,false,1785249041166,LeaderAccept
1785249041175,true,1785249041217,LeaderAccept
1785249041227,false,1785249041268,LeaderAccept
1785249041280,false,1785249041321,LeaderAccept
1785249041334,false,1785249041376,LeaderAccept
1785249041390,false,1785249041432,LeaderAccept
1785249041448,false,1785249041489,LeaderAccept
1785249041507,false,1785249041549,LeaderAccept
1785249041568,false,1785249041609,LeaderAccept
1785249041631,true,1785249041673,LeaderAccept
1785249041696,false,1785249041737,LeaderAccept
1785249041763,true,1785249041804,LeaderAccept
1785249041831,false,1785249041873,LeaderAccept
1785249041903,false,1785249041944,LeaderAccept
1785249041977,false,1785249042019,LeaderAccept
1785249042054,false,1785249042095,LeaderAccept
1785249042133,false,1785249042174,LeaderAccept
1785249042215,false,1785249042256,LeaderAccept
1785249042300,false,1785249042342,LeaderAccept
1785249042390,false,1785249042431,LeaderAccept
1785249042484,false,1785249042525,LeaderAccept
1785249042582,true,1785249042624,LeaderAccept
1785249042685,true,1785249042726,LeaderAccept
1785249042793,false,1785249042834,LeaderAccept
1785249042907,false,1785249042948,LeaderAccept
1785249043028,true,1785249043067,FastAccept
1785249043156,false,1785249043221,SlowAccept
1785249043293,false,1785249043332,FastAccept
1785249043440,true,1785249043479,FastAccept
1785249043597,false,1785249043643,FastAccept
1785249043767,true,1785249043806,FastAccept
1785249043953,true,1785249043992,FastAccept
1785249044156,true,1785249044195,FastAccept
1785249044381,true,1785249044420,FastAccept
1785249044632,false,1785249044671,FastAccept
1785249044917,true,1785249044956,FastAccept
1785249045246,true,1785249045305,LeaderAccept
1785249045633,true,1785249045672,FastAccept
1785249046101,false,1785249046140,FastAccept
1785249046694,true,1785249046733,FastAccept
1785249047490,true,1785249047529,FastAccept
1785249048674,true,1785249048713,FastAccept
1785249050817,true,1785249050856,FastAccept
1785249057067,false,1785249057108,LeaderAccept
1785249075215,true,1785249075270,LeaderAccept
1785249075237,false,1785249075296,LeaderAccept
1785249075259,true,1785249075318,LeaderAccept
1785249075281,false,1785249075343,LeaderAccept
1785249075303,false,1785249075408,LeaderAccept
1785249075326,false,1785249075389,SlowAccept
1785249075349,false,1785249075413,LeaderAccept
1785249075371,false,1785249075479,LeaderAccept
1785249075395,false,1785249075460,SlowAccept
1785249075419,true,1785249075479,SlowAccept
1785249075443,false,1785249075485,LeaderAccept
1785249075467,false,1785249075508,LeaderAccept
1785249075491,false,1785249075537,LeaderAccept
1785249075514,false,1785249075556,LeaderAccept
1785249075538,false,1785249075579,LeaderAccept
1785249075564,true,1785249075605,LeaderAccept
1785249075590,true,1785249075658,LeaderAccept
1785249075615,false,1785249075658,LeaderAccept
1785249075641,false,1785249075682,LeaderAccept
1785249075668,true,1785249075709,LeaderAccept
1785249075695,false,1785249075736,LeaderAccept
1785249075721,false,1785249075763,LeaderAccept
1785249075749,true,1785249075791,LeaderAccept
1785249075776,true,1785249075818,LeaderAccept
1785249075805,false,1785249075847,LeaderAccept
1785249075833,true,1785249075875,LeaderAccept
1785249075862,true,1785249075903,LeaderAccept
1785249075891,true,1785249075932,LeaderAccept
1785249075921,true,1785249075962,LeaderAccept
1785249075950,true,1785249075992,LeaderAccept
1785249075980,false,1785249076022,LeaderAccept
1785249076011,true,1785249076053,LeaderAccept
1785249076043,true,1785249076084,LeaderAccept
1785249076074,true,1785249076116,LeaderAccept
1785249076107,false,1785249076148,LeaderAccept
1785249076139,false,1785249076181,LeaderAccept
1785249076173,false,1785249076214,LeaderAccept
1785249076207,true,1785249076249,LeaderAccept
1785249076242,false,1785249076283,LeaderAccept
1785249076277,false,1785249076319,LeaderAccept
1785249076312,false,1785249076354,LeaderAccept
1785249076349,true,1785249076391,LeaderAccept
1785249076386,true,1785249076427,LeaderAccept
1785249076424,false,1785249076465,LeaderAccept
1785249076462,false,1785249076503,LeaderAccept
1785249076501,false,1785249076542,LeaderAccept
1785249076540,false,1785249076582,LeaderAccept
1785249076581,false,1785249076622,LeaderAccept
1785249076622,true,1785249076663,LeaderAccept
1785249076663,true,1785249076705,LeaderAccept
1785249076707,false,1785249076757,LeaderAccept
1785249076750,false,1785249076792,LeaderAccept
1785249076794,true,1785249076836,LeaderAccept
1785249076840,true,1785249076882,LeaderAccept
1785249076887,true,1785249076928,LeaderAccept
1785249076934,true,1785249076977,LeaderAccept
1785249076984,true,1785249077025,LeaderAccept
1785249077034,true,1785249077075,LeaderAccept
1785249077085,true,1785249077126,LeaderAccept
1785249077138,false,1785249077180,LeaderAccept
1785249077193,false,1785249077232,FastAccept
1785249077249,false,1785249077288,FastAccept
1785249077307,true,1785249077345,FastAccept
1785249077366,false,1785249077404,FastAccept
1785249077426,false,1785249077475,LeaderAccept
1785249077488,false,1785249077527,FastAccept
1785249077553,false,1785249077592,FastAccept
1785249077619,false,1785249077665,FastAccept
1785249077688,false,1785249077727,FastAccept
1785249077759,false,1785249077798,FastAccept
1785249077833,true,1785249077872,FastAccept
1785249077909,true,1785249077948,FastAccept
1785249077989,true,1785249078028,FastAccept
1785249078071,false,1785249078110,FastAccept
1785249078157,false,1785249078208,LeaderAccept
1785249078246,false,1785249078286,FastAccept
1785249078340,true,1785249078379,FastAccept
1785249078438,false,1785249078476,FastAccept
1785249078541,true,1785249078580,FastAccept
1785249078649,true,1785249078688,FastAccept
1785249078763,true,1785249078831,LeaderAccept
1785249078884,false,1785249078936,LeaderAccept
1785249079012,true,1785249079075,SlowAccept
1785249079148,true,1785249079190,LeaderAccept
1785249079295,false,1785249079337,LeaderAccept
1785249079453,true,1785249079494,LeaderAccept
1785249079623,false,1785249079664,LeaderAccept
1785249079808,true,1785249079848,LeaderAccept
1785249080011,false,1785249080052,LeaderAccept
1785249080235,false,1785249080276,LeaderAccept
1785249080486,true,1785249080527,LeaderAccept
1785249080769,true,1785249080811,LeaderAccept
1785249081097,false,1785249081138,LeaderAccept
1785249081483,true,1785249081524,LeaderAccept
1785249081950,true,1785249081991,LeaderAccept
1785249082538,true,1785249082581,LeaderAccept
1785249083329,false,1785249083375,FastAccept
1785249084502,false,1785249084541,FastAccept
1785249086612,true,1785249086651,FastAccept
1785249092666,false,1785249092704,FastAccept
1785249098431,false,1785249098470,FastAccept
1785249098464,false,1785249098502,FastAccept
1785249098497,false,1785249098535,FastAccept
1785249098529,false,1785249098568,FastAccept
1785249098562,false,1785249098601,FastAccept
1785249098596,true,1785249098635,FastAccept
1785249098632,false,1785249098671,FastAccept
1785249098667,true,1785249098713,FastAccept
1785249098704,false,1785249098785,LeaderAccept
1785249098741,true,1785249098793,LeaderAccept
1785249098778,false,1785249098841,LeaderAccept
1785249098816,true,1785249098861,FastAccept
1785249098855,false,1785249098916,LeaderAccept
1785249098895,false,1785249098940,FastAccept
1785249098934,false,1785249098990,LeaderAccept
1785249098975,true,1785249099017,LeaderAccept
1785249099017,true,1785249099058,LeaderAccept
1785249099059,true,1785249099100,LeaderAccept
1785249099103,true,1785249099144,LeaderAccept
1785249099147,true,1785249099188,LeaderAccept
1785249099192,true,1785249099233,LeaderAccept
1785249099238,true,1785249099280,LeaderAccept
1785249099286,false,1785249099327,LeaderAccept
1785249099334,true,1785249099375,LeaderAccept
1785249099385,true,1785249099426,LeaderAccept
1785249099436,true,1785249099477,LeaderAccept
1785249099487,true,1785249099529,LeaderAccept
1785249099541,false,1785249099582,LeaderAccept
1785249099596,true,1785249099638,LeaderAccept
1785249099653,true,1785249099694,LeaderAccept
1785249099711,false,1785249099752,LeaderAccept
1785249099771,false,1785249099813,LeaderAccept
1785249099833,true,1785249099874,LeaderAccept
1785249099897,false,1785249099938,LeaderAccept
1785249099963,false,1785249100004,LeaderAccept
1785249100031,false,1785249100073,LeaderAccept
1785249100101,false,1785249100142,LeaderAccept
1785249100173,false,1785249100215,LeaderAccept
1785249100249,true,1785249100290,LeaderAccept
1785249100327,false,1785249100368,LeaderAccept
1785249100407,true,1785249100449,LeaderAccept
1785249100491,true,1785249100533,LeaderAccept
1785249100580,false,1785249100621,LeaderAccept
1785249100672,true,1785249100713,LeaderAccept
1785249100768,false,1785249100815,LeaderAccept
1785249100869,false,1785249100911,LeaderAccept
1785249100975,false,1785249101021,FastAccept
1785249101087,false,1785249101126,FastAccept
1785249101205,true,1785249101244,FastAccept
1785249101331,false,1785249101369,FastAccept
1785249101464,true,1785249101502,FastAccept
1785249101606,true,1785249101645,FastAccept
1785249101759,true,1785249101798,FastAccept
1785249101924,true,1785249101963,FastAccept
1785249102103,true,1785249102142,FastAccept
1785249102299,false,1785249102337,FastAccept
1785249102514,true,1785249102553,FastAccept
1785249102754,false,1785249102793,FastAccept
1785249103024,true,1785249103063,FastAccept
1785249103334,true,1785249103373,FastAccept
1785249103695,true,1785249103734,FastAccept
1785249104127,false,1785249104166,FastAccept
1785249104662,false,1785249104701,FastAccept
1785249105363,true,1785249105402,FastAccept
1785249106357,false,1785249106396,FastAccept
1785249107988,false,1785249108027,FastAccept
1785249111676,false,1785249111718,LeaderAccept
1785249134983,false,1785249135022,FastAccept
1785249137652,true,1785249137691,FastAccept
1785249137680,true,1785249137718,FastAccept
1785249137707,false,1785249137746,FastAccept
1785249137735,false,1785249137773,FastAccept
1785249137763,true,1785249137802,FastAccept
1785249137792,true,1785249137831,FastAccept
1785249137821,false,1785249137860,FastAccept
1785249137850,true,1785249137889,FastAccept
1785249137880,false,1785249137919,FastAccept
1785249137910,true,1785249137948,FastAccept
1785249137941,true,1785249137980,FastAccept
1785249137971,false,1785249138010,FastAccept
1785249138003,true,1785249138042,FastAccept
1785249138034,false,1785249138073,FastAccept
1785249138067,true,1785249138106,FastAccept
1785249138100,false,1785249138139,FastAccept
1785249138134,true,1785249138173,FastAccept
1785249138169,false,1785249138208,FastAccept
1785249138204,true,1785249138243,FastAccept
1785249138240,false,1785249138279,FastAccept
1785249138275,false,1785249138314,FastAccept
1785249138311,true,1785249138350,FastAccept
1785249138349,false,1785249138388,FastAccept
1785249138387,true,1785249138426,FastAccept
1785249138426,false,1785249138464,FastAccept
1785249138464,false,1785249138503,FastAccept
1785249138505,false,1785249138543,FastAccept
1785249138546,true,1785249138585,FastAccept
1785249138587,true,1785249138626,FastAccept
1785249138629,false,1785249138668,FastAccept
1785249138672,false,1785249138711,FastAccept
1785249138716,true,1785249138755,FastAccept
1785249138761,false,1785249138800,FastAccept
1785249138807,false,1785249138846,FastAccept
1785249138854,false,1785249138893,FastAccept
1785249138903,true,1785249138942,FastAccept
1785249138952,false,1785249138991,FastAccept
1785249139003,true,1785249139042,FastAccept
1785249139055,false,1785249139094,FastAccept
1785249139109,false,1785249139148,FastAccept
1785249139164,true,1785249139203,FastAccept
1785249139220,false,1785249139259,FastAccept
1785249139277,false,1785249139316,FastAccept
1785249139337,false,1785249139376,FastAccept
1785249139398,true,1785249139437,FastAccept
1785249139461,false,1785249139500,FastAccept
1785249139526,false,1785249139565,FastAccept
1785249139593,false,1785249139632,FastAccept
1785249139662,true,1785249139702,FastAccept
1785249139735,false,1785249139774,FastAccept
1785249139810,false,1785249139849,FastAccept
1785249139888,true,1785249139927,FastAccept
1785249139968,false,1785249140007,FastAccept
1785249140051,false,1785249140090,FastAccept
1785249140138,true,1785249140177,FastAccept
1785249140230,true,1785249140269,FastAccept
1785249140325,true,1785249140364,FastAccept
1785249140425,true,1785249140463,FastAccept
1785249140530,false,1785249140569,FastAccept
1785249140640,false,1785249140679,FastAccept
1785249140757,true,1785249140796,FastAccept
1785249140880,true,1785249140919,FastAccept
1785249141012,false,1785249141051,FastAccept
1785249141152,true,1785249141191,FastAccept
1785249141303,true,1785249141342,FastAccept
1785249141466,false,1785249141504,FastAccept
1785249141641,false,1785249141679,FastAccept
1785249141833,true,1785249141872,FastAccept
1785249142044,true,1785249142083,FastAccept
1785249142277,true,1785249142317,FastAccept
1785249142540,true,1785249142580,FastAccept
1785249142840,false,1785249142879,FastAccept
1785249143188,true,1785249143227,FastAccept
1785249143602,true,1785249143641,FastAccept
1785249144110,false,1785249144149,FastAccept
1785249144766,false,1785249144804,FastAccept
1785249145675,false,1785249145714,FastAccept
1785249147106,false,1785249147170,SlowAccept
1785249150033,false,1785249150072,FastAccept
1785249162678,false,1785249162717,FastAccept
1785249174825,false,1785249174864,FastAccept
1785249174841,false,1785249174880,FastAccept
1785249174857,false,1785249174895,FastAccept
1785249174873,true,1785249174911,FastAccept
1785249174889,false,1785249174928,FastAccept
1785249174906,true,1785249174945,FastAccept
1785249174921,false,1785249174960,FastAccept
1785249174938,false,1785249174976,FastAccept
1785249174955,true,1785249174993,FastAccept
1785249174971,true,1785249175010,FastAccept
1785249174989,false,1785249175028,FastAccept
1785249175007,true,1785249175045,FastAccept
1785249175024,false,1785249175062,FastAccept
1785249175042,true,1785249175081,FastAccept
1785249175060,false,1785249175098,FastAccept
1785249175078,false,1785249175116,FastAccept
1785249175096,false,1785249175135,FastAccept
1785249175113,false,1785249175152,FastAccept
1785249175132,true,1785249175170,FastAccept
1785249175150,false,1785249175189,FastAccept
1785249175169,true,1785249175207,FastAccept
1785249175187,true,1785249175225,FastAccept
1785249175206,true,1785249175245,FastAccept
1785249175225,true,1785249175263,FastAccept
1785249175243,false,1785249175282,FastAccept
1785249175263,true,1785249175302,FastAccept
1785249175282,true,1785249175321,FastAccept
1785249175302,false,1785249175340,FastAccept
1785249175321,true,1785249175360,FastAccept
1785249175342,false,1785249175380,FastAccept
1785249175362,false,1785249175401,FastAccept
1785249175383,true,1785249175422,FastAccept
1785249175402,false,1785249175441,FastAccept
1785249175423,true,1785249175462,FastAccept
1785249175444,true,1785249175483,FastAccept
1785249175466,true,1785249175505,FastAccept
1785249175488,true,1785249175526,FastAccept
1785249175510,false,1785249175549,FastAccept
1785249175531,true,1785249175570,FastAccept
1785249175554,true,1785249175593,FastAccept
1785249175576,true,1785249175615,FastAccept
1785249175599,true,1785249175638,FastAccept
1785249175621,false,1785249175660,FastAccept
1785249175645,true,1785249175684,FastAccept
1785249175668,true,1785249175707,FastAccept
1785249175692,false,1785249175731,FastAccept
1785249175715,false,1785249175754,FastAccept
1785249175740,true,1785249175778,FastAccept
1785249175764,false,1785249175803,FastAccept
1785249175789,false,1785249175827,FastAccept
1785249175814,true,1785249175853,FastAccept
1785249175840,true,1785249175878,FastAccept
1785249175866,true,1785249175905,FastAccept
1785249175892,true,1785249175931,FastAccept
1785249175918,false,1785249175957,FastAccept
1785249175945,true,1785249175984,FastAccept
1785249175972,true,1785249176011,FastAccept
1785249176000,false,1785249176040,FastAccept
1785249176027,false,1785249176066,FastAccept
1785249176056,false,1785249176095,FastAccept
1785249176084,true,1785249176123,FastAccept
1785249176112,true,1785249176151,FastAccept
1785249176142,true,1785249176181,FastAccept
1785249176172,true,1785249176211,FastAccept
1785249176202,false,1785249176240,FastAccept
1785249176233,true,1785249176272,FastAccept
1785249176264,true,1785249176302,FastAccept
1785249176295,true,1785249176334,FastAccept
1785249176327,true,1785249176366,FastAccept
1785249176359,false,1785249176398,FastAccept
1785249176392,false,1785249176431,FastAccept
1785249176426,true,1785249176465,FastAccept
1785249176460,true,1785249176498,FastAccept
1785249176495,true,1785249176534,FastAccept
1785249176530,false,1785249176568,FastAccept
1785249176565,false,1785249176604,FastAccept
1785249176602,false,1785249176641,FastAccept
1785249176640,true,1785249176678,FastAccept
1785249176678,true,1785249176717,FastAccept
1785249176717,true,1785249176755,FastAccept
1785249176755,false,1785249176794,FastAccept
1785249176795,false,1785249176834,FastAccept
1785249176836,false,1785249176875,FastAccept
1785249176877,true,1785249176916,FastAccept
1785249176920,false,1785249176959,FastAccept
1785249176964,false,1785249177003,FastAccept
1785249177008,false,1785249177047,FastAccept
1785249177052,true,1785249177091,FastAccept
1785249177099,true,1785249177138,FastAccept
1785249177146,true,1785249177185,FastAccept
1785249177194,false,1785249177232,FastAccept
1785249177243,true,1785249177281,FastAccept
1785249177293,true,1785249177332,FastAccept
1785249177345,true,1785249177384,FastAccept
1785249177398,true,1785249177437,FastAccept
1785249177453,true,1785249177492,FastAccept
1785249177508,true,1785249177547,FastAccept
1785249177566,false,1785249177605,FastAccept
1785249177625,true,1785249177664,FastAccept
1785249177686,false,1785249177725,FastAccept
1785249177749,false,1785249177788,FastAccept
1785249177814,false,1785249177853,FastAccept
1785249177881,false,1785249177921,FastAccept
1785249177951,true,1785249178003,LeaderAccept
1785249178022,false,1785249178078,LeaderAccept
1785249178097,true,1785249178157,LeaderAccept
1785249178174,true,1785249178235,LeaderAccept
1785249178254,false,1785249178303,LeaderAccept
1785249178337,false,1785249178385,LeaderAccept
1785249178422,true,1785249178464,LeaderAccept
1785249178512,true,1785249178553,LeaderAccept
1785249178606,true,1785249178647,LeaderAccept
1785249178705,true,1785249178746,LeaderAccept
1785249178807,false,1785249178849,LeaderAccept
1785249178917,true,1785249178958,LeaderAccept
1785249179032,true,1785249179073,LeaderAccept
1785249179154,false,1785249179196,LeaderAccept
1785249179284,false,1785249179326,LeaderAccept
1785249179422,false,1785249179463,LeaderAccept
1785249179570,false,1785249179612,LeaderAccept
1785249179730,false,1785249179771,LeaderAccept
1785249179902,false,1785249179944,LeaderAccept
1785249180089,false,1785249180131,LeaderAccept
1785249180295,false,1785249180337,LeaderAccept
1785249180524,false,1785249180565,LeaderAccept
1785249180780,false,1785249180822,LeaderAccept
1785249181071,false,1785249181112,LeaderAccept
1785249181407,true,1785249181446,FastAccept
1785249181803,true,1785249181842,FastAccept
1785249182287,false,1785249182336,LeaderAccept
1785249182903,false,1785249182941,FastAccept
1785249183740,true,1785249183779,FastAccept
1785249185013,true,1785249185052,FastAccept
1785249187416,true,1785249187455,FastAccept
1785249195405,false,1785249195444,FastAccept
1785249229239,false,1785249229280,FastAccept
1785249229255,false,1785249229294,FastAccept
1785249229272,false,1785249229310,FastAccept
1785249229288,false,1785249229326,FastAccept
1785249229305,true,1785249229344,FastAccept
1785249229322,false,1785249229361,FastAccept
1785249229338,false,1785249229377,FastAccept
1785249229356,false,1785249229395,FastAccept
1785249229374,true,1785249229413,FastAccept
1785249229392,true,1785249229431,FastAccept
1785249229410,false,1785249229449,FastAccept
1785249229428,false,1785249229467,FastAccept
1785249229446,false,1785249229484,FastAccept
1785249229464,true,1785249229503,FastAccept
1785249229482,false,1785249229521,FastAccept
1785249229501,false,1785249229539,FastAccept
1785249229519,false,1785249229557,FastAccept
1785249229538,false,1785249229577,FastAccept
1785249229557,true,1785249229596,FastAccept
1785249229576,false,1785249229614,FastAccept
1785249229595,false,1785249229634,FastAccept
1785249229614,false,1785249229652,FastAccept
1785249229634,false,1785249229672,FastAccept
1785249229652,true,1785249229698,FastAccept
1785249229672,true,1785249229711,FastAccept
1785249229691,true,1785249229750,LeaderAccept
1785249229712,true,1785249229802,LeaderAccept
1785249229732,true,1785249229796,SlowAccept
1785249229753,false,1785249229796,FastAccept
1785249229774,true,1785249229828,LeaderAccept
1785249229794,true,1785249229855,LeaderAccept
1785249229816,true,1785249229902,LeaderAccept
1785249229837,true,1785249229902,SlowAccept
1785249229859,true,1785249229902,FastAccept
1785249229881,true,1785249229920,FastAccept
1785249229903,false,1785249229941,FastAccept
1785249229925,true,1785249230036,LeaderAccept
1785249229948,false,1785249230012,SlowAccept
1785249229970,false,1785249230016,FastAccept
1785249229993,true,1785249230032,FastAccept
1785249230017,true,1785249230056,FastAccept
1785249230040,false,1785249230079,FastAccept
1785249230064,false,1785249230104,FastAccept
1785249230087,true,1785249230126,FastAccept
1785249230112,true,1785249230150,FastAccept
1785249230135,true,1785249230174,FastAccept
1785249230160,false,1785249230199,FastAccept
1785249230184,true,1785249230223,FastAccept
1785249230210,true,1785249230249,FastAccept
1785249230236,false,1785249230275,FastAccept
1785249230262,true,1785249230301,FastAccept
1785249230287,false,1785249230327,FastAccept
1785249230314,true,1785249230353,FastAccept
1785249230341,true,1785249230380,FastAccept
1785249230368,true,1785249230407,FastAccept
1785249230396,false,1785249230435,FastAccept
1785249230424,false,1785249230464,FastAccept
1785249230453,true,1785249230492,FastAccept
1785249230482,false,1785249230521,FastAccept
1785249230511,true,1785249230553,FastAccept
1785249230540,true,1785249230580,FastAccept
1785249230571,false,1785249230610,FastAccept
1785249230602,true,1785249230641,FastAccept
1785249230633,true,1785249230672,FastAccept
1785249230665,false,1785249230704,FastAccept
1785249230696,true,1785249230735,FastAccept
1785249230729,false,1785249230768,FastAccept
1785249230762,true,1785249230801,FastAccept
1785249230796,true,1785249230834,FastAccept
1785249230830,false,1785249230868,FastAccept
1785249230864,false,1785249230902,FastAccept
1785249230899,false,1785249230938,FastAccept
1785249230934,true,1785249230973,FastAccept
1785249230970,false,1785249231009,FastAccept
1785249231007,true,1785249231046,FastAccept
1785249231045,false,1785249231083,FastAccept
1785249231082,true,1785249231120,FastAccept
1785249231121,false,1785249231160,FastAccept
1785249231161,false,1785249231201,FastAccept
1785249231202,false,1785249231240,FastAccept
1785249231242,true,1785249231282,FastAccept
1785249231285,true,1785249231324,FastAccept
1785249231328,false,1785249231367,FastAccept
1785249231372,false,1785249231411,FastAccept
1785249231417,false,1785249231456,FastAccept
1785249231462,false,1785249231501,FastAccept
1785249231509,false,1785249231549,FastAccept
1785249231558,true,1785249231597,FastAccept
1785249231607,true,1785249231646,FastAccept
1785249231658,true,1785249231696,FastAccept
1785249231709,true,1785249231748,FastAccept
1785249231762,true,1785249231808,FastAccept
1785249231816,false,1785249231856,FastAccept
1785249231873,false,1785249231912,FastAccept
1785249231931,true,1785249231970,FastAccept
1785249231989,true,1785249232028,FastAccept
1785249232051,true,1785249232090,FastAccept
1785249232114,true,1785249232153,FastAccept
1785249232179,true,1785249232218,FastAccept
1785249232246,false,1785249232285,FastAccept
1785249232315,false,1785249232354,FastAccept
1785249232387,true,1785249232426,FastAccept
1785249232460,false,1785249232499,FastAccept
1785249232537,false,1785249232575,FastAccept
1785249232617,true,1785249232656,FastAccept
1785249232699,false,1785249232738,FastAccept
1785249232786,false,1785249232824,FastAccept
1785249232876,false,1785249232915,FastAccept
1785249232970,true,1785249233009,FastAccept
1785249233069,false,1785249233108,FastAccept
1785249233172,true,1785249233212,FastAccept
1785249233282,true,1785249233323,FastAccept
1785249233397,false,1785249233436,FastAccept
1785249233519,true,1785249233558,FastAccept
1785249233648,false,1785249233687,FastAccept
1785249233786,true,1785249233825,FastAccept
1785249233934,true,1785249233973,FastAccept
1785249234093,true,1785249234132,FastAccept
1785249234265,true,1785249234304,FastAccept
1785249234453,false,1785249234492,FastAccept
1785249234659,true,1785249234698,FastAccept
1785249234887,false,1785249234926,FastAccept
1785249235141,false,1785249235180,FastAccept
1785249235431,true,1785249235470,FastAccept
1785249235766,true,1785249235805,FastAccept
1785249236162,true,1785249236201,FastAccept
1785249236644,true,1785249236683,FastAccept
1785249237256,false,1785249237295,FastAccept
1785249238088,false,1785249238126,FastAccept
1785249239348,true,1785249239389,LeaderAccept
1785249241712,true,1785249241766,LeaderAccept
