request_time,write,response_time,accept_status
1785248286616,false,1785248286655,LeaderAccept
1785248287190,true,1785248287230,LeaderAccept
1785248287222,true,1785248287261,LeaderAccept
1785248287254,false,1785248287293,LeaderAccept
1785248287285,true,1785248287324,LeaderAccept
1785248287317,true,1785248287357,LeaderAccept
1785248287349,true,1785248287388,LeaderAccept
1785248287382,true,1785248287421,LeaderAccept
1785248287416,true,1785248287455,LeaderAccept
1785248287450,true,1785248287489,LeaderAccept
1785248287484,false,1785248287525,LeaderAccept
1785248287519,false,1785248287558,LeaderAccept
1785248287556,false,1785248287595,LeaderAccept
1785248287592,true,1785248287632,LeaderAccept
1785248287630,true,1785248287669,LeaderAccept
1785248287668,true,1785248287708,LeaderAccept
1785248287706,true,1785248287746,LeaderAccept
1785248287745,false,1785248287785,LeaderAccept
1785248287785,false,1785248287825,LeaderAccept
1785248287826,false,1785248287865,LeaderAccept
1785248287868,false,1785248287908,LeaderAccept
1785248287910,true,1785248287950,LeaderAccept
1785248287954,true,1785248287994,LeaderAccept
1785248287999,false,1785248288039,LeaderAccept
1785248288044,true,1785248288084,LeaderAccept
1785248288091,false,1785248288131,LeaderAccept
1785248288138,true,1785248288178,LeaderAccept
1785248288186,false,1785248288226,LeaderAccept
1785248288236,true,1785248288276,LeaderAccept
1785248288287,true,1785248288327,LeaderAccept
1785248288339,true,1785248288379,LeaderAccept
1785248288392,true,1785248288433,LeaderAccept
1785248288448,false,1785248288488,LeaderAccept
1785248288505,false,1785248288544,LeaderAccept
1785248288562,true,1785248288601,LeaderAccept
1785248288622,true,1785248288662,LeaderAccept
1785248288684,true,1785248288723,LeaderAccept
1785248288747,false,1785248288787,LeaderAccept
1785248288813,false,1785248288852,LeaderAccept
1785248288880,false,1785248288919,LeaderAccept
1785248288950,false,1785248288989,LeaderAccept
1785248289022,false,1785248289063,LeaderAccept
1785248289097,true,1785248289137,LeaderAccept
1785248289175,false,1785248289214,LeaderAccept
1785248289256,false,1785248289296,LeaderAccept
1785248289339,true,1785248289379,LeaderAccept
1785248289427,true,1785248289467,LeaderAccept
1785248289517,true,1785248289558,LeaderAccept
1785248289612,true,1785248289651,LeaderAccept
1785248289712,true,1785248289751,LeaderAccept
1785248289818,false,1785248289857,LeaderAccept
1785248289929,true,1785248289968,LeaderAccept
1785248290046,false,1785248290085,LeaderAccept
1785248290170,true,1785248290209,LeaderAccept
1785248290301,true,1785248290340,LeaderAccept
1785248290442,true,1785248290481,LeaderAccept
1785248290592,true,1785248290632,LeaderAccept
1785248290754,false,1785248290794,LeaderAccept
1785248290930,true,1785248290970,LeaderAccept
1785248291122,true,1785248291161,LeaderAccept
1785248291333,true,1785248291373,LeaderAccept
1785248291569,false,1785248291608,LeaderAccept
1785248291833,false,1785248291872,LeaderAccept
1785248292134,true,1785248292173,LeaderAccept
1785248292483,true,1785248292521,FastAccept
1785248292899,false,1785248292955,LeaderAccept
1785248293411,true,1785248293450,LeaderAccept
1785248294073,false,1785248294111,LeaderAccept
1785248294993,false,1785248295032,LeaderAccept
1785248296448,true,1785248296487,LeaderAccept
1785248299462,false,1785248299501,LeaderAccept
1785248303489,false,1785248303528,LeaderAccept
1785248303522,true,1785248303561,LeaderAccept
1785248303555,false,1785248303594,LeaderAccept
1785248303589,false,1785248303628,LeaderAccept
1785248303622,false,1785248303662,LeaderAccept
1785248303656,true,1785248303696,LeaderAccept
1785248303692,false,1785248303732,LeaderAccept
1785248303728,true,1785248303767,LeaderAccept
1785248303763,true,1785248303802,LeaderAccept
1785248303800,false,1785248303839,LeaderAccept
1785248303837,false,1785248303876,LeaderAccept
1785248303875,true,1785248303914,LeaderAccept
1785248303914,false,1785248303953,LeaderAccept
1785248303953,true,1785248303992,LeaderAccept
1785248303994,true,1785248304034,LeaderAccept
1785248304035,true,1785248304074,LeaderAccept
1785248304076,true,1785248304115,LeaderAccept
1785248304119,true,1785248304158,LeaderAccept
1785248304162,true,1785248304202,LeaderAccept
1785248304207,true,1785248304247,LeaderAccept
1785248304252,true,1785248304292,LeaderAccept
1785248304298,false,1785248304337,LeaderAccept
1785248304347,true,1785248304386,LeaderAccept
1785248304396,false,1785248304435,LeaderAccept
1785248304445,false,1785248304484,LeaderAccept
1785248304496,true,1785248304536,LeaderAccept
1785248304548,false,1785248304587,LeaderAccept
1785248304603,true,1785248304642,LeaderAccept
1785248304657,true,1785248304696,LeaderAccept
1785248304714,true,1785248304754,LeaderAccept
1785248304773,true,1785248304812,LeaderAccept
1785248304832,false,1785248304871,LeaderAccept
1785248304895,true,1785248304934,LeaderAccept
1785248304958,true,1785248304998,LeaderAccept
1785248305023,true,1785248305063,LeaderAccept
1785248305091,false,1785248305130,LeaderAccept
1785248305162,false,1785248305201,LeaderAccept
1785248305234,false,1785248305273,LeaderAccept
1785248305309,true,1785248305350,LeaderAccept
1785248305387,false,1785248305427,LeaderAccept
1785248305468,true,1785248305507,LeaderAccept
1785248305553,false,1785248305592,LeaderAccept
1785248305640,true,1785248305680,LeaderAccept
1785248305732,false,1785248305772,LeaderAccept
1785248305829,true,1785248305868,LeaderAccept
1785248305930,true,1785248305968,LeaderAccept
1785248306036,false,1785248306075,LeaderAccept
1785248306147,false,1785248306186,LeaderAccept
1785248306266,false,1785248306305,LeaderAccept
1785248306392,false,1785248306431,LeaderAccept
1785248306525,false,1785248306565,LeaderAccept
1785248306668,false,1785248306708,LeaderAccept
1785248306820,true,1785248306860,LeaderAccept
1785248306984,false,1785248307023,LeaderAccept
1785248307162,true,1785248307202,LeaderAccept
1785248307357,false,1785248307396,LeaderAccept
1785248307573,true,1785248307612,LeaderAccept
1785248307813,false,1785248307852,LeaderAccept
1785248308082,false,1785248308121,LeaderAccept
1785248308391,false,1785248308428,FastAccept
1785248308751,true,1785248308788,FastAccept
1785248309181,true,1785248309219,FastAccept
1785248309716,true,1785248309753,FastAccept
1785248310413,true,1785248310450,FastAccept
1785248311399,false,1785248311437,FastAccept
1785248313014,true,1785248313051,FastAccept
1785248316634,false,1785248316674,LeaderAccept
1785248338749,false,1785248338787,FastAccept
1785248367307,true,1785248367346,LeaderAccept
1785248367338,true,1785248367377,LeaderAccept
1785248367370,true,1785248367409,LeaderAccept
1785248367403,true,1785248367442,LeaderAccept
1785248367437,false,1785248367476,LeaderAccept
1785248367471,false,1785248367510,LeaderAccept
1785248367507,false,1785248367545,LeaderAccept
1785248367542,true,1785248367581,LeaderAccept
1785248367579,true,1785248367618,LeaderAccept
1785248367615,true,1785248367654,LeaderAccept
1785248367652,false,1785248367691,LeaderAccept
1785248367691,false,1785248367730,LeaderAccept
1785248367729,true,1785248367768,LeaderAccept
1785248367769,false,1785248367808,LeaderAccept
1785248367809,true,1785248367848,LeaderAccept
1785248367850,true,1785248367889,LeaderAccept
1785248367892,false,1785248367931,LeaderAccept
1785248367935,true,1785248367974,LeaderAccept
1785248367978,true,1785248368018,LeaderAccept
1785248368023,false,1785248368062,LeaderAccept
1785248368068,true,1785248368107,LeaderAccept
1785248368115,true,1785248368154,LeaderAccept
1785248368163,true,1785248368202,LeaderAccept
1785248368211,false,1785248368251,LeaderAccept
1785248368262,true,1785248368302,LeaderAccept
1785248368314,true,1785248368353,LeaderAccept
1785248368366,true,1785248368405,LeaderAccept
1785248368421,true,1785248368459,LeaderAccept
1785248368476,false,1785248368515,LeaderAccept
1785248368534,false,1785248368573,LeaderAccept
1785248368592,false,1785248368631,LeaderAccept
1785248368652,true,1785248368691,LeaderAccept
1785248368715,false,1785248368753,LeaderAccept
1785248368778,true,1785248368816,LeaderAccept
1785248368845,false,1785248368884,LeaderAccept
1785248368914,true,1785248368953,LeaderAccept
1785248368984,true,1785248369023,LeaderAccept
1785248369058,false,1785248369097,LeaderAccept
1785248369133,true,1785248369172,LeaderAccept
1785248369212,false,1785248369251,LeaderAccept
1785248369293,true,1785248369333,LeaderAccept
1785248369379,true,1785248369418,LeaderAccept
1785248369467,true,1785248369506,LeaderAccept
1785248369561,false,1785248369600,LeaderAccept
1785248369657,true,1785248369696,LeaderAccept
1785248369759,false,1785248369798,LeaderAccept
1785248369866,true,1785248369904,LeaderAccept
1785248369979,false,1785248370018,LeaderAccept
1785248370098,false,1785248370137,LeaderAccept
1785248370224,false,1785248370263,LeaderAccept
1785248370360,true,1785248370399,LeaderAccept
1785248370504,false,1785248370543,LeaderAccept
1785248370658,false,1785248370697,LeaderAccept
1785248370825,true,1785248370864,LeaderAccept
1785248371007,false,1785248371045,LeaderAccept
1785248371206,false,1785248371245,LeaderAccept
1785248371425,true,1785248371465,LeaderAccept
1785248371670,false,1785248371709,LeaderAccept
1785248371947,true,1785248371986,LeaderAccept
1785248372263,true,1785248372302,LeaderAccept
1785248372634,true,1785248372673,LeaderAccept
1785248373081,true,1785248373120,LeaderAccept
1785248373639,false,1785248373678,LeaderAccept
1785248374377,true,1785248374416,LeaderAccept
1785248375444,false,1785248375483,LeaderAccept
1785248377261,true,1785248377298,FastAccept
1785248381769,true,1785248381808,LeaderAccept
1785248411707,true,1785248411746,LeaderAccept
1785248411735,true,1785248411773,LeaderAccept
1785248411762,false,1785248411801,LeaderAccept
1785248411791,false,1785248411830,LeaderAccept
1785248411820,true,1785248411858,LeaderAccept
1785248411849,true,1785248411888,LeaderAccept
1785248411878,true,1785248411917,LeaderAccept
1785248411908,true,1785248411948,LeaderAccept
1785248411938,true,1785248411977,LeaderAccept
1785248411969,false,1785248412008,LeaderAccept
1785248412001,false,1785248412040,LeaderAccept
1785248412032,true,1785248412072,LeaderAccept
1785248412064,false,1785248412104,LeaderAccept
1785248412097,true,1785248412136,LeaderAccept
1785248412130,true,1785248412170,LeaderAccept
1785248412165,false,1785248412204,LeaderAccept
1785248412200,true,1785248412239,LeaderAccept
1785248412235,true,1785248412274,LeaderAccept
1785248412271,true,1785248412310,LeaderAccept
1785248412307,true,1785248412345,LeaderAccept
1785248412344,false,1785248412383,LeaderAccept
1785248412382,false,1785248412421,LeaderAccept
1785248412420,true,1785248412460,LeaderAccept
1785248412460,true,1785248412499,LeaderAccept
1785248412499,false,1785248412539,LeaderAccept
1785248412540,false,1785248412579,LeaderAccept
1785248412581,true,1785248412621,LeaderAccept
1785248412624,false,1785248412663,LeaderAccept
1785248412667,true,1785248412706,LeaderAccept
1785248412711,false,1785248412750,LeaderAccept
1785248412755,false,1785248412795,LeaderAccept
1785248412802,false,1785248412841,LeaderAccept
1785248412849,true,1785248412887,LeaderAccept
1785248412897,false,1785248412936,LeaderAccept
1785248412945,false,1785248412985,LeaderAccept
1785248412995,true,1785248413034,LeaderAccept
1785248413047,false,1785248413086,LeaderAccept
1785248413100,false,1785248413140,LeaderAccept
1785248413154,false,1785248413193,LeaderAccept
1785248413210,true,1785248413249,LeaderAccept
1785248413266,false,1785248413307,LeaderAccept
1785248413324,false,1785248413363,LeaderAccept
1785248413385,false,1785248413424,LeaderAccept
1785248413447,true,1785248413486,LeaderAccept
1785248413512,true,1785248413551,LeaderAccept
1785248413578,false,1785248413617,LeaderAccept
1785248413646,true,1785248413685,LeaderAccept
1785248413718,false,1785248413757,LeaderAccept
1785248413791,true,1785248413830,LeaderAccept
1785248413867,false,1785248413906,LeaderAccept
1785248413947,true,1785248413986,LeaderAccept
1785248414028,true,1785248414068,LeaderAccept
1785248414113,false,1785248414152,LeaderAccept
1785248414202,false,1785248414241,LeaderAccept
1785248414296,true,1785248414335,LeaderAccept
1785248414392,false,1785248414431,LeaderAccept
1785248414495,false,1785248414535,LeaderAccept
1785248414602,true,1785248414641,LeaderAccept
1785248414715,true,1785248414754,LeaderAccept
1785248414835,true,1785248414873,LeaderAccept
1785248414962,false,1785248415001,LeaderAccept
1785248415098,true,1785248415137,LeaderAccept
1785248415242,false,1785248415282,LeaderAccept
1785248415397,false,1785248415437,LeaderAccept
1785248415566,false,1785248415605,LeaderAccept
1785248415748,true,1785248415787,LeaderAccept
1785248415949,false,1785248415988,LeaderAccept
1785248416170,true,1785248416209,LeaderAccept
1785248416417,true,1785248416454,FastAccept
1785248416695,true,1785248416732,FastAccept
1785248417016,true,1785248417053,FastAccept
1785248417391,false,1785248417429,FastAccept
1785248417844,true,1785248417882,FastAccept
1785248418413,true,1785248418450,FastAccept
1785248419167,true,1785248419204,FastAccept
1785248420267,false,1785248420304,FastAccept
1785248422170,false,1785248422209,LeaderAccept
1785248427098,false,1785248427136,FastAccept
1785248455062,true,1785248455100,FastAccept
1785248455090,true,1785248455127,FastAccept
1785248455116,true,1785248455153,FastAccept
1785248455144,true,1785248455181,FastAccept
1785248455172,true,1785248455209,FastAccept
1785248455199,false,1785248455236,FastAccept
1785248455227,true,1785248455265,FastAccept
1785248455256,true,1785248455293,FastAccept
1785248455286,true,1785248455323,FastAccept
1785248455316,true,1785248455353,FastAccept
1785248455346,false,1785248455383,FastAccept
1785248455376,false,1785248455414,FastAccept
1785248455407,true,1785248455445,FastAccept
1785248455438,true,1785248455476,FastAccept
1785248455470,false,1785248455507,FastAccept
1785248455502,false,1785248455539,FastAccept
1785248455536,false,1785248455573,FastAccept
1785248455569,true,1785248455607,FastAccept
1785248455603,false,1785248455640,FastAccept
1785248455638,true,1785248455675,FastAccept
1785248455673,true,1785248455711,FastAccept
1785248455708,true,1785248455745,FastAccept
1785248455744,true,1785248455781,FastAccept
1785248455781,true,1785248455818,FastAccept
1785248455819,true,1785248455857,FastAccept
1785248455858,true,1785248455895,FastAccept
1785248455896,true,1785248455933,FastAccept
1785248455935,true,1785248455972,FastAccept
1785248455976,false,1785248456013,FastAccept
1785248456016,true,1785248456053,FastAccept
1785248456059,false,1785248456096,FastAccept
1785248456101,true,1785248456141,LeaderAccept
1785248456145,false,1785248456184,LeaderAccept
1785248456190,true,1785248456229,LeaderAccept
1785248456236,true,1785248456275,LeaderAccept
1785248456284,false,1785248456323,LeaderAccept
1785248456331,true,1785248456370,LeaderAccept
1785248456380,true,1785248456420,LeaderAccept
1785248456430,false,1785248456469,LeaderAccept
1785248456481,false,1785248456520,LeaderAccept
1785248456535,true,1785248456573,LeaderAccept
1785248456589,false,1785248456627,LeaderAccept
1785248456645,true,1785248456684,LeaderAccept
1785248456703,true,1785248456742,LeaderAccept
1785248456762,false,1785248456801,LeaderAccept
1785248456822,false,1785248456861,LeaderAccept
1785248456884,false,1785248456923,LeaderAccept
1785248456948,false,1785248456987,LeaderAccept
1785248457015,true,1785248457054,LeaderAccept
1785248457083,true,1785248457122,LeaderAccept
1785248457154,true,1785248457193,LeaderAccept
1785248457227,false,1785248457266,LeaderAccept
1785248457303,true,1785248457342,LeaderAccept
1785248457382,false,1785248457421,LeaderAccept
1785248457465,false,1785248457503,LeaderAccept
1785248457551,false,1785248457590,LeaderAccept
1785248457640,true,1785248457679,LeaderAccept
1785248457733,true,1785248457772,LeaderAccept
1785248457831,true,1785248457870,LeaderAccept
1785248457935,true,1785248457974,LeaderAccept
1785248458042,false,1785248458081,LeaderAccept
1785248458155,true,1785248458194,LeaderAccept
1785248458276,false,1785248458315,LeaderAccept
1785248458403,false,1785248458442,LeaderAccept
1785248458540,true,1785248458579,LeaderAccept
1785248458685,false,1785248458724,LeaderAccept
1785248458841,false,1785248458880,LeaderAccept
1785248459010,false,1785248459049,LeaderAccept
1785248459195,false,1785248459234,LeaderAccept
1785248459396,false,1785248459435,LeaderAccept
1785248459620,true,1785248459659,LeaderAccept
1785248459869,false,1785248459907,LeaderAccept
1785248460151,true,1785248460189,LeaderAccept
1785248460476,false,1785248460515,LeaderAccept
1785248460858,false,1785248460897,LeaderAccept
1785248461319,false,1785248461357,FastAccept
1785248461901,false,1785248461940,LeaderAccept
1785248462677,false,1785248462716,LeaderAccept
1785248463823,false,1785248463861,LeaderAccept
1785248465853,false,1785248465892,LeaderAccept
1785248471450,false,1785248471489,LeaderAccept
1785248478411,false,1785248478450,LeaderAccept
1785248478435,false,1785248478474,LeaderAccept
1785248478460,false,1785248478499,LeaderAccept
1785248478486,false,1785248478525,LeaderAccept
1785248478512,true,1785248478551,LeaderAccept
1785248478538,true,1785248478577,LeaderAccept
1785248478564,false,1785248478603,LeaderAccept
1785248478590,true,1785248478629,LeaderAccept
1785248478616,false,1785248478655,LeaderAccept
1785248478643,true,1785248478682,LeaderAccept
1785248478670,false,1785248478709,LeaderAccept
1785248478698,true,1785248478738,LeaderAccept
1785248478726,true,1785248478765,LeaderAccept
1785248478754,true,1785248478793,LeaderAccept
1785248478783,true,1785248478822,LeaderAccept
1785248478813,true,1785248478852,LeaderAccept
1785248478843,true,1785248478882,LeaderAccept
1785248478874,true,1785248478913,LeaderAccept
1785248478904,true,1785248478943,LeaderAccept
1785248478935,false,1785248478974,LeaderAccept
1785248478967,false,1785248479006,LeaderAccept
1785248479000,false,1785248479038,LeaderAccept
1785248479032,false,1785248479071,LeaderAccept
1785248479066,false,1785248479104,LeaderAccept
1785248479099,false,1785248479138,LeaderAccept
1785248479133,false,1785248479172,LeaderAccept
1785248479168,false,1785248479207,LeaderAccept
1785248479203,true,1785248479242,LeaderAccept
1785248479240,false,1785248479279,LeaderAccept
1785248479276,false,1785248479316,LeaderAccept
1785248479313,false,1785248479353,LeaderAccept
1785248479351,false,1785248479390,LeaderAccept
1785248479389,false,1785248479428,LeaderAccept
1785248479428,false,1785248479467,LeaderAccept
1785248479469,false,1785248479508,LeaderAccept
1785248479509,false,1785248479548,LeaderAccept
1785248479552,true,1785248479591,LeaderAccept
1785248479594,true,1785248479633,LeaderAccept
1785248479638,true,1785248479677,LeaderAccept
1785248479681,false,1785248479720,LeaderAccept
1785248479726,true,1785248479766,LeaderAccept
1785248479773,false,1785248479812,LeaderAccept
1785248479820,false,1785248479859,LeaderAccept
1785248479869,true,1785248479908,LeaderAccept
1785248479919,false,1785248479958,LeaderAccept
1785248479970,true,1785248480009,LeaderAccept
1785248480022,false,1785248480061,LeaderAccept
1785248480076,false,1785248480115,LeaderAccept
1785248480130,false,1785248480168,LeaderAccept
1785248480187,false,1785248480225,LeaderAccept
1785248480245,false,1785248480284,LeaderAccept
1785248480305,true,1785248480344,LeaderAccept
1785248480366,false,1785248480405,LeaderAccept
1785248480430,false,1785248480469,LeaderAccept
1785248480495,false,1785248480534,LeaderAccept
1785248480562,false,1785248480601,LeaderAccept
1785248480632,false,1785248480671,LeaderAccept
1785248480704,false,1785248480743,LeaderAccept
1785248480779,true,1785248480817,LeaderAccept
1785248480857,false,1785248480896,LeaderAccept
1785248480937,true,1785248480977,LeaderAccept
1785248481021,false,1785248481060,LeaderAccept
1785248481109,false,1785248481148,LeaderAccept
1785248481201,false,1785248481239,LeaderAccept
1785248481297,false,1785248481336,LeaderAccept
1785248481397,false,1785248481436,LeaderAccept
1785248481503,true,1785248481543,LeaderAccept
1785248481613,false,1785248481652,LeaderAccept
1785248481730,false,1785248481769,LeaderAccept
1785248481855,false,1785248481894,LeaderAccept
1785248481987,false,1785248482026,LeaderAccept
1785248482127,true,1785248482166,LeaderAccept
1785248482278,true,1785248482318,LeaderAccept
1785248482441,true,1785248482480,LeaderAccept
1785248482618,false,1785248482657,LeaderAccept
1785248482810,false,1785248482849,LeaderAccept
1785248483023,true,1785248483062,LeaderAccept
1785248483259,false,1785248483299,LeaderAccept
1785248483524,false,1785248483561,FastAccept
1785248483827,false,1785248483864,FastAccept
1785248484179,false,1785248484216,FastAccept
1785248484597,true,1785248484635,FastAccept
1785248485113,true,1785248485151,FastAccept
1785248485782,true,1785248485819,FastAccept
1785248486714,false,1785248486751,FastAccept
1785248488200,false,1785248488238,FastAccept
1785248491324,true,1785248491363,LeaderAccept
1785248506206,true,1785248506263,LeaderAccept
1785248519933,true,1785248519971,FastAccept
1785248519955,true,1785248519992,FastAccept
1785248519977,false,1785248520014,FastAccept
1785248519998,true,1785248520036,FastAccept
1785248520020,false,1785248520058,FastAccept
1785248520043,false,1785248520080,FastAccept
1785248520065,true,1785248520102,FastAccept
1785248520089,true,1785248520126,FastAccept
1785248520111,false,1785248520148,FastAccept
1785248520135,false,1785248520172,FastAccept
1785248520159,true,1785248520196,FastAccept
1785248520182,false,1785248520220,FastAccept
1785248520206,false,1785248520244,FastAccept
1785248520231,true,1785248520269,FastAccept
1785248520255,true,1785248520292,FastAccept
1785248520281,false,1785248520318,FastAccept
1785248520307,false,1785248520344,FastAccept
1785248520333,true,1785248520370,FastAccept
1785248520358,true,1785248520396,FastAccept
1785248520384,false,1785248520422,FastAccept
1785248520411,false,1785248520448,FastAccept
1785248520437,false,1785248520474,FastAccept
1785248520465,false,1785248520502,FastAccept
1785248520493,true,1785248520530,FastAccept
1785248520521,false,1785248520558,FastAccept
1785248520549,true,1785248520587,FastAccept
1785248520578,true,1785248520616,FastAccept
1785248520607,true,1785248520644,FastAccept
1785248520636,true,1785248520674,FastAccept
1785248520666,true,1785248520704,FastAccept
1785248520697,false,1785248520734,FastAccept
1785248520727,false,1785248520765,FastAccept
1785248520758,false,1785248520795,FastAccept
1785248520789,true,1785248520826,FastAccept
1785248520821,false,1785248520860,FastAccept
1785248520855,false,1785248520892,FastAccept
1785248520889,false,1785248520926,FastAccept
1785248520922,false,1785248520960,FastAccept
1785248520956,true,1785248520994,FastAccept
1785248520991,false,1785248521029,FastAccept
1785248521027,false,1785248521065,FastAccept
1785248521063,false,1785248521101,FastAccept
1785248521099,true,1785248521137,FastAccept
1785248521136,false,1785248521180,FastAccept
1785248521175,true,1785248521227,LeaderAccept
1785248521214,true,1785248521251,FastAccept
1785248521253,false,1785248521291,FastAccept
1785248521294,true,1785248521331,FastAccept
1785248521335,true,1785248521373,FastAccept
1785248521378,false,1785248521415,FastAccept
1785248521420,false,1785248521457,FastAccept
1785248521464,false,1785248521501,FastAccept
1785248521508,false,1785248521546,FastAccept
1785248521555,false,1785248521592,FastAccept
1785248521602,false,1785248521639,FastAccept
1785248521649,true,1785248521687,FastAccept
1785248521698,false,1785248521736,FastAccept
1785248521748,false,1785248521786,FastAccept
1785248521799,true,1785248521837,FastAccept
1785248521852,true,1785248521889,FastAccept
1785248521906,true,1785248521943,FastAccept
1785248521961,false,1785248521999,FastAccept
1785248522018,true,1785248522056,FastAccept
1785248522076,false,1785248522114,FastAccept
1785248522136,true,1785248522174,FastAccept
1785248522198,false,1785248522236,FastAccept
1785248522262,false,1785248522300,FastAccept
1785248522328,true,1785248522365,FastAccept
1785248522396,true,1785248522433,FastAccept
1785248522467,true,1785248522504,FastAccept
1785248522539,false,1785248522577,FastAccept
1785248522615,true,1785248522653,FastAccept
1785248522694,false,1785248522731,FastAccept
1785248522775,false,1785248522812,FastAccept
1785248522861,false,1785248522898,FastAccept
1785248522950,true,1785248522987,FastAccept
1785248523043,true,1785248523080,FastAccept
1785248523139,true,1785248523177,FastAccept
1785248523241,false,1785248523279,FastAccept
1785248523348,false,1785248523385,FastAccept
1785248523461,false,1785248523498,FastAccept
1785248523579,false,1785248523617,FastAccept
1785248523706,false,1785248523743,FastAccept
1785248523840,false,1785248523878,FastAccept
1785248523984,false,1785248524022,FastAccept
1785248524138,false,1785248524175,FastAccept
1785248524305,false,1785248524369,SlowAccept
1785248524486,false,1785248524525,LeaderAccept
1785248524685,false,1785248524724,LeaderAccept
1785248524903,false,1785248524942,LeaderAccept
1785248525147,true,1785248525186,LeaderAccept
1785248525422,false,1785248525461,LeaderAccept
1785248525737,true,1785248525776,LeaderAccept
1785248526106,false,1785248526145,LeaderAccept
1785248526550,false,1785248526589,LeaderAccept
1785248527104,true,1785248527143,LeaderAccept
1785248527834,false,1785248527873,LeaderAccept
1785248528885,true,1785248528925,LeaderAccept
1785248530662,true,1785248530699,FastAccept
1785248534980,false,1785248535019,LeaderAccept
1785248565292,false,1785248565331,LeaderAccept
1785248565309,false,1785248565348,LeaderAccept
1785248565328,true,1785248565366,LeaderAccept
1785248565345,false,1785248565383,LeaderAccept
1785248565363,false,1785248565401,LeaderAccept
1785248565381,false,1785248565419,LeaderAccept
1785248565400,false,1785248565438,LeaderAccept
1785248565418,true,1785248565457,LeaderAccept
1785248565437,true,1785248565475,LeaderAccept
1785248565456,false,1785248565495,LeaderAccept
1785248565475,true,1785248565513,LeaderAccept
1785248565495,true,1785248565533,LeaderAccept
1785248565515,true,1785248565553,LeaderAccept
1785248565534,false,1785248565572,LeaderAccept
1785248565553,false,1785248565591,LeaderAccept
1785248565574,true,1785248565612,LeaderAccept
1785248565594,true,1785248565632,LeaderAccept
1785248565614,true,1785248565653,LeaderAccept
1785248565635,true,1785248565673,LeaderAccept
1785248565656,false,1785248565695,LeaderAccept
1785248565677,false,1785248565717,LeaderAccept
1785248565699,false,1785248565738,LeaderAccept
1785248565721,true,1785248565760,LeaderAccept
1785248565743,false,1785248565781,LeaderAccept
1785248565764,true,1785248565803,LeaderAccept
1785248565786,false,1785248565825,LeaderAccept
1785248565808,true,1785248565847,LeaderAccept
1785248565830,false,1785248565869,LeaderAccept
1785248565854,false,1785248565893,LeaderAccept
1785248565877,true,1785248565916,LeaderAccept
1785248565901,true,1785248565940,LeaderAccept
1785248565924,true,1785248565962,LeaderAccept
1785248565949,true,1785248565988,LeaderAccept
1785248565974,true,1785248566013,LeaderAccept
1785248565998,true,1785248566038,LeaderAccept
1785248566023,false,1785248566063,LeaderAccept
1785248566049,false,1785248566088,LeaderAccept
1785248566075,false,1785248566114,LeaderAccept
1785248566101,false,1785248566139,LeaderAccept
1785248566127,true,1785248566165,LeaderAccept
1785248566154,false,1785248566193,LeaderAccept
1785248566181,true,1785248566220,LeaderAccept
1785248566208,true,1785248566246,LeaderAccept
1785248566236,false,1785248566275,LeaderAccept
1785248566264,true,1785248566303,LeaderAccept
1785248566291,true,1785248566330,LeaderAccept
1785248566320,false,1785248566358,LeaderAccept
1785248566349,false,1785248566387,LeaderAccept
1785248566378,true,1785248566417,LeaderAccept
1785248566409,true,1785248566448,LeaderAccept
1785248566440,true,1785248566478,LeaderAccept
1785248566471,false,1785248566510,LeaderAccept
1785248566503,true,1785248566542,LeaderAccept
1785248566534,true,1785248566573,LeaderAccept
1785248566567,false,1785248566606,LeaderAccept
1785248566599,false,1785248566638,LeaderAccept
1785248566632,true,1785248566671,LeaderAccept
1785248566665,true,1785248566704,LeaderAccept
1785248566700,false,1785248566738,LeaderAccept
1785248566735,true,1785248566773,LeaderAccept
1785248566770,true,1785248566809,LeaderAccept
1785248566806,true,1785248566844,LeaderAccept
1785248566843,true,1785248566881,LeaderAccept
1785248566881,true,1785248566919,LeaderAccept
1785248566919,false,1785248566957,LeaderAccept
1785248566957,true,1785248566996,LeaderAccept
1785248566996,true,1785248567035,LeaderAccept
1785248567035,false,1785248567074,LeaderAccept
1785248567075,true,1785248567114,LeaderAccept
1785248567116,true,1785248567155,LeaderAccept
1785248567159,true,1785248567198,LeaderAccept
1785248567201,false,1785248567241,LeaderAccept
1785248567245,false,1785248567285,LeaderAccept
1785248567290,true,1785248567329,LeaderAccept
1785248567337,true,1785248567376,LeaderAccept
1785248567384,false,1785248567424,LeaderAccept
1785248567432,true,1785248567472,LeaderAccept
1785248567482,true,1785248567521,LeaderAccept
1785248567532,true,1785248567572,LeaderAccept
1785248567585,false,1785248567624,LeaderAccept
1785248567638,false,1785248567677,LeaderAccept
1785248567693,false,1785248567732,LeaderAccept
1785248567749,false,1785248567788,LeaderAccept
1785248567806,false,1785248567845,LeaderAccept
1785248567865,true,1785248567906,LeaderAccept
1785248567926,true,1785248567965,LeaderAccept
1785248567990,false,1785248568028,LeaderAccept
1785248568055,false,1785248568094,LeaderAccept
1785248568122,true,1785248568161,LeaderAccept
1785248568192,true,1785248568231,LeaderAccept
1785248568264,false,1785248568303,LeaderAccept
1785248568338,true,1785248568378,LeaderAccept
1785248568415,true,1785248568454,LeaderAccept
1785248568495,true,1785248568534,LeaderAccept
1785248568579,false,1785248568618,LeaderAccept
1785248568665,false,1785248568705,LeaderAccept
1785248568756,false,1785248568795,LeaderAccept
1785248568850,true,1785248568890,LeaderAccept
1785248568949,false,1785248568988,LeaderAccept
1785248569053,true,1785248569093,LeaderAccept
1785248569163,true,1785248569202,LeaderAccept
1785248569280,false,1785248569319,LeaderAccept
1785248569403,false,1785248569441,LeaderAccept
1785248569534,true,1785248569573,LeaderAccept
1785248569673,true,1785248569712,LeaderAccept
1785248569822,true,1785248569860,LeaderAccept
1785248569983,false,1785248570022,LeaderAccept
1785248570156,true,1785248570195,LeaderAccept
1785248570346,false,1785248570384,LeaderAccept
1785248570553,false,1785248570592,LeaderAccept
1785248570785,true,1785248570824,LeaderAccept
1785248571043,true,1785248571082,LeaderAccept
1785248571339,true,1785248571378,LeaderAccept
1785248571681,false,1785248571718,FastAccept
1785248572086,true,1785248572123,FastAccept
1785248572582,false,1785248572619,FastAccept
1785248573216,false,1785248573254,FastAccept
1785248574088,false,1785248574125,FastAccept
1785248575434,true,1785248575473,LeaderAccept
1785248578071,false,1785248578110,LeaderAccept
1785248587927,true,1785248587966,LeaderAccept
1785248606554,true,1785248606598,FastAccept
1785248606570,false,1785248606607,FastAccept
1785248606584,true,1785248606648,SlowAccept
1785248606600,true,1785248606648,FastAccept
1785248606614,false,1785248606688,LeaderAccept
1785248606630,false,1785248606667,FastAccept
1785248606645,false,1785248606708,LeaderAccept
1785248606661,false,1785248606699,LeaderAccept
1785248606677,false,1785248606716,LeaderAccept
1785248606693,false,1785248606731,LeaderAccept
1785248606708,false,1785248606746,LeaderAccept
1785248606724,false,1785248606762,LeaderAccept
1785248606739,true,1785248606779,LeaderAccept
1785248606755,true,1785248606794,LeaderAccept
1785248606771,true,1785248606810,LeaderAccept
1785248606788,true,1785248606827,LeaderAccept
1785248606804,false,1785248606843,LeaderAccept
1785248606821,false,1785248606860,LeaderAccept
1785248606838,false,1785248606877,LeaderAccept
1785248606854,false,1785248606893,LeaderAccept
1785248606871,true,1785248606910,LeaderAccept
1785248606888,false,1785248606927,LeaderAccept
1785248606905,false,1785248606944,LeaderAccept
1785248606922,true,1785248606961,LeaderAccept
1785248606940,false,1785248606979,LeaderAccept
1785248606958,false,1785248606997,LeaderAccept
1785248606976,true,1785248607014,LeaderAccept
1785248606994,true,1785248607033,LeaderAccept
1785248607013,true,1785248607052,LeaderAccept
1785248607032,true,1785248607070,LeaderAccept
1785248607050,false,1785248607088,LeaderAccept
1785248607070,false,1785248607108,LeaderAccept
1785248607088,false,1785248607126,LeaderAccept
1785248607108,false,1785248607146,LeaderAccept
1785248607126,true,1785248607164,LeaderAccept
1785248607145,true,1785248607184,LeaderAccept
1785248607164,false,1785248607203,LeaderAccept
1785248607184,true,1785248607222,LeaderAccept
1785248607204,true,1785248607242,LeaderAccept
1785248607223,false,1785248607262,LeaderAccept
1785248607243,true,1785248607282,LeaderAccept
1785248607264,true,1785248607302,LeaderAccept
1785248607284,true,1785248607323,LeaderAccept
1785248607304,false,1785248607343,LeaderAccept
1785248607326,true,1785248607365,LeaderAccept
1785248607346,false,1785248607385,LeaderAccept
1785248607367,false,1785248607406,LeaderAccept
1785248607389,true,1785248607427,LeaderAccept
1785248607411,true,1785248607449,LeaderAccept
1785248607433,true,1785248607472,LeaderAccept
1785248607456,true,1785248607494,LeaderAccept
1785248607479,true,1785248607518,LeaderAccept
1785248607501,true,1785248607540,LeaderAccept
1785248607524,false,1785248607564,LeaderAccept
1785248607547,false,1785248607586,LeaderAccept
1785248607572,true,1785248607611,LeaderAccept
1785248607595,true,1785248607635,LeaderAccept
1785248607620,true,1785248607659,LeaderAccept
1785248607644,true,1785248607683,LeaderAccept
1785248607668,true,1785248607707,LeaderAccept
1785248607694,false,1785248607733,LeaderAccept
1785248607719,false,1785248607757,LeaderAccept
1785248607744,true,1785248607783,LeaderAccept
1785248607771,true,1785248607809,LeaderAccept
1785248607796,false,1785248607835,LeaderAccept
1785248607823,false,1785248607861,LeaderAccept
1785248607850,false,1785248607888,LeaderAccept
1785248607876,false,1785248607916,LeaderAccept
1785248607905,true,1785248607943,LeaderAccept
1785248607932,false,1785248607971,LeaderAccept
1785248607961,true,1785248607999,LeaderAccept
1785248607989,false,1785248608028,LeaderAccept
1785248608019,true,1785248608058,LeaderAccept
1785248608048,false,1785248608087,LeaderAccept
1785248608078,true,1785248608117,LeaderAccept
1785248608109,true,1785248608147,LeaderAccept
1785248608139,false,1785248608178,LeaderAccept
1785248608171,true,1785248608210,LeaderAccept
1785248608202,false,1785248608241,LeaderAccept
1785248608235,false,1785248608273,LeaderAccept
1785248608267,false,1785248608306,LeaderAccept
1785248608300,true,1785248608339,LeaderAccept
1785248608334,false,1785248608373,LeaderAccept
1785248608368,true,1785248608407,LeaderAccept
1785248608403,true,1785248608442,LeaderAccept
1785248608438,false,1785248608477,LeaderAccept
1785248608475,false,1785248608514,LeaderAccept
1785248608512,false,1785248608551,LeaderAccept
1785248608549,false,1785248608588,LeaderAccept
1785248608587,false,1785248608626,LeaderAccept
1785248608625,true,1785248608664,LeaderAccept
1785248608664,true,1785248608703,LeaderAccept
1785248608704,false,1785248608743,LeaderAccept
1785248608745,false,1785248608784,LeaderAccept
1785248608787,false,1785248608826,LeaderAccept
1785248608830,true,1785248608869,LeaderAccept
1785248608874,false,1785248608914,LeaderAccept
1785248608918,false,1785248608957,LeaderAccept
1785248608963,true,1785248609002,LeaderAccept
1785248609010,true,1785248609049,LeaderAccept
1785248609057,true,1785248609096,LeaderAccept
1785248609106,false,1785248609145,LeaderAccept
1785248609156,false,1785248609195,LeaderAccept
1785248609208,true,1785248609246,LeaderAccept
1785248609260,false,1785248609299,LeaderAccept
1785248609314,true,1785248609353,LeaderAccept
1785248609370,true,1785248609409,LeaderAccept
1785248609426,true,1785248609465,LeaderAccept
1785248609485,true,1785248609524,LeaderAccept
1785248609544,true,1785248609583,LeaderAccept
1785248609606,true,1785248609645,LeaderAccept
1785248609671,true,1785248609710,LeaderAccept
1785248609737,false,1785248609776,LeaderAccept
1785248609804,true,1785248609843,LeaderAccept
1785248609875,true,1785248609913,LeaderAccept
1785248609947,true,1785248609986,LeaderAccept
1785248610023,false,1785248610062,LeaderAccept
1785248610101,true,1785248610140,LeaderAccept
1785248610182,true,1785248610221,LeaderAccept
1785248610266,true,1785248610306,LeaderAccept
1785248610354,false,1785248610393,LeaderAccept
1785248610447,true,1785248610486,LeaderAccept
1785248610542,false,1785248610581,LeaderAccept
1785248610644,false,1785248610682,LeaderAccept
1785248610750,true,1785248610789,LeaderAccept
1785248610861,true,1785248610901,LeaderAccept
1785248610979,false,1785248611018,LeaderAccept
1785248611105,true,1785248611144,LeaderAccept
1785248611239,false,1785248611278,LeaderAccept
1785248611381,false,1785248611421,LeaderAccept
1785248611534,true,1785248611573,LeaderAccept
1785248611700,false,1785248611739,LeaderAccept
1785248611879,false,1785248611918,LeaderAccept
1785248612074,false,1785248612113,LeaderAccept
1785248612290,true,1785248612328,FastAccept
1785248612529,false,1785248612568,LeaderAccept
1785248612799,true,1785248612838,LeaderAccept
1785248613109,false,1785248613148,LeaderAccept
1785248613470,true,1785248613509,LeaderAccept
1785248613901,true,1785248613940,LeaderAccept
1785248614437,true,1785248614475,LeaderAccept
1785248615137,false,1785248615175,LeaderAccept
1785248616129,false,1785248616168,LeaderAccept
1785248617758,false,1785248617796,LeaderAccept
1785248621435,false,1785248621472,FastAccept
1785248644538,true,1785248644576,FastAccept
1785248657273,false,1785248657310,FastAccept
1785248657295,false,1785248657332,FastAccept
1785248657317,true,1785248657382,SlowAccept
1785248657339,false,1785248657382,FastAccept
1785248657360,true,1785248657414,LeaderAccept
1785248657382,false,1785248657440,LeaderAccept
1785248657405,true,1785248657470,LeaderAccept
1785248657427,true,1785248657515,LeaderAccept
1785248657451,false,1785248657495,FastAccept
1785248657474,true,1785248657512,FastAccept
1785248657497,false,1785248657534,FastAccept
1785248657520,false,1785248657558,FastAccept
1785248657545,true,1785248657582,FastAccept
1785248657568,false,1785248657606,FastAccept
1785248657593,true,1785248657630,FastAccept
1785248657617,false,1785248657654,FastAccept
1785248657642,false,1785248657680,FastAccept
1785248657668,false,1785248657706,FastAccept
1785248657693,true,1785248657731,FastAccept
1785248657720,true,1785248657758,FastAccept
1785248657746,true,1785248657784,FastAccept
1785248657773,true,1785248657810,FastAccept
1785248657800,true,1785248657837,FastAccept
1785248657827,false,1785248657865,FastAccept
1785248657856,false,1785248657893,FastAccept
1785248657884,true,1785248657922,FastAccept
1785248657913,false,1785248657950,FastAccept
1785248657942,true,1785248657980,FastAccept
1785248657972,false,1785248658009,FastAccept
1785248658001,true,1785248658039,FastAccept
1785248658032,true,1785248658069,FastAccept
1785248658062,false,1785248658101,FastAccept
1785248658093,true,1785248658131,FastAccept
1785248658124,true,1785248658161,FastAccept
1785248658157,true,1785248658194,FastAccept
1785248658190,true,1785248658227,FastAccept
1785248658222,true,1785248658260,FastAccept
1785248658256,false,1785248658294,FastAccept
1785248658289,false,1785248658327,FastAccept
1785248658323,false,1785248658361,FastAccept
1785248658358,false,1785248658396,FastAccept
1785248658393,true,1785248658431,FastAccept
1785248658430,false,1785248658467,FastAccept
1785248658466,false,1785248658503,FastAccept
1785248658505,false,1785248658542,FastAccept
1785248658544,false,1785248658581,FastAccept
1785248658584,true,1785248658621,FastAccept
1785248658624,true,1785248658661,FastAccept
1785248658664,true,1785248658702,FastAccept
1785248658706,true,1785248658762,LeaderAccept
1785248658748,false,1785248658786,FastAccept
1785248658791,false,1785248658828,FastAccept
1785248658835,true,1785248658873,FastAccept
1785248658881,false,1785248658918,FastAccept
1785248658927,false,1785248658965,FastAccept
1785248658974,true,1785248659012,FastAccept
1785248659022,false,1785248659060,FastAccept
1785248659071,true,1785248659109,FastAccept
1785248659121,false,1785248659158,FastAccept
1785248659173,true,1785248659211,FastAccept
1785248659227,true,1785248659264,FastAccept
1785248659282,true,1785248659320,FastAccept
1785248659337,false,1785248659375,FastAccept
1785248659396,false,1785248659434,FastAccept
1785248659455,true,1785248659493,FastAccept
1785248659516,false,1785248659554,FastAccept
1785248659579,true,1785248659617,FastAccept
1785248659643,false,1785248659680,FastAccept
1785248659710,false,1785248659748,FastAccept
1785248659779,true,1785248659817,FastAccept
1785248659850,false,1785248659888,FastAccept
1785248659924,true,1785248659962,FastAccept
1785248660001,true,1785248660039,FastAccept
1785248660080,false,1785248660118,FastAccept
1785248660162,true,1785248660199,FastAccept
1785248660249,false,1785248660286,FastAccept
1785248660338,true,1785248660376,FastAccept
1785248660433,true,1785248660470,FastAccept
1785248660532,false,1785248660569,FastAccept
1785248660636,true,1785248660673,FastAccept
1785248660745,true,1785248660782,FastAccept
1785248660860,false,1785248660897,FastAccept
1785248660981,false,1785248661019,FastAccept
1785248661110,false,1785248661148,FastAccept
1785248661247,true,1785248661284,FastAccept
1785248661395,false,1785248661432,FastAccept
1785248661554,false,1785248661591,FastAccept
1785248661726,true,1785248661763,FastAccept
1785248661913,false,1785248661950,FastAccept
1785248662119,true,1785248662156,FastAccept
1785248662347,true,1785248662385,FastAccept
1785248662602,false,1785248662639,FastAccept
1785248662890,true,1785248662928,FastAccept
1785248663224,true,1785248663261,FastAccept
1785248663618,true,1785248663680,LeaderAccept
1785248664097,false,1785248664140,LeaderAccept
1785248664706,false,1785248664745,LeaderAccept
1785248665532,true,1785248665571,LeaderAccept
1785248666779,false,1785248666818,LeaderAccept
1785248669103,false,1785248669141,FastAccept
1785248676534,false,1785248676571,FastAccept
1785248697766,true,1785248697804,FastAccept
1785248697783,false,1785248697820,FastAccept
1785248697798,false,1785248697835,FastAccept
1785248697815,false,1785248697852,FastAccept
1785248697832,true,1785248697869,FastAccept
1785248697848,true,1785248697885,FastAccept
1785248697865,true,1785248697902,FastAccept
1785248697881,true,1785248697918,FastAccept
1785248697897,true,1785248697934,FastAccept
1785248697915,true,1785248697952,FastAccept
1785248697933,true,1785248697970,FastAccept
1785248697950,false,1785248697987,FastAccept
1785248697967,true,1785248698004,FastAccept
1785248697984,true,1785248698022,FastAccept
1785248698002,true,1785248698039,FastAccept
1785248698020,true,1785248698057,FastAccept
1785248698038,false,1785248698075,FastAccept
1785248698055,false,1785248698092,FastAccept
1785248698073,true,1785248698110,FastAccept
1785248698091,true,1785248698129,FastAccept
1785248698109,true,1785248698146,FastAccept
1785248698129,true,1785248698166,FastAccept
1785248698148,false,1785248698184,FastAccept
1785248698166,true,1785248698203,FastAccept
1785248698186,false,1785248698223,FastAccept
1785248698205,false,1785248698242,FastAccept
1785248698224,true,1785248698261,FastAccept
1785248698243,true,1785248698281,FastAccept
1785248698263,true,1785248698301,FastAccept
1785248698284,false,1785248698321,FastAccept
1785248698304,true,1785248698341,FastAccept
1785248698324,true,1785248698361,FastAccept
1785248698346,true,1785248698383,FastAccept
1785248698366,false,1785248698404,FastAccept
1785248698387,false,1785248698424,FastAccept
1785248698409,false,1785248698446,FastAccept
1785248698431,false,1785248698468,FastAccept
1785248698453,true,1785248698490,FastAccept
1785248698474,false,1785248698512,FastAccept
1785248698497,false,1785248698534,FastAccept
1785248698519,true,1785248698557,FastAccept
1785248698541,true,1785248698578,FastAccept
1785248698565,false,1785248698602,FastAccept
1785248698587,false,1785248698625,FastAccept
1785248698610,false,1785248698647,FastAccept
1785248698633,true,1785248698670,FastAccept
1785248698657,true,1785248698695,FastAccept
1785248698681,true,1785248698719,FastAccept
1785248698706,false,1785248698743,FastAccept
1785248698731,false,1785248698768,FastAccept
1785248698755,false,1785248698792,FastAccept
1785248698781,false,1785248698818,FastAccept
1785248698807,false,1785248698843,FastAccept
1785248698832,false,1785248698870,FastAccept
1785248698859,false,1785248698896,FastAccept
1785248698885,true,1785248698922,FastAccept
1785248698913,true,1785248698951,FastAccept
1785248698941,false,1785248698978,FastAccept
1785248698969,false,1785248699026,LeaderAccept
1785248698997,true,1785248699053,LeaderAccept
1785248699024,false,1785248699073,LeaderAccept
1785248699052,true,1785248699090,FastAccept
1785248699082,false,1785248699119,FastAccept
1785248699111,true,1785248699163,LeaderAccept
1785248699142,false,1785248699209,LeaderAccept
1785248699172,true,1785248699235,LeaderAccept
1785248699204,true,1785248699255,LeaderAccept
1785248699235,true,1785248699271,FastAccept
1785248699266,true,1785248699317,LeaderAccept
1785248699299,true,1785248699366,LeaderAccept
1785248699332,false,1785248699393,LeaderAccept
1785248699364,true,1785248699413,LeaderAccept
1785248699399,true,1785248699435,FastAccept
1785248699434,false,1785248699482,LeaderAccept
1785248699469,true,1785248699525,LeaderAccept
1785248699504,false,1785248699541,FastAccept
1785248699541,true,1785248699578,FastAccept
1785248699577,false,1785248699614,FastAccept
1785248699614,false,1785248699661,LeaderAccept
1785248699653,false,1785248699691,LeaderAccept
1785248699692,true,1785248699730,LeaderAccept
1785248699731,false,1785248699770,LeaderAccept
1785248699772,false,1785248699810,LeaderAccept
1785248699813,true,1785248699852,LeaderAccept
1785248699855,true,1785248699893,LeaderAccept
1785248699898,true,1785248699937,LeaderAccept
1785248699941,false,1785248699980,LeaderAccept
1785248699985,true,1785248700024,LeaderAccept
1785248700030,false,1785248700070,LeaderAccept
1785248700076,true,1785248700114,LeaderAccept
1785248700124,false,1785248700163,LeaderAccept
1785248700172,true,1785248700212,LeaderAccept
1785248700223,false,1785248700262,LeaderAccept
1785248700275,false,1785248700314,LeaderAccept
1785248700328,true,1785248700367,LeaderAccept
1785248700381,false,1785248700420,LeaderAccept
1785248700437,false,1785248700476,LeaderAccept
1785248700493,false,1785248700533,LeaderAccept
1785248700551,true,1785248700590,LeaderAccept
1785248700612,false,1785248700651,LeaderAccept
1785248700673,false,1785248700713,LeaderAccept
1785248700737,false,1785248700776,LeaderAccept
1785248700803,false,1785248700843,LeaderAccept
1785248700871,false,1785248700911,LeaderAccept
1785248700941,false,1785248700999,LeaderAccept
1785248701014,false,1785248701058,FastAccept
1785248701090,false,1785248701127,FastAccept
1785248701168,false,1785248701205,FastAccept
1785248701249,false,1785248701286,FastAccept
1785248701335,false,1785248701393,LeaderAccept
1785248701424,false,1785248701473,LeaderAccept
1785248701517,false,1785248701555,LeaderAccept
1785248701613,true,1785248701652,LeaderAccept
1785248701715,false,1785248701754,LeaderAccept
1785248701821,false,1785248701861,LeaderAccept
1785248701933,false,1785248701972,LeaderAccept
1785248702052,false,1785248702091,LeaderAccept
1785248702179,false,1785248702218,LeaderAccept
1785248702312,false,1785248702351,LeaderAccept
1785248702456,true,1785248702495,LeaderAccept
1785248702610,false,1785248702648,LeaderAccept
1785248702777,true,1785248702816,LeaderAccept
1785248702957,false,1785248702997,LeaderAccept
1785248703155,false,1785248703193,LeaderAccept
1785248703373,true,1785248703412,LeaderAccept
1785248703616,false,1785248703655,LeaderAccept
1785248703890,false,1785248703940,LeaderAccept
1785248704203,false,1785248704240,FastAccept
1785248704571,false,1785248704608,FastAccept
1785248705012,false,1785248705049,FastAccept
1785248705561,true,1785248705599,FastAccept
1785248706284,true,1785248706322,FastAccept
1785248707321,false,1785248707359,FastAccept
1785248709062,false,1785248709101,LeaderAccept
1785248713216,false,1785248713253,FastAccept
1785248723231,true,1785248723269,FastAccept
1785248723248,false,1785248723285,FastAccept
1785248723264,false,1785248723302,FastAccept
1785248723281,false,1785248723319,FastAccept
1785248723298,false,1785248723335,FastAccept
1785248723314,false,1785248723352,FastAccept
1785248723331,true,1785248723368,FastAccept
1785248723348,false,1785248723384,FastAccept
1785248723365,false,1785248723403,FastAccept
1785248723383,false,1785248723421,FastAccept
1785248723401,false,1785248723437,FastAccept
1785248723419,false,1785248723456,FastAccept
1785248723437,true,1785248723473,FastAccept
1785248723455,false,1785248723493,FastAccept
1785248723473,true,1785248723526,LeaderAccept
1785248723491,false,1785248723579,LeaderAccept
1785248723509,true,1785248723574,SlowAccept
1785248723527,true,1785248723574,FastAccept
1785248723546,false,1785248723635,LeaderAccept
1785248723565,false,1785248723631,SlowAccept
1785248723583,true,1785248723631,FastAccept
1785248723602,false,1785248723665,LeaderAccept
1785248723622,false,1785248723691,LeaderAccept
1785248723641,false,1785248723680,FastAccept
1785248723661,true,1785248723717,LeaderAccept
1785248723681,true,1785248723771,LeaderAccept
1785248723700,false,1785248723765,SlowAccept
1785248723720,false,1785248723766,FastAccept
1785248723741,true,1785248723797,LeaderAccept
1785248723761,false,1785248723852,LeaderAccept
1785248723782,true,1785248723847,SlowAccept
1785248723803,true,1785248723847,FastAccept
1785248723825,false,1785248723878,LeaderAccept
1785248723846,false,1785248723904,LeaderAccept
1785248723867,true,1785248723934,LeaderAccept
1785248723890,false,1785248723954,LeaderAccept
1785248723912,false,1785248723950,FastAccept
1785248723933,true,1785248723970,FastAccept
1785248723955,false,1785248723993,FastAccept
1785248723979,false,1785248724016,FastAccept
1785248724002,true,1785248724046,FastAccept
1785248724026,false,1785248724063,FastAccept
1785248724049,false,1785248724088,LeaderAccept
1785248724074,false,1785248724113,LeaderAccept
1785248724097,true,1785248724137,LeaderAccept
1785248724121,true,1785248724161,LeaderAccept
1785248724146,true,1785248724185,LeaderAccept
1785248724171,true,1785248724210,LeaderAccept
1785248724195,false,1785248724234,LeaderAccept
1785248724220,false,1785248724260,LeaderAccept
1785248724246,false,1785248724285,LeaderAccept
1785248724272,false,1785248724311,LeaderAccept
1785248724298,false,1785248724337,LeaderAccept
1785248724324,true,1785248724363,LeaderAccept
1785248724351,false,1785248724390,LeaderAccept
1785248724378,true,1785248724418,LeaderAccept
1785248724407,true,1785248724446,LeaderAccept
1785248724434,true,1785248724474,LeaderAccept
1785248724462,false,1785248724502,LeaderAccept
1785248724491,true,1785248724531,LeaderAccept
1785248724521,true,1785248724560,LeaderAccept
1785248724551,false,1785248724590,LeaderAccept
1785248724581,false,1785248724620,LeaderAccept
1785248724612,true,1785248724651,LeaderAccept
1785248724643,false,1785248724682,LeaderAccept
1785248724676,false,1785248724715,LeaderAccept
1785248724708,true,1785248724747,LeaderAccept
1785248724740,true,1785248724779,LeaderAccept
1785248724773,false,1785248724813,LeaderAccept
1785248724806,true,1785248724846,LeaderAccept
1785248724841,false,1785248724880,LeaderAccept
1785248724875,true,1785248724916,LeaderAccept
1785248724910,true,1785248724950,LeaderAccept
1785248724946,true,1785248724986,LeaderAccept
1785248724982,true,1785248725022,LeaderAccept
1785248725019,false,1785248725060,LeaderAccept
1785248725057,true,1785248725097,LeaderAccept
1785248725095,true,1785248725134,LeaderAccept
1785248725134,false,1785248725173,LeaderAccept
1785248725175,true,1785248725215,LeaderAccept
1785248725216,false,1785248725255,LeaderAccept
1785248725258,true,1785248725297,LeaderAccept
1785248725300,false,1785248725341,LeaderAccept
1785248725344,true,1785248725383,LeaderAccept
1785248725389,true,1785248725429,LeaderAccept
1785248725434,false,1785248725473,LeaderAccept
1785248725481,true,1785248725518,FastAccept
1785248725528,true,1785248725566,FastAccept
1785248725576,true,1785248725614,FastAccept
1785248725627,true,1785248725665,FastAccept
1785248725677,false,1785248725715,FastAccept
1785248725729,false,1785248725767,FastAccept
1785248725783,true,1785248725820,FastAccept
1785248725838,true,1785248725875,FastAccept
1785248725894,false,1785248725933,FastAccept
1785248725953,false,1785248725991,FastAccept
1785248726012,true,1785248726050,FastAccept
1785248726074,true,1785248726111,FastAccept
1785248726136,true,1785248726174,FastAccept
1785248726201,false,1785248726239,FastAccept
1785248726268,false,1785248726305,FastAccept
1785248726338,true,1785248726375,FastAccept
1785248726410,false,1785248726448,FastAccept
1785248726484,true,1785248726522,FastAccept
1785248726562,false,1785248726600,FastAccept
1785248726641,true,1785248726679,FastAccept
1785248726724,false,1785248726761,FastAccept
1785248726812,true,1785248726849,FastAccept
1785248726903,true,1785248726940,FastAccept
1785248726997,true,1785248727035,FastAccept
1785248727096,true,1785248727134,FastAccept
1785248727202,true,1785248727240,FastAccept
1785248727311,false,1785248727349,FastAccept
1785248727427,true,1785248727465,FastAccept
1785248727551,true,1785248727589,FastAccept
1785248727681,true,1785248727720,FastAccept
1785248727821,false,1785248727859,FastAccept
1785248727970,false,1785248728008,FastAccept
1785248728131,false,1785248728169,FastAccept
1785248728305,true,1785248728343,FastAccept
1785248728495,false,1785248728533,FastAccept
1785248728705,false,1785248728743,FastAccept
1785248728936,true,1785248728975,FastAccept
1785248729197,false,1785248729235,FastAccept
1785248729494,true,1785248729532,FastAccept
1785248729837,false,1785248729875,FastAccept
1785248730246,false,1785248730284,FastAccept
1785248730746,false,1785248730783,FastAccept
1785248731389,false,1785248731427,FastAccept
1785248732273,false,1785248732311,FastAccept
1785248733650,false,1785248733688,FastAccept
1785248736386,false,1785248736471,LeaderAccept
1785248747139,false,1785248747176,FastAccept
1785248750418,true,1785248750457,LeaderAccept
1785248750455,false,1785248750494,LeaderAccept
1785248750493,true,1785248750532,LeaderAccept
1785248750532,true,1785248750571,LeaderAccept
1785248750572,false,1785248750611,LeaderAccept
1785248750613,true,1785248750652,LeaderAccept
1785248750654,false,1785248750693,LeaderAccept
1785248750696,true,1785248750735,LeaderAccept
1785248750739,true,1785248750778,LeaderAccept
1785248750784,false,1785248750822,LeaderAccept
1785248750829,false,1785248750867,LeaderAccept
1785248750876,false,1785248750914,LeaderAccept
1785248750924,false,1785248750962,LeaderAccept
1785248750972,true,1785248751012,LeaderAccept
1785248751021,false,1785248751060,LeaderAccept
1785248751073,false,1785248751112,LeaderAccept
1785248751125,true,1785248751163,LeaderAccept
1785248751178,false,1785248751217,LeaderAccept
1785248751234,false,1785248751273,LeaderAccept
1785248751291,false,1785248751330,LeaderAccept
1785248751348,false,1785248751386,LeaderAccept
1785248751408,false,1785248751446,LeaderAccept
1785248751469,true,1785248751508,LeaderAccept
1785248751533,true,1785248751572,LeaderAccept
1785248751599,true,1785248751638,LeaderAccept
1785248751667,true,1785248751706,LeaderAccept
1785248751737,true,1785248751776,LeaderAccept
1785248751810,true,1785248751849,LeaderAccept
1785248751884,false,1785248751923,LeaderAccept
1785248751962,false,1785248752001,LeaderAccept
1785248752043,true,1785248752082,LeaderAccept
1785248752127,false,1785248752166,LeaderAccept
1785248752215,true,1785248752254,LeaderAccept
1785248752307,false,1785248752345,LeaderAccept
1785248752403,true,1785248752442,LeaderAccept
1785248752504,false,1785248752543,LeaderAccept
1785248752609,false,1785248752649,LeaderAccept
1785248752721,false,1785248752761,LeaderAccept
1785248752839,true,1785248752876,FastAccept
1785248752964,false,1785248753001,FastAccept
1785248753095,false,1785248753142,LeaderAccept
1785248753237,false,1785248753275,LeaderAccept
1785248753389,true,1785248753427,LeaderAccept
1785248753553,true,1785248753592,LeaderAccept
1785248753730,true,1785248753768,LeaderAccept
1785248753924,true,1785248753963,LeaderAccept
1785248754138,false,1785248754176,LeaderAccept
1785248754374,true,1785248754413,LeaderAccept
1785248754642,false,1785248754680,LeaderAccept
1785248754946,false,1785248754986,LeaderAccept
1785248755300,true,1785248755340,LeaderAccept
1785248755723,false,1785248755761,FastAccept
1785248756247,false,1785248756303,LeaderAccept
1785248756926,false,1785248756991,SlowAccept
1785248757879,true,1785248757930,SlowAccept
1785248759411,false,1785248759455,FastAccept
1785248762709,false,1785248762767,LeaderAccept
1785248779848,false,1785248779886,FastAccept
1785248794919,true,1785248794956,FastAccept
1785248794936,true,1785248794973,FastAccept
1785248794952,false,1785248794989,FastAccept
1785248794969,true,1785248795005,FastAccept
1785248794986,true,1785248795023,FastAccept
1785248795003,true,1785248795039,FastAccept
1785248795020,false,1785248795057,FastAccept
1785248795037,true,1785248795074,FastAccept
1785248795055,false,1785248795092,FastAccept
1785248795071,true,1785248795108,FastAccept
1785248795088,false,1785248795125,FastAccept
1785248795106,true,1785248795143,FastAccept
1785248795123,true,1785248795160,FastAccept
1785248795142,false,1785248795179,FastAccept
1785248795159,true,1785248795196,FastAccept
1785248795178,false,1785248795215,FastAccept
1785248795195,true,1785248795233,FastAccept
1785248795214,true,1785248795251,FastAccept
1785248795233,false,1785248795269,FastAccept
1785248795251,false,1785248795288,FastAccept
1785248795269,true,1785248795306,FastAccept
1785248795288,true,1785248795326,FastAccept
1785248795307,true,1785248795345,FastAccept
1785248795327,false,1785248795364,FastAccept
1785248795347,false,1785248795384,FastAccept
1785248795367,false,1785248795404,FastAccept
1785248795386,true,1785248795423,FastAccept
1785248795407,false,1785248795444,FastAccept
1785248795427,true,1785248795465,FastAccept
1785248795449,false,1785248795486,FastAccept
1785248795469,true,1785248795506,FastAccept
1785248795490,true,1785248795527,FastAccept
1785248795511,true,1785248795549,FastAccept
1785248795533,false,1785248795569,FastAccept
1785248795555,false,1785248795592,FastAccept
1785248795577,false,1785248795614,FastAccept
1785248795599,true,1785248795636,FastAccept
1785248795620,false,1785248795657,FastAccept
1785248795643,true,1785248795680,FastAccept
1785248795665,true,1785248795702,FastAccept
1785248795689,true,1785248795726,FastAccept
1785248795713,true,1785248795750,FastAccept
1785248795736,false,1785248795774,FastAccept
1785248795759,false,1785248795797,FastAccept
1785248795784,true,1785248795821,FastAccept
1785248795809,true,1785248795846,FastAccept
1785248795834,true,1785248795871,FastAccept
1785248795858,false,1785248795895,FastAccept
1785248795883,true,1785248795921,FastAccept
1785248795908,true,1785248795946,FastAccept
1785248795934,true,1785248795972,FastAccept
1785248795961,false,1785248795998,FastAccept
1785248795987,false,1785248796024,FastAccept
1785248796015,false,1785248796052,FastAccept
1785248796042,true,1785248796080,FastAccept
1785248796069,false,1785248796107,FastAccept
1785248796098,false,1785248796135,FastAccept
1785248796127,true,1785248796164,FastAccept
1785248796155,true,1785248796193,FastAccept
1785248796184,false,1785248796221,FastAccept
1785248796214,false,1785248796251,FastAccept
1785248796244,false,1785248796281,FastAccept
1785248796274,true,1785248796312,FastAccept
1785248796304,true,1785248796341,FastAccept
1785248796336,true,1785248796373,FastAccept
1785248796368,false,1785248796405,FastAccept
1785248796400,true,1785248796437,FastAccept
1785248796433,false,1785248796470,FastAccept
1785248796465,true,1785248796502,FastAccept
1785248796499,true,1785248796536,FastAccept
1785248796533,false,1785248796570,FastAccept
1785248796569,false,1785248796606,FastAccept
1785248796604,true,1785248796641,FastAccept
1785248796641,true,1785248796678,FastAccept
1785248796677,true,1785248796715,FastAccept
1785248796715,true,1785248796751,FastAccept
1785248796752,true,1785248796789,FastAccept
1785248796792,false,1785248796829,FastAccept
1785248796831,false,1785248796868,FastAccept
1785248796871,false,1785248796909,FastAccept
1785248796913,true,1785248796950,FastAccept
1785248796954,false,1785248796992,FastAccept
1785248796996,false,1785248797033,FastAccept
1785248797040,false,1785248797077,FastAccept
1785248797085,false,1785248797122,FastAccept
1785248797131,false,1785248797168,FastAccept
1785248797178,true,1785248797216,FastAccept
1785248797226,true,1785248797263,FastAccept
1785248797274,true,1785248797311,FastAccept
1785248797325,true,1785248797361,FastAccept
1785248797376,false,1785248797414,FastAccept
1785248797429,false,1785248797466,FastAccept
1785248797482,true,1785248797520,FastAccept
1785248797537,true,1785248797574,FastAccept
1785248797593,true,1785248797631,FastAccept
1785248797651,false,1785248797689,FastAccept
1785248797712,true,1785248797750,FastAccept
1785248797773,false,1785248797810,FastAccept
1785248797837,true,1785248797874,FastAccept
1785248797902,false,1785248797940,FastAccept
1785248797970,true,1785248798008,FastAccept
1785248798040,true,1785248798078,FastAccept
1785248798113,true,1785248798150,FastAccept
1785248798189,false,1785248798226,FastAccept
1785248798266,false,1785248798303,FastAccept
1785248798348,true,1785248798385,FastAccept
1785248798433,false,1785248798470,FastAccept
1785248798520,false,1785248798558,FastAccept
1785248798613,false,1785248798651,FastAccept
1785248798710,false,1785248798747,FastAccept
1785248798810,true,1785248798848,FastAccept
1785248798916,true,1785248798954,FastAccept
1785248799027,false,1785248799066,FastAccept
1785248799145,false,1785248799182,FastAccept
1785248799271,true,1785248799309,FastAccept
1785248799404,false,1785248799442,FastAccept
1785248799547,false,1785248799584,FastAccept
1785248799699,false,1785248799737,FastAccept
1785248799863,false,1785248799900,FastAccept
1785248800042,true,1785248800079,FastAccept
1785248800237,false,1785248800275,FastAccept
1785248800451,false,1785248800489,FastAccept
1785248800690,true,1785248800727,FastAccept
1785248800960,true,1785248800997,FastAccept
1785248801268,false,1785248801305,FastAccept
1785248801627,false,1785248801664,FastAccept
1785248802057,false,1785248802095,FastAccept
1785248802591,false,1785248802629,FastAccept
1785248803286,true,1785248803323,FastAccept
1785248804269,false,1785248804306,FastAccept
1785248805875,true,1785248805913,FastAccept
1785248809462,false,1785248809527,SlowAccept
1785248831004,false,1785248831041,FastAccept
1785248850793,false,1785248850832,LeaderAccept
1785248850816,true,1785248850855,LeaderAccept
1785248850837,false,1785248850895,LeaderAccept
1785248850860,false,1785248850900,LeaderAccept
1785248850882,false,1785248850921,LeaderAccept
1785248850905,false,1785248850944,LeaderAccept
1785248850928,false,1785248850967,LeaderAccept
1785248850951,false,1785248850990,LeaderAccept
1785248850974,true,1785248851013,LeaderAccept
1785248850997,false,1785248851036,LeaderAccept
1785248851021,false,1785248851060,LeaderAccept
1785248851046,false,1785248851084,LeaderAccept
1785248851071,true,1785248851109,LeaderAccept
1785248851096,true,1785248851135,LeaderAccept
1785248851121,false,1785248851159,LeaderAccept
1785248851145,false,1785248851183,LeaderAccept
1785248851171,true,1785248851210,LeaderAccept
1785248851196,true,1785248851235,LeaderAccept
1785248851223,true,1785248851262,LeaderAccept
1785248851250,false,1785248851288,LeaderAccept
1785248851276,false,1785248851315,LeaderAccept
1785248851304,true,1785248851342,LeaderAccept
1785248851331,true,1785248851370,LeaderAccept
1785248851360,true,1785248851399,LeaderAccept
1785248851388,true,1785248851426,LeaderAccept
1785248851417,false,1785248851456,LeaderAccept
1785248851447,false,1785248851485,LeaderAccept
1785248851476,true,1785248851516,LeaderAccept
1785248851507,true,1785248851545,LeaderAccept
1785248851537,false,1785248851576,LeaderAccept
1785248851569,true,1785248851608,LeaderAccept
1785248851601,true,1785248851640,LeaderAccept
1785248851633,true,1785248851672,LeaderAccept
1785248851665,true,1785248851704,LeaderAccept
1785248851699,true,1785248851738,LeaderAccept
1785248851733,true,1785248851771,LeaderAccept
1785248851767,true,1785248851806,LeaderAccept
1785248851802,false,1785248851843,LeaderAccept
1785248851837,true,1785248851877,LeaderAccept
1785248851873,false,1785248851912,LeaderAccept
1785248851910,false,1785248851949,LeaderAccept
1785248851947,false,1785248851986,LeaderAccept
1785248851984,true,1785248852023,LeaderAccept
1785248852022,true,1785248852061,LeaderAccept
1785248852061,true,1785248852100,LeaderAccept
1785248852102,true,1785248852139,LeaderAccept
1785248852143,false,1785248852183,LeaderAccept
1785248852184,false,1785248852224,LeaderAccept
1785248852227,true,1785248852266,LeaderAccept
1785248852271,true,1785248852310,LeaderAccept
1785248852315,false,1785248852354,LeaderAccept
1785248852360,true,1785248852399,LeaderAccept
1785248852406,false,1785248852446,LeaderAccept
1785248852454,false,1785248852493,LeaderAccept
1785248852503,false,1785248852542,LeaderAccept
1785248852553,true,1785248852592,LeaderAccept
1785248852604,false,1785248852643,LeaderAccept
1785248852656,true,1785248852693,FastAccept
1785248852708,false,1785248852746,FastAccept
1785248852764,true,1785248852800,FastAccept
1785248852820,true,1785248852857,FastAccept
1785248852878,true,1785248852915,FastAccept
1785248852938,false,1785248852975,FastAccept
1785248852999,true,1785248853037,FastAccept
1785248853062,true,1785248853100,FastAccept
1785248853126,true,1785248853190,SlowAccept
1785248853192,true,1785248853230,FastAccept
1785248853261,false,1785248853299,FastAccept
1785248853333,false,1785248853370,FastAccept
1785248853407,true,1785248853444,FastAccept
1785248853483,true,1785248853520,FastAccept
1785248853562,true,1785248853600,FastAccept
1785248853645,false,1785248853683,FastAccept
1785248853731,false,1785248853769,FastAccept
1785248853821,true,1785248853859,FastAccept
1785248853916,true,1785248853978,LeaderAccept
1785248854015,false,1785248854052,FastAccept
1785248854119,true,1785248854177,LeaderAccept
1785248854227,false,1785248854265,FastAccept
1785248854342,true,1785248854402,SlowAccept
1785248854464,false,1785248854512,SlowAccept
1785248854593,false,1785248854637,FastAccept
1785248854732,true,1785248854775,FastAccept
1785248854879,false,1785248854917,FastAccept
1785248855039,true,1785248855076,FastAccept
1785248855210,true,1785248855249,LeaderAccept
1785248855398,true,1785248855436,FastAccept
1785248855603,true,1785248855640,FastAccept
1785248855831,true,1785248855879,LeaderAccept
1785248856086,false,1785248856139,LeaderAccept
1785248856375,false,1785248856433,LeaderAccept
1785248856710,true,1785248856753,FastAccept
1785248857105,false,1785248857142,FastAccept
1785248857587,true,1785248857624,FastAccept
1785248858198,false,1785248858236,FastAccept
1785248859029,false,1785248859066,FastAccept
1785248860285,true,1785248860322,FastAccept
1785248862638,true,1785248862677,LeaderAccept
1785248870268,false,1785248870306,FastAccept
1785248872071,true,1785248872156,LeaderAccept
1785248872087,true,1785248872151,SlowAccept
1785248872104,true,1785248872156,LeaderAccept
1785248872121,false,1785248872182,LeaderAccept
1785248872137,true,1785248872174,FastAccept
1785248872153,true,1785248872211,LeaderAccept
1785248872169,false,1785248872238,LeaderAccept
1785248872186,false,1785248872223,FastAccept
1785248872204,true,1785248872290,LeaderAccept
1785248872221,true,1785248872285,SlowAccept
1785248872239,false,1785248872285,FastAccept
1785248872256,false,1785248872343,LeaderAccept
1785248872274,true,1785248872338,SlowAccept
1785248872291,false,1785248872338,FastAccept
1785248872310,true,1785248872397,LeaderAccept
1785248872327,false,1785248872391,SlowAccept
1785248872345,true,1785248872391,FastAccept
1785248872363,false,1785248872426,LeaderAccept
1785248872383,false,1785248872452,LeaderAccept
1785248872401,false,1785248872438,FastAccept
1785248872421,true,1785248872480,LeaderAccept
1785248872439,false,1785248872506,LeaderAccept
1785248872458,true,1785248872496,FastAccept
1785248872477,false,1785248872533,LeaderAccept
1785248872498,true,1785248872582,LeaderAccept
1785248872518,false,1785248872582,SlowAccept
1785248872538,false,1785248872582,LeaderAccept
1785248872557,false,1785248872596,LeaderAccept
1785248872578,false,1785248872616,LeaderAccept
1785248872598,true,1785248872637,LeaderAccept
1785248872619,false,1785248872658,LeaderAccept
1785248872640,true,1785248872678,LeaderAccept
1785248872661,false,1785248872699,LeaderAccept
1785248872682,true,1785248872721,LeaderAccept
1785248872704,true,1785248872742,LeaderAccept
1785248872726,false,1785248872765,LeaderAccept
1785248872747,true,1785248872785,LeaderAccept
1785248872770,false,1785248872809,LeaderAccept
1785248872793,true,1785248872832,LeaderAccept
1785248872816,true,1785248872854,LeaderAccept
1785248872839,false,1785248872878,LeaderAccept
1785248872863,true,1785248872902,LeaderAccept
1785248872886,true,1785248872925,LeaderAccept
1785248872909,true,1785248872948,LeaderAccept
1785248872932,true,1785248872971,LeaderAccept
1785248872957,true,1785248872995,LeaderAccept
1785248872981,false,1785248873020,LeaderAccept
1785248873007,true,1785248873046,LeaderAccept
1785248873032,false,1785248873071,LeaderAccept
1785248873057,false,1785248873096,LeaderAccept
1785248873082,true,1785248873121,LeaderAccept
1785248873109,false,1785248873148,LeaderAccept
1785248873135,false,1785248873174,LeaderAccept
1785248873161,false,1785248873200,LeaderAccept
1785248873188,false,1785248873228,LeaderAccept
1785248873216,true,1785248873255,LeaderAccept
1785248873244,true,1785248873284,LeaderAccept
1785248873271,true,1785248873312,LeaderAccept
1785248873299,true,1785248873338,LeaderAccept
1785248873328,true,1785248873367,LeaderAccept
1785248873357,false,1785248873396,LeaderAccept
1785248873386,false,1785248873425,LeaderAccept
1785248873416,true,1785248873456,LeaderAccept
1785248873446,true,1785248873485,LeaderAccept
1785248873477,true,1785248873516,LeaderAccept
1785248873509,false,1785248873547,LeaderAccept
1785248873540,false,1785248873579,LeaderAccept
1785248873573,false,1785248873612,LeaderAccept
1785248873606,true,1785248873645,LeaderAccept
1785248873639,false,1785248873678,LeaderAccept
1785248873673,true,1785248873712,LeaderAccept
1785248873707,false,1785248873747,LeaderAccept
1785248873743,true,1785248873782,LeaderAccept
1785248873779,false,1785248873818,LeaderAccept
1785248873815,false,1785248873854,LeaderAccept
1785248873853,true,1785248873892,LeaderAccept
1785248873890,true,1785248873929,LeaderAccept
1785248873928,false,1785248873967,LeaderAccept
1785248873967,true,1785248874007,LeaderAccept
1785248874008,true,1785248874047,LeaderAccept
1785248874048,true,1785248874088,LeaderAccept
1785248874090,true,1785248874129,LeaderAccept
1785248874132,false,1785248874169,FastAccept
1785248874175,false,1785248874213,FastAccept
1785248874219,false,1785248874256,FastAccept
1785248874264,true,1785248874301,FastAccept
1785248874309,false,1785248874347,FastAccept
1785248874357,true,1785248874394,FastAccept
1785248874404,false,1785248874443,FastAccept
1785248874454,true,1785248874491,FastAccept
1785248874505,true,1785248874542,FastAccept
1785248874557,false,1785248874594,FastAccept
1785248874609,false,1785248874646,FastAccept
1785248874664,true,1785248874701,FastAccept
1785248874719,true,1785248874757,FastAccept
1785248874777,true,1785248874814,FastAccept
1785248874836,false,1785248874873,FastAccept
1785248874896,false,1785248874934,FastAccept
1785248874958,true,1785248874996,FastAccept
1785248875023,false,1785248875061,FastAccept
1785248875089,true,1785248875127,FastAccept
1785248875157,false,1785248875194,FastAccept
1785248875228,false,1785248875266,FastAccept
1785248875301,false,1785248875339,FastAccept
1785248875377,false,1785248875415,FastAccept
1785248875457,true,1785248875494,FastAccept
1785248875540,true,1785248875577,FastAccept
1785248875625,true,1785248875662,FastAccept
1785248875714,true,1785248875752,FastAccept
1785248875807,true,1785248875845,FastAccept
1785248875905,true,1785248875943,FastAccept
1785248876007,false,1785248876044,FastAccept
1785248876115,false,1785248876152,FastAccept
1785248876228,false,1785248876266,FastAccept
1785248876349,false,1785248876386,FastAccept
1785248876477,false,1785248876514,FastAccept
1785248876613,true,1785248876650,FastAccept
1785248876758,true,1785248876796,FastAccept
1785248876915,true,1785248876952,FastAccept
1785248877084,true,1785248877121,FastAccept
1785248877267,true,1785248877305,FastAccept
1785248877468,true,1785248877505,FastAccept
1785248877691,true,1785248877729,FastAccept
1785248877939,true,1785248877976,FastAccept
1785248878221,true,1785248878258,FastAccept
1785248878544,true,1785248878582,FastAccept
1785248878925,false,1785248878962,FastAccept
1785248879384,false,1785248879433,LeaderAccept
1785248879963,false,1785248880003,LeaderAccept
1785248880735,false,1785248880772,FastAccept
1785248881869,false,1785248881907,FastAccept
1785248883869,false,1785248883906,FastAccept
1785248889303,true,1785248889341,FastAccept
1785248918990,false,1785248919028,LeaderAccept
1785248919014,true,1785248919053,LeaderAccept
1785248919040,false,1785248919079,LeaderAccept
1785248919066,false,1785248919105,LeaderAccept
1785248919093,false,1785248919132,LeaderAccept
1785248919119,true,1785248919157,LeaderAccept
1785248919147,false,1785248919185,LeaderAccept
1785248919174,false,1785248919213,LeaderAccept
1785248919201,true,1785248919241,LeaderAccept
1785248919229,true,1785248919269,LeaderAccept
1785248919257,true,1785248919296,LeaderAccept
1785248919286,true,1785248919325,LeaderAccept
1785248919316,false,1785248919354,LeaderAccept
1785248919345,true,1785248919384,LeaderAccept
1785248919376,true,1785248919415,LeaderAccept
1785248919407,false,1785248919445,LeaderAccept
1785248919437,true,1785248919476,LeaderAccept
1785248919469,false,1785248919508,LeaderAccept
1785248919500,false,1785248919539,LeaderAccept
1785248919533,true,1785248919571,LeaderAccept
1785248919565,false,1785248919604,LeaderAccept
1785248919599,true,1785248919637,LeaderAccept
1785248919633,true,1785248919671,LeaderAccept
1785248919668,true,1785248919706,LeaderAccept
1785248919702,true,1785248919741,LeaderAccept
1785248919738,true,1785248919777,LeaderAccept
1785248919774,true,1785248919812,LeaderAccept
1785248919811,true,1785248919850,LeaderAccept
1785248919849,true,1785248919888,LeaderAccept
1785248919887,false,1785248919926,LeaderAccept
1785248919926,false,1785248919965,LeaderAccept
1785248919967,false,1785248920005,LeaderAccept
1785248920007,true,1785248920047,LeaderAccept
1785248920049,true,1785248920088,LeaderAccept
1785248920092,false,1785248920131,LeaderAccept
1785248920135,false,1785248920174,LeaderAccept
1785248920180,true,1785248920219,LeaderAccept
1785248920224,false,1785248920263,LeaderAccept
1785248920270,false,1785248920310,LeaderAccept
1785248920317,false,1785248920356,LeaderAccept
1785248920365,false,1785248920404,LeaderAccept
1785248920414,false,1785248920454,LeaderAccept
1785248920465,true,1785248920504,LeaderAccept
1785248920516,true,1785248920556,LeaderAccept
1785248920570,false,1785248920609,LeaderAccept
1785248920624,true,1785248920663,LeaderAccept
1785248920681,false,1785248920720,LeaderAccept
1785248920739,true,1785248920778,LeaderAccept
1785248920799,false,1785248920838,LeaderAccept
1785248920859,true,1785248920911,LeaderAccept
1785248920921,true,1785248920959,FastAccept
1785248920986,true,1785248921037,LeaderAccept
1785248921053,false,1785248921091,FastAccept
1785248921123,false,1785248921160,FastAccept
1785248921195,true,1785248921232,FastAccept
1785248921268,false,1785248921321,LeaderAccept
1785248921346,false,1785248921383,FastAccept
1785248921426,false,1785248921464,FastAccept
1785248921508,false,1785248921572,SlowAccept
1785248921594,false,1785248921649,LeaderAccept
1785248921684,false,1785248921733,LeaderAccept
1785248921778,true,1785248921816,FastAccept
1785248921877,false,1785248921915,FastAccept
1785248921980,true,1785248922032,LeaderAccept
1785248922090,false,1785248922127,FastAccept
1785248922206,true,1785248922243,FastAccept
1785248922327,false,1785248922379,LeaderAccept
1785248922457,false,1785248922494,FastAccept
1785248922595,true,1785248922632,FastAccept
1785248922743,true,1785248922807,SlowAccept
1785248922901,false,1785248922939,FastAccept
1785248923074,false,1785248923111,FastAccept
1785248923262,false,1785248923299,FastAccept
1785248923467,false,1785248923505,FastAccept
1785248923696,true,1785248923733,FastAccept
1785248923951,true,1785248923989,FastAccept
1785248924242,true,1785248924279,FastAccept
1785248924577,true,1785248924615,FastAccept
1785248924973,false,1785248925030,LeaderAccept
1785248925455,false,1785248925492,FastAccept
1785248926069,false,1785248926106,FastAccept
1785248926903,true,1785248926941,FastAccept
1785248928168,false,1785248928205,FastAccept
1785248930546,false,1785248930583,FastAccept
1785248938354,true,1785248938398,LeaderAccept
1785248956452,true,1785248956491,LeaderAccept
1785248956475,true,1785248956514,LeaderAccept
1785248956499,false,1785248956538,LeaderAccept
1785248956524,true,1785248956563,LeaderAccept
1785248956548,true,1785248956587,LeaderAccept
1785248956574,true,1785248956613,LeaderAccept
1785248956599,true,1785248956638,LeaderAccept
1785248956625,false,1785248956664,LeaderAccept
1785248956650,false,1785248956690,LeaderAccept
1785248956676,true,1785248956715,LeaderAccept
1785248956703,true,1785248956741,LeaderAccept
1785248956730,false,1785248956769,LeaderAccept
1785248956757,true,1785248956796,LeaderAccept
1785248956784,true,1785248956823,LeaderAccept
1785248956813,false,1785248956853,LeaderAccept
1785248956841,true,1785248956881,LeaderAccept
1785248956870,false,1785248956910,LeaderAccept
1785248956898,false,1785248956939,LeaderAccept
1785248956928,false,1785248956968,LeaderAccept
1785248956958,true,1785248956996,LeaderAccept
1785248956987,true,1785248957027,LeaderAccept
1785248957019,false,1785248957062,LeaderAccept
1785248957051,true,1785248957090,LeaderAccept
1785248957082,true,1785248957121,LeaderAccept
1785248957115,false,1785248957155,LeaderAccept
1785248957147,false,1785248957187,LeaderAccept
1785248957181,false,1785248957219,LeaderAccept
1785248957214,true,1785248957253,LeaderAccept
1785248957249,true,1785248957288,LeaderAccept
1785248957284,true,1785248957322,LeaderAccept
1785248957320,true,1785248957359,LeaderAccept
1785248957356,false,1785248957394,LeaderAccept
1785248957393,true,1785248957432,LeaderAccept
1785248957431,true,1785248957469,LeaderAccept
1785248957468,false,1785248957509,LeaderAccept
1785248957508,false,1785248957547,LeaderAccept
1785248957547,false,1785248957586,LeaderAccept
1785248957588,true,1785248957627,LeaderAccept
1785248957628,true,1785248957668,LeaderAccept
1785248957670,false,1785248957709,LeaderAccept
1785248957712,false,1785248957752,LeaderAccept
1785248957755,true,1785248957795,LeaderAccept
1785248957799,false,1785248957838,LeaderAccept
1785248957845,false,1785248957884,LeaderAccept
1785248957891,true,1785248957930,LeaderAccept
1785248957939,true,1785248957978,LeaderAccept
1785248957988,false,1785248958027,LeaderAccept
1785248958037,true,1785248958077,LeaderAccept
1785248958088,false,1785248958128,LeaderAccept
1785248958141,true,1785248958180,LeaderAccept
1785248958195,true,1785248958233,LeaderAccept
1785248958249,true,1785248958288,LeaderAccept
1785248958307,false,1785248958346,LeaderAccept
1785248958365,false,1785248958404,LeaderAccept
1785248958426,true,1785248958465,LeaderAccept
1785248958488,true,1785248958526,LeaderAccept
1785248958552,false,1785248958589,FastAccept
1785248958618,false,1785248958655,FastAccept
1785248958685,true,1785248958723,FastAccept
1785248958755,false,1785248958792,FastAccept
1785248958828,false,1785248958864,FastAccept
1785248958903,true,1785248958940,FastAccept
1785248958980,false,1785248959039,SlowAccept
1785248959062,true,1785248959114,LeaderAccept
1785248959147,false,1785248959184,FastAccept
1785248959234,false,1785248959292,LeaderAccept
1785248959327,false,1785248959364,FastAccept
1785248959424,true,1785248959461,FastAccept
1785248959525,false,1785248959576,LeaderAccept
1785248959630,false,1785248959667,FastAccept
1785248959743,true,1785248959780,FastAccept
1785248959861,false,1785248959900,FastAccept
1785248959987,true,1785248960024,FastAccept
1785248960121,false,1785248960158,FastAccept
1785248960263,true,1785248960300,FastAccept
1785248960417,false,1785248960454,FastAccept
1785248960583,true,1785248960620,FastAccept
1785248960763,false,1785248960800,FastAccept
1785248960960,true,1785248961004,FastAccept
1785248961176,true,1785248961214,FastAccept
1785248961417,false,1785248961454,FastAccept
1785248961690,false,1785248961743,LeaderAccept
1785248962002,false,1785248962040,FastAccept
1785248962365,true,1785248962403,FastAccept
1785248962802,false,1785248962839,FastAccept
1785248963343,false,1785248963381,FastAccept
1785248964053,false,1785248964091,FastAccept
1785248965065,true,1785248965102,FastAccept
1785248966743,true,1785248966781,FastAccept
1785248970626,false,1785248970663,FastAccept
1785248997666,true,1785248997709,FastAccept
1785248997943,true,1785248997981,FastAccept
1785248997973,false,1785248998011,FastAccept
1785248998005,true,1785248998068,LeaderAccept
1785248998036,true,1785248998120,LeaderAccept
1785248998068,true,1785248998107,LeaderAccept
1785248998101,true,1785248998138,FastAccept
1785248998133,true,1785248998170,FastAccept
1785248998166,false,1785248998210,FastAccept
1785248998200,true,1785248998262,LeaderAccept
1785248998234,true,1785248998282,LeaderAccept
1785248998269,true,1785248998313,FastAccept
1785248998305,false,1785248998361,LeaderAccept
1785248998340,true,1785248998377,FastAccept
1785248998377,false,1785248998414,FastAccept
1785248998416,false,1785248998453,FastAccept
1785248998453,false,1785248998490,FastAccept
1785248998493,false,1785248998530,FastAccept
1785248998532,false,1785248998570,FastAccept
1785248998572,false,1785248998610,FastAccept
1785248998613,false,1785248998678,SlowAccept
1785248998656,false,1785248998703,LeaderAccept
1785248998698,true,1785248998736,FastAccept
1785248998742,false,1785248998797,LeaderAccept
1785248998788,true,1785248998825,FastAccept
1785248998834,false,1785248998873,FastAccept
1785248998881,false,1785248998918,FastAccept
1785248998929,true,1785248998966,FastAccept
1785248998977,false,1785248999015,FastAccept
1785248999028,false,1785248999066,FastAccept
1785248999080,true,1785248999117,FastAccept
1785248999133,true,1785248999170,FastAccept
1785248999187,true,1785248999224,FastAccept
1785248999242,false,1785248999280,FastAccept
1785248999299,false,1785248999337,FastAccept
1785248999358,true,1785248999396,FastAccept
1785248999419,false,1785248999456,FastAccept
1785248999482,false,1785248999546,SlowAccept
1785248999545,true,1785248999583,FastAccept
1785248999612,false,1785248999650,FastAccept
1785248999681,false,1785248999731,LeaderAccept
1785248999752,false,1785248999789,FastAccept
1785248999824,true,1785248999863,FastAccept
1785248999900,false,1785248999937,FastAccept
1785248999980,false,1785249000017,FastAccept
1785249000062,true,1785249000099,FastAccept
1785249000148,false,1785249000185,FastAccept
1785249000237,true,1785249000275,FastAccept
1785249000331,false,1785249000368,FastAccept
1785249000429,false,1785249000467,FastAccept
1785249000531,true,1785249000569,FastAccept
1785249000640,true,1785249000697,LeaderAccept
1785249000753,true,1785249000792,FastAccept
1785249000874,false,1785249000912,FastAccept
1785249001001,false,1785249001039,FastAccept
1785249001137,true,1785249001175,FastAccept
1785249001283,false,1785249001321,FastAccept
1785249001439,false,1785249001477,FastAccept
1785249001608,true,1785249001646,FastAccept
1785249001793,false,1785249001831,FastAccept
1785249001994,false,1785249002032,FastAccept
1785249002216,true,1785249002254,FastAccept
1785249002466,false,1785249002518,LeaderAccept
1785249002746,true,1785249002784,FastAccept
1785249003069,true,1785249003107,FastAccept
1785249003449,true,1785249003487,FastAccept
1785249003908,true,1785249003946,FastAccept
1785249004487,true,1785249004525,FastAccept
1785249005258,false,1785249005296,FastAccept
1785249006390,true,1785249006427,FastAccept
1785249008385,false,1785249008455,LeaderAccept
1785249013789,true,1785249013827,FastAccept
1785249031918,true,1785249031956,FastAccept
1785249031940,false,1785249031978,FastAccept
1785249031963,false,1785249032001,FastAccept
1785249031986,true,1785249032025,FastAccept
1785249032009,true,1785249032047,FastAccept
1785249032032,false,1785249032070,FastAccept
1785249032057,true,1785249032095,FastAccept
1785249032081,true,1785249032119,FastAccept
1785249032106,false,1785249032143,FastAccept
1785249032130,true,1785249032167,FastAccept
1785249032156,false,1785249032193,FastAccept
1785249032182,true,1785249032220,FastAccept
1785249032207,false,1785249032245,FastAccept
1785249032233,false,1785249032271,FastAccept
1785249032260,false,1785249032297,FastAccept
1785249032286,true,1785249032324,FastAccept
1785249032313,true,1785249032351,FastAccept
1785249032341,true,1785249032378,FastAccept
1785249032368,false,1785249032405,FastAccept
1785249032397,false,1785249032435,FastAccept
1785249032426,true,1785249032463,FastAccept
1785249032454,true,1785249032492,FastAccept
1785249032484,false,1785249032521,FastAccept
1785249032513,true,1785249032551,FastAccept
1785249032544,false,1785249032581,FastAccept
1785249032575,false,1785249032612,FastAccept
1785249032607,false,1785249032644,FastAccept
1785249032639,false,1785249032676,FastAccept
1785249032671,true,1785249032708,FastAccept
1785249032704,false,1785249032742,FastAccept
1785249032737,true,1785249032774,FastAccept
1785249032771,true,1785249032808,FastAccept
1785249032805,false,1785249032843,FastAccept
1785249032841,false,1785249032878,FastAccept
1785249032876,true,1785249032914,FastAccept
1785249032912,true,1785249032950,FastAccept
1785249032950,true,1785249032987,FastAccept
1785249032987,true,1785249033025,FastAccept
1785249033025,false,1785249033063,FastAccept
1785249033065,false,1785249033103,FastAccept
1785249033105,true,1785249033142,FastAccept
1785249033145,true,1785249033182,FastAccept
1785249033185,true,1785249033223,FastAccept
1785249033228,true,1785249033266,FastAccept
1785249033271,false,1785249033309,FastAccept
1785249033314,false,1785249033353,FastAccept
1785249033359,true,1785249033397,FastAccept
1785249033405,false,1785249033443,FastAccept
1785249033452,false,1785249033490,FastAccept
1785249033500,true,1785249033538,FastAccept
1785249033549,false,1785249033587,FastAccept
1785249033598,true,1785249033636,FastAccept
1785249033650,true,1785249033689,FastAccept
1785249033702,false,1785249033740,FastAccept
1785249033756,true,1785249033794,FastAccept
1785249033810,true,1785249033848,FastAccept
1785249033867,false,1785249033906,FastAccept
1785249033926,true,1785249033964,FastAccept
1785249033986,false,1785249034023,FastAccept
1785249034048,false,1785249034085,FastAccept
1785249034112,true,1785249034149,FastAccept
1785249034178,false,1785249034215,FastAccept
1785249034245,true,1785249034283,FastAccept
1785249034316,false,1785249034355,FastAccept
1785249034388,false,1785249034426,FastAccept
1785249034464,true,1785249034502,FastAccept
1785249034541,false,1785249034579,FastAccept
1785249034622,true,1785249034659,FastAccept
1785249034707,false,1785249034744,FastAccept
1785249034795,true,1785249034833,FastAccept
1785249034887,false,1785249034925,FastAccept
1785249034984,false,1785249035022,FastAccept
1785249035085,false,1785249035123,FastAccept
1785249035191,false,1785249035229,FastAccept
1785249035302,true,1785249035340,FastAccept
1785249035421,true,1785249035458,FastAccept
1785249035546,true,1785249035583,FastAccept
1785249035678,false,1785249035718,FastAccept
1785249035820,false,1785249035858,FastAccept
1785249035972,false,1785249036011,FastAccept
1785249036136,false,1785249036174,FastAccept
1785249036315,false,1785249036354,FastAccept
1785249036510,true,1785249036548,FastAccept
1785249036725,false,1785249036762,FastAccept
1785249036964,false,1785249037002,FastAccept
1785249037233,false,1785249037271,FastAccept
1785249037542,false,1785249037579,FastAccept
1785249037900,true,1785249037938,FastAccept
1785249038329,false,1785249038367,FastAccept
1785249038861,false,1785249038912,LeaderAccept
1785249039553,true,1785249039593,LeaderAccept
1785249040533,true,1785249040572,LeaderAccept
1785249042129,false,1785249042168,LeaderAccept
1785249045673,true,1785249045711,FastAccept
1785249066517,true,1785249066555,FastAccept
1785249073313,false,1785249073351,FastAccept
1785249073343,true,1785249073380,FastAccept
1785249073372,true,1785249073409,FastAccept
1785249073402,true,1785249073440,FastAccept
1785249073433,true,1785249073470,FastAccept
1785249073463,true,1785249073501,FastAccept
1785249073495,false,1785249073533,FastAccept
1785249073526,false,1785249073564,FastAccept
1785249073559,true,1785249073596,FastAccept
1785249073591,false,1785249073629,FastAccept
1785249073624,false,1785249073662,FastAccept
1785249073658,false,1785249073695,FastAccept
1785249073693,true,1785249073730,FastAccept
1785249073728,false,1785249073765,FastAccept
1785249073764,true,1785249073801,FastAccept
1785249073799,false,1785249073837,FastAccept
1785249073836,true,1785249073874,FastAccept
1785249073873,false,1785249073911,FastAccept
1785249073912,false,1785249073949,FastAccept
1785249073950,true,1785249073988,FastAccept
1785249073989,false,1785249074026,FastAccept
1785249074030,false,1785249074067,FastAccept
1785249074071,true,1785249074109,FastAccept
1785249074113,true,1785249074150,FastAccept
1785249074156,true,1785249074193,FastAccept
1785249074199,true,1785249074237,FastAccept
1785249074243,false,1785249074281,FastAccept
1785249074289,true,1785249074326,FastAccept
1785249074335,true,1785249074373,FastAccept
1785249074384,true,1785249074421,FastAccept
1785249074432,true,1785249074470,FastAccept
1785249074482,false,1785249074519,FastAccept
1785249074533,false,1785249074571,FastAccept
1785249074586,false,1785249074624,FastAccept
1785249074639,false,1785249074676,FastAccept
1785249074695,false,1785249074732,FastAccept
1785249074751,false,1785249074789,FastAccept
1785249074810,true,1785249074847,FastAccept
1785249074871,true,1785249074908,FastAccept
1785249074933,true,1785249074970,FastAccept
1785249074997,false,1785249075035,FastAccept
1785249075063,true,1785249075101,FastAccept
1785249075130,false,1785249075167,FastAccept
1785249075200,true,1785249075244,FastAccept
1785249075274,true,1785249075317,FastAccept
1785249075350,false,1785249075409,SlowAccept
1785249075428,false,1785249075485,LeaderAccept
1785249075509,true,1785249075558,LeaderAccept
1785249075595,true,1785249075659,SlowAccept
1785249075683,false,1785249075722,LeaderAccept
1785249075776,false,1785249075815,LeaderAccept
1785249075872,false,1785249075912,LeaderAccept
1785249075974,false,1785249076013,LeaderAccept
1785249076081,true,1785249076120,LeaderAccept
1785249076193,false,1785249076232,LeaderAccept
1785249076312,false,1785249076351,LeaderAccept
1785249076438,false,1785249076477,LeaderAccept
1785249076572,false,1785249076610,LeaderAccept
1785249076715,true,1785249076779,LeaderAccept
1785249076868,false,1785249076905,FastAccept
1785249077035,true,1785249077072,FastAccept
1785249077216,true,1785249077253,FastAccept
1785249077412,false,1785249077456,FastAccept
1785249077629,false,1785249077686,LeaderAccept
1785249077872,true,1785249077909,FastAccept
1785249078144,false,1785249078188,FastAccept
1785249078458,true,1785249078495,FastAccept
1785249078823,true,1785249078890,LeaderAccept
1785249079262,false,1785249079301,LeaderAccept
1785249079808,false,1785249079847,LeaderAccept
1785249080526,false,1785249080565,LeaderAccept
1785249081553,false,1785249081592,LeaderAccept
1785249083266,false,1785249083304,FastAccept
1785249087301,true,1785249087362,LeaderAccept
1785249098680,false,1785249098743,LeaderAccept
1785249098704,true,1785249098794,LeaderAccept
1785249098728,false,1785249098786,SlowAccept
1785249098753,true,1785249098842,LeaderAccept
1785249098779,true,1785249098836,SlowAccept
1785249098805,true,1785249098862,LeaderAccept
1785249098831,true,1785249098891,LeaderAccept
1785249098857,false,1785249098917,LeaderAccept
1785249098883,false,1785249098941,LeaderAccept
1785249098909,true,1785249098970,LeaderAccept
1785249098936,true,1785249098991,LeaderAccept
1785249098964,false,1785249099003,LeaderAccept
1785249098992,true,1785249099031,LeaderAccept
1785249099019,false,1785249099059,LeaderAccept
1785249099047,true,1785249099086,LeaderAccept
1785249099076,true,1785249099115,LeaderAccept
1785249099106,false,1785249099145,LeaderAccept
1785249099136,true,1785249099174,LeaderAccept
1785249099166,true,1785249099206,LeaderAccept
1785249099197,false,1785249099236,LeaderAccept
1785249099227,true,1785249099266,LeaderAccept
1785249099258,false,1785249099298,LeaderAccept
1785249099291,false,1785249099330,LeaderAccept
1785249099324,false,1785249099363,LeaderAccept
1785249099357,false,1785249099396,LeaderAccept
1785249099391,false,1785249099429,LeaderAccept
1785249099424,false,1785249099463,LeaderAccept
1785249099459,false,1785249099498,LeaderAccept
1785249099495,false,1785249099534,LeaderAccept
1785249099531,true,1785249099569,LeaderAccept
1785249099567,false,1785249099606,LeaderAccept
1785249099605,true,1785249099644,LeaderAccept
1785249099642,true,1785249099681,LeaderAccept
1785249099680,false,1785249099720,LeaderAccept
1785249099720,false,1785249099759,LeaderAccept
1785249099759,false,1785249099797,LeaderAccept
1785249099800,false,1785249099838,LeaderAccept
1785249099842,false,1785249099881,LeaderAccept
1785249099884,true,1785249099923,LeaderAccept
1785249099927,false,1785249099966,LeaderAccept
1785249099972,true,1785249100011,LeaderAccept
1785249100016,false,1785249100055,LeaderAccept
1785249100062,true,1785249100101,LeaderAccept
1785249100110,false,1785249100149,LeaderAccept
1785249100158,false,1785249100196,LeaderAccept
1785249100207,true,1785249100247,LeaderAccept
1785249100259,true,1785249100299,LeaderAccept
1785249100311,true,1785249100350,LeaderAccept
1785249100365,true,1785249100405,LeaderAccept
1785249100420,false,1785249100459,LeaderAccept
1785249100475,true,1785249100514,LeaderAccept
1785249100533,true,1785249100573,LeaderAccept
1785249100592,true,1785249100632,LeaderAccept
1785249100654,true,1785249100693,LeaderAccept
1785249100716,false,1785249100756,LeaderAccept
1785249100781,false,1785249100837,LeaderAccept
1785249100849,true,1785249100888,LeaderAccept
1785249100919,false,1785249100958,FastAccept
1785249100991,false,1785249101042,LeaderAccept
1785249101065,false,1785249101102,FastAccept
1785249101141,true,1785249101178,FastAccept
1785249101222,true,1785249101259,FastAccept
1785249101306,true,1785249101343,FastAccept
1785249101393,false,1785249101430,FastAccept
1785249101483,true,1785249101520,FastAccept
1785249101578,false,1785249101615,FastAccept
1785249101678,false,1785249101715,FastAccept
1785249101783,false,1785249101820,FastAccept
1785249101893,false,1785249101930,FastAccept
1785249102009,true,1785249102046,FastAccept
1785249102132,false,1785249102169,FastAccept
1785249102262,false,1785249102299,FastAccept
1785249102401,true,1785249102438,FastAccept
1785249102550,true,1785249102587,FastAccept
1785249102710,true,1785249102747,FastAccept
1785249102884,true,1785249102922,FastAccept
1785249103073,false,1785249103110,FastAccept
1785249103281,true,1785249103319,FastAccept
1785249103511,true,1785249103549,FastAccept
1785249103770,true,1785249103807,FastAccept
1785249104064,true,1785249104101,FastAccept
1785249104404,true,1785249104442,FastAccept
1785249104807,true,1785249104845,FastAccept
1785249105301,false,1785249105338,FastAccept
1785249105932,true,1785249105969,FastAccept
1785249106796,true,1785249106833,FastAccept
1785249108126,false,1785249108163,FastAccept
1785249110710,true,1785249110748,FastAccept
1785249120118,true,1785249120156,FastAccept
1785249126465,false,1785249126502,FastAccept
1785249126479,true,1785249126517,FastAccept
1785249126495,false,1785249126533,FastAccept
1785249126510,true,1785249126548,FastAccept
1785249126527,false,1785249126565,FastAccept
1785249126543,false,1785249126581,FastAccept
1785249126558,true,1785249126595,FastAccept
1785249126575,false,1785249126613,FastAccept
1785249126591,false,1785249126629,FastAccept
1785249126608,false,1785249126646,FastAccept
1785249126625,true,1785249126662,FastAccept
1785249126642,false,1785249126679,FastAccept
1785249126658,true,1785249126696,FastAccept
1785249126675,true,1785249126712,FastAccept
1785249126692,false,1785249126729,FastAccept
1785249126709,true,1785249126766,LeaderAccept
1785249126726,false,1785249126792,LeaderAccept
1785249126743,false,1785249126780,FastAccept
1785249126760,true,1785249126821,LeaderAccept
1785249126777,false,1785249126847,LeaderAccept
1785249126795,true,1785249126833,FastAccept
1785249126814,false,1785249126903,LeaderAccept
1785249126832,false,1785249126896,SlowAccept
1785249126850,false,1785249126896,FastAccept
1785249126868,false,1785249126956,LeaderAccept
1785249126887,false,1785249126950,SlowAccept
1785249126906,false,1785249126950,FastAccept
1785249126925,false,1785249126987,LeaderAccept
1785249126944,true,1785249127013,LeaderAccept
1785249126963,true,1785249127001,FastAccept
1785249126983,true,1785249127039,LeaderAccept
1785249127003,false,1785249127093,LeaderAccept
1785249127022,true,1785249127087,SlowAccept
1785249127043,true,1785249127087,FastAccept
1785249127062,false,1785249127119,LeaderAccept
1785249127083,false,1785249127167,LeaderAccept
1785249127103,false,1785249127167,SlowAccept
1785249127125,true,1785249127167,FastAccept
1785249127147,false,1785249127208,LeaderAccept
1785249127167,false,1785249127205,FastAccept
1785249127189,false,1785249127227,FastAccept
1785249127210,true,1785249127247,FastAccept
1785249127232,true,1785249127269,FastAccept
1785249127254,true,1785249127292,FastAccept
1785249127276,false,1785249127314,FastAccept
1785249127299,true,1785249127338,FastAccept
1785249127322,true,1785249127360,FastAccept
1785249127345,true,1785249127382,FastAccept
1785249127367,true,1785249127405,FastAccept
1785249127391,false,1785249127429,FastAccept
1785249127415,false,1785249127453,FastAccept
1785249127439,false,1785249127476,FastAccept
1785249127464,true,1785249127502,FastAccept
1785249127489,true,1785249127526,FastAccept
1785249127514,false,1785249127551,FastAccept
1785249127540,true,1785249127578,FastAccept
1785249127565,true,1785249127603,FastAccept
1785249127592,true,1785249127629,FastAccept
1785249127618,false,1785249127656,FastAccept
1785249127645,true,1785249127683,FastAccept
1785249127672,true,1785249127710,FastAccept
1785249127699,true,1785249127737,FastAccept
1785249127727,true,1785249127765,FastAccept
1785249127754,true,1785249127792,FastAccept
1785249127783,false,1785249127820,FastAccept
1785249127812,false,1785249127849,FastAccept
1785249127841,true,1785249127878,FastAccept
1785249127871,false,1785249127909,FastAccept
1785249127900,false,1785249127938,FastAccept
1785249127930,true,1785249127969,FastAccept
1785249127961,false,1785249127999,FastAccept
1785249127992,false,1785249128030,FastAccept
1785249128024,false,1785249128062,FastAccept
1785249128055,false,1785249128092,FastAccept
1785249128087,true,1785249128124,FastAccept
1785249128121,true,1785249128158,FastAccept
1785249128155,true,1785249128192,FastAccept
1785249128189,false,1785249128227,FastAccept
1785249128224,false,1785249128263,FastAccept
1785249128259,true,1785249128297,FastAccept
1785249128296,true,1785249128333,FastAccept
1785249128332,true,1785249128370,FastAccept
1785249128369,true,1785249128407,FastAccept
1785249128408,false,1785249128446,FastAccept
1785249128447,true,1785249128484,FastAccept
1785249128487,true,1785249128524,FastAccept
1785249128526,false,1785249128564,FastAccept
1785249128567,false,1785249128604,FastAccept
1785249128609,false,1785249128646,FastAccept
1785249128652,true,1785249128689,FastAccept
1785249128694,true,1785249128732,FastAccept
1785249128739,true,1785249128776,FastAccept
1785249128784,true,1785249128821,FastAccept
1785249128829,true,1785249128867,FastAccept
1785249128876,false,1785249128914,FastAccept
1785249128925,false,1785249128963,FastAccept
1785249128975,false,1785249129012,FastAccept
1785249129025,true,1785249129063,FastAccept
1785249129077,false,1785249129114,FastAccept
1785249129130,true,1785249129169,FastAccept
1785249129186,true,1785249129224,FastAccept
1785249129242,false,1785249129280,FastAccept
1785249129301,true,1785249129338,FastAccept
1785249129361,false,1785249129398,FastAccept
1785249129423,false,1785249129460,FastAccept
1785249129486,false,1785249129524,FastAccept
1785249129552,false,1785249129589,FastAccept
1785249129618,true,1785249129656,FastAccept
1785249129687,false,1785249129726,FastAccept
1785249129759,false,1785249129797,FastAccept
1785249129833,false,1785249129871,FastAccept
1785249129911,false,1785249129949,FastAccept
1785249129992,false,1785249130030,FastAccept
1785249130075,false,1785249130113,FastAccept
1785249130163,true,1785249130200,FastAccept
1785249130253,false,1785249130291,FastAccept
1785249130349,false,1785249130386,FastAccept
1785249130449,false,1785249130487,FastAccept
1785249130554,true,1785249130592,FastAccept
1785249130664,false,1785249130702,FastAccept
1785249130780,false,1785249130818,FastAccept
1785249130904,true,1785249130942,FastAccept
1785249131035,true,1785249131073,FastAccept
1785249131176,false,1785249131214,FastAccept
1785249131327,true,1785249131364,FastAccept
1785249131489,true,1785249131527,FastAccept
1785249131664,true,1785249131702,FastAccept
1785249131856,true,1785249131893,FastAccept
1785249132067,false,1785249132104,FastAccept
1785249132302,false,1785249132339,FastAccept
1785249132565,false,1785249132602,FastAccept
1785249132865,false,1785249132902,FastAccept
1785249133213,false,1785249133250,FastAccept
1785249133627,false,1785249133664,FastAccept
1785249134136,true,1785249134173,FastAccept
1785249134791,false,1785249134829,FastAccept
1785249135701,true,1785249135739,FastAccept
1785249137135,true,1785249137173,FastAccept
1785249140068,true,1785249140106,FastAccept
1785249152783,false,1785249152820,FastAccept
1785249159255,false,1785249159294,FastAccept
1785249159279,false,1785249159366,LeaderAccept
1785249159302,true,1785249159345,FastAccept
1785249159325,true,1785249159362,FastAccept
1785249159349,true,1785249159386,FastAccept
1785249159372,true,1785249159409,FastAccept
1785249159397,true,1785249159434,FastAccept
1785249159422,true,1785249159459,FastAccept
1785249159446,false,1785249159490,FastAccept
1785249159472,true,1785249159515,FastAccept
1785249159497,false,1785249159541,FastAccept
1785249159523,true,1785249159567,FastAccept
1785249159548,false,1785249159591,FastAccept
1785249159575,true,1785249159639,SlowAccept
1785249159602,false,1785249159666,SlowAccept
1785249159628,false,1785249159692,SlowAccept
1785249159655,true,1785249159719,SlowAccept
1785249159682,false,1785249159746,SlowAccept
1785249159710,true,1785249159774,SlowAccept
1785249159738,true,1785249159802,SlowAccept
1785249159766,true,1785249159830,SlowAccept
1785249159796,true,1785249159868,LeaderAccept
1785249159825,false,1785249159888,LeaderAccept
1785249159856,true,1785249159894,LeaderAccept
1785249159885,true,1785249159925,LeaderAccept
1785249159916,true,1785249159956,LeaderAccept
1785249159947,true,1785249159987,LeaderAccept
1785249159978,false,1785249160017,LeaderAccept
1785249160010,true,1785249160049,LeaderAccept
1785249160043,true,1785249160082,LeaderAccept
1785249160076,false,1785249160115,LeaderAccept
1785249160110,false,1785249160149,LeaderAccept
1785249160144,true,1785249160183,LeaderAccept
1785249160179,false,1785249160218,LeaderAccept
1785249160215,true,1785249160254,LeaderAccept
1785249160251,true,1785249160290,LeaderAccept
1785249160288,false,1785249160327,LeaderAccept
1785249160325,true,1785249160364,LeaderAccept
1785249160363,true,1785249160402,LeaderAccept
1785249160401,true,1785249160441,LeaderAccept
1785249160440,true,1785249160479,LeaderAccept
1785249160480,false,1785249160519,LeaderAccept
1785249160521,false,1785249160560,LeaderAccept
1785249160563,true,1785249160603,LeaderAccept
1785249160607,false,1785249160646,LeaderAccept
1785249160650,true,1785249160690,LeaderAccept
1785249160694,true,1785249160733,LeaderAccept
1785249160739,false,1785249160778,LeaderAccept
1785249160785,true,1785249160824,LeaderAccept
1785249160833,false,1785249160872,LeaderAccept
1785249160881,true,1785249160919,FastAccept
1785249160931,false,1785249160969,FastAccept
1785249160982,false,1785249161020,FastAccept
1785249161034,true,1785249161072,FastAccept
1785249161087,false,1785249161124,FastAccept
1785249161142,false,1785249161180,FastAccept
1785249161199,true,1785249161237,FastAccept
1785249161258,false,1785249161296,FastAccept
1785249161318,true,1785249161356,FastAccept
1785249161381,true,1785249161419,FastAccept
1785249161445,true,1785249161482,FastAccept
1785249161510,false,1785249161548,FastAccept
1785249161579,false,1785249161616,FastAccept
1785249161649,false,1785249161687,FastAccept
1785249161722,false,1785249161760,FastAccept
1785249161798,true,1785249161835,FastAccept
1785249161877,true,1785249161914,FastAccept
1785249161957,false,1785249161995,FastAccept
1785249162042,false,1785249162105,LeaderAccept
1785249162131,true,1785249162168,FastAccept
1785249162223,true,1785249162260,FastAccept
1785249162319,true,1785249162357,FastAccept
1785249162420,true,1785249162458,FastAccept
1785249162526,true,1785249162564,FastAccept
1785249162638,false,1785249162676,FastAccept
1785249162756,true,1785249162818,LeaderAccept
1785249162882,false,1785249162919,FastAccept
1785249163015,true,1785249163053,FastAccept
1785249163158,false,1785249163196,FastAccept
1785249163312,false,1785249163349,FastAccept
1785249163477,false,1785249163515,FastAccept
1785249163656,false,1785249163694,FastAccept
1785249163853,false,1785249163890,FastAccept
1785249164070,true,1785249164107,FastAccept
1785249164311,false,1785249164367,LeaderAccept
1785249164583,true,1785249164620,FastAccept
1785249164894,true,1785249164931,FastAccept
1785249165257,true,1785249165295,FastAccept
1785249165693,true,1785249165730,FastAccept
1785249166233,false,1785249166271,FastAccept
1785249166942,false,1785249166980,FastAccept
1785249167950,true,1785249167988,FastAccept
1785249169620,true,1785249169657,FastAccept
1785249173465,false,1785249173503,FastAccept
1785249199762,true,1785249199799,FastAccept
1785249207769,true,1785249207806,FastAccept
1785249207785,true,1785249207822,FastAccept
1785249207802,true,1785249207866,SlowAccept
1785249207818,false,1785249207866,FastAccept
1785249207835,false,1785249207897,LeaderAccept
1785249207851,false,1785249207888,FastAccept
1785249207868,false,1785249207926,LeaderAccept
1785249207885,false,1785249207954,LeaderAccept
1785249207902,true,1785249207939,FastAccept
1785249207920,false,1785249208007,LeaderAccept
1785249207937,false,1785249208003,SlowAccept
1785249207955,false,1785249208003,FastAccept
1785249207974,false,1785249208061,LeaderAccept
1785249207992,true,1785249208056,SlowAccept
1785249208011,true,1785249208056,FastAccept
1785249208029,false,1785249208090,LeaderAccept
1785249208047,false,1785249208116,LeaderAccept
1785249208067,true,1785249208105,FastAccept
1785249208085,true,1785249208145,LeaderAccept
1785249208104,false,1785249208171,LeaderAccept
1785249208124,true,1785249208161,FastAccept
1785249208143,false,1785249208197,LeaderAccept
1785249208162,false,1785249208251,LeaderAccept
1785249208182,false,1785249208245,SlowAccept
1785249208201,true,1785249208245,FastAccept
1785249208222,false,1785249208277,LeaderAccept
1785249208242,false,1785249208298,LeaderAccept
1785249208263,false,1785249208302,LeaderAccept
1785249208284,false,1785249208323,LeaderAccept
1785249208304,true,1785249208344,LeaderAccept
1785249208326,false,1785249208365,LeaderAccept
1785249208348,false,1785249208387,LeaderAccept
1785249208369,true,1785249208408,LeaderAccept
1785249208390,true,1785249208430,LeaderAccept
1785249208412,false,1785249208451,LeaderAccept
1785249208435,false,1785249208475,LeaderAccept
1785249208458,false,1785249208497,LeaderAccept
1785249208481,false,1785249208520,LeaderAccept
1785249208504,true,1785249208543,LeaderAccept
1785249208527,true,1785249208567,LeaderAccept
1785249208550,true,1785249208589,LeaderAccept
1785249208574,false,1785249208613,LeaderAccept
1785249208599,true,1785249208638,LeaderAccept
1785249208623,true,1785249208663,LeaderAccept
1785249208648,true,1785249208687,LeaderAccept
1785249208672,true,1785249208712,LeaderAccept
1785249208697,false,1785249208736,LeaderAccept
1785249208723,false,1785249208763,LeaderAccept
1785249208749,true,1785249208788,LeaderAccept
1785249208775,false,1785249208815,LeaderAccept
1785249208801,true,1785249208840,LeaderAccept
1785249208829,true,1785249208868,LeaderAccept
1785249208856,false,1785249208896,LeaderAccept
1785249208884,false,1785249208923,LeaderAccept
1785249208912,false,1785249208952,LeaderAccept
1785249208941,true,1785249208980,LeaderAccept
1785249208969,true,1785249209009,LeaderAccept
1785249208999,true,1785249209038,LeaderAccept
1785249209029,false,1785249209068,LeaderAccept
1785249209058,false,1785249209097,LeaderAccept
1785249209089,false,1785249209128,LeaderAccept
1785249209120,true,1785249209158,LeaderAccept
1785249209151,true,1785249209189,LeaderAccept
1785249209183,false,1785249209221,LeaderAccept
1785249209215,true,1785249209253,LeaderAccept
1785249209248,true,1785249209287,LeaderAccept
1785249209282,false,1785249209322,LeaderAccept
1785249209316,false,1785249209355,LeaderAccept
1785249209350,false,1785249209390,LeaderAccept
1785249209384,false,1785249209423,LeaderAccept
1785249209419,false,1785249209458,LeaderAccept
1785249209455,true,1785249209495,LeaderAccept
1785249209493,false,1785249209532,LeaderAccept
1785249209530,false,1785249209569,LeaderAccept
1785249209568,true,1785249209607,LeaderAccept
1785249209607,true,1785249209646,LeaderAccept
1785249209646,true,1785249209686,LeaderAccept
1785249209687,false,1785249209725,LeaderAccept
1785249209728,true,1785249209767,LeaderAccept
1785249209769,false,1785249209809,LeaderAccept
1785249209812,true,1785249209851,LeaderAccept
1785249209856,true,1785249209895,LeaderAccept
1785249209900,false,1785249209939,LeaderAccept
1785249209946,false,1785249209986,LeaderAccept
1785249209993,true,1785249210033,LeaderAccept
1785249210041,true,1785249210080,LeaderAccept
1785249210090,true,1785249210127,FastAccept
1785249210140,true,1785249210177,FastAccept
1785249210190,true,1785249210228,FastAccept
1785249210243,false,1785249210281,FastAccept
1785249210296,true,1785249210335,FastAccept
1785249210352,false,1785249210391,FastAccept
1785249210409,true,1785249210447,FastAccept
1785249210468,true,1785249210512,FastAccept
1785249210528,false,1785249210582,LeaderAccept
1785249210590,true,1785249210654,SlowAccept
1785249210653,true,1785249210692,LeaderAccept
1785249210719,false,1785249210758,LeaderAccept
1785249210788,false,1785249210827,LeaderAccept
1785249210857,false,1785249210897,LeaderAccept
1785249210931,false,1785249210970,LeaderAccept
1785249211007,false,1785249211046,LeaderAccept
1785249211086,false,1785249211124,LeaderAccept
1785249211166,true,1785249211205,LeaderAccept
1785249211250,true,1785249211289,LeaderAccept
1785249211339,false,1785249211378,LeaderAccept
1785249211431,true,1785249211470,LeaderAccept
1785249211527,true,1785249211566,LeaderAccept
1785249211627,true,1785249211666,LeaderAccept
1785249211734,true,1785249211773,LeaderAccept
1785249211845,true,1785249211884,LeaderAccept
1785249211964,false,1785249212003,LeaderAccept
1785249212089,false,1785249212128,LeaderAccept
1785249212223,false,1785249212262,LeaderAccept
1785249212365,false,1785249212405,LeaderAccept
1785249212519,true,1785249212558,LeaderAccept
1785249212684,false,1785249212723,LeaderAccept
1785249212863,true,1785249212901,LeaderAccept
1785249213059,true,1785249213098,LeaderAccept
1785249213275,false,1785249213314,LeaderAccept
1785249213514,false,1785249213553,LeaderAccept
1785249213786,false,1785249213825,LeaderAccept
1785249214095,false,1785249214134,LeaderAccept
1785249214457,false,1785249214497,LeaderAccept
1785249214889,true,1785249214928,LeaderAccept
1785249215426,true,1785249215464,LeaderAccept
1785249216129,false,1785249216166,FastAccept
1785249217125,false,1785249217162,FastAccept
1785249218765,false,1785249218803,FastAccept
1785249222488,true,1785249222527,LeaderAccept
1785249239038,false,1785249239081,FastAccept
1785249239055,false,1785249239092,FastAccept
1785249239071,true,1785249239136,LeaderAccept
1785249239089,false,1785249239132,FastAccept
1785249239105,true,1785249239161,LeaderAccept
1785249239123,false,1785249239186,LeaderAccept
1785249239140,true,1785249239184,FastAccept
1785249239159,false,1785249239213,LeaderAccept
1785249239176,false,1785249239242,LeaderAccept
1785249239194,false,1785249239231,FastAccept
1785249239211,false,1785249239262,LeaderAccept
1785249239229,true,1785249239268,LeaderAccept
1785249239248,true,1785249239286,LeaderAccept
1785249239266,true,1785249239305,LeaderAccept
1785249239284,true,1785249239323,LeaderAccept
1785249239303,false,1785249239342,LeaderAccept
1785249239322,true,1785249239361,LeaderAccept
1785249239341,true,1785249239379,LeaderAccept
1785249239360,true,1785249239399,LeaderAccept
1785249239379,true,1785249239418,LeaderAccept
1785249239399,false,1785249239438,LeaderAccept
1785249239418,false,1785249239456,LeaderAccept
1785249239439,false,1785249239477,LeaderAccept
1785249239459,false,1785249239498,LeaderAccept
1785249239480,false,1785249239518,LeaderAccept
1785249239500,true,1785249239539,LeaderAccept
1785249239522,false,1785249239560,LeaderAccept
1785249239542,true,1785249239581,LeaderAccept
1785249239564,true,1785249239602,LeaderAccept
1785249239584,true,1785249239623,LeaderAccept
1785249239605,false,1785249239644,LeaderAccept
1785249239627,true,1785249239666,LeaderAccept
1785249239649,true,1785249239688,LeaderAccept
1785249239671,true,1785249239710,LeaderAccept
1785249239694,false,1785249239732,LeaderAccept
1785249239717,true,1785249239756,LeaderAccept
1785249239739,true,1785249239778,LeaderAccept
1785249239763,false,1785249239801,LeaderAccept
1785249239786,true,1785249239826,LeaderAccept
1785249239811,false,1785249239849,LeaderAccept
1785249239834,false,1785249239873,LeaderAccept
1785249239859,true,1785249239898,LeaderAccept
1785249239883,false,1785249239922,LeaderAccept
1785249239909,false,1785249239948,LeaderAccept
1785249239933,true,1785249239973,LeaderAccept
1785249239959,false,1785249239998,LeaderAccept
1785249239986,false,1785249240025,LeaderAccept
1785249240012,true,1785249240052,LeaderAccept
1785249240038,true,1785249240078,LeaderAccept
1785249240065,false,1785249240104,LeaderAccept
1785249240093,false,1785249240133,LeaderAccept
1785249240120,true,1785249240159,LeaderAccept
1785249240148,false,1785249240188,LeaderAccept
1785249240177,true,1785249240216,LeaderAccept
1785249240206,false,1785249240245,LeaderAccept
1785249240235,false,1785249240274,LeaderAccept
1785249240264,true,1785249240303,LeaderAccept
1785249240294,false,1785249240335,LeaderAccept
1785249240324,true,1785249240364,LeaderAccept
1785249240355,true,1785249240395,LeaderAccept
1785249240386,true,1785249240425,LeaderAccept
1785249240417,true,1785249240456,LeaderAccept
1785249240449,false,1785249240489,LeaderAccept
1785249240483,false,1785249240522,LeaderAccept
1785249240516,false,1785249240555,LeaderAccept
1785249240549,true,1785249240588,LeaderAccept
1785249240583,false,1785249240622,LeaderAccept
1785249240619,false,1785249240658,LeaderAccept
1785249240655,true,1785249240694,LeaderAccept
1785249240691,false,1785249240730,LeaderAccept
1785249240728,false,1785249240768,LeaderAccept
1785249240765,true,1785249240804,LeaderAccept
1785249240803,true,1785249240843,LeaderAccept
1785249240843,true,1785249240881,LeaderAccept
1785249240883,true,1785249240922,LeaderAccept
1785249240922,true,1785249240961,LeaderAccept
1785249240963,true,1785249241002,LeaderAccept
1785249241004,false,1785249241044,LeaderAccept
1785249241047,true,1785249241086,LeaderAccept
1785249241090,false,1785249241130,LeaderAccept
1785249241134,true,1785249241173,LeaderAccept
1785249241179,true,1785249241218,LeaderAccept
1785249241227,false,1785249241266,LeaderAccept
1785249241274,false,1785249241314,LeaderAccept
1785249241323,false,1785249241363,LeaderAccept
1785249241373,true,1785249241412,LeaderAccept
1785249241425,false,1785249241464,LeaderAccept
1785249241477,true,1785249241517,LeaderAccept
1785249241530,false,1785249241570,LeaderAccept
1785249241586,false,1785249241625,LeaderAccept
1785249241642,true,1785249241682,LeaderAccept
1785249241701,true,1785249241746,LeaderAccept
1785249241761,true,1785249241801,LeaderAccept
1785249241822,true,1785249241862,LeaderAccept
1785249241885,true,1785249241925,LeaderAccept
1785249241950,false,1785249241991,LeaderAccept
1785249242019,false,1785249242059,LeaderAccept
1785249242088,true,1785249242129,LeaderAccept
1785249242162,true,1785249242202,LeaderAccept
1785249242237,true,1785249242277,LeaderAccept
1785249242316,false,1785249242355,LeaderAccept
1785249242398,true,1785249242435,FastAccept
1785249242483,true,1785249242521,FastAccept
1785249242571,true,1785249242608,FastAccept
1785249242664,true,1785249242701,FastAccept
1785249242760,false,1785249242798,FastAccept
1785249242861,false,1785249242905,FastAccept
1785249242967,true,1785249243005,FastAccept
1785249243079,true,1785249243118,FastAccept
1785249243198,true,1785249243236,FastAccept
1785249243324,false,1785249243361,FastAccept
1785249243458,true,1785249243496,FastAccept
1785249243600,false,1785249243638,FastAccept
1785249243754,false,1785249243792,FastAccept
1785249243919,false,1785249243957,FastAccept
1785249244099,false,1785249244136,FastAccept
1785249244295,false,1785249244332,FastAccept
1785249244510,true,1785249244554,FastAccept
1785249244752,false,1785249244790,FastAccept
1785249245023,true,1785249245061,FastAccept
1785249245335,true,1785249245372,FastAccept
1785249245698,false,1785249245735,FastAccept
