request_time,write,response_time,accept_status
1785248286179,true,1785248286219,FastAccept
1785248286255,false,1785248286294,FastAccept
1785248286334,false,1785248286374,FastAccept
1785248286415,false,1785248286454,FastAccept
1785248286500,true,1785248286539,FastAccept
1785248286588,true,1785248286627,FastAccept
1785248286679,false,1785248286719,FastAccept
1785248286775,true,1785248286825,LeaderAccept
1785248286875,true,1785248286925,LeaderAccept
1785248286981,true,1785248287032,LeaderAccept
1785248287094,true,1785248287143,LeaderAccept
1785248287213,true,1785248287263,LeaderAccept
1785248287338,false,1785248287388,LeaderAccept
1785248287471,true,1785248287521,LeaderAccept
1785248287613,false,1785248287663,LeaderAccept
1785248287766,false,1785248287816,LeaderAccept
1785248287932,true,1785248287982,LeaderAccept
1785248288111,false,1785248288161,LeaderAccept
1785248288306,true,1785248288357,LeaderAccept
1785248288523,true,1785248288574,LeaderAccept
1785248288763,true,1785248288813,LeaderAccept
1785248289034,false,1785248289085,LeaderAccept
1785248289345,true,1785248289396,LeaderAccept
1785248289707,false,1785248289756,LeaderAccept
1785248290140,false,1785248290190,LeaderAccept
1785248290678,false,1785248290728,LeaderAccept
1785248291381,false,1785248291430,LeaderAccept
1785248292380,false,1785248292430,LeaderAccept
1785248294027,false,1785248294076,LeaderAccept
1785248297776,false,1785248297826,LeaderAccept
1785248312946,false,1785248312986,FastAccept
1785248312971,false,1785248313010,FastAccept
1785248312997,false,1785248313036,FastAccept
1785248313022,true,1785248313076,LeaderAccept
1785248313048,true,1785248313098,LeaderAccept
1785248313076,true,1785248313125,LeaderAccept
1785248313103,false,1785248313152,LeaderAccept
1785248313130,false,1785248313180,LeaderAccept
1785248313158,false,1785248313208,LeaderAccept
1785248313187,false,1785248313236,LeaderAccept
1785248313215,true,1785248313265,LeaderAccept
1785248313245,true,1785248313294,LeaderAccept
1785248313274,true,1785248313324,LeaderAccept
1785248313304,false,1785248313354,LeaderAccept
1785248313334,false,1785248313383,LeaderAccept
1785248313364,true,1785248313414,LeaderAccept
1785248313395,true,1785248313445,LeaderAccept
1785248313427,true,1785248313477,LeaderAccept
1785248313459,true,1785248313509,LeaderAccept
1785248313492,true,1785248313542,LeaderAccept
1785248313525,true,1785248313575,LeaderAccept
1785248313559,true,1785248313608,LeaderAccept
1785248313593,true,1785248313643,LeaderAccept
1785248313628,true,1785248313677,LeaderAccept
1785248313663,true,1785248313713,LeaderAccept
1785248313699,false,1785248313749,LeaderAccept
1785248313737,true,1785248313786,LeaderAccept
1785248313774,false,1785248313824,LeaderAccept
1785248313813,false,1785248313862,LeaderAccept
1785248313851,false,1785248313901,LeaderAccept
1785248313891,false,1785248313940,LeaderAccept
1785248313931,true,1785248313981,LeaderAccept
1785248313972,false,1785248314023,LeaderAccept
1785248314014,true,1785248314064,LeaderAccept
1785248314056,true,1785248314106,LeaderAccept
1785248314099,false,1785248314149,LeaderAccept
1785248314144,true,1785248314194,LeaderAccept
1785248314189,true,1785248314238,LeaderAccept
1785248314235,false,1785248314285,LeaderAccept
1785248314284,true,1785248314334,LeaderAccept
1785248314333,true,1785248314383,LeaderAccept
1785248314382,false,1785248314432,LeaderAccept
1785248314433,true,1785248314483,LeaderAccept
1785248314485,true,1785248314535,LeaderAccept
1785248314539,false,1785248314589,LeaderAccept
1785248314594,true,1785248314644,LeaderAccept
1785248314651,true,1785248314702,LeaderAccept
1785248314709,false,1785248314759,LeaderAccept
1785248314770,false,1785248314820,LeaderAccept
1785248314831,false,1785248314881,LeaderAccept
1785248314894,true,1785248314944,LeaderAccept
1785248314960,true,1785248315010,LeaderAccept
1785248315029,true,1785248315079,LeaderAccept
1785248315099,false,1785248315149,LeaderAccept
1785248315173,true,1785248315222,LeaderAccept
1785248315248,false,1785248315298,LeaderAccept
1785248315325,false,1785248315375,LeaderAccept
1785248315406,false,1785248315457,LeaderAccept
1785248315490,false,1785248315540,LeaderAccept
1785248315578,true,1785248315628,LeaderAccept
1785248315670,true,1785248315720,LeaderAccept
1785248315766,false,1785248315816,LeaderAccept
1785248315868,true,1785248315918,LeaderAccept
1785248315973,true,1785248316023,LeaderAccept
1785248316084,false,1785248316134,LeaderAccept
1785248316202,true,1785248316252,LeaderAccept
1785248316327,false,1785248316378,LeaderAccept
1785248316461,true,1785248316511,LeaderAccept
1785248316603,false,1785248316653,LeaderAccept
1785248316756,true,1785248316805,LeaderAccept
1785248316921,true,1785248316971,LeaderAccept
1785248317100,true,1785248317150,LeaderAccept
1785248317295,false,1785248317345,LeaderAccept
1785248317511,true,1785248317561,LeaderAccept
1785248317750,true,1785248317801,LeaderAccept
1785248318020,true,1785248318060,FastAccept
1785248318329,true,1785248318370,FastAccept
1785248318689,true,1785248318729,FastAccept
1785248319120,false,1785248319160,FastAccept
1785248319654,false,1785248319704,LeaderAccept
1785248320352,true,1785248320402,LeaderAccept
1785248321339,false,1785248321388,LeaderAccept
1785248322959,false,1785248323009,LeaderAccept
1785248326594,true,1785248326644,LeaderAccept
1785248339821,true,1785248339862,FastAccept
1785248339840,false,1785248339880,FastAccept
1785248339857,false,1785248339897,FastAccept
1785248339875,true,1785248339914,FastAccept
1785248339894,true,1785248339934,FastAccept
1785248339912,true,1785248339952,FastAccept
1785248339931,false,1785248339970,FastAccept
1785248339949,false,1785248339988,FastAccept
1785248339968,false,1785248340007,FastAccept
1785248339987,true,1785248340026,FastAccept
1785248340006,true,1785248340046,FastAccept
1785248340026,false,1785248340065,FastAccept
1785248340046,false,1785248340085,FastAccept
1785248340065,false,1785248340105,FastAccept
1785248340085,true,1785248340125,FastAccept
1785248340106,true,1785248340146,FastAccept
1785248340126,false,1785248340165,FastAccept
1785248340146,true,1785248340185,FastAccept
1785248340167,false,1785248340206,FastAccept
1785248340187,true,1785248340227,FastAccept
1785248340208,false,1785248340247,FastAccept
1785248340229,true,1785248340268,FastAccept
1785248340250,false,1785248340290,FastAccept
1785248340273,false,1785248340312,FastAccept
1785248340294,true,1785248340334,FastAccept
1785248340316,true,1785248340356,FastAccept
1785248340338,true,1785248340377,FastAccept
1785248340360,true,1785248340400,FastAccept
1785248340383,false,1785248340422,FastAccept
1785248340406,true,1785248340445,FastAccept
1785248340429,false,1785248340469,FastAccept
1785248340453,true,1785248340492,FastAccept
1785248340477,true,1785248340516,FastAccept
1785248340501,true,1785248340540,FastAccept
1785248340525,true,1785248340565,FastAccept
1785248340550,false,1785248340590,FastAccept
1785248340575,false,1785248340615,FastAccept
1785248340600,true,1785248340639,FastAccept
1785248340625,false,1785248340664,FastAccept
1785248340651,true,1785248340691,FastAccept
1785248340677,true,1785248340717,FastAccept
1785248340704,true,1785248340744,FastAccept
1785248340732,false,1785248340771,FastAccept
1785248340758,false,1785248340798,FastAccept
1785248340785,true,1785248340825,FastAccept
1785248340813,true,1785248340852,FastAccept
1785248340841,true,1785248340881,FastAccept
1785248340870,false,1785248340910,FastAccept
1785248340899,true,1785248340939,FastAccept
1785248340928,false,1785248340967,FastAccept
1785248340957,false,1785248340996,FastAccept
1785248340987,false,1785248341027,FastAccept
1785248341019,true,1785248341058,FastAccept
1785248341049,true,1785248341088,FastAccept
1785248341081,false,1785248341120,FastAccept
1785248341113,false,1785248341152,FastAccept
1785248341145,true,1785248341185,FastAccept
1785248341178,false,1785248341218,FastAccept
1785248341212,true,1785248341252,FastAccept
1785248341246,true,1785248341285,FastAccept
1785248341280,false,1785248341320,FastAccept
1785248341316,true,1785248341355,FastAccept
1785248341352,false,1785248341391,FastAccept
1785248341388,true,1785248341427,FastAccept
1785248341426,false,1785248341465,FastAccept
1785248341463,false,1785248341503,FastAccept
1785248341502,true,1785248341541,FastAccept
1785248341541,false,1785248341581,FastAccept
1785248341582,true,1785248341621,FastAccept
1785248341623,true,1785248341662,FastAccept
1785248341665,false,1785248341704,FastAccept
1785248341707,true,1785248341747,FastAccept
1785248341751,true,1785248341791,FastAccept
1785248341796,false,1785248341835,FastAccept
1785248341841,true,1785248341881,FastAccept
1785248341887,false,1785248341926,FastAccept
1785248341935,false,1785248341974,FastAccept
1785248341983,true,1785248342023,FastAccept
1785248342033,false,1785248342073,FastAccept
1785248342084,false,1785248342124,FastAccept
1785248342137,true,1785248342176,FastAccept
1785248342190,true,1785248342230,FastAccept
1785248342245,false,1785248342285,FastAccept
1785248342302,true,1785248342343,FastAccept
1785248342360,true,1785248342413,FastAccept
1785248342419,true,1785248342458,FastAccept
1785248342482,true,1785248342532,LeaderAccept
1785248342545,false,1785248342594,LeaderAccept
1785248342611,false,1785248342660,LeaderAccept
1785248342679,true,1785248342728,LeaderAccept
1785248342748,true,1785248342798,LeaderAccept
1785248342821,true,1785248342870,LeaderAccept
1785248342897,false,1785248342948,LeaderAccept
1785248342975,true,1785248343024,LeaderAccept
1785248343056,false,1785248343106,LeaderAccept
1785248343140,false,1785248343189,LeaderAccept
1785248343228,false,1785248343278,LeaderAccept
1785248343320,false,1785248343370,LeaderAccept
1785248343416,false,1785248343466,LeaderAccept
1785248343516,true,1785248343567,LeaderAccept
1785248343622,false,1785248343672,LeaderAccept
1785248343733,false,1785248343784,LeaderAccept
1785248343851,false,1785248343901,LeaderAccept
1785248343976,true,1785248344026,LeaderAccept
1785248344108,false,1785248344158,LeaderAccept
1785248344251,false,1785248344301,LeaderAccept
1785248344403,true,1785248344453,LeaderAccept
1785248344568,false,1785248344618,LeaderAccept
1785248344745,true,1785248344795,LeaderAccept
1785248344940,true,1785248344990,LeaderAccept
1785248345154,false,1785248345204,LeaderAccept
1785248345393,true,1785248345443,LeaderAccept
1785248345661,true,1785248345711,LeaderAccept
1785248345968,false,1785248346018,LeaderAccept
1785248346327,false,1785248346377,LeaderAccept
1785248346754,false,1785248346804,LeaderAccept
1785248347283,true,1785248347333,LeaderAccept
1785248347972,false,1785248348012,FastAccept
1785248348945,false,1785248348985,FastAccept
1785248350524,false,1785248350574,LeaderAccept
1785248354003,true,1785248354052,LeaderAccept
1785248364423,true,1785248364463,FastAccept
1785248364440,true,1785248364480,FastAccept
1785248364459,false,1785248364498,FastAccept
1785248364476,true,1785248364515,FastAccept
1785248364494,false,1785248364533,FastAccept
1785248364511,true,1785248364550,FastAccept
1785248364529,true,1785248364568,FastAccept
1785248364547,false,1785248364586,FastAccept
1785248364565,false,1785248364604,FastAccept
1785248364584,false,1785248364624,FastAccept
1785248364604,false,1785248364643,FastAccept
1785248364624,true,1785248364663,FastAccept
1785248364642,false,1785248364681,FastAccept
1785248364661,true,1785248364700,FastAccept
1785248364681,false,1785248364720,FastAccept
1785248364700,true,1785248364739,FastAccept
1785248364720,true,1785248364759,FastAccept
1785248364740,true,1785248364780,FastAccept
1785248364760,false,1785248364800,FastAccept
1785248364780,true,1785248364819,FastAccept
1785248364800,true,1785248364839,FastAccept
1785248364821,false,1785248364860,FastAccept
1785248364841,true,1785248364881,FastAccept
1785248364862,true,1785248364902,FastAccept
1785248364883,true,1785248364923,FastAccept
1785248364904,true,1785248364944,FastAccept
1785248364926,false,1785248364965,FastAccept
1785248364949,false,1785248364988,FastAccept
1785248364971,false,1785248365011,FastAccept
1785248364994,false,1785248365033,FastAccept
1785248365017,false,1785248365056,FastAccept
1785248365040,true,1785248365080,FastAccept
1785248365063,true,1785248365103,FastAccept
1785248365087,false,1785248365126,FastAccept
1785248365110,false,1785248365150,FastAccept
1785248365135,false,1785248365174,FastAccept
1785248365159,true,1785248365199,FastAccept
1785248365185,true,1785248365224,FastAccept
1785248365209,false,1785248365249,FastAccept
1785248365234,false,1785248365273,FastAccept
1785248365259,false,1785248365298,FastAccept
1785248365285,true,1785248365324,FastAccept
1785248365312,true,1785248365351,FastAccept
1785248365339,true,1785248365378,FastAccept
1785248365365,false,1785248365404,FastAccept
1785248365392,true,1785248365432,FastAccept
1785248365421,true,1785248365460,FastAccept
1785248365448,true,1785248365488,FastAccept
1785248365477,false,1785248365516,FastAccept
1785248365505,false,1785248365544,FastAccept
1785248365535,true,1785248365573,FastAccept
1785248365565,false,1785248365604,FastAccept
1785248365595,true,1785248365635,FastAccept
1785248365625,true,1785248365664,FastAccept
1785248365656,true,1785248365695,FastAccept
1785248365688,false,1785248365727,FastAccept
1785248365719,false,1785248365777,LeaderAccept
1785248365751,true,1785248365801,LeaderAccept
1785248365784,true,1785248365824,FastAccept
1785248365817,false,1785248365856,FastAccept
1785248365850,false,1785248365889,FastAccept
1785248365884,true,1785248365924,FastAccept
1785248365920,true,1785248365959,FastAccept
1785248365956,false,1785248365995,FastAccept
1785248365992,true,1785248366031,FastAccept
1785248366028,false,1785248366067,FastAccept
1785248366066,true,1785248366105,FastAccept
1785248366104,true,1785248366142,FastAccept
1785248366142,true,1785248366181,FastAccept
1785248366181,false,1785248366221,FastAccept
1785248366221,false,1785248366261,FastAccept
1785248366262,true,1785248366301,FastAccept
1785248366305,false,1785248366344,FastAccept
1785248366347,false,1785248366386,FastAccept
1785248366390,true,1785248366430,FastAccept
1785248366435,false,1785248366474,FastAccept
1785248366481,false,1785248366520,FastAccept
1785248366527,false,1785248366566,FastAccept
1785248366576,true,1785248366616,FastAccept
1785248366625,false,1785248366664,FastAccept
1785248366675,false,1785248366715,FastAccept
1785248366726,true,1785248366765,FastAccept
1785248366779,false,1785248366819,FastAccept
1785248366833,false,1785248366872,FastAccept
1785248366888,true,1785248366928,FastAccept
1785248366946,true,1785248366985,FastAccept
1785248367004,true,1785248367044,FastAccept
1785248367064,false,1785248367104,FastAccept
1785248367126,true,1785248367165,FastAccept
1785248367191,false,1785248367230,FastAccept
1785248367257,true,1785248367296,FastAccept
1785248367326,true,1785248367375,LeaderAccept
1785248367397,false,1785248367446,LeaderAccept
1785248367469,false,1785248367519,LeaderAccept
1785248367544,true,1785248367594,LeaderAccept
1785248367623,false,1785248367672,LeaderAccept
1785248367706,false,1785248367756,LeaderAccept
1785248367790,true,1785248367839,LeaderAccept
1785248367880,false,1785248367930,LeaderAccept
1785248367972,true,1785248368021,LeaderAccept
1785248368069,false,1785248368119,LeaderAccept
1785248368171,false,1785248368222,LeaderAccept
1785248368278,false,1785248368328,LeaderAccept
1785248368391,true,1785248368440,LeaderAccept
1785248368510,false,1785248368560,LeaderAccept
1785248368637,false,1785248368687,LeaderAccept
1785248368772,true,1785248368822,LeaderAccept
1785248368916,false,1785248368966,LeaderAccept
1785248369072,true,1785248369122,LeaderAccept
1785248369239,false,1785248369289,LeaderAccept
1785248369422,true,1785248369471,LeaderAccept
1785248369621,true,1785248369671,LeaderAccept
1785248369840,true,1785248369890,LeaderAccept
1785248370086,false,1785248370136,LeaderAccept
1785248370362,false,1785248370412,LeaderAccept
1785248370680,false,1785248370729,LeaderAccept
1785248371052,true,1785248371102,LeaderAccept
1785248371500,false,1785248371550,LeaderAccept
1785248372060,false,1785248372109,LeaderAccept
1785248372801,false,1785248372850,LeaderAccept
1785248373875,true,1785248373924,LeaderAccept
1785248375709,false,1785248375759,LeaderAccept
1785248380176,false,1785248380216,FastAccept
1785248380192,true,1785248380231,FastAccept
1785248380207,true,1785248380246,FastAccept
1785248380222,true,1785248380274,FastAccept
1785248380237,false,1785248380276,FastAccept
1785248380253,false,1785248380323,LeaderAccept
1785248380270,false,1785248380309,FastAccept
1785248380285,false,1785248380343,LeaderAccept
1785248380302,false,1785248380351,LeaderAccept
1785248380318,true,1785248380367,LeaderAccept
1785248380334,false,1785248380384,LeaderAccept
1785248380350,false,1785248380400,LeaderAccept
1785248380367,false,1785248380417,LeaderAccept
1785248380385,true,1785248380434,LeaderAccept
1785248380401,true,1785248380451,LeaderAccept
1785248380418,true,1785248380468,LeaderAccept
1785248380435,true,1785248380485,LeaderAccept
1785248380452,false,1785248380502,LeaderAccept
1785248380469,true,1785248380519,LeaderAccept
1785248380486,true,1785248380536,LeaderAccept
1785248380504,true,1785248380554,LeaderAccept
1785248380522,false,1785248380571,LeaderAccept
1785248380540,false,1785248380590,LeaderAccept
1785248380558,false,1785248380607,LeaderAccept
1785248380576,true,1785248380626,LeaderAccept
1785248380594,true,1785248380643,LeaderAccept
1785248380612,false,1785248380661,LeaderAccept
1785248380631,false,1785248380680,LeaderAccept
1785248380650,true,1785248380699,LeaderAccept
1785248380669,true,1785248380718,LeaderAccept
1785248380689,true,1785248380738,LeaderAccept
1785248380708,true,1785248380758,LeaderAccept
1785248380728,false,1785248380777,LeaderAccept
1785248380748,true,1785248380797,LeaderAccept
1785248380768,false,1785248380817,LeaderAccept
1785248380788,false,1785248380838,LeaderAccept
1785248380808,true,1785248380858,LeaderAccept
1785248380830,false,1785248380879,LeaderAccept
1785248380850,false,1785248380899,LeaderAccept
1785248380871,false,1785248380921,LeaderAccept
1785248380892,true,1785248380942,LeaderAccept
1785248380914,true,1785248380963,LeaderAccept
1785248380936,false,1785248380986,LeaderAccept
1785248380957,false,1785248381006,LeaderAccept
1785248380980,true,1785248381029,LeaderAccept
1785248381002,false,1785248381052,LeaderAccept
1785248381025,false,1785248381074,LeaderAccept
1785248381047,true,1785248381097,LeaderAccept
1785248381070,true,1785248381120,LeaderAccept
1785248381093,false,1785248381143,LeaderAccept
1785248381116,true,1785248381166,LeaderAccept
1785248381140,true,1785248381189,LeaderAccept
1785248381164,false,1785248381213,LeaderAccept
1785248381188,false,1785248381238,LeaderAccept
1785248381213,true,1785248381262,LeaderAccept
1785248381237,true,1785248381287,LeaderAccept
1785248381262,false,1785248381311,LeaderAccept
1785248381287,true,1785248381337,LeaderAccept
1785248381314,false,1785248381363,LeaderAccept
1785248381339,false,1785248381389,LeaderAccept
1785248381366,false,1785248381416,LeaderAccept
1785248381392,false,1785248381442,LeaderAccept
1785248381419,true,1785248381469,LeaderAccept
1785248381447,true,1785248381497,LeaderAccept
1785248381474,true,1785248381524,LeaderAccept
1785248381502,false,1785248381552,LeaderAccept
1785248381530,true,1785248381580,LeaderAccept
1785248381560,true,1785248381609,LeaderAccept
1785248381590,true,1785248381639,LeaderAccept
1785248381619,true,1785248381669,LeaderAccept
1785248381649,false,1785248381699,LeaderAccept
1785248381680,true,1785248381730,LeaderAccept
1785248381711,true,1785248381761,LeaderAccept
1785248381742,true,1785248381791,LeaderAccept
1785248381774,false,1785248381824,LeaderAccept
1785248381806,true,1785248381856,LeaderAccept
1785248381839,false,1785248381889,LeaderAccept
1785248381872,false,1785248381921,LeaderAccept
1785248381906,true,1785248381956,LeaderAccept
1785248381941,true,1785248381990,LeaderAccept
1785248381977,false,1785248382026,LeaderAccept
1785248382012,false,1785248382062,LeaderAccept
1785248382050,true,1785248382099,LeaderAccept
1785248382086,true,1785248382136,LeaderAccept
1785248382124,false,1785248382174,LeaderAccept
1785248382163,false,1785248382213,LeaderAccept
1785248382202,true,1785248382252,LeaderAccept
1785248382242,true,1785248382292,LeaderAccept
1785248382283,true,1785248382333,LeaderAccept
1785248382325,false,1785248382375,LeaderAccept
1785248382367,true,1785248382416,LeaderAccept
1785248382410,false,1785248382460,LeaderAccept
1785248382454,false,1785248382504,LeaderAccept
1785248382499,false,1785248382549,LeaderAccept
1785248382545,true,1785248382595,LeaderAccept
1785248382592,true,1785248382642,LeaderAccept
1785248382640,true,1785248382690,LeaderAccept
1785248382690,true,1785248382740,LeaderAccept
1785248382742,false,1785248382792,LeaderAccept
1785248382794,true,1785248382844,LeaderAccept
1785248382848,true,1785248382897,LeaderAccept
1785248382903,true,1785248382953,LeaderAccept
1785248382959,true,1785248383009,LeaderAccept
1785248383017,false,1785248383067,LeaderAccept
1785248383076,false,1785248383126,LeaderAccept
1785248383138,false,1785248383187,LeaderAccept
1785248383202,false,1785248383251,LeaderAccept
1785248383267,false,1785248383317,LeaderAccept
1785248383335,true,1785248383384,LeaderAccept
1785248383404,true,1785248383454,LeaderAccept
1785248383476,true,1785248383526,LeaderAccept
1785248383551,true,1785248383601,LeaderAccept
1785248383628,false,1785248383677,LeaderAccept
1785248383709,true,1785248383758,LeaderAccept
1785248383793,false,1785248383842,LeaderAccept
1785248383880,false,1785248383930,LeaderAccept
1785248383971,true,1785248384021,LeaderAccept
1785248384066,true,1785248384117,LeaderAccept
1785248384167,false,1785248384216,LeaderAccept
1785248384271,false,1785248384321,LeaderAccept
1785248384381,false,1785248384431,LeaderAccept
1785248384497,false,1785248384548,LeaderAccept
1785248384621,true,1785248384671,LeaderAccept
1785248384752,true,1785248384802,LeaderAccept
1785248384892,true,1785248384942,LeaderAccept
1785248385043,false,1785248385093,LeaderAccept
1785248385204,true,1785248385253,LeaderAccept
1785248385379,false,1785248385429,LeaderAccept
1785248385572,false,1785248385622,LeaderAccept
1785248385782,true,1785248385832,LeaderAccept
1785248386016,false,1785248386066,LeaderAccept
1785248386279,true,1785248386328,LeaderAccept
1785248386578,false,1785248386628,LeaderAccept
1785248386926,true,1785248386975,LeaderAccept
1785248387340,false,1785248387389,LeaderAccept
1785248387849,true,1785248387898,LeaderAccept
1785248388503,true,1785248388553,LeaderAccept
1785248389411,true,1785248389461,LeaderAccept
1785248390840,true,1785248390890,LeaderAccept
1785248393759,true,1785248393809,LeaderAccept
1785248394033,true,1785248394083,LeaderAccept
1785248394053,false,1785248394103,LeaderAccept
1785248394075,true,1785248394124,LeaderAccept
1785248394095,true,1785248394144,LeaderAccept
1785248394116,false,1785248394165,LeaderAccept
1785248394137,true,1785248394187,LeaderAccept
1785248394158,true,1785248394208,LeaderAccept
1785248394180,false,1785248394230,LeaderAccept
1785248394202,false,1785248394251,LeaderAccept
1785248394225,false,1785248394274,LeaderAccept
1785248394247,true,1785248394296,LeaderAccept
1785248394269,true,1785248394319,LeaderAccept
1785248394292,false,1785248394342,LeaderAccept
1785248394315,false,1785248394365,LeaderAccept
1785248394338,true,1785248394387,LeaderAccept
1785248394362,true,1785248394411,LeaderAccept
1785248394386,false,1785248394435,LeaderAccept
1785248394411,false,1785248394460,LeaderAccept
1785248394435,true,1785248394485,LeaderAccept
1785248394460,false,1785248394510,LeaderAccept
1785248394485,false,1785248394534,LeaderAccept
1785248394510,false,1785248394560,LeaderAccept
1785248394535,true,1785248394585,LeaderAccept
1785248394560,false,1785248394609,LeaderAccept
1785248394586,false,1785248394635,LeaderAccept
1785248394612,false,1785248394661,LeaderAccept
1785248394639,true,1785248394688,LeaderAccept
1785248394666,false,1785248394716,LeaderAccept
1785248394695,false,1785248394744,LeaderAccept
1785248394723,false,1785248394772,LeaderAccept
1785248394752,false,1785248394801,LeaderAccept
1785248394780,true,1785248394829,LeaderAccept
1785248394809,false,1785248394859,LeaderAccept
1785248394839,false,1785248394889,LeaderAccept
1785248394870,false,1785248394919,LeaderAccept
1785248394900,true,1785248394950,LeaderAccept
1785248394931,true,1785248394981,LeaderAccept
1785248394962,true,1785248395012,LeaderAccept
1785248394994,true,1785248395044,LeaderAccept
1785248395026,false,1785248395076,LeaderAccept
1785248395059,true,1785248395109,LeaderAccept
1785248395092,false,1785248395142,LeaderAccept
1785248395127,false,1785248395176,LeaderAccept
1785248395161,true,1785248395211,LeaderAccept
1785248395196,false,1785248395246,LeaderAccept
1785248395233,true,1785248395283,LeaderAccept
1785248395269,false,1785248395319,LeaderAccept
1785248395306,false,1785248395356,LeaderAccept
1785248395343,true,1785248395394,LeaderAccept
1785248395381,false,1785248395431,LeaderAccept
1785248395420,false,1785248395469,LeaderAccept
1785248395459,true,1785248395508,LeaderAccept
1785248395499,true,1785248395549,LeaderAccept
1785248395541,true,1785248395590,LeaderAccept
1785248395582,false,1785248395632,LeaderAccept
1785248395625,false,1785248395675,LeaderAccept
1785248395669,true,1785248395719,LeaderAccept
1785248395713,false,1785248395762,LeaderAccept
1785248395758,true,1785248395808,LeaderAccept
1785248395805,true,1785248395854,LeaderAccept
1785248395852,false,1785248395902,LeaderAccept
1785248395902,true,1785248395951,LeaderAccept
1785248395951,false,1785248396001,LeaderAccept
1785248396002,false,1785248396052,LeaderAccept
1785248396055,true,1785248396105,LeaderAccept
1785248396109,true,1785248396159,LeaderAccept
1785248396165,false,1785248396215,LeaderAccept
1785248396222,true,1785248396272,LeaderAccept
1785248396281,false,1785248396331,LeaderAccept
1785248396342,false,1785248396392,LeaderAccept
1785248396404,false,1785248396453,LeaderAccept
1785248396469,false,1785248396518,LeaderAccept
1785248396536,false,1785248396585,LeaderAccept
1785248396605,true,1785248396654,LeaderAccept
1785248396676,false,1785248396725,LeaderAccept
1785248396749,true,1785248396799,LeaderAccept
1785248396825,true,1785248396875,LeaderAccept
1785248396904,true,1785248396954,LeaderAccept
1785248396986,false,1785248397036,LeaderAccept
1785248397071,false,1785248397121,LeaderAccept
1785248397160,false,1785248397210,LeaderAccept
1785248397253,true,1785248397303,LeaderAccept
1785248397350,false,1785248397400,LeaderAccept
1785248397452,true,1785248397502,LeaderAccept
1785248397560,false,1785248397610,LeaderAccept
1785248397674,false,1785248397724,LeaderAccept
1785248397794,true,1785248397843,LeaderAccept
1785248397922,true,1785248397971,LeaderAccept
1785248398057,false,1785248398106,LeaderAccept
1785248398203,false,1785248398253,LeaderAccept
1785248398358,true,1785248398408,LeaderAccept
1785248398526,false,1785248398576,LeaderAccept
1785248398709,true,1785248398759,LeaderAccept
1785248398910,true,1785248398960,LeaderAccept
1785248399131,false,1785248399181,LeaderAccept
1785248399380,true,1785248399430,LeaderAccept
1785248399659,true,1785248399709,LeaderAccept
1785248399982,true,1785248400032,LeaderAccept
1785248400359,true,1785248400409,LeaderAccept
1785248400815,true,1785248400866,LeaderAccept
1785248401387,true,1785248401437,LeaderAccept
1785248402149,true,1785248402199,LeaderAccept
1785248403263,false,1785248403313,LeaderAccept
1785248405207,false,1785248405257,LeaderAccept
1785248408401,false,1785248408441,FastAccept
1785248408424,true,1785248408463,FastAccept
1785248408446,true,1785248408486,FastAccept
1785248408470,true,1785248408509,FastAccept
1785248408492,true,1785248408531,FastAccept
1785248408516,true,1785248408555,FastAccept
1785248408539,true,1785248408579,FastAccept
1785248408563,true,1785248408603,FastAccept
1785248408587,true,1785248408627,FastAccept
1785248408611,true,1785248408651,FastAccept
1785248408635,true,1785248408675,FastAccept
1785248408660,true,1785248408700,FastAccept
1785248408685,false,1785248408725,FastAccept
1785248408710,true,1785248408750,FastAccept
1785248408736,true,1785248408776,FastAccept
1785248408763,false,1785248408802,FastAccept
1785248408789,true,1785248408830,FastAccept
1785248408817,true,1785248408856,FastAccept
1785248408844,false,1785248408884,FastAccept
1785248408872,false,1785248408911,FastAccept
1785248408899,true,1785248408939,FastAccept
1785248408928,false,1785248408967,FastAccept
1785248408957,false,1785248408996,FastAccept
1785248408985,true,1785248409051,LeaderAccept
1785248409015,false,1785248409072,LeaderAccept
1785248409044,false,1785248409094,LeaderAccept
1785248409075,true,1785248409126,LeaderAccept
1785248409106,true,1785248409156,LeaderAccept
1785248409137,false,1785248409187,LeaderAccept
1785248409169,false,1785248409218,LeaderAccept
1785248409201,true,1785248409251,LeaderAccept
1785248409234,true,1785248409284,LeaderAccept
1785248409266,false,1785248409316,LeaderAccept
1785248409299,true,1785248409349,LeaderAccept
1785248409334,true,1785248409384,LeaderAccept
1785248409369,true,1785248409420,LeaderAccept
1785248409403,true,1785248409453,LeaderAccept
1785248409439,false,1785248409489,LeaderAccept
1785248409475,false,1785248409525,LeaderAccept
1785248409512,true,1785248409562,LeaderAccept
1785248409550,false,1785248409600,LeaderAccept
1785248409589,true,1785248409640,LeaderAccept
1785248409628,true,1785248409678,LeaderAccept
1785248409668,true,1785248409718,LeaderAccept
1785248409708,true,1785248409758,LeaderAccept
1785248409749,false,1785248409799,LeaderAccept
1785248409791,false,1785248409841,LeaderAccept
1785248409834,false,1785248409884,LeaderAccept
1785248409879,true,1785248409929,LeaderAccept
1785248409923,false,1785248409973,LeaderAccept
1785248409969,true,1785248410019,LeaderAccept
1785248410017,false,1785248410067,LeaderAccept
1785248410065,true,1785248410115,LeaderAccept
1785248410114,true,1785248410164,LeaderAccept
1785248410165,true,1785248410215,LeaderAccept
1785248410217,false,1785248410267,LeaderAccept
1785248410270,true,1785248410320,LeaderAccept
1785248410324,false,1785248410374,LeaderAccept
1785248410381,true,1785248410430,LeaderAccept
1785248410438,true,1785248410489,LeaderAccept
1785248410497,false,1785248410547,LeaderAccept
1785248410558,true,1785248410608,LeaderAccept
1785248410621,false,1785248410671,LeaderAccept
1785248410687,true,1785248410736,LeaderAccept
1785248410753,true,1785248410803,LeaderAccept
1785248410822,true,1785248410872,LeaderAccept
1785248410895,false,1785248410945,LeaderAccept
1785248410968,true,1785248411018,LeaderAccept
1785248411044,true,1785248411094,LeaderAccept
1785248411124,false,1785248411174,LeaderAccept
1785248411207,true,1785248411258,LeaderAccept
1785248411293,true,1785248411343,LeaderAccept
1785248411383,true,1785248411432,LeaderAccept
1785248411478,true,1785248411528,LeaderAccept
1785248411576,false,1785248411626,LeaderAccept
1785248411681,true,1785248411730,LeaderAccept
1785248411790,false,1785248411840,LeaderAccept
1785248411907,false,1785248411957,LeaderAccept
1785248412029,false,1785248412078,LeaderAccept
1785248412160,true,1785248412209,LeaderAccept
1785248412298,false,1785248412348,LeaderAccept
1785248412448,true,1785248412497,LeaderAccept
1785248412608,false,1785248412658,LeaderAccept
1785248412780,true,1785248412830,LeaderAccept
1785248412968,true,1785248413018,LeaderAccept
1785248413176,false,1785248413225,LeaderAccept
1785248413406,false,1785248413456,LeaderAccept
1785248413663,true,1785248413713,LeaderAccept
1785248413956,true,1785248414007,LeaderAccept
1785248414294,false,1785248414344,LeaderAccept
1785248414695,true,1785248414745,LeaderAccept
1785248415184,false,1785248415234,LeaderAccept
1785248415808,false,1785248415858,LeaderAccept
1785248416660,false,1785248416710,LeaderAccept
1785248417966,true,1785248418005,FastAccept
1785248420471,true,1785248420511,FastAccept
1785248428033,false,1785248428073,FastAccept
1785248428068,true,1785248428107,FastAccept
1785248428102,true,1785248428141,FastAccept
1785248428137,false,1785248428176,FastAccept
1785248428173,false,1785248428213,FastAccept
1785248428209,true,1785248428250,FastAccept
1785248428246,false,1785248428285,FastAccept
1785248428283,true,1785248428323,FastAccept
1785248428322,false,1785248428361,FastAccept
1785248428360,false,1785248428399,FastAccept
1785248428399,true,1785248428439,FastAccept
1785248428439,true,1785248428479,FastAccept
1785248428481,false,1785248428520,FastAccept
1785248428523,true,1785248428562,FastAccept
1785248428566,false,1785248428605,FastAccept
1785248428609,true,1785248428648,FastAccept
1785248428654,true,1785248428693,FastAccept
1785248428699,false,1785248428738,FastAccept
1785248428745,true,1785248428785,FastAccept
1785248428793,false,1785248428833,FastAccept
1785248428842,true,1785248428882,FastAccept
1785248428892,false,1785248428960,LeaderAccept
1785248428943,true,1785248428983,FastAccept
1785248428995,true,1785248429035,FastAccept
1785248429049,false,1785248429088,FastAccept
1785248429105,true,1785248429144,FastAccept
1785248429161,false,1785248429201,FastAccept
1785248429220,false,1785248429259,FastAccept
1785248429280,false,1785248429319,FastAccept
1785248429341,false,1785248429381,FastAccept
1785248429405,true,1785248429445,FastAccept
1785248429471,true,1785248429511,FastAccept
1785248429539,false,1785248429579,FastAccept
1785248429610,false,1785248429649,FastAccept
1785248429682,true,1785248429722,FastAccept
1785248429757,false,1785248429797,FastAccept
1785248429835,true,1785248429876,FastAccept
1785248429916,true,1785248429956,FastAccept
1785248430001,true,1785248430040,FastAccept
1785248430088,true,1785248430128,FastAccept
1785248430181,true,1785248430220,FastAccept
1785248430277,true,1785248430331,LeaderAccept
1785248430379,true,1785248430418,FastAccept
1785248430486,true,1785248430525,FastAccept
1785248430599,true,1785248430638,FastAccept
1785248430718,true,1785248430757,FastAccept
1785248430844,false,1785248430883,FastAccept
1785248430978,false,1785248431017,FastAccept
1785248431121,false,1785248431159,FastAccept
1785248431274,true,1785248431313,FastAccept
1785248431440,false,1785248431479,FastAccept
1785248431620,false,1785248431659,FastAccept
1785248431816,true,1785248431856,FastAccept
1785248432033,true,1785248432072,FastAccept
1785248432274,true,1785248432314,FastAccept
1785248432546,false,1785248432585,FastAccept
1785248432858,false,1785248432898,FastAccept
1785248433222,false,1785248433261,FastAccept
1785248433659,false,1785248433698,FastAccept
1785248434202,true,1785248434241,FastAccept
1785248434914,false,1785248434955,FastAccept
1785248435932,false,1785248435972,FastAccept
1785248437622,false,1785248437662,FastAccept
1785248441556,true,1785248441607,LeaderAccept
1785248461575,true,1785248461615,FastAccept
1785248461594,false,1785248461634,FastAccept
1785248461615,false,1785248461654,FastAccept
1785248461634,false,1785248461673,FastAccept
1785248461653,false,1785248461693,FastAccept
1785248461673,true,1785248461712,FastAccept
1785248461694,true,1785248461733,FastAccept
1785248461714,false,1785248461754,FastAccept
1785248461734,false,1785248461774,FastAccept
1785248461755,true,1785248461794,FastAccept
1785248461776,false,1785248461815,FastAccept
1785248461797,false,1785248461837,FastAccept
1785248461819,true,1785248461858,FastAccept
1785248461840,true,1785248461880,FastAccept
1785248461862,true,1785248461901,FastAccept
1785248461884,true,1785248461923,FastAccept
1785248461907,true,1785248461959,LeaderAccept
1785248461929,false,1785248461980,LeaderAccept
1785248461953,true,1785248462002,LeaderAccept
1785248461975,false,1785248462026,LeaderAccept
1785248461998,true,1785248462048,LeaderAccept
1785248462021,true,1785248462072,LeaderAccept
1785248462045,false,1785248462094,LeaderAccept
1785248462069,false,1785248462119,LeaderAccept
1785248462093,false,1785248462143,LeaderAccept
1785248462117,false,1785248462167,LeaderAccept
1785248462142,false,1785248462192,LeaderAccept
1785248462167,true,1785248462217,LeaderAccept
1785248462192,true,1785248462242,LeaderAccept
1785248462219,true,1785248462268,LeaderAccept
1785248462246,true,1785248462296,LeaderAccept
1785248462272,false,1785248462322,LeaderAccept
1785248462299,true,1785248462349,LeaderAccept
1785248462326,false,1785248462376,LeaderAccept
1785248462353,false,1785248462403,LeaderAccept
1785248462380,true,1785248462430,LeaderAccept
1785248462409,false,1785248462459,LeaderAccept
1785248462437,true,1785248462487,LeaderAccept
1785248462466,true,1785248462516,LeaderAccept
1785248462495,true,1785248462544,LeaderAccept
1785248462524,true,1785248462574,LeaderAccept
1785248462554,false,1785248462604,LeaderAccept
1785248462585,false,1785248462634,LeaderAccept
1785248462616,true,1785248462666,LeaderAccept
1785248462647,false,1785248462696,LeaderAccept
1785248462679,true,1785248462728,LeaderAccept
1785248462711,false,1785248462761,LeaderAccept
1785248462745,false,1785248462794,LeaderAccept
1785248462778,false,1785248462828,LeaderAccept
1785248462812,true,1785248462862,LeaderAccept
1785248462848,true,1785248462897,LeaderAccept
1785248462883,false,1785248462933,LeaderAccept
1785248462919,true,1785248462969,LeaderAccept
1785248462957,false,1785248463007,LeaderAccept
1785248462994,true,1785248463044,LeaderAccept
1785248463032,true,1785248463082,LeaderAccept
1785248463071,false,1785248463120,LeaderAccept
1785248463110,false,1785248463160,LeaderAccept
1785248463151,true,1785248463200,LeaderAccept
1785248463191,true,1785248463240,LeaderAccept
1785248463232,false,1785248463282,LeaderAccept
1785248463276,true,1785248463326,LeaderAccept
1785248463319,false,1785248463369,LeaderAccept
1785248463363,false,1785248463413,LeaderAccept
1785248463408,false,1785248463458,LeaderAccept
1785248463454,false,1785248463504,LeaderAccept
1785248463502,true,1785248463551,LeaderAccept
1785248463550,true,1785248463599,LeaderAccept
1785248463599,true,1785248463649,LeaderAccept
1785248463650,false,1785248463700,LeaderAccept
1785248463702,true,1785248463752,LeaderAccept
1785248463756,true,1785248463806,LeaderAccept
1785248463811,false,1785248463861,LeaderAccept
1785248463867,false,1785248463917,LeaderAccept
1785248463925,false,1785248463975,LeaderAccept
1785248463985,false,1785248464035,LeaderAccept
1785248464047,false,1785248464096,LeaderAccept
1785248464110,true,1785248464160,LeaderAccept
1785248464176,false,1785248464225,LeaderAccept
1785248464244,true,1785248464293,LeaderAccept
1785248464314,false,1785248464364,LeaderAccept
1785248464385,true,1785248464435,LeaderAccept
1785248464459,true,1785248464509,LeaderAccept
1785248464536,true,1785248464586,LeaderAccept
1785248464616,true,1785248464667,LeaderAccept
1785248464700,true,1785248464750,LeaderAccept
1785248464787,true,1785248464837,LeaderAccept
1785248464878,true,1785248464928,LeaderAccept
1785248464973,false,1785248465023,LeaderAccept
1785248465074,false,1785248465124,LeaderAccept
1785248465178,true,1785248465228,LeaderAccept
1785248465289,false,1785248465339,LeaderAccept
1785248465406,false,1785248465456,LeaderAccept
1785248465529,true,1785248465579,LeaderAccept
1785248465660,false,1785248465710,LeaderAccept
1785248465800,false,1785248465850,LeaderAccept
1785248465951,true,1785248466001,LeaderAccept
1785248466114,false,1785248466163,LeaderAccept
1785248466289,true,1785248466340,LeaderAccept
1785248466481,false,1785248466531,LeaderAccept
1785248466691,false,1785248466741,LeaderAccept
1785248466926,false,1785248466976,LeaderAccept
1785248467188,true,1785248467228,FastAccept
1785248467489,true,1785248467528,FastAccept
1785248467837,false,1785248467877,FastAccept
1785248468252,false,1785248468292,FastAccept
1785248468762,false,1785248468801,FastAccept
1785248469418,false,1785248469457,FastAccept
1785248470331,true,1785248470386,LeaderAccept
1785248471769,false,1785248471819,LeaderAccept
1785248474721,false,1785248474771,LeaderAccept
1785248487633,true,1785248487673,FastAccept
1785248489752,true,1785248489792,FastAccept
1785248489785,false,1785248489824,FastAccept
1785248489818,false,1785248489857,FastAccept
1785248489851,true,1785248489890,FastAccept
1785248489886,false,1785248489926,FastAccept
1785248489921,true,1785248489960,FastAccept
1785248489955,false,1785248489994,FastAccept
1785248489990,false,1785248490030,FastAccept
1785248490026,false,1785248490066,FastAccept
1785248490063,false,1785248490103,FastAccept
1785248490100,true,1785248490140,FastAccept
1785248490138,true,1785248490177,FastAccept
1785248490177,true,1785248490217,FastAccept
1785248490217,false,1785248490256,FastAccept
1785248490258,false,1785248490297,FastAccept
1785248490299,true,1785248490339,FastAccept
1785248490342,false,1785248490381,FastAccept
1785248490384,false,1785248490424,FastAccept
1785248490429,false,1785248490468,FastAccept
1785248490475,false,1785248490514,FastAccept
1785248490520,false,1785248490560,FastAccept
1785248490568,true,1785248490607,FastAccept
1785248490617,false,1785248490656,FastAccept
1785248490665,true,1785248490705,FastAccept
1785248490716,true,1785248490755,FastAccept
1785248490768,false,1785248490807,FastAccept
1785248490820,true,1785248490860,FastAccept
1785248490874,true,1785248490914,FastAccept
1785248490930,true,1785248490970,FastAccept
1785248490988,false,1785248491027,FastAccept
1785248491046,true,1785248491086,FastAccept
1785248491107,true,1785248491147,FastAccept
1785248491170,false,1785248491210,FastAccept
1785248491234,true,1785248491274,FastAccept
1785248491300,false,1785248491340,FastAccept
1785248491369,false,1785248491408,FastAccept
1785248491440,false,1785248491481,FastAccept
1785248491515,true,1785248491555,FastAccept
1785248491592,true,1785248491631,FastAccept
1785248491672,true,1785248491711,FastAccept
1785248491754,true,1785248491794,FastAccept
1785248491840,true,1785248491879,FastAccept
1785248491931,true,1785248491970,FastAccept
1785248492024,false,1785248492065,FastAccept
1785248492122,true,1785248492162,FastAccept
1785248492225,false,1785248492264,FastAccept
1785248492334,true,1785248492373,FastAccept
1785248492448,false,1785248492488,FastAccept
1785248492570,false,1785248492609,FastAccept
1785248492699,false,1785248492738,FastAccept
1785248492837,false,1785248492876,FastAccept
1785248492984,true,1785248493023,FastAccept
1785248493142,false,1785248493181,FastAccept
1785248493312,false,1785248493352,FastAccept
1785248493498,false,1785248493537,FastAccept
1785248493702,false,1785248493752,LeaderAccept
1785248493927,true,1785248493978,LeaderAccept
1785248494180,false,1785248494230,LeaderAccept
1785248494466,false,1785248494516,LeaderAccept
1785248494797,true,1785248494846,LeaderAccept
1785248495186,false,1785248495236,LeaderAccept
1785248495659,false,1785248495709,LeaderAccept
1785248496258,false,1785248496307,LeaderAccept
1785248497064,true,1785248497114,LeaderAccept
1785248498273,false,1785248498322,LeaderAccept
1785248500481,false,1785248500521,FastAccept
1785248507140,false,1785248507190,LeaderAccept
1785248507664,false,1785248507714,LeaderAccept
1785248507674,false,1785248507725,LeaderAccept
1785248507692,true,1785248507743,LeaderAccept
1785248507712,true,1785248507762,LeaderAccept
1785248507730,true,1785248507781,LeaderAccept
1785248507748,true,1785248507798,LeaderAccept
1785248507766,false,1785248507817,LeaderAccept
1785248507785,false,1785248507835,LeaderAccept
1785248507805,false,1785248507855,LeaderAccept
1785248507824,false,1785248507875,LeaderAccept
1785248507843,false,1785248507894,LeaderAccept
1785248507863,false,1785248507914,LeaderAccept
1785248507884,false,1785248507934,LeaderAccept
1785248507903,false,1785248507954,LeaderAccept
1785248507923,false,1785248507974,LeaderAccept
1785248507945,false,1785248507995,LeaderAccept
1785248507965,true,1785248508015,LeaderAccept
1785248507985,true,1785248508036,LeaderAccept
1785248508006,false,1785248508056,LeaderAccept
1785248508028,false,1785248508078,LeaderAccept
1785248508049,false,1785248508100,LeaderAccept
1785248508070,true,1785248508121,LeaderAccept
1785248508092,false,1785248508142,LeaderAccept
1785248508114,true,1785248508164,LeaderAccept
1785248508136,true,1785248508187,LeaderAccept
1785248508160,true,1785248508210,LeaderAccept
1785248508183,true,1785248508233,LeaderAccept
1785248508205,true,1785248508256,LeaderAccept
1785248508228,false,1785248508279,LeaderAccept
1785248508252,false,1785248508303,LeaderAccept
1785248508276,true,1785248508327,LeaderAccept
1785248508300,true,1785248508351,LeaderAccept
1785248508324,true,1785248508375,LeaderAccept
1785248508349,true,1785248508400,LeaderAccept
1785248508374,false,1785248508425,LeaderAccept
1785248508399,true,1785248508450,LeaderAccept
1785248508425,false,1785248508475,LeaderAccept
1785248508451,false,1785248508501,LeaderAccept
1785248508477,true,1785248508528,LeaderAccept
1785248508504,false,1785248508555,LeaderAccept
1785248508532,false,1785248508582,LeaderAccept
1785248508559,true,1785248508610,LeaderAccept
1785248508588,false,1785248508639,LeaderAccept
1785248508615,false,1785248508665,LeaderAccept
1785248508643,false,1785248508694,LeaderAccept
1785248508672,false,1785248508723,LeaderAccept
1785248508701,true,1785248508752,LeaderAccept
1785248508730,false,1785248508781,LeaderAccept
1785248508761,false,1785248508811,LeaderAccept
1785248508791,false,1785248508841,LeaderAccept
1785248508821,false,1785248508872,LeaderAccept
1785248508852,true,1785248508902,LeaderAccept
1785248508883,true,1785248508933,LeaderAccept
1785248508916,false,1785248508966,LeaderAccept
1785248508948,true,1785248508999,LeaderAccept
1785248508983,false,1785248509033,LeaderAccept
1785248509016,true,1785248509067,LeaderAccept
1785248509050,true,1785248509101,LeaderAccept
1785248509085,true,1785248509136,LeaderAccept
1785248509120,true,1785248509170,LeaderAccept
1785248509157,true,1785248509207,LeaderAccept
1785248509193,false,1785248509244,LeaderAccept
1785248509232,false,1785248509282,LeaderAccept
1785248509270,false,1785248509321,LeaderAccept
1785248509309,false,1785248509360,LeaderAccept
1785248509349,true,1785248509399,LeaderAccept
1785248509389,true,1785248509440,LeaderAccept
1785248509430,true,1785248509480,LeaderAccept
1785248509472,false,1785248509523,LeaderAccept
1785248509515,true,1785248509566,LeaderAccept
1785248509559,true,1785248509610,LeaderAccept
1785248509604,true,1785248509655,LeaderAccept
1785248509650,false,1785248509700,LeaderAccept
1785248509697,false,1785248509748,LeaderAccept
1785248509746,false,1785248509797,LeaderAccept
1785248509795,true,1785248509846,LeaderAccept
1785248509845,false,1785248509896,LeaderAccept
1785248509896,true,1785248509946,LeaderAccept
1785248509948,false,1785248509999,LeaderAccept
1785248510002,true,1785248510053,LeaderAccept
1785248510058,false,1785248510108,LeaderAccept
1785248510115,true,1785248510166,LeaderAccept
1785248510174,false,1785248510225,LeaderAccept
1785248510234,true,1785248510285,LeaderAccept
1785248510297,true,1785248510348,LeaderAccept
1785248510361,true,1785248510412,LeaderAccept
1785248510427,true,1785248510478,LeaderAccept
1785248510495,false,1785248510546,LeaderAccept
1785248510566,true,1785248510616,LeaderAccept
1785248510640,true,1785248510690,LeaderAccept
1785248510716,true,1785248510767,LeaderAccept
1785248510795,false,1785248510845,LeaderAccept
1785248510878,true,1785248510928,LeaderAccept
1785248510963,false,1785248511014,LeaderAccept
1785248511053,true,1785248511104,LeaderAccept
1785248511147,false,1785248511198,LeaderAccept
1785248511245,false,1785248511296,LeaderAccept
1785248511348,false,1785248511399,LeaderAccept
1785248511456,true,1785248511507,LeaderAccept
1785248511570,true,1785248511620,LeaderAccept
1785248511691,false,1785248511742,LeaderAccept
1785248511819,true,1785248511870,LeaderAccept
1785248511955,false,1785248512006,LeaderAccept
1785248512102,false,1785248512152,LeaderAccept
1785248512258,true,1785248512309,LeaderAccept
1785248512429,true,1785248512480,LeaderAccept
1785248512613,true,1785248512664,LeaderAccept
1785248512816,false,1785248512867,LeaderAccept
1785248513039,true,1785248513090,LeaderAccept
1785248513290,false,1785248513341,LeaderAccept
1785248513573,false,1785248513624,LeaderAccept
1785248513901,false,1785248513951,LeaderAccept
1785248514285,false,1785248514325,FastAccept
1785248514751,true,1785248514791,FastAccept
1785248515338,false,1785248515379,FastAccept
1785248516127,true,1785248516167,FastAccept
1785248517294,false,1785248517335,FastAccept
1785248519387,false,1785248519428,FastAccept
1785248525343,true,1785248525394,LeaderAccept
1785248540835,true,1785248540875,FastAccept
1785248540862,false,1785248540902,FastAccept
1785248540890,true,1785248540931,FastAccept
1785248540919,true,1785248540960,FastAccept
1785248540948,false,1785248540988,FastAccept
1785248540977,false,1785248541017,FastAccept
1785248541008,false,1785248541048,FastAccept
1785248541038,false,1785248541079,FastAccept
1785248541069,false,1785248541109,FastAccept
1785248541100,false,1785248541140,FastAccept
1785248541131,true,1785248541172,FastAccept
1785248541163,true,1785248541203,FastAccept
1785248541197,false,1785248541237,FastAccept
1785248541230,true,1785248541270,FastAccept
1785248541265,false,1785248541305,FastAccept
1785248541299,false,1785248541340,FastAccept
1785248541334,false,1785248541374,FastAccept
1785248541369,true,1785248541410,FastAccept
1785248541405,true,1785248541445,FastAccept
1785248541442,true,1785248541492,LeaderAccept
1785248541480,false,1785248541520,FastAccept
1785248541519,true,1785248541559,FastAccept
1785248541557,true,1785248541597,FastAccept
1785248541597,false,1785248541637,FastAccept
1785248541637,false,1785248541677,FastAccept
1785248541678,true,1785248541718,FastAccept
1785248541720,true,1785248541760,FastAccept
1785248541764,false,1785248541804,FastAccept
1785248541807,false,1785248541848,FastAccept
1785248541852,true,1785248541892,FastAccept
1785248541897,false,1785248541938,FastAccept
1785248541944,false,1785248541985,FastAccept
1785248541992,false,1785248542032,FastAccept
1785248542041,false,1785248542082,FastAccept
1785248542092,true,1785248542132,FastAccept
1785248542143,false,1785248542183,FastAccept
1785248542197,true,1785248542237,FastAccept
1785248542250,true,1785248542291,FastAccept
1785248542306,true,1785248542346,FastAccept
1785248542363,true,1785248542403,FastAccept
1785248542422,false,1785248542463,FastAccept
1785248542482,false,1785248542522,FastAccept
1785248542545,false,1785248542585,FastAccept
1785248542608,true,1785248542649,FastAccept
1785248542674,false,1785248542714,FastAccept
1785248542743,true,1785248542783,FastAccept
1785248542814,false,1785248542854,FastAccept
1785248542886,true,1785248542926,FastAccept
1785248542962,true,1785248543002,FastAccept
1785248543040,false,1785248543080,FastAccept
1785248543121,true,1785248543161,FastAccept
1785248543207,false,1785248543246,FastAccept
1785248543296,true,1785248543336,FastAccept
1785248543388,true,1785248543428,FastAccept
1785248543485,false,1785248543526,FastAccept
1785248543587,false,1785248543628,FastAccept
1785248543694,false,1785248543734,FastAccept
1785248543808,false,1785248543848,FastAccept
1785248543927,false,1785248543968,FastAccept
1785248544054,true,1785248544094,FastAccept
1785248544190,true,1785248544240,LeaderAccept
1785248544334,false,1785248544375,FastAccept
1785248544489,false,1785248544529,FastAccept
1785248544657,false,1785248544697,FastAccept
1785248544838,true,1785248544879,FastAccept
1785248545037,true,1785248545078,FastAccept
1785248545257,false,1785248545298,FastAccept
1785248545502,true,1785248545542,FastAccept
1785248545780,false,1785248545820,FastAccept
1785248546098,false,1785248546138,FastAccept
1785248546471,false,1785248546510,FastAccept
1785248546919,true,1785248546959,FastAccept
1785248547480,false,1785248547520,FastAccept
1785248548222,true,1785248548284,LeaderAccept
1785248549297,false,1785248549338,FastAccept
1785248551139,true,1785248551179,FastAccept
1785248555759,true,1785248555799,FastAccept
1785248575049,false,1785248575089,FastAccept
1785248575081,false,1785248575121,FastAccept
1785248575115,false,1785248575155,FastAccept
1785248575148,true,1785248575189,FastAccept
1785248575182,true,1785248575223,FastAccept
1785248575218,false,1785248575258,FastAccept
1785248575254,true,1785248575294,FastAccept
1785248575289,true,1785248575329,FastAccept
1785248575325,false,1785248575367,FastAccept
1785248575363,true,1785248575403,FastAccept
1785248575400,true,1785248575441,FastAccept
1785248575438,true,1785248575498,LeaderAccept
1785248575477,true,1785248575517,FastAccept
1785248575517,true,1785248575557,FastAccept
1785248575557,true,1785248575598,FastAccept
1785248575599,false,1785248575639,FastAccept
1785248575641,false,1785248575681,FastAccept
1785248575684,true,1785248575724,FastAccept
1785248575728,true,1785248575769,FastAccept
1785248575773,false,1785248575813,FastAccept
1785248575820,false,1785248575860,FastAccept
1785248575867,false,1785248575908,FastAccept
1785248575917,true,1785248575957,FastAccept
1785248575966,false,1785248576007,FastAccept
1785248576017,true,1785248576057,FastAccept
1785248576069,true,1785248576110,FastAccept
1785248576122,false,1785248576162,FastAccept
1785248576177,false,1785248576218,FastAccept
1785248576234,false,1785248576275,FastAccept
1785248576292,true,1785248576332,FastAccept
1785248576352,false,1785248576392,FastAccept
1785248576413,false,1785248576453,FastAccept
1785248576477,false,1785248576517,FastAccept
1785248576542,true,1785248576583,FastAccept
1785248576609,true,1785248576650,FastAccept
1785248576679,false,1785248576719,FastAccept
1785248576751,false,1785248576792,FastAccept
1785248576826,true,1785248576867,FastAccept
1785248576904,true,1785248576945,FastAccept
1785248576986,false,1785248577026,FastAccept
1785248577069,false,1785248577110,FastAccept
1785248577157,true,1785248577198,FastAccept
1785248577248,false,1785248577288,FastAccept
1785248577344,true,1785248577384,FastAccept
1785248577445,false,1785248577485,FastAccept
1785248577550,true,1785248577591,FastAccept
1785248577661,true,1785248577702,FastAccept
1785248577778,false,1785248577818,FastAccept
1785248577902,true,1785248577942,FastAccept
1785248578035,false,1785248578075,FastAccept
1785248578175,false,1785248578215,FastAccept
1785248578327,true,1785248578367,FastAccept
1785248578490,true,1785248578531,FastAccept
1785248578666,false,1785248578706,FastAccept
1785248578858,true,1785248578899,FastAccept
1785248579070,true,1785248579111,FastAccept
1785248579306,false,1785248579346,FastAccept
1785248579571,false,1785248579611,FastAccept
1785248579873,false,1785248579913,FastAccept
1785248580224,false,1785248580265,FastAccept
1785248580643,true,1785248580684,FastAccept
1785248581160,false,1785248581200,FastAccept
1785248581827,false,1785248581868,FastAccept
1785248582758,true,1785248582799,FastAccept
1785248584241,false,1785248584281,FastAccept
1785248587353,true,1785248587393,FastAccept
1785248602094,false,1785248602134,FastAccept
1785248613764,false,1785248613814,LeaderAccept
1785248613779,false,1785248613829,LeaderAccept
1785248613794,false,1785248613844,LeaderAccept
1785248613810,false,1785248613861,LeaderAccept
1785248613826,true,1785248613876,LeaderAccept
1785248613842,true,1785248613892,LeaderAccept
1785248613858,false,1785248613909,LeaderAccept
1785248613874,false,1785248613924,LeaderAccept
1785248613890,true,1785248613941,LeaderAccept
1785248613907,true,1785248613957,LeaderAccept
1785248613924,false,1785248613974,LeaderAccept
1785248613941,false,1785248613991,LeaderAccept
1785248613957,true,1785248614007,LeaderAccept
1785248613974,false,1785248614024,LeaderAccept
1785248613991,false,1785248614041,LeaderAccept
1785248614008,true,1785248614058,LeaderAccept
1785248614025,false,1785248614076,LeaderAccept
1785248614043,true,1785248614093,LeaderAccept
1785248614060,false,1785248614110,LeaderAccept
1785248614079,true,1785248614128,LeaderAccept
1785248614096,false,1785248614146,LeaderAccept
1785248614114,true,1785248614165,LeaderAccept
1785248614133,true,1785248614183,LeaderAccept
1785248614151,false,1785248614202,LeaderAccept
1785248614170,false,1785248614220,LeaderAccept
1785248614188,true,1785248614238,LeaderAccept
1785248614208,true,1785248614258,LeaderAccept
1785248614226,false,1785248614276,LeaderAccept
1785248614246,true,1785248614296,LeaderAccept
1785248614265,false,1785248614315,LeaderAccept
1785248614285,false,1785248614335,LeaderAccept
1785248614305,false,1785248614355,LeaderAccept
1785248614325,false,1785248614376,LeaderAccept
1785248614345,false,1785248614396,LeaderAccept
1785248614366,false,1785248614417,LeaderAccept
1785248614387,false,1785248614437,LeaderAccept
1785248614407,false,1785248614458,LeaderAccept
1785248614429,false,1785248614479,LeaderAccept
1785248614450,true,1785248614501,LeaderAccept
1785248614472,true,1785248614522,LeaderAccept
1785248614493,false,1785248614543,LeaderAccept
1785248614515,false,1785248614565,LeaderAccept
1785248614537,true,1785248614587,LeaderAccept
1785248614559,true,1785248614610,LeaderAccept
1785248614583,false,1785248614633,LeaderAccept
1785248614606,true,1785248614655,LeaderAccept
1785248614629,true,1785248614679,LeaderAccept
1785248614652,true,1785248614703,LeaderAccept
1785248614677,true,1785248614727,LeaderAccept
1785248614700,false,1785248614751,LeaderAccept
1785248614725,true,1785248614775,LeaderAccept
1785248614749,true,1785248614800,LeaderAccept
1785248614775,false,1785248614825,LeaderAccept
1785248614800,false,1785248614850,LeaderAccept
1785248614825,true,1785248614875,LeaderAccept
1785248614850,false,1785248614901,LeaderAccept
1785248614876,false,1785248614927,LeaderAccept
1785248614902,true,1785248614953,LeaderAccept
1785248614929,true,1785248614979,LeaderAccept
1785248614956,false,1785248615006,LeaderAccept
1785248614984,false,1785248615034,LeaderAccept
1785248615011,true,1785248615062,LeaderAccept
1785248615040,true,1785248615090,LeaderAccept
1785248615068,false,1785248615118,LeaderAccept
1785248615097,true,1785248615148,LeaderAccept
1785248615126,false,1785248615176,LeaderAccept
1785248615156,true,1785248615206,LeaderAccept
1785248615186,true,1785248615236,LeaderAccept
1785248615217,false,1785248615267,LeaderAccept
1785248615247,true,1785248615297,LeaderAccept
1785248615279,true,1785248615329,LeaderAccept
1785248615310,false,1785248615360,LeaderAccept
1785248615342,false,1785248615393,LeaderAccept
1785248615376,false,1785248615426,LeaderAccept
1785248615409,false,1785248615459,LeaderAccept
1785248615442,true,1785248615493,LeaderAccept
1785248615478,true,1785248615529,LeaderAccept
1785248615513,false,1785248615563,LeaderAccept
1785248615549,true,1785248615599,LeaderAccept
1785248615585,true,1785248615636,LeaderAccept
1785248615622,true,1785248615672,LeaderAccept
1785248615660,true,1785248615711,LeaderAccept
1785248615699,false,1785248615749,LeaderAccept
1785248615738,true,1785248615788,LeaderAccept
1785248615777,true,1785248615827,LeaderAccept
1785248615818,true,1785248615868,LeaderAccept
1785248615859,false,1785248615909,LeaderAccept
1785248615902,false,1785248615952,LeaderAccept
1785248615944,false,1785248615994,LeaderAccept
1785248615988,false,1785248616039,LeaderAccept
1785248616034,true,1785248616085,LeaderAccept
1785248616079,true,1785248616130,LeaderAccept
1785248616126,true,1785248616176,LeaderAccept
1785248616174,false,1785248616224,LeaderAccept
1785248616223,false,1785248616274,LeaderAccept
1785248616274,true,1785248616324,LeaderAccept
1785248616325,false,1785248616376,LeaderAccept
1785248616378,true,1785248616428,LeaderAccept
1785248616433,false,1785248616483,LeaderAccept
1785248616489,false,1785248616539,LeaderAccept
1785248616546,false,1785248616597,LeaderAccept
1785248616605,false,1785248616656,LeaderAccept
1785248616666,true,1785248616717,LeaderAccept
1785248616729,true,1785248616780,LeaderAccept
1785248616793,false,1785248616843,LeaderAccept
1785248616860,true,1785248616910,LeaderAccept
1785248616928,false,1785248616979,LeaderAccept
1785248616999,true,1785248617050,LeaderAccept
1785248617073,false,1785248617124,LeaderAccept
1785248617149,true,1785248617200,LeaderAccept
1785248617228,false,1785248617279,LeaderAccept
1785248617310,false,1785248617361,LeaderAccept
1785248617397,false,1785248617447,LeaderAccept
1785248617486,true,1785248617537,LeaderAccept
1785248617581,false,1785248617632,LeaderAccept
1785248617679,true,1785248617730,LeaderAccept
1785248617782,false,1785248617832,LeaderAccept
1785248617891,true,1785248617942,LeaderAccept
1785248618005,false,1785248618056,LeaderAccept
1785248618126,true,1785248618177,LeaderAccept
1785248618255,true,1785248618307,LeaderAccept
1785248618392,false,1785248618442,LeaderAccept
1785248618539,true,1785248618590,LeaderAccept
1785248618696,true,1785248618747,LeaderAccept
1785248618866,false,1785248618917,LeaderAccept
1785248619052,false,1785248619103,LeaderAccept
1785248619255,false,1785248619306,LeaderAccept
1785248619481,true,1785248619532,LeaderAccept
1785248619732,false,1785248619783,LeaderAccept
1785248620017,false,1785248620068,LeaderAccept
1785248620346,true,1785248620397,LeaderAccept
1785248620734,false,1785248620785,LeaderAccept
1785248621205,true,1785248621245,FastAccept
1785248621800,false,1785248621840,FastAccept
1785248622601,false,1785248622642,FastAccept
1785248623796,false,1785248623837,FastAccept
1785248625966,false,1785248626006,FastAccept
1785248632388,false,1785248632439,LeaderAccept
1785248636732,false,1785248636783,LeaderAccept
1785248636767,false,1785248636817,LeaderAccept
1785248636801,false,1785248636852,LeaderAccept
1785248636836,false,1785248636887,LeaderAccept
1785248636872,true,1785248636922,LeaderAccept
1785248636909,false,1785248636959,LeaderAccept
1785248636947,false,1785248636997,LeaderAccept
1785248636985,true,1785248637035,LeaderAccept
1785248637023,true,1785248637074,LeaderAccept
1785248637063,false,1785248637113,LeaderAccept
1785248637103,false,1785248637153,LeaderAccept
1785248637145,true,1785248637195,LeaderAccept
1785248637187,true,1785248637237,LeaderAccept
1785248637229,false,1785248637280,LeaderAccept
1785248637273,true,1785248637324,LeaderAccept
1785248637317,true,1785248637368,LeaderAccept
1785248637362,true,1785248637413,LeaderAccept
1785248637408,false,1785248637459,LeaderAccept
1785248637455,false,1785248637505,LeaderAccept
1785248637503,false,1785248637554,LeaderAccept
1785248637553,true,1785248637603,LeaderAccept
1785248637603,true,1785248637653,LeaderAccept
1785248637655,false,1785248637706,LeaderAccept
1785248637709,false,1785248637760,LeaderAccept
1785248637764,true,1785248637815,LeaderAccept
1785248637820,true,1785248637871,LeaderAccept
1785248637878,true,1785248637929,LeaderAccept
1785248637937,true,1785248637988,LeaderAccept
1785248637999,true,1785248638050,LeaderAccept
1785248638063,false,1785248638114,LeaderAccept
1785248638129,false,1785248638179,LeaderAccept
1785248638196,false,1785248638246,LeaderAccept
1785248638266,true,1785248638318,LeaderAccept
1785248638339,true,1785248638390,LeaderAccept
1785248638414,true,1785248638464,LeaderAccept
1785248638491,false,1785248638542,LeaderAccept
1785248638572,true,1785248638622,LeaderAccept
1785248638657,false,1785248638707,LeaderAccept
1785248638745,false,1785248638795,LeaderAccept
1785248638836,false,1785248638887,LeaderAccept
1785248638932,true,1785248638983,LeaderAccept
1785248639032,true,1785248639083,LeaderAccept
1785248639138,false,1785248639188,LeaderAccept
1785248639248,true,1785248639299,LeaderAccept
1785248639366,false,1785248639416,LeaderAccept
1785248639489,true,1785248639540,LeaderAccept
1785248639621,false,1785248639672,LeaderAccept
1785248639762,false,1785248639812,LeaderAccept
1785248639914,true,1785248639964,LeaderAccept
1785248640077,false,1785248640127,LeaderAccept
1785248640254,true,1785248640305,LeaderAccept
1785248640446,false,1785248640497,LeaderAccept
1785248640658,false,1785248640709,LeaderAccept
1785248640894,false,1785248640945,LeaderAccept
1785248641160,false,1785248641211,LeaderAccept
1785248641462,true,1785248641513,LeaderAccept
1785248641814,false,1785248641855,FastAccept
1785248642234,false,1785248642275,FastAccept
1785248642751,false,1785248642791,FastAccept
1785248643420,false,1785248643460,FastAccept
1785248644354,true,1785248644394,FastAccept
1785248645845,true,1785248645886,FastAccept
1785248648985,true,1785248649036,LeaderAccept
1785248664071,false,1785248664127,LeaderAccept
1785248670681,false,1785248670721,FastAccept
1785248670714,false,1785248670755,FastAccept
1785248670748,true,1785248670788,FastAccept
1785248670781,true,1785248670821,FastAccept
1785248670815,false,1785248670868,FastAccept
1785248670851,true,1785248670910,LeaderAccept
1785248670887,false,1785248670938,LeaderAccept
1785248670922,true,1785248670963,FastAccept
1785248670959,false,1785248670999,FastAccept
1785248670996,true,1785248671036,FastAccept
1785248671035,false,1785248671074,FastAccept
1785248671074,false,1785248671114,FastAccept
1785248671114,true,1785248671154,FastAccept
1785248671154,true,1785248671194,FastAccept
1785248671195,true,1785248671246,LeaderAccept
1785248671237,false,1785248671278,FastAccept
1785248671280,true,1785248671320,FastAccept
1785248671323,true,1785248671363,FastAccept
1785248671369,false,1785248671409,FastAccept
1785248671414,false,1785248671454,FastAccept
1785248671461,false,1785248671521,LeaderAccept
1785248671508,true,1785248671548,FastAccept
1785248671558,true,1785248671610,LeaderAccept
1785248671607,false,1785248671647,FastAccept
1785248671659,false,1785248671699,FastAccept
1785248671712,false,1785248671752,FastAccept
1785248671766,true,1785248671807,FastAccept
1785248671822,true,1785248671862,FastAccept
1785248671879,true,1785248671920,FastAccept
1785248671938,true,1785248671978,FastAccept
1785248671998,true,1785248672049,LeaderAccept
1785248672060,false,1785248672101,FastAccept
1785248672125,false,1785248672165,FastAccept
1785248672192,false,1785248672232,FastAccept
1785248672260,true,1785248672300,FastAccept
1785248672330,false,1785248672371,FastAccept
1785248672403,true,1785248672444,FastAccept
1785248672479,true,1785248672520,FastAccept
1785248672558,false,1785248672599,FastAccept
1785248672641,true,1785248672681,FastAccept
1785248672727,true,1785248672767,FastAccept
1785248672815,true,1785248672856,FastAccept
1785248672908,false,1785248672949,FastAccept
1785248673005,true,1785248673046,FastAccept
1785248673107,true,1785248673147,FastAccept
1785248673214,false,1785248673255,FastAccept
1785248673327,false,1785248673368,FastAccept
1785248673446,false,1785248673486,FastAccept
1785248673573,true,1785248673614,FastAccept
1785248673709,true,1785248673762,FastAccept
1785248673853,true,1785248673894,FastAccept
1785248674009,true,1785248674050,FastAccept
1785248674177,true,1785248674217,FastAccept
1785248674360,false,1785248674400,FastAccept
1785248674559,false,1785248674600,FastAccept
1785248674780,false,1785248674820,FastAccept
1785248675027,false,1785248675067,FastAccept
1785248675306,false,1785248675346,FastAccept
1785248675625,true,1785248675666,FastAccept
1785248676000,false,1785248676041,FastAccept
1785248676452,false,1785248676493,FastAccept
1785248677019,true,1785248677059,FastAccept
1785248677770,true,1785248677811,FastAccept
1785248678864,false,1785248678915,LeaderAccept
1785248680755,false,1785248680795,FastAccept
1785248685617,true,1785248685658,FastAccept
1785248716810,false,1785248716850,FastAccept
1785248716831,false,1785248716872,FastAccept
1785248716852,true,1785248716893,FastAccept
1785248716875,true,1785248716915,FastAccept
1785248716896,true,1785248716936,FastAccept
1785248716917,true,1785248716957,FastAccept
1785248716939,true,1785248716979,FastAccept
1785248716961,true,1785248717001,FastAccept
1785248716984,false,1785248717024,FastAccept
1785248717007,true,1785248717047,FastAccept
1785248717031,true,1785248717071,FastAccept
1785248717054,false,1785248717095,FastAccept
1785248717078,false,1785248717119,FastAccept
1785248717102,true,1785248717141,FastAccept
1785248717127,true,1785248717167,FastAccept
1785248717151,true,1785248717192,FastAccept
1785248717176,false,1785248717216,FastAccept
1785248717201,false,1785248717241,FastAccept
1785248717226,false,1785248717266,FastAccept
1785248717252,true,1785248717292,FastAccept
1785248717277,false,1785248717318,FastAccept
1785248717303,false,1785248717343,FastAccept
1785248717329,false,1785248717369,FastAccept
1785248717355,false,1785248717396,FastAccept
1785248717382,false,1785248717422,FastAccept
1785248717410,false,1785248717450,FastAccept
1785248717437,true,1785248717477,FastAccept
1785248717465,false,1785248717505,FastAccept
1785248717493,false,1785248717564,SlowAccept
1785248717523,false,1785248717590,LeaderAccept
1785248717552,false,1785248717611,LeaderAccept
1785248717581,true,1785248717632,LeaderAccept
1785248717611,true,1785248717651,FastAccept
1785248717643,true,1785248717683,FastAccept
1785248717674,true,1785248717714,FastAccept
1785248717706,false,1785248717747,FastAccept
1785248717738,false,1785248717779,FastAccept
1785248717771,false,1785248717811,FastAccept
1785248717804,false,1785248717844,FastAccept
1785248717838,false,1785248717879,FastAccept
1785248717872,false,1785248717913,FastAccept
1785248717908,false,1785248717948,FastAccept
1785248717944,false,1785248717984,FastAccept
1785248717979,false,1785248718020,FastAccept
1785248718016,false,1785248718057,FastAccept
1785248718054,true,1785248718094,FastAccept
1785248718092,true,1785248718133,FastAccept
1785248718130,true,1785248718170,FastAccept
1785248718169,false,1785248718210,FastAccept
1785248718210,false,1785248718250,FastAccept
1785248718250,true,1785248718291,FastAccept
1785248718293,true,1785248718333,FastAccept
1785248718335,false,1785248718376,FastAccept
1785248718379,true,1785248718419,FastAccept
1785248718424,false,1785248718464,FastAccept
1785248718469,false,1785248718510,FastAccept
1785248718516,true,1785248718556,FastAccept
1785248718563,false,1785248718603,FastAccept
1785248718613,false,1785248718653,FastAccept
1785248718662,true,1785248718703,FastAccept
1785248718713,false,1785248718754,FastAccept
1785248718765,false,1785248718806,FastAccept
1785248718818,false,1785248718858,FastAccept
1785248718874,true,1785248718914,FastAccept
1785248718931,false,1785248718972,FastAccept
1785248718990,true,1785248719030,FastAccept
1785248719050,false,1785248719090,FastAccept
1785248719113,false,1785248719153,FastAccept
1785248719176,false,1785248719217,FastAccept
1785248719242,false,1785248719283,FastAccept
1785248719310,false,1785248719350,FastAccept
1785248719381,true,1785248719421,FastAccept
1785248719453,false,1785248719494,FastAccept
1785248719529,false,1785248719569,FastAccept
1785248719607,true,1785248719648,FastAccept
1785248719689,false,1785248719729,FastAccept
1785248719774,false,1785248719814,FastAccept
1785248719862,false,1785248719902,FastAccept
1785248719955,true,1785248719996,FastAccept
1785248720052,false,1785248720093,FastAccept
1785248720153,true,1785248720194,FastAccept
1785248720259,false,1785248720300,FastAccept
1785248720371,true,1785248720412,FastAccept
1785248720490,false,1785248720530,FastAccept
1785248720617,false,1785248720657,FastAccept
1785248720750,false,1785248720791,FastAccept
1785248720894,false,1785248720934,FastAccept
1785248721047,true,1785248721087,FastAccept
1785248721214,true,1785248721255,FastAccept
1785248721394,true,1785248721435,FastAccept
1785248721591,false,1785248721632,FastAccept
1785248721809,false,1785248721849,FastAccept
1785248722052,true,1785248722092,FastAccept
1785248722326,true,1785248722366,FastAccept
1785248722640,true,1785248722680,FastAccept
1785248723007,false,1785248723047,FastAccept
1785248723447,true,1785248723504,LeaderAccept
1785248723994,false,1785248724071,LeaderAccept
1785248724715,true,1785248724765,LeaderAccept
1785248725747,true,1785248725799,LeaderAccept
1785248727476,true,1785248727517,FastAccept
1785248731579,true,1785248731620,FastAccept
1785248736284,true,1785248736324,FastAccept
1785248736313,false,1785248736354,FastAccept
1785248736344,true,1785248736383,FastAccept
1785248736375,true,1785248736449,SlowAccept
1785248736406,true,1785248736475,SlowAccept
1785248736437,false,1785248736496,LeaderAccept
1785248736468,false,1785248736519,LeaderAccept
1785248736500,false,1785248736540,FastAccept
1785248736532,false,1785248736573,FastAccept
1785248736565,false,1785248736605,FastAccept
1785248736598,false,1785248736639,FastAccept
1785248736632,true,1785248736673,FastAccept
1785248736667,false,1785248736708,FastAccept
1785248736703,false,1785248736744,FastAccept
1785248736739,false,1785248736780,FastAccept
1785248736776,true,1785248736817,FastAccept
1785248736813,true,1785248736853,FastAccept
1785248736851,false,1785248736892,FastAccept
1785248736890,true,1785248736930,FastAccept
1785248736929,true,1785248736970,FastAccept
1785248736969,false,1785248737010,FastAccept
1785248737010,false,1785248737050,FastAccept
1785248737051,false,1785248737091,FastAccept
1785248737094,false,1785248737134,FastAccept
1785248737137,true,1785248737177,FastAccept
1785248737181,true,1785248737221,FastAccept
1785248737227,true,1785248737267,FastAccept
1785248737273,false,1785248737313,FastAccept
1785248737320,false,1785248737361,FastAccept
1785248737369,true,1785248737409,FastAccept
1785248737419,true,1785248737460,FastAccept
1785248737470,false,1785248737510,FastAccept
1785248737523,true,1785248737563,FastAccept
1785248737576,false,1785248737617,FastAccept
1785248737631,false,1785248737671,FastAccept
1785248737687,false,1785248737728,FastAccept
1785248737745,false,1785248737785,FastAccept
1785248737805,true,1785248737846,FastAccept
1785248737867,true,1785248737909,FastAccept
1785248737932,true,1785248737972,FastAccept
1785248737997,false,1785248738038,FastAccept
1785248738065,true,1785248738105,FastAccept
1785248738136,true,1785248738176,FastAccept
1785248738209,true,1785248738249,FastAccept
1785248738285,false,1785248738325,FastAccept
1785248738362,true,1785248738403,FastAccept
1785248738443,false,1785248738483,FastAccept
1785248738528,true,1785248738568,FastAccept
1785248738616,false,1785248738655,FastAccept
1785248738708,true,1785248738748,FastAccept
1785248738803,true,1785248738844,FastAccept
1785248738904,false,1785248738945,FastAccept
1785248739010,true,1785248739051,FastAccept
1785248739122,true,1785248739163,FastAccept
1785248739240,false,1785248739281,FastAccept
1785248739366,true,1785248739406,FastAccept
1785248739498,true,1785248739539,FastAccept
1785248739640,false,1785248739680,FastAccept
1785248739793,true,1785248739833,FastAccept
1785248739957,true,1785248739998,FastAccept
1785248740135,false,1785248740176,FastAccept
1785248740331,false,1785248740371,FastAccept
1785248740546,true,1785248740586,FastAccept
1785248740784,true,1785248740825,FastAccept
1785248741053,false,1785248741094,FastAccept
1785248741361,true,1785248741401,FastAccept
1785248741720,true,1785248741760,FastAccept
1785248742149,true,1785248742190,FastAccept
1785248742681,false,1785248742721,FastAccept
1785248743374,false,1785248743414,FastAccept
1785248744354,false,1785248744394,FastAccept
1785248745952,true,1785248745992,FastAccept
1785248749503,true,1785248749555,LeaderAccept
1785248753032,true,1785248753072,FastAccept
1785248753048,false,1785248753088,FastAccept
1785248753065,false,1785248753105,FastAccept
1785248753081,false,1785248753141,SlowAccept
1785248753098,true,1785248753167,LeaderAccept
1785248753115,true,1785248753165,LeaderAccept
1785248753132,true,1785248753182,LeaderAccept
1785248753149,false,1785248753199,LeaderAccept
1785248753166,true,1785248753216,LeaderAccept
1785248753183,false,1785248753234,LeaderAccept
1785248753202,false,1785248753251,LeaderAccept
1785248753219,true,1785248753269,LeaderAccept
1785248753237,false,1785248753287,LeaderAccept
1785248753256,false,1785248753306,LeaderAccept
1785248753273,true,1785248753324,LeaderAccept
1785248753291,false,1785248753341,LeaderAccept
1785248753309,false,1785248753359,LeaderAccept
1785248753328,true,1785248753378,LeaderAccept
1785248753346,true,1785248753396,LeaderAccept
1785248753365,true,1785248753415,LeaderAccept
1785248753384,true,1785248753433,LeaderAccept
1785248753403,false,1785248753454,LeaderAccept
1785248753423,false,1785248753473,LeaderAccept
1785248753443,true,1785248753494,LeaderAccept
1785248753464,true,1785248753514,LeaderAccept
1785248753485,false,1785248753535,LeaderAccept
1785248753505,true,1785248753555,LeaderAccept
1785248753525,true,1785248753576,LeaderAccept
1785248753546,true,1785248753596,LeaderAccept
1785248753568,false,1785248753618,LeaderAccept
1785248753588,true,1785248753639,LeaderAccept
1785248753609,true,1785248753660,LeaderAccept
1785248753631,true,1785248753681,LeaderAccept
1785248753653,true,1785248753703,LeaderAccept
1785248753675,true,1785248753726,LeaderAccept
1785248753697,true,1785248753747,LeaderAccept
1785248753719,true,1785248753770,LeaderAccept
1785248753742,false,1785248753792,LeaderAccept
1785248753766,false,1785248753816,LeaderAccept
1785248753788,true,1785248753838,LeaderAccept
1785248753812,true,1785248753862,LeaderAccept
1785248753835,true,1785248753885,LeaderAccept
1785248753859,true,1785248753910,LeaderAccept
1785248753884,false,1785248753934,LeaderAccept
1785248753908,true,1785248753959,LeaderAccept
1785248753933,true,1785248753984,LeaderAccept
1785248753958,true,1785248754009,LeaderAccept
1785248753984,true,1785248754034,LeaderAccept
1785248754009,true,1785248754060,LeaderAccept
1785248754035,true,1785248754086,LeaderAccept
1785248754061,true,1785248754112,LeaderAccept
1785248754087,true,1785248754137,LeaderAccept
1785248754115,false,1785248754165,LeaderAccept
1785248754143,true,1785248754193,LeaderAccept
1785248754170,true,1785248754221,LeaderAccept
1785248754198,false,1785248754249,LeaderAccept
1785248754226,true,1785248754276,LeaderAccept
1785248754254,true,1785248754305,LeaderAccept
1785248754284,true,1785248754335,LeaderAccept
1785248754313,false,1785248754364,LeaderAccept
1785248754343,false,1785248754393,LeaderAccept
1785248754373,true,1785248754423,LeaderAccept
1785248754404,true,1785248754455,LeaderAccept
1785248754436,true,1785248754486,LeaderAccept
1785248754467,true,1785248754517,LeaderAccept
1785248754500,true,1785248754550,LeaderAccept
1785248754532,false,1785248754583,LeaderAccept
1785248754565,false,1785248754616,LeaderAccept
1785248754599,true,1785248754650,LeaderAccept
1785248754633,true,1785248754683,LeaderAccept
1785248754668,false,1785248754719,LeaderAccept
1785248754703,true,1785248754754,LeaderAccept
1785248754740,false,1785248754791,LeaderAccept
1785248754777,true,1785248754828,LeaderAccept
1785248754815,true,1785248754866,LeaderAccept
1785248754853,false,1785248754903,LeaderAccept
1785248754892,false,1785248754943,LeaderAccept
1785248754932,false,1785248754983,LeaderAccept
1785248754973,false,1785248755024,LeaderAccept
1785248755014,false,1785248755065,LeaderAccept
1785248755057,false,1785248755107,LeaderAccept
1785248755100,false,1785248755151,LeaderAccept
1785248755144,true,1785248755195,LeaderAccept
1785248755190,false,1785248755240,LeaderAccept
1785248755235,true,1785248755286,LeaderAccept
1785248755282,false,1785248755333,LeaderAccept
1785248755331,false,1785248755381,LeaderAccept
1785248755381,true,1785248755431,LeaderAccept
1785248755431,true,1785248755482,LeaderAccept
1785248755483,true,1785248755523,FastAccept
1785248755537,true,1785248755577,FastAccept
1785248755591,true,1785248755631,FastAccept
1785248755647,false,1785248755687,FastAccept
1785248755704,true,1785248755744,FastAccept
1785248755764,false,1785248755804,FastAccept
1785248755824,false,1785248755864,FastAccept
1785248755887,false,1785248755927,FastAccept
1785248755953,true,1785248755993,FastAccept
1785248756020,false,1785248756078,LeaderAccept
1785248756089,false,1785248756129,FastAccept
1785248756161,false,1785248756201,FastAccept
1785248756234,true,1785248756287,FastAccept
1785248756311,true,1785248756352,FastAccept
1785248756391,false,1785248756431,FastAccept
1785248756474,true,1785248756515,FastAccept
1785248756561,true,1785248756601,FastAccept
1785248756652,false,1785248756692,FastAccept
1785248756747,true,1785248756787,FastAccept
1785248756845,true,1785248756885,FastAccept
1785248756950,false,1785248757021,SlowAccept
1785248757059,false,1785248757100,FastAccept
1785248757175,false,1785248757216,FastAccept
1785248757297,false,1785248757337,FastAccept
1785248757427,false,1785248757477,LeaderAccept
1785248757566,false,1785248757606,FastAccept
1785248757715,false,1785248757755,FastAccept
1785248757874,false,1785248757934,LeaderAccept
1785248758048,false,1785248758088,FastAccept
1785248758237,false,1785248758277,FastAccept
1785248758444,true,1785248758484,FastAccept
1785248758673,true,1785248758714,FastAccept
1785248758930,false,1785248758970,FastAccept
1785248759222,true,1785248759275,FastAccept
1785248759560,true,1785248759636,LeaderAccept
1785248759960,true,1785248760010,LeaderAccept
1785248760448,false,1785248760488,FastAccept
1785248761070,true,1785248761111,FastAccept
1785248761919,true,1785248761985,LeaderAccept
1785248763217,true,1785248763258,FastAccept
1785248765699,true,1785248765750,LeaderAccept
1785248774284,false,1785248774324,FastAccept
1785248776309,true,1785248776350,FastAccept
1785248776340,true,1785248776380,FastAccept
1785248776370,false,1785248776410,FastAccept
1785248776401,false,1785248776441,FastAccept
1785248776432,false,1785248776472,FastAccept
1785248776464,true,1785248776505,FastAccept
1785248776497,true,1785248776538,FastAccept
1785248776530,false,1785248776570,FastAccept
1785248776563,true,1785248776603,FastAccept
1785248776597,true,1785248776637,FastAccept
1785248776631,false,1785248776671,FastAccept
1785248776666,true,1785248776706,FastAccept
1785248776703,false,1785248776743,FastAccept
1785248776739,false,1785248776779,FastAccept
1785248776777,true,1785248776817,FastAccept
1785248776815,false,1785248776855,FastAccept
1785248776853,false,1785248776893,FastAccept
1785248776893,true,1785248776933,FastAccept
1785248776933,true,1785248776973,FastAccept
1785248776974,true,1785248777014,FastAccept
1785248777016,false,1785248777057,FastAccept
1785248777059,true,1785248777100,FastAccept
1785248777103,true,1785248777143,FastAccept
1785248777147,true,1785248777188,FastAccept
1785248777194,true,1785248777234,FastAccept
1785248777240,false,1785248777280,FastAccept
1785248777287,false,1785248777327,FastAccept
1785248777336,true,1785248777376,FastAccept
1785248777387,false,1785248777427,FastAccept
1785248777437,true,1785248777477,FastAccept
1785248777489,false,1785248777529,FastAccept
1785248777543,true,1785248777584,FastAccept
1785248777598,false,1785248777638,FastAccept
1785248777655,false,1785248777696,FastAccept
1785248777713,false,1785248777753,FastAccept
1785248777773,false,1785248777813,FastAccept
1785248777835,true,1785248777876,FastAccept
1785248777899,true,1785248777939,FastAccept
1785248777965,true,1785248778005,FastAccept
1785248778034,true,1785248778074,FastAccept
1785248778104,true,1785248778144,FastAccept
1785248778176,false,1785248778216,FastAccept
1785248778252,false,1785248778292,FastAccept
1785248778331,true,1785248778371,FastAccept
1785248778413,false,1785248778453,FastAccept
1785248778497,true,1785248778538,FastAccept
1785248778585,false,1785248778625,FastAccept
1785248778678,true,1785248778718,FastAccept
1785248778775,true,1785248778815,FastAccept
1785248778875,false,1785248778916,FastAccept
1785248778981,true,1785248779022,FastAccept
1785248779093,false,1785248779133,FastAccept
1785248779212,true,1785248779252,FastAccept
1785248779338,false,1785248779378,FastAccept
1785248779471,true,1785248779512,FastAccept
1785248779614,true,1785248779654,FastAccept
1785248779767,true,1785248779808,FastAccept
1785248779933,false,1785248779973,FastAccept
1785248780114,true,1785248780154,FastAccept
1785248780311,false,1785248780351,FastAccept
1785248780527,false,1785248780583,LeaderAccept
1785248780768,false,1785248780841,LeaderAccept
1785248781040,true,1785248781080,FastAccept
1785248781352,false,1785248781392,FastAccept
1785248781715,true,1785248781768,FastAccept
1785248782152,true,1785248782224,LeaderAccept
1785248782693,false,1785248782761,LeaderAccept
1785248783403,false,1785248783444,FastAccept
1785248784415,true,1785248784456,FastAccept
1785248786094,false,1785248786134,FastAccept
1785248789976,false,1785248790016,FastAccept
1785248817025,false,1785248817064,FastAccept
1785248817802,false,1785248817841,FastAccept
1785248817827,false,1785248817888,SlowAccept
1785248817853,true,1785248817908,LeaderAccept
1785248817878,false,1785248817929,LeaderAccept
1785248817904,false,1785248817954,LeaderAccept
1785248817929,true,1785248817979,LeaderAccept
1785248817956,false,1785248818005,LeaderAccept
1785248817983,true,1785248818032,LeaderAccept
1785248818009,true,1785248818059,LeaderAccept
1785248818037,false,1785248818086,LeaderAccept
1785248818064,false,1785248818114,LeaderAccept
1785248818092,true,1785248818142,LeaderAccept
1785248818122,true,1785248818161,FastAccept
1785248818150,true,1785248818190,FastAccept
1785248818179,false,1785248818218,FastAccept
1785248818209,true,1785248818248,FastAccept
1785248818240,false,1785248818290,LeaderAccept
1785248818271,false,1785248818310,FastAccept
1785248818301,false,1785248818341,FastAccept
1785248818333,true,1785248818372,FastAccept
1785248818365,false,1785248818404,FastAccept
1785248818398,false,1785248818437,FastAccept
1785248818430,true,1785248818469,FastAccept
1785248818463,true,1785248818502,FastAccept
1785248818497,false,1785248818537,FastAccept
1785248818533,false,1785248818601,SlowAccept
1785248818567,false,1785248818622,LeaderAccept
1785248818602,true,1785248818641,FastAccept
1785248818638,false,1785248818677,FastAccept
1785248818676,true,1785248818715,FastAccept
1785248818714,true,1785248818767,LeaderAccept
1785248818752,false,1785248818791,FastAccept
1785248818791,true,1785248818830,FastAccept
1785248818832,false,1785248818883,LeaderAccept
1785248818873,true,1785248818912,FastAccept
1785248818914,false,1785248818953,FastAccept
1785248818957,true,1785248818996,FastAccept
1785248818999,false,1785248819039,FastAccept
1785248819043,true,1785248819083,FastAccept
1785248819088,true,1785248819128,FastAccept
1785248819135,false,1785248819174,FastAccept
1785248819181,false,1785248819221,FastAccept
1785248819229,true,1785248819269,FastAccept
1785248819279,false,1785248819319,FastAccept
1785248819329,false,1785248819387,LeaderAccept
1785248819380,true,1785248819420,FastAccept
1785248819433,true,1785248819473,FastAccept
1785248819487,true,1785248819527,FastAccept
1785248819543,false,1785248819582,FastAccept
1785248819601,true,1785248819641,FastAccept
1785248819659,false,1785248819699,FastAccept
1785248819721,false,1785248819760,FastAccept
1785248819783,true,1785248819823,FastAccept
1785248819848,true,1785248819887,FastAccept
1785248819914,false,1785248819954,FastAccept
1785248819983,false,1785248820023,FastAccept
1785248820054,false,1785248820094,FastAccept
1785248820128,true,1785248820167,FastAccept
1785248820205,true,1785248820260,LeaderAccept
1785248820284,false,1785248820324,FastAccept
1785248820367,false,1785248820407,FastAccept
1785248820453,false,1785248820492,FastAccept
1785248820544,false,1785248820583,FastAccept
1785248820637,true,1785248820676,FastAccept
1785248820736,false,1785248820775,FastAccept
1785248820839,false,1785248820879,FastAccept
1785248820948,false,1785248820987,FastAccept
1785248821063,true,1785248821122,LeaderAccept
1785248821184,false,1785248821224,FastAccept
1785248821313,true,1785248821352,FastAccept
1785248821451,true,1785248821490,FastAccept
1785248821599,true,1785248821638,FastAccept
1785248821757,true,1785248821796,FastAccept
1785248821928,true,1785248821967,FastAccept
1785248822115,false,1785248822155,FastAccept
1785248822319,false,1785248822359,FastAccept
1785248822545,true,1785248822585,FastAccept
1785248822798,true,1785248822837,FastAccept
1785248823086,false,1785248823161,LeaderAccept
1785248823418,true,1785248823472,LeaderAccept
1785248823810,false,1785248823859,LeaderAccept
1785248824286,false,1785248824336,LeaderAccept
1785248824890,false,1785248824940,LeaderAccept
1785248825705,true,1785248825745,FastAccept
1785248826931,false,1785248826971,FastAccept
1785248829193,false,1785248829232,FastAccept
1785248836202,false,1785248836241,FastAccept
1785248847933,true,1785248848000,LeaderAccept
1785248847951,false,1785248848009,LeaderAccept
1785248847969,true,1785248848018,LeaderAccept
1785248847986,true,1785248848036,LeaderAccept
1785248848004,true,1785248848054,LeaderAccept
1785248848023,false,1785248848072,LeaderAccept
1785248848041,false,1785248848090,LeaderAccept
1785248848059,true,1785248848108,LeaderAccept
1785248848077,true,1785248848126,LeaderAccept
1785248848095,false,1785248848145,LeaderAccept
1785248848114,true,1785248848164,LeaderAccept
1785248848133,true,1785248848182,LeaderAccept
1785248848152,true,1785248848202,LeaderAccept
1785248848172,true,1785248848221,LeaderAccept
1785248848191,false,1785248848241,LeaderAccept
1785248848212,true,1785248848261,LeaderAccept
1785248848231,true,1785248848281,LeaderAccept
1785248848251,true,1785248848301,LeaderAccept
1785248848272,true,1785248848321,LeaderAccept
1785248848292,true,1785248848341,LeaderAccept
1785248848312,false,1785248848361,LeaderAccept
1785248848332,false,1785248848381,LeaderAccept
1785248848353,false,1785248848402,LeaderAccept
1785248848374,true,1785248848423,LeaderAccept
1785248848396,true,1785248848445,LeaderAccept
1785248848418,true,1785248848467,LeaderAccept
1785248848439,true,1785248848489,LeaderAccept
1785248848461,true,1785248848510,LeaderAccept
1785248848483,false,1785248848533,LeaderAccept
1785248848506,true,1785248848556,LeaderAccept
1785248848529,true,1785248848579,LeaderAccept
1785248848552,false,1785248848602,LeaderAccept
1785248848575,false,1785248848624,LeaderAccept
1785248848599,false,1785248848648,LeaderAccept
1785248848622,true,1785248848671,LeaderAccept
1785248848646,true,1785248848696,LeaderAccept
1785248848671,false,1785248848721,LeaderAccept
1785248848695,true,1785248848745,LeaderAccept
1785248848720,false,1785248848769,LeaderAccept
1785248848745,false,1785248848794,LeaderAccept
1785248848770,true,1785248848820,LeaderAccept
1785248848796,true,1785248848845,LeaderAccept
1785248848822,true,1785248848872,LeaderAccept
1785248848848,false,1785248848898,LeaderAccept
1785248848875,false,1785248848925,LeaderAccept
1785248848903,true,1785248848952,LeaderAccept
1785248848930,true,1785248848979,LeaderAccept
1785248848959,true,1785248849008,LeaderAccept
1785248848987,false,1785248849036,LeaderAccept
1785248849016,false,1785248849065,LeaderAccept
1785248849044,false,1785248849094,LeaderAccept
1785248849073,false,1785248849122,LeaderAccept
1785248849103,true,1785248849152,LeaderAccept
1785248849133,true,1785248849183,LeaderAccept
1785248849164,true,1785248849215,LeaderAccept
1785248849196,false,1785248849245,LeaderAccept
1785248849228,false,1785248849277,LeaderAccept
1785248849260,false,1785248849310,LeaderAccept
1785248849292,false,1785248849341,LeaderAccept
1785248849325,false,1785248849375,LeaderAccept
1785248849359,false,1785248849408,LeaderAccept
1785248849393,true,1785248849443,LeaderAccept
1785248849427,true,1785248849477,LeaderAccept
1785248849462,true,1785248849511,LeaderAccept
1785248849498,true,1785248849548,LeaderAccept
1785248849535,false,1785248849584,LeaderAccept
1785248849572,false,1785248849622,LeaderAccept
1785248849610,false,1785248849660,LeaderAccept
1785248849649,true,1785248849698,LeaderAccept
1785248849688,true,1785248849738,LeaderAccept
1785248849728,true,1785248849778,LeaderAccept
1785248849769,true,1785248849819,LeaderAccept
1785248849811,true,1785248849860,LeaderAccept
1785248849853,true,1785248849903,LeaderAccept
1785248849897,false,1785248849946,LeaderAccept
1785248849941,false,1785248849991,LeaderAccept
1785248849987,true,1785248850036,LeaderAccept
1785248850033,false,1785248850083,LeaderAccept
1785248850081,true,1785248850130,LeaderAccept
1785248850129,true,1785248850179,LeaderAccept
1785248850179,false,1785248850229,LeaderAccept
1785248850230,true,1785248850280,LeaderAccept
1785248850283,false,1785248850333,LeaderAccept
1785248850337,true,1785248850386,LeaderAccept
1785248850391,false,1785248850441,LeaderAccept
1785248850448,true,1785248850498,LeaderAccept
1785248850506,true,1785248850556,LeaderAccept
1785248850566,false,1785248850616,LeaderAccept
1785248850628,true,1785248850678,LeaderAccept
1785248850692,false,1785248850742,LeaderAccept
1785248850757,false,1785248850807,LeaderAccept
1785248850824,false,1785248850878,LeaderAccept
1785248850894,false,1785248850944,LeaderAccept
1785248850966,false,1785248851016,LeaderAccept
1785248851041,true,1785248851091,LeaderAccept
1785248851119,true,1785248851168,LeaderAccept
1785248851200,true,1785248851250,LeaderAccept
1785248851285,false,1785248851334,LeaderAccept
1785248851373,true,1785248851422,LeaderAccept
1785248851465,true,1785248851515,LeaderAccept
1785248851561,true,1785248851611,LeaderAccept
1785248851661,false,1785248851711,LeaderAccept
1785248851766,false,1785248851816,LeaderAccept
1785248851878,true,1785248851929,LeaderAccept
1785248851996,true,1785248852046,LeaderAccept
1785248852121,true,1785248852170,LeaderAccept
1785248852254,false,1785248852303,LeaderAccept
1785248852395,false,1785248852446,LeaderAccept
1785248852547,true,1785248852596,LeaderAccept
1785248852710,true,1785248852760,LeaderAccept
1785248852888,true,1785248852938,LeaderAccept
1785248853083,false,1785248853123,FastAccept
1785248853296,true,1785248853335,FastAccept
1785248853535,false,1785248853574,FastAccept
1785248853803,false,1785248853842,FastAccept
1785248854108,false,1785248854180,SlowAccept
1785248854465,true,1785248854515,LeaderAccept
1785248854892,true,1785248854941,LeaderAccept
1785248855419,false,1785248855468,LeaderAccept
1785248856104,false,1785248856162,LeaderAccept
1785248857069,false,1785248857109,FastAccept
1785248858633,true,1785248858672,FastAccept
1785248862046,false,1785248862095,LeaderAccept
1785248866060,false,1785248866111,LeaderAccept
1785248866081,true,1785248866131,LeaderAccept
1785248866103,true,1785248866153,LeaderAccept
1785248866126,false,1785248866176,LeaderAccept
1785248866148,false,1785248866198,LeaderAccept
1785248866171,true,1785248866221,LeaderAccept
1785248866194,true,1785248866243,LeaderAccept
1785248866217,false,1785248866267,LeaderAccept
1785248866241,true,1785248866291,LeaderAccept
1785248866266,false,1785248866315,LeaderAccept
1785248866289,false,1785248866339,LeaderAccept
1785248866313,true,1785248866362,LeaderAccept
1785248866338,false,1785248866387,LeaderAccept
1785248866362,true,1785248866412,LeaderAccept
1785248866387,false,1785248866437,LeaderAccept
1785248866412,false,1785248866462,LeaderAccept
1785248866438,true,1785248866488,LeaderAccept
1785248866464,false,1785248866514,LeaderAccept
1785248866490,true,1785248866540,LeaderAccept
1785248866517,true,1785248866567,LeaderAccept
1785248866544,false,1785248866593,LeaderAccept
1785248866571,false,1785248866620,LeaderAccept
1785248866598,true,1785248866648,LeaderAccept
1785248866627,false,1785248866676,LeaderAccept
1785248866655,true,1785248866705,LeaderAccept
1785248866684,false,1785248866734,LeaderAccept
1785248866713,true,1785248866763,LeaderAccept
1785248866742,false,1785248866792,LeaderAccept
1785248866772,false,1785248866822,LeaderAccept
1785248866803,true,1785248866852,LeaderAccept
1785248866834,false,1785248866884,LeaderAccept
1785248866867,false,1785248866916,LeaderAccept
1785248866898,true,1785248866948,LeaderAccept
1785248866930,true,1785248866980,LeaderAccept
1785248866963,false,1785248867013,LeaderAccept
1785248866997,true,1785248867047,LeaderAccept
1785248867031,true,1785248867081,LeaderAccept
1785248867065,true,1785248867115,LeaderAccept
1785248867101,true,1785248867150,LeaderAccept
1785248867136,false,1785248867186,LeaderAccept
1785248867172,false,1785248867222,LeaderAccept
1785248867209,true,1785248867259,LeaderAccept
1785248867247,false,1785248867297,LeaderAccept
1785248867286,true,1785248867336,LeaderAccept
1785248867325,true,1785248867375,LeaderAccept
1785248867365,false,1785248867415,LeaderAccept
1785248867406,true,1785248867457,LeaderAccept
1785248867448,false,1785248867498,LeaderAccept
1785248867490,false,1785248867540,LeaderAccept
1785248867533,false,1785248867583,LeaderAccept
1785248867577,false,1785248867626,LeaderAccept
1785248867623,false,1785248867672,LeaderAccept
1785248867670,true,1785248867719,LeaderAccept
1785248867717,true,1785248867767,LeaderAccept
1785248867767,true,1785248867816,LeaderAccept
1785248867816,false,1785248867866,LeaderAccept
1785248867867,true,1785248867917,LeaderAccept
1785248867919,true,1785248867970,LeaderAccept
1785248867973,true,1785248868023,LeaderAccept
1785248868028,false,1785248868067,FastAccept
1785248868085,false,1785248868124,FastAccept
1785248868142,true,1785248868181,FastAccept
1785248868202,false,1785248868241,FastAccept
1785248868263,false,1785248868315,FastAccept
1785248868327,true,1785248868367,FastAccept
1785248868392,false,1785248868431,FastAccept
1785248868459,true,1785248868525,LeaderAccept
1785248868529,false,1785248868569,FastAccept
1785248868601,false,1785248868641,FastAccept
1785248868677,false,1785248868716,FastAccept
1785248868755,true,1785248868794,FastAccept
1785248868835,false,1785248868875,FastAccept
1785248868919,true,1785248868959,FastAccept
1785248869006,false,1785248869046,FastAccept
1785248869098,false,1785248869137,FastAccept
1785248869193,true,1785248869233,FastAccept
1785248869293,false,1785248869333,FastAccept
1785248869398,true,1785248869438,FastAccept
1785248869509,true,1785248869549,FastAccept
1785248869626,true,1785248869666,FastAccept
1785248869751,false,1785248869791,FastAccept
1785248869882,true,1785248869921,FastAccept
1785248870023,true,1785248870062,FastAccept
1785248870173,true,1785248870213,FastAccept
1785248870336,true,1785248870377,FastAccept
1785248870512,false,1785248870552,FastAccept
1785248870705,true,1785248870744,FastAccept
1785248870917,true,1785248870956,FastAccept
1785248871153,true,1785248871192,FastAccept
1785248871417,true,1785248871456,FastAccept
1785248871718,true,1785248871757,FastAccept
1785248872068,true,1785248872127,SlowAccept
1785248872485,true,1785248872536,LeaderAccept
1785248873000,true,1785248873050,LeaderAccept
1785248873664,true,1785248873714,LeaderAccept
1785248874591,true,1785248874631,FastAccept
1785248876063,false,1785248876103,FastAccept
1785248879135,false,1785248879187,FastAccept
1785248893399,true,1785248893448,LeaderAccept
1785248894991,false,1785248895031,FastAccept
1785248895024,true,1785248895092,LeaderAccept
1785248895059,true,1785248895113,LeaderAccept
1785248895094,false,1785248895151,LeaderAccept
1785248895128,false,1785248895178,LeaderAccept
1785248895164,false,1785248895218,LeaderAccept
1785248895200,false,1785248895240,FastAccept
1785248895237,true,1785248895288,LeaderAccept
1785248895274,false,1785248895314,FastAccept
1785248895313,true,1785248895363,LeaderAccept
1785248895352,false,1785248895392,FastAccept
1785248895391,false,1785248895441,LeaderAccept
1785248895431,true,1785248895471,FastAccept
1785248895472,true,1785248895522,LeaderAccept
1785248895515,false,1785248895554,FastAccept
1785248895557,false,1785248895597,FastAccept
1785248895601,true,1785248895641,FastAccept
1785248895646,false,1785248895685,FastAccept
1785248895691,false,1785248895730,FastAccept
1785248895739,false,1785248895779,FastAccept
1785248895787,true,1785248895826,FastAccept
1785248895836,false,1785248895875,FastAccept
1785248895885,true,1785248895925,FastAccept
1785248895936,true,1785248895976,FastAccept
1785248895988,false,1785248896028,FastAccept
1785248896041,true,1785248896081,FastAccept
1785248896096,true,1785248896149,FastAccept
1785248896153,false,1785248896193,FastAccept
1785248896211,true,1785248896263,FastAccept
1785248896272,true,1785248896312,FastAccept
1785248896334,false,1785248896404,SlowAccept
1785248896397,true,1785248896436,FastAccept
1785248896463,true,1785248896529,LeaderAccept
1785248896530,true,1785248896569,FastAccept
1785248896601,true,1785248896656,LeaderAccept
1785248896674,true,1785248896713,FastAccept
1785248896750,false,1785248896799,LeaderAccept
1785248896828,true,1785248896868,FastAccept
1785248896908,true,1785248896959,LeaderAccept
1785248896993,true,1785248897033,FastAccept
1785248897081,false,1785248897121,FastAccept
1785248897174,false,1785248897213,FastAccept
1785248897271,false,1785248897310,FastAccept
1785248897371,false,1785248897411,FastAccept
1785248897477,false,1785248897517,FastAccept
1785248897589,false,1785248897629,FastAccept
1785248897707,true,1785248897747,FastAccept
1785248897832,false,1785248897872,FastAccept
1785248897966,true,1785248898005,FastAccept
1785248898109,false,1785248898148,FastAccept
1785248898262,true,1785248898302,FastAccept
1785248898426,false,1785248898466,FastAccept
1785248898606,true,1785248898645,FastAccept
1785248898802,true,1785248898841,FastAccept
1785248899018,false,1785248899057,FastAccept
1785248899259,true,1785248899299,FastAccept
1785248899529,true,1785248899589,LeaderAccept
1785248899840,true,1785248899891,LeaderAccept
1785248900201,true,1785248900251,LeaderAccept
1785248900635,false,1785248900684,LeaderAccept
1785248901172,true,1785248901211,FastAccept
1785248901875,false,1785248901932,LeaderAccept
1785248902875,true,1785248902924,LeaderAccept
1785248904520,false,1785248904580,LeaderAccept
1785248908265,true,1785248908305,FastAccept
1785248916753,false,1785248916793,FastAccept
1785248916790,true,1785248916829,FastAccept
1785248916826,true,1785248916865,FastAccept
1785248916863,false,1785248916903,FastAccept
1785248916902,true,1785248916941,FastAccept
1785248916940,true,1785248916979,FastAccept
1785248916979,false,1785248917019,FastAccept
1785248917020,true,1785248917059,FastAccept
1785248917060,true,1785248917099,FastAccept
1785248917101,true,1785248917141,FastAccept
1785248917143,false,1785248917182,FastAccept
1785248917187,true,1785248917226,FastAccept
1785248917230,true,1785248917270,FastAccept
1785248917276,false,1785248917332,LeaderAccept
1785248917321,true,1785248917374,LeaderAccept
1785248917369,false,1785248917418,LeaderAccept
1785248917416,true,1785248917465,LeaderAccept
1785248917465,false,1785248917530,LeaderAccept
1785248917516,false,1785248917570,LeaderAccept
1785248917567,false,1785248917617,LeaderAccept
1785248917620,false,1785248917669,LeaderAccept
1785248917674,true,1785248917724,LeaderAccept
1785248917730,true,1785248917780,LeaderAccept
1785248917787,true,1785248917837,LeaderAccept
1785248917847,true,1785248917896,LeaderAccept
1785248917908,true,1785248917957,LeaderAccept
1785248917970,false,1785248918020,LeaderAccept
1785248918034,false,1785248918084,LeaderAccept
1785248918100,true,1785248918150,LeaderAccept
1785248918170,true,1785248918219,LeaderAccept
1785248918241,false,1785248918290,LeaderAccept
1785248918314,true,1785248918364,LeaderAccept
1785248918390,true,1785248918440,LeaderAccept
1785248918470,false,1785248918519,LeaderAccept
1785248918553,true,1785248918602,LeaderAccept
1785248918639,true,1785248918688,LeaderAccept
1785248918729,true,1785248918778,LeaderAccept
1785248918823,false,1785248918873,LeaderAccept
1785248918920,true,1785248918970,LeaderAccept
1785248919022,false,1785248919072,LeaderAccept
1785248919131,true,1785248919181,LeaderAccept
1785248919244,false,1785248919293,LeaderAccept
1785248919364,false,1785248919413,LeaderAccept
1785248919492,false,1785248919543,LeaderAccept
1785248919630,true,1785248919679,LeaderAccept
1785248919776,false,1785248919826,LeaderAccept
1785248919934,false,1785248919983,LeaderAccept
1785248920103,false,1785248920153,LeaderAccept
1785248920288,false,1785248920339,LeaderAccept
1785248920490,true,1785248920540,LeaderAccept
1785248920714,true,1785248920764,LeaderAccept
1785248920965,false,1785248921020,LeaderAccept
1785248921249,true,1785248921304,LeaderAccept
1785248921576,true,1785248921632,LeaderAccept
1785248921960,false,1785248922015,LeaderAccept
1785248922426,true,1785248922476,LeaderAccept
1785248923015,false,1785248923054,FastAccept
1785248923803,false,1785248923859,LeaderAccept
1785248924972,false,1785248925031,SlowAccept
1785248927070,true,1785248927109,FastAccept
1785248933051,false,1785248933091,FastAccept
1785248936668,true,1785248936708,FastAccept
1785248936682,false,1785248936722,FastAccept
1785248936698,false,1785248936737,FastAccept
1785248936712,true,1785248936751,FastAccept
1785248936727,true,1785248936767,FastAccept
1785248936742,false,1785248936782,FastAccept
1785248936757,true,1785248936796,FastAccept
1785248936773,true,1785248936812,FastAccept
1785248936788,false,1785248936827,FastAccept
1785248936804,true,1785248936843,FastAccept
1785248936819,true,1785248936858,FastAccept
1785248936835,true,1785248936875,FastAccept
1785248936851,true,1785248936890,FastAccept
1785248936868,false,1785248936907,FastAccept
1785248936884,false,1785248936924,FastAccept
1785248936901,true,1785248936940,FastAccept
1785248936917,true,1785248936956,FastAccept
1785248936934,true,1785248936973,FastAccept
1785248936950,false,1785248936990,FastAccept
1785248936968,false,1785248937007,FastAccept
1785248936984,true,1785248937023,FastAccept
1785248937002,false,1785248937041,FastAccept
1785248937019,true,1785248937059,FastAccept
1785248937036,true,1785248937077,FastAccept
1785248937053,true,1785248937093,FastAccept
1785248937070,false,1785248937109,FastAccept
1785248937088,false,1785248937127,FastAccept
1785248937105,true,1785248937144,FastAccept
1785248937123,false,1785248937162,FastAccept
1785248937141,true,1785248937180,FastAccept
1785248937159,false,1785248937198,FastAccept
1785248937177,false,1785248937217,FastAccept
1785248937197,true,1785248937236,FastAccept
1785248937216,true,1785248937255,FastAccept
1785248937234,true,1785248937273,FastAccept
1785248937253,false,1785248937292,FastAccept
1785248937272,true,1785248937311,FastAccept
1785248937291,true,1785248937330,FastAccept
1785248937310,true,1785248937350,FastAccept
1785248937330,false,1785248937368,FastAccept
1785248937349,true,1785248937388,FastAccept
1785248937369,false,1785248937408,FastAccept
1785248937390,true,1785248937429,FastAccept
1785248937411,false,1785248937451,FastAccept
1785248937433,false,1785248937472,FastAccept
1785248937453,true,1785248937493,FastAccept
1785248937474,false,1785248937513,FastAccept
1785248937495,true,1785248937535,FastAccept
1785248937518,false,1785248937557,FastAccept
1785248937539,true,1785248937579,FastAccept
1785248937561,true,1785248937601,FastAccept
1785248937583,true,1785248937622,FastAccept
1785248937605,false,1785248937645,FastAccept
1785248937627,false,1785248937666,FastAccept
1785248937650,true,1785248937689,FastAccept
1785248937674,true,1785248937713,FastAccept
1785248937697,false,1785248937737,FastAccept
1785248937721,true,1785248937761,FastAccept
1785248937745,false,1785248937784,FastAccept
1785248937769,false,1785248937808,FastAccept
1785248937793,true,1785248937833,FastAccept
1785248937819,false,1785248937858,FastAccept
1785248937843,false,1785248937883,FastAccept
1785248937868,true,1785248937908,FastAccept
1785248937895,false,1785248937934,FastAccept
1785248937920,true,1785248937960,FastAccept
1785248937946,true,1785248937986,FastAccept
1785248937974,false,1785248938013,FastAccept
1785248938002,true,1785248938041,FastAccept
1785248938029,true,1785248938069,FastAccept
1785248938057,true,1785248938097,FastAccept
1785248938085,true,1785248938125,FastAccept
1785248938113,false,1785248938152,FastAccept
1785248938143,true,1785248938182,FastAccept
1785248938172,true,1785248938212,FastAccept
1785248938203,true,1785248938242,FastAccept
1785248938232,true,1785248938271,FastAccept
1785248938262,true,1785248938302,FastAccept
1785248938293,true,1785248938333,FastAccept
1785248938325,false,1785248938365,FastAccept
1785248938357,true,1785248938423,LeaderAccept
1785248938389,true,1785248938443,LeaderAccept
1785248938422,false,1785248938461,FastAccept
1785248938456,true,1785248938496,FastAccept
1785248938491,true,1785248938530,FastAccept
1785248938525,true,1785248938564,FastAccept
1785248938560,false,1785248938600,FastAccept
1785248938597,true,1785248938636,FastAccept
1785248938633,false,1785248938672,FastAccept
1785248938670,false,1785248938710,FastAccept
1785248938709,false,1785248938748,FastAccept
1785248938747,true,1785248938787,FastAccept
1785248938786,false,1785248938826,FastAccept
1785248938826,false,1785248938865,FastAccept
1785248938866,false,1785248938906,FastAccept
1785248938908,false,1785248938947,FastAccept
1785248938951,false,1785248938990,FastAccept
1785248938994,false,1785248939034,FastAccept
1785248939038,true,1785248939078,FastAccept
1785248939084,true,1785248939123,FastAccept
1785248939130,true,1785248939170,FastAccept
1785248939177,true,1785248939216,FastAccept
1785248939225,true,1785248939265,FastAccept
1785248939276,true,1785248939315,FastAccept
1785248939326,false,1785248939366,FastAccept
1785248939378,true,1785248939417,FastAccept
1785248939431,false,1785248939471,FastAccept
1785248939486,true,1785248939526,FastAccept
1785248939542,true,1785248939582,FastAccept
1785248939600,false,1785248939640,FastAccept
1785248939659,false,1785248939698,FastAccept
1785248939720,false,1785248939759,FastAccept
1785248939784,true,1785248939823,FastAccept
1785248939849,true,1785248939889,FastAccept
1785248939917,true,1785248939957,FastAccept
1785248939987,false,1785248940026,FastAccept
1785248940059,false,1785248940099,FastAccept
1785248940134,true,1785248940174,FastAccept
1785248940212,false,1785248940251,FastAccept
1785248940293,true,1785248940332,FastAccept
1785248940376,true,1785248940416,FastAccept
1785248940464,false,1785248940504,FastAccept
1785248940556,false,1785248940595,FastAccept
1785248940651,true,1785248940691,FastAccept
1785248940752,true,1785248940791,FastAccept
1785248940857,false,1785248940896,FastAccept
1785248940968,false,1785248941007,FastAccept
1785248941085,false,1785248941124,FastAccept
1785248941208,false,1785248941248,FastAccept
1785248941340,true,1785248941413,LeaderAccept
1785248941481,true,1785248941542,LeaderAccept
1785248941633,false,1785248941683,LeaderAccept
1785248941795,false,1785248941845,LeaderAccept
1785248941971,true,1785248942021,LeaderAccept
1785248942163,true,1785248942213,LeaderAccept
1785248942374,true,1785248942424,LeaderAccept
1785248942609,true,1785248942659,LeaderAccept
1785248942873,true,1785248942923,LeaderAccept
1785248943175,false,1785248943224,LeaderAccept
1785248943526,true,1785248943566,FastAccept
1785248943943,false,1785248943982,FastAccept
1785248944457,false,1785248944496,FastAccept
1785248945121,true,1785248945161,FastAccept
1785248946047,true,1785248946086,FastAccept
1785248947515,true,1785248947555,FastAccept
1785248950575,false,1785248950615,FastAccept
1785248964702,true,1785248964742,FastAccept
1785248989630,true,1785248989669,FastAccept
1785248989657,true,1785248989696,FastAccept
1785248989685,false,1785248989725,FastAccept
1785248989714,true,1785248989753,FastAccept
1785248989742,false,1785248989781,FastAccept
1785248989771,true,1785248989811,FastAccept
1785248989802,false,1785248989841,FastAccept
1785248989831,true,1785248989871,FastAccept
1785248989861,false,1785248989901,FastAccept
1785248989892,true,1785248989932,FastAccept
1785248989923,true,1785248989963,FastAccept
1785248989956,true,1785248989995,FastAccept
1785248989988,false,1785248990028,FastAccept
1785248990021,true,1785248990061,FastAccept
1785248990054,true,1785248990093,FastAccept
1785248990088,false,1785248990127,FastAccept
1785248990123,false,1785248990162,FastAccept
1785248990157,true,1785248990197,FastAccept
1785248990192,true,1785248990232,FastAccept
1785248990228,true,1785248990268,FastAccept
1785248990264,false,1785248990303,FastAccept
1785248990301,true,1785248990341,FastAccept
1785248990340,false,1785248990379,FastAccept
1785248990378,false,1785248990417,FastAccept
1785248990417,false,1785248990457,FastAccept
1785248990457,true,1785248990496,FastAccept
1785248990498,false,1785248990538,FastAccept
1785248990540,true,1785248990579,FastAccept
1785248990583,false,1785248990623,FastAccept
1785248990627,true,1785248990666,FastAccept
1785248990672,false,1785248990711,FastAccept
1785248990717,true,1785248990757,FastAccept
1785248990764,false,1785248990803,FastAccept
1785248990811,false,1785248990851,FastAccept
1785248990861,true,1785248990901,FastAccept
1785248990911,true,1785248990950,FastAccept
1785248990963,false,1785248991003,FastAccept
1785248991015,false,1785248991054,FastAccept
1785248991070,true,1785248991110,FastAccept
1785248991125,true,1785248991165,FastAccept
1785248991182,true,1785248991221,FastAccept
1785248991241,true,1785248991280,FastAccept
1785248991302,false,1785248991341,FastAccept
1785248991364,true,1785248991404,FastAccept
1785248991428,true,1785248991467,FastAccept
1785248991494,true,1785248991533,FastAccept
1785248991561,true,1785248991601,FastAccept
1785248991631,false,1785248991671,FastAccept
1785248991704,false,1785248991744,FastAccept
1785248991780,false,1785248991820,FastAccept
1785248991859,true,1785248991899,FastAccept
1785248991942,true,1785248991981,FastAccept
1785248992026,true,1785248992066,FastAccept
1785248992115,false,1785248992155,FastAccept
1785248992208,false,1785248992248,FastAccept
1785248992304,true,1785248992344,FastAccept
1785248992405,false,1785248992445,FastAccept
1785248992511,false,1785248992550,FastAccept
1785248992624,false,1785248992663,FastAccept
1785248992743,false,1785248992782,FastAccept
1785248992870,true,1785248992909,FastAccept
1785248993005,false,1785248993044,FastAccept
1785248993149,false,1785248993188,FastAccept
1785248993303,true,1785248993343,FastAccept
1785248993470,true,1785248993510,FastAccept
1785248993651,false,1785248993691,FastAccept
1785248993849,false,1785248993888,FastAccept
1785248994067,true,1785248994107,FastAccept
1785248994310,true,1785248994387,LeaderAccept
1785248994585,false,1785248994640,LeaderAccept
1785248994901,true,1785248994951,LeaderAccept
1785248995270,true,1785248995320,LeaderAccept
1785248995715,true,1785248995764,LeaderAccept
1785248996269,true,1785248996319,LeaderAccept
1785248996999,false,1785248997039,FastAccept
1785248998052,true,1785248998111,SlowAccept
1785248999832,false,1785248999886,LeaderAccept
1785249004165,true,1785249004204,FastAccept
1785249038359,true,1785249038399,FastAccept
1785249038374,true,1785249038414,FastAccept
1785249038391,false,1785249038430,FastAccept
1785249038407,true,1785249038447,FastAccept
1785249038423,true,1785249038462,FastAccept
1785249038438,false,1785249038477,FastAccept
1785249038454,false,1785249038493,FastAccept
1785249038470,false,1785249038510,FastAccept
1785249038486,false,1785249038526,FastAccept
1785249038503,false,1785249038543,FastAccept
1785249038520,true,1785249038560,FastAccept
1785249038536,false,1785249038576,FastAccept
1785249038553,false,1785249038592,FastAccept
1785249038569,true,1785249038609,FastAccept
1785249038587,false,1785249038627,FastAccept
1785249038604,false,1785249038644,FastAccept
1785249038621,true,1785249038660,FastAccept
1785249038638,true,1785249038679,FastAccept
1785249038655,true,1785249038694,FastAccept
1785249038672,false,1785249038712,FastAccept
1785249038691,false,1785249038730,FastAccept
1785249038709,true,1785249038748,FastAccept
1785249038728,false,1785249038767,FastAccept
1785249038746,false,1785249038785,FastAccept
1785249038765,true,1785249038804,FastAccept
1785249038783,false,1785249038822,FastAccept
1785249038803,true,1785249038867,LeaderAccept
1785249038821,true,1785249038884,LeaderAccept
1785249038840,false,1785249038896,LeaderAccept
1785249038860,false,1785249038909,LeaderAccept
1785249038880,false,1785249038929,LeaderAccept
1785249038900,false,1785249038948,LeaderAccept
1785249038919,true,1785249038969,LeaderAccept
1785249038939,false,1785249038989,LeaderAccept
1785249038959,false,1785249039010,LeaderAccept
1785249038980,true,1785249039030,LeaderAccept
1785249039001,false,1785249039050,LeaderAccept
1785249039021,false,1785249039071,LeaderAccept
1785249039042,false,1785249039092,LeaderAccept
1785249039064,false,1785249039113,LeaderAccept
1785249039085,true,1785249039134,LeaderAccept
1785249039106,false,1785249039156,LeaderAccept
1785249039127,true,1785249039176,LeaderAccept
1785249039149,false,1785249039198,LeaderAccept
1785249039171,false,1785249039220,LeaderAccept
1785249039193,false,1785249039243,LeaderAccept
1785249039216,false,1785249039266,LeaderAccept
1785249039239,true,1785249039289,LeaderAccept
1785249039262,false,1785249039312,LeaderAccept
1785249039285,false,1785249039335,LeaderAccept
1785249039309,true,1785249039358,LeaderAccept
1785249039333,true,1785249039382,LeaderAccept
1785249039357,true,1785249039407,LeaderAccept
1785249039382,true,1785249039431,LeaderAccept
1785249039406,true,1785249039455,LeaderAccept
1785249039431,false,1785249039480,LeaderAccept
1785249039456,true,1785249039506,LeaderAccept
1785249039482,false,1785249039532,LeaderAccept
1785249039508,true,1785249039557,LeaderAccept
1785249039534,false,1785249039583,LeaderAccept
1785249039561,true,1785249039611,LeaderAccept
1785249039588,true,1785249039638,LeaderAccept
1785249039616,false,1785249039665,LeaderAccept
1785249039644,true,1785249039694,LeaderAccept
1785249039672,true,1785249039721,LeaderAccept
1785249039701,true,1785249039750,LeaderAccept
1785249039730,false,1785249039780,LeaderAccept
1785249039761,false,1785249039810,LeaderAccept
1785249039790,false,1785249039839,LeaderAccept
1785249039821,false,1785249039870,LeaderAccept
1785249039851,false,1785249039901,LeaderAccept
1785249039882,true,1785249039932,LeaderAccept
1785249039914,false,1785249039965,LeaderAccept
1785249039947,true,1785249039997,LeaderAccept
1785249039980,false,1785249040029,LeaderAccept
1785249040013,false,1785249040063,LeaderAccept
1785249040047,false,1785249040096,LeaderAccept
1785249040081,false,1785249040131,LeaderAccept
1785249040115,false,1785249040165,LeaderAccept
1785249040151,false,1785249040200,LeaderAccept
1785249040187,false,1785249040237,LeaderAccept
1785249040223,false,1785249040273,LeaderAccept
1785249040260,false,1785249040310,LeaderAccept
1785249040298,false,1785249040348,LeaderAccept
1785249040338,false,1785249040387,LeaderAccept
1785249040378,true,1785249040427,LeaderAccept
1785249040419,true,1785249040468,LeaderAccept
1785249040460,true,1785249040509,LeaderAccept
1785249040501,false,1785249040551,LeaderAccept
1785249040543,true,1785249040593,LeaderAccept
1785249040588,true,1785249040638,LeaderAccept
1785249040632,false,1785249040682,LeaderAccept
1785249040678,true,1785249040727,LeaderAccept
1785249040725,false,1785249040774,LeaderAccept
1785249040773,false,1785249040822,LeaderAccept
1785249040821,true,1785249040871,LeaderAccept
1785249040871,true,1785249040920,LeaderAccept
1785249040922,false,1785249040972,LeaderAccept
1785249040974,true,1785249041023,LeaderAccept
1785249041029,true,1785249041078,LeaderAccept
1785249041084,true,1785249041134,LeaderAccept
1785249041142,false,1785249041191,LeaderAccept
1785249041201,true,1785249041250,LeaderAccept
1785249041261,true,1785249041311,LeaderAccept
1785249041324,false,1785249041374,LeaderAccept
1785249041387,true,1785249041437,LeaderAccept
1785249041453,true,1785249041503,LeaderAccept
1785249041521,true,1785249041570,LeaderAccept
1785249041591,true,1785249041641,LeaderAccept
1785249041664,true,1785249041714,LeaderAccept
1785249041739,false,1785249041789,LeaderAccept
1785249041817,false,1785249041867,LeaderAccept
1785249041898,true,1785249041948,LeaderAccept
1785249041983,true,1785249042033,LeaderAccept
1785249042071,false,1785249042120,LeaderAccept
1785249042164,true,1785249042213,LeaderAccept
1785249042260,false,1785249042311,LeaderAccept
1785249042362,false,1785249042413,LeaderAccept
1785249042468,false,1785249042517,LeaderAccept
1785249042580,false,1785249042631,LeaderAccept
1785249042699,true,1785249042749,LeaderAccept
1785249042825,false,1785249042875,LeaderAccept
1785249042959,false,1785249043009,LeaderAccept
1785249043102,false,1785249043152,LeaderAccept
1785249043257,true,1785249043308,LeaderAccept
1785249043422,false,1785249043462,FastAccept
1785249043602,false,1785249043667,LeaderAccept
1785249043799,true,1785249043839,FastAccept
1785249044016,true,1785249044055,FastAccept
1785249044259,false,1785249044298,FastAccept
1785249044532,true,1785249044572,FastAccept
1785249044845,false,1785249044885,FastAccept
1785249045212,true,1785249045251,FastAccept
1785249045652,true,1785249045691,FastAccept
1785249046199,false,1785249046238,FastAccept
1785249046917,true,1785249046957,FastAccept
1785249047947,true,1785249047986,FastAccept
1785249049668,true,1785249049708,FastAccept
1785249053738,false,1785249053778,FastAccept
1785249079853,false,1785249079903,LeaderAccept
1785249079879,true,1785249079929,LeaderAccept
1785249079906,false,1785249079955,LeaderAccept
1785249079933,true,1785249079982,LeaderAccept
1785249079961,false,1785249080010,LeaderAccept
1785249079990,false,1785249080039,LeaderAccept
1785249080019,false,1785249080068,LeaderAccept
1785249080048,false,1785249080098,LeaderAccept
1785249080078,false,1785249080128,LeaderAccept
1785249080108,true,1785249080157,LeaderAccept
1785249080138,true,1785249080187,LeaderAccept
1785249080169,true,1785249080218,LeaderAccept
1785249080200,true,1785249080250,LeaderAccept
1785249080233,true,1785249080282,LeaderAccept
1785249080265,false,1785249080315,LeaderAccept
1785249080298,true,1785249080348,LeaderAccept
1785249080332,false,1785249080382,LeaderAccept
1785249080366,false,1785249080416,LeaderAccept
1785249080401,true,1785249080450,LeaderAccept
1785249080437,false,1785249080486,LeaderAccept
1785249080473,true,1785249080523,LeaderAccept
1785249080509,false,1785249080558,LeaderAccept
1785249080546,false,1785249080595,LeaderAccept
1785249080583,true,1785249080633,LeaderAccept
1785249080622,false,1785249080672,LeaderAccept
1785249080661,false,1785249080711,LeaderAccept
1785249080701,true,1785249080751,LeaderAccept
1785249080741,false,1785249080791,LeaderAccept
1785249080782,true,1785249080831,LeaderAccept
1785249080824,false,1785249080874,LeaderAccept
1785249080867,true,1785249080917,LeaderAccept
1785249080911,false,1785249080962,LeaderAccept
1785249080957,false,1785249081006,LeaderAccept
1785249081002,false,1785249081053,LeaderAccept
1785249081050,true,1785249081099,LeaderAccept
1785249081099,true,1785249081149,LeaderAccept
1785249081149,true,1785249081198,LeaderAccept
1785249081199,false,1785249081249,LeaderAccept
1785249081251,true,1785249081302,LeaderAccept
1785249081305,false,1785249081355,LeaderAccept
1785249081359,false,1785249081409,LeaderAccept
1785249081415,false,1785249081465,LeaderAccept
1785249081472,true,1785249081522,LeaderAccept
1785249081531,true,1785249081581,LeaderAccept
1785249081593,false,1785249081643,LeaderAccept
1785249081655,false,1785249081705,LeaderAccept
1785249081721,true,1785249081771,LeaderAccept
1785249081787,true,1785249081837,LeaderAccept
1785249081856,false,1785249081906,LeaderAccept
1785249081927,true,1785249081976,LeaderAccept
1785249082001,false,1785249082051,LeaderAccept
1785249082078,true,1785249082128,LeaderAccept
1785249082158,true,1785249082208,LeaderAccept
1785249082241,false,1785249082294,LeaderAccept
1785249082329,true,1785249082385,LeaderAccept
1785249082419,false,1785249082485,LeaderAccept
1785249082513,true,1785249082585,SlowAccept
1785249082612,false,1785249082652,FastAccept
1785249082716,false,1785249082756,FastAccept
1785249082825,false,1785249082865,FastAccept
1785249082940,false,1785249082980,FastAccept
1785249083062,true,1785249083102,FastAccept
1785249083192,true,1785249083232,FastAccept
1785249083332,false,1785249083399,LeaderAccept
1785249083481,true,1785249083521,FastAccept
1785249083640,true,1785249083680,FastAccept
1785249083813,true,1785249083853,FastAccept
1785249084001,true,1785249084041,FastAccept
1785249084208,false,1785249084277,SlowAccept
1785249084437,true,1785249084476,FastAccept
1785249084694,false,1785249084734,FastAccept
1785249084985,true,1785249085025,FastAccept
1785249085322,true,1785249085362,FastAccept
1785249085721,true,1785249085761,FastAccept
1785249086208,false,1785249086248,FastAccept
1785249086829,true,1785249086869,FastAccept
1785249087676,false,1785249087730,LeaderAccept
1785249088968,false,1785249089034,LeaderAccept
1785249091432,false,1785249091481,LeaderAccept
1785249099877,false,1785249099926,LeaderAccept
1785249113207,false,1785249113257,LeaderAccept
1785249113243,true,1785249113293,LeaderAccept
1785249113281,false,1785249113331,LeaderAccept
1785249113319,false,1785249113369,LeaderAccept
1785249113358,true,1785249113408,LeaderAccept
1785249113397,true,1785249113447,LeaderAccept
1785249113437,true,1785249113487,LeaderAccept
1785249113478,true,1785249113528,LeaderAccept
1785249113520,false,1785249113570,LeaderAccept
1785249113563,true,1785249113613,LeaderAccept
1785249113607,false,1785249113656,LeaderAccept
1785249113651,true,1785249113700,LeaderAccept
1785249113696,true,1785249113746,LeaderAccept
1785249113743,false,1785249113793,LeaderAccept
1785249113791,false,1785249113840,LeaderAccept
1785249113840,false,1785249113890,LeaderAccept
1785249113890,true,1785249113939,LeaderAccept
1785249113942,false,1785249113991,LeaderAccept
1785249113994,true,1785249114044,LeaderAccept
1785249114048,true,1785249114098,LeaderAccept
1785249114103,false,1785249114152,LeaderAccept
1785249114160,true,1785249114210,LeaderAccept
1785249114219,true,1785249114269,LeaderAccept
1785249114279,true,1785249114329,LeaderAccept
1785249114341,true,1785249114391,LeaderAccept
1785249114406,false,1785249114455,LeaderAccept
1785249114473,true,1785249114523,LeaderAccept
1785249114541,true,1785249114591,LeaderAccept
1785249114612,false,1785249114662,LeaderAccept
1785249114685,false,1785249114734,LeaderAccept
1785249114762,true,1785249114811,LeaderAccept
1785249114840,false,1785249114890,LeaderAccept
1785249114922,true,1785249114971,LeaderAccept
1785249115007,true,1785249115057,LeaderAccept
1785249115096,false,1785249115146,LeaderAccept
1785249115189,false,1785249115239,LeaderAccept
1785249115286,false,1785249115337,LeaderAccept
1785249115388,false,1785249115437,LeaderAccept
1785249115496,true,1785249115545,LeaderAccept
1785249115609,false,1785249115659,LeaderAccept
1785249115729,true,1785249115778,LeaderAccept
1785249115857,true,1785249115906,LeaderAccept
1785249115993,true,1785249116043,LeaderAccept
1785249116138,true,1785249116188,LeaderAccept
1785249116294,true,1785249116344,LeaderAccept
1785249116462,true,1785249116515,LeaderAccept
1785249116645,false,1785249116702,LeaderAccept
1785249116846,false,1785249116914,SlowAccept
1785249117067,false,1785249117125,LeaderAccept
1785249117315,false,1785249117354,FastAccept
1785249117594,false,1785249117634,FastAccept
1785249117916,false,1785249117956,FastAccept
1785249118294,true,1785249118335,FastAccept
1785249118750,true,1785249118790,FastAccept
1785249119323,true,1785249119363,FastAccept
1785249120084,false,1785249120124,FastAccept
1785249121197,true,1785249121248,LeaderAccept
1785249123138,true,1785249123178,FastAccept
1785249128259,true,1785249128310,LeaderAccept
1785249178226,true,1785249178275,LeaderAccept
1785249178243,false,1785249178294,LeaderAccept
1785249178260,false,1785249178309,LeaderAccept
1785249178277,false,1785249178327,LeaderAccept
1785249178295,true,1785249178344,LeaderAccept
1785249178314,false,1785249178369,LeaderAccept
1785249178331,true,1785249178381,LeaderAccept
1785249178349,false,1785249178399,LeaderAccept
1785249178369,true,1785249178418,LeaderAccept
1785249178387,false,1785249178437,LeaderAccept
1785249178406,false,1785249178456,LeaderAccept
1785249178425,false,1785249178475,LeaderAccept
1785249178444,true,1785249178494,LeaderAccept
1785249178463,false,1785249178513,LeaderAccept
1785249178482,true,1785249178531,LeaderAccept
1785249178502,false,1785249178551,LeaderAccept
1785249178521,false,1785249178571,LeaderAccept
1785249178541,false,1785249178591,LeaderAccept
1785249178561,false,1785249178611,LeaderAccept
1785249178581,true,1785249178631,LeaderAccept
1785249178603,false,1785249178651,LeaderAccept
1785249178623,true,1785249178672,LeaderAccept
1785249178643,true,1785249178692,LeaderAccept
1785249178665,false,1785249178714,LeaderAccept
1785249178686,false,1785249178736,LeaderAccept
1785249178708,false,1785249178757,LeaderAccept
1785249178729,false,1785249178779,LeaderAccept
1785249178751,true,1785249178800,LeaderAccept
1785249178773,false,1785249178822,LeaderAccept
1785249178795,false,1785249178844,LeaderAccept
1785249178818,true,1785249178867,LeaderAccept
1785249178840,true,1785249178890,LeaderAccept
1785249178863,false,1785249178912,LeaderAccept
1785249178886,true,1785249178936,LeaderAccept
1785249178911,true,1785249178961,LeaderAccept
1785249178934,true,1785249178984,LeaderAccept
1785249178958,false,1785249179008,LeaderAccept
1785249178983,false,1785249179032,LeaderAccept
1785249179007,false,1785249179057,LeaderAccept
1785249179032,true,1785249179082,LeaderAccept
1785249179058,false,1785249179107,LeaderAccept
1785249179083,true,1785249179132,LeaderAccept
1785249179109,false,1785249179158,LeaderAccept
1785249179136,false,1785249179185,LeaderAccept
1785249179162,false,1785249179211,LeaderAccept
1785249179190,true,1785249179239,LeaderAccept
1785249179217,true,1785249179267,LeaderAccept
1785249179246,false,1785249179295,LeaderAccept
1785249179274,true,1785249179324,LeaderAccept
1785249179302,true,1785249179351,LeaderAccept
1785249179331,false,1785249179380,LeaderAccept
1785249179360,true,1785249179409,LeaderAccept
1785249179391,true,1785249179440,LeaderAccept
1785249179422,true,1785249179471,LeaderAccept
1785249179452,false,1785249179502,LeaderAccept
1785249179483,true,1785249179532,LeaderAccept
1785249179515,true,1785249179565,LeaderAccept
1785249179548,false,1785249179597,LeaderAccept
1785249179580,false,1785249179630,LeaderAccept
1785249179613,false,1785249179662,LeaderAccept
1785249179647,false,1785249179696,LeaderAccept
1785249179682,true,1785249179732,LeaderAccept
1785249179716,false,1785249179766,LeaderAccept
1785249179752,false,1785249179803,LeaderAccept
1785249179788,true,1785249179838,LeaderAccept
1785249179825,true,1785249179874,LeaderAccept
1785249179862,false,1785249179912,LeaderAccept
1785249179900,true,1785249179949,LeaderAccept
1785249179939,false,1785249179988,LeaderAccept
1785249179978,false,1785249180028,LeaderAccept
1785249180018,false,1785249180068,LeaderAccept
1785249180059,true,1785249180109,LeaderAccept
1785249180101,false,1785249180151,LeaderAccept
1785249180143,true,1785249180193,LeaderAccept
1785249180187,true,1785249180237,LeaderAccept
1785249180232,true,1785249180282,LeaderAccept
1785249180277,true,1785249180326,LeaderAccept
1785249180323,true,1785249180373,LeaderAccept
1785249180371,true,1785249180420,LeaderAccept
1785249180420,false,1785249180469,LeaderAccept
1785249180469,true,1785249180519,LeaderAccept
1785249180520,false,1785249180570,LeaderAccept
1785249180572,true,1785249180622,LeaderAccept
1785249180625,false,1785249180675,LeaderAccept
1785249180680,false,1785249180730,LeaderAccept
1785249180736,true,1785249180786,LeaderAccept
1785249180795,true,1785249180845,LeaderAccept
1785249180855,true,1785249180904,LeaderAccept
1785249180916,true,1785249180966,LeaderAccept
1785249180979,true,1785249181030,LeaderAccept
1785249181046,false,1785249181096,LeaderAccept
1785249181113,true,1785249181162,LeaderAccept
1785249181183,true,1785249181232,LeaderAccept
1785249181256,true,1785249181306,LeaderAccept
1785249181330,false,1785249181380,LeaderAccept
1785249181407,false,1785249181457,LeaderAccept
1785249181488,true,1785249181539,LeaderAccept
1785249181572,true,1785249181622,LeaderAccept
1785249181659,true,1785249181699,FastAccept
1785249181751,true,1785249181809,LeaderAccept
1785249181846,false,1785249181896,LeaderAccept
1785249181946,false,1785249181986,FastAccept
1785249182052,true,1785249182091,FastAccept
1785249182162,true,1785249182202,FastAccept
1785249182279,false,1785249182340,SlowAccept
1785249182403,true,1785249182453,LeaderAccept
1785249182535,true,1785249182575,FastAccept
1785249182676,true,1785249182716,FastAccept
1785249182827,false,1785249182867,FastAccept
1785249182990,false,1785249183029,FastAccept
1785249183167,false,1785249183218,LeaderAccept
1785249183359,true,1785249183399,FastAccept
1785249183571,true,1785249183611,FastAccept
1785249183806,false,1785249183845,FastAccept
1785249184071,true,1785249184110,FastAccept
1785249184373,false,1785249184412,FastAccept
1785249184724,true,1785249184764,FastAccept
1785249185142,false,1785249185181,FastAccept
1785249185657,true,1785249185696,FastAccept
1785249186323,true,1785249186362,FastAccept
1785249187253,true,1785249187292,FastAccept
1785249188731,true,1785249188784,LeaderAccept
1785249191826,false,1785249191866,FastAccept
1785249200178,false,1785249200217,FastAccept
1785249200211,true,1785249200250,FastAccept
1785249200244,false,1785249200284,FastAccept
1785249200278,true,1785249200317,FastAccept
1785249200311,false,1785249200351,FastAccept
1785249200346,true,1785249200385,FastAccept
1785249200380,false,1785249200419,FastAccept
1785249200415,false,1785249200454,FastAccept
1785249200451,false,1785249200491,FastAccept
1785249200488,true,1785249200528,FastAccept
1785249200526,true,1785249200566,FastAccept
1785249200564,true,1785249200603,FastAccept
1785249200603,true,1785249200642,FastAccept
1785249200642,true,1785249200682,FastAccept
1785249200682,false,1785249200722,FastAccept
1785249200724,true,1785249200763,FastAccept
1785249200765,false,1785249200818,FastAccept
1785249200809,false,1785249200860,LeaderAccept
1785249200852,true,1785249200921,LeaderAccept
1785249200897,true,1785249200947,LeaderAccept
1785249200944,true,1785249200999,LeaderAccept
1785249200990,false,1785249201062,SlowAccept
1785249201038,false,1785249201089,LeaderAccept
1785249201087,false,1785249201144,LeaderAccept
1785249201137,false,1785249201190,FastAccept
1785249201188,true,1785249201238,LeaderAccept
1785249201241,true,1785249201310,LeaderAccept
1785249201295,false,1785249201345,LeaderAccept
1785249201351,true,1785249201400,LeaderAccept
1785249201407,true,1785249201458,LeaderAccept
1785249201467,true,1785249201516,LeaderAccept
1785249201527,false,1785249201578,LeaderAccept
1785249201589,false,1785249201639,LeaderAccept
1785249201654,false,1785249201703,LeaderAccept
1785249201719,false,1785249201769,LeaderAccept
1785249201788,true,1785249201838,LeaderAccept
1785249201858,true,1785249201907,LeaderAccept
1785249201931,true,1785249201981,LeaderAccept
1785249202007,false,1785249202057,LeaderAccept
1785249202085,true,1785249202135,LeaderAccept
1785249202166,true,1785249202216,LeaderAccept
1785249202251,true,1785249202302,LeaderAccept
1785249202340,false,1785249202389,LeaderAccept
1785249202432,false,1785249202482,LeaderAccept
1785249202530,true,1785249202579,LeaderAccept
1785249202631,true,1785249202681,LeaderAccept
1785249202739,true,1785249202788,LeaderAccept
1785249202852,false,1785249202901,LeaderAccept
1785249202972,true,1785249203025,FastAccept
1785249203098,false,1785249203137,FastAccept
1785249203233,false,1785249203283,LeaderAccept
1785249203376,false,1785249203416,FastAccept
1785249203532,false,1785249203571,FastAccept
1785249203698,true,1785249203755,LeaderAccept
1785249203881,true,1785249203920,FastAccept
1785249204080,false,1785249204120,FastAccept
1785249204299,false,1785249204352,FastAccept
1785249204544,true,1785249204584,FastAccept
1785249204820,true,1785249204860,FastAccept
1785249205137,true,1785249205177,FastAccept
1785249205509,false,1785249205549,FastAccept
1785249205958,true,1785249206027,SlowAccept
1785249206518,true,1785249206557,FastAccept
1785249207257,false,1785249207296,FastAccept
1785249208327,true,1785249208377,LeaderAccept
1785249210154,false,1785249210205,LeaderAccept
1785249214706,true,1785249214756,LeaderAccept
1785249220795,true,1785249220835,FastAccept
1785249220817,true,1785249220857,FastAccept
1785249220837,false,1785249220876,FastAccept
1785249220858,true,1785249220897,FastAccept
1785249220879,false,1785249220919,FastAccept
1785249220901,false,1785249220941,FastAccept
1785249220923,true,1785249220962,FastAccept
1785249220945,true,1785249220985,FastAccept
1785249220967,true,1785249221008,FastAccept
1785249220989,false,1785249221029,FastAccept
1785249221011,false,1785249221051,FastAccept
1785249221034,true,1785249221073,FastAccept
1785249221058,false,1785249221097,FastAccept
1785249221081,false,1785249221121,FastAccept
1785249221104,true,1785249221144,FastAccept
1785249221129,true,1785249221168,FastAccept
1785249221153,true,1785249221192,FastAccept
1785249221178,false,1785249221217,FastAccept
1785249221203,false,1785249221242,FastAccept
1785249221227,false,1785249221267,FastAccept
1785249221252,true,1785249221292,FastAccept
1785249221278,true,1785249221318,FastAccept
1785249221303,true,1785249221343,FastAccept
1785249221329,false,1785249221369,FastAccept
1785249221356,false,1785249221396,FastAccept
1785249221382,true,1785249221421,FastAccept
1785249221410,true,1785249221449,FastAccept
1785249221437,true,1785249221477,FastAccept
1785249221466,false,1785249221505,FastAccept
1785249221494,true,1785249221534,FastAccept
1785249221524,true,1785249221564,FastAccept
1785249221554,false,1785249221593,FastAccept
1785249221584,false,1785249221623,FastAccept
1785249221613,true,1785249221653,FastAccept
1785249221643,false,1785249221683,FastAccept
1785249221674,false,1785249221725,LeaderAccept
1785249221705,false,1785249221744,FastAccept
1785249221737,true,1785249221776,FastAccept
1785249221769,false,1785249221825,LeaderAccept
1785249221803,false,1785249221853,LeaderAccept
1785249221836,true,1785249221876,FastAccept
1785249221871,true,1785249221911,FastAccept
1785249221905,false,1785249221944,FastAccept
1785249221940,false,1785249221979,FastAccept
1785249221975,true,1785249222015,FastAccept
1785249222011,false,1785249222051,FastAccept
1785249222048,true,1785249222088,FastAccept
1785249222085,true,1785249222125,FastAccept
1785249222123,false,1785249222162,FastAccept
1785249222161,true,1785249222201,FastAccept
1785249222200,false,1785249222240,FastAccept
1785249222240,true,1785249222279,FastAccept
1785249222281,true,1785249222321,FastAccept
1785249222323,false,1785249222363,FastAccept
1785249222366,true,1785249222405,FastAccept
1785249222409,false,1785249222449,FastAccept
1785249222454,false,1785249222493,FastAccept
1785249222500,false,1785249222551,LeaderAccept
1785249222546,true,1785249222585,FastAccept
1785249222593,false,1785249222633,FastAccept
1785249222643,false,1785249222682,FastAccept
1785249222692,false,1785249222732,FastAccept
1785249222743,true,1785249222783,FastAccept
1785249222796,true,1785249222836,FastAccept
1785249222851,false,1785249222891,FastAccept
1785249222907,false,1785249222946,FastAccept
1785249222964,true,1785249223003,FastAccept
1785249223022,true,1785249223062,FastAccept
1785249223082,false,1785249223122,FastAccept
1785249223144,false,1785249223184,FastAccept
1785249223208,true,1785249223248,FastAccept
1785249223274,true,1785249223314,FastAccept
1785249223342,true,1785249223381,FastAccept
1785249223413,false,1785249223453,FastAccept
1785249223486,true,1785249223525,FastAccept
1785249223563,false,1785249223602,FastAccept
1785249223642,true,1785249223681,FastAccept
1785249223724,true,1785249223764,FastAccept
1785249223809,true,1785249223849,FastAccept
1785249223898,true,1785249223937,FastAccept
1785249223991,false,1785249224030,FastAccept
1785249224088,false,1785249224127,FastAccept
1785249224189,true,1785249224228,FastAccept
1785249224297,false,1785249224337,FastAccept
1785249224410,false,1785249224449,FastAccept
1785249224530,false,1785249224570,FastAccept
1785249224656,false,1785249224696,FastAccept
1785249224791,false,1785249224831,FastAccept
1785249224935,false,1785249224975,FastAccept
1785249225091,false,1785249225131,FastAccept
1785249225258,false,1785249225297,FastAccept
1785249225441,false,1785249225481,FastAccept
1785249225640,false,1785249225679,FastAccept
1785249225861,true,1785249225900,FastAccept
1785249226107,true,1785249226146,FastAccept
1785249226384,true,1785249226424,FastAccept
1785249226702,false,1785249226742,FastAccept
1785249227076,false,1785249227116,FastAccept
1785249227526,true,1785249227565,FastAccept
1785249228088,true,1785249228128,FastAccept
1785249228833,false,1785249228873,FastAccept
1785249229914,true,1785249229970,LeaderAccept
1785249231771,false,1785249231833,LeaderAccept
1785249236464,false,1785249236503,FastAccept
