request_time,write,response_time,accept_status
1785239744908,true,1785239744947,FastAccept
1785239745448,true,1785239745494,FastAccept
1785239746155,false,1785239746196,LeaderAccept
1785239747161,false,1785239747203,LeaderAccept
1785239748825,true,1785239748864,FastAccept
1785239752647,true,1785239752688,LeaderAccept
1785239753044,true,1785239753084,LeaderAccept
1785239753080,true,1785239753121,LeaderAccept
1785239753117,true,1785239753158,LeaderAccept
1785239753154,false,1785239753195,LeaderAccept
1785239753192,true,1785239753233,LeaderAccept
1785239753232,true,1785239753273,LeaderAccept
1785239753272,true,1785239753313,LeaderAccept
1785239753312,true,1785239753353,LeaderAccept
1785239753353,true,1785239753394,LeaderAccept
1785239753395,true,1785239753437,LeaderAccept
1785239753439,true,1785239753480,LeaderAccept
1785239753484,true,1785239753525,LeaderAccept
1785239753530,true,1785239753571,LeaderAccept
1785239753576,true,1785239753618,LeaderAccept
1785239753623,false,1785239753664,LeaderAccept
1785239753672,false,1785239753713,LeaderAccept
1785239753721,true,1785239753762,LeaderAccept
1785239753772,true,1785239753813,LeaderAccept
1785239753824,true,1785239753866,LeaderAccept
1785239753878,true,1785239753920,LeaderAccept
1785239753933,false,1785239753974,LeaderAccept
1785239753989,false,1785239754031,LeaderAccept
1785239754047,true,1785239754088,LeaderAccept
1785239754107,false,1785239754148,LeaderAccept
1785239754168,true,1785239754210,LeaderAccept
1785239754232,false,1785239754274,LeaderAccept
1785239754297,true,1785239754338,LeaderAccept
1785239754364,false,1785239754405,LeaderAccept
1785239754435,true,1785239754476,LeaderAccept
1785239754507,true,1785239754548,LeaderAccept
1785239754581,true,1785239754623,LeaderAccept
1785239754659,true,1785239754700,LeaderAccept
1785239754740,true,1785239754781,LeaderAccept
1785239754823,true,1785239754865,LeaderAccept
1785239754910,true,1785239754951,LeaderAccept
1785239755001,true,1785239755042,LeaderAccept
1785239755096,true,1785239755138,LeaderAccept
1785239755196,false,1785239755237,LeaderAccept
1785239755301,false,1785239755343,LeaderAccept
1785239755413,false,1785239755451,FastAccept
1785239755529,true,1785239755568,FastAccept
1785239755653,true,1785239755691,FastAccept
1785239755784,false,1785239755822,FastAccept
1785239755925,false,1785239755963,FastAccept
1785239756075,true,1785239756114,FastAccept
1785239756239,true,1785239756278,FastAccept
1785239756414,false,1785239756452,FastAccept
1785239756606,false,1785239756645,FastAccept
1785239756817,false,1785239756876,LeaderAccept
1785239757052,true,1785239757092,FastAccept
1785239757315,true,1785239757353,FastAccept
1785239757615,false,1785239757654,FastAccept
1785239757963,false,1785239758002,FastAccept
1785239758378,true,1785239758416,FastAccept
1785239758888,true,1785239758927,FastAccept
1785239759546,false,1785239759587,LeaderAccept
1785239760460,false,1785239760501,LeaderAccept
1785239761903,false,1785239761945,LeaderAccept
1785239764870,true,1785239764909,FastAccept
1785239777946,false,1785239778025,LeaderAccept
1785239809560,false,1785239809601,LeaderAccept
1785239809577,false,1785239809618,LeaderAccept
1785239809594,false,1785239809636,LeaderAccept
1785239809612,false,1785239809653,LeaderAccept
1785239809629,false,1785239809670,LeaderAccept
1785239809646,true,1785239809687,LeaderAccept
1785239809664,false,1785239809705,LeaderAccept
1785239809682,true,1785239809723,LeaderAccept
1785239809700,true,1785239809740,LeaderAccept
1785239809718,false,1785239809759,LeaderAccept
1785239809737,false,1785239809778,LeaderAccept
1785239809757,false,1785239809797,LeaderAccept
1785239809775,true,1785239809815,LeaderAccept
1785239809794,false,1785239809836,LeaderAccept
1785239809813,false,1785239809853,LeaderAccept
1785239809832,false,1785239809872,LeaderAccept
1785239809851,true,1785239809892,LeaderAccept
1785239809872,false,1785239809912,LeaderAccept
1785239809891,false,1785239809932,LeaderAccept
1785239809911,false,1785239809952,LeaderAccept
1785239809931,true,1785239809972,LeaderAccept
1785239809952,true,1785239809993,LeaderAccept
1785239809972,false,1785239810013,LeaderAccept
1785239809993,false,1785239810033,LeaderAccept
1785239810013,false,1785239810054,LeaderAccept
1785239810033,true,1785239810074,LeaderAccept
1785239810055,true,1785239810096,LeaderAccept
1785239810076,false,1785239810117,LeaderAccept
1785239810098,false,1785239810140,LeaderAccept
1785239810120,true,1785239810162,LeaderAccept
1785239810142,true,1785239810183,LeaderAccept
1785239810164,false,1785239810204,LeaderAccept
1785239810186,true,1785239810227,LeaderAccept
1785239810209,true,1785239810250,LeaderAccept
1785239810232,false,1785239810274,LeaderAccept
1785239810257,false,1785239810298,LeaderAccept
1785239810280,true,1785239810321,LeaderAccept
1785239810304,true,1785239810345,LeaderAccept
1785239810328,true,1785239810369,LeaderAccept
1785239810352,true,1785239810393,LeaderAccept
1785239810376,true,1785239810417,LeaderAccept
1785239810401,true,1785239810442,LeaderAccept
1785239810426,false,1785239810467,LeaderAccept
1785239810451,false,1785239810492,LeaderAccept
1785239810477,false,1785239810518,LeaderAccept
1785239810503,false,1785239810544,LeaderAccept
1785239810530,false,1785239810571,LeaderAccept
1785239810557,false,1785239810599,LeaderAccept
1785239810585,false,1785239810627,LeaderAccept
1785239810613,false,1785239810654,LeaderAccept
1785239810641,true,1785239810682,LeaderAccept
1785239810669,true,1785239810711,LeaderAccept
1785239810697,false,1785239810739,LeaderAccept
1785239810726,true,1785239810767,LeaderAccept
1785239810755,true,1785239810797,LeaderAccept
1785239810785,true,1785239810826,LeaderAccept
1785239810815,false,1785239810855,LeaderAccept
1785239810846,true,1785239810888,LeaderAccept
1785239810878,false,1785239810919,LeaderAccept
1785239810909,false,1785239810950,LeaderAccept
1785239810941,false,1785239810982,LeaderAccept
1785239810974,true,1785239811015,LeaderAccept
1785239811008,true,1785239811049,LeaderAccept
1785239811042,false,1785239811083,LeaderAccept
1785239811076,true,1785239811117,LeaderAccept
1785239811111,false,1785239811153,LeaderAccept
1785239811147,true,1785239811189,LeaderAccept
1785239811184,false,1785239811226,LeaderAccept
1785239811221,true,1785239811262,LeaderAccept
1785239811259,true,1785239811300,LeaderAccept
1785239811297,false,1785239811339,LeaderAccept
1785239811336,true,1785239811378,LeaderAccept
1785239811376,false,1785239811418,LeaderAccept
1785239811417,false,1785239811459,LeaderAccept
1785239811458,false,1785239811500,LeaderAccept
1785239811501,true,1785239811542,LeaderAccept
1785239811544,false,1785239811586,LeaderAccept
1785239811588,false,1785239811629,LeaderAccept
1785239811633,false,1785239811675,LeaderAccept
1785239811679,true,1785239811720,LeaderAccept
1785239811726,true,1785239811769,LeaderAccept
1785239811774,true,1785239811815,LeaderAccept
1785239811823,false,1785239811864,LeaderAccept
1785239811873,true,1785239811915,LeaderAccept
1785239811925,true,1785239811967,LeaderAccept
1785239811978,true,1785239812020,LeaderAccept
1785239812032,true,1785239812073,LeaderAccept
1785239812087,true,1785239812129,LeaderAccept
1785239812144,true,1785239812185,LeaderAccept
1785239812203,true,1785239812244,LeaderAccept
1785239812263,false,1785239812304,LeaderAccept
1785239812326,false,1785239812367,LeaderAccept
1785239812390,false,1785239812431,LeaderAccept
1785239812457,true,1785239812498,LeaderAccept
1785239812527,true,1785239812568,LeaderAccept
1785239812598,false,1785239812640,LeaderAccept
1785239812672,true,1785239812713,LeaderAccept
1785239812749,true,1785239812790,LeaderAccept
1785239812828,true,1785239812869,LeaderAccept
1785239812911,false,1785239812951,LeaderAccept
1785239812996,true,1785239813037,LeaderAccept
1785239813085,false,1785239813126,LeaderAccept
1785239813178,false,1785239813220,LeaderAccept
1785239813276,true,1785239813317,LeaderAccept
1785239813379,false,1785239813420,LeaderAccept
1785239813487,false,1785239813528,LeaderAccept
1785239813601,false,1785239813642,LeaderAccept
1785239813721,false,1785239813763,LeaderAccept
1785239813850,true,1785239813891,LeaderAccept
1785239813987,true,1785239814029,LeaderAccept
1785239814134,true,1785239814175,LeaderAccept
1785239814291,true,1785239814332,LeaderAccept
1785239814461,true,1785239814502,LeaderAccept
1785239814646,true,1785239814687,LeaderAccept
1785239814848,false,1785239814889,LeaderAccept
1785239815072,true,1785239815113,LeaderAccept
1785239815322,false,1785239815361,FastAccept
1785239815605,false,1785239815644,FastAccept
1785239815932,true,1785239815970,FastAccept
1785239816316,false,1785239816363,FastAccept
1785239816782,false,1785239816821,FastAccept
1785239817370,false,1785239817429,LeaderAccept
1785239818158,false,1785239818197,FastAccept
1785239819327,false,1785239819366,FastAccept
1785239821423,false,1785239821461,FastAccept
1785239827395,false,1785239827437,LeaderAccept
1785239830140,true,1785239830179,FastAccept
1785239830172,false,1785239830211,FastAccept
1785239830205,true,1785239830244,FastAccept
1785239830239,true,1785239830278,FastAccept
1785239830273,true,1785239830312,FastAccept
1785239830308,false,1785239830347,FastAccept
1785239830343,true,1785239830382,FastAccept
1785239830379,true,1785239830417,FastAccept
1785239830415,true,1785239830485,LeaderAccept
1785239830452,true,1785239830505,LeaderAccept
1785239830489,false,1785239830528,FastAccept
1785239830527,false,1785239830566,FastAccept
1785239830566,false,1785239830604,FastAccept
1785239830604,false,1785239830643,FastAccept
1785239830645,true,1785239830705,LeaderAccept
1785239830686,true,1785239830725,FastAccept
1785239830728,false,1785239830767,FastAccept
1785239830771,true,1785239830810,FastAccept
1785239830815,false,1785239830854,FastAccept
1785239830860,true,1785239830899,FastAccept
1785239830906,false,1785239830945,FastAccept
1785239830953,true,1785239830992,FastAccept
1785239831001,false,1785239831039,FastAccept
1785239831050,true,1785239831088,FastAccept
1785239831100,false,1785239831139,FastAccept
1785239831153,true,1785239831198,FastAccept
1785239831205,false,1785239831244,FastAccept
1785239831260,true,1785239831299,FastAccept
1785239831316,true,1785239831355,FastAccept
1785239831374,true,1785239831412,FastAccept
1785239831433,true,1785239831472,FastAccept
1785239831494,true,1785239831532,FastAccept
1785239831557,false,1785239831595,FastAccept
1785239831621,false,1785239831660,FastAccept
1785239831688,false,1785239831726,FastAccept
1785239831757,false,1785239831795,FastAccept
1785239831828,false,1785239831867,FastAccept
1785239831902,false,1785239831941,FastAccept
1785239831979,false,1785239832018,FastAccept
1785239832058,true,1785239832097,FastAccept
1785239832141,true,1785239832180,FastAccept
1785239832227,false,1785239832266,FastAccept
1785239832317,false,1785239832356,FastAccept
1785239832412,false,1785239832450,FastAccept
1785239832510,false,1785239832549,FastAccept
1785239832613,true,1785239832652,FastAccept
1785239832722,true,1785239832761,FastAccept
1785239832837,true,1785239832876,FastAccept
1785239832958,true,1785239832997,FastAccept
1785239833087,false,1785239833126,FastAccept
1785239833224,true,1785239833263,FastAccept
1785239833372,true,1785239833411,FastAccept
1785239833530,false,1785239833568,FastAccept
1785239833701,false,1785239833740,FastAccept
1785239833887,false,1785239833926,FastAccept
1785239834091,false,1785239834130,FastAccept
1785239834317,false,1785239834356,FastAccept
1785239834570,true,1785239834609,FastAccept
1785239834857,true,1785239834896,FastAccept
1785239835189,true,1785239835228,FastAccept
1785239835581,false,1785239835619,FastAccept
1785239836056,true,1785239836095,FastAccept
1785239836658,true,1785239836696,FastAccept
1785239837471,true,1785239837510,FastAccept
1785239838692,true,1785239838738,FastAccept
1785239840939,true,1785239840977,FastAccept
1785239844333,true,1785239844374,LeaderAccept
1785239844355,true,1785239844396,LeaderAccept
1785239844378,false,1785239844420,LeaderAccept
1785239844401,true,1785239844442,LeaderAccept
1785239844424,true,1785239844465,LeaderAccept
1785239844447,false,1785239844488,LeaderAccept
1785239844471,false,1785239844512,LeaderAccept
1785239844495,false,1785239844537,LeaderAccept
1785239844519,false,1785239844561,LeaderAccept
1785239844544,false,1785239844585,LeaderAccept
1785239844569,false,1785239844610,LeaderAccept
1785239844594,false,1785239844636,LeaderAccept
1785239844620,false,1785239844661,LeaderAccept
1785239844646,false,1785239844687,LeaderAccept
1785239844672,true,1785239844714,LeaderAccept
1785239844698,true,1785239844740,LeaderAccept
1785239844725,false,1785239844766,LeaderAccept
1785239844752,true,1785239844793,LeaderAccept
1785239844780,true,1785239844822,LeaderAccept
1785239844809,true,1785239844849,LeaderAccept
1785239844837,true,1785239844878,LeaderAccept
1785239844865,true,1785239844906,LeaderAccept
1785239844894,false,1785239844935,LeaderAccept
1785239844923,false,1785239844964,LeaderAccept
1785239844953,true,1785239844995,LeaderAccept
1785239844984,false,1785239845025,LeaderAccept
1785239845014,true,1785239845054,LeaderAccept
1785239845045,true,1785239845086,LeaderAccept
1785239845077,false,1785239845118,LeaderAccept
1785239845109,true,1785239845150,LeaderAccept
1785239845141,false,1785239845182,LeaderAccept
1785239845174,false,1785239845215,LeaderAccept
1785239845208,false,1785239845249,LeaderAccept
1785239845242,true,1785239845283,LeaderAccept
1785239845276,false,1785239845317,LeaderAccept
1785239845311,false,1785239845352,LeaderAccept
1785239845347,true,1785239845388,LeaderAccept
1785239845384,true,1785239845425,LeaderAccept
1785239845421,false,1785239845463,LeaderAccept
1785239845459,true,1785239845500,LeaderAccept
1785239845497,false,1785239845539,LeaderAccept
1785239845537,false,1785239845578,LeaderAccept
1785239845577,false,1785239845619,LeaderAccept
1785239845618,true,1785239845660,LeaderAccept
1785239845660,false,1785239845701,LeaderAccept
1785239845702,false,1785239845744,LeaderAccept
1785239845745,false,1785239845786,LeaderAccept
1785239845789,false,1785239845830,LeaderAccept
1785239845835,false,1785239845876,LeaderAccept
1785239845881,false,1785239845923,LeaderAccept
1785239845929,true,1785239845971,LeaderAccept
1785239845978,false,1785239846020,LeaderAccept
1785239846028,false,1785239846069,LeaderAccept
1785239846079,true,1785239846121,LeaderAccept
1785239846132,true,1785239846174,LeaderAccept
1785239846186,true,1785239846228,LeaderAccept
1785239846241,false,1785239846282,LeaderAccept
1785239846297,false,1785239846339,LeaderAccept
1785239846355,false,1785239846396,LeaderAccept
1785239846415,true,1785239846457,LeaderAccept
1785239846477,true,1785239846518,LeaderAccept
1785239846542,false,1785239846583,LeaderAccept
1785239846607,true,1785239846649,LeaderAccept
1785239846675,true,1785239846716,LeaderAccept
1785239846746,true,1785239846787,LeaderAccept
1785239846818,false,1785239846859,LeaderAccept
1785239846894,true,1785239846935,LeaderAccept
1785239846971,false,1785239847012,LeaderAccept
1785239847052,false,1785239847093,LeaderAccept
1785239847137,false,1785239847178,LeaderAccept
1785239847224,true,1785239847263,FastAccept
1785239847315,false,1785239847354,FastAccept
1785239847411,true,1785239847450,FastAccept
1785239847512,true,1785239847551,FastAccept
1785239847618,false,1785239847656,FastAccept
1785239847729,true,1785239847768,FastAccept
1785239847846,true,1785239847885,FastAccept
1785239847971,false,1785239848010,FastAccept
1785239848104,true,1785239848161,LeaderAccept
1785239848246,true,1785239848285,FastAccept
1785239848398,true,1785239848437,FastAccept
1785239848562,true,1785239848601,FastAccept
1785239848740,false,1785239848779,FastAccept
1785239848935,false,1785239848974,FastAccept
1785239849149,false,1785239849188,FastAccept
1785239849388,true,1785239849427,FastAccept
1785239849656,true,1785239849695,FastAccept
1785239849964,false,1785239850002,FastAccept
1785239850321,false,1785239850360,FastAccept
1785239850747,true,1785239850786,FastAccept
1785239851275,true,1785239851315,LeaderAccept
1785239851962,false,1785239852003,LeaderAccept
1785239852931,false,1785239852973,LeaderAccept
1785239854503,true,1785239854545,LeaderAccept
1785239855656,true,1785239855697,LeaderAccept
1785239855684,true,1785239855743,LeaderAccept
1785239855713,true,1785239855754,LeaderAccept
1785239855742,false,1785239855784,LeaderAccept
1785239855771,false,1785239855812,LeaderAccept
1785239855800,true,1785239855842,LeaderAccept
1785239855831,false,1785239855872,LeaderAccept
1785239855862,false,1785239855903,LeaderAccept
1785239855893,true,1785239855934,LeaderAccept
1785239855924,false,1785239855966,LeaderAccept
1785239855957,false,1785239855999,LeaderAccept
1785239855990,true,1785239856031,LeaderAccept
1785239856023,true,1785239856065,LeaderAccept
1785239856057,true,1785239856098,LeaderAccept
1785239856091,false,1785239856133,LeaderAccept
1785239856126,false,1785239856168,LeaderAccept
1785239856162,false,1785239856203,LeaderAccept
1785239856198,true,1785239856240,LeaderAccept
1785239856235,true,1785239856277,LeaderAccept
1785239856272,false,1785239856314,LeaderAccept
1785239856310,false,1785239856351,LeaderAccept
1785239856349,true,1785239856390,LeaderAccept
1785239856388,false,1785239856430,LeaderAccept
1785239856428,false,1785239856470,LeaderAccept
1785239856469,true,1785239856510,LeaderAccept
1785239856511,false,1785239856552,LeaderAccept
1785239856554,false,1785239856596,LeaderAccept
1785239856598,true,1785239856639,LeaderAccept
1785239856642,false,1785239856683,LeaderAccept
1785239856687,false,1785239856728,LeaderAccept
1785239856733,true,1785239856774,LeaderAccept
1785239856780,false,1785239856821,LeaderAccept
1785239856830,false,1785239856871,LeaderAccept
1785239856879,true,1785239856921,LeaderAccept
1785239856930,true,1785239856972,LeaderAccept
1785239856982,false,1785239857024,LeaderAccept
1785239857036,true,1785239857077,LeaderAccept
1785239857091,true,1785239857132,LeaderAccept
1785239857147,false,1785239857189,LeaderAccept
1785239857206,true,1785239857248,LeaderAccept
1785239857266,true,1785239857308,LeaderAccept
1785239857328,false,1785239857370,LeaderAccept
1785239857392,false,1785239857434,LeaderAccept
1785239857458,true,1785239857499,LeaderAccept
1785239857526,false,1785239857567,LeaderAccept
1785239857596,true,1785239857638,LeaderAccept
1785239857669,true,1785239857711,LeaderAccept
1785239857744,false,1785239857786,LeaderAccept
1785239857823,false,1785239857865,LeaderAccept
1785239857904,false,1785239857946,LeaderAccept
1785239857988,true,1785239858026,FastAccept
1785239858076,true,1785239858115,FastAccept
1785239858168,true,1785239858208,FastAccept
1785239858264,false,1785239858303,FastAccept
1785239858365,true,1785239858404,FastAccept
1785239858473,false,1785239858511,FastAccept
1785239858584,false,1785239858636,LeaderAccept
1785239858702,false,1785239858764,SlowAccept
1785239858827,false,1785239858867,LeaderAccept
1785239858960,false,1785239859002,LeaderAccept
1785239859104,false,1785239859146,LeaderAccept
1785239859256,true,1785239859298,LeaderAccept
1785239859421,true,1785239859463,LeaderAccept
1785239859600,false,1785239859641,LeaderAccept
1785239859796,false,1785239859837,LeaderAccept
1785239860012,false,1785239860052,LeaderAccept
1785239860252,true,1785239860293,LeaderAccept
1785239860522,true,1785239860563,LeaderAccept
1785239860831,false,1785239860872,LeaderAccept
1785239861192,false,1785239861234,LeaderAccept
1785239861625,false,1785239861663,FastAccept
1785239862161,true,1785239862217,LeaderAccept
1785239862862,true,1785239862901,FastAccept
1785239863857,false,1785239863896,FastAccept
1785239865493,false,1785239865532,FastAccept
1785239869199,false,1785239869237,FastAccept
1785239879753,false,1785239879792,FastAccept
1785239879786,false,1785239879824,FastAccept
1785239879820,true,1785239879859,FastAccept
1785239879854,false,1785239879892,FastAccept
1785239879889,false,1785239879928,FastAccept
1785239879925,false,1785239879963,FastAccept
1785239879961,false,1785239879999,FastAccept
1785239879998,true,1785239880036,FastAccept
1785239880036,false,1785239880074,FastAccept
1785239880074,false,1785239880113,FastAccept
1785239880114,false,1785239880153,FastAccept
1785239880153,false,1785239880192,FastAccept
1785239880194,false,1785239880233,FastAccept
1785239880236,true,1785239880275,FastAccept
1785239880280,false,1785239880319,FastAccept
1785239880323,false,1785239880362,FastAccept
1785239880367,false,1785239880406,FastAccept
1785239880412,true,1785239880451,FastAccept
1785239880458,true,1785239880497,FastAccept
1785239880505,false,1785239880543,FastAccept
1785239880554,true,1785239880592,FastAccept
1785239880603,false,1785239880641,FastAccept
1785239880654,false,1785239880693,FastAccept
1785239880705,false,1785239880744,FastAccept
1785239880758,false,1785239880797,FastAccept
1785239880813,false,1785239880852,FastAccept
1785239880870,false,1785239880908,FastAccept
1785239880928,false,1785239880967,FastAccept
1785239880987,true,1785239881026,FastAccept
1785239881048,false,1785239881087,FastAccept
1785239881112,true,1785239881151,FastAccept
1785239881176,false,1785239881215,FastAccept
1785239881243,true,1785239881282,FastAccept
1785239881312,true,1785239881352,FastAccept
1785239881384,false,1785239881422,FastAccept
1785239881458,false,1785239881497,FastAccept
1785239881535,false,1785239881575,FastAccept
1785239881615,false,1785239881654,FastAccept
1785239881698,false,1785239881737,FastAccept
1785239881785,true,1785239881824,FastAccept
1785239881876,true,1785239881915,FastAccept
1785239881972,false,1785239882011,FastAccept
1785239882071,true,1785239882110,FastAccept
1785239882175,false,1785239882214,FastAccept
1785239882285,true,1785239882324,FastAccept
1785239882402,false,1785239882441,FastAccept
1785239882524,true,1785239882563,FastAccept
1785239882654,false,1785239882693,FastAccept
1785239882793,false,1785239882832,FastAccept
1785239882942,true,1785239882981,FastAccept
1785239883104,true,1785239883143,FastAccept
1785239883277,true,1785239883317,FastAccept
1785239883467,false,1785239883506,FastAccept
1785239883675,false,1785239883714,FastAccept
1785239883907,true,1785239883945,FastAccept
1785239884166,true,1785239884205,FastAccept
1785239884461,false,1785239884501,FastAccept
1785239884803,false,1785239884843,FastAccept
1785239885208,true,1785239885247,FastAccept
1785239885704,false,1785239885743,FastAccept
1785239886338,true,1785239886398,LeaderAccept
1785239887208,false,1785239887249,LeaderAccept
1785239888552,false,1785239888605,LeaderAccept
1785239891184,false,1785239891223,FastAccept
1785239899191,true,1785239899242,LeaderAccept
1785239899208,true,1785239899249,LeaderAccept
1785239899225,true,1785239899266,LeaderAccept
1785239899242,false,1785239899284,LeaderAccept
1785239899260,false,1785239899302,LeaderAccept
1785239899278,true,1785239899329,LeaderAccept
1785239899296,false,1785239899337,LeaderAccept
1785239899314,false,1785239899355,LeaderAccept
1785239899332,false,1785239899375,LeaderAccept
1785239899351,false,1785239899392,LeaderAccept
1785239899370,false,1785239899421,LeaderAccept
1785239899388,true,1785239899430,LeaderAccept
1785239899407,true,1785239899447,LeaderAccept
1785239899425,true,1785239899466,LeaderAccept
1785239899444,false,1785239899485,LeaderAccept
1785239899463,false,1785239899503,LeaderAccept
1785239899482,false,1785239899523,LeaderAccept
1785239899502,true,1785239899543,LeaderAccept
1785239899522,true,1785239899563,LeaderAccept
1785239899542,false,1785239899583,LeaderAccept
1785239899562,true,1785239899603,LeaderAccept
1785239899583,true,1785239899624,LeaderAccept
1785239899604,true,1785239899645,LeaderAccept
1785239899624,true,1785239899665,LeaderAccept
1785239899645,true,1785239899685,LeaderAccept
1785239899666,false,1785239899707,LeaderAccept
1785239899688,false,1785239899730,LeaderAccept
1785239899711,false,1785239899752,LeaderAccept
1785239899732,false,1785239899773,LeaderAccept
1785239899754,true,1785239899795,LeaderAccept
1785239899776,true,1785239899817,LeaderAccept
1785239899798,false,1785239899839,LeaderAccept
1785239899821,false,1785239899862,LeaderAccept
1785239899844,false,1785239899885,LeaderAccept
1785239899867,true,1785239899908,LeaderAccept
1785239899890,true,1785239899931,LeaderAccept
1785239899913,false,1785239899954,LeaderAccept
1785239899937,true,1785239899978,LeaderAccept
1785239899961,true,1785239900002,LeaderAccept
1785239899985,false,1785239900027,LeaderAccept
1785239900010,true,1785239900051,LeaderAccept
1785239900035,true,1785239900077,LeaderAccept
1785239900060,false,1785239900101,LeaderAccept
1785239900086,false,1785239900127,LeaderAccept
1785239900112,false,1785239900153,LeaderAccept
1785239900138,true,1785239900179,LeaderAccept
1785239900164,false,1785239900207,LeaderAccept
1785239900191,true,1785239900233,LeaderAccept
1785239900218,true,1785239900259,LeaderAccept
1785239900245,true,1785239900287,LeaderAccept
1785239900273,true,1785239900314,LeaderAccept
1785239900301,false,1785239900342,LeaderAccept
1785239900330,false,1785239900371,LeaderAccept
1785239900360,true,1785239900401,LeaderAccept
1785239900390,true,1785239900431,LeaderAccept
1785239900420,false,1785239900461,LeaderAccept
1785239900451,false,1785239900493,LeaderAccept
1785239900482,true,1785239900523,LeaderAccept
1785239900514,true,1785239900556,LeaderAccept
1785239900546,true,1785239900587,LeaderAccept
1785239900578,true,1785239900619,LeaderAccept
1785239900611,false,1785239900652,LeaderAccept
1785239900644,true,1785239900686,LeaderAccept
1785239900678,false,1785239900719,LeaderAccept
1785239900712,false,1785239900753,LeaderAccept
1785239900747,true,1785239900789,LeaderAccept
1785239900783,false,1785239900824,LeaderAccept
1785239900820,false,1785239900861,LeaderAccept
1785239900857,false,1785239900898,LeaderAccept
1785239900895,false,1785239900937,LeaderAccept
1785239900934,true,1785239900975,LeaderAccept
1785239900973,false,1785239901014,LeaderAccept
1785239901013,false,1785239901054,LeaderAccept
1785239901054,true,1785239901096,LeaderAccept
1785239901096,false,1785239901138,LeaderAccept
1785239901139,true,1785239901180,LeaderAccept
1785239901183,false,1785239901224,LeaderAccept
1785239901227,true,1785239901269,LeaderAccept
1785239901272,true,1785239901314,LeaderAccept
1785239901318,true,1785239901360,LeaderAccept
1785239901365,true,1785239901406,LeaderAccept
1785239901413,true,1785239901455,LeaderAccept
1785239901463,true,1785239901504,LeaderAccept
1785239901515,true,1785239901556,LeaderAccept
1785239901567,true,1785239901608,LeaderAccept
1785239901620,true,1785239901661,LeaderAccept
1785239901675,true,1785239901716,LeaderAccept
1785239901731,true,1785239901772,LeaderAccept
1785239901789,false,1785239901830,LeaderAccept
1785239901850,true,1785239901890,LeaderAccept
1785239901912,false,1785239901953,LeaderAccept
1785239901975,false,1785239902015,LeaderAccept
1785239902040,false,1785239902081,LeaderAccept
1785239902107,false,1785239902147,LeaderAccept
1785239902176,false,1785239902218,LeaderAccept
1785239902248,false,1785239902288,LeaderAccept
1785239902323,false,1785239902364,LeaderAccept
1785239902400,true,1785239902441,LeaderAccept
1785239902480,true,1785239902521,LeaderAccept
1785239902563,true,1785239902604,LeaderAccept
1785239902650,false,1785239902691,LeaderAccept
1785239902742,false,1785239902783,LeaderAccept
1785239902837,false,1785239902879,LeaderAccept
1785239902937,true,1785239902978,LeaderAccept
1785239903042,false,1785239903083,LeaderAccept
1785239903153,false,1785239903195,LeaderAccept
1785239903271,false,1785239903312,LeaderAccept
1785239903395,false,1785239903436,LeaderAccept
1785239903526,false,1785239903568,LeaderAccept
1785239903666,true,1785239903708,LeaderAccept
1785239903817,true,1785239903859,LeaderAccept
1785239903981,false,1785239904022,LeaderAccept
1785239904156,true,1785239904197,LeaderAccept
1785239904348,false,1785239904390,LeaderAccept
1785239904559,true,1785239904600,LeaderAccept
1785239904793,true,1785239904834,LeaderAccept
1785239905056,true,1785239905095,FastAccept
1785239905357,false,1785239905396,FastAccept
1785239905706,false,1785239905760,LeaderAccept
1785239906121,true,1785239906160,FastAccept
1785239906632,true,1785239906671,FastAccept
1785239907291,true,1785239907330,FastAccept
1785239908207,false,1785239908246,FastAccept
1785239909655,false,1785239909694,FastAccept
1785239912638,false,1785239912677,FastAccept
1785239925894,false,1785239925932,FastAccept
1785239928240,true,1785239928278,FastAccept
1785239928256,false,1785239928295,FastAccept
1785239928272,false,1785239928310,FastAccept
1785239928288,false,1785239928327,FastAccept
1785239928305,false,1785239928344,FastAccept
1785239928321,true,1785239928359,FastAccept
1785239928337,true,1785239928375,FastAccept
1785239928354,true,1785239928392,FastAccept
1785239928370,false,1785239928409,FastAccept
1785239928387,false,1785239928426,FastAccept
1785239928404,false,1785239928442,FastAccept
1785239928421,false,1785239928459,FastAccept
1785239928438,true,1785239928476,FastAccept
1785239928456,false,1785239928495,FastAccept
1785239928474,false,1785239928513,FastAccept
1785239928492,false,1785239928531,FastAccept
1785239928510,false,1785239928549,FastAccept
1785239928528,true,1785239928566,FastAccept
1785239928546,false,1785239928584,FastAccept
1785239928564,false,1785239928603,FastAccept
1785239928582,false,1785239928620,FastAccept
1785239928601,true,1785239928640,FastAccept
1785239928620,false,1785239928659,FastAccept
1785239928639,true,1785239928677,FastAccept
1785239928658,false,1785239928696,FastAccept
1785239928677,false,1785239928716,FastAccept
1785239928696,false,1785239928734,FastAccept
1785239928716,true,1785239928754,FastAccept
1785239928734,false,1785239928773,FastAccept
1785239928754,false,1785239928793,FastAccept
1785239928774,false,1785239928813,FastAccept
1785239928794,true,1785239928833,FastAccept
1785239928814,false,1785239928853,FastAccept
1785239928835,true,1785239928873,FastAccept
1785239928856,true,1785239928894,FastAccept
1785239928877,false,1785239928916,FastAccept
1785239928899,false,1785239928938,FastAccept
1785239928921,true,1785239928960,FastAccept
1785239928943,false,1785239928982,FastAccept
1785239928965,false,1785239929004,FastAccept
1785239928987,false,1785239929026,FastAccept
1785239929010,false,1785239929049,FastAccept
1785239929033,false,1785239929071,FastAccept
1785239929056,false,1785239929169,LeaderAccept
1785239929080,false,1785239929144,SlowAccept
1785239929103,true,1785239929148,FastAccept
1785239929127,false,1785239929166,FastAccept
1785239929151,false,1785239929190,FastAccept
1785239929176,false,1785239929215,FastAccept
1785239929201,true,1785239929240,FastAccept
1785239929226,true,1785239929265,FastAccept
1785239929251,true,1785239929290,FastAccept
1785239929277,true,1785239929316,FastAccept
1785239929303,true,1785239929342,FastAccept
1785239929330,true,1785239929369,FastAccept
1785239929357,true,1785239929396,FastAccept
1785239929384,true,1785239929423,FastAccept
1785239929411,true,1785239929450,FastAccept
1785239929439,false,1785239929478,FastAccept
1785239929468,true,1785239929506,FastAccept
1785239929496,false,1785239929534,FastAccept
1785239929526,true,1785239929564,FastAccept
1785239929556,true,1785239929594,FastAccept
1785239929585,false,1785239929624,FastAccept
1785239929615,false,1785239929654,FastAccept
1785239929646,true,1785239929685,FastAccept
1785239929677,false,1785239929716,FastAccept
1785239929708,false,1785239929746,FastAccept
1785239929740,true,1785239929779,FastAccept
1785239929772,false,1785239929811,FastAccept
1785239929805,false,1785239929844,FastAccept
1785239929838,false,1785239929877,FastAccept
1785239929872,true,1785239929910,FastAccept
1785239929906,true,1785239929945,FastAccept
1785239929941,true,1785239929980,FastAccept
1785239929977,true,1785239930016,FastAccept
1785239930013,false,1785239930052,FastAccept
1785239930050,true,1785239930089,FastAccept
1785239930088,true,1785239930126,FastAccept
1785239930126,true,1785239930165,FastAccept
1785239930165,false,1785239930204,FastAccept
1785239930204,false,1785239930242,FastAccept
1785239930244,true,1785239930283,FastAccept
1785239930286,false,1785239930325,FastAccept
1785239930328,true,1785239930366,FastAccept
1785239930371,false,1785239930410,FastAccept
1785239930415,false,1785239930454,FastAccept
1785239930460,false,1785239930498,FastAccept
1785239930506,false,1785239930545,FastAccept
1785239930553,true,1785239930592,FastAccept
1785239930601,true,1785239930640,FastAccept
1785239930650,false,1785239930688,FastAccept
1785239930700,true,1785239930739,FastAccept
1785239930752,true,1785239930791,FastAccept
1785239930805,false,1785239930844,FastAccept
1785239930859,false,1785239930898,FastAccept
1785239930915,true,1785239930954,FastAccept
1785239930972,false,1785239931011,FastAccept
1785239931031,true,1785239931070,FastAccept
1785239931092,false,1785239931131,FastAccept
1785239931154,false,1785239931193,FastAccept
1785239931218,true,1785239931257,FastAccept
1785239931284,true,1785239931323,FastAccept
1785239931352,true,1785239931391,FastAccept
1785239931423,true,1785239931462,FastAccept
1785239931496,false,1785239931535,FastAccept
1785239931572,true,1785239931611,FastAccept
1785239931651,false,1785239931690,FastAccept
1785239931734,false,1785239931773,FastAccept
1785239931820,true,1785239931859,FastAccept
1785239931910,true,1785239931949,FastAccept
1785239932003,false,1785239932042,FastAccept
1785239932101,false,1785239932140,FastAccept
1785239932204,true,1785239932243,FastAccept
1785239932312,false,1785239932351,FastAccept
1785239932426,true,1785239932464,FastAccept
1785239932546,false,1785239932584,FastAccept
1785239932675,false,1785239932714,FastAccept
1785239932811,false,1785239932850,FastAccept
1785239932957,false,1785239932996,FastAccept
1785239933114,false,1785239933153,FastAccept
1785239933285,true,1785239933324,FastAccept
1785239933469,false,1785239933523,LeaderAccept
1785239933671,true,1785239933716,FastAccept
1785239933894,false,1785239933935,LeaderAccept
1785239934144,false,1785239934185,LeaderAccept
1785239934427,true,1785239934467,LeaderAccept
1785239934752,false,1785239934793,LeaderAccept
1785239935135,true,1785239935177,LeaderAccept
1785239935599,false,1785239935637,FastAccept
1785239936183,true,1785239936222,FastAccept
1785239936966,true,1785239937004,FastAccept
1785239938123,true,1785239938184,LeaderAccept
1785239940185,true,1785239940224,FastAccept
1785239945969,true,1785239946008,FastAccept
1785239991735,true,1785239991774,FastAccept
1785239991754,false,1785239991793,FastAccept
1785239991774,false,1785239991812,FastAccept
1785239991793,true,1785239991833,FastAccept
1785239991813,false,1785239991852,FastAccept
1785239991833,true,1785239991871,FastAccept
1785239991853,true,1785239991892,FastAccept
1785239991874,true,1785239991913,FastAccept
1785239991894,false,1785239991933,FastAccept
1785239991915,true,1785239991953,FastAccept
1785239991936,false,1785239992002,SlowAccept
1785239991957,false,1785239992002,FastAccept
1785239991979,false,1785239992039,LeaderAccept
1785239992000,false,1785239992096,LeaderAccept
1785239992022,false,1785239992089,SlowAccept
1785239992044,true,1785239992089,FastAccept
1785239992066,false,1785239992125,LeaderAccept
1785239992089,false,1785239992154,LeaderAccept
1785239992112,false,1785239992203,LeaderAccept
1785239992136,false,1785239992182,FastAccept
1785239992160,true,1785239992199,FastAccept
1785239992184,false,1785239992223,FastAccept
1785239992208,false,1785239992247,FastAccept
1785239992232,true,1785239992271,FastAccept
1785239992257,false,1785239992295,FastAccept
1785239992282,true,1785239992321,FastAccept
1785239992308,true,1785239992346,FastAccept
1785239992333,true,1785239992396,LeaderAccept
1785239992359,true,1785239992424,LeaderAccept
1785239992385,true,1785239992453,LeaderAccept
1785239992411,true,1785239992531,LeaderAccept
1785239992438,false,1785239992502,SlowAccept
1785239992466,false,1785239992531,SlowAccept
1785239992494,true,1785239992535,LeaderAccept
1785239992522,false,1785239992563,LeaderAccept
1785239992551,true,1785239992592,LeaderAccept
1785239992580,true,1785239992621,LeaderAccept
1785239992609,false,1785239992650,LeaderAccept
1785239992639,true,1785239992681,LeaderAccept
1785239992669,false,1785239992711,LeaderAccept
1785239992700,true,1785239992742,LeaderAccept
1785239992731,true,1785239992773,LeaderAccept
1785239992762,false,1785239992803,LeaderAccept
1785239992794,false,1785239992836,LeaderAccept
1785239992826,true,1785239992867,LeaderAccept
1785239992858,false,1785239992900,LeaderAccept
1785239992892,true,1785239992934,LeaderAccept
1785239992926,true,1785239992968,LeaderAccept
1785239992960,true,1785239993002,LeaderAccept
1785239992995,false,1785239993036,LeaderAccept
1785239993030,true,1785239993071,LeaderAccept
1785239993066,true,1785239993107,LeaderAccept
1785239993102,true,1785239993143,LeaderAccept
1785239993139,true,1785239993181,LeaderAccept
1785239993177,false,1785239993219,LeaderAccept
1785239993216,false,1785239993258,LeaderAccept
1785239993256,true,1785239993297,LeaderAccept
1785239993296,false,1785239993338,LeaderAccept
1785239993337,false,1785239993378,LeaderAccept
1785239993378,false,1785239993420,LeaderAccept
1785239993421,false,1785239993463,LeaderAccept
1785239993465,true,1785239993506,LeaderAccept
1785239993509,true,1785239993551,LeaderAccept
1785239993555,false,1785239993596,LeaderAccept
1785239993601,true,1785239993643,LeaderAccept
1785239993649,false,1785239993691,LeaderAccept
1785239993698,false,1785239993740,LeaderAccept
1785239993748,false,1785239993790,LeaderAccept
1785239993800,true,1785239993842,LeaderAccept
1785239993853,false,1785239993894,LeaderAccept
1785239993908,true,1785239993949,LeaderAccept
1785239993963,false,1785239994005,LeaderAccept
1785239994020,false,1785239994062,LeaderAccept
1785239994078,false,1785239994119,LeaderAccept
1785239994139,false,1785239994182,LeaderAccept
1785239994200,true,1785239994239,FastAccept
1785239994264,false,1785239994303,FastAccept
1785239994330,true,1785239994368,FastAccept
1785239994398,false,1785239994437,FastAccept
1785239994468,false,1785239994507,FastAccept
1785239994541,true,1785239994579,FastAccept
1785239994616,false,1785239994655,FastAccept
1785239994694,true,1785239994733,FastAccept
1785239994775,true,1785239994814,FastAccept
1785239994860,false,1785239994900,FastAccept
1785239994949,true,1785239994988,FastAccept
1785239995041,false,1785239995080,FastAccept
1785239995138,false,1785239995177,FastAccept
1785239995241,true,1785239995279,FastAccept
1785239995348,true,1785239995386,FastAccept
1785239995460,true,1785239995499,FastAccept
1785239995580,true,1785239995618,FastAccept
1785239995706,false,1785239995744,FastAccept
1785239995840,true,1785239995879,FastAccept
1785239995983,false,1785239996022,FastAccept
1785239996137,false,1785239996176,FastAccept
1785239996304,true,1785239996343,FastAccept
1785239996485,false,1785239996523,FastAccept
1785239996683,false,1785239996721,FastAccept
1785239996901,false,1785239996940,FastAccept
1785239997144,true,1785239997183,FastAccept
1785239997419,true,1785239997465,FastAccept
1785239997735,true,1785239997776,LeaderAccept
1785239998103,true,1785239998144,LeaderAccept
1785239998546,true,1785239998588,LeaderAccept
1785239999098,true,1785239999140,LeaderAccept
1785239999826,false,1785239999868,LeaderAccept
1785240000872,false,1785240000912,FastAccept
1785240002636,true,1785240002698,LeaderAccept
1785240006896,true,1785240006935,FastAccept
1785240021085,true,1785240021126,LeaderAccept
1785240021102,false,1785240021143,LeaderAccept
1785240021120,true,1785240021162,LeaderAccept
1785240021139,true,1785240021182,LeaderAccept
1785240021157,true,1785240021199,LeaderAccept
1785240021175,true,1785240021217,LeaderAccept
1785240021193,true,1785240021235,LeaderAccept
1785240021211,false,1785240021254,LeaderAccept
1785240021230,true,1785240021271,LeaderAccept
1785240021248,false,1785240021290,LeaderAccept
1785240021267,true,1785240021310,LeaderAccept
1785240021286,true,1785240021328,LeaderAccept
1785240021305,false,1785240021348,LeaderAccept
1785240021325,true,1785240021367,LeaderAccept
1785240021346,true,1785240021386,LeaderAccept
1785240021365,true,1785240021408,LeaderAccept
1785240021385,true,1785240021426,LeaderAccept
1785240021405,false,1785240021446,LeaderAccept
1785240021425,false,1785240021467,LeaderAccept
1785240021446,false,1785240021488,LeaderAccept
1785240021467,true,1785240021509,LeaderAccept
1785240021488,true,1785240021529,LeaderAccept
1785240021509,true,1785240021550,LeaderAccept
1785240021530,true,1785240021572,LeaderAccept
1785240021552,false,1785240021594,LeaderAccept
1785240021574,false,1785240021615,LeaderAccept
1785240021596,true,1785240021637,LeaderAccept
1785240021618,true,1785240021659,LeaderAccept
1785240021640,true,1785240021682,LeaderAccept
1785240021663,true,1785240021705,LeaderAccept
1785240021686,true,1785240021728,LeaderAccept
1785240021709,true,1785240021750,LeaderAccept
1785240021732,true,1785240021774,LeaderAccept
1785240021755,false,1785240021797,LeaderAccept
1785240021779,false,1785240021821,LeaderAccept
1785240021803,false,1785240021845,LeaderAccept
1785240021828,false,1785240021869,LeaderAccept
1785240021853,true,1785240021895,LeaderAccept
1785240021878,false,1785240021920,LeaderAccept
1785240021904,false,1785240021945,LeaderAccept
1785240021930,true,1785240021972,LeaderAccept
1785240021956,false,1785240021998,LeaderAccept
1785240021983,false,1785240022025,LeaderAccept
1785240022010,false,1785240022052,LeaderAccept
1785240022037,false,1785240022079,LeaderAccept
1785240022065,false,1785240022107,LeaderAccept
1785240022093,false,1785240022135,LeaderAccept
1785240022122,true,1785240022164,LeaderAccept
1785240022151,true,1785240022193,LeaderAccept
1785240022180,true,1785240022222,LeaderAccept
1785240022210,false,1785240022252,LeaderAccept
1785240022240,true,1785240022281,LeaderAccept
1785240022271,false,1785240022312,LeaderAccept
1785240022301,false,1785240022343,LeaderAccept
1785240022332,true,1785240022374,LeaderAccept
1785240022364,true,1785240022406,LeaderAccept
1785240022396,false,1785240022438,LeaderAccept
1785240022429,false,1785240022470,LeaderAccept
1785240022462,false,1785240022504,LeaderAccept
1785240022496,false,1785240022537,LeaderAccept
1785240022530,false,1785240022571,LeaderAccept
1785240022565,true,1785240022607,LeaderAccept
1785240022602,true,1785240022644,LeaderAccept
1785240022638,false,1785240022680,LeaderAccept
1785240022675,false,1785240022716,LeaderAccept
1785240022712,true,1785240022754,LeaderAccept
1785240022750,false,1785240022791,LeaderAccept
1785240022789,false,1785240022830,LeaderAccept
1785240022828,false,1785240022869,LeaderAccept
1785240022868,true,1785240022910,LeaderAccept
1785240022909,false,1785240022951,LeaderAccept
1785240022951,false,1785240022993,LeaderAccept
1785240022994,true,1785240023036,LeaderAccept
1785240023038,false,1785240023080,LeaderAccept
1785240023083,true,1785240023124,LeaderAccept
1785240023128,true,1785240023171,LeaderAccept
1785240023175,true,1785240023217,LeaderAccept
1785240023223,true,1785240023264,LeaderAccept
1785240023272,true,1785240023314,LeaderAccept
1785240023322,false,1785240023363,LeaderAccept
1785240023374,false,1785240023416,LeaderAccept
1785240023426,false,1785240023468,LeaderAccept
1785240023480,false,1785240023523,LeaderAccept
1785240023535,false,1785240023577,LeaderAccept
1785240023593,true,1785240023635,LeaderAccept
1785240023651,true,1785240023694,LeaderAccept
1785240023711,false,1785240023755,LeaderAccept
1785240023773,true,1785240023815,LeaderAccept
1785240023838,true,1785240023880,LeaderAccept
1785240023903,true,1785240023946,LeaderAccept
1785240023971,false,1785240024014,LeaderAccept
1785240024042,true,1785240024084,LeaderAccept
1785240024115,false,1785240024157,LeaderAccept
1785240024192,true,1785240024234,LeaderAccept
1785240024270,true,1785240024313,LeaderAccept
1785240024352,false,1785240024394,LeaderAccept
1785240024437,true,1785240024479,LeaderAccept
1785240024525,true,1785240024568,LeaderAccept
1785240024618,false,1785240024659,LeaderAccept
1785240024716,true,1785240024758,LeaderAccept
1785240024817,true,1785240024858,LeaderAccept
1785240024923,true,1785240024965,LeaderAccept
1785240025036,true,1785240025077,LeaderAccept
1785240025155,true,1785240025197,LeaderAccept
1785240025281,true,1785240025323,LeaderAccept
1785240025415,false,1785240025457,LeaderAccept
1785240025559,false,1785240025601,LeaderAccept
1785240025713,false,1785240025755,LeaderAccept
1785240025880,false,1785240025922,LeaderAccept
1785240026061,true,1785240026103,LeaderAccept
1785240026259,true,1785240026301,LeaderAccept
1785240026477,false,1785240026519,LeaderAccept
1785240026721,true,1785240026763,LeaderAccept
1785240026996,false,1785240027037,LeaderAccept
1785240027311,true,1785240027350,FastAccept
1785240027681,false,1785240027738,LeaderAccept
1785240028124,false,1785240028163,FastAccept
1785240028677,true,1785240028716,FastAccept
1785240029406,true,1785240029452,FastAccept
1785240030455,false,1785240030495,FastAccept
1785240032228,true,1785240032267,FastAccept
1785240036529,true,1785240036568,FastAccept
1785240047664,true,1785240047715,LeaderAccept
1785240047679,true,1785240047721,LeaderAccept
1785240047695,false,1785240047735,LeaderAccept
1785240047709,true,1785240047751,LeaderAccept
1785240047724,false,1785240047765,LeaderAccept
1785240047739,false,1785240047780,LeaderAccept
1785240047754,true,1785240047795,LeaderAccept
1785240047769,true,1785240047810,LeaderAccept
1785240047784,false,1785240047824,LeaderAccept
1785240047799,true,1785240047841,LeaderAccept
1785240047815,false,1785240047857,LeaderAccept
1785240047831,false,1785240047873,LeaderAccept
1785240047847,true,1785240047888,LeaderAccept
1785240047863,true,1785240047904,LeaderAccept
1785240047879,true,1785240047920,LeaderAccept
1785240047895,true,1785240047936,LeaderAccept
1785240047911,true,1785240047952,LeaderAccept
1785240047927,false,1785240047970,LeaderAccept
1785240047944,true,1785240047985,LeaderAccept
1785240047960,false,1785240048001,LeaderAccept
1785240047977,true,1785240048018,LeaderAccept
1785240047994,false,1785240048036,LeaderAccept
1785240048011,true,1785240048052,LeaderAccept
1785240048028,false,1785240048071,LeaderAccept
1785240048046,false,1785240048087,LeaderAccept
1785240048064,false,1785240048106,LeaderAccept
1785240048082,false,1785240048124,LeaderAccept
1785240048100,true,1785240048143,LeaderAccept
1785240048118,false,1785240048160,LeaderAccept
1785240048137,true,1785240048178,LeaderAccept
1785240048155,true,1785240048196,LeaderAccept
1785240048173,false,1785240048214,LeaderAccept
1785240048191,true,1785240048232,LeaderAccept
1785240048209,false,1785240048251,LeaderAccept
1785240048228,true,1785240048270,LeaderAccept
1785240048248,false,1785240048289,LeaderAccept
1785240048267,true,1785240048309,LeaderAccept
1785240048287,true,1785240048329,LeaderAccept
1785240048307,false,1785240048348,LeaderAccept
1785240048327,true,1785240048368,LeaderAccept
1785240048347,false,1785240048389,LeaderAccept
1785240048368,false,1785240048409,LeaderAccept
1785240048389,true,1785240048430,LeaderAccept
1785240048409,false,1785240048450,LeaderAccept
1785240048430,false,1785240048471,LeaderAccept
1785240048450,false,1785240048492,LeaderAccept
1785240048472,true,1785240048513,LeaderAccept
1785240048493,false,1785240048534,LeaderAccept
1785240048514,true,1785240048556,LeaderAccept
1785240048536,false,1785240048577,LeaderAccept
1785240048558,false,1785240048599,LeaderAccept
1785240048580,true,1785240048621,LeaderAccept
1785240048602,false,1785240048643,LeaderAccept
1785240048626,true,1785240048667,LeaderAccept
1785240048648,true,1785240048689,LeaderAccept
1785240048671,true,1785240048713,LeaderAccept
1785240048694,false,1785240048735,LeaderAccept
1785240048718,true,1785240048759,LeaderAccept
1785240048742,true,1785240048784,LeaderAccept
1785240048767,false,1785240048808,LeaderAccept
1785240048792,true,1785240048833,LeaderAccept
1785240048817,true,1785240048859,LeaderAccept
1785240048842,true,1785240048884,LeaderAccept
1785240048868,true,1785240048910,LeaderAccept
1785240048894,true,1785240048935,LeaderAccept
1785240048920,true,1785240048961,LeaderAccept
1785240048946,false,1785240048987,LeaderAccept
1785240048973,true,1785240049014,LeaderAccept
1785240049000,true,1785240049041,LeaderAccept
1785240049028,true,1785240049070,LeaderAccept
1785240049055,false,1785240049097,LeaderAccept
1785240049084,true,1785240049125,LeaderAccept
1785240049112,false,1785240049154,LeaderAccept
1785240049141,false,1785240049184,LeaderAccept
1785240049171,true,1785240049213,LeaderAccept
1785240049201,true,1785240049242,LeaderAccept
1785240049231,true,1785240049272,LeaderAccept
1785240049262,false,1785240049304,LeaderAccept
1785240049293,true,1785240049334,LeaderAccept
1785240049324,true,1785240049365,LeaderAccept
1785240049356,true,1785240049398,LeaderAccept
1785240049389,true,1785240049431,LeaderAccept
1785240049422,true,1785240049463,LeaderAccept
1785240049455,false,1785240049497,LeaderAccept
1785240049490,true,1785240049531,LeaderAccept
1785240049525,false,1785240049567,LeaderAccept
1785240049561,false,1785240049602,LeaderAccept
1785240049597,false,1785240049638,LeaderAccept
1785240049633,true,1785240049674,LeaderAccept
1785240049670,true,1785240049712,LeaderAccept
1785240049708,true,1785240049750,LeaderAccept
1785240049747,true,1785240049788,LeaderAccept
1785240049786,true,1785240049827,LeaderAccept
1785240049826,true,1785240049868,LeaderAccept
1785240049867,false,1785240049910,LeaderAccept
1785240049909,true,1785240049950,LeaderAccept
1785240049952,false,1785240049994,LeaderAccept
1785240049996,false,1785240050037,LeaderAccept
1785240050040,true,1785240050083,LeaderAccept
1785240050086,true,1785240050128,LeaderAccept
1785240050132,true,1785240050173,LeaderAccept
1785240050179,false,1785240050221,LeaderAccept
1785240050228,true,1785240050270,LeaderAccept
1785240050278,true,1785240050320,LeaderAccept
1785240050329,false,1785240050371,LeaderAccept
1785240050381,true,1785240050423,LeaderAccept
1785240050435,false,1785240050477,LeaderAccept
1785240050490,true,1785240050532,LeaderAccept
1785240050547,false,1785240050589,LeaderAccept
1785240050605,false,1785240050647,LeaderAccept
1785240050665,false,1785240050707,LeaderAccept
1785240050727,false,1785240050770,LeaderAccept
1785240050791,true,1785240050833,LeaderAccept
1785240050856,false,1785240050898,LeaderAccept
1785240050924,false,1785240050967,LeaderAccept
1785240050994,true,1785240051035,LeaderAccept
1785240051067,false,1785240051108,LeaderAccept
1785240051143,false,1785240051184,LeaderAccept
1785240051220,true,1785240051262,LeaderAccept
1785240051302,true,1785240051343,LeaderAccept
1785240051386,false,1785240051427,LeaderAccept
1785240051473,false,1785240051514,LeaderAccept
1785240051565,false,1785240051607,LeaderAccept
1785240051661,true,1785240051704,LeaderAccept
1785240051762,false,1785240051803,LeaderAccept
1785240051868,true,1785240051911,LeaderAccept
1785240051980,false,1785240052022,LeaderAccept
1785240052098,true,1785240052139,LeaderAccept
1785240052223,true,1785240052285,SlowAccept
1785240052356,false,1785240052395,FastAccept
1785240052499,false,1785240052545,FastAccept
1785240052651,true,1785240052690,FastAccept
1785240052816,false,1785240052855,FastAccept
1785240052995,true,1785240053034,FastAccept
1785240053191,true,1785240053230,FastAccept
1785240053406,true,1785240053445,FastAccept
1785240053646,false,1785240053686,FastAccept
1785240053916,false,1785240053955,FastAccept
1785240054225,false,1785240054264,FastAccept
1785240054585,true,1785240054624,FastAccept
1785240055016,true,1785240055055,FastAccept
1785240055551,false,1785240055592,LeaderAccept
1785240056249,true,1785240056291,LeaderAccept
1785240057238,true,1785240057276,FastAccept
1785240058857,false,1785240058913,LeaderAccept
1785240062495,true,1785240062533,FastAccept
1785240068366,false,1785240068404,FastAccept
1785240068388,false,1785240068427,FastAccept
1785240068411,true,1785240068449,FastAccept
1785240068434,true,1785240068473,FastAccept
1785240068459,false,1785240068497,FastAccept
1785240068482,false,1785240068521,FastAccept
1785240068506,false,1785240068545,FastAccept
1785240068530,false,1785240068569,FastAccept
1785240068555,false,1785240068594,FastAccept
1785240068580,true,1785240068619,FastAccept
1785240068606,true,1785240068645,FastAccept
1785240068631,false,1785240068670,FastAccept
1785240068657,true,1785240068696,FastAccept
1785240068683,true,1785240068722,FastAccept
1785240068710,true,1785240068749,FastAccept
1785240068737,true,1785240068776,FastAccept
1785240068764,true,1785240068803,FastAccept
1785240068791,false,1785240068830,FastAccept
1785240068819,true,1785240068858,FastAccept
1785240068847,true,1785240068886,FastAccept
1785240068876,true,1785240068915,FastAccept
1785240068906,false,1785240068945,FastAccept
1785240068935,true,1785240068974,FastAccept
1785240068965,false,1785240069004,FastAccept
1785240068995,false,1785240069034,FastAccept
1785240069026,false,1785240069065,FastAccept
1785240069057,false,1785240069096,FastAccept
1785240069089,false,1785240069127,FastAccept
1785240069121,true,1785240069159,FastAccept
1785240069153,true,1785240069192,FastAccept
1785240069187,true,1785240069225,FastAccept
1785240069220,false,1785240069258,FastAccept
1785240069254,false,1785240069293,FastAccept
1785240069289,false,1785240069328,FastAccept
1785240069325,false,1785240069363,FastAccept
1785240069361,false,1785240069400,FastAccept
1785240069399,true,1785240069437,FastAccept
1785240069436,true,1785240069475,FastAccept
1785240069474,true,1785240069513,FastAccept
1785240069513,false,1785240069551,FastAccept
1785240069552,false,1785240069591,FastAccept
1785240069593,false,1785240069632,FastAccept
1785240069634,false,1785240069673,FastAccept
1785240069676,true,1785240069715,FastAccept
1785240069719,false,1785240069758,FastAccept
1785240069763,true,1785240069802,FastAccept
1785240069808,false,1785240069846,FastAccept
1785240069854,true,1785240069892,FastAccept
1785240069900,true,1785240069939,FastAccept
1785240069948,true,1785240069987,FastAccept
1785240069997,true,1785240070036,FastAccept
1785240070047,false,1785240070086,FastAccept
1785240070098,true,1785240070137,FastAccept
1785240070150,false,1785240070189,FastAccept
1785240070204,false,1785240070243,FastAccept
1785240070259,false,1785240070299,FastAccept
1785240070315,true,1785240070354,FastAccept
1785240070373,true,1785240070413,FastAccept
1785240070433,false,1785240070472,FastAccept
1785240070494,false,1785240070532,FastAccept
1785240070558,true,1785240070596,FastAccept
1785240070623,false,1785240070663,FastAccept
1785240070691,false,1785240070730,FastAccept
1785240070761,true,1785240070800,FastAccept
1785240070833,false,1785240070889,LeaderAccept
1785240070908,false,1785240070974,SlowAccept
1785240070985,false,1785240071042,LeaderAccept
1785240071066,false,1785240071130,SlowAccept
1785240071150,true,1785240071191,LeaderAccept
1785240071237,true,1785240071279,LeaderAccept
1785240071329,false,1785240071370,LeaderAccept
1785240071425,true,1785240071466,LeaderAccept
1785240071525,false,1785240071567,LeaderAccept
1785240071630,false,1785240071672,LeaderAccept
1785240071741,false,1785240071783,LeaderAccept
1785240071859,false,1785240071899,LeaderAccept
1785240071984,false,1785240072025,LeaderAccept
1785240072116,true,1785240072158,LeaderAccept
1785240072258,false,1785240072300,LeaderAccept
1785240072410,true,1785240072451,LeaderAccept
1785240072574,true,1785240072616,LeaderAccept
1785240072752,false,1785240072793,LeaderAccept
1785240072946,true,1785240072987,LeaderAccept
1785240073159,true,1785240073201,LeaderAccept
1785240073396,false,1785240073438,LeaderAccept
1785240073663,true,1785240073705,LeaderAccept
1785240073968,false,1785240074007,FastAccept
1785240074323,false,1785240074361,FastAccept
1785240074746,true,1785240074785,FastAccept
1785240075269,false,1785240075309,FastAccept
1785240075949,false,1785240076000,SlowAccept
1785240076903,true,1785240076945,LeaderAccept
1785240078439,true,1785240078481,LeaderAccept
1785240081749,true,1785240081788,FastAccept
1785240092952,false,1785240092990,FastAccept
1785240092983,false,1785240093022,FastAccept
1785240093015,false,1785240093054,FastAccept
1785240093048,false,1785240093086,FastAccept
1785240093081,false,1785240093120,FastAccept
1785240093115,true,1785240093154,FastAccept
1785240093149,true,1785240093188,FastAccept
1785240093184,false,1785240093223,FastAccept
1785240093219,true,1785240093258,FastAccept
1785240093255,false,1785240093294,FastAccept
1785240093291,true,1785240093329,FastAccept
1785240093328,false,1785240093379,LeaderAccept
1785240093366,false,1785240093404,FastAccept
1785240093404,false,1785240093443,FastAccept
1785240093443,false,1785240093481,FastAccept
1785240093483,true,1785240093522,FastAccept
1785240093524,false,1785240093563,FastAccept
1785240093565,false,1785240093603,FastAccept
1785240093607,false,1785240093646,FastAccept
1785240093650,true,1785240093707,LeaderAccept
1785240093694,true,1785240093733,FastAccept
1785240093739,true,1785240093778,FastAccept
1785240093785,false,1785240093824,FastAccept
1785240093832,false,1785240093871,FastAccept
1785240093880,true,1785240093919,FastAccept
1785240093930,false,1785240093969,FastAccept
1785240093981,true,1785240094021,FastAccept
1785240094033,true,1785240094092,LeaderAccept
1785240094086,false,1785240094125,FastAccept
1785240094141,true,1785240094180,FastAccept
1785240094197,true,1785240094236,FastAccept
1785240094255,false,1785240094294,FastAccept
1785240094314,true,1785240094353,FastAccept
1785240094375,true,1785240094414,FastAccept
1785240094438,true,1785240094478,FastAccept
1785240094503,false,1785240094557,LeaderAccept
1785240094571,false,1785240094609,FastAccept
1785240094641,true,1785240094679,FastAccept
1785240094712,true,1785240094751,FastAccept
1785240094786,false,1785240094825,FastAccept
1785240094863,true,1785240094902,FastAccept
1785240094943,false,1785240094982,FastAccept
1785240095027,false,1785240095066,FastAccept
1785240095114,true,1785240095152,FastAccept
1785240095204,false,1785240095243,FastAccept
1785240095299,true,1785240095338,FastAccept
1785240095399,false,1785240095438,FastAccept
1785240095504,true,1785240095543,FastAccept
1785240095614,true,1785240095653,FastAccept
1785240095730,false,1785240095797,LeaderAccept
1785240095853,true,1785240095914,LeaderAccept
1785240095984,true,1785240096025,LeaderAccept
1785240096123,true,1785240096164,LeaderAccept
1785240096273,true,1785240096316,LeaderAccept
1785240096434,false,1785240096475,LeaderAccept
1785240096608,true,1785240096650,LeaderAccept
1785240096798,true,1785240096839,LeaderAccept
1785240097007,false,1785240097048,LeaderAccept
1785240097239,false,1785240097281,LeaderAccept
1785240097499,false,1785240097541,LeaderAccept
1785240097795,true,1785240097836,LeaderAccept
1785240098138,true,1785240098180,LeaderAccept
1785240098545,false,1785240098587,LeaderAccept
1785240099044,false,1785240099083,FastAccept
1785240099684,false,1785240099722,FastAccept
1785240100563,true,1785240100602,FastAccept
1785240101928,true,1785240101966,FastAccept
1785240104628,false,1785240104667,FastAccept
1785240110672,true,1785240110737,LeaderAccept
1785240110701,true,1785240110767,LeaderAccept
1785240110732,true,1785240110796,LeaderAccept
1785240110763,false,1785240110845,LeaderAccept
1785240110794,true,1785240110845,FastAccept
1785240110825,true,1785240110889,SlowAccept
1785240110857,true,1785240110925,LeaderAccept
1785240110890,false,1785240110971,LeaderAccept
1785240110923,false,1785240110992,LeaderAccept
1785240110957,true,1785240111020,LeaderAccept
1785240110991,false,1785240111041,LeaderAccept
1785240111026,false,1785240111064,FastAccept
1785240111061,false,1785240111111,LeaderAccept
1785240111097,true,1785240111163,LeaderAccept
1785240111134,true,1785240111184,LeaderAccept
1785240111171,true,1785240111209,FastAccept
1785240111209,true,1785240111247,FastAccept
1785240111247,true,1785240111301,LeaderAccept
1785240111287,true,1785240111352,SlowAccept
1785240111327,false,1785240111380,LeaderAccept
1785240111368,false,1785240111406,FastAccept
1785240111410,false,1785240111449,FastAccept
1785240111453,false,1785240111515,LeaderAccept
1785240111497,false,1785240111553,LeaderAccept
1785240111542,false,1785240111581,FastAccept
1785240111587,false,1785240111625,FastAccept
1785240111633,true,1785240111691,LeaderAccept
1785240111680,true,1785240111719,FastAccept
1785240111729,true,1785240111767,FastAccept
1785240111779,true,1785240111818,FastAccept
1785240111831,true,1785240111870,FastAccept
1785240111884,true,1785240111949,SlowAccept
1785240111939,true,1785240111977,FastAccept
1785240111994,false,1785240112033,FastAccept
1785240112051,false,1785240112115,SlowAccept
1785240112109,true,1785240112167,LeaderAccept
1785240112170,true,1785240112215,FastAccept
1785240112233,true,1785240112272,FastAccept
1785240112297,false,1785240112335,FastAccept
1785240112363,true,1785240112419,LeaderAccept
1785240112431,false,1785240112481,LeaderAccept
1785240112502,true,1785240112570,LeaderAccept
1785240112575,false,1785240112622,FastAccept
1785240112651,true,1785240112689,FastAccept
1785240112729,false,1785240112791,LeaderAccept
1785240112811,true,1785240112872,LeaderAccept
1785240112896,true,1785240112942,FastAccept
1785240112985,true,1785240113048,SlowAccept
1785240113078,true,1785240113116,FastAccept
1785240113176,true,1785240113242,LeaderAccept
1785240113277,true,1785240113323,FastAccept
1785240113384,false,1785240113423,FastAccept
1785240113497,false,1785240113556,LeaderAccept
1785240113617,true,1785240113676,LeaderAccept
1785240113743,false,1785240113810,SlowAccept
1785240113878,true,1785240113916,FastAccept
1785240114022,true,1785240114085,LeaderAccept
1785240114177,false,1785240114234,LeaderAccept
1785240114345,true,1785240114408,SlowAccept
1785240114528,true,1785240114566,FastAccept
1785240114728,true,1785240114766,FastAccept
1785240114948,false,1785240114986,FastAccept
1785240115193,true,1785240115236,LeaderAccept
1785240115470,true,1785240115509,FastAccept
1785240115788,false,1785240115827,FastAccept
1785240116161,true,1785240116200,FastAccept
1785240116610,false,1785240116649,FastAccept
1785240117172,true,1785240117211,FastAccept
1785240117916,true,1785240117975,LeaderAccept
1785240118995,false,1785240119033,FastAccept
1785240120845,true,1785240120884,FastAccept
1785240125506,false,1785240125545,FastAccept
1785240164526,true,1785240164565,FastAccept
1785240164544,false,1785240164583,FastAccept
1785240164562,true,1785240164633,LeaderAccept
1785240164580,false,1785240164619,FastAccept
1785240164598,false,1785240164706,LeaderAccept
1785240164616,true,1785240164682,SlowAccept
1785240164634,false,1785240164682,FastAccept
1785240164652,true,1785240164742,LeaderAccept
1785240164671,false,1785240164734,SlowAccept
1785240164689,true,1785240164734,FastAccept
1785240164708,false,1785240164800,LeaderAccept
1785240164727,true,1785240164792,SlowAccept
1785240164746,true,1785240164802,LeaderAccept
1785240164765,true,1785240164857,LeaderAccept
1785240164784,true,1785240164850,SlowAccept
1785240164804,false,1785240164850,FastAccept
1785240164824,true,1785240164915,LeaderAccept
1785240164844,false,1785240164906,SlowAccept
1785240164864,false,1785240164906,FastAccept
1785240164885,true,1785240164944,LeaderAccept
1785240164905,false,1785240165001,LeaderAccept
1785240164927,false,1785240164992,SlowAccept
1785240164948,false,1785240164992,FastAccept
1785240164970,true,1785240165029,LeaderAccept
1785240164991,true,1785240165079,LeaderAccept
1785240165013,false,1785240165079,SlowAccept
1785240165036,false,1785240165079,FastAccept
1785240165058,true,1785240165097,FastAccept
1785240165080,false,1785240165119,FastAccept
1785240165103,true,1785240165142,FastAccept
1785240165126,true,1785240165165,FastAccept
1785240165149,true,1785240165239,LeaderAccept
1785240165172,true,1785240165218,FastAccept
1785240165196,false,1785240165235,FastAccept
1785240165220,true,1785240165259,FastAccept
1785240165244,false,1785240165284,FastAccept
1785240165269,true,1785240165308,FastAccept
1785240165293,false,1785240165333,FastAccept
1785240165318,false,1785240165357,FastAccept
1785240165343,false,1785240165382,FastAccept
1785240165368,true,1785240165407,FastAccept
1785240165394,true,1785240165459,LeaderAccept
1785240165420,true,1785240165489,LeaderAccept
1785240165447,false,1785240165539,LeaderAccept
1785240165474,false,1785240165539,SlowAccept
1785240165501,true,1785240165566,LeaderAccept
1785240165529,false,1785240165594,LeaderAccept
1785240165557,false,1785240165623,LeaderAccept
1785240165585,true,1785240165645,LeaderAccept
1785240165614,false,1785240165673,LeaderAccept
1785240165643,true,1785240165693,LeaderAccept
1785240165673,false,1785240165737,LeaderAccept
1785240165703,false,1785240165766,LeaderAccept
1785240165733,false,1785240165795,LeaderAccept
1785240165764,false,1785240165815,LeaderAccept
1785240165795,false,1785240165846,LeaderAccept
1785240165826,true,1785240165891,LeaderAccept
1785240165858,true,1785240165912,LeaderAccept
1785240165891,false,1785240165960,LeaderAccept
1785240165924,true,1785240165988,LeaderAccept
1785240165958,false,1785240166009,LeaderAccept
1785240165993,false,1785240166045,LeaderAccept
1785240166028,false,1785240166083,LeaderAccept
1785240166064,false,1785240166130,LeaderAccept
1785240166100,false,1785240166151,LeaderAccept
1785240166137,false,1785240166201,SlowAccept
1785240166175,false,1785240166230,LeaderAccept
1785240166213,false,1785240166264,LeaderAccept
1785240166252,false,1785240166306,LeaderAccept
1785240166292,true,1785240166350,LeaderAccept
1785240166332,false,1785240166384,LeaderAccept
1785240166373,false,1785240166439,SlowAccept
1785240166415,false,1785240166468,LeaderAccept
1785240166458,true,1785240166509,LeaderAccept
1785240166502,false,1785240166556,LeaderAccept
1785240166547,false,1785240166606,LeaderAccept
1785240166593,false,1785240166650,SlowAccept
1785240166641,true,1785240166702,SlowAccept
1785240166688,true,1785240166754,SlowAccept
1785240166738,true,1785240166777,FastAccept
1785240166788,true,1785240166826,FastAccept
1785240166840,false,1785240166933,LeaderAccept
1785240166892,true,1785240166933,LeaderAccept
1785240166946,true,1785240167009,SlowAccept
1785240167001,true,1785240167061,LeaderAccept
1785240167058,false,1785240167117,LeaderAccept
1785240167117,false,1785240167156,FastAccept
1785240167177,false,1785240167239,LeaderAccept
1785240167239,false,1785240167278,FastAccept
1785240167304,false,1785240167367,LeaderAccept
1785240167371,true,1785240167431,LeaderAccept
1785240167440,true,1785240167492,SlowAccept
1785240167511,false,1785240167550,FastAccept
1785240167585,true,1785240167624,FastAccept
1785240167662,false,1785240167711,LeaderAccept
1785240167741,false,1785240167796,LeaderAccept
1785240167823,false,1785240167882,LeaderAccept
1785240167909,true,1785240167968,LeaderAccept
1785240167998,true,1785240168037,FastAccept
1785240168092,false,1785240168131,FastAccept
1785240168190,true,1785240168229,FastAccept
1785240168293,false,1785240168332,FastAccept
1785240168402,false,1785240168458,LeaderAccept
1785240168516,false,1785240168575,LeaderAccept
1785240168637,false,1785240168676,FastAccept
1785240168765,false,1785240168804,FastAccept
1785240168902,true,1785240168941,FastAccept
1785240169048,false,1785240169087,FastAccept
1785240169205,true,1785240169244,FastAccept
1785240169375,true,1785240169433,LeaderAccept
1785240169560,false,1785240169615,SlowAccept
1785240169763,true,1785240169802,FastAccept
1785240169987,true,1785240170026,FastAccept
1785240170238,true,1785240170277,FastAccept
1785240170522,false,1785240170577,LeaderAccept
1785240170849,true,1785240170900,LeaderAccept
1785240171234,false,1785240171274,FastAccept
1785240171702,false,1785240171740,FastAccept
1785240172291,true,1785240172330,FastAccept
1785240173083,true,1785240173123,FastAccept
1785240174258,true,1785240174297,FastAccept
1785240176371,true,1785240176410,FastAccept
1785240178822,true,1785240178860,FastAccept
1785240178839,true,1785240178877,FastAccept
1785240178856,true,1785240178895,FastAccept
1785240178875,false,1785240178914,FastAccept
1785240178892,false,1785240178931,FastAccept
1785240178910,false,1785240178949,FastAccept
1785240178928,false,1785240178967,FastAccept
1785240178946,true,1785240178985,FastAccept
1785240178965,false,1785240179004,FastAccept
1785240178984,true,1785240179023,FastAccept
1785240179003,true,1785240179042,FastAccept
1785240179022,true,1785240179061,FastAccept
1785240179041,false,1785240179080,FastAccept
1785240179060,false,1785240179099,FastAccept
1785240179079,false,1785240179118,FastAccept
1785240179098,false,1785240179137,FastAccept
1785240179117,false,1785240179156,FastAccept
1785240179136,false,1785240179175,FastAccept
1785240179156,false,1785240179194,FastAccept
1785240179175,false,1785240179214,FastAccept
1785240179197,true,1785240179235,FastAccept
1785240179217,true,1785240179256,FastAccept
1785240179238,true,1785240179277,FastAccept
1785240179258,true,1785240179297,FastAccept
1785240179280,true,1785240179319,FastAccept
1785240179302,false,1785240179341,FastAccept
1785240179324,false,1785240179363,FastAccept
1785240179345,false,1785240179384,FastAccept
1785240179367,true,1785240179405,FastAccept
1785240179389,false,1785240179428,FastAccept
1785240179412,true,1785240179451,FastAccept
1785240179434,false,1785240179473,FastAccept
1785240179457,false,1785240179496,FastAccept
1785240179480,false,1785240179519,FastAccept
1785240179504,true,1785240179543,FastAccept
1785240179528,true,1785240179567,FastAccept
1785240179552,true,1785240179591,FastAccept
1785240179577,true,1785240179616,FastAccept
1785240179602,false,1785240179641,FastAccept
1785240179627,false,1785240179666,FastAccept
1785240179653,false,1785240179692,FastAccept
1785240179679,true,1785240179718,FastAccept
1785240179705,false,1785240179744,FastAccept
1785240179731,true,1785240179771,FastAccept
1785240179759,false,1785240179797,FastAccept
1785240179785,false,1785240179823,FastAccept
1785240179813,false,1785240179852,FastAccept
1785240179840,true,1785240179878,FastAccept
1785240179868,true,1785240179907,FastAccept
1785240179896,true,1785240179934,FastAccept
1785240179924,false,1785240179963,FastAccept
1785240179953,false,1785240179992,FastAccept
1785240179982,false,1785240180021,FastAccept
1785240180012,true,1785240180051,FastAccept
1785240180042,false,1785240180081,FastAccept
1785240180073,false,1785240180112,FastAccept
1785240180104,true,1785240180143,FastAccept
1785240180136,false,1785240180174,FastAccept
1785240180168,true,1785240180206,FastAccept
1785240180201,true,1785240180240,FastAccept
1785240180235,true,1785240180273,FastAccept
1785240180268,true,1785240180307,FastAccept
1785240180303,true,1785240180342,FastAccept
1785240180339,false,1785240180377,FastAccept
1785240180374,false,1785240180412,FastAccept
1785240180411,false,1785240180449,FastAccept
1785240180447,true,1785240180485,FastAccept
1785240180484,true,1785240180523,FastAccept
1785240180522,true,1785240180561,FastAccept
1785240180561,false,1785240180599,FastAccept
1785240180600,true,1785240180639,FastAccept
1785240180641,true,1785240180680,FastAccept
1785240180682,false,1785240180721,FastAccept
1785240180725,false,1785240180763,FastAccept
1785240180767,true,1785240180806,FastAccept
1785240180811,false,1785240180850,FastAccept
1785240180856,true,1785240180895,FastAccept
1785240180902,true,1785240180941,FastAccept
1785240180949,false,1785240180987,FastAccept
1785240180997,true,1785240181036,FastAccept
1785240181046,true,1785240181085,FastAccept
1785240181096,true,1785240181135,FastAccept
1785240181147,true,1785240181186,FastAccept
1785240181200,false,1785240181239,FastAccept
1785240181255,true,1785240181293,FastAccept
1785240181310,true,1785240181350,FastAccept
1785240181367,false,1785240181406,FastAccept
1785240181425,false,1785240181464,FastAccept
1785240181485,false,1785240181524,FastAccept
1785240181547,true,1785240181586,FastAccept
1785240181611,true,1785240181650,FastAccept
1785240181678,true,1785240181716,FastAccept
1785240181746,false,1785240181784,FastAccept
1785240181816,false,1785240181855,FastAccept
1785240181889,true,1785240181928,FastAccept
1785240181965,true,1785240182004,FastAccept
1785240182044,false,1785240182083,FastAccept
1785240182126,true,1785240182165,FastAccept
1785240182211,false,1785240182262,LeaderAccept
1785240182300,false,1785240182339,FastAccept
1785240182393,false,1785240182433,FastAccept
1785240182490,false,1785240182529,FastAccept
1785240182592,true,1785240182631,FastAccept
1785240182699,true,1785240182739,FastAccept
1785240182812,true,1785240182851,FastAccept
1785240182931,false,1785240182970,FastAccept
1785240183058,false,1785240183097,FastAccept
1785240183193,true,1785240183232,FastAccept
1785240183338,false,1785240183376,FastAccept
1785240183493,true,1785240183531,FastAccept
1785240183660,false,1785240183698,FastAccept
1785240183842,true,1785240183902,LeaderAccept
1785240184041,true,1785240184080,FastAccept
1785240184262,false,1785240184301,FastAccept
1785240184507,true,1785240184546,FastAccept
1785240184785,true,1785240184824,FastAccept
1785240185103,false,1785240185142,FastAccept
1785240185476,true,1785240185515,FastAccept
1785240185925,true,1785240185964,FastAccept
1785240186487,true,1785240186526,FastAccept
1785240187232,true,1785240187297,LeaderAccept
1785240188312,true,1785240188358,FastAccept
1785240190164,false,1785240190204,FastAccept
1785240194839,false,1785240194877,FastAccept
1785240235902,true,1785240235940,FastAccept
1785240235919,true,1785240235958,FastAccept
1785240235937,false,1785240235975,FastAccept
1785240235954,false,1785240236020,SlowAccept
1785240235971,false,1785240236020,FastAccept
1785240235988,true,1785240236078,LeaderAccept
1785240236006,true,1785240236072,SlowAccept
1785240236024,true,1785240236078,LeaderAccept
1785240236042,true,1785240236134,LeaderAccept
1785240236060,true,1785240236124,SlowAccept
1785240236079,true,1785240236134,LeaderAccept
1785240236097,true,1785240236182,LeaderAccept
1785240236116,false,1785240236182,SlowAccept
1785240236135,true,1785240236182,FastAccept
1785240236154,true,1785240236241,LeaderAccept
1785240236173,false,1785240236235,SlowAccept
1785240236192,true,1785240236235,FastAccept
1785240236211,true,1785240236267,LeaderAccept
1785240236232,true,1785240236290,LeaderAccept
1785240236251,true,1785240236339,LeaderAccept
1785240236271,false,1785240236333,SlowAccept
1785240236291,true,1785240236333,FastAccept
1785240236312,false,1785240236365,LeaderAccept
1785240236332,true,1785240236392,LeaderAccept
1785240236354,true,1785240236456,LeaderAccept
1785240236374,true,1785240236438,SlowAccept
1785240236395,true,1785240236456,SlowAccept
1785240236416,false,1785240236470,LeaderAccept
1785240236438,true,1785240236497,LeaderAccept
1785240236460,true,1785240236523,LeaderAccept
1785240236482,true,1785240236575,LeaderAccept
1785240236504,false,1785240236569,SlowAccept
1785240236526,false,1785240236569,FastAccept
1785240236548,false,1785240236605,LeaderAccept
1785240236571,true,1785240236631,LeaderAccept
1785240236594,false,1785240236756,LeaderAccept
1785240236617,false,1785240236678,SlowAccept
1785240236641,false,1785240236704,SlowAccept
1785240236665,false,1785240236731,SlowAccept
1785240236689,true,1785240236736,FastAccept
1785240236714,true,1785240236753,FastAccept
1785240236739,true,1785240236785,FastAccept
1785240236764,false,1785240236803,FastAccept
1785240236789,true,1785240236828,FastAccept
1785240236815,false,1785240236854,FastAccept
1785240236841,false,1785240236879,FastAccept
1785240236867,true,1785240236905,FastAccept
1785240236893,true,1785240236931,FastAccept
1785240236920,false,1785240236959,FastAccept
1785240236948,false,1785240237011,SlowAccept
1785240236975,true,1785240237036,SlowAccept
1785240237004,false,1785240237069,LeaderAccept
1785240237032,false,1785240237095,LeaderAccept
1785240237060,false,1785240237121,LeaderAccept
1785240237089,true,1785240237148,LeaderAccept
1785240237119,true,1785240237168,LeaderAccept
1785240237149,true,1785240237188,FastAccept
1785240237180,false,1785240237246,LeaderAccept
1785240237211,false,1785240237272,LeaderAccept
1785240237242,false,1785240237292,LeaderAccept
1785240237274,true,1785240237313,FastAccept
1785240237307,false,1785240237345,FastAccept
1785240237339,true,1785240237378,FastAccept
1785240237372,false,1785240237411,FastAccept
1785240237406,true,1785240237445,FastAccept
1785240237440,false,1785240237478,FastAccept
1785240237475,false,1785240237513,FastAccept
1785240237510,true,1785240237548,FastAccept
1785240237546,false,1785240237585,FastAccept
1785240237583,true,1785240237621,FastAccept
1785240237620,false,1785240237659,FastAccept
1785240237659,true,1785240237698,FastAccept
1785240237698,true,1785240237760,SlowAccept
1785240237738,false,1785240237787,LeaderAccept
1785240237779,true,1785240237818,FastAccept
1785240237821,true,1785240237861,FastAccept
1785240237864,false,1785240237903,FastAccept
1785240237907,true,1785240237946,FastAccept
1785240237951,true,1785240237990,FastAccept
1785240237996,true,1785240238034,FastAccept
1785240238042,false,1785240238081,FastAccept
1785240238089,true,1785240238128,FastAccept
1785240238137,false,1785240238176,FastAccept
1785240238186,true,1785240238225,FastAccept
1785240238236,true,1785240238275,FastAccept
1785240238289,false,1785240238327,FastAccept
1785240238343,false,1785240238381,FastAccept
1785240238397,false,1785240238461,SlowAccept
1785240238453,true,1785240238491,FastAccept
1785240238509,false,1785240238548,FastAccept
1785240238568,true,1785240238607,FastAccept
1785240238629,true,1785240238668,FastAccept
1785240238692,false,1785240238731,FastAccept
1785240238757,false,1785240238796,FastAccept
1785240238824,true,1785240238863,FastAccept
1785240238893,true,1785240238932,FastAccept
1785240238965,false,1785240239003,FastAccept
1785240239038,false,1785240239077,FastAccept
1785240239115,false,1785240239153,FastAccept
1785240239195,false,1785240239234,FastAccept
1785240239277,false,1785240239329,LeaderAccept
1785240239363,true,1785240239429,LeaderAccept
1785240239453,true,1785240239512,LeaderAccept
1785240239547,true,1785240239606,SlowAccept
1785240239646,true,1785240239706,LeaderAccept
1785240239750,false,1785240239807,LeaderAccept
1785240239859,true,1785240239898,FastAccept
1785240239974,false,1785240240026,SlowAccept
1785240240096,true,1785240240165,LeaderAccept
1785240240225,false,1785240240292,SlowAccept
1785240240363,true,1785240240402,FastAccept
1785240240511,true,1785240240550,FastAccept
1785240240670,false,1785240240709,FastAccept
1785240240841,false,1785240240896,SlowAccept
1785240241028,true,1785240241088,LeaderAccept
1785240241233,false,1785240241293,LeaderAccept
1785240241461,true,1785240241511,LeaderAccept
1785240241715,true,1785240241754,FastAccept
1785240242004,true,1785240242043,FastAccept
1785240242338,false,1785240242377,FastAccept
1785240242731,true,1785240242770,FastAccept
1785240243209,true,1785240243248,FastAccept
1785240243817,false,1785240243856,FastAccept
1785240244641,false,1785240244680,FastAccept
1785240245884,false,1785240245942,LeaderAccept
1785240248196,true,1785240248263,SlowAccept
1785240255541,false,1785240255604,LeaderAccept
1785240265920,true,1785240265959,FastAccept
1785240265955,false,1785240265994,FastAccept
1785240265991,false,1785240266030,FastAccept
1785240266028,false,1785240266067,FastAccept
1785240266065,true,1785240266104,FastAccept
1785240266104,false,1785240266142,FastAccept
1785240266142,false,1785240266181,FastAccept
1785240266181,false,1785240266220,FastAccept
1785240266221,true,1785240266260,FastAccept
1785240266261,true,1785240266301,FastAccept
1785240266302,false,1785240266340,FastAccept
1785240266344,false,1785240266383,FastAccept
1785240266388,true,1785240266427,FastAccept
1785240266433,false,1785240266472,FastAccept
1785240266478,false,1785240266517,FastAccept
1785240266525,true,1785240266565,FastAccept
1785240266573,false,1785240266612,FastAccept
1785240266621,false,1785240266660,FastAccept
1785240266671,true,1785240266710,FastAccept
1785240266722,false,1785240266761,FastAccept
1785240266774,false,1785240266813,FastAccept
1785240266828,false,1785240266867,FastAccept
1785240266883,true,1785240266922,FastAccept
1785240266939,true,1785240266978,FastAccept
1785240266997,true,1785240267035,FastAccept
1785240267056,true,1785240267094,FastAccept
1785240267117,false,1785240267156,FastAccept
1785240267181,true,1785240267221,FastAccept
1785240267247,true,1785240267286,FastAccept
1785240267314,true,1785240267353,FastAccept
1785240267384,false,1785240267438,LeaderAccept
1785240267456,true,1785240267510,LeaderAccept
1785240267531,true,1785240267594,LeaderAccept
1785240267608,false,1785240267665,LeaderAccept
1785240267689,false,1785240267743,LeaderAccept
1785240267772,true,1785240267838,LeaderAccept
1785240267859,true,1785240267904,LeaderAccept
1785240267950,false,1785240268011,SlowAccept
1785240268046,true,1785240268105,LeaderAccept
1785240268145,false,1785240268232,LeaderAccept
1785240268250,true,1785240268314,LeaderAccept
1785240268361,true,1785240268416,LeaderAccept
1785240268478,false,1785240268537,SlowAccept
1785240268602,false,1785240268659,LeaderAccept
1785240268734,true,1785240268793,LeaderAccept
1785240268875,true,1785240268935,LeaderAccept
1785240269027,true,1785240269083,LeaderAccept
1785240269189,false,1785240269248,LeaderAccept
1785240269365,false,1785240269424,SlowAccept
1785240269557,true,1785240269620,LeaderAccept
1785240269768,false,1785240269807,FastAccept
1785240270002,true,1785240270061,LeaderAccept
1785240270266,true,1785240270322,LeaderAccept
1785240270567,true,1785240270626,LeaderAccept
1785240270917,false,1785240270956,FastAccept
1785240271333,false,1785240271372,FastAccept
1785240271845,true,1785240271884,FastAccept
1785240272506,false,1785240272545,FastAccept
1785240273425,false,1785240273479,SlowAccept
1785240274880,false,1785240274932,SlowAccept
1785240277890,true,1785240277929,FastAccept
1785240279275,false,1785240279314,FastAccept
1785240279307,false,1785240279345,FastAccept
1785240279339,false,1785240279378,FastAccept
1785240279372,false,1785240279411,FastAccept
1785240279405,true,1785240279444,FastAccept
1785240279439,false,1785240279478,FastAccept
1785240279473,true,1785240279512,FastAccept
1785240279509,true,1785240279547,FastAccept
1785240279544,false,1785240279582,FastAccept
1785240279580,false,1785240279630,SlowAccept
1785240279616,true,1785240279654,FastAccept
1785240279653,false,1785240279691,FastAccept
1785240279691,true,1785240279729,FastAccept
1785240279729,true,1785240279768,FastAccept
1785240279768,false,1785240279806,FastAccept
1785240279808,true,1785240279858,LeaderAccept
1785240279848,false,1785240279907,LeaderAccept
1785240279889,false,1785240279928,FastAccept
1785240279931,true,1785240279970,FastAccept
1785240279974,true,1785240280033,LeaderAccept
1785240280018,true,1785240280057,FastAccept
1785240280063,false,1785240280102,FastAccept
1785240280109,false,1785240280148,FastAccept
1785240280156,false,1785240280195,FastAccept
1785240280204,false,1785240280243,FastAccept
1785240280253,true,1785240280292,FastAccept
1785240280303,true,1785240280342,FastAccept
1785240280354,true,1785240280393,FastAccept
1785240280407,true,1785240280446,FastAccept
1785240280461,true,1785240280513,LeaderAccept
1785240280517,true,1785240280556,FastAccept
1785240280574,false,1785240280613,FastAccept
1785240280633,false,1785240280672,FastAccept
1785240280694,true,1785240280733,FastAccept
1785240280757,true,1785240280796,FastAccept
1785240280821,true,1785240280860,FastAccept
1785240280888,false,1785240280927,FastAccept
1785240280957,false,1785240280996,FastAccept
1785240281028,true,1785240281087,SlowAccept
1785240281102,true,1785240281160,SlowAccept
1785240281179,true,1785240281232,LeaderAccept
1785240281259,true,1785240281305,FastAccept
1785240281341,false,1785240281395,LeaderAccept
1785240281427,true,1785240281465,FastAccept
1785240281517,true,1785240281572,LeaderAccept
1785240281610,false,1785240281649,FastAccept
1785240281708,false,1785240281850,LeaderAccept
1785240281812,true,1785240281871,LeaderAccept
1785240281920,false,1785240281959,FastAccept
1785240282036,true,1785240282082,FastAccept
1785240282157,true,1785240282196,FastAccept
1785240282286,true,1785240282333,FastAccept
1785240282423,true,1785240282462,FastAccept
1785240282570,true,1785240282616,FastAccept
1785240282728,true,1785240282767,FastAccept
1785240282898,false,1785240282944,FastAccept
1785240283084,false,1785240283151,SlowAccept
1785240283288,false,1785240283327,FastAccept
1785240283513,false,1785240283552,FastAccept
1785240283765,false,1785240283804,FastAccept
1785240284051,false,1785240284113,LeaderAccept
1785240284381,false,1785240284420,FastAccept
1785240284770,true,1785240284810,FastAccept
1785240285243,false,1785240285282,FastAccept
1785240285841,true,1785240285880,FastAccept
1785240286647,true,1785240286686,FastAccept
1785240287852,false,1785240287891,FastAccept
1785240290051,true,1785240290090,FastAccept
1785240296655,false,1785240296693,FastAccept
1785240325447,true,1785240325532,LeaderAccept
1785240325464,false,1785240325526,SlowAccept
1785240325480,true,1785240325542,LeaderAccept
1785240325497,true,1785240325552,LeaderAccept
1785240325515,true,1785240325569,LeaderAccept
1785240325532,true,1785240325599,LeaderAccept
1785240325550,false,1785240325599,LeaderAccept
1785240325567,true,1785240325625,LeaderAccept
1785240325585,true,1785240325652,LeaderAccept
1785240325603,true,1785240325642,FastAccept
1785240325621,false,1785240325672,LeaderAccept
1785240325639,true,1785240325713,LeaderAccept
1785240325657,true,1785240325723,LeaderAccept
1785240325675,false,1785240325763,LeaderAccept
1785240325694,true,1785240325753,LeaderAccept
1785240325712,true,1785240325759,LeaderAccept
1785240325731,false,1785240325786,LeaderAccept
1785240325750,true,1785240325839,LeaderAccept
1785240325769,false,1785240325832,SlowAccept
1785240325789,false,1785240325848,LeaderAccept
1785240325808,true,1785240325919,LeaderAccept
1785240325828,true,1785240325887,SlowAccept
1785240325847,false,1785240325914,SlowAccept
1785240325867,true,1785240325914,FastAccept
1785240325887,false,1785240325945,LeaderAccept
1785240325908,false,1785240325998,LeaderAccept
1785240325929,true,1785240325992,SlowAccept
1785240325951,false,1785240326003,LeaderAccept
1785240325971,true,1785240326024,LeaderAccept
1785240325992,true,1785240326050,LeaderAccept
1785240326013,false,1785240326097,LeaderAccept
1785240326035,false,1785240326097,SlowAccept
1785240326057,false,1785240326110,LeaderAccept
1785240326079,false,1785240326136,LeaderAccept
1785240326102,false,1785240326163,LeaderAccept
1785240326124,false,1785240326236,LeaderAccept
1785240326147,false,1785240326210,SlowAccept
1785240326170,false,1785240326236,SlowAccept
1785240326193,true,1785240326236,FastAccept
1785240326217,true,1785240326273,LeaderAccept
1785240326241,false,1785240326300,LeaderAccept
1785240326265,true,1785240326326,LeaderAccept
1785240326290,true,1785240326353,LeaderAccept
1785240326315,false,1785240326379,LeaderAccept
1785240326340,true,1785240326406,LeaderAccept
1785240326366,false,1785240326426,LeaderAccept
1785240326393,true,1785240326450,LeaderAccept
1785240326418,false,1785240326476,LeaderAccept
1785240326444,false,1785240326502,LeaderAccept
1785240326471,false,1785240326529,LeaderAccept
1785240326498,true,1785240326555,LeaderAccept
1785240326525,true,1785240326581,LeaderAccept
1785240326552,true,1785240326624,LeaderAccept
1785240326580,true,1785240326624,LeaderAccept
1785240326609,true,1785240326648,FastAccept
1785240326638,true,1785240326704,SlowAccept
1785240326667,true,1785240326722,SlowAccept
1785240326696,false,1785240326754,LeaderAccept
1785240326726,false,1785240326774,LeaderAccept
1785240326756,false,1785240326818,SlowAccept
1785240326788,false,1785240326851,LeaderAccept
1785240326819,false,1785240326871,LeaderAccept
1785240326851,true,1785240326889,FastAccept
1785240326883,true,1785240326922,FastAccept
1785240326916,false,1785240326956,FastAccept
1785240326951,false,1785240327002,LeaderAccept
1785240326984,true,1785240327023,FastAccept
1785240327019,true,1785240327084,LeaderAccept
1785240327053,false,1785240327105,LeaderAccept
1785240327089,true,1785240327127,FastAccept
1785240327125,false,1785240327163,FastAccept
1785240327163,true,1785240327201,FastAccept
1785240327200,false,1785240327266,LeaderAccept
1785240327239,false,1785240327286,LeaderAccept
1785240327277,true,1785240327336,LeaderAccept
1785240327316,true,1785240327355,FastAccept
1785240327356,false,1785240327395,FastAccept
1785240327397,true,1785240327479,LeaderAccept
1785240327439,false,1785240327499,LeaderAccept
1785240327482,true,1785240327548,SlowAccept
1785240327526,false,1785240327575,LeaderAccept
1785240327571,true,1785240327610,FastAccept
1785240327617,true,1785240327656,FastAccept
1785240327664,true,1785240327703,FastAccept
1785240327713,true,1785240327769,LeaderAccept
1785240327761,true,1785240327800,FastAccept
1785240327811,true,1785240327850,FastAccept
1785240327863,true,1785240327902,FastAccept
1785240327915,false,1785240327954,FastAccept
1785240327969,false,1785240328008,FastAccept
1785240328024,false,1785240328063,FastAccept
1785240328081,false,1785240328131,SlowAccept
1785240328140,false,1785240328179,FastAccept
1785240328200,true,1785240328239,FastAccept
1785240328262,false,1785240328301,FastAccept
1785240328326,true,1785240328365,FastAccept
1785240328392,true,1785240328449,LeaderAccept
1785240328460,false,1785240328523,SlowAccept
1785240328531,false,1785240328570,FastAccept
1785240328604,true,1785240328643,FastAccept
1785240328680,false,1785240328719,FastAccept
1785240328759,true,1785240328798,FastAccept
1785240328842,false,1785240328881,FastAccept
1785240328927,false,1785240328978,SlowAccept
1785240329016,true,1785240329055,FastAccept
1785240329108,false,1785240329148,FastAccept
1785240329205,true,1785240329244,FastAccept
1785240329307,false,1785240329346,FastAccept
1785240329414,true,1785240329464,LeaderAccept
1785240329527,true,1785240329566,FastAccept
1785240329647,true,1785240329687,FastAccept
1785240329774,false,1785240329813,FastAccept
1785240329909,false,1785240329948,FastAccept
1785240330054,true,1785240330092,FastAccept
1785240330208,false,1785240330247,FastAccept
1785240330362,false,1785240330414,SlowAccept
1785240330393,false,1785240330441,LeaderAccept
1785240330423,true,1785240330462,FastAccept
1785240330454,true,1785240330493,FastAccept
1785240330486,true,1785240330525,FastAccept
1785240330518,true,1785240330557,FastAccept
1785240330551,true,1785240330590,FastAccept
1785240330585,true,1785240330624,FastAccept
1785240330619,false,1785240330658,FastAccept
1785240330654,true,1785240330700,FastAccept
1785240330689,true,1785240330753,LeaderAccept
1785240330724,false,1785240330774,LeaderAccept
1785240330762,false,1785240330801,FastAccept
1785240330798,true,1785240330837,FastAccept
1785240330836,false,1785240330884,LeaderAccept
1785240330874,true,1785240330913,FastAccept
1785240330913,false,1785240330952,FastAccept
1785240330953,true,1785240330992,FastAccept
1785240330993,true,1785240331031,FastAccept
1785240331034,false,1785240331072,FastAccept
1785240331076,true,1785240331114,FastAccept
1785240331119,false,1785240331159,FastAccept
1785240331163,false,1785240331202,FastAccept
1785240331208,false,1785240331247,FastAccept
1785240331254,true,1785240331293,FastAccept
1785240331301,true,1785240331340,FastAccept
1785240331349,true,1785240331388,FastAccept
1785240331398,true,1785240331437,FastAccept
1785240331448,false,1785240331487,FastAccept
1785240331499,true,1785240331538,FastAccept
1785240331552,false,1785240331591,FastAccept
1785240331606,true,1785240331645,FastAccept
1785240331663,true,1785240331701,FastAccept
1785240331720,false,1785240331759,FastAccept
1785240331778,true,1785240331817,FastAccept
1785240331839,true,1785240331878,FastAccept
1785240331902,true,1785240331941,FastAccept
1785240331966,false,1785240332005,FastAccept
1785240332033,false,1785240332072,FastAccept
1785240332102,true,1785240332141,FastAccept
1785240332173,false,1785240332212,FastAccept
1785240332247,true,1785240332285,FastAccept
1785240332324,false,1785240332362,FastAccept
1785240332403,false,1785240332442,FastAccept
1785240332485,false,1785240332524,FastAccept
1785240332571,true,1785240332610,FastAccept
1785240332662,true,1785240332700,FastAccept
1785240332755,true,1785240332793,FastAccept
1785240332853,true,1785240332892,FastAccept
1785240332955,true,1785240332994,FastAccept
1785240333063,false,1785240333102,FastAccept
1785240333178,true,1785240333216,FastAccept
1785240333299,true,1785240333338,FastAccept
1785240333427,false,1785240333466,FastAccept
1785240333564,false,1785240333603,FastAccept
1785240333711,true,1785240333751,FastAccept
1785240333869,true,1785240333908,FastAccept
1785240334040,true,1785240334078,FastAccept
1785240334225,false,1785240334264,FastAccept
1785240334428,false,1785240334467,FastAccept
1785240334653,false,1785240334692,FastAccept
1785240334904,true,1785240334943,FastAccept
1785240335189,false,1785240335228,FastAccept
1785240335517,false,1785240335556,FastAccept
1785240335903,false,1785240335942,FastAccept
1785240336372,true,1785240336432,LeaderAccept
1785240336964,false,1785240337028,SlowAccept
1785240337760,false,1785240337822,LeaderAccept
1785240338944,true,1785240338983,FastAccept
1785240341084,false,1785240341123,FastAccept
1785240347315,true,1785240347354,FastAccept
1785240360099,false,1785240360138,FastAccept
1785240360118,true,1785240360157,FastAccept
1785240360137,true,1785240360176,FastAccept
1785240360156,false,1785240360195,FastAccept
1785240360176,false,1785240360214,FastAccept
1785240360195,true,1785240360233,FastAccept
1785240360214,false,1785240360253,FastAccept
1785240360235,false,1785240360274,FastAccept
1785240360256,true,1785240360295,FastAccept
1785240360277,true,1785240360316,FastAccept
1785240360298,false,1785240360337,FastAccept
1785240360319,true,1785240360357,FastAccept
1785240360340,true,1785240360379,FastAccept
1785240360361,false,1785240360399,FastAccept
1785240360382,true,1785240360421,FastAccept
1785240360404,true,1785240360443,FastAccept
1785240360426,true,1785240360465,FastAccept
1785240360448,true,1785240360487,FastAccept
1785240360471,false,1785240360510,FastAccept
1785240360494,true,1785240360533,FastAccept
1785240360517,false,1785240360555,FastAccept
1785240360540,false,1785240360579,FastAccept
1785240360564,false,1785240360602,FastAccept
1785240360587,false,1785240360626,FastAccept
1785240360611,true,1785240360650,FastAccept
1785240360635,true,1785240360673,FastAccept
1785240360659,false,1785240360698,FastAccept
1785240360684,true,1785240360723,FastAccept
1785240360710,true,1785240360749,FastAccept
1785240360736,true,1785240360775,FastAccept
1785240360762,false,1785240360808,FastAccept
1785240360788,true,1785240360854,SlowAccept
1785240360815,false,1785240360881,SlowAccept
1785240360842,true,1785240360908,SlowAccept
1785240360869,false,1785240360934,SlowAccept
1785240360897,true,1785240360960,SlowAccept
1785240360925,false,1785240360986,SlowAccept
1785240360953,true,1785240361018,LeaderAccept
1785240360982,true,1785240361045,LeaderAccept
1785240361012,false,1785240361071,LeaderAccept
1785240361041,true,1785240361097,LeaderAccept
1785240361070,true,1785240361118,LeaderAccept
1785240361101,false,1785240361139,FastAccept
1785240361131,false,1785240361170,FastAccept
1785240361162,true,1785240361201,FastAccept
1785240361194,true,1785240361232,FastAccept
1785240361226,true,1785240361265,FastAccept
1785240361259,true,1785240361298,FastAccept
1785240361292,true,1785240361331,FastAccept
1785240361326,false,1785240361365,FastAccept
1785240361360,true,1785240361399,FastAccept
1785240361395,false,1785240361434,FastAccept
1785240361430,false,1785240361469,FastAccept
1785240361467,false,1785240361504,FastAccept
1785240361503,false,1785240361541,FastAccept
1785240361540,false,1785240361579,FastAccept
1785240361578,true,1785240361617,FastAccept
1785240361617,false,1785240361656,FastAccept
1785240361656,false,1785240361694,FastAccept
1785240361697,false,1785240361735,FastAccept
1785240361737,false,1785240361776,FastAccept
1785240361779,false,1785240361818,FastAccept
1785240361822,false,1785240361861,FastAccept
1785240361865,false,1785240361904,FastAccept
1785240361909,true,1785240361947,FastAccept
1785240361954,false,1785240361994,FastAccept
1785240362001,true,1785240362039,FastAccept
1785240362049,true,1785240362087,FastAccept
1785240362097,false,1785240362136,FastAccept
1785240362146,false,1785240362185,FastAccept
1785240362196,true,1785240362235,FastAccept
1785240362248,false,1785240362287,FastAccept
1785240362301,false,1785240362340,FastAccept
1785240362357,false,1785240362396,FastAccept
1785240362413,true,1785240362452,FastAccept
1785240362471,true,1785240362510,FastAccept
1785240362531,true,1785240362570,FastAccept
1785240362592,false,1785240362631,FastAccept
1785240362656,true,1785240362694,FastAccept
1785240362721,true,1785240362761,FastAccept
1785240362789,true,1785240362829,FastAccept
1785240362858,false,1785240362897,FastAccept
1785240362930,true,1785240362969,FastAccept
1785240363005,false,1785240363044,FastAccept
1785240363082,true,1785240363121,FastAccept
1785240363162,false,1785240363201,FastAccept
1785240363246,false,1785240363285,FastAccept
1785240363333,false,1785240363371,FastAccept
1785240363424,false,1785240363463,FastAccept
1785240363519,true,1785240363558,FastAccept
1785240363619,false,1785240363658,FastAccept
1785240363723,true,1785240363762,FastAccept
1785240363833,true,1785240363872,FastAccept
1785240363951,false,1785240363989,FastAccept
1785240364075,true,1785240364113,FastAccept
1785240364206,false,1785240364245,FastAccept
1785240364346,true,1785240364385,FastAccept
1785240364496,true,1785240364535,FastAccept
1785240364658,false,1785240364697,FastAccept
1785240364833,true,1785240364872,FastAccept
1785240365024,true,1785240365063,FastAccept
1785240365235,false,1785240365274,FastAccept
1785240365468,false,1785240365507,FastAccept
1785240365731,true,1785240365770,FastAccept
1785240366031,true,1785240366069,FastAccept
1785240366378,true,1785240366417,FastAccept
1785240366792,true,1785240366830,FastAccept
1785240367299,false,1785240367338,FastAccept
1785240367953,false,1785240367992,FastAccept
1785240368859,true,1785240368898,FastAccept
1785240370285,true,1785240370437,LeaderAccept
1785240373189,true,1785240373228,FastAccept
1785240385596,false,1785240385635,FastAccept
1785240400677,true,1785240400716,FastAccept
1785240400703,true,1785240400750,FastAccept
1785240400730,false,1785240400796,SlowAccept
1785240400758,false,1785240400822,SlowAccept
1785240400786,true,1785240400848,LeaderAccept
1785240400814,false,1785240400879,LeaderAccept
1785240400843,true,1785240400905,LeaderAccept
1785240400873,true,1785240400932,LeaderAccept
1785240400902,true,1785240400952,LeaderAccept
1785240400932,false,1785240400971,FastAccept
1785240400962,true,1785240401000,FastAccept
1785240400993,false,1785240401055,LeaderAccept
1785240401024,false,1785240401075,LeaderAccept
1785240401056,false,1785240401121,LeaderAccept
1785240401081,false,1785240401174,LeaderAccept
1785240401102,false,1785240401168,SlowAccept
1785240401123,true,1785240401169,FastAccept
1785240401146,false,1785240401195,LeaderAccept
1785240401168,true,1785240401221,LeaderAccept
1785240401190,true,1785240401272,SlowAccept
1785240401212,true,1785240401298,LeaderAccept
1785240401235,false,1785240401298,SlowAccept
1785240401258,true,1785240401304,FastAccept
1785240401281,false,1785240401327,FastAccept
1785240401304,false,1785240401342,FastAccept
1785240401327,false,1785240401366,FastAccept
1785240401351,false,1785240401390,FastAccept
1785240401376,true,1785240401440,SlowAccept
1785240401400,true,1785240401466,SlowAccept
1785240401425,false,1785240401471,FastAccept
1785240401450,false,1785240401496,FastAccept
1785240401475,false,1785240401541,LeaderAccept
1785240401501,false,1785240401567,LeaderAccept
1785240401527,true,1785240401619,LeaderAccept
1785240401554,false,1785240401613,SlowAccept
1785240401581,false,1785240401645,LeaderAccept
1785240401609,false,1785240401672,LeaderAccept
1785240401636,true,1785240401702,LeaderAccept
1785240401664,false,1785240401728,LeaderAccept
1785240401693,true,1785240401754,LeaderAccept
1785240401721,false,1785240401780,LeaderAccept
1785240401750,false,1785240401823,LeaderAccept
1785240401779,false,1785240401823,LeaderAccept
1785240401809,false,1785240401847,FastAccept
1785240401839,true,1785240401878,FastAccept
1785240401869,false,1785240401932,SlowAccept
1785240401900,true,1785240401964,LeaderAccept
1785240401932,true,1785240401985,LeaderAccept
1785240401964,true,1785240402003,FastAccept
1785240401997,false,1785240402059,LeaderAccept
1785240402030,false,1785240402079,LeaderAccept
1785240402064,true,1785240402103,FastAccept
1785240402098,true,1785240402145,FastAccept
1785240402133,false,1785240402198,LeaderAccept
1785240402169,false,1785240402218,LeaderAccept
1785240402205,false,1785240402244,FastAccept
1785240402241,true,1785240402301,LeaderAccept
1785240402279,false,1785240402318,FastAccept
1785240402317,false,1785240402356,FastAccept
1785240402355,false,1785240402394,FastAccept
1785240402394,false,1785240402433,FastAccept
1785240402435,false,1785240402474,FastAccept
1785240402477,true,1785240402515,FastAccept
1785240402518,true,1785240402577,LeaderAccept
1785240402561,true,1785240402599,FastAccept
1785240402604,true,1785240402642,FastAccept
1785240402648,true,1785240402688,FastAccept
1785240402694,false,1785240402732,FastAccept
1785240402740,true,1785240402778,FastAccept
1785240402787,true,1785240402826,FastAccept
1785240402835,true,1785240402881,FastAccept
1785240402884,false,1785240402923,FastAccept
1785240402935,true,1785240402975,FastAccept
1785240402988,true,1785240403027,FastAccept
1785240403041,true,1785240403094,LeaderAccept
1785240403096,true,1785240403135,FastAccept
1785240403153,true,1785240403192,FastAccept
1785240403212,false,1785240403251,FastAccept
1785240403272,true,1785240403311,FastAccept
1785240403334,false,1785240403394,LeaderAccept
1785240403398,false,1785240403437,FastAccept
1785240403464,true,1785240403518,LeaderAccept
1785240403533,true,1785240403571,FastAccept
1785240403604,false,1785240403643,FastAccept
1785240403676,false,1785240403715,FastAccept
1785240403751,true,1785240403790,FastAccept
1785240403830,false,1785240403869,FastAccept
1785240403911,false,1785240403951,FastAccept
1785240403996,true,1785240404052,LeaderAccept
1785240404084,false,1785240404123,FastAccept
1785240404176,false,1785240404216,FastAccept
1785240404273,false,1785240404312,FastAccept
1785240404374,false,1785240404413,FastAccept
1785240404480,true,1785240404519,FastAccept
1785240404591,true,1785240404630,FastAccept
1785240404709,false,1785240404761,LeaderAccept
1785240404835,false,1785240404874,FastAccept
1785240404968,false,1785240405007,FastAccept
1785240405110,true,1785240405149,FastAccept
1785240405264,false,1785240405302,FastAccept
1785240405429,true,1785240405468,FastAccept
1785240405608,false,1785240405647,FastAccept
1785240405804,false,1785240405843,FastAccept
1785240406020,false,1785240406058,FastAccept
1785240406260,false,1785240406300,FastAccept
1785240406530,true,1785240406589,LeaderAccept
1785240406840,true,1785240406879,FastAccept
1785240407201,true,1785240407241,FastAccept
1785240407634,false,1785240407674,FastAccept
1785240408171,true,1785240408210,FastAccept
1785240408873,false,1785240408913,FastAccept
1785240409870,false,1785240409909,FastAccept
1785240411510,false,1785240411550,FastAccept
1785240413406,false,1785240413469,SlowAccept
1785240413431,false,1785240413501,SlowAccept
1785240413456,true,1785240413502,FastAccept
1785240413481,true,1785240413538,LeaderAccept
1785240413506,false,1785240413564,LeaderAccept
1785240413532,true,1785240413591,LeaderAccept
1785240413558,false,1785240413618,LeaderAccept
1785240413585,false,1785240413644,LeaderAccept
1785240413611,false,1785240413695,LeaderAccept
1785240413638,true,1785240413684,LeaderAccept
1785240413665,true,1785240413721,LeaderAccept
1785240413692,false,1785240413748,LeaderAccept
1785240413720,false,1785240413768,LeaderAccept
1785240413748,true,1785240413813,SlowAccept
1785240413777,true,1785240413839,SlowAccept
1785240413805,false,1785240413871,LeaderAccept
1785240413835,false,1785240413895,LeaderAccept
1785240413865,false,1785240413915,LeaderAccept
1785240413895,true,1785240413940,FastAccept
1785240413926,true,1785240413987,SlowAccept
1785240413957,false,1785240414020,LeaderAccept
1785240413989,true,1785240414040,LeaderAccept
1785240414022,false,1785240414068,FastAccept
1785240414055,false,1785240414122,LeaderAccept
1785240414089,false,1785240414142,LeaderAccept
1785240414122,true,1785240414175,LeaderAccept
1785240414156,true,1785240414195,FastAccept
1785240414191,false,1785240414254,SlowAccept
1785240414227,false,1785240414281,LeaderAccept
1785240414263,true,1785240414302,FastAccept
1785240414300,true,1785240414339,FastAccept
1785240414337,true,1785240414375,FastAccept
1785240414375,false,1785240414413,FastAccept
1785240414414,false,1785240414453,FastAccept
1785240414454,false,1785240414507,LeaderAccept
1785240414494,true,1785240414533,FastAccept
1785240414535,false,1785240414600,SlowAccept
1785240414577,true,1785240414627,LeaderAccept
1785240414620,false,1785240414659,FastAccept
1785240414664,true,1785240414703,FastAccept
1785240414709,true,1785240414748,FastAccept
1785240414754,true,1785240414817,SlowAccept
1785240414801,true,1785240414841,FastAccept
1785240414849,false,1785240414887,FastAccept
1785240414898,false,1785240414936,FastAccept
1785240414949,true,1785240415012,LeaderAccept
1785240415000,true,1785240415039,FastAccept
1785240415053,true,1785240415099,FastAccept
1785240415108,false,1785240415168,LeaderAccept
1785240415163,false,1785240415202,FastAccept
1785240415220,true,1785240415260,FastAccept
1785240415279,false,1785240415318,FastAccept
1785240415340,false,1785240415395,LeaderAccept
1785240415402,true,1785240415441,FastAccept
1785240415466,true,1785240415533,LeaderAccept
1785240415533,false,1785240415586,LeaderAccept
1785240415601,true,1785240415640,FastAccept
1785240415672,false,1785240415711,FastAccept
1785240415746,false,1785240415785,FastAccept
1785240415822,true,1785240415861,FastAccept
1785240415901,false,1785240415940,FastAccept
1785240415984,false,1785240416024,FastAccept
1785240416069,false,1785240416108,FastAccept
1785240416158,false,1785240416204,FastAccept
1785240416251,true,1785240416291,FastAccept
1785240416348,true,1785240416387,FastAccept
1785240416451,true,1785240416490,FastAccept
1785240416558,false,1785240416597,FastAccept
1785240416672,true,1785240416711,FastAccept
1785240416793,true,1785240416832,FastAccept
1785240416921,true,1785240416960,FastAccept
1785240417057,false,1785240417096,FastAccept
1785240417202,true,1785240417249,FastAccept
1785240417359,true,1785240417399,FastAccept
1785240417528,false,1785240417567,FastAccept
1785240417712,false,1785240417751,FastAccept
1785240417913,false,1785240417953,FastAccept
1785240418136,false,1785240418175,FastAccept
1785240418385,false,1785240418425,FastAccept
1785240418667,true,1785240418706,FastAccept
1785240418992,true,1785240419031,FastAccept
1785240419373,true,1785240419412,FastAccept
1785240419834,false,1785240419873,FastAccept
1785240420414,true,1785240420453,FastAccept
1785240421189,true,1785240421229,FastAccept
1785240422330,false,1785240422370,FastAccept
1785240424348,true,1785240424387,FastAccept
1785240429879,true,1785240429918,FastAccept
1785240466470,false,1785240466510,FastAccept
1785240466501,false,1785240466539,FastAccept
1785240466532,false,1785240466570,FastAccept
1785240466563,false,1785240466602,FastAccept
1785240466595,false,1785240466633,FastAccept
1785240466627,false,1785240466665,FastAccept
1785240466660,true,1785240466699,FastAccept
1785240466694,false,1785240466732,FastAccept
1785240466728,true,1785240466767,FastAccept
1785240466762,true,1785240466801,FastAccept
1785240466798,true,1785240466836,FastAccept
1785240466834,false,1785240466873,FastAccept
1785240466870,false,1785240466908,FastAccept
1785240466907,true,1785240466946,FastAccept
1785240466945,false,1785240466984,FastAccept
1785240466984,true,1785240467023,FastAccept
1785240467023,true,1785240467061,FastAccept
1785240467062,true,1785240467101,FastAccept
1785240467103,false,1785240467142,FastAccept
1785240467144,false,1785240467183,FastAccept
1785240467186,false,1785240467225,FastAccept
1785240467229,false,1785240467268,FastAccept
1785240467273,true,1785240467331,LeaderAccept
1785240467318,true,1785240467357,FastAccept
1785240467364,false,1785240467403,FastAccept
1785240467411,true,1785240467450,FastAccept
1785240467459,true,1785240467498,FastAccept
1785240467508,true,1785240467569,LeaderAccept
1785240467559,true,1785240467616,LeaderAccept
1785240467611,false,1785240467668,LeaderAccept
1785240467664,true,1785240467715,LeaderAccept
1785240467719,true,1785240467757,FastAccept
1785240467775,false,1785240467832,LeaderAccept
1785240467832,false,1785240467870,FastAccept
1785240467892,true,1785240467950,LeaderAccept
1785240467953,false,1785240467992,FastAccept
1785240468016,false,1785240468099,LeaderAccept
1785240468081,true,1785240468120,FastAccept
1785240468148,true,1785240468264,LeaderAccept
1785240468218,true,1785240468264,FastAccept
1785240468290,true,1785240468351,SlowAccept
1785240468365,false,1785240468404,FastAccept
1785240468442,false,1785240468503,LeaderAccept
1785240468522,false,1785240468561,FastAccept
1785240468605,false,1785240468669,SlowAccept
1785240468692,false,1785240468738,FastAccept
1785240468783,false,1785240468847,LeaderAccept
1785240468878,true,1785240468917,FastAccept
1785240468977,true,1785240469029,SlowAccept
1785240469082,true,1785240469121,FastAccept
1785240469191,true,1785240469237,FastAccept
1785240469308,false,1785240469346,FastAccept
1785240469430,false,1785240469476,FastAccept
1785240469560,true,1785240469599,FastAccept
1785240469699,true,1785240469745,FastAccept
1785240469848,true,1785240469887,FastAccept
1785240470008,false,1785240470047,FastAccept
1785240470182,true,1785240470221,FastAccept
1785240470372,false,1785240470411,FastAccept
1785240470580,false,1785240470640,LeaderAccept
1785240470811,true,1785240470849,FastAccept
1785240471070,false,1785240471116,FastAccept
1785240471364,false,1785240471403,FastAccept
1785240471706,false,1785240471744,FastAccept
1785240472110,true,1785240472148,FastAccept
1785240472604,false,1785240472658,LeaderAccept
1785240473237,false,1785240473288,SlowAccept
1785240474106,true,1785240474163,LeaderAccept
1785240475445,true,1785240475484,FastAccept
1785240478063,false,1785240478190,LeaderAccept
1785240487748,true,1785240487801,SlowAccept
1785240509269,true,1785240509308,FastAccept
1785240509297,false,1785240509336,FastAccept
1785240509324,true,1785240509364,FastAccept
1785240509352,true,1785240509391,FastAccept
1785240509380,true,1785240509419,FastAccept
1785240509408,true,1785240509447,FastAccept
1785240509436,true,1785240509475,FastAccept
1785240509465,false,1785240509504,FastAccept
1785240509495,true,1785240509534,FastAccept
1785240509525,true,1785240509564,FastAccept
1785240509555,false,1785240509594,FastAccept
1785240509586,false,1785240509625,FastAccept
1785240509618,false,1785240509656,FastAccept
1785240509649,true,1785240509688,FastAccept
1785240509681,true,1785240509720,FastAccept
1785240509713,false,1785240509752,FastAccept
1785240509746,false,1785240509785,FastAccept
1785240509780,false,1785240509819,FastAccept
1785240509814,false,1785240509852,FastAccept
1785240509848,false,1785240509887,FastAccept
1785240509883,false,1785240509921,FastAccept
1785240509919,false,1785240509958,FastAccept
1785240509956,false,1785240509994,FastAccept
1785240509994,false,1785240510033,FastAccept
1785240510031,false,1785240510069,FastAccept
1785240510069,false,1785240510108,FastAccept
1785240510108,false,1785240510146,FastAccept
1785240510147,false,1785240510186,FastAccept
1785240510188,true,1785240510228,FastAccept
1785240510230,true,1785240510269,FastAccept
1785240510273,false,1785240510312,FastAccept
1785240510317,false,1785240510356,FastAccept
1785240510361,true,1785240510400,FastAccept
1785240510406,true,1785240510445,FastAccept
1785240510452,false,1785240510491,FastAccept
1785240510499,false,1785240510560,SlowAccept
1785240510547,false,1785240510586,FastAccept
1785240510597,false,1785240510636,FastAccept
1785240510648,true,1785240510687,FastAccept
1785240510700,true,1785240510739,FastAccept
1785240510754,true,1785240510793,FastAccept
1785240510809,true,1785240510848,FastAccept
1785240510865,false,1785240510904,FastAccept
1785240510923,true,1785240510962,FastAccept
1785240510982,false,1785240511021,FastAccept
1785240511043,false,1785240511082,FastAccept
1785240511106,true,1785240511145,FastAccept
1785240511171,false,1785240511211,FastAccept
1785240511239,false,1785240511278,FastAccept
1785240511308,false,1785240511348,FastAccept
1785240511380,false,1785240511419,FastAccept
1785240511454,true,1785240511493,FastAccept
1785240511531,false,1785240511570,FastAccept
1785240511612,true,1785240511651,FastAccept
1785240511696,false,1785240511735,FastAccept
1785240511783,true,1785240511822,FastAccept
1785240511874,false,1785240511913,FastAccept
1785240511970,true,1785240512009,FastAccept
1785240512069,true,1785240512108,FastAccept
1785240512174,false,1785240512215,FastAccept
1785240512284,false,1785240512323,FastAccept
1785240512400,true,1785240512440,FastAccept
1785240512524,true,1785240512563,FastAccept
1785240512655,false,1785240512694,FastAccept
1785240512795,false,1785240512834,FastAccept
1785240512945,true,1785240512984,FastAccept
1785240513106,true,1785240513145,FastAccept
1785240513281,false,1785240513320,FastAccept
1785240513472,false,1785240513511,FastAccept
1785240513683,false,1785240513722,FastAccept
1785240513916,true,1785240513955,FastAccept
1785240514178,false,1785240514217,FastAccept
1785240514476,true,1785240514515,FastAccept
1785240514822,true,1785240514862,FastAccept
1785240515234,true,1785240515274,FastAccept
1785240515739,true,1785240515779,FastAccept
1785240516390,false,1785240516429,FastAccept
1785240517288,false,1785240517327,FastAccept
1785240518696,false,1785240518735,FastAccept
1785240521541,true,1785240521604,LeaderAccept
1785240524464,false,1785240524510,FastAccept
1785240524483,false,1785240524522,FastAccept
1785240524503,false,1785240524563,LeaderAccept
1785240524522,true,1785240524600,LeaderAccept
1785240524542,false,1785240524600,LeaderAccept
1785240524562,false,1785240524703,LeaderAccept
1785240524582,false,1785240524637,SlowAccept
1785240524602,false,1785240524663,SlowAccept
1785240524622,true,1785240524677,SlowAccept
1785240524643,true,1785240524735,LeaderAccept
1785240524664,true,1785240524730,SlowAccept
1785240524685,true,1785240524730,FastAccept
1785240524706,true,1785240524762,LeaderAccept
1785240524727,false,1785240524809,SlowAccept
1785240524749,true,1785240524857,LeaderAccept
1785240524770,true,1785240524835,SlowAccept
1785240524792,true,1785240524857,SlowAccept
1785240524814,false,1785240524857,FastAccept
1785240524836,false,1785240524890,LeaderAccept
1785240524858,true,1785240524919,LeaderAccept
1785240524881,true,1785240524991,LeaderAccept
1785240524904,true,1785240524966,SlowAccept
1785240524927,true,1785240524985,SlowAccept
1785240524951,false,1785240525011,LeaderAccept
1785240524975,true,1785240525113,LeaderAccept
1785240524999,false,1785240525059,SlowAccept
1785240525024,true,1785240525086,SlowAccept
1785240525048,false,1785240525113,SlowAccept
1785240525073,true,1785240525136,LeaderAccept
1785240525099,false,1785240525162,LeaderAccept
1785240525125,false,1785240525188,LeaderAccept
1785240525151,false,1785240525215,LeaderAccept
1785240525178,false,1785240525264,LeaderAccept
1785240525204,false,1785240525270,LeaderAccept
1785240525231,false,1785240525296,LeaderAccept
1785240525260,false,1785240525326,LeaderAccept
1785240525287,true,1785240525352,LeaderAccept
1785240525315,false,1785240525379,LeaderAccept
1785240525343,true,1785240525414,LeaderAccept
1785240525372,false,1785240525414,LeaderAccept
1785240525401,false,1785240525440,FastAccept
1785240525431,false,1785240525470,FastAccept
1785240525461,false,1785240525523,LeaderAccept
1785240525492,false,1785240525543,LeaderAccept
1785240525523,false,1785240525569,FastAccept
1785240525554,false,1785240525621,LeaderAccept
1785240525586,false,1785240525647,LeaderAccept
1785240525618,false,1785240525668,LeaderAccept
1785240525651,true,1785240525691,FastAccept
1785240525685,true,1785240525724,FastAccept
1785240525719,false,1785240525771,LeaderAccept
1785240525753,false,1785240525792,FastAccept
1785240525788,true,1785240525853,LeaderAccept
1785240525824,false,1785240525873,LeaderAccept
1785240525861,false,1785240525923,SlowAccept
1785240525898,true,1785240525940,LeaderAccept
1785240525936,false,1785240525975,FastAccept
1785240525975,true,1785240526014,FastAccept
1785240526014,true,1785240526068,LeaderAccept
1785240526054,true,1785240526093,FastAccept
1785240526095,true,1785240526155,LeaderAccept
1785240526137,false,1785240526203,SlowAccept
1785240526179,true,1785240526231,LeaderAccept
1785240526222,true,1785240526283,LeaderAccept
1785240526266,true,1785240526332,LeaderAccept
1785240526311,false,1785240526366,SlowAccept
1785240526357,true,1785240526416,SlowAccept
1785240526404,true,1785240526463,SlowAccept
1785240526452,true,1785240526490,FastAccept
1785240526501,true,1785240526560,LeaderAccept
1785240526552,false,1785240526620,LeaderAccept
1785240526604,true,1785240526663,SlowAccept
1785240526658,true,1785240526718,SlowAccept
1785240526713,true,1785240526775,LeaderAccept
1785240526769,true,1785240526827,LeaderAccept
1785240526827,false,1785240526866,FastAccept
1785240526886,true,1785240526945,LeaderAccept
1785240526947,false,1785240526994,FastAccept
1785240527010,false,1785240527066,LeaderAccept
1785240527076,false,1785240527137,LeaderAccept
1785240527143,false,1785240527209,LeaderAccept
1785240527212,false,1785240527273,SlowAccept
1785240527283,false,1785240527330,FastAccept
1785240527357,true,1785240527396,FastAccept
1785240527434,false,1785240527476,LeaderAccept
1785240527514,false,1785240527570,LeaderAccept
1785240527597,false,1785240527656,LeaderAccept
1785240527684,false,1785240527734,LeaderAccept
1785240527774,false,1785240527858,LeaderAccept
1785240527869,true,1785240527908,FastAccept
1785240527968,true,1785240528017,LeaderAccept
1785240528072,false,1785240528129,LeaderAccept
1785240528182,false,1785240528237,LeaderAccept
1785240528298,true,1785240528344,FastAccept
1785240528421,false,1785240528460,FastAccept
1785240528551,false,1785240528590,FastAccept
1785240528690,true,1785240528730,FastAccept
1785240528839,true,1785240528896,LeaderAccept
1785240529000,false,1785240529066,SlowAccept
1785240529173,true,1785240529213,FastAccept
1785240529362,true,1785240529401,FastAccept
1785240529570,true,1785240529609,FastAccept
1785240529800,true,1785240529839,FastAccept
1785240530059,true,1785240530119,LeaderAccept
1785240530352,false,1785240530391,FastAccept
1785240530693,true,1785240530732,FastAccept
1785240531096,true,1785240531135,FastAccept
1785240531590,true,1785240531629,FastAccept
1785240532221,false,1785240532261,FastAccept
1785240533086,false,1785240533125,FastAccept
1785240534418,false,1785240534457,FastAccept
1785240537008,true,1785240537046,FastAccept
1785240546464,false,1785240546503,FastAccept
1785240550134,false,1785240550174,FastAccept
1785240550149,false,1785240550188,FastAccept
1785240550164,false,1785240550203,FastAccept
1785240550179,false,1785240550218,FastAccept
1785240550194,false,1785240550232,FastAccept
1785240550209,false,1785240550247,FastAccept
1785240550224,true,1785240550263,FastAccept
1785240550240,true,1785240550279,FastAccept
1785240550256,false,1785240550294,FastAccept
1785240550271,false,1785240550310,FastAccept
1785240550287,true,1785240550326,FastAccept
1785240550303,true,1785240550343,FastAccept
1785240550319,true,1785240550359,FastAccept
1785240550335,true,1785240550374,FastAccept
1785240550352,true,1785240550391,FastAccept
1785240550368,true,1785240550407,FastAccept
1785240550385,true,1785240550425,FastAccept
1785240550402,false,1785240550441,FastAccept
1785240550419,false,1785240550458,FastAccept
1785240550436,false,1785240550474,FastAccept
1785240550453,true,1785240550492,FastAccept
1785240550470,false,1785240550508,FastAccept
1785240550487,false,1785240550525,FastAccept
1785240550504,false,1785240550542,FastAccept
1785240550521,false,1785240550560,FastAccept
1785240550539,false,1785240550578,FastAccept
1785240550557,false,1785240550596,FastAccept
1785240550575,false,1785240550614,FastAccept
1785240550594,true,1785240550633,FastAccept
1785240550612,true,1785240550650,FastAccept
1785240550630,true,1785240550669,FastAccept
1785240550649,false,1785240550688,FastAccept
1785240550668,false,1785240550707,FastAccept
1785240550688,false,1785240550727,FastAccept
1785240550707,true,1785240550745,FastAccept
1785240550726,false,1785240550765,FastAccept
1785240550746,true,1785240550785,FastAccept
1785240550766,true,1785240550806,FastAccept
1785240550785,true,1785240550824,FastAccept
1785240550806,false,1785240550844,FastAccept
1785240550826,true,1785240550865,FastAccept
1785240550847,true,1785240550886,FastAccept
1785240550868,false,1785240550907,FastAccept
1785240550890,true,1785240550928,FastAccept
1785240550912,false,1785240550950,FastAccept
1785240550933,true,1785240550972,FastAccept
1785240550955,false,1785240550994,FastAccept
1785240550977,false,1785240551016,FastAccept
1785240550999,true,1785240551038,FastAccept
1785240551021,true,1785240551060,FastAccept
1785240551044,false,1785240551083,FastAccept
1785240551067,true,1785240551106,FastAccept
1785240551092,true,1785240551130,FastAccept
1785240551116,true,1785240551155,FastAccept
1785240551140,false,1785240551178,FastAccept
1785240551164,false,1785240551203,FastAccept
1785240551188,true,1785240551227,FastAccept
1785240551213,false,1785240551252,FastAccept
1785240551238,false,1785240551278,FastAccept
1785240551264,true,1785240551303,FastAccept
1785240551290,false,1785240551329,FastAccept
1785240551316,true,1785240551355,FastAccept
1785240551342,false,1785240551381,FastAccept
1785240551369,false,1785240551408,FastAccept
1785240551396,false,1785240551435,FastAccept
1785240551423,false,1785240551462,FastAccept
1785240551450,true,1785240551489,FastAccept
1785240551478,false,1785240551517,FastAccept
1785240551506,true,1785240551545,FastAccept
1785240551534,false,1785240551573,FastAccept
1785240551563,true,1785240551602,FastAccept
1785240551592,false,1785240551631,FastAccept
1785240551622,true,1785240551661,FastAccept
1785240551652,false,1785240551691,FastAccept
1785240551682,false,1785240551721,FastAccept
1785240551713,false,1785240551752,FastAccept
1785240551745,true,1785240551784,FastAccept
1785240551777,true,1785240551816,FastAccept
1785240551811,true,1785240551849,FastAccept
1785240551844,true,1785240551883,FastAccept
1785240551878,true,1785240551917,FastAccept
1785240551914,true,1785240551953,FastAccept
1785240551948,true,1785240551987,FastAccept
1785240551983,false,1785240552022,FastAccept
1785240552019,true,1785240552057,FastAccept
1785240552055,true,1785240552094,FastAccept
1785240552092,true,1785240552131,FastAccept
1785240552130,true,1785240552169,FastAccept
1785240552169,false,1785240552208,FastAccept
1785240552209,true,1785240552248,FastAccept
1785240552249,true,1785240552288,FastAccept
1785240552290,false,1785240552330,FastAccept
1785240552332,false,1785240552371,FastAccept
1785240552374,true,1785240552413,FastAccept
1785240552417,false,1785240552456,FastAccept
1785240552462,false,1785240552501,FastAccept
1785240552508,false,1785240552547,FastAccept
1785240552555,false,1785240552595,FastAccept
1785240552603,false,1785240552641,FastAccept
1785240552652,true,1785240552691,FastAccept
1785240552701,false,1785240552740,FastAccept
1785240552752,true,1785240552792,FastAccept
1785240552805,true,1785240552844,FastAccept
1785240552858,false,1785240552897,FastAccept
1785240552913,true,1785240552952,FastAccept
1785240552970,false,1785240553009,FastAccept
1785240553028,false,1785240553067,FastAccept
1785240553088,false,1785240553127,FastAccept
1785240553151,false,1785240553190,FastAccept
1785240553214,true,1785240553253,FastAccept
1785240553279,false,1785240553318,FastAccept
1785240553347,true,1785240553386,FastAccept
1785240553417,true,1785240553456,FastAccept
1785240553490,true,1785240553529,FastAccept
1785240553565,true,1785240553604,FastAccept
1785240553643,true,1785240553682,FastAccept
1785240553724,false,1785240553763,FastAccept
1785240553809,true,1785240553847,FastAccept
1785240553897,false,1785240553937,FastAccept
1785240553989,true,1785240554028,FastAccept
1785240554086,true,1785240554124,FastAccept
1785240554186,true,1785240554225,FastAccept
1785240554292,false,1785240554330,FastAccept
1785240554403,false,1785240554442,FastAccept
1785240554521,true,1785240554567,FastAccept
1785240554646,false,1785240554685,FastAccept
1785240554779,false,1785240554819,FastAccept
1785240554921,false,1785240554960,FastAccept
1785240555073,false,1785240555112,FastAccept
1785240555238,true,1785240555277,FastAccept
1785240555416,true,1785240555455,FastAccept
1785240555611,true,1785240555650,FastAccept
1785240555825,true,1785240555864,FastAccept
1785240556064,true,1785240556103,FastAccept
1785240556333,false,1785240556373,FastAccept
1785240556641,false,1785240556680,FastAccept
1785240556999,true,1785240557038,FastAccept
1785240557427,true,1785240557486,LeaderAccept
1785240557957,false,1785240558071,LeaderAccept
1785240558648,true,1785240558686,FastAccept
1785240559624,false,1785240559682,LeaderAccept
1785240561211,true,1785240561268,LeaderAccept
1785240564721,true,1785240564759,FastAccept
1785240585013,false,1785240585052,FastAccept
1785240604387,true,1785240604426,FastAccept
1785240604403,true,1785240604442,FastAccept
1785240604418,false,1785240604464,FastAccept
1785240604433,true,1785240604472,FastAccept
1785240604448,false,1785240604511,SlowAccept
1785240604464,false,1785240604511,FastAccept
1785240604480,true,1785240604568,LeaderAccept
1785240604496,false,1785240604542,FastAccept
1785240604512,true,1785240604571,LeaderAccept
1785240604528,false,1785240604595,LeaderAccept
1785240604544,false,1785240604595,LeaderAccept
1785240604560,false,1785240604647,LeaderAccept
1785240604576,true,1785240604641,SlowAccept
1785240604592,true,1785240604647,LeaderAccept
1785240604609,false,1785240604725,LeaderAccept
1785240604626,false,1785240604672,FastAccept
1785240604643,true,1785240604710,LeaderAccept
1785240604660,false,1785240604715,LeaderAccept
1785240604677,false,1785240604742,LeaderAccept
1785240604694,false,1785240604745,LeaderAccept
1785240604712,true,1785240604768,LeaderAccept
1785240604730,false,1785240604794,LeaderAccept
1785240604748,true,1785240604794,FastAccept
1785240604766,false,1785240604820,LeaderAccept
1785240604784,false,1785240604873,LeaderAccept
1785240604802,true,1785240604867,SlowAccept
1785240604820,false,1785240604873,LeaderAccept
1785240604838,false,1785240604926,LeaderAccept
1785240604857,false,1785240604920,SlowAccept
1785240604877,true,1785240604920,FastAccept
1785240604896,false,1785240604953,LeaderAccept
1785240604915,false,1785240604999,LeaderAccept
1785240604935,false,1785240604999,SlowAccept
1785240604955,true,1785240604999,FastAccept
1785240604974,false,1785240605031,LeaderAccept
1785240604994,false,1785240605083,LeaderAccept
1785240605015,true,1785240605072,LeaderAccept
1785240605035,false,1785240605093,LeaderAccept
1785240605056,false,1785240605110,LeaderAccept
1785240605077,true,1785240605136,LeaderAccept
1785240605098,true,1785240605173,LeaderAccept
1785240605119,true,1785240605173,LeaderAccept
1785240605140,true,1785240605200,LeaderAccept
1785240605162,false,1785240605316,LeaderAccept
1785240605183,false,1785240605247,SlowAccept
1785240605205,true,1785240605263,SlowAccept
1785240605227,true,1785240605289,SlowAccept
1785240605250,false,1785240605316,SlowAccept
1785240605273,true,1785240605316,FastAccept
1785240605296,true,1785240605335,FastAccept
1785240605319,false,1785240605365,FastAccept
1785240605342,false,1785240605382,FastAccept
1785240605366,true,1785240605404,FastAccept
1785240605390,true,1785240605429,FastAccept
1785240605414,true,1785240605452,FastAccept
1785240605438,true,1785240605484,FastAccept
1785240605463,false,1785240605501,FastAccept
1785240605488,true,1785240605527,FastAccept
1785240605514,true,1785240605553,FastAccept
1785240605540,false,1785240605579,FastAccept
1785240605567,false,1785240605613,FastAccept
1785240605593,false,1785240605659,SlowAccept
1785240605620,false,1785240605686,SlowAccept
1785240605647,false,1785240605712,SlowAccept
1785240605675,false,1785240605739,SlowAccept
1785240605703,false,1785240605763,LeaderAccept
1785240605731,false,1785240605790,LeaderAccept
1785240605760,true,1785240605817,LeaderAccept
1785240605789,false,1785240605838,LeaderAccept
1785240605818,false,1785240605857,FastAccept
1785240605848,false,1785240605917,LeaderAccept
1785240605878,true,1785240605943,LeaderAccept
1785240605909,false,1785240605970,LeaderAccept
1785240605940,true,1785240605990,LeaderAccept
1785240605972,false,1785240606011,FastAccept
1785240606004,false,1785240606069,LeaderAccept
1785240606037,true,1785240606089,LeaderAccept
1785240606070,true,1785240606108,FastAccept
1785240606103,false,1785240606142,FastAccept
1785240606137,true,1785240606176,FastAccept
1785240606172,false,1785240606211,FastAccept
1785240606208,true,1785240606247,FastAccept
1785240606244,false,1785240606283,FastAccept
1785240606281,false,1785240606320,FastAccept
1785240606318,false,1785240606357,FastAccept
1785240606356,false,1785240606395,FastAccept
1785240606395,true,1785240606434,FastAccept
1785240606434,false,1785240606473,FastAccept
1785240606474,true,1785240606512,FastAccept
1785240606515,true,1785240606560,FastAccept
1785240606556,true,1785240606608,LeaderAccept
1785240606598,true,1785240606637,FastAccept
1785240606641,false,1785240606680,FastAccept
1785240606685,true,1785240606724,FastAccept
1785240606731,true,1785240606777,FastAccept
1785240606777,false,1785240606816,FastAccept
1785240606825,true,1785240606864,FastAccept
1785240606874,false,1785240606913,FastAccept
1785240606924,false,1785240606963,FastAccept
1785240606975,true,1785240607021,FastAccept
1785240607027,false,1785240607066,FastAccept
1785240607081,true,1785240607120,FastAccept
1785240607136,true,1785240607175,FastAccept
1785240607193,true,1785240607232,FastAccept
1785240607251,true,1785240607314,LeaderAccept
1785240607311,false,1785240607350,FastAccept
1785240607374,true,1785240607412,FastAccept
1785240607437,true,1785240607475,FastAccept
1785240607502,true,1785240607541,FastAccept
1785240607570,true,1785240607609,FastAccept
1785240607640,false,1785240607679,FastAccept
1785240607713,true,1785240607752,FastAccept
1785240607788,true,1785240607827,FastAccept
1785240607866,false,1785240607905,FastAccept
1785240607947,false,1785240607986,FastAccept
1785240608032,true,1785240608071,FastAccept
1785240608120,false,1785240608159,FastAccept
1785240608212,false,1785240608251,FastAccept
1785240608308,true,1785240608347,FastAccept
1785240608409,true,1785240608448,FastAccept
1785240608515,true,1785240608553,FastAccept
1785240608626,true,1785240608664,FastAccept
1785240608744,false,1785240608782,FastAccept
1785240608869,true,1785240608907,FastAccept
1785240609002,true,1785240609041,FastAccept
1785240609144,false,1785240609183,FastAccept
1785240609297,false,1785240609337,FastAccept
1785240609462,false,1785240609501,FastAccept
1785240609642,true,1785240609680,FastAccept
1785240609837,true,1785240609875,FastAccept
1785240610052,true,1785240610091,FastAccept
1785240610291,true,1785240610330,FastAccept
1785240610561,false,1785240610600,FastAccept
1785240610869,true,1785240610908,FastAccept
1785240611229,true,1785240611268,FastAccept
1785240611659,true,1785240611698,FastAccept
1785240612192,true,1785240612231,FastAccept
1785240612889,false,1785240612928,FastAccept
1785240613875,false,1785240613914,FastAccept
1785240615489,true,1785240615528,FastAccept
1785240618458,true,1785240618518,LeaderAccept
1785240618491,false,1785240618539,LeaderAccept
1785240618526,true,1785240618564,FastAccept
1785240618560,true,1785240618611,LeaderAccept
1785240618595,true,1785240618635,FastAccept
1785240618631,false,1785240618669,FastAccept
1785240618667,false,1785240618715,LeaderAccept
1785240618705,false,1785240618743,FastAccept
1785240618742,true,1785240618781,FastAccept
1785240618780,false,1785240618818,FastAccept
1785240618819,false,1785240618858,FastAccept
1785240618859,false,1785240618898,FastAccept
1785240618900,true,1785240618939,FastAccept
1785240618943,true,1785240618982,FastAccept
1785240618985,true,1785240619024,FastAccept
1785240619028,false,1785240619067,FastAccept
1785240619072,true,1785240619111,FastAccept
1785240619117,true,1785240619156,FastAccept
1785240619163,true,1785240619202,FastAccept
1785240619211,true,1785240619249,FastAccept
1785240619260,true,1785240619299,FastAccept
1785240619309,true,1785240619348,FastAccept
1785240619359,false,1785240619398,FastAccept
1785240619411,true,1785240619475,SlowAccept
1785240619464,false,1785240619502,FastAccept
1785240619518,false,1785240619556,FastAccept
1785240619573,false,1785240619635,SlowAccept
1785240619630,false,1785240619669,FastAccept
1785240619689,true,1785240619728,FastAccept
1785240619750,false,1785240619809,LeaderAccept
1785240619813,true,1785240619852,FastAccept
1785240619878,true,1785240619917,FastAccept
1785240619945,false,1785240619993,LeaderAccept
1785240620014,false,1785240620053,FastAccept
1785240620085,true,1785240620124,FastAccept
1785240620159,true,1785240620198,FastAccept
1785240620235,true,1785240620274,FastAccept
1785240620315,true,1785240620354,FastAccept
1785240620397,false,1785240620436,FastAccept
1785240620484,true,1785240620523,FastAccept
1785240620574,true,1785240620613,FastAccept
1785240620668,false,1785240620708,FastAccept
1785240620767,false,1785240620806,FastAccept
1785240620870,false,1785240620909,FastAccept
1785240620979,false,1785240621018,FastAccept
1785240621094,false,1785240621133,FastAccept
1785240621216,false,1785240621255,FastAccept
1785240621345,false,1785240621384,FastAccept
1785240621483,false,1785240621522,FastAccept
1785240621631,false,1785240621695,SlowAccept
1785240621789,false,1785240621828,FastAccept
1785240621962,false,1785240622000,FastAccept
1785240622148,true,1785240622187,FastAccept
1785240622353,true,1785240622392,FastAccept
1785240622580,false,1785240622619,FastAccept
1785240622834,false,1785240622873,FastAccept
1785240623123,true,1785240623162,FastAccept
1785240623456,true,1785240623495,FastAccept
1785240623850,true,1785240623889,FastAccept
1785240624329,false,1785240624368,FastAccept
1785240624938,false,1785240624977,FastAccept
1785240625762,false,1785240625800,FastAccept
1785240627005,false,1785240627043,FastAccept
1785240629319,false,1785240629358,FastAccept
1785240636676,false,1785240636715,FastAccept
1785240641155,false,1785240641209,LeaderAccept
1785240641171,false,1785240641236,LeaderAccept
1785240641186,false,1785240641246,LeaderAccept
1785240641202,true,1785240641262,LeaderAccept
1785240641218,true,1785240641266,LeaderAccept
1785240641234,false,1785240641288,LeaderAccept
1785240641250,false,1785240641315,LeaderAccept
1785240641266,false,1785240641320,LeaderAccept
1785240641282,true,1785240641368,LeaderAccept
1785240641299,false,1785240641362,SlowAccept
1785240641316,false,1785240641381,LeaderAccept
1785240641332,false,1785240641395,LeaderAccept
1785240641348,false,1785240641401,LeaderAccept
1785240641365,true,1785240641415,LeaderAccept
1785240641383,false,1785240641459,SlowAccept
1785240641400,false,1785240641465,LeaderAccept
1785240641418,false,1785240641459,FastAccept
1785240641435,false,1785240641491,LeaderAccept
1785240641452,true,1785240641517,LeaderAccept
1785240641470,true,1785240641518,LeaderAccept
1785240641488,true,1785240641544,LeaderAccept
1785240641506,true,1785240641570,LeaderAccept
1785240641524,true,1785240641588,LeaderAccept
1785240641542,false,1785240641590,LeaderAccept
1785240641560,true,1785240641615,LeaderAccept
1785240641579,true,1785240641667,LeaderAccept
1785240641599,true,1785240641661,SlowAccept
1785240641618,true,1785240641677,LeaderAccept
1785240641637,true,1785240641688,LeaderAccept
1785240641657,true,1785240641714,LeaderAccept
1785240641677,false,1785240641766,LeaderAccept
1785240641696,true,1785240641760,SlowAccept
1785240641716,false,1785240641775,LeaderAccept
1785240641736,false,1785240641789,LeaderAccept
1785240641756,true,1785240641815,LeaderAccept
1785240641777,true,1785240641878,LeaderAccept
1785240641797,false,1785240641862,SlowAccept
1785240641818,false,1785240641878,SlowAccept
1785240641839,true,1785240641893,LeaderAccept
1785240641860,true,1785240641920,LeaderAccept
1785240641882,true,1785240641941,LeaderAccept
1785240641904,false,1785240641958,LeaderAccept
1785240641926,true,1785240641984,LeaderAccept
1785240641948,true,1785240642007,LeaderAccept
1785240641971,false,1785240642033,LeaderAccept
1785240641994,true,1785240642053,LeaderAccept
1785240642017,false,1785240642072,LeaderAccept
1785240642040,true,1785240642099,LeaderAccept
1785240642065,true,1785240642125,LeaderAccept
1785240642088,true,1785240642151,LeaderAccept
1785240642112,false,1785240642171,LeaderAccept
1785240642136,false,1785240642196,LeaderAccept
1785240642160,true,1785240642222,LeaderAccept
1785240642185,false,1785240642249,LeaderAccept
1785240642210,true,1785240642275,LeaderAccept
1785240642236,true,1785240642295,LeaderAccept
1785240642262,false,1785240642321,LeaderAccept
1785240642288,true,1785240642347,LeaderAccept
1785240642314,true,1785240642373,LeaderAccept
1785240642340,false,1785240642400,LeaderAccept
1785240642368,true,1785240642426,LeaderAccept
1785240642395,false,1785240642453,LeaderAccept
1785240642423,true,1785240642473,LeaderAccept
1785240642452,true,1785240642491,FastAccept
1785240642481,false,1785240642546,SlowAccept
1785240642510,false,1785240642572,SlowAccept
1785240642540,false,1785240642600,LeaderAccept
1785240642570,true,1785240642620,LeaderAccept
1785240642600,false,1785240642639,FastAccept
1785240642631,true,1785240642677,FastAccept
1785240642662,false,1785240642724,SlowAccept
1785240642694,true,1785240642756,LeaderAccept
1785240642726,false,1785240642777,LeaderAccept
1785240642758,false,1785240642806,LeaderAccept
1785240642792,false,1785240642831,FastAccept
1785240642826,true,1785240642864,FastAccept
1785240642860,true,1785240642921,SlowAccept
1785240642895,false,1785240642947,LeaderAccept
1785240642930,false,1785240642982,LeaderAccept
1785240642966,false,1785240643004,FastAccept
1785240643002,false,1785240643041,FastAccept
1785240643039,false,1785240643105,SlowAccept
1785240643077,true,1785240643132,LeaderAccept
1785240643116,true,1785240643170,LeaderAccept
1785240643156,true,1785240643194,FastAccept
1785240643196,true,1785240643235,FastAccept
1785240643237,true,1785240643276,FastAccept
1785240643279,false,1785240643318,FastAccept
1785240643321,false,1785240643380,LeaderAccept
1785240643364,true,1785240643402,FastAccept
1785240643408,true,1785240643448,FastAccept
1785240643454,true,1785240643493,FastAccept
1785240643500,true,1785240643538,FastAccept
1785240643547,true,1785240643610,SlowAccept
1785240643595,false,1785240643642,FastAccept
1785240643645,false,1785240643693,LeaderAccept
1785240643696,true,1785240643734,FastAccept
1785240643748,false,1785240643788,FastAccept
1785240643802,false,1785240643841,FastAccept
1785240643857,true,1785240643895,FastAccept
1785240643913,false,1785240643968,LeaderAccept
1785240643971,false,1785240644010,FastAccept
1785240644031,false,1785240644070,FastAccept
1785240644093,true,1785240644132,FastAccept
1785240644157,false,1785240644196,FastAccept
1785240644223,true,1785240644284,LeaderAccept
1785240644290,true,1785240644329,FastAccept
1785240644360,false,1785240644399,FastAccept
1785240644434,true,1785240644472,FastAccept
1785240644510,false,1785240644555,FastAccept
1785240644587,true,1785240644653,SlowAccept
1785240644668,true,1785240644707,FastAccept
1785240644752,true,1785240644791,FastAccept
1785240644839,true,1785240644878,FastAccept
1785240644932,false,1785240644977,FastAccept
1785240645027,true,1785240645066,FastAccept
1785240645129,false,1785240645167,FastAccept
1785240645234,false,1785240645272,FastAccept
1785240645345,true,1785240645383,FastAccept
1785240645462,true,1785240645522,LeaderAccept
1785240645587,true,1785240645625,FastAccept
1785240645719,true,1785240645758,FastAccept
1785240645860,false,1785240645915,LeaderAccept
1785240646013,false,1785240646051,FastAccept
1785240646176,true,1785240646215,FastAccept
1785240646354,true,1785240646393,FastAccept
1785240646548,false,1785240646587,FastAccept
1785240646761,false,1785240646821,LeaderAccept
1785240646999,true,1785240647038,FastAccept
1785240647267,false,1785240647306,FastAccept
1785240647574,true,1785240647613,FastAccept
1785240647931,false,1785240647970,FastAccept
1785240648356,false,1785240648395,FastAccept
1785240648883,false,1785240648922,FastAccept
1785240649568,false,1785240649607,FastAccept
1785240650532,true,1785240650571,FastAccept
1785240652093,false,1785240652158,LeaderAccept
1785240655497,false,1785240655536,FastAccept
1785240657656,true,1785240657695,FastAccept
1785240657688,true,1785240657726,FastAccept
1785240657720,false,1785240657780,SlowAccept
1785240657753,false,1785240657807,LeaderAccept
1785240657786,true,1785240657824,FastAccept
1785240657820,false,1785240657858,FastAccept
1785240657854,true,1785240657892,FastAccept
1785240657888,true,1785240657928,FastAccept
1785240657924,true,1785240657963,FastAccept
1785240657960,true,1785240657998,FastAccept
1785240657996,false,1785240658035,FastAccept
1785240658033,true,1785240658072,FastAccept
1785240658071,true,1785240658110,FastAccept
1785240658110,false,1785240658149,FastAccept
1785240658149,false,1785240658187,FastAccept
1785240658189,false,1785240658227,FastAccept
1785240658230,false,1785240658270,FastAccept
1785240658272,false,1785240658311,FastAccept
1785240658315,true,1785240658354,FastAccept
1785240658358,true,1785240658396,FastAccept
1785240658402,false,1785240658441,FastAccept
1785240658448,true,1785240658487,FastAccept
1785240658495,false,1785240658534,FastAccept
1785240658543,true,1785240658582,FastAccept
1785240658592,false,1785240658630,FastAccept
1785240658642,false,1785240658694,LeaderAccept
1785240658693,true,1785240658732,FastAccept
1785240658745,false,1785240658784,FastAccept
1785240658799,false,1785240658838,FastAccept
1785240658854,false,1785240658893,FastAccept
1785240658911,true,1785240658950,FastAccept
1785240658969,false,1785240659008,FastAccept
1785240659029,true,1785240659068,FastAccept
1785240659091,false,1785240659130,FastAccept
1785240659155,false,1785240659201,FastAccept
1785240659221,false,1785240659261,FastAccept
1785240659289,true,1785240659328,FastAccept
1785240659359,false,1785240659398,FastAccept
1785240659431,true,1785240659469,FastAccept
1785240659507,true,1785240659545,FastAccept
1785240659585,true,1785240659623,FastAccept
1785240659667,true,1785240659705,FastAccept
1785240659751,false,1785240659790,FastAccept
1785240659839,false,1785240659878,FastAccept
1785240659931,false,1785240659970,FastAccept
1785240660028,true,1785240660067,FastAccept
1785240660128,true,1785240660167,FastAccept
1785240660234,false,1785240660273,FastAccept
1785240660345,true,1785240660409,SlowAccept
1785240660463,true,1785240660502,FastAccept
1785240660588,false,1785240660627,FastAccept
1785240660722,false,1785240660760,FastAccept
1785240660864,false,1785240660903,FastAccept
1785240661016,false,1785240661055,FastAccept
1785240661181,true,1785240661220,FastAccept
1785240661360,false,1785240661400,FastAccept
1785240661556,false,1785240661595,FastAccept
1785240661771,true,1785240661810,FastAccept
1785240662011,false,1785240662049,FastAccept
1785240662281,true,1785240662320,FastAccept
1785240662590,true,1785240662630,FastAccept
1785240662950,true,1785240662989,FastAccept
1785240663382,false,1785240663421,FastAccept
1785240663917,false,1785240663956,FastAccept
1785240664616,false,1785240664675,LeaderAccept
1785240665607,true,1785240665647,FastAccept
1785240667233,true,1785240667284,LeaderAccept
1785240670896,true,1785240670935,FastAccept
1785240692854,true,1785240692925,LeaderAccept
1785240692877,false,1785240692916,FastAccept
1785240692900,false,1785240692939,FastAccept
1785240692923,false,1785240692977,LeaderAccept
1785240692946,false,1785240693029,LeaderAccept
1785240692970,true,1785240693029,LeaderAccept
1785240692994,true,1785240693055,LeaderAccept
1785240693018,false,1785240693085,LeaderAccept
1785240693044,false,1785240693085,LeaderAccept
1785240693068,true,1785240693130,SlowAccept
1785240693094,true,1785240693153,SlowAccept
1785240693119,false,1785240693185,LeaderAccept
1785240693145,false,1785240693236,LeaderAccept
1785240693171,true,1785240693230,SlowAccept
1785240693197,false,1785240693263,LeaderAccept
1785240693224,true,1785240693315,LeaderAccept
1785240693253,true,1785240693300,SlowAccept
1785240693280,false,1785240693341,LeaderAccept
1785240693309,false,1785240693371,LeaderAccept
1785240693337,false,1785240693398,LeaderAccept
1785240693366,false,1785240693424,LeaderAccept
1785240693395,true,1785240693444,LeaderAccept
1785240693425,true,1785240693491,LeaderAccept
1785240693455,false,1785240693516,LeaderAccept
1785240693486,true,1785240693543,LeaderAccept
1785240693516,false,1785240693555,FastAccept
1785240693548,false,1785240693587,FastAccept
1785240693580,false,1785240693619,FastAccept
1785240693612,false,1785240693675,LeaderAccept
1785240693645,false,1785240693696,LeaderAccept
1785240693678,true,1785240693717,FastAccept
1785240693712,false,1785240693751,FastAccept
1785240693746,true,1785240693810,SlowAccept
1785240693781,true,1785240693865,LeaderAccept
1785240693816,false,1785240693865,LeaderAccept
1785240693853,true,1785240693891,FastAccept
1785240693889,false,1785240693927,FastAccept
1785240693927,false,1785240693965,FastAccept
1785240693965,false,1785240694004,FastAccept
1785240694004,true,1785240694049,FastAccept
1785240694043,true,1785240694096,LeaderAccept
1785240694083,true,1785240694146,SlowAccept
1785240694124,false,1785240694172,LeaderAccept
1785240694167,false,1785240694219,LeaderAccept
1785240694209,true,1785240694248,FastAccept
1785240694253,true,1785240694318,SlowAccept
1785240694298,true,1785240694338,FastAccept
1785240694344,true,1785240694383,FastAccept
1785240694390,true,1785240694449,LeaderAccept
1785240694437,true,1785240694476,FastAccept
1785240694486,false,1785240694525,FastAccept
1785240694536,true,1785240694597,LeaderAccept
1785240694588,false,1785240694627,FastAccept
1785240694640,true,1785240694679,FastAccept
1785240694694,true,1785240694749,LeaderAccept
1785240694749,false,1785240694788,FastAccept
1785240694806,true,1785240694845,FastAccept
1785240694864,true,1785240694914,LeaderAccept
1785240694924,true,1785240694962,FastAccept
1785240694986,false,1785240695025,FastAccept
1785240695049,true,1785240695088,FastAccept
1785240695114,true,1785240695153,FastAccept
1785240695182,true,1785240695237,LeaderAccept
1785240695252,true,1785240695292,FastAccept
1785240695325,false,1785240695364,FastAccept
1785240695400,true,1785240695439,FastAccept
1785240695478,true,1785240695516,FastAccept
1785240695559,false,1785240695597,FastAccept
1785240695644,false,1785240695683,FastAccept
1785240695732,false,1785240695771,FastAccept
1785240695824,true,1785240695863,FastAccept
1785240695921,false,1785240695980,LeaderAccept
1785240696022,false,1785240696061,FastAccept
1785240696130,false,1785240696169,FastAccept
1785240696242,true,1785240696304,SlowAccept
1785240696361,false,1785240696400,FastAccept
1785240696487,true,1785240696526,FastAccept
1785240696620,false,1785240696660,FastAccept
1785240696763,true,1785240696802,FastAccept
1785240696916,true,1785240696955,FastAccept
1785240697081,true,1785240697120,FastAccept
1785240697261,true,1785240697312,LeaderAccept
1785240697459,true,1785240697498,FastAccept
1785240697675,false,1785240697714,FastAccept
1785240697917,false,1785240697957,FastAccept
1785240698190,true,1785240698229,FastAccept
1785240698502,true,1785240698541,FastAccept
1785240698867,true,1785240698906,FastAccept
1785240699305,false,1785240699344,FastAccept
1785240699849,false,1785240699888,FastAccept
1785240700563,false,1785240700602,FastAccept
1785240701583,true,1785240701622,FastAccept
1785240703280,true,1785240703319,FastAccept
