request_time,write,response_time,accept_status
1785230239983,true,1785230240058,LeaderAccept
1785230240523,true,1785230240599,LeaderAccept
1785230241231,false,1785230241306,LeaderAccept
1785230242238,false,1785230242313,LeaderAccept
1785230243904,true,1785230243981,LeaderAccept
1785230247734,true,1785230247810,LeaderAccept
1785230248119,true,1785230248195,LeaderAccept
1785230248157,true,1785230248233,LeaderAccept
1785230248194,true,1785230248268,LeaderAccept
1785230248232,false,1785230248307,LeaderAccept
1785230248271,true,1785230248348,LeaderAccept
1785230248310,true,1785230248386,LeaderAccept
1785230248350,true,1785230248426,LeaderAccept
1785230248391,true,1785230248467,LeaderAccept
1785230248433,true,1785230248509,LeaderAccept
1785230248476,true,1785230248550,LeaderAccept
1785230248519,true,1785230248594,LeaderAccept
1785230248563,true,1785230248637,LeaderAccept
1785230248608,true,1785230248682,LeaderAccept
1785230248654,true,1785230248728,LeaderAccept
1785230248701,false,1785230248777,LeaderAccept
1785230248750,false,1785230248824,LeaderAccept
1785230248800,true,1785230248876,LeaderAccept
1785230248851,true,1785230248927,LeaderAccept
1785230248903,true,1785230248977,LeaderAccept
1785230248957,true,1785230249033,LeaderAccept
1785230249013,false,1785230249087,LeaderAccept
1785230249069,false,1785230249145,LeaderAccept
1785230249127,true,1785230249204,LeaderAccept
1785230249187,false,1785230249263,LeaderAccept
1785230249248,true,1785230249324,LeaderAccept
1785230249312,false,1785230249387,LeaderAccept
1785230249377,true,1785230249452,LeaderAccept
1785230249445,false,1785230249521,LeaderAccept
1785230249515,true,1785230249590,LeaderAccept
1785230249587,true,1785230249664,LeaderAccept
1785230249662,true,1785230249739,LeaderAccept
1785230249740,true,1785230249815,LeaderAccept
1785230249822,true,1785230249895,LeaderAccept
1785230249905,true,1785230249980,LeaderAccept
1785230249993,true,1785230250070,LeaderAccept
1785230250084,true,1785230250159,LeaderAccept
1785230250180,true,1785230250256,LeaderAccept
1785230250280,false,1785230250355,LeaderAccept
1785230250386,false,1785230250460,LeaderAccept
1785230250496,false,1785230250571,LeaderAccept
1785230250613,true,1785230250688,LeaderAccept
1785230250737,true,1785230250812,LeaderAccept
1785230250869,false,1785230250943,LeaderAccept
1785230251011,false,1785230251088,LeaderAccept
1785230251162,true,1785230251239,LeaderAccept
1785230251325,true,1785230251401,LeaderAccept
1785230251502,false,1785230251577,LeaderAccept
1785230251696,false,1785230251772,LeaderAccept
1785230251908,false,1785230251984,LeaderAccept
1785230252144,true,1785230252218,LeaderAccept
1785230252410,true,1785230252486,LeaderAccept
1785230252713,false,1785230252788,LeaderAccept
1785230253066,false,1785230253141,LeaderAccept
1785230253487,true,1785230253563,LeaderAccept
1785230254005,true,1785230254079,LeaderAccept
1785230254677,false,1785230254752,LeaderAccept
1785230255617,false,1785230255693,LeaderAccept
1785230257120,false,1785230257195,LeaderAccept
1785230260305,true,1785230260381,LeaderAccept
1785230275963,false,1785230276038,LeaderAccept
1785230304635,false,1785230304708,LeaderAccept
1785230304652,false,1785230304726,LeaderAccept
1785230304669,false,1785230304743,LeaderAccept
1785230304687,false,1785230304761,LeaderAccept
1785230304704,false,1785230304780,LeaderAccept
1785230304722,true,1785230304797,LeaderAccept
1785230304739,false,1785230304814,LeaderAccept
1785230304758,true,1785230304832,LeaderAccept
1785230304776,true,1785230304851,LeaderAccept
1785230304794,false,1785230304869,LeaderAccept
1785230304812,false,1785230304886,LeaderAccept
1785230304830,false,1785230304906,LeaderAccept
1785230304849,true,1785230304925,LeaderAccept
1785230304869,false,1785230304945,LeaderAccept
1785230304887,false,1785230304962,LeaderAccept
1785230304906,false,1785230304981,LeaderAccept
1785230304925,true,1785230304999,LeaderAccept
1785230304944,false,1785230305020,LeaderAccept
1785230304964,false,1785230305039,LeaderAccept
1785230304984,false,1785230305059,LeaderAccept
1785230305004,true,1785230305080,LeaderAccept
1785230305024,true,1785230305098,LeaderAccept
1785230305044,false,1785230305118,LeaderAccept
1785230305064,false,1785230305140,LeaderAccept
1785230305086,false,1785230305161,LeaderAccept
1785230305108,true,1785230305181,LeaderAccept
1785230305129,true,1785230305204,LeaderAccept
1785230305150,false,1785230305224,LeaderAccept
1785230305172,false,1785230305246,LeaderAccept
1785230305194,true,1785230305270,LeaderAccept
1785230305216,true,1785230305290,LeaderAccept
1785230305239,false,1785230305313,LeaderAccept
1785230305261,true,1785230305334,LeaderAccept
1785230305283,true,1785230305357,LeaderAccept
1785230305307,false,1785230305381,LeaderAccept
1785230305330,false,1785230305405,LeaderAccept
1785230305354,true,1785230305428,LeaderAccept
1785230305377,true,1785230305452,LeaderAccept
1785230305402,true,1785230305477,LeaderAccept
1785230305426,true,1785230305500,LeaderAccept
1785230305451,true,1785230305525,LeaderAccept
1785230305476,true,1785230305552,LeaderAccept
1785230305501,false,1785230305576,LeaderAccept
1785230305527,false,1785230305602,LeaderAccept
1785230305553,false,1785230305628,LeaderAccept
1785230305580,false,1785230305654,LeaderAccept
1785230305606,false,1785230305682,LeaderAccept
1785230305633,false,1785230305707,LeaderAccept
1785230305660,false,1785230305734,LeaderAccept
1785230305687,false,1785230305763,LeaderAccept
1785230305716,true,1785230305790,LeaderAccept
1785230305744,true,1785230305819,LeaderAccept
1785230305773,false,1785230305848,LeaderAccept
1785230305802,true,1785230305876,LeaderAccept
1785230305833,true,1785230305906,LeaderAccept
1785230305863,true,1785230305938,LeaderAccept
1785230305893,false,1785230305969,LeaderAccept
1785230305924,true,1785230305998,LeaderAccept
1785230305955,false,1785230306030,LeaderAccept
1785230305987,false,1785230306064,LeaderAccept
1785230306020,false,1785230306095,LeaderAccept
1785230306054,true,1785230306128,LeaderAccept
1785230306087,true,1785230306163,LeaderAccept
1785230306121,false,1785230306196,LeaderAccept
1785230306156,true,1785230306232,LeaderAccept
1785230306191,false,1785230306267,LeaderAccept
1785230306227,true,1785230306301,LeaderAccept
1785230306263,false,1785230306339,LeaderAccept
1785230306300,true,1785230306376,LeaderAccept
1785230306338,true,1785230306413,LeaderAccept
1785230306377,false,1785230306452,LeaderAccept
1785230306416,true,1785230306492,LeaderAccept
1785230306457,false,1785230306533,LeaderAccept
1785230306497,false,1785230306572,LeaderAccept
1785230306539,false,1785230306613,LeaderAccept
1785230306582,true,1785230306657,LeaderAccept
1785230306625,false,1785230306700,LeaderAccept
1785230306669,false,1785230306742,LeaderAccept
1785230306714,false,1785230306790,LeaderAccept
1785230306760,true,1785230306835,LeaderAccept
1785230306807,true,1785230306882,LeaderAccept
1785230306855,true,1785230306930,LeaderAccept
1785230306904,false,1785230306981,LeaderAccept
1785230306955,true,1785230307030,LeaderAccept
1785230307007,true,1785230307082,LeaderAccept
1785230307060,true,1785230307134,LeaderAccept
1785230307114,true,1785230307189,LeaderAccept
1785230307170,true,1785230307247,LeaderAccept
1785230307229,true,1785230307303,LeaderAccept
1785230307288,true,1785230307363,LeaderAccept
1785230307349,false,1785230307425,LeaderAccept
1785230307413,false,1785230307487,LeaderAccept
1785230307477,false,1785230307550,LeaderAccept
1785230307544,true,1785230307620,LeaderAccept
1785230307612,true,1785230307686,LeaderAccept
1785230307683,false,1785230307758,LeaderAccept
1785230307757,true,1785230307832,LeaderAccept
1785230307834,true,1785230307908,LeaderAccept
1785230307914,true,1785230307989,LeaderAccept
1785230307996,false,1785230308071,LeaderAccept
1785230308082,true,1785230308156,LeaderAccept
1785230308172,false,1785230308246,LeaderAccept
1785230308266,false,1785230308340,LeaderAccept
1785230308365,true,1785230308439,LeaderAccept
1785230308469,false,1785230308543,LeaderAccept
1785230308577,false,1785230308652,LeaderAccept
1785230308692,false,1785230308767,LeaderAccept
1785230308813,false,1785230308888,LeaderAccept
1785230308942,true,1785230309018,LeaderAccept
1785230309081,true,1785230309155,LeaderAccept
1785230309228,true,1785230309302,LeaderAccept
1785230309387,true,1785230309463,LeaderAccept
1785230309559,true,1785230309633,LeaderAccept
1785230309747,true,1785230309822,LeaderAccept
1785230309953,false,1785230310027,LeaderAccept
1785230310180,true,1785230310255,LeaderAccept
1785230310435,false,1785230310509,LeaderAccept
1785230310724,false,1785230310798,LeaderAccept
1785230311058,true,1785230311132,LeaderAccept
1785230311452,false,1785230311529,LeaderAccept
1785230311933,false,1785230312007,LeaderAccept
1785230312543,false,1785230312619,LeaderAccept
1785230313370,false,1785230313446,LeaderAccept
1785230314621,false,1785230314698,LeaderAccept
1785230316961,false,1785230317019,FastAccept
1785230324488,false,1785230324564,LeaderAccept
1785230325215,true,1785230325291,LeaderAccept
1785230325247,false,1785230325323,LeaderAccept
1785230325280,true,1785230325353,LeaderAccept
1785230325313,true,1785230325388,LeaderAccept
1785230325347,true,1785230325422,LeaderAccept
1785230325381,false,1785230325455,LeaderAccept
1785230325416,true,1785230325493,LeaderAccept
1785230325452,true,1785230325526,LeaderAccept
1785230325489,true,1785230325565,LeaderAccept
1785230325525,true,1785230325601,LeaderAccept
1785230325563,false,1785230325640,LeaderAccept
1785230325601,false,1785230325675,LeaderAccept
1785230325640,false,1785230325716,LeaderAccept
1785230325679,false,1785230325754,LeaderAccept
1785230325719,true,1785230325794,LeaderAccept
1785230325760,true,1785230325835,LeaderAccept
1785230325803,false,1785230325877,LeaderAccept
1785230325846,true,1785230325921,LeaderAccept
1785230325890,false,1785230325966,LeaderAccept
1785230325934,true,1785230326010,LeaderAccept
1785230325980,false,1785230326055,LeaderAccept
1785230326027,true,1785230326103,LeaderAccept
1785230326075,false,1785230326151,LeaderAccept
1785230326124,true,1785230326200,LeaderAccept
1785230326174,false,1785230326247,LeaderAccept
1785230326225,true,1785230326302,LeaderAccept
1785230326278,false,1785230326353,LeaderAccept
1785230326332,true,1785230326407,LeaderAccept
1785230326388,true,1785230326464,LeaderAccept
1785230326446,true,1785230326522,LeaderAccept
1785230326506,true,1785230326581,LeaderAccept
1785230326566,true,1785230326642,LeaderAccept
1785230326628,false,1785230326703,LeaderAccept
1785230326692,false,1785230326769,LeaderAccept
1785230326758,false,1785230326834,LeaderAccept
1785230326827,false,1785230326903,LeaderAccept
1785230326898,false,1785230326974,LeaderAccept
1785230326971,false,1785230327048,LeaderAccept
1785230327048,false,1785230327123,LeaderAccept
1785230327127,true,1785230327201,LeaderAccept
1785230327209,true,1785230327285,LeaderAccept
1785230327296,false,1785230327371,LeaderAccept
1785230327386,false,1785230327461,LeaderAccept
1785230327479,false,1785230327554,LeaderAccept
1785230327577,false,1785230327654,LeaderAccept
1785230327680,true,1785230327755,LeaderAccept
1785230327788,true,1785230327865,LeaderAccept
1785230327902,true,1785230327979,LeaderAccept
1785230328023,true,1785230328098,LeaderAccept
1785230328151,false,1785230328227,LeaderAccept
1785230328288,true,1785230328363,LeaderAccept
1785230328434,true,1785230328511,LeaderAccept
1785230328591,false,1785230328667,LeaderAccept
1785230328760,false,1785230328835,LeaderAccept
1785230328945,false,1785230329022,LeaderAccept
1785230329148,false,1785230329224,LeaderAccept
1785230329372,false,1785230329448,LeaderAccept
1785230329622,true,1785230329698,LeaderAccept
1785230329905,true,1785230329980,LeaderAccept
1785230330232,true,1785230330308,LeaderAccept
1785230330617,false,1785230330694,LeaderAccept
1785230331084,true,1785230331159,LeaderAccept
1785230331672,true,1785230331731,FastAccept
1785230332461,true,1785230332519,FastAccept
1785230333631,true,1785230333690,FastAccept
1785230335730,true,1785230335806,LeaderAccept
1785230339407,true,1785230339482,LeaderAccept
1785230339429,true,1785230339504,LeaderAccept
1785230339453,false,1785230339527,LeaderAccept
1785230339476,true,1785230339550,LeaderAccept
1785230339499,true,1785230339573,LeaderAccept
1785230339522,false,1785230339595,LeaderAccept
1785230339545,false,1785230339620,LeaderAccept
1785230339569,false,1785230339644,LeaderAccept
1785230339593,false,1785230339667,LeaderAccept
1785230339618,false,1785230339691,LeaderAccept
1785230339642,false,1785230339718,LeaderAccept
1785230339667,false,1785230339743,LeaderAccept
1785230339692,false,1785230339767,LeaderAccept
1785230339718,false,1785230339791,LeaderAccept
1785230339744,true,1785230339818,LeaderAccept
1785230339772,true,1785230339846,LeaderAccept
1785230339798,false,1785230339874,LeaderAccept
1785230339826,true,1785230339901,LeaderAccept
1785230339853,true,1785230339930,LeaderAccept
1785230339882,true,1785230339955,LeaderAccept
1785230339910,true,1785230339986,LeaderAccept
1785230339940,true,1785230340014,LeaderAccept
1785230339968,false,1785230340043,LeaderAccept
1785230339997,false,1785230340071,LeaderAccept
1785230340027,true,1785230340102,LeaderAccept
1785230340058,false,1785230340132,LeaderAccept
1785230340089,true,1785230340164,LeaderAccept
1785230340121,true,1785230340194,LeaderAccept
1785230340152,false,1785230340228,LeaderAccept
1785230340184,true,1785230340259,LeaderAccept
1785230340217,false,1785230340293,LeaderAccept
1785230340251,false,1785230340326,LeaderAccept
1785230340284,false,1785230340360,LeaderAccept
1785230340318,true,1785230340393,LeaderAccept
1785230340352,false,1785230340427,LeaderAccept
1785230340388,false,1785230340462,LeaderAccept
1785230340423,true,1785230340497,LeaderAccept
1785230340459,true,1785230340535,LeaderAccept
1785230340496,false,1785230340572,LeaderAccept
1785230340534,true,1785230340609,LeaderAccept
1785230340573,false,1785230340648,LeaderAccept
1785230340612,false,1785230340686,LeaderAccept
1785230340652,false,1785230340726,LeaderAccept
1785230340694,true,1785230340769,LeaderAccept
1785230340735,false,1785230340810,LeaderAccept
1785230340778,false,1785230340853,LeaderAccept
1785230340823,false,1785230340896,LeaderAccept
1785230340867,false,1785230340943,LeaderAccept
1785230340912,false,1785230340987,LeaderAccept
1785230340959,false,1785230341035,LeaderAccept
1785230341006,true,1785230341081,LeaderAccept
1785230341054,false,1785230341128,LeaderAccept
1785230341104,false,1785230341178,LeaderAccept
1785230341155,true,1785230341229,LeaderAccept
1785230341207,true,1785230341282,LeaderAccept
1785230341261,true,1785230341335,LeaderAccept
1785230341316,false,1785230341390,LeaderAccept
1785230341373,false,1785230341449,LeaderAccept
1785230341431,false,1785230341506,LeaderAccept
1785230341491,true,1785230341566,LeaderAccept
1785230341552,true,1785230341627,LeaderAccept
1785230341616,false,1785230341691,LeaderAccept
1785230341682,true,1785230341757,LeaderAccept
1785230341749,true,1785230341825,LeaderAccept
1785230341819,true,1785230341896,LeaderAccept
1785230341891,false,1785230341967,LeaderAccept
1785230341966,true,1785230342041,LeaderAccept
1785230342045,false,1785230342120,LeaderAccept
1785230342125,false,1785230342201,LeaderAccept
1785230342210,false,1785230342285,LeaderAccept
1785230342297,true,1785230342373,LeaderAccept
1785230342389,false,1785230342466,LeaderAccept
1785230342486,true,1785230342561,LeaderAccept
1785230342587,true,1785230342661,LeaderAccept
1785230342693,false,1785230342767,LeaderAccept
1785230342805,true,1785230342880,LeaderAccept
1785230342922,true,1785230342997,LeaderAccept
1785230343047,false,1785230343124,LeaderAccept
1785230343180,true,1785230343257,LeaderAccept
1785230343322,true,1785230343398,LeaderAccept
1785230343474,true,1785230343549,LeaderAccept
1785230343638,true,1785230343714,LeaderAccept
1785230343816,false,1785230343892,LeaderAccept
1785230344011,false,1785230344086,LeaderAccept
1785230344225,false,1785230344302,LeaderAccept
1785230344463,true,1785230344539,LeaderAccept
1785230344731,true,1785230344807,LeaderAccept
1785230345037,false,1785230345113,LeaderAccept
1785230345394,false,1785230345469,LeaderAccept
1785230345821,true,1785230345879,FastAccept
1785230346348,true,1785230346406,FastAccept
1785230347034,false,1785230347108,LeaderAccept
1785230348001,false,1785230348074,LeaderAccept
1785230349567,true,1785230349641,LeaderAccept
1785230350731,true,1785230350806,LeaderAccept
1785230350759,true,1785230350835,LeaderAccept
1785230350788,true,1785230350863,LeaderAccept
1785230350817,false,1785230350891,LeaderAccept
1785230350846,false,1785230350921,LeaderAccept
1785230350876,true,1785230350952,LeaderAccept
1785230350906,false,1785230350982,LeaderAccept
1785230350938,false,1785230351013,LeaderAccept
1785230350969,true,1785230351043,LeaderAccept
1785230351000,false,1785230351075,LeaderAccept
1785230351032,false,1785230351108,LeaderAccept
1785230351065,true,1785230351141,LeaderAccept
1785230351099,true,1785230351173,LeaderAccept
1785230351132,true,1785230351208,LeaderAccept
1785230351166,false,1785230351239,LeaderAccept
1785230351202,false,1785230351276,LeaderAccept
1785230351237,false,1785230351311,LeaderAccept
1785230351273,true,1785230351350,LeaderAccept
1785230351310,true,1785230351385,LeaderAccept
1785230351348,false,1785230351421,LeaderAccept
1785230351386,false,1785230351460,LeaderAccept
1785230351424,true,1785230351499,LeaderAccept
1785230351463,false,1785230351537,LeaderAccept
1785230351503,false,1785230351578,LeaderAccept
1785230351544,true,1785230351619,LeaderAccept
1785230351585,false,1785230351660,LeaderAccept
1785230351629,false,1785230351703,LeaderAccept
1785230351673,true,1785230351747,LeaderAccept
1785230351717,false,1785230351793,LeaderAccept
1785230351764,false,1785230351838,LeaderAccept
1785230351811,true,1785230351885,LeaderAccept
1785230351858,false,1785230351933,LeaderAccept
1785230351907,false,1785230351981,LeaderAccept
1785230351957,true,1785230352032,LeaderAccept
1785230352008,true,1785230352085,LeaderAccept
1785230352061,false,1785230352137,LeaderAccept
1785230352115,true,1785230352191,LeaderAccept
1785230352170,true,1785230352245,LeaderAccept
1785230352226,false,1785230352301,LeaderAccept
1785230352285,true,1785230352361,LeaderAccept
1785230352346,true,1785230352419,LeaderAccept
1785230352408,false,1785230352483,LeaderAccept
1785230352471,false,1785230352545,LeaderAccept
1785230352536,true,1785230352610,LeaderAccept
1785230352604,false,1785230352679,LeaderAccept
1785230352674,true,1785230352750,LeaderAccept
1785230352746,true,1785230352823,LeaderAccept
1785230352821,false,1785230352896,LeaderAccept
1785230352899,false,1785230352975,LeaderAccept
1785230352980,false,1785230353057,LeaderAccept
1785230353065,true,1785230353142,LeaderAccept
1785230353153,true,1785230353228,LeaderAccept
1785230353245,true,1785230353322,LeaderAccept
1785230353342,false,1785230353418,LeaderAccept
1785230353444,true,1785230353520,LeaderAccept
1785230353550,false,1785230353625,LeaderAccept
1785230353662,false,1785230353738,LeaderAccept
1785230353781,false,1785230353856,LeaderAccept
1785230353906,false,1785230353983,LeaderAccept
1785230354040,false,1785230354116,LeaderAccept
1785230354183,false,1785230354259,LeaderAccept
1785230354336,true,1785230354411,LeaderAccept
1785230354502,true,1785230354577,LeaderAccept
1785230354681,false,1785230354756,LeaderAccept
1785230354878,false,1785230354953,LeaderAccept
1785230355095,false,1785230355169,LeaderAccept
1785230355336,true,1785230355413,LeaderAccept
1785230355608,true,1785230355685,LeaderAccept
1785230355920,false,1785230355997,LeaderAccept
1785230356284,false,1785230356360,LeaderAccept
1785230356721,false,1785230356798,LeaderAccept
1785230357264,true,1785230357340,LeaderAccept
1785230357974,true,1785230358033,FastAccept
1785230358987,false,1785230359047,FastAccept
1785230360670,false,1785230360729,FastAccept
1785230364568,false,1785230364642,LeaderAccept
1785230374827,false,1785230374901,LeaderAccept
1785230374860,false,1785230374936,LeaderAccept
1785230374895,true,1785230374970,LeaderAccept
1785230374930,false,1785230375003,LeaderAccept
1785230374965,false,1785230375039,LeaderAccept
1785230375001,false,1785230375076,LeaderAccept
1785230375037,false,1785230375111,LeaderAccept
1785230375074,true,1785230375150,LeaderAccept
1785230375112,false,1785230375188,LeaderAccept
1785230375151,false,1785230375225,LeaderAccept
1785230375190,false,1785230375265,LeaderAccept
1785230375229,false,1785230375302,LeaderAccept
1785230375270,false,1785230375343,LeaderAccept
1785230375312,true,1785230375385,LeaderAccept
1785230375354,false,1785230375428,LeaderAccept
1785230375398,false,1785230375474,LeaderAccept
1785230375442,false,1785230375515,LeaderAccept
1785230375487,true,1785230375562,LeaderAccept
1785230375534,true,1785230375608,LeaderAccept
1785230375581,false,1785230375655,LeaderAccept
1785230375630,true,1785230375704,LeaderAccept
1785230375680,false,1785230375755,LeaderAccept
1785230375730,false,1785230375803,LeaderAccept
1785230375782,false,1785230375857,LeaderAccept
1785230375836,false,1785230375912,LeaderAccept
1785230375890,false,1785230375966,LeaderAccept
1785230375946,false,1785230376022,LeaderAccept
1785230376004,false,1785230376079,LeaderAccept
1785230376063,true,1785230376137,LeaderAccept
1785230376124,false,1785230376197,LeaderAccept
1785230376187,true,1785230376261,LeaderAccept
1785230376252,false,1785230376327,LeaderAccept
1785230376319,true,1785230376394,LeaderAccept
1785230376388,true,1785230376464,LeaderAccept
1785230376460,false,1785230376535,LeaderAccept
1785230376535,false,1785230376609,LeaderAccept
1785230376613,false,1785230376688,LeaderAccept
1785230376693,false,1785230376767,LeaderAccept
1785230376776,false,1785230376852,LeaderAccept
1785230376863,true,1785230376939,LeaderAccept
1785230376955,true,1785230377030,LeaderAccept
1785230377049,false,1785230377125,LeaderAccept
1785230377149,true,1785230377223,LeaderAccept
1785230377253,false,1785230377328,LeaderAccept
1785230377363,true,1785230377437,LeaderAccept
1785230377480,false,1785230377553,LeaderAccept
1785230377602,true,1785230377675,LeaderAccept
1785230377732,false,1785230377808,LeaderAccept
1785230377872,false,1785230377947,LeaderAccept
1785230378022,true,1785230378095,LeaderAccept
1785230378184,true,1785230378258,LeaderAccept
1785230378358,true,1785230378434,LeaderAccept
1785230378548,false,1785230378622,LeaderAccept
1785230378756,false,1785230378830,LeaderAccept
1785230378987,true,1785230379061,LeaderAccept
1785230379246,true,1785230379320,LeaderAccept
1785230379541,false,1785230379617,LeaderAccept
1785230379884,false,1785230379959,LeaderAccept
1785230380290,true,1785230380363,LeaderAccept
1785230380787,false,1785230380864,LeaderAccept
1785230381424,true,1785230381498,LeaderAccept
1785230382299,false,1785230382374,LeaderAccept
1785230383656,false,1785230383732,LeaderAccept
1785230386327,false,1785230386402,LeaderAccept
1785230394266,true,1785230394326,FastAccept
1785230394283,true,1785230394340,FastAccept
1785230394300,true,1785230394359,FastAccept
1785230394318,false,1785230394375,FastAccept
1785230394335,false,1785230394394,FastAccept
1785230394353,true,1785230394411,FastAccept
1785230394370,false,1785230394430,FastAccept
1785230394388,false,1785230394447,FastAccept
1785230394407,false,1785230394465,FastAccept
1785230394425,false,1785230394484,FastAccept
1785230394444,false,1785230394501,FastAccept
1785230394462,true,1785230394522,FastAccept
1785230394481,true,1785230394537,FastAccept
1785230394500,true,1785230394559,FastAccept
1785230394519,false,1785230394617,SlowAccept
1785230394539,false,1785230394617,FastAccept
1785230394559,false,1785230394655,LeaderAccept
1785230394578,true,1785230394674,LeaderAccept
1785230394597,true,1785230394671,LeaderAccept
1785230394617,false,1785230394691,LeaderAccept
1785230394637,true,1785230394712,LeaderAccept
1785230394657,true,1785230394731,LeaderAccept
1785230394678,true,1785230394753,LeaderAccept
1785230394700,true,1785230394773,LeaderAccept
1785230394720,true,1785230394796,LeaderAccept
1785230394741,false,1785230394816,LeaderAccept
1785230394763,false,1785230394837,LeaderAccept
1785230394784,false,1785230394860,LeaderAccept
1785230394806,false,1785230394880,LeaderAccept
1785230394828,true,1785230394903,LeaderAccept
1785230394852,true,1785230394925,LeaderAccept
1785230394874,false,1785230394948,LeaderAccept
1785230394897,false,1785230394972,LeaderAccept
1785230394920,false,1785230394995,LeaderAccept
1785230394944,true,1785230395017,LeaderAccept
1785230394967,true,1785230395042,LeaderAccept
1785230394990,false,1785230395066,LeaderAccept
1785230395014,true,1785230395090,LeaderAccept
1785230395039,true,1785230395114,LeaderAccept
1785230395064,false,1785230395137,LeaderAccept
1785230395089,true,1785230395163,LeaderAccept
1785230395114,true,1785230395190,LeaderAccept
1785230395140,false,1785230395215,LeaderAccept
1785230395166,false,1785230395241,LeaderAccept
1785230395192,false,1785230395268,LeaderAccept
1785230395218,true,1785230395292,LeaderAccept
1785230395245,false,1785230395321,LeaderAccept
1785230395272,true,1785230395346,LeaderAccept
1785230395299,true,1785230395376,LeaderAccept
1785230395327,true,1785230395403,LeaderAccept
1785230395357,true,1785230395430,LeaderAccept
1785230395385,false,1785230395461,LeaderAccept
1785230395414,false,1785230395489,LeaderAccept
1785230395445,true,1785230395520,LeaderAccept
1785230395474,true,1785230395551,LeaderAccept
1785230395504,false,1785230395579,LeaderAccept
1785230395536,false,1785230395609,LeaderAccept
1785230395567,true,1785230395642,LeaderAccept
1785230395599,true,1785230395671,LeaderAccept
1785230395631,true,1785230395707,LeaderAccept
1785230395663,true,1785230395738,LeaderAccept
1785230395696,false,1785230395772,LeaderAccept
1785230395729,true,1785230395805,LeaderAccept
1785230395763,false,1785230395838,LeaderAccept
1785230395798,false,1785230395873,LeaderAccept
1785230395835,true,1785230395909,LeaderAccept
1785230395871,false,1785230395947,LeaderAccept
1785230395907,false,1785230395982,LeaderAccept
1785230395944,false,1785230396018,LeaderAccept
1785230395982,false,1785230396056,LeaderAccept
1785230396021,true,1785230396096,LeaderAccept
1785230396061,false,1785230396137,LeaderAccept
1785230396102,false,1785230396178,LeaderAccept
1785230396143,true,1785230396219,LeaderAccept
1785230396185,false,1785230396260,LeaderAccept
1785230396228,true,1785230396305,LeaderAccept
1785230396272,false,1785230396348,LeaderAccept
1785230396317,true,1785230396391,LeaderAccept
1785230396362,true,1785230396439,LeaderAccept
1785230396410,true,1785230396485,LeaderAccept
1785230396457,true,1785230396532,LeaderAccept
1785230396505,true,1785230396581,LeaderAccept
1785230396555,true,1785230396630,LeaderAccept
1785230396606,true,1785230396683,LeaderAccept
1785230396659,true,1785230396736,LeaderAccept
1785230396713,true,1785230396789,LeaderAccept
1785230396768,true,1785230396845,LeaderAccept
1785230396825,true,1785230396901,LeaderAccept
1785230396884,false,1785230396960,LeaderAccept
1785230396944,true,1785230397021,LeaderAccept
1785230397006,false,1785230397082,LeaderAccept
1785230397070,false,1785230397147,LeaderAccept
1785230397136,false,1785230397210,LeaderAccept
1785230397204,false,1785230397279,LeaderAccept
1785230397276,false,1785230397352,LeaderAccept
1785230397348,false,1785230397424,LeaderAccept
1785230397424,false,1785230397497,LeaderAccept
1785230397503,true,1785230397576,LeaderAccept
1785230397584,true,1785230397660,LeaderAccept
1785230397669,true,1785230397745,LeaderAccept
1785230397758,false,1785230397834,LeaderAccept
1785230397851,false,1785230397927,LeaderAccept
1785230397947,false,1785230398022,LeaderAccept
1785230398048,true,1785230398123,LeaderAccept
1785230398155,false,1785230398230,LeaderAccept
1785230398268,false,1785230398342,LeaderAccept
1785230398387,false,1785230398463,LeaderAccept
1785230398514,false,1785230398588,LeaderAccept
1785230398648,false,1785230398724,LeaderAccept
1785230398791,true,1785230398867,LeaderAccept
1785230398945,true,1785230399021,LeaderAccept
1785230399113,false,1785230399189,LeaderAccept
1785230399293,true,1785230399369,LeaderAccept
1785230399491,false,1785230399567,LeaderAccept
1785230399710,true,1785230399783,LeaderAccept
1785230399953,true,1785230400028,LeaderAccept
1785230400228,true,1785230400303,LeaderAccept
1785230400543,false,1785230400619,LeaderAccept
1785230400912,false,1785230400989,LeaderAccept
1785230401356,true,1785230401416,FastAccept
1785230401909,true,1785230401969,FastAccept
1785230402638,true,1785230402713,LeaderAccept
1785230403686,false,1785230403762,LeaderAccept
1785230405456,false,1785230405531,LeaderAccept
1785230409746,false,1785230409821,LeaderAccept
1785230423314,false,1785230423372,FastAccept
1785230423338,true,1785230423398,FastAccept
1785230423363,false,1785230423423,FastAccept
1785230423388,false,1785230423445,FastAccept
1785230423413,false,1785230423472,FastAccept
1785230423439,false,1785230423498,FastAccept
1785230423466,true,1785230423524,FastAccept
1785230423492,true,1785230423551,FastAccept
1785230423519,true,1785230423577,FastAccept
1785230423546,false,1785230423605,FastAccept
1785230423574,false,1785230423632,FastAccept
1785230423603,false,1785230423662,FastAccept
1785230423631,false,1785230423690,FastAccept
1785230423660,true,1785230423719,FastAccept
1785230423689,false,1785230423748,FastAccept
1785230423718,false,1785230423776,FastAccept
1785230423747,false,1785230423806,FastAccept
1785230423777,false,1785230423836,FastAccept
1785230423807,true,1785230423866,FastAccept
1785230423838,false,1785230423896,FastAccept
1785230423869,false,1785230423927,FastAccept
1785230423901,false,1785230423959,FastAccept
1785230423933,true,1785230423993,FastAccept
1785230423966,false,1785230424024,FastAccept
1785230423999,true,1785230424057,FastAccept
1785230424033,false,1785230424091,FastAccept
1785230424067,false,1785230424126,FastAccept
1785230424102,false,1785230424159,FastAccept
1785230424137,true,1785230424196,FastAccept
1785230424174,false,1785230424233,FastAccept
1785230424211,false,1785230424271,FastAccept
1785230424249,false,1785230424308,FastAccept
1785230424288,true,1785230424346,FastAccept
1785230424327,false,1785230424386,FastAccept
1785230424367,true,1785230424426,FastAccept
1785230424407,true,1785230424465,FastAccept
1785230424448,false,1785230424507,FastAccept
1785230424491,false,1785230424550,FastAccept
1785230424534,true,1785230424592,FastAccept
1785230424578,false,1785230424635,FastAccept
1785230424624,false,1785230424682,FastAccept
1785230424669,false,1785230424728,FastAccept
1785230424716,false,1785230424775,FastAccept
1785230424764,false,1785230424822,FastAccept
1785230424813,false,1785230424871,FastAccept
1785230424863,false,1785230424921,FastAccept
1785230424914,true,1785230424974,FastAccept
1785230424968,false,1785230425026,FastAccept
1785230425022,false,1785230425082,FastAccept
1785230425078,false,1785230425138,FastAccept
1785230425136,true,1785230425194,FastAccept
1785230425194,true,1785230425254,FastAccept
1785230425255,true,1785230425315,FastAccept
1785230425318,true,1785230425416,LeaderAccept
1785230425384,true,1785230425459,LeaderAccept
1785230425450,true,1785230425524,LeaderAccept
1785230425519,true,1785230425595,LeaderAccept
1785230425591,true,1785230425667,LeaderAccept
1785230425665,true,1785230425739,LeaderAccept
1785230425741,false,1785230425813,LeaderAccept
1785230425820,true,1785230425896,LeaderAccept
1785230425903,false,1785230425978,LeaderAccept
1785230425989,true,1785230426064,LeaderAccept
1785230426079,true,1785230426154,LeaderAccept
1785230426173,false,1785230426249,LeaderAccept
1785230426271,false,1785230426348,LeaderAccept
1785230426375,true,1785230426450,LeaderAccept
1785230426484,false,1785230426559,LeaderAccept
1785230426599,false,1785230426673,LeaderAccept
1785230426722,true,1785230426797,LeaderAccept
1785230426851,false,1785230426927,LeaderAccept
1785230426988,false,1785230427064,LeaderAccept
1785230427135,false,1785230427212,LeaderAccept
1785230427294,true,1785230427369,LeaderAccept
1785230427465,true,1785230427540,LeaderAccept
1785230427652,true,1785230427727,LeaderAccept
1785230427857,true,1785230427933,LeaderAccept
1785230428084,false,1785230428159,LeaderAccept
1785230428338,true,1785230428414,LeaderAccept
1785230428626,true,1785230428701,LeaderAccept
1785230428959,true,1785230429034,LeaderAccept
1785230429351,false,1785230429427,LeaderAccept
1785230429829,false,1785230429906,LeaderAccept
1785230430435,true,1785230430494,FastAccept
1785230431255,false,1785230431314,FastAccept
1785230432491,true,1785230432568,LeaderAccept
1785230434783,false,1785230434856,LeaderAccept
1785230441991,false,1785230442050,FastAccept
1785230460687,false,1785230460746,FastAccept
1785230460707,false,1785230460766,FastAccept
1785230460728,true,1785230460786,FastAccept
1785230460748,true,1785230460805,FastAccept
1785230460769,false,1785230460827,FastAccept
1785230460790,false,1785230460849,FastAccept
1785230460812,true,1785230460871,FastAccept
1785230460834,false,1785230460892,FastAccept
1785230460855,true,1785230460914,FastAccept
1785230460877,false,1785230460936,FastAccept
1785230460899,false,1785230460958,FastAccept
1785230460921,true,1785230460980,FastAccept
1785230460944,true,1785230461003,FastAccept
1785230460967,true,1785230461026,FastAccept
1785230460990,true,1785230461048,FastAccept
1785230461013,false,1785230461073,FastAccept
1785230461037,true,1785230461096,FastAccept
1785230461060,false,1785230461119,FastAccept
1785230461084,false,1785230461144,FastAccept
1785230461108,true,1785230461165,FastAccept
1785230461132,true,1785230461190,FastAccept
1785230461157,false,1785230461215,FastAccept
1785230461183,false,1785230461241,FastAccept
1785230461208,true,1785230461268,FastAccept
1785230461234,false,1785230461292,FastAccept
1785230461260,true,1785230461318,FastAccept
1785230461286,false,1785230461345,FastAccept
1785230461314,false,1785230461372,FastAccept
1785230461341,false,1785230461400,FastAccept
1785230461369,false,1785230461428,FastAccept
1785230461397,false,1785230461495,SlowAccept
1785230461425,true,1785230461522,SlowAccept
1785230461454,false,1785230461552,LeaderAccept
1785230461484,true,1785230461559,LeaderAccept
1785230461513,false,1785230461587,LeaderAccept
1785230461543,false,1785230461617,LeaderAccept
1785230461573,true,1785230461648,LeaderAccept
1785230461604,false,1785230461679,LeaderAccept
1785230461635,true,1785230461710,LeaderAccept
1785230461667,false,1785230461743,LeaderAccept
1785230461699,true,1785230461775,LeaderAccept
1785230461733,true,1785230461808,LeaderAccept
1785230461766,true,1785230461841,LeaderAccept
1785230461800,true,1785230461877,LeaderAccept
1785230461834,true,1785230461910,LeaderAccept
1785230461870,true,1785230461945,LeaderAccept
1785230461905,false,1785230461980,LeaderAccept
1785230461941,false,1785230462017,LeaderAccept
1785230461979,false,1785230462054,LeaderAccept
1785230462016,false,1785230462092,LeaderAccept
1785230462054,false,1785230462129,LeaderAccept
1785230462092,true,1785230462168,LeaderAccept
1785230462131,false,1785230462207,LeaderAccept
1785230462172,true,1785230462247,LeaderAccept
1785230462214,true,1785230462288,LeaderAccept
1785230462255,true,1785230462330,LeaderAccept
1785230462298,false,1785230462375,LeaderAccept
1785230462343,true,1785230462418,LeaderAccept
1785230462387,false,1785230462465,LeaderAccept
1785230462433,false,1785230462507,LeaderAccept
1785230462479,false,1785230462555,LeaderAccept
1785230462527,false,1785230462603,LeaderAccept
1785230462576,false,1785230462652,LeaderAccept
1785230462626,true,1785230462703,LeaderAccept
1785230462677,false,1785230462752,LeaderAccept
1785230462731,false,1785230462806,LeaderAccept
1785230462784,false,1785230462860,LeaderAccept
1785230462839,false,1785230462914,LeaderAccept
1785230462896,true,1785230462972,LeaderAccept
1785230462955,false,1785230463031,LeaderAccept
1785230463015,false,1785230463090,LeaderAccept
1785230463077,true,1785230463154,LeaderAccept
1785230463141,false,1785230463216,LeaderAccept
1785230463207,true,1785230463281,LeaderAccept
1785230463275,true,1785230463351,LeaderAccept
1785230463346,true,1785230463422,LeaderAccept
1785230463419,true,1785230463495,LeaderAccept
1785230463494,true,1785230463570,LeaderAccept
1785230463572,true,1785230463646,LeaderAccept
1785230463653,false,1785230463728,LeaderAccept
1785230463738,false,1785230463813,LeaderAccept
1785230463826,true,1785230463902,LeaderAccept
1785230463919,false,1785230463993,LeaderAccept
1785230464015,true,1785230464090,LeaderAccept
1785230464116,true,1785230464190,LeaderAccept
1785230464222,false,1785230464298,LeaderAccept
1785230464335,true,1785230464409,LeaderAccept
1785230464455,false,1785230464530,LeaderAccept
1785230464581,true,1785230464657,LeaderAccept
1785230464715,true,1785230464790,LeaderAccept
1785230464860,false,1785230464935,LeaderAccept
1785230465014,false,1785230465087,LeaderAccept
1785230465180,true,1785230465254,LeaderAccept
1785230465361,false,1785230465435,LeaderAccept
1785230465558,true,1785230465635,LeaderAccept
1785230465776,true,1785230465851,LeaderAccept
1785230466020,true,1785230466095,LeaderAccept
1785230466294,false,1785230466371,LeaderAccept
1785230466609,true,1785230466685,LeaderAccept
1785230466977,true,1785230467054,LeaderAccept
1785230467419,true,1785230467495,LeaderAccept
1785230467970,true,1785230468045,LeaderAccept
1785230468696,false,1785230468770,LeaderAccept
1785230469739,false,1785230469816,LeaderAccept
1785230471495,true,1785230471592,LeaderAccept
1785230475718,false,1785230475793,LeaderAccept
1785230476599,false,1785230476673,LeaderAccept
1785230476616,true,1785230476692,LeaderAccept
1785230476634,false,1785230476710,LeaderAccept
1785230476651,true,1785230476725,LeaderAccept
1785230476668,false,1785230476745,LeaderAccept
1785230476686,false,1785230476759,LeaderAccept
1785230476704,false,1785230476781,LeaderAccept
1785230476722,true,1785230476796,LeaderAccept
1785230476740,false,1785230476815,LeaderAccept
1785230476758,true,1785230476832,LeaderAccept
1785230476776,false,1785230476851,LeaderAccept
1785230476795,false,1785230476870,LeaderAccept
1785230476813,false,1785230476888,LeaderAccept
1785230476832,false,1785230476908,LeaderAccept
1785230476851,true,1785230476927,LeaderAccept
1785230476870,false,1785230476945,LeaderAccept
1785230476889,true,1785230476965,LeaderAccept
1785230476909,false,1785230476982,LeaderAccept
1785230476930,false,1785230477004,LeaderAccept
1785230476949,true,1785230477023,LeaderAccept
1785230476969,false,1785230477045,LeaderAccept
1785230476989,true,1785230477065,LeaderAccept
1785230477010,true,1785230477086,LeaderAccept
1785230477031,false,1785230477106,LeaderAccept
1785230477052,true,1785230477128,LeaderAccept
1785230477073,false,1785230477148,LeaderAccept
1785230477094,false,1785230477169,LeaderAccept
1785230477116,true,1785230477191,LeaderAccept
1785230477137,true,1785230477211,LeaderAccept
1785230477159,true,1785230477235,LeaderAccept
1785230477182,true,1785230477257,LeaderAccept
1785230477204,false,1785230477279,LeaderAccept
1785230477228,true,1785230477302,LeaderAccept
1785230477250,false,1785230477325,LeaderAccept
1785230477273,false,1785230477348,LeaderAccept
1785230477298,true,1785230477372,LeaderAccept
1785230477321,false,1785230477397,LeaderAccept
1785230477345,false,1785230477421,LeaderAccept
1785230477369,false,1785230477445,LeaderAccept
1785230477394,true,1785230477469,LeaderAccept
1785230477419,true,1785230477494,LeaderAccept
1785230477444,true,1785230477518,LeaderAccept
1785230477469,true,1785230477543,LeaderAccept
1785230477494,true,1785230477567,LeaderAccept
1785230477520,true,1785230477595,LeaderAccept
1785230477546,false,1785230477621,LeaderAccept
1785230477572,false,1785230477648,LeaderAccept
1785230477599,true,1785230477674,LeaderAccept
1785230477626,true,1785230477702,LeaderAccept
1785230477654,true,1785230477729,LeaderAccept
1785230477682,false,1785230477757,LeaderAccept
1785230477711,false,1785230477785,LeaderAccept
1785230477739,true,1785230477813,LeaderAccept
1785230477768,false,1785230477842,LeaderAccept
1785230477797,true,1785230477874,LeaderAccept
1785230477827,true,1785230477903,LeaderAccept
1785230477859,true,1785230477933,LeaderAccept
1785230477889,true,1785230477963,LeaderAccept
1785230477920,true,1785230477996,LeaderAccept
1785230477952,false,1785230478026,LeaderAccept
1785230477986,true,1785230478060,LeaderAccept
1785230478018,false,1785230478093,LeaderAccept
1785230478051,true,1785230478126,LeaderAccept
1785230478085,true,1785230478160,LeaderAccept
1785230478120,false,1785230478196,LeaderAccept
1785230478155,true,1785230478231,LeaderAccept
1785230478191,true,1785230478266,LeaderAccept
1785230478228,true,1785230478303,LeaderAccept
1785230478266,true,1785230478340,LeaderAccept
1785230478303,false,1785230478377,LeaderAccept
1785230478342,false,1785230478416,LeaderAccept
1785230478380,false,1785230478455,LeaderAccept
1785230478420,true,1785230478494,LeaderAccept
1785230478460,true,1785230478535,LeaderAccept
1785230478501,true,1785230478575,LeaderAccept
1785230478543,true,1785230478618,LeaderAccept
1785230478586,false,1785230478662,LeaderAccept
1785230478630,false,1785230478705,LeaderAccept
1785230478676,true,1785230478749,LeaderAccept
1785230478721,true,1785230478795,LeaderAccept
1785230478768,true,1785230478844,LeaderAccept
1785230478816,true,1785230478892,LeaderAccept
1785230478865,true,1785230478938,LeaderAccept
1785230478915,true,1785230478989,LeaderAccept
1785230478966,true,1785230479042,LeaderAccept
1785230479019,false,1785230479094,LeaderAccept
1785230479073,false,1785230479149,LeaderAccept
1785230479129,false,1785230479203,LeaderAccept
1785230479187,false,1785230479264,LeaderAccept
1785230479246,true,1785230479321,LeaderAccept
1785230479306,false,1785230479379,LeaderAccept
1785230479368,false,1785230479444,LeaderAccept
1785230479432,true,1785230479507,LeaderAccept
1785230479498,false,1785230479573,LeaderAccept
1785230479567,false,1785230479642,LeaderAccept
1785230479638,false,1785230479714,LeaderAccept
1785230479712,false,1785230479788,LeaderAccept
1785230479788,false,1785230479864,LeaderAccept
1785230479867,false,1785230479943,LeaderAccept
1785230479949,true,1785230480024,LeaderAccept
1785230480036,true,1785230480111,LeaderAccept
1785230480126,true,1785230480201,LeaderAccept
1785230480220,false,1785230480296,LeaderAccept
1785230480318,true,1785230480392,LeaderAccept
1785230480421,false,1785230480497,LeaderAccept
1785230480530,false,1785230480606,LeaderAccept
1785230480645,true,1785230480721,LeaderAccept
1785230480765,true,1785230480841,LeaderAccept
1785230480893,false,1785230480970,LeaderAccept
1785230481030,false,1785230481105,LeaderAccept
1785230481176,false,1785230481250,LeaderAccept
1785230481333,false,1785230481409,LeaderAccept
1785230481503,false,1785230481578,LeaderAccept
1785230481689,true,1785230481764,LeaderAccept
1785230481893,true,1785230481967,LeaderAccept
1785230482118,false,1785230482194,LeaderAccept
1785230482369,false,1785230482446,LeaderAccept
1785230482655,true,1785230482729,LeaderAccept
1785230482983,false,1785230483057,LeaderAccept
1785230483369,false,1785230483444,LeaderAccept
1785230483838,false,1785230483914,LeaderAccept
1785230484429,true,1785230484504,LeaderAccept
1785230485225,false,1785230485301,LeaderAccept
1785230486409,false,1785230486468,FastAccept
1785230488547,true,1785230488607,FastAccept
1785230494774,false,1785230494851,LeaderAccept
1785230498639,true,1785230498716,LeaderAccept
1785230498666,true,1785230498742,LeaderAccept
1785230498693,false,1785230498766,LeaderAccept
1785230498720,false,1785230498795,LeaderAccept
1785230498748,false,1785230498823,LeaderAccept
1785230498777,false,1785230498852,LeaderAccept
1785230498805,false,1785230498880,LeaderAccept
1785230498834,true,1785230498909,LeaderAccept
1785230498863,true,1785230498939,LeaderAccept
1785230498894,false,1785230498968,LeaderAccept
1785230498923,true,1785230498997,LeaderAccept
1785230498953,true,1785230499027,LeaderAccept
1785230498983,true,1785230499058,LeaderAccept
1785230499015,false,1785230499090,LeaderAccept
1785230499046,true,1785230499121,LeaderAccept
1785230499078,false,1785230499153,LeaderAccept
1785230499111,true,1785230499187,LeaderAccept
1785230499144,true,1785230499219,LeaderAccept
1785230499179,false,1785230499255,LeaderAccept
1785230499213,true,1785230499287,LeaderAccept
1785230499248,true,1785230499322,LeaderAccept
1785230499283,false,1785230499358,LeaderAccept
1785230499320,true,1785230499395,LeaderAccept
1785230499356,true,1785230499432,LeaderAccept
1785230499394,true,1785230499468,LeaderAccept
1785230499432,true,1785230499507,LeaderAccept
1785230499470,true,1785230499545,LeaderAccept
1785230499510,true,1785230499584,LeaderAccept
1785230499550,false,1785230499624,LeaderAccept
1785230499591,false,1785230499665,LeaderAccept
1785230499633,false,1785230499709,LeaderAccept
1785230499676,false,1785230499752,LeaderAccept
1785230499721,true,1785230499794,LeaderAccept
1785230499765,true,1785230499840,LeaderAccept
1785230499811,false,1785230499885,LeaderAccept
1785230499858,true,1785230499932,LeaderAccept
1785230499905,false,1785230499981,LeaderAccept
1785230499954,true,1785230500029,LeaderAccept
1785230500004,false,1785230500081,LeaderAccept
1785230500055,false,1785230500130,LeaderAccept
1785230500107,true,1785230500181,LeaderAccept
1785230500161,true,1785230500235,LeaderAccept
1785230500216,false,1785230500292,LeaderAccept
1785230500273,true,1785230500350,LeaderAccept
1785230500333,true,1785230500407,LeaderAccept
1785230500393,true,1785230500469,LeaderAccept
1785230500455,false,1785230500529,LeaderAccept
1785230500519,true,1785230500595,LeaderAccept
1785230500585,false,1785230500661,LeaderAccept
1785230500654,true,1785230500729,LeaderAccept
1785230500724,false,1785230500798,LeaderAccept
1785230500797,true,1785230500871,LeaderAccept
1785230500872,false,1785230500949,LeaderAccept
1785230500951,false,1785230501027,LeaderAccept
1785230501032,true,1785230501106,LeaderAccept
1785230501117,true,1785230501192,LeaderAccept
1785230501206,false,1785230501282,LeaderAccept
1785230501299,true,1785230501376,LeaderAccept
1785230501396,false,1785230501471,LeaderAccept
1785230501498,false,1785230501573,LeaderAccept
1785230501605,true,1785230501681,LeaderAccept
1785230501718,true,1785230501794,LeaderAccept
1785230501838,true,1785230501914,LeaderAccept
1785230501964,true,1785230502039,LeaderAccept
1785230502099,true,1785230502174,LeaderAccept
1785230502243,false,1785230502320,LeaderAccept
1785230502399,true,1785230502474,LeaderAccept
1785230502566,false,1785230502641,LeaderAccept
1785230502748,true,1785230502823,LeaderAccept
1785230502947,false,1785230503022,LeaderAccept
1785230503166,true,1785230503240,LeaderAccept
1785230503412,false,1785230503487,LeaderAccept
1785230503689,false,1785230503766,LeaderAccept
1785230504008,false,1785230504084,LeaderAccept
1785230504381,false,1785230504458,LeaderAccept
1785230504831,true,1785230504908,LeaderAccept
1785230505393,false,1785230505468,LeaderAccept
1785230506137,true,1785230506196,FastAccept
1785230507218,true,1785230507278,FastAccept
1785230509069,false,1785230509126,FastAccept
1785230513739,true,1785230513812,LeaderAccept
1785230547838,false,1785230547913,LeaderAccept
1785230547873,true,1785230547948,LeaderAccept
1785230547908,false,1785230547984,LeaderAccept
1785230547944,true,1785230548020,LeaderAccept
1785230547982,false,1785230548057,LeaderAccept
1785230548019,false,1785230548094,LeaderAccept
1785230548056,true,1785230548132,LeaderAccept
1785230548095,false,1785230548171,LeaderAccept
1785230548135,false,1785230548210,LeaderAccept
1785230548175,false,1785230548251,LeaderAccept
1785230548216,true,1785230548291,LeaderAccept
1785230548257,false,1785230548331,LeaderAccept
1785230548299,true,1785230548375,LeaderAccept
1785230548343,false,1785230548419,LeaderAccept
1785230548388,false,1785230548464,LeaderAccept
1785230548433,true,1785230548508,LeaderAccept
1785230548480,false,1785230548555,LeaderAccept
1785230548527,true,1785230548601,LeaderAccept
1785230548575,true,1785230548651,LeaderAccept
1785230548625,true,1785230548699,LeaderAccept
1785230548676,false,1785230548750,LeaderAccept
1785230548728,true,1785230548804,LeaderAccept
1785230548783,true,1785230548858,LeaderAccept
1785230548838,false,1785230548912,LeaderAccept
1785230548895,true,1785230548971,LeaderAccept
1785230548953,true,1785230549030,LeaderAccept
1785230549013,true,1785230549087,LeaderAccept
1785230549074,true,1785230549149,LeaderAccept
1785230549137,true,1785230549214,LeaderAccept
1785230549203,true,1785230549277,LeaderAccept
1785230549270,false,1785230549345,LeaderAccept
1785230549340,true,1785230549417,LeaderAccept
1785230549413,true,1785230549488,LeaderAccept
1785230549489,true,1785230549564,LeaderAccept
1785230549567,false,1785230549641,LeaderAccept
1785230549648,true,1785230549724,LeaderAccept
1785230549733,false,1785230549810,LeaderAccept
1785230549821,false,1785230549896,LeaderAccept
1785230549913,true,1785230549987,LeaderAccept
1785230550009,true,1785230550087,LeaderAccept
1785230550110,true,1785230550185,LeaderAccept
1785230550216,false,1785230550291,LeaderAccept
1785230550329,true,1785230550406,LeaderAccept
1785230550446,true,1785230550522,LeaderAccept
1785230550571,true,1785230550647,LeaderAccept
1785230550705,true,1785230550779,LeaderAccept
1785230550847,true,1785230550921,LeaderAccept
1785230550999,false,1785230551075,LeaderAccept
1785230551164,true,1785230551240,LeaderAccept
1785230551344,false,1785230551419,LeaderAccept
1785230551539,false,1785230551615,LeaderAccept
1785230551755,false,1785230551831,LeaderAccept
1785230551994,true,1785230552070,LeaderAccept
1785230552263,true,1785230552340,LeaderAccept
1785230552573,true,1785230552647,LeaderAccept
1785230552933,true,1785230553008,LeaderAccept
1785230553363,true,1785230553438,LeaderAccept
1785230553897,true,1785230553974,LeaderAccept
1785230554594,false,1785230554653,FastAccept
1785230555582,true,1785230555656,LeaderAccept
1785230557198,false,1785230557274,LeaderAccept
1785230560825,false,1785230560902,LeaderAccept
1785230579211,true,1785230579288,LeaderAccept
1785230579250,true,1785230579324,LeaderAccept
1785230579290,true,1785230579366,LeaderAccept
1785230579331,false,1785230579406,LeaderAccept
1785230579372,true,1785230579448,LeaderAccept
1785230579415,false,1785230579492,LeaderAccept
1785230579459,true,1785230579532,LeaderAccept
1785230579503,false,1785230579578,LeaderAccept
1785230579548,false,1785230579626,LeaderAccept
1785230579594,false,1785230579668,LeaderAccept
1785230579641,false,1785230579717,LeaderAccept
1785230579689,true,1785230579763,LeaderAccept
1785230579738,false,1785230579812,LeaderAccept
1785230579789,false,1785230579864,LeaderAccept
1785230579841,true,1785230579916,LeaderAccept
1785230579894,false,1785230579970,LeaderAccept
1785230579949,false,1785230580024,LeaderAccept
1785230580006,true,1785230580080,LeaderAccept
1785230580063,true,1785230580138,LeaderAccept
1785230580122,false,1785230580198,LeaderAccept
1785230580183,false,1785230580258,LeaderAccept
1785230580246,false,1785230580322,LeaderAccept
1785230580311,true,1785230580386,LeaderAccept
1785230580378,false,1785230580455,LeaderAccept
1785230580447,true,1785230580523,LeaderAccept
1785230580518,false,1785230580593,LeaderAccept
1785230580592,true,1785230580666,LeaderAccept
1785230580669,true,1785230580745,LeaderAccept
1785230580749,false,1785230580823,LeaderAccept
1785230580832,false,1785230580907,LeaderAccept
1785230580919,true,1785230580996,LeaderAccept
1785230581009,false,1785230581085,LeaderAccept
1785230581103,true,1785230581175,LeaderAccept
1785230581202,true,1785230581276,LeaderAccept
1785230581305,true,1785230581380,LeaderAccept
1785230581414,false,1785230581488,LeaderAccept
1785230581529,false,1785230581603,LeaderAccept
1785230581652,false,1785230581726,LeaderAccept
1785230581781,true,1785230581855,LeaderAccept
1785230581919,true,1785230581992,LeaderAccept
1785230582067,false,1785230582142,LeaderAccept
1785230582228,true,1785230582304,LeaderAccept
1785230582400,true,1785230582475,LeaderAccept
1785230582588,false,1785230582664,LeaderAccept
1785230582794,true,1785230582869,LeaderAccept
1785230583023,false,1785230583098,LeaderAccept
1785230583280,true,1785230583354,LeaderAccept
1785230583570,false,1785230583646,LeaderAccept
1785230583906,true,1785230583981,LeaderAccept
1785230584304,false,1785230584380,LeaderAccept
1785230584789,true,1785230584864,LeaderAccept
1785230585407,true,1785230585483,LeaderAccept
1785230586248,false,1785230586324,LeaderAccept
1785230587527,false,1785230587601,LeaderAccept
1785230589951,false,1785230590027,LeaderAccept
1785230598096,false,1785230598169,LeaderAccept
1785230614987,false,1785230615046,FastAccept
1785230615009,true,1785230615069,FastAccept
1785230615033,true,1785230615092,FastAccept
1785230615055,true,1785230615115,FastAccept
1785230615079,true,1785230615137,FastAccept
1785230615103,true,1785230615161,FastAccept
1785230615126,false,1785230615184,FastAccept
1785230615151,true,1785230615209,FastAccept
1785230615175,true,1785230615235,FastAccept
1785230615200,true,1785230615259,FastAccept
1785230615225,false,1785230615284,FastAccept
1785230615250,true,1785230615310,FastAccept
1785230615276,false,1785230615334,FastAccept
1785230615303,false,1785230615361,FastAccept
1785230615330,false,1785230615387,FastAccept
1785230615356,false,1785230615452,LeaderAccept
1785230615383,false,1785230615482,LeaderAccept
1785230615411,true,1785230615506,LeaderAccept
1785230615438,true,1785230615534,LeaderAccept
1785230615465,true,1785230615563,LeaderAccept
1785230615493,false,1785230615589,LeaderAccept
1785230615522,false,1785230615619,LeaderAccept
1785230615551,false,1785230615625,LeaderAccept
1785230615580,false,1785230615656,LeaderAccept
1785230615610,false,1785230615685,LeaderAccept
1785230615642,true,1785230615718,LeaderAccept
1785230615672,true,1785230615748,LeaderAccept
1785230615704,true,1785230615778,LeaderAccept
1785230615735,false,1785230615809,LeaderAccept
1785230615767,false,1785230615843,LeaderAccept
1785230615799,false,1785230615875,LeaderAccept
1785230615832,false,1785230615905,LeaderAccept
1785230615865,true,1785230615939,LeaderAccept
1785230615899,false,1785230615975,LeaderAccept
1785230615934,true,1785230616010,LeaderAccept
1785230615970,false,1785230616044,LeaderAccept
1785230616007,true,1785230616082,LeaderAccept
1785230616044,true,1785230616118,LeaderAccept
1785230616082,true,1785230616155,LeaderAccept
1785230616120,true,1785230616194,LeaderAccept
1785230616159,false,1785230616233,LeaderAccept
1785230616198,true,1785230616272,LeaderAccept
1785230616238,false,1785230616312,LeaderAccept
1785230616279,false,1785230616354,LeaderAccept
1785230616321,false,1785230616395,LeaderAccept
1785230616364,true,1785230616439,LeaderAccept
1785230616407,true,1785230616482,LeaderAccept
1785230616452,false,1785230616526,LeaderAccept
1785230616497,false,1785230616571,LeaderAccept
1785230616544,true,1785230616618,LeaderAccept
1785230616591,false,1785230616668,LeaderAccept
1785230616640,false,1785230616714,LeaderAccept
1785230616690,true,1785230616766,LeaderAccept
1785230616741,false,1785230616817,LeaderAccept
1785230616794,false,1785230616870,LeaderAccept
1785230616848,false,1785230616923,LeaderAccept
1785230616903,false,1785230616979,LeaderAccept
1785230616960,true,1785230617035,LeaderAccept
1785230617018,true,1785230617093,LeaderAccept
1785230617078,false,1785230617153,LeaderAccept
1785230617140,true,1785230617215,LeaderAccept
1785230617204,false,1785230617280,LeaderAccept
1785230617270,false,1785230617345,LeaderAccept
1785230617338,false,1785230617414,LeaderAccept
1785230617408,false,1785230617484,LeaderAccept
1785230617480,false,1785230617557,LeaderAccept
1785230617556,true,1785230617632,LeaderAccept
1785230617634,false,1785230617708,LeaderAccept
1785230617715,true,1785230617789,LeaderAccept
1785230617800,true,1785230617876,LeaderAccept
1785230617888,false,1785230617965,LeaderAccept
1785230617980,true,1785230618056,LeaderAccept
1785230618077,true,1785230618153,LeaderAccept
1785230618178,false,1785230618254,LeaderAccept
1785230618284,true,1785230618344,FastAccept
1785230618397,false,1785230618456,FastAccept
1785230618515,false,1785230618574,FastAccept
1785230618640,true,1785230618699,FastAccept
1785230618773,false,1785230618832,FastAccept
1785230618917,false,1785230618975,FastAccept
1785230619070,true,1785230619129,FastAccept
1785230619236,true,1785230619294,FastAccept
1785230619415,true,1785230619474,FastAccept
1785230619611,false,1785230619670,FastAccept
1785230619828,true,1785230619886,FastAccept
1785230620068,true,1785230620126,FastAccept
1785230620340,false,1785230620398,FastAccept
1785230620650,false,1785230620709,FastAccept
1785230621012,false,1785230621071,FastAccept
1785230621447,false,1785230621506,FastAccept
1785230621987,false,1785230622046,FastAccept
1785230622694,true,1785230622753,FastAccept
1785230623699,true,1785230623759,FastAccept
1785230625360,false,1785230625420,FastAccept
1785230627153,true,1785230627212,FastAccept
1785230627172,false,1785230627231,FastAccept
1785230627192,false,1785230627251,FastAccept
1785230627213,false,1785230627271,FastAccept
1785230627233,true,1785230627292,FastAccept
1785230627254,false,1785230627310,FastAccept
1785230627274,false,1785230627332,FastAccept
1785230627296,false,1785230627354,FastAccept
1785230627317,true,1785230627377,FastAccept
1785230627339,true,1785230627397,FastAccept
1785230627361,true,1785230627420,FastAccept
1785230627383,false,1785230627441,FastAccept
1785230627405,false,1785230627464,FastAccept
1785230627428,true,1785230627487,FastAccept
1785230627452,false,1785230627511,FastAccept
1785230627474,true,1785230627532,FastAccept
1785230627497,true,1785230627555,FastAccept
1785230627520,false,1785230627579,FastAccept
1785230627543,true,1785230627602,FastAccept
1785230627567,true,1785230627627,FastAccept
1785230627592,false,1785230627649,FastAccept
1785230627617,true,1785230627676,FastAccept
1785230627641,true,1785230627700,FastAccept
1785230627666,true,1785230627725,FastAccept
1785230627692,false,1785230627751,FastAccept
1785230627719,false,1785230627777,FastAccept
1785230627745,true,1785230627805,FastAccept
1785230627772,true,1785230627830,FastAccept
1785230627799,false,1785230627859,FastAccept
1785230627828,true,1785230627886,FastAccept
1785230627855,false,1785230627913,FastAccept
1785230627883,false,1785230627941,FastAccept
1785230627911,true,1785230627969,FastAccept
1785230627940,false,1785230627998,FastAccept
1785230627969,true,1785230628028,FastAccept
1785230627998,false,1785230628056,FastAccept
1785230628028,true,1785230628086,FastAccept
1785230628059,true,1785230628118,FastAccept
1785230628089,false,1785230628148,FastAccept
1785230628120,true,1785230628178,FastAccept
1785230628151,true,1785230628210,FastAccept
1785230628183,true,1785230628242,FastAccept
1785230628215,true,1785230628274,FastAccept
1785230628248,false,1785230628307,FastAccept
1785230628282,true,1785230628340,FastAccept
1785230628316,true,1785230628375,FastAccept
1785230628351,false,1785230628411,FastAccept
1785230628387,false,1785230628447,FastAccept
1785230628423,false,1785230628481,FastAccept
1785230628459,true,1785230628519,FastAccept
1785230628497,true,1785230628557,FastAccept
1785230628535,false,1785230628593,FastAccept
1785230628573,false,1785230628630,FastAccept
1785230628612,false,1785230628671,FastAccept
1785230628652,true,1785230628710,FastAccept
1785230628693,true,1785230628752,FastAccept
1785230628735,false,1785230628832,LeaderAccept
1785230628778,true,1785230628873,LeaderAccept
1785230628821,true,1785230628894,LeaderAccept
1785230628865,true,1785230628940,LeaderAccept
1785230628911,true,1785230628985,LeaderAccept
1785230628957,true,1785230629032,LeaderAccept
1785230629005,true,1785230629081,LeaderAccept
1785230629055,false,1785230629128,LeaderAccept
1785230629104,true,1785230629180,LeaderAccept
1785230629156,true,1785230629230,LeaderAccept
1785230629208,true,1785230629285,LeaderAccept
1785230629262,false,1785230629337,LeaderAccept
1785230629317,false,1785230629392,LeaderAccept
1785230629374,true,1785230629450,LeaderAccept
1785230629433,false,1785230629507,LeaderAccept
1785230629493,false,1785230629567,LeaderAccept
1785230629555,false,1785230629629,LeaderAccept
1785230629618,true,1785230629692,LeaderAccept
1785230629683,true,1785230629758,LeaderAccept
1785230629751,true,1785230629827,LeaderAccept
1785230629821,true,1785230629894,LeaderAccept
1785230629894,true,1785230629969,LeaderAccept
1785230629969,true,1785230630042,LeaderAccept
1785230630047,false,1785230630122,LeaderAccept
1785230630128,false,1785230630203,LeaderAccept
1785230630213,false,1785230630289,LeaderAccept
1785230630301,false,1785230630375,LeaderAccept
1785230630393,false,1785230630469,LeaderAccept
1785230630489,false,1785230630563,LeaderAccept
1785230630591,false,1785230630667,LeaderAccept
1785230630697,true,1785230630772,LeaderAccept
1785230630809,true,1785230630885,LeaderAccept
1785230630927,true,1785230631003,LeaderAccept
1785230631052,true,1785230631127,LeaderAccept
1785230631185,true,1785230631261,LeaderAccept
1785230631327,true,1785230631404,LeaderAccept
1785230631480,true,1785230631556,LeaderAccept
1785230631646,false,1785230631719,LeaderAccept
1785230631824,false,1785230631900,LeaderAccept
1785230632020,true,1785230632095,LeaderAccept
1785230632235,true,1785230632310,LeaderAccept
1785230632475,true,1785230632549,LeaderAccept
1785230632745,false,1785230632822,LeaderAccept
1785230633055,true,1785230633115,FastAccept
1785230633416,false,1785230633514,LeaderAccept
1785230633849,true,1785230633922,LeaderAccept
1785230634384,false,1785230634458,LeaderAccept
1785230635084,true,1785230635160,LeaderAccept
1785230636077,false,1785230636151,LeaderAccept
1785230637708,true,1785230637767,FastAccept
1785230641392,true,1785230641467,LeaderAccept
1785230645966,true,1785230646025,FastAccept
1785230645987,false,1785230646045,FastAccept
1785230646008,false,1785230646067,FastAccept
1785230646030,true,1785230646090,FastAccept
1785230646053,false,1785230646149,SlowAccept
1785230646076,true,1785230646171,LeaderAccept
1785230646098,true,1785230646193,LeaderAccept
1785230646121,false,1785230646217,LeaderAccept
1785230646144,true,1785230646239,LeaderAccept
1785230646167,true,1785230646242,LeaderAccept
1785230646191,true,1785230646265,LeaderAccept
1785230646215,false,1785230646291,LeaderAccept
1785230646239,true,1785230646314,LeaderAccept
1785230646263,true,1785230646339,LeaderAccept
1785230646288,false,1785230646364,LeaderAccept
1785230646313,true,1785230646389,LeaderAccept
1785230646338,false,1785230646412,LeaderAccept
1785230646363,true,1785230646438,LeaderAccept
1785230646389,true,1785230646465,LeaderAccept
1785230646415,false,1785230646491,LeaderAccept
1785230646441,true,1785230646517,LeaderAccept
1785230646468,false,1785230646543,LeaderAccept
1785230646495,true,1785230646572,LeaderAccept
1785230646524,false,1785230646599,LeaderAccept
1785230646551,false,1785230646626,LeaderAccept
1785230646579,false,1785230646655,LeaderAccept
1785230646607,false,1785230646682,LeaderAccept
1785230646636,true,1785230646712,LeaderAccept
1785230646665,false,1785230646741,LeaderAccept
1785230646696,false,1785230646771,LeaderAccept
1785230646726,true,1785230646800,LeaderAccept
1785230646756,false,1785230646830,LeaderAccept
1785230646787,true,1785230646863,LeaderAccept
1785230646819,false,1785230646894,LeaderAccept
1785230646852,true,1785230646927,LeaderAccept
1785230646884,false,1785230646958,LeaderAccept
1785230646917,true,1785230646991,LeaderAccept
1785230646950,true,1785230647026,LeaderAccept
1785230646985,true,1785230647059,LeaderAccept
1785230647019,true,1785230647094,LeaderAccept
1785230647054,false,1785230647129,LeaderAccept
1785230647090,true,1785230647166,LeaderAccept
1785230647126,false,1785230647200,LeaderAccept
1785230647163,false,1785230647239,LeaderAccept
1785230647200,true,1785230647276,LeaderAccept
1785230647238,false,1785230647314,LeaderAccept
1785230647278,false,1785230647351,LeaderAccept
1785230647317,false,1785230647392,LeaderAccept
1785230647357,true,1785230647433,LeaderAccept
1785230647399,true,1785230647475,LeaderAccept
1785230647441,false,1785230647517,LeaderAccept
1785230647484,false,1785230647559,LeaderAccept
1785230647528,true,1785230647604,LeaderAccept
1785230647573,false,1785230647649,LeaderAccept
1785230647619,true,1785230647694,LeaderAccept
1785230647667,true,1785230647742,LeaderAccept
1785230647715,true,1785230647790,LeaderAccept
1785230647764,true,1785230647840,LeaderAccept
1785230647815,false,1785230647890,LeaderAccept
1785230647867,true,1785230647942,LeaderAccept
1785230647920,false,1785230647997,LeaderAccept
1785230647976,true,1785230648050,LeaderAccept
1785230648032,false,1785230648107,LeaderAccept
1785230648091,false,1785230648166,LeaderAccept
1785230648150,false,1785230648225,LeaderAccept
1785230648211,true,1785230648285,LeaderAccept
1785230648274,true,1785230648348,LeaderAccept
1785230648339,true,1785230648416,LeaderAccept
1785230648406,false,1785230648483,LeaderAccept
1785230648477,false,1785230648550,LeaderAccept
1785230648548,true,1785230648623,LeaderAccept
1785230648622,false,1785230648696,LeaderAccept
1785230648699,false,1785230648773,LeaderAccept
1785230648779,true,1785230648854,LeaderAccept
1785230648863,false,1785230648939,LeaderAccept
1785230648949,true,1785230649022,LeaderAccept
1785230649039,false,1785230649116,LeaderAccept
1785230649134,false,1785230649209,LeaderAccept
1785230649234,false,1785230649310,LeaderAccept
1785230649338,false,1785230649413,LeaderAccept
1785230649448,false,1785230649523,LeaderAccept
1785230649564,true,1785230649622,FastAccept
1785230649687,true,1785230649746,FastAccept
1785230649817,false,1785230649875,FastAccept
1785230649956,true,1785230650015,FastAccept
1785230650105,false,1785230650162,FastAccept
1785230650265,false,1785230650324,FastAccept
1785230650438,false,1785230650498,FastAccept
1785230650627,false,1785230650725,LeaderAccept
1785230650835,false,1785230650895,FastAccept
1785230651066,false,1785230651125,FastAccept
1785230651325,false,1785230651384,FastAccept
1785230651619,false,1785230651678,FastAccept
1785230651960,false,1785230652057,LeaderAccept
1785230652364,true,1785230652460,LeaderAccept
1785230652857,false,1785230652932,LeaderAccept
1785230653489,false,1785230653565,LeaderAccept
1785230654356,false,1785230654431,LeaderAccept
1785230655692,true,1785230655751,FastAccept
1785230658295,false,1785230658354,FastAccept
1785230667855,false,1785230667914,FastAccept
1785230679414,false,1785230679474,FastAccept
1785230679438,true,1785230679497,FastAccept
1785230679461,false,1785230679579,LeaderAccept
1785230679485,true,1785230679579,SlowAccept
1785230679509,true,1785230679606,LeaderAccept
1785230679533,true,1785230679630,LeaderAccept
1785230679558,false,1785230679653,LeaderAccept
1785230679583,false,1785230679657,LeaderAccept
1785230679607,false,1785230679681,LeaderAccept
1785230679632,false,1785230679706,LeaderAccept
1785230679657,false,1785230679733,LeaderAccept
1785230679683,true,1785230679758,LeaderAccept
1785230679709,true,1785230679787,LeaderAccept
1785230679736,false,1785230679810,LeaderAccept
1785230679763,true,1785230679839,LeaderAccept
1785230679790,false,1785230679866,LeaderAccept
1785230679818,false,1785230679893,LeaderAccept
1785230679846,false,1785230679920,LeaderAccept
1785230679874,true,1785230679948,LeaderAccept
1785230679902,true,1785230679977,LeaderAccept
1785230679932,false,1785230680007,LeaderAccept
1785230679962,true,1785230680037,LeaderAccept
1785230679992,false,1785230680067,LeaderAccept
1785230680022,false,1785230680097,LeaderAccept
1785230680052,false,1785230680126,LeaderAccept
1785230680083,false,1785230680158,LeaderAccept
1785230680116,false,1785230680191,LeaderAccept
1785230680148,true,1785230680222,LeaderAccept
1785230680180,false,1785230680256,LeaderAccept
1785230680213,true,1785230680288,LeaderAccept
1785230680247,true,1785230680323,LeaderAccept
1785230680281,false,1785230680355,LeaderAccept
1785230680316,true,1785230680391,LeaderAccept
1785230680351,true,1785230680425,LeaderAccept
1785230680387,true,1785230680462,LeaderAccept
1785230680423,false,1785230680498,LeaderAccept
1785230680460,true,1785230680535,LeaderAccept
1785230680498,false,1785230680573,LeaderAccept
1785230680536,false,1785230680611,LeaderAccept
1785230680576,true,1785230680650,LeaderAccept
1785230680616,true,1785230680691,LeaderAccept
1785230680657,true,1785230680733,LeaderAccept
1785230680699,true,1785230680775,LeaderAccept
1785230680742,true,1785230680818,LeaderAccept
1785230680785,false,1785230680861,LeaderAccept
1785230680829,true,1785230680905,LeaderAccept
1785230680875,true,1785230680949,LeaderAccept
1785230680921,true,1785230680995,LeaderAccept
1785230680968,true,1785230681043,LeaderAccept
1785230681016,false,1785230681091,LeaderAccept
1785230681067,false,1785230681142,LeaderAccept
1785230681117,false,1785230681192,LeaderAccept
1785230681169,false,1785230681244,LeaderAccept
1785230681223,true,1785230681298,LeaderAccept
1785230681278,false,1785230681354,LeaderAccept
1785230681334,true,1785230681409,LeaderAccept
1785230681392,true,1785230681467,LeaderAccept
1785230681452,true,1785230681528,LeaderAccept
1785230681514,false,1785230681587,LeaderAccept
1785230681578,false,1785230681653,LeaderAccept
1785230681644,false,1785230681718,LeaderAccept
1785230681711,false,1785230681786,LeaderAccept
1785230681781,false,1785230681856,LeaderAccept
1785230681854,false,1785230681929,LeaderAccept
1785230681929,false,1785230682004,LeaderAccept
1785230682006,false,1785230682082,LeaderAccept
1785230682087,true,1785230682162,LeaderAccept
1785230682171,true,1785230682246,LeaderAccept
1785230682260,true,1785230682335,LeaderAccept
1785230682351,true,1785230682428,LeaderAccept
1785230682447,true,1785230682521,LeaderAccept
1785230682547,false,1785230682622,LeaderAccept
1785230682652,false,1785230682726,LeaderAccept
1785230682763,false,1785230682839,LeaderAccept
1785230682881,true,1785230682954,LeaderAccept
1785230683006,false,1785230683081,LeaderAccept
1785230683138,true,1785230683215,LeaderAccept
1785230683280,false,1785230683355,LeaderAccept
1785230683432,false,1785230683507,LeaderAccept
1785230683596,false,1785230683672,LeaderAccept
1785230683774,true,1785230683851,LeaderAccept
1785230683968,true,1785230684044,LeaderAccept
1785230684182,true,1785230684257,LeaderAccept
1785230684420,true,1785230684495,LeaderAccept
1785230684689,false,1785230684765,LeaderAccept
1785230684995,false,1785230685072,LeaderAccept
1785230685353,false,1785230685412,FastAccept
1785230685780,true,1785230685839,FastAccept
1785230686307,false,1785230686367,FastAccept
1785230686995,true,1785230687054,FastAccept
1785230687962,false,1785230688036,LeaderAccept
1785230689530,false,1785230689605,LeaderAccept
1785230692963,false,1785230693024,FastAccept
1785230698287,true,1785230698345,FastAccept
1785230698310,false,1785230698368,FastAccept
1785230698333,false,1785230698391,FastAccept
1785230698357,true,1785230698415,FastAccept
1785230698381,false,1785230698441,FastAccept
1785230698406,false,1785230698465,FastAccept
1785230698430,true,1785230698490,FastAccept
1785230698455,false,1785230698514,FastAccept
1785230698481,true,1785230698540,FastAccept
1785230698506,true,1785230698566,FastAccept
1785230698532,true,1785230698591,FastAccept
1785230698558,true,1785230698615,FastAccept
1785230698584,true,1785230698643,FastAccept
1785230698611,false,1785230698669,FastAccept
1785230698639,false,1785230698698,FastAccept
1785230698666,false,1785230698724,FastAccept
1785230698693,true,1785230698752,FastAccept
1785230698721,true,1785230698781,FastAccept
1785230698750,true,1785230698818,FastAccept
1785230698779,false,1785230698877,SlowAccept
1785230698808,true,1785230698906,SlowAccept
1785230698838,true,1785230698935,LeaderAccept
1785230698868,false,1785230698963,LeaderAccept
1785230698898,false,1785230698996,LeaderAccept
1785230698929,true,1785230699025,LeaderAccept
1785230698962,false,1785230699036,LeaderAccept
1785230698993,true,1785230699069,LeaderAccept
1785230699026,true,1785230699102,LeaderAccept
1785230699059,false,1785230699134,LeaderAccept
1785230699092,true,1785230699166,LeaderAccept
1785230699126,true,1785230699200,LeaderAccept
1785230699160,true,1785230699234,LeaderAccept
1785230699196,true,1785230699270,LeaderAccept
1785230699232,false,1785230699306,LeaderAccept
1785230699269,true,1785230699343,LeaderAccept
1785230699306,true,1785230699382,LeaderAccept
1785230699343,false,1785230699418,LeaderAccept
1785230699381,false,1785230699456,LeaderAccept
1785230699420,false,1785230699496,LeaderAccept
1785230699460,true,1785230699535,LeaderAccept
1785230699501,true,1785230699577,LeaderAccept
1785230699543,true,1785230699618,LeaderAccept
1785230699585,false,1785230699661,LeaderAccept
1785230699628,false,1785230699703,LeaderAccept
1785230699672,true,1785230699749,LeaderAccept
1785230699717,true,1785230699794,LeaderAccept
1785230699763,false,1785230699838,LeaderAccept
1785230699810,true,1785230699886,LeaderAccept
1785230699858,false,1785230699934,LeaderAccept
1785230699907,false,1785230699980,LeaderAccept
1785230699957,false,1785230700034,LeaderAccept
1785230700010,false,1785230700086,LeaderAccept
1785230700063,true,1785230700139,LeaderAccept
1785230700117,true,1785230700192,LeaderAccept
1785230700173,true,1785230700248,LeaderAccept
1785230700231,false,1785230700307,LeaderAccept
1785230700291,false,1785230700367,LeaderAccept
1785230700351,true,1785230700426,LeaderAccept
1785230700413,false,1785230700489,LeaderAccept
1785230700478,true,1785230700552,LeaderAccept
1785230700544,false,1785230700621,LeaderAccept
1785230700613,true,1785230700689,LeaderAccept
1785230700685,true,1785230700761,LeaderAccept
1785230700759,false,1785230700833,LeaderAccept
1785230700835,true,1785230700910,LeaderAccept
1785230700915,true,1785230700991,LeaderAccept
1785230700998,false,1785230701074,LeaderAccept
1785230701084,true,1785230701159,LeaderAccept
1785230701174,true,1785230701248,LeaderAccept
1785230701268,true,1785230701344,LeaderAccept
1785230701367,true,1785230701442,LeaderAccept
1785230701470,true,1785230701545,LeaderAccept
1785230701579,false,1785230701655,LeaderAccept
1785230701694,false,1785230701769,LeaderAccept
1785230701816,true,1785230701890,LeaderAccept
1785230701945,false,1785230702021,LeaderAccept
1785230702083,false,1785230702158,LeaderAccept
1785230702230,false,1785230702304,LeaderAccept
1785230702389,true,1785230702464,LeaderAccept
1785230702561,false,1785230702636,LeaderAccept
1785230702747,false,1785230702822,LeaderAccept
1785230702952,false,1785230703026,LeaderAccept
1785230703179,true,1785230703253,LeaderAccept
1785230703434,true,1785230703510,LeaderAccept
1785230703722,true,1785230703797,LeaderAccept
1785230704056,true,1785230704132,LeaderAccept
1785230704449,true,1785230704526,LeaderAccept
1785230704928,true,1785230705003,LeaderAccept
1785230705536,true,1785230705594,FastAccept
1785230706359,false,1785230706418,FastAccept
1785230707601,true,1785230707675,LeaderAccept
1785230709911,true,1785230709985,LeaderAccept
1785230717238,false,1785230717312,LeaderAccept
1785230751483,true,1785230751558,LeaderAccept
1785230751516,false,1785230751590,LeaderAccept
1785230751550,true,1785230751626,LeaderAccept
1785230751585,false,1785230751659,LeaderAccept
1785230751620,true,1785230751694,LeaderAccept
1785230751655,true,1785230751731,LeaderAccept
1785230751691,true,1785230751765,LeaderAccept
1785230751728,true,1785230751804,LeaderAccept
1785230751765,false,1785230751839,LeaderAccept
1785230751803,true,1785230751879,LeaderAccept
1785230751842,true,1785230751916,LeaderAccept
1785230751882,true,1785230751956,LeaderAccept
1785230751923,false,1785230751998,LeaderAccept
1785230751964,false,1785230752038,LeaderAccept
1785230752006,false,1785230752083,LeaderAccept
1785230752049,true,1785230752125,LeaderAccept
1785230752093,false,1785230752166,LeaderAccept
1785230752138,false,1785230752215,LeaderAccept
1785230752184,false,1785230752260,LeaderAccept
1785230752231,false,1785230752307,LeaderAccept
1785230752280,true,1785230752353,LeaderAccept
1785230752329,true,1785230752402,LeaderAccept
1785230752379,true,1785230752454,LeaderAccept
1785230752430,false,1785230752504,LeaderAccept
1785230752483,true,1785230752560,LeaderAccept
1785230752538,false,1785230752611,LeaderAccept
1785230752594,false,1785230752667,LeaderAccept
1785230752651,true,1785230752727,LeaderAccept
1785230752711,true,1785230752785,LeaderAccept
1785230752771,false,1785230752846,LeaderAccept
1785230752834,false,1785230752909,LeaderAccept
1785230752898,true,1785230752973,LeaderAccept
1785230752965,false,1785230753040,LeaderAccept
1785230753033,false,1785230753108,LeaderAccept
1785230753104,false,1785230753178,LeaderAccept
1785230753178,true,1785230753254,LeaderAccept
1785230753254,true,1785230753330,LeaderAccept
1785230753334,true,1785230753409,LeaderAccept
1785230753416,false,1785230753491,LeaderAccept
1785230753502,false,1785230753578,LeaderAccept
1785230753592,false,1785230753666,LeaderAccept
1785230753686,true,1785230753759,LeaderAccept
1785230753784,false,1785230753860,LeaderAccept
1785230753887,true,1785230753963,LeaderAccept
1785230753995,false,1785230754069,LeaderAccept
1785230754110,true,1785230754184,LeaderAccept
1785230754230,false,1785230754305,LeaderAccept
1785230754358,false,1785230754434,LeaderAccept
1785230754495,true,1785230754570,LeaderAccept
1785230754642,false,1785230754719,LeaderAccept
1785230754801,true,1785230754878,LeaderAccept
1785230754971,false,1785230755047,LeaderAccept
1785230755157,true,1785230755231,LeaderAccept
1785230755361,true,1785230755435,LeaderAccept
1785230755586,false,1785230755645,FastAccept
1785230755838,true,1785230755898,FastAccept
1785230756123,true,1785230756182,FastAccept
1785230756452,false,1785230756511,FastAccept
1785230756839,true,1785230756897,FastAccept
1785230757309,true,1785230757367,FastAccept
1785230757903,true,1785230757962,FastAccept
1785230758703,false,1785230758763,FastAccept
1785230759894,true,1785230759953,FastAccept
1785230762055,false,1785230762131,LeaderAccept
1785230768417,true,1785230768476,FastAccept
1785230816665,true,1785230816723,FastAccept
1785230816682,true,1785230816741,FastAccept
1785230816700,false,1785230816760,FastAccept
1785230816719,true,1785230816777,FastAccept
1785230816737,true,1785230816796,FastAccept
1785230816755,false,1785230816814,FastAccept
1785230816774,false,1785230816833,FastAccept
1785230816793,true,1785230816852,FastAccept
1785230816812,true,1785230816871,FastAccept
1785230816831,false,1785230816889,FastAccept
1785230816850,false,1785230816908,FastAccept
1785230816870,false,1785230816929,FastAccept
1785230816890,false,1785230816949,FastAccept
1785230816910,false,1785230816970,FastAccept
1785230816930,true,1785230816987,FastAccept
1785230816949,true,1785230817008,FastAccept
1785230816970,true,1785230817028,FastAccept
1785230816990,true,1785230817049,FastAccept
1785230817012,false,1785230817071,FastAccept
1785230817033,true,1785230817092,FastAccept
1785230817054,false,1785230817113,FastAccept
1785230817075,true,1785230817134,FastAccept
1785230817096,false,1785230817156,FastAccept
1785230817118,true,1785230817177,FastAccept
1785230817140,true,1785230817198,FastAccept
1785230817162,false,1785230817222,FastAccept
1785230817185,false,1785230817244,FastAccept
1785230817207,true,1785230817264,FastAccept
1785230817230,false,1785230817290,FastAccept
1785230817253,true,1785230817311,FastAccept
1785230817276,true,1785230817335,FastAccept
1785230817299,true,1785230817357,FastAccept
1785230817323,false,1785230817382,FastAccept
1785230817348,true,1785230817406,FastAccept
1785230817372,true,1785230817432,FastAccept
1785230817397,false,1785230817455,FastAccept
1785230817422,false,1785230817480,FastAccept
1785230817447,false,1785230817504,FastAccept
1785230817474,true,1785230817533,FastAccept
1785230817500,false,1785230817560,FastAccept
1785230817527,true,1785230817586,FastAccept
1785230817554,true,1785230817612,FastAccept
1785230817581,true,1785230817640,FastAccept
1785230817609,true,1785230817667,FastAccept
1785230817637,false,1785230817694,FastAccept
1785230817665,false,1785230817724,FastAccept
1785230817694,false,1785230817752,FastAccept
1785230817723,true,1785230817781,FastAccept
1785230817752,false,1785230817810,FastAccept
1785230817782,false,1785230817841,FastAccept
1785230817813,false,1785230817871,FastAccept
1785230817843,true,1785230817902,FastAccept
1785230817874,true,1785230817932,FastAccept
1785230817905,false,1785230817963,FastAccept
1785230817937,false,1785230817995,FastAccept
1785230817970,true,1785230818029,FastAccept
1785230818003,false,1785230818062,FastAccept
1785230818037,false,1785230818095,FastAccept
1785230818071,true,1785230818130,FastAccept
1785230818106,false,1785230818204,LeaderAccept
1785230818143,false,1785230818238,LeaderAccept
1785230818179,true,1785230818276,LeaderAccept
1785230818215,false,1785230818312,LeaderAccept
1785230818252,false,1785230818350,LeaderAccept
1785230818289,false,1785230818364,LeaderAccept
1785230818328,true,1785230818403,LeaderAccept
1785230818367,true,1785230818443,LeaderAccept
1785230818408,true,1785230818482,LeaderAccept
1785230818449,true,1785230818523,LeaderAccept
1785230818491,false,1785230818565,LeaderAccept
1785230818533,true,1785230818608,LeaderAccept
1785230818576,true,1785230818651,LeaderAccept
1785230818620,true,1785230818695,LeaderAccept
1785230818665,false,1785230818742,LeaderAccept
1785230818712,true,1785230818788,LeaderAccept
1785230818759,true,1785230818834,LeaderAccept
1785230818808,false,1785230818883,LeaderAccept
1785230818857,false,1785230818934,LeaderAccept
1785230818908,true,1785230818985,LeaderAccept
1785230818960,true,1785230819035,LeaderAccept
1785230819014,false,1785230819088,LeaderAccept
1785230819069,true,1785230819144,LeaderAccept
1785230819126,false,1785230819203,LeaderAccept
1785230819184,true,1785230819259,LeaderAccept
1785230819244,true,1785230819319,LeaderAccept
1785230819305,false,1785230819379,LeaderAccept
1785230819368,false,1785230819444,LeaderAccept
1785230819434,true,1785230819508,LeaderAccept
1785230819501,true,1785230819578,LeaderAccept
1785230819571,true,1785230819646,LeaderAccept
1785230819644,false,1785230819718,LeaderAccept
1785230819718,false,1785230819790,LeaderAccept
1785230819797,true,1785230819872,LeaderAccept
1785230819877,false,1785230819953,LeaderAccept
1785230819961,true,1785230820036,LeaderAccept
1785230820050,true,1785230820123,LeaderAccept
1785230820141,true,1785230820214,LeaderAccept
1785230820237,false,1785230820311,LeaderAccept
1785230820337,false,1785230820412,LeaderAccept
1785230820443,true,1785230820517,LeaderAccept
1785230820554,false,1785230820629,LeaderAccept
1785230820671,false,1785230820746,LeaderAccept
1785230820796,false,1785230820871,LeaderAccept
1785230820928,true,1785230821005,LeaderAccept
1785230821070,false,1785230821145,LeaderAccept
1785230821221,true,1785230821295,LeaderAccept
1785230821386,false,1785230821461,LeaderAccept
1785230821563,false,1785230821637,LeaderAccept
1785230821757,false,1785230821830,LeaderAccept
1785230821970,false,1785230822046,LeaderAccept
1785230822207,false,1785230822282,LeaderAccept
1785230822475,true,1785230822550,LeaderAccept
1785230822779,false,1785230822854,LeaderAccept
1785230823135,true,1785230823209,LeaderAccept
1785230823558,true,1785230823634,LeaderAccept
1785230824083,false,1785230824158,LeaderAccept
1785230824762,false,1785230824838,LeaderAccept
1785230825716,true,1785230825775,FastAccept
1785230827252,false,1785230827311,FastAccept
1785230830564,true,1785230830638,LeaderAccept
1785230839791,true,1785230839850,FastAccept
1785230839808,false,1785230839867,FastAccept
1785230839824,true,1785230839882,FastAccept
1785230839841,true,1785230839899,FastAccept
1785230839859,true,1785230839917,FastAccept
1785230839876,false,1785230839934,FastAccept
1785230839894,false,1785230839952,FastAccept
1785230839911,false,1785230839969,FastAccept
1785230839928,false,1785230839986,FastAccept
1785230839945,true,1785230840004,FastAccept
1785230839963,true,1785230840023,FastAccept
1785230839981,true,1785230840039,FastAccept
1785230840000,true,1785230840058,FastAccept
1785230840018,true,1785230840076,FastAccept
1785230840036,true,1785230840095,FastAccept
1785230840055,false,1785230840112,FastAccept
1785230840073,false,1785230840133,FastAccept
1785230840092,true,1785230840152,FastAccept
1785230840111,true,1785230840170,FastAccept
1785230840131,true,1785230840190,FastAccept
1785230840150,false,1785230840208,FastAccept
1785230840169,false,1785230840228,FastAccept
1785230840189,true,1785230840248,FastAccept
1785230840209,true,1785230840267,FastAccept
1785230840229,true,1785230840287,FastAccept
1785230840249,true,1785230840307,FastAccept
1785230840269,false,1785230840327,FastAccept
1785230840289,true,1785230840346,FastAccept
1785230840310,true,1785230840369,FastAccept
1785230840331,false,1785230840389,FastAccept
1785230840354,false,1785230840412,FastAccept
1785230840375,true,1785230840432,FastAccept
1785230840397,false,1785230840454,FastAccept
1785230840418,true,1785230840477,FastAccept
1785230840441,true,1785230840500,FastAccept
1785230840463,true,1785230840521,FastAccept
1785230840485,true,1785230840544,FastAccept
1785230840508,true,1785230840567,FastAccept
1785230840531,true,1785230840591,FastAccept
1785230840555,false,1785230840614,FastAccept
1785230840579,false,1785230840639,FastAccept
1785230840603,false,1785230840662,FastAccept
1785230840627,false,1785230840685,FastAccept
1785230840651,false,1785230840709,FastAccept
1785230840676,false,1785230840734,FastAccept
1785230840701,false,1785230840759,FastAccept
1785230840727,true,1785230840785,FastAccept
1785230840752,false,1785230840811,FastAccept
1785230840778,true,1785230840835,FastAccept
1785230840804,true,1785230840864,FastAccept
1785230840831,false,1785230840891,FastAccept
1785230840859,true,1785230840916,FastAccept
1785230840886,false,1785230840945,FastAccept
1785230840914,true,1785230840973,FastAccept
1785230840942,false,1785230841001,FastAccept
1785230840970,true,1785230841068,SlowAccept
1785230840999,true,1785230841096,SlowAccept
1785230841028,false,1785230841125,LeaderAccept
1785230841058,true,1785230841154,LeaderAccept
1785230841088,true,1785230841184,LeaderAccept
1785230841118,true,1785230841213,LeaderAccept
1785230841148,true,1785230841244,LeaderAccept
1785230841179,false,1785230841275,LeaderAccept
1785230841210,true,1785230841285,LeaderAccept
1785230841242,true,1785230841317,LeaderAccept
1785230841275,true,1785230841349,LeaderAccept
1785230841308,false,1785230841384,LeaderAccept
1785230841342,true,1785230841418,LeaderAccept
1785230841377,true,1785230841452,LeaderAccept
1785230841412,false,1785230841486,LeaderAccept
1785230841447,true,1785230841521,LeaderAccept
1785230841483,true,1785230841557,LeaderAccept
1785230841520,false,1785230841594,LeaderAccept
1785230841557,true,1785230841631,LeaderAccept
1785230841595,false,1785230841671,LeaderAccept
1785230841634,false,1785230841709,LeaderAccept
1785230841674,true,1785230841750,LeaderAccept
1785230841716,true,1785230841791,LeaderAccept
1785230841757,false,1785230841834,LeaderAccept
1785230841799,true,1785230841874,LeaderAccept
1785230841843,false,1785230841917,LeaderAccept
1785230841886,false,1785230841962,LeaderAccept
1785230841931,true,1785230842006,LeaderAccept
1785230841977,false,1785230842052,LeaderAccept
1785230842024,true,1785230842099,LeaderAccept
1785230842071,true,1785230842144,LeaderAccept
1785230842120,false,1785230842197,LeaderAccept
1785230842170,false,1785230842246,LeaderAccept
1785230842222,false,1785230842296,LeaderAccept
1785230842276,false,1785230842351,LeaderAccept
1785230842330,false,1785230842404,LeaderAccept
1785230842385,false,1785230842460,LeaderAccept
1785230842442,false,1785230842516,LeaderAccept
1785230842500,false,1785230842574,LeaderAccept
1785230842560,true,1785230842636,LeaderAccept
1785230842623,true,1785230842699,LeaderAccept
1785230842688,false,1785230842764,LeaderAccept
1785230842754,true,1785230842829,LeaderAccept
1785230842822,true,1785230842895,LeaderAccept
1785230842892,false,1785230842966,LeaderAccept
1785230842965,true,1785230843038,LeaderAccept
1785230843040,false,1785230843115,LeaderAccept
1785230843119,true,1785230843196,LeaderAccept
1785230843201,false,1785230843275,LeaderAccept
1785230843286,false,1785230843360,LeaderAccept
1785230843375,false,1785230843449,LeaderAccept
1785230843468,true,1785230843543,LeaderAccept
1785230843566,true,1785230843640,LeaderAccept
1785230843668,true,1785230843743,LeaderAccept
1785230843777,true,1785230843852,LeaderAccept
1785230843890,true,1785230843966,LeaderAccept
1785230844010,true,1785230844088,LeaderAccept
1785230844137,true,1785230844212,LeaderAccept
1785230844273,false,1785230844349,LeaderAccept
1785230844418,false,1785230844495,LeaderAccept
1785230844574,false,1785230844648,LeaderAccept
1785230844742,false,1785230844816,LeaderAccept
1785230844925,false,1785230844999,LeaderAccept
1785230845125,true,1785230845200,LeaderAccept
1785230845346,true,1785230845420,LeaderAccept
1785230845593,false,1785230845669,LeaderAccept
1785230845872,false,1785230845948,LeaderAccept
1785230846192,true,1785230846269,LeaderAccept
1785230846568,true,1785230846642,LeaderAccept
1785230847022,false,1785230847082,FastAccept
1785230847591,true,1785230847650,FastAccept
1785230848347,false,1785230848405,FastAccept
1785230849449,true,1785230849507,FastAccept
1785230851361,false,1785230851421,FastAccept
1785230856334,false,1785230856408,LeaderAccept
1785230868010,true,1785230868068,FastAccept
1785230868043,false,1785230868101,FastAccept
1785230868077,true,1785230868135,FastAccept
1785230868111,false,1785230868171,FastAccept
1785230868146,true,1785230868204,FastAccept
1785230868181,true,1785230868240,FastAccept
1785230868217,true,1785230868275,FastAccept
1785230868254,true,1785230868313,FastAccept
1785230868292,true,1785230868351,FastAccept
1785230868330,true,1785230868389,FastAccept
1785230868369,true,1785230868426,FastAccept
1785230868408,false,1785230868466,FastAccept
1785230868448,false,1785230868506,FastAccept
1785230868489,false,1785230868549,FastAccept
1785230868531,false,1785230868590,FastAccept
1785230868574,false,1785230868631,FastAccept
1785230868618,true,1785230868676,FastAccept
1785230868663,false,1785230868723,FastAccept
1785230868709,true,1785230868766,FastAccept
1785230868755,true,1785230868813,FastAccept
1785230868802,false,1785230868861,FastAccept
1785230868850,false,1785230868909,FastAccept
1785230868900,true,1785230868960,FastAccept
1785230868952,false,1785230869010,FastAccept
1785230869004,true,1785230869063,FastAccept
1785230869058,false,1785230869116,FastAccept
1785230869113,false,1785230869172,FastAccept
1785230869170,true,1785230869228,FastAccept
1785230869228,false,1785230869286,FastAccept
1785230869288,true,1785230869346,FastAccept
1785230869350,false,1785230869409,FastAccept
1785230869414,true,1785230869474,FastAccept
1785230869481,true,1785230869540,FastAccept
1785230869548,true,1785230869606,FastAccept
1785230869618,false,1785230869677,FastAccept
1785230869691,false,1785230869750,FastAccept
1785230869766,true,1785230869825,FastAccept
1785230869844,false,1785230869904,FastAccept
1785230869926,false,1785230869985,FastAccept
1785230870011,true,1785230870071,FastAccept
1785230870099,false,1785230870158,FastAccept
1785230870191,false,1785230870250,FastAccept
1785230870288,false,1785230870346,FastAccept
1785230870389,true,1785230870447,FastAccept
1785230870495,true,1785230870553,FastAccept
1785230870607,true,1785230870667,FastAccept
1785230870727,true,1785230870823,LeaderAccept
1785230870853,true,1785230870949,LeaderAccept
1785230870986,true,1785230871082,LeaderAccept
1785230871129,false,1785230871205,LeaderAccept
1785230871282,true,1785230871357,LeaderAccept
1785230871448,true,1785230871525,LeaderAccept
1785230871628,false,1785230871704,LeaderAccept
1785230871825,false,1785230871902,LeaderAccept
1785230872042,true,1785230872116,LeaderAccept
1785230872284,false,1785230872360,LeaderAccept
1785230872556,true,1785230872629,LeaderAccept
1785230872868,false,1785230872944,LeaderAccept
1785230873233,true,1785230873307,LeaderAccept
1785230873670,true,1785230873747,LeaderAccept
1785230874214,false,1785230874311,LeaderAccept
1785230874928,true,1785230874986,FastAccept
1785230875946,false,1785230876004,FastAccept
1785230877641,false,1785230877717,LeaderAccept
1785230881595,false,1785230881668,LeaderAccept
1785230896492,true,1785230896566,LeaderAccept
1785230896524,false,1785230896599,LeaderAccept
1785230896556,true,1785230896629,LeaderAccept
1785230896589,false,1785230896663,LeaderAccept
1785230896624,true,1785230896698,LeaderAccept
1785230896659,true,1785230896735,LeaderAccept
1785230896693,false,1785230896765,LeaderAccept
1785230896728,true,1785230896801,LeaderAccept
1785230896764,true,1785230896838,LeaderAccept
1785230896800,true,1785230896874,LeaderAccept
1785230896838,false,1785230896913,LeaderAccept
1785230896875,false,1785230896950,LeaderAccept
1785230896913,true,1785230896987,LeaderAccept
1785230896952,false,1785230897026,LeaderAccept
1785230896992,true,1785230897068,LeaderAccept
1785230897032,false,1785230897108,LeaderAccept
1785230897074,false,1785230897149,LeaderAccept
1785230897117,false,1785230897193,LeaderAccept
1785230897161,true,1785230897238,LeaderAccept
1785230897206,true,1785230897280,LeaderAccept
1785230897251,true,1785230897328,LeaderAccept
1785230897298,true,1785230897374,LeaderAccept
1785230897345,true,1785230897420,LeaderAccept
1785230897393,false,1785230897469,LeaderAccept
1785230897443,true,1785230897519,LeaderAccept
1785230897494,true,1785230897570,LeaderAccept
1785230897546,false,1785230897622,LeaderAccept
1785230897600,false,1785230897676,LeaderAccept
1785230897655,true,1785230897730,LeaderAccept
1785230897712,true,1785230897788,LeaderAccept
1785230897770,true,1785230897845,LeaderAccept
1785230897830,false,1785230897905,LeaderAccept
1785230897892,false,1785230897967,LeaderAccept
1785230897956,false,1785230898032,LeaderAccept
1785230898021,true,1785230898096,LeaderAccept
1785230898089,false,1785230898165,LeaderAccept
1785230898160,false,1785230898235,LeaderAccept
1785230898232,false,1785230898307,LeaderAccept
1785230898307,true,1785230898382,LeaderAccept
1785230898385,false,1785230898459,LeaderAccept
1785230898467,false,1785230898543,LeaderAccept
1785230898551,true,1785230898626,LeaderAccept
1785230898640,false,1785230898716,LeaderAccept
1785230898731,true,1785230898805,LeaderAccept
1785230898827,false,1785230898902,LeaderAccept
1785230898928,false,1785230899004,LeaderAccept
1785230899034,false,1785230899109,LeaderAccept
1785230899145,false,1785230899220,LeaderAccept
1785230899263,true,1785230899338,LeaderAccept
1785230899389,true,1785230899448,FastAccept
1785230899522,false,1785230899619,LeaderAccept
1785230899664,false,1785230899723,FastAccept
1785230899817,true,1785230899875,FastAccept
1785230899981,false,1785230900041,FastAccept
1785230900160,false,1785230900218,FastAccept
1785230900355,true,1785230900414,FastAccept
1785230900570,true,1785230900629,FastAccept
1785230900809,false,1785230900869,FastAccept
1785230901079,true,1785230901139,FastAccept
1785230901389,true,1785230901448,FastAccept
1785230901749,false,1785230901808,FastAccept
1785230902179,true,1785230902237,FastAccept
1785230902713,true,1785230902772,FastAccept
1785230903409,true,1785230903468,FastAccept
1785230904396,true,1785230904493,LeaderAccept
1785230906010,false,1785230906086,LeaderAccept
1785230909629,true,1785230909727,LeaderAccept
1785230931720,false,1785230931796,LeaderAccept
1785230956004,false,1785230956062,FastAccept
1785230956019,true,1785230956077,FastAccept
1785230956035,false,1785230956093,FastAccept
1785230956049,true,1785230956106,FastAccept
1785230956064,true,1785230956161,SlowAccept
1785230956079,true,1785230956161,FastAccept
1785230956094,false,1785230956192,SlowAccept
1785230956111,true,1785230956224,LeaderAccept
1785230956126,false,1785230956224,SlowAccept
1785230956142,true,1785230956237,LeaderAccept
1785230956158,false,1785230956254,LeaderAccept
1785230956174,true,1785230956248,LeaderAccept
1785230956190,false,1785230956265,LeaderAccept
1785230956207,true,1785230956282,LeaderAccept
1785230956223,true,1785230956297,LeaderAccept
1785230956239,false,1785230956312,LeaderAccept
1785230956256,true,1785230956330,LeaderAccept
1785230956273,true,1785230956347,LeaderAccept
1785230956290,false,1785230956364,LeaderAccept
1785230956307,false,1785230956382,LeaderAccept
1785230956325,true,1785230956400,LeaderAccept
1785230956342,true,1785230956419,LeaderAccept
1785230956359,true,1785230956434,LeaderAccept
1785230956377,true,1785230956453,LeaderAccept
1785230956395,true,1785230956470,LeaderAccept
1785230956413,false,1785230956488,LeaderAccept
1785230956431,true,1785230956506,LeaderAccept
1785230956449,false,1785230956524,LeaderAccept
1785230956467,false,1785230956543,LeaderAccept
1785230956485,false,1785230956561,LeaderAccept
1785230956504,false,1785230956581,LeaderAccept
1785230956524,false,1785230956599,LeaderAccept
1785230956542,true,1785230956617,LeaderAccept
1785230956561,false,1785230956635,LeaderAccept
1785230956580,false,1785230956657,LeaderAccept
1785230956599,false,1785230956674,LeaderAccept
1785230956619,false,1785230956694,LeaderAccept
1785230956638,false,1785230956714,LeaderAccept
1785230956658,false,1785230956732,LeaderAccept
1785230956678,false,1785230956752,LeaderAccept
1785230956698,true,1785230956774,LeaderAccept
1785230956719,false,1785230956793,LeaderAccept
1785230956740,true,1785230956816,LeaderAccept
1785230956761,true,1785230956835,LeaderAccept
1785230956782,false,1785230956855,LeaderAccept
1785230956803,false,1785230956877,LeaderAccept
1785230956825,true,1785230956899,LeaderAccept
1785230956846,false,1785230956923,LeaderAccept
1785230956868,false,1785230956944,LeaderAccept
1785230956891,false,1785230956968,LeaderAccept
1785230956914,true,1785230956988,LeaderAccept
1785230956937,true,1785230957012,LeaderAccept
1785230956960,true,1785230957035,LeaderAccept
1785230956983,false,1785230957058,LeaderAccept
1785230957006,true,1785230957082,LeaderAccept
1785230957030,true,1785230957106,LeaderAccept
1785230957054,true,1785230957126,LeaderAccept
1785230957079,false,1785230957155,LeaderAccept
1785230957103,true,1785230957178,LeaderAccept
1785230957128,false,1785230957202,LeaderAccept
1785230957153,true,1785230957229,LeaderAccept
1785230957178,false,1785230957253,LeaderAccept
1785230957203,false,1785230957279,LeaderAccept
1785230957229,false,1785230957304,LeaderAccept
1785230957255,false,1785230957332,LeaderAccept
1785230957282,true,1785230957359,LeaderAccept
1785230957309,false,1785230957387,LeaderAccept
1785230957337,true,1785230957412,LeaderAccept
1785230957364,true,1785230957438,LeaderAccept
1785230957392,false,1785230957467,LeaderAccept
1785230957420,true,1785230957496,LeaderAccept
1785230957450,false,1785230957526,LeaderAccept
1785230957479,true,1785230957554,LeaderAccept
1785230957508,true,1785230957582,LeaderAccept
1785230957538,false,1785230957614,LeaderAccept
1785230957569,true,1785230957644,LeaderAccept
1785230957600,true,1785230957676,LeaderAccept
1785230957632,false,1785230957709,LeaderAccept
1785230957664,false,1785230957739,LeaderAccept
1785230957696,true,1785230957771,LeaderAccept
1785230957729,true,1785230957804,LeaderAccept
1785230957763,true,1785230957837,LeaderAccept
1785230957797,true,1785230957870,LeaderAccept
1785230957832,false,1785230957906,LeaderAccept
1785230957868,false,1785230957943,LeaderAccept
1785230957903,true,1785230957978,LeaderAccept
1785230957939,true,1785230958012,LeaderAccept
1785230957977,true,1785230958052,LeaderAccept
1785230958014,false,1785230958089,LeaderAccept
1785230958052,true,1785230958126,LeaderAccept
1785230958091,true,1785230958167,LeaderAccept
1785230958132,true,1785230958207,LeaderAccept
1785230958172,false,1785230958247,LeaderAccept
1785230958215,true,1785230958291,LeaderAccept
1785230958257,false,1785230958333,LeaderAccept
1785230958300,false,1785230958376,LeaderAccept
1785230958344,true,1785230958418,LeaderAccept
1785230958389,false,1785230958466,LeaderAccept
1785230958435,true,1785230958509,LeaderAccept
1785230958482,true,1785230958557,LeaderAccept
1785230958530,true,1785230958606,LeaderAccept
1785230958581,false,1785230958655,LeaderAccept
1785230958631,true,1785230958706,LeaderAccept
1785230958683,false,1785230958758,LeaderAccept
1785230958736,false,1785230958811,LeaderAccept
1785230958791,false,1785230958866,LeaderAccept
1785230958847,false,1785230958922,LeaderAccept
1785230958905,true,1785230958980,LeaderAccept
1785230958964,true,1785230959037,LeaderAccept
1785230959025,false,1785230959100,LeaderAccept
1785230959089,false,1785230959162,LeaderAccept
1785230959153,true,1785230959229,LeaderAccept
1785230959220,false,1785230959295,LeaderAccept
1785230959290,true,1785230959365,LeaderAccept
1785230959361,true,1785230959436,LeaderAccept
1785230959436,true,1785230959510,LeaderAccept
1785230959513,false,1785230959587,LeaderAccept
1785230959593,true,1785230959668,LeaderAccept
1785230959677,false,1785230959752,LeaderAccept
1785230959764,false,1785230959837,LeaderAccept
1785230959855,false,1785230959929,LeaderAccept
1785230959949,false,1785230960024,LeaderAccept
1785230960048,true,1785230960124,LeaderAccept
1785230960153,true,1785230960227,LeaderAccept
1785230960262,false,1785230960337,LeaderAccept
1785230960378,false,1785230960454,LeaderAccept
1785230960501,false,1785230960575,LeaderAccept
1785230960631,false,1785230960706,LeaderAccept
1785230960770,true,1785230960847,LeaderAccept
1785230960919,false,1785230960993,LeaderAccept
1785230961080,false,1785230961155,LeaderAccept
1785230961253,false,1785230961328,LeaderAccept
1785230961442,true,1785230961515,LeaderAccept
1785230961650,false,1785230961725,LeaderAccept
1785230961880,true,1785230961954,LeaderAccept
1785230962139,false,1785230962213,LeaderAccept
1785230962433,false,1785230962507,LeaderAccept
1785230962773,false,1785230962849,LeaderAccept
1785230963177,false,1785230963251,LeaderAccept
1785230963671,true,1785230963729,FastAccept
1785230964303,false,1785230964361,FastAccept
1785230965168,true,1785230965226,FastAccept
1785230966501,true,1785230966560,FastAccept
1785230969097,true,1785230969156,FastAccept
1785230976391,false,1785230976467,LeaderAccept
1785230976406,false,1785230976481,LeaderAccept
1785230976422,false,1785230976496,LeaderAccept
1785230976437,false,1785230976510,LeaderAccept
1785230976453,true,1785230976528,LeaderAccept
1785230976469,false,1785230976542,LeaderAccept
1785230976485,false,1785230976559,LeaderAccept
1785230976501,false,1785230976576,LeaderAccept
1785230976518,false,1785230976591,LeaderAccept
1785230976534,false,1785230976607,LeaderAccept
1785230976550,true,1785230976625,LeaderAccept
1785230976566,true,1785230976640,LeaderAccept
1785230976583,true,1785230976658,LeaderAccept
1785230976599,true,1785230976675,LeaderAccept
1785230976616,true,1785230976692,LeaderAccept
1785230976633,false,1785230976707,LeaderAccept
1785230976650,true,1785230976726,LeaderAccept
1785230976668,true,1785230976744,LeaderAccept
1785230976686,true,1785230976762,LeaderAccept
1785230976704,false,1785230976777,LeaderAccept
1785230976722,true,1785230976797,LeaderAccept
1785230976740,true,1785230976816,LeaderAccept
1785230976758,true,1785230976832,LeaderAccept
1785230976776,true,1785230976852,LeaderAccept
1785230976796,true,1785230976871,LeaderAccept
1785230976814,false,1785230976890,LeaderAccept
1785230976833,true,1785230976907,LeaderAccept
1785230976851,false,1785230976925,LeaderAccept
1785230976870,false,1785230976944,LeaderAccept
1785230976889,true,1785230976965,LeaderAccept
1785230976908,true,1785230976982,LeaderAccept
1785230976928,false,1785230977002,LeaderAccept
1785230976947,false,1785230977022,LeaderAccept
1785230976967,true,1785230977041,LeaderAccept
1785230976987,false,1785230977061,LeaderAccept
1785230977007,false,1785230977084,LeaderAccept
1785230977028,true,1785230977104,LeaderAccept
1785230977049,false,1785230977124,LeaderAccept
1785230977070,false,1785230977145,LeaderAccept
1785230977091,false,1785230977164,LeaderAccept
1785230977112,false,1785230977188,LeaderAccept
1785230977134,true,1785230977210,LeaderAccept
1785230977156,true,1785230977230,LeaderAccept
1785230977178,false,1785230977253,LeaderAccept
1785230977200,false,1785230977274,LeaderAccept
1785230977222,false,1785230977297,LeaderAccept
1785230977245,true,1785230977320,LeaderAccept
1785230977268,false,1785230977344,LeaderAccept
1785230977292,true,1785230977365,LeaderAccept
1785230977315,false,1785230977389,LeaderAccept
1785230977338,false,1785230977412,LeaderAccept
1785230977362,false,1785230977438,LeaderAccept
1785230977386,false,1785230977460,LeaderAccept
1785230977411,true,1785230977486,LeaderAccept
1785230977435,true,1785230977511,LeaderAccept
1785230977460,true,1785230977535,LeaderAccept
1785230977485,false,1785230977560,LeaderAccept
1785230977511,true,1785230977584,LeaderAccept
1785230977537,false,1785230977612,LeaderAccept
1785230977564,false,1785230977639,LeaderAccept
1785230977590,false,1785230977665,LeaderAccept
1785230977617,false,1785230977692,LeaderAccept
1785230977645,true,1785230977719,LeaderAccept
1785230977672,true,1785230977748,LeaderAccept
1785230977700,true,1785230977775,LeaderAccept
1785230977728,false,1785230977804,LeaderAccept
1785230977757,true,1785230977832,LeaderAccept
1785230977786,true,1785230977861,LeaderAccept
1785230977816,false,1785230977890,LeaderAccept
1785230977846,true,1785230977920,LeaderAccept
1785230977876,false,1785230977951,LeaderAccept
1785230977907,false,1785230977981,LeaderAccept
1785230977939,false,1785230978015,LeaderAccept
1785230977971,true,1785230978046,LeaderAccept
1785230978003,true,1785230978077,LeaderAccept
1785230978036,false,1785230978110,LeaderAccept
1785230978069,false,1785230978144,LeaderAccept
1785230978103,true,1785230978179,LeaderAccept
1785230978138,true,1785230978212,LeaderAccept
1785230978173,false,1785230978246,LeaderAccept
1785230978210,false,1785230978283,LeaderAccept
1785230978246,false,1785230978321,LeaderAccept
1785230978283,true,1785230978358,LeaderAccept
1785230978320,true,1785230978394,LeaderAccept
1785230978358,false,1785230978432,LeaderAccept
1785230978397,true,1785230978471,LeaderAccept
1785230978437,false,1785230978512,LeaderAccept
1785230978478,false,1785230978553,LeaderAccept
1785230978520,false,1785230978594,LeaderAccept
1785230978562,true,1785230978639,LeaderAccept
1785230978606,true,1785230978679,LeaderAccept
1785230978650,false,1785230978725,LeaderAccept
1785230978695,false,1785230978769,LeaderAccept
1785230978741,true,1785230978815,LeaderAccept
1785230978788,true,1785230978863,LeaderAccept
1785230978836,true,1785230978911,LeaderAccept
1785230978885,false,1785230978959,LeaderAccept
1785230978935,false,1785230979012,LeaderAccept
1785230978987,false,1785230979062,LeaderAccept
1785230979040,true,1785230979113,LeaderAccept
1785230979094,false,1785230979168,LeaderAccept
1785230979150,true,1785230979224,LeaderAccept
1785230979208,false,1785230979281,LeaderAccept
1785230979267,true,1785230979343,LeaderAccept
1785230979328,true,1785230979402,LeaderAccept
1785230979390,true,1785230979466,LeaderAccept
1785230979454,true,1785230979528,LeaderAccept
1785230979521,false,1785230979597,LeaderAccept
1785230979590,false,1785230979664,LeaderAccept
1785230979661,true,1785230979737,LeaderAccept
1785230979736,true,1785230979811,LeaderAccept
1785230979812,true,1785230979888,LeaderAccept
1785230979893,false,1785230979968,LeaderAccept
1785230979975,false,1785230980050,LeaderAccept
1785230980062,true,1785230980137,LeaderAccept
1785230980151,false,1785230980227,LeaderAccept
1785230980245,false,1785230980321,LeaderAccept
1785230980343,true,1785230980418,LeaderAccept
1785230980446,true,1785230980520,LeaderAccept
1785230980555,false,1785230980630,LeaderAccept
1785230980670,true,1785230980746,LeaderAccept
1785230980792,false,1785230980868,LeaderAccept
1785230980921,false,1785230980997,LeaderAccept
1785230981060,true,1785230981136,LeaderAccept
1785230981207,false,1785230981283,LeaderAccept
1785230981366,false,1785230981441,LeaderAccept
1785230981537,false,1785230981612,LeaderAccept
1785230981724,false,1785230981798,LeaderAccept
1785230981929,true,1785230982005,LeaderAccept
1785230982156,true,1785230982232,LeaderAccept
1785230982410,true,1785230982470,FastAccept
1785230982699,false,1785230982757,FastAccept
1785230983032,true,1785230983090,FastAccept
1785230983425,true,1785230983500,LeaderAccept
1785230983903,true,1785230983960,FastAccept
1785230984510,false,1785230984606,SlowAccept
1785230985331,true,1785230985391,FastAccept
1785230986570,true,1785230986628,FastAccept
1785230988871,false,1785230988946,LeaderAccept
1785230993565,false,1785230993638,LeaderAccept
1785230993585,true,1785230993659,LeaderAccept
1785230993606,true,1785230993683,LeaderAccept
1785230993628,true,1785230993702,LeaderAccept
1785230993649,false,1785230993724,LeaderAccept
1785230993670,true,1785230993744,LeaderAccept
1785230993692,true,1785230993766,LeaderAccept
1785230993714,false,1785230993788,LeaderAccept
1785230993736,true,1785230993810,LeaderAccept
1785230993758,true,1785230993831,LeaderAccept
1785230993780,false,1785230993855,LeaderAccept
1785230993803,true,1785230993880,LeaderAccept
1785230993826,true,1785230993900,LeaderAccept
1785230993849,true,1785230993923,LeaderAccept
1785230993872,false,1785230993945,LeaderAccept
1785230993895,false,1785230993970,LeaderAccept
1785230993919,false,1785230993992,LeaderAccept
1785230993943,false,1785230994020,LeaderAccept
1785230993968,false,1785230994042,LeaderAccept
1785230993992,true,1785230994067,LeaderAccept
1785230994017,false,1785230994091,LeaderAccept
1785230994042,true,1785230994117,LeaderAccept
1785230994068,true,1785230994142,LeaderAccept
1785230994094,true,1785230994169,LeaderAccept
1785230994121,false,1785230994196,LeaderAccept
1785230994147,false,1785230994222,LeaderAccept
1785230994174,true,1785230994250,LeaderAccept
1785230994201,false,1785230994276,LeaderAccept
1785230994228,true,1785230994301,LeaderAccept
1785230994256,true,1785230994332,LeaderAccept
1785230994284,true,1785230994357,LeaderAccept
1785230994313,false,1785230994388,LeaderAccept
1785230994342,false,1785230994416,LeaderAccept
1785230994372,false,1785230994448,LeaderAccept
1785230994402,false,1785230994477,LeaderAccept
1785230994432,true,1785230994506,LeaderAccept
1785230994463,true,1785230994538,LeaderAccept
1785230994495,false,1785230994570,LeaderAccept
1785230994527,true,1785230994602,LeaderAccept
1785230994559,true,1785230994634,LeaderAccept
1785230994593,true,1785230994667,LeaderAccept
1785230994626,true,1785230994701,LeaderAccept
1785230994660,false,1785230994734,LeaderAccept
1785230994694,true,1785230994769,LeaderAccept
1785230994730,true,1785230994805,LeaderAccept
1785230994766,false,1785230994842,LeaderAccept
1785230994802,false,1785230994877,LeaderAccept
1785230994839,true,1785230994915,LeaderAccept
1785230994877,false,1785230994952,LeaderAccept
1785230994915,false,1785230994989,LeaderAccept
1785230994954,true,1785230995029,LeaderAccept
1785230994994,true,1785230995068,LeaderAccept
1785230995035,true,1785230995111,LeaderAccept
1785230995078,true,1785230995152,LeaderAccept
1785230995120,false,1785230995194,LeaderAccept
1785230995163,false,1785230995239,LeaderAccept
1785230995207,false,1785230995281,LeaderAccept
1785230995252,false,1785230995327,LeaderAccept
1785230995299,false,1785230995373,LeaderAccept
1785230995345,false,1785230995419,LeaderAccept
1785230995393,true,1785230995468,LeaderAccept
1785230995442,true,1785230995518,LeaderAccept
1785230995493,true,1785230995567,LeaderAccept
1785230995544,true,1785230995619,LeaderAccept
1785230995597,false,1785230995671,LeaderAccept
1785230995651,false,1785230995728,LeaderAccept
1785230995708,true,1785230995783,LeaderAccept
1785230995765,true,1785230995840,LeaderAccept
1785230995825,true,1785230995901,LeaderAccept
1785230995885,false,1785230995959,LeaderAccept
1785230995947,true,1785230996022,LeaderAccept
1785230996012,false,1785230996089,LeaderAccept
1785230996079,false,1785230996155,LeaderAccept
1785230996148,true,1785230996223,LeaderAccept
1785230996219,false,1785230996296,LeaderAccept
1785230996293,false,1785230996367,LeaderAccept
1785230996370,false,1785230996444,LeaderAccept
1785230996449,true,1785230996525,LeaderAccept
1785230996532,false,1785230996606,LeaderAccept
1785230996618,false,1785230996693,LeaderAccept
1785230996708,true,1785230996782,LeaderAccept
1785230996802,true,1785230996877,LeaderAccept
1785230996901,false,1785230996975,LeaderAccept
1785230997004,true,1785230997080,LeaderAccept
1785230997113,true,1785230997188,LeaderAccept
1785230997229,true,1785230997304,LeaderAccept
1785230997350,true,1785230997425,LeaderAccept
1785230997479,false,1785230997553,LeaderAccept
1785230997616,false,1785230997691,LeaderAccept
1785230997764,true,1785230997839,LeaderAccept
1785230997922,true,1785230997998,LeaderAccept
1785230998093,true,1785230998150,FastAccept
1785230998280,true,1785230998339,FastAccept
1785230998484,true,1785230998542,FastAccept
1785230998711,false,1785230998809,LeaderAccept
1785230998966,true,1785230999025,FastAccept
1785230999253,true,1785230999313,FastAccept
1785230999586,false,1785230999646,FastAccept
1785230999978,false,1785231000038,FastAccept
1785231000455,false,1785231000515,FastAccept
1785231001060,true,1785231001119,FastAccept
1785231001879,true,1785231001954,LeaderAccept
1785231003111,false,1785231003186,LeaderAccept
1785231005391,false,1785231005448,FastAccept
1785231012516,false,1785231012613,SlowAccept
1785231033844,false,1785231033920,LeaderAccept
1785231033861,false,1785231033934,LeaderAccept
1785231033878,false,1785231033953,LeaderAccept
1785231033896,false,1785231033970,LeaderAccept
1785231033913,false,1785231033990,LeaderAccept
1785231033931,false,1785231034005,LeaderAccept
1785231033949,false,1785231034022,LeaderAccept
1785231033967,true,1785231034041,LeaderAccept
1785231033985,true,1785231034060,LeaderAccept
1785231034003,false,1785231034079,LeaderAccept
1785231034021,false,1785231034098,LeaderAccept
1785231034041,true,1785231034115,LeaderAccept
1785231034060,true,1785231034134,LeaderAccept
1785231034079,false,1785231034153,LeaderAccept
1785231034098,false,1785231034173,LeaderAccept
1785231034117,false,1785231034193,LeaderAccept
1785231034137,false,1785231034211,LeaderAccept
1785231034157,true,1785231034232,LeaderAccept
1785231034177,true,1785231034251,LeaderAccept
1785231034197,true,1785231034271,LeaderAccept
1785231034217,true,1785231034290,LeaderAccept
1785231034237,false,1785231034311,LeaderAccept
1785231034257,true,1785231034331,LeaderAccept
1785231034277,false,1785231034351,LeaderAccept
1785231034298,false,1785231034371,LeaderAccept
1785231034319,true,1785231034394,LeaderAccept
1785231034340,false,1785231034415,LeaderAccept
1785231034362,false,1785231034437,LeaderAccept
1785231034384,false,1785231034458,LeaderAccept
1785231034406,false,1785231034480,LeaderAccept
1785231034428,true,1785231034503,LeaderAccept
1785231034450,false,1785231034524,LeaderAccept
1785231034472,true,1785231034547,LeaderAccept
1785231034495,false,1785231034568,LeaderAccept
1785231034518,true,1785231034592,LeaderAccept
1785231034541,false,1785231034615,LeaderAccept
1785231034564,true,1785231034638,LeaderAccept
1785231034588,true,1785231034662,LeaderAccept
1785231034612,false,1785231034685,LeaderAccept
1785231034637,false,1785231034713,LeaderAccept
1785231034662,true,1785231034738,LeaderAccept
1785231034688,true,1785231034763,LeaderAccept
1785231034713,false,1785231034786,LeaderAccept
1785231034738,false,1785231034813,LeaderAccept
1785231034764,true,1785231034838,LeaderAccept
1785231034790,true,1785231034865,LeaderAccept
1785231034816,false,1785231034890,LeaderAccept
1785231034843,false,1785231034917,LeaderAccept
1785231034870,false,1785231034945,LeaderAccept
1785231034898,true,1785231034974,LeaderAccept
1785231034927,false,1785231035001,LeaderAccept
1785231034956,true,1785231035030,LeaderAccept
1785231034986,true,1785231035060,LeaderAccept
1785231035015,true,1785231035088,LeaderAccept
1785231035045,true,1785231035121,LeaderAccept
1785231035076,false,1785231035153,LeaderAccept
1785231035108,false,1785231035183,LeaderAccept
1785231035139,false,1785231035215,LeaderAccept
1785231035171,true,1785231035245,LeaderAccept
1785231035203,false,1785231035278,LeaderAccept
1785231035235,false,1785231035309,LeaderAccept
1785231035268,false,1785231035340,LeaderAccept
1785231035302,false,1785231035377,LeaderAccept
1785231035336,false,1785231035411,LeaderAccept
1785231035371,false,1785231035446,LeaderAccept
1785231035406,true,1785231035481,LeaderAccept
1785231035442,false,1785231035516,LeaderAccept
1785231035478,false,1785231035552,LeaderAccept
1785231035515,false,1785231035589,LeaderAccept
1785231035553,false,1785231035628,LeaderAccept
1785231035592,true,1785231035667,LeaderAccept
1785231035631,true,1785231035705,LeaderAccept
1785231035672,true,1785231035746,LeaderAccept
1785231035712,true,1785231035786,LeaderAccept
1785231035754,true,1785231035829,LeaderAccept
1785231035797,false,1785231035872,LeaderAccept
1785231035841,true,1785231035915,LeaderAccept
1785231035885,true,1785231035958,LeaderAccept
1785231035931,true,1785231036006,LeaderAccept
1785231035977,false,1785231036052,LeaderAccept
1785231036024,false,1785231036100,LeaderAccept
1785231036073,true,1785231036149,LeaderAccept
1785231036123,true,1785231036200,LeaderAccept
1785231036174,true,1785231036249,LeaderAccept
1785231036226,true,1785231036299,LeaderAccept
1785231036279,false,1785231036355,LeaderAccept
1785231036334,true,1785231036408,LeaderAccept
1785231036390,false,1785231036466,LeaderAccept
1785231036448,true,1785231036523,LeaderAccept
1785231036508,false,1785231036584,LeaderAccept
1785231036570,true,1785231036644,LeaderAccept
1785231036633,false,1785231036707,LeaderAccept
1785231036698,false,1785231036772,LeaderAccept
1785231036766,false,1785231036841,LeaderAccept
1785231036836,false,1785231036910,LeaderAccept
1785231036908,false,1785231036984,LeaderAccept
1785231036983,false,1785231037058,LeaderAccept
1785231037061,false,1785231037137,LeaderAccept
1785231037142,true,1785231037217,LeaderAccept
1785231037226,false,1785231037303,LeaderAccept
1785231037314,true,1785231037389,LeaderAccept
1785231037405,false,1785231037480,LeaderAccept
1785231037502,false,1785231037576,LeaderAccept
1785231037602,false,1785231037678,LeaderAccept
1785231037708,false,1785231037784,LeaderAccept
1785231037820,false,1785231037896,LeaderAccept
1785231037938,false,1785231038012,LeaderAccept
1785231038063,false,1785231038139,LeaderAccept
1785231038196,false,1785231038270,LeaderAccept
1785231038339,false,1785231038415,LeaderAccept
1785231038491,true,1785231038566,LeaderAccept
1785231038655,true,1785231038730,LeaderAccept
1785231038833,false,1785231038909,LeaderAccept
1785231039028,false,1785231039086,FastAccept
1785231039243,true,1785231039340,LeaderAccept
1785231039481,false,1785231039579,SlowAccept
1785231039750,false,1785231039809,FastAccept
1785231040057,true,1785231040116,FastAccept
1785231040415,false,1785231040473,FastAccept
1785231040842,true,1785231040902,FastAccept
1785231041372,true,1785231041431,FastAccept
1785231042060,true,1785231042118,FastAccept
1785231043031,true,1785231043109,LeaderAccept
1785231044610,false,1785231044687,LeaderAccept
1785231048084,true,1785231048141,FastAccept
1785231059375,true,1785231059433,FastAccept
1785231059402,true,1785231059461,FastAccept
1785231059429,true,1785231059488,FastAccept
1785231059456,true,1785231059513,FastAccept
1785231059483,false,1785231059540,FastAccept
1785231059511,true,1785231059569,FastAccept
1785231059540,true,1785231059599,FastAccept
1785231059569,true,1785231059628,FastAccept
1785231059598,true,1785231059657,FastAccept
1785231059628,false,1785231059687,FastAccept
1785231059658,true,1785231059718,FastAccept
1785231059689,false,1785231059748,FastAccept
1785231059721,false,1785231059779,FastAccept
1785231059753,false,1785231059851,SlowAccept
1785231059785,false,1785231059883,SlowAccept
1785231059818,false,1785231059891,LeaderAccept
1785231059851,false,1785231059926,LeaderAccept
1785231059885,true,1785231059982,LeaderAccept
1785231059919,false,1785231060017,LeaderAccept
1785231059955,false,1785231060051,LeaderAccept
1785231059991,false,1785231060087,LeaderAccept
1785231060027,false,1785231060101,LeaderAccept
1785231060064,false,1785231060139,LeaderAccept
1785231060101,true,1785231060176,LeaderAccept
1785231060139,true,1785231060215,LeaderAccept
1785231060179,false,1785231060253,LeaderAccept
1785231060218,false,1785231060293,LeaderAccept
1785231060259,true,1785231060334,LeaderAccept
1785231060300,false,1785231060375,LeaderAccept
1785231060342,false,1785231060416,LeaderAccept
1785231060385,true,1785231060462,LeaderAccept
1785231060429,true,1785231060504,LeaderAccept
1785231060474,false,1785231060550,LeaderAccept
1785231060520,true,1785231060595,LeaderAccept
1785231060567,true,1785231060642,LeaderAccept
1785231060614,true,1785231060689,LeaderAccept
1785231060663,true,1785231060739,LeaderAccept
1785231060713,true,1785231060789,LeaderAccept
1785231060764,false,1785231060840,LeaderAccept
1785231060816,true,1785231060891,LeaderAccept
1785231060870,true,1785231060946,LeaderAccept
1785231060927,true,1785231061001,LeaderAccept
1785231060983,false,1785231061057,LeaderAccept
1785231061041,false,1785231061118,LeaderAccept
1785231061101,false,1785231061176,LeaderAccept
1785231061164,true,1785231061239,LeaderAccept
1785231061228,false,1785231061304,LeaderAccept
1785231061295,false,1785231061370,LeaderAccept
1785231061363,false,1785231061440,LeaderAccept
1785231061434,true,1785231061510,LeaderAccept
1785231061507,true,1785231061581,LeaderAccept
1785231061582,false,1785231061656,LeaderAccept
1785231061662,false,1785231061738,LeaderAccept
1785231061743,false,1785231061820,LeaderAccept
1785231061828,false,1785231061903,LeaderAccept
1785231061917,false,1785231061992,LeaderAccept
1785231062010,true,1785231062086,LeaderAccept
1785231062107,true,1785231062165,FastAccept
1785231062209,false,1785231062267,FastAccept
1785231062316,false,1785231062375,FastAccept
1785231062429,true,1785231062487,FastAccept
1785231062548,true,1785231062608,FastAccept
1785231062676,true,1785231062735,FastAccept
1785231062811,true,1785231062871,FastAccept
1785231062956,true,1785231063013,FastAccept
1785231063111,true,1785231063169,FastAccept
1785231063278,true,1785231063337,FastAccept
1785231063460,false,1785231063519,FastAccept
1785231063660,false,1785231063718,FastAccept
1785231063880,false,1785231063940,FastAccept
1785231064126,true,1785231064186,FastAccept
1785231064404,false,1785231064464,FastAccept
1785231064724,false,1785231064782,FastAccept
1785231065098,false,1785231065157,FastAccept
1785231065549,false,1785231065608,FastAccept
1785231066114,false,1785231066174,FastAccept
1785231066863,false,1785231066923,FastAccept
1785231067952,false,1785231068010,FastAccept
1785231069827,true,1785231069886,FastAccept
1785231074615,true,1785231074673,FastAccept
1785231103727,true,1785231103786,FastAccept
1785231103742,true,1785231103802,FastAccept
1785231103758,false,1785231103817,FastAccept
1785231103773,true,1785231103831,FastAccept
1785231103789,true,1785231103846,FastAccept
1785231103805,true,1785231103861,FastAccept
1785231103821,false,1785231103878,FastAccept
1785231103837,true,1785231103896,FastAccept
1785231103853,true,1785231103911,FastAccept
1785231103871,false,1785231103930,FastAccept
1785231103887,true,1785231103947,FastAccept
1785231103904,false,1785231103960,FastAccept
1785231103921,true,1785231103980,FastAccept
1785231103937,false,1785231103995,FastAccept
1785231103954,false,1785231104013,FastAccept
1785231103971,true,1785231104029,FastAccept
1785231103988,true,1785231104047,FastAccept
1785231104005,false,1785231104064,FastAccept
1785231104023,true,1785231104082,FastAccept
1785231104041,true,1785231104100,FastAccept
1785231104059,true,1785231104118,FastAccept
1785231104077,false,1785231104136,FastAccept
1785231104095,false,1785231104153,FastAccept
1785231104113,true,1785231104171,FastAccept
1785231104131,false,1785231104190,FastAccept
1785231104150,false,1785231104209,FastAccept
1785231104169,true,1785231104227,FastAccept
1785231104188,false,1785231104247,FastAccept
1785231104207,true,1785231104265,FastAccept
1785231104226,false,1785231104285,FastAccept
1785231104246,false,1785231104305,FastAccept
1785231104266,false,1785231104326,FastAccept
1785231104286,false,1785231104343,FastAccept
1785231104306,true,1785231104362,FastAccept
1785231104326,false,1785231104385,FastAccept
1785231104346,true,1785231104406,FastAccept
1785231104367,false,1785231104427,FastAccept
1785231104388,true,1785231104446,FastAccept
1785231104409,false,1785231104469,FastAccept
1785231104432,true,1785231104490,FastAccept
1785231104453,false,1785231104513,FastAccept
1785231104475,false,1785231104533,FastAccept
1785231104497,false,1785231104555,FastAccept
1785231104519,true,1785231104579,FastAccept
1785231104542,true,1785231104598,FastAccept
1785231104564,true,1785231104621,FastAccept
1785231104587,true,1785231104646,FastAccept
1785231104610,true,1785231104668,FastAccept
1785231104633,true,1785231104692,FastAccept
1785231104657,true,1785231104716,FastAccept
1785231104681,false,1785231104739,FastAccept
1785231104705,true,1785231104764,FastAccept
1785231104730,true,1785231104789,FastAccept
1785231104755,true,1785231104815,FastAccept
1785231104780,true,1785231104839,FastAccept
1785231104805,false,1785231104864,FastAccept
1785231104831,true,1785231104889,FastAccept
1785231104858,true,1785231104917,FastAccept
1785231104884,false,1785231104944,FastAccept
1785231104911,false,1785231104971,FastAccept
1785231104938,true,1785231104996,FastAccept
1785231104966,false,1785231105025,FastAccept
1785231104993,false,1785231105052,FastAccept
1785231105021,false,1785231105081,FastAccept
1785231105050,false,1785231105108,FastAccept
1785231105079,false,1785231105138,FastAccept
1785231105108,true,1785231105166,FastAccept
1785231105137,false,1785231105197,FastAccept
1785231105167,true,1785231105225,FastAccept
1785231105197,true,1785231105256,FastAccept
1785231105227,false,1785231105284,FastAccept
1785231105258,true,1785231105317,FastAccept
1785231105290,false,1785231105350,FastAccept
1785231105323,false,1785231105383,FastAccept
1785231105356,false,1785231105413,FastAccept
1785231105389,false,1785231105447,FastAccept
1785231105422,true,1785231105481,FastAccept
1785231105457,false,1785231105515,FastAccept
1785231105493,true,1785231105551,FastAccept
1785231105528,true,1785231105586,FastAccept
1785231105564,true,1785231105623,FastAccept
1785231105600,true,1785231105660,FastAccept
1785231105638,true,1785231105698,FastAccept
1785231105676,false,1785231105734,FastAccept
1785231105715,true,1785231105774,FastAccept
1785231105755,false,1785231105813,FastAccept
1785231105795,true,1785231105853,FastAccept
1785231105836,true,1785231105896,FastAccept
1785231105878,true,1785231105937,FastAccept
1785231105921,false,1785231105981,FastAccept
1785231105966,false,1785231106024,FastAccept
1785231106010,true,1785231106068,FastAccept
1785231106056,false,1785231106115,FastAccept
1785231106103,false,1785231106163,FastAccept
1785231106151,false,1785231106209,FastAccept
1785231106200,false,1785231106259,FastAccept
1785231106250,true,1785231106309,FastAccept
1785231106301,true,1785231106359,FastAccept
1785231106354,true,1785231106413,FastAccept
1785231106408,true,1785231106466,FastAccept
1785231106463,true,1785231106520,FastAccept
1785231106519,false,1785231106577,FastAccept
1785231106576,false,1785231106635,FastAccept
1785231106637,true,1785231106695,FastAccept
1785231106699,true,1785231106758,FastAccept
1785231106763,false,1785231106821,FastAccept
1785231106829,true,1785231106888,FastAccept
1785231106897,false,1785231106956,FastAccept
1785231106967,true,1785231107027,FastAccept
1785231107041,true,1785231107100,FastAccept
1785231107116,false,1785231107174,FastAccept
1785231107195,true,1785231107254,FastAccept
1785231107276,false,1785231107335,FastAccept
1785231107361,true,1785231107420,FastAccept
1785231107449,false,1785231107509,FastAccept
1785231107543,true,1785231107601,FastAccept
1785231107639,false,1785231107697,FastAccept
1785231107741,true,1785231107799,FastAccept
1785231107848,false,1785231107908,FastAccept
1785231107961,false,1785231108020,FastAccept
1785231108081,true,1785231108139,FastAccept
1785231108207,false,1785231108267,FastAccept
1785231108342,true,1785231108402,FastAccept
1785231108486,false,1785231108546,FastAccept
1785231108641,false,1785231108699,FastAccept
1785231108808,false,1785231108868,FastAccept
1785231108990,true,1785231109050,FastAccept
1785231109189,true,1785231109249,FastAccept
1785231109408,false,1785231109465,FastAccept
1785231109652,false,1785231109711,FastAccept
1785231109928,true,1785231109986,FastAccept
1785231110244,false,1785231110304,FastAccept
1785231110615,false,1785231110674,FastAccept
1785231111060,false,1785231111120,FastAccept
1785231111617,true,1785231111677,FastAccept
1785231112352,false,1785231112410,FastAccept
1785231113413,true,1785231113472,FastAccept
1785231115214,false,1785231115289,LeaderAccept
1785231119650,false,1785231119746,LeaderAccept
1785231130665,true,1785231130724,FastAccept
1785231130685,true,1785231130743,FastAccept
1785231130704,false,1785231130791,SlowAccept
1785231130724,false,1785231130812,LeaderAccept
1785231130743,false,1785231130820,LeaderAccept
1785231130764,true,1785231130838,LeaderAccept
1785231130784,false,1785231130879,LeaderAccept
1785231130805,false,1785231130879,LeaderAccept
1785231130826,true,1785231130903,LeaderAccept
1785231130847,false,1785231130921,LeaderAccept
1785231130870,false,1785231130943,LeaderAccept
1785231130891,true,1785231130965,LeaderAccept
1785231130913,true,1785231130988,LeaderAccept
1785231130935,true,1785231131010,LeaderAccept
1785231130958,true,1785231131032,LeaderAccept
1785231130981,false,1785231131055,LeaderAccept
1785231131003,false,1785231131077,LeaderAccept
1785231131025,true,1785231131101,LeaderAccept
1785231131048,true,1785231131122,LeaderAccept
1785231131071,false,1785231131146,LeaderAccept
1785231131094,true,1785231131169,LeaderAccept
1785231131117,true,1785231131193,LeaderAccept
1785231131142,false,1785231131216,LeaderAccept
1785231131166,false,1785231131239,LeaderAccept
1785231131191,true,1785231131264,LeaderAccept
1785231131216,true,1785231131291,LeaderAccept
1785231131242,true,1785231131316,LeaderAccept
1785231131268,true,1785231131343,LeaderAccept
1785231131293,false,1785231131368,LeaderAccept
1785231131319,true,1785231131395,LeaderAccept
1785231131347,true,1785231131422,LeaderAccept
1785231131373,false,1785231131448,LeaderAccept
1785231131401,false,1785231131474,LeaderAccept
1785231131429,false,1785231131504,LeaderAccept
1785231131457,false,1785231131533,LeaderAccept
1785231131485,false,1785231131562,LeaderAccept
1785231131514,false,1785231131588,LeaderAccept
1785231131543,false,1785231131618,LeaderAccept
1785231131573,false,1785231131647,LeaderAccept
1785231131603,true,1785231131680,LeaderAccept
1785231131635,false,1785231131709,LeaderAccept
1785231131665,false,1785231131738,LeaderAccept
1785231131696,false,1785231131770,LeaderAccept
1785231131728,true,1785231131803,LeaderAccept
1785231131760,false,1785231131835,LeaderAccept
1785231131792,true,1785231131867,LeaderAccept
1785231131826,false,1785231131901,LeaderAccept
1785231131859,false,1785231131933,LeaderAccept
1785231131893,true,1785231131969,LeaderAccept
1785231131928,true,1785231132002,LeaderAccept
1785231131963,false,1785231132038,LeaderAccept
1785231132000,true,1785231132074,LeaderAccept
1785231132037,false,1785231132112,LeaderAccept
1785231132074,true,1785231132149,LeaderAccept
1785231132112,false,1785231132186,LeaderAccept
1785231132151,false,1785231132224,LeaderAccept
1785231132191,false,1785231132265,LeaderAccept
1785231132232,false,1785231132306,LeaderAccept
1785231132273,true,1785231132346,LeaderAccept
1785231132315,false,1785231132389,LeaderAccept
1785231132358,true,1785231132435,LeaderAccept
1785231132402,true,1785231132478,LeaderAccept
1785231132447,true,1785231132521,LeaderAccept
1785231132493,true,1785231132567,LeaderAccept
1785231132540,false,1785231132616,LeaderAccept
1785231132588,true,1785231132664,LeaderAccept
1785231132637,true,1785231132713,LeaderAccept
1785231132687,false,1785231132762,LeaderAccept
1785231132739,true,1785231132813,LeaderAccept
1785231132792,false,1785231132866,LeaderAccept
1785231132846,false,1785231132920,LeaderAccept
1785231132901,true,1785231132976,LeaderAccept
1785231132958,false,1785231133032,LeaderAccept
1785231133017,true,1785231133091,LeaderAccept
1785231133078,true,1785231133154,LeaderAccept
1785231133140,true,1785231133214,LeaderAccept
1785231133204,true,1785231133279,LeaderAccept
1785231133270,false,1785231133345,LeaderAccept
1785231133339,true,1785231133415,LeaderAccept
1785231133410,true,1785231133487,LeaderAccept
1785231133484,true,1785231133560,LeaderAccept
1785231133560,true,1785231133635,LeaderAccept
1785231133639,false,1785231133714,LeaderAccept
1785231133721,true,1785231133795,LeaderAccept
1785231133806,true,1785231133882,LeaderAccept
1785231133895,false,1785231133970,LeaderAccept
1785231133988,false,1785231134064,LeaderAccept
1785231134086,true,1785231134161,LeaderAccept
1785231134188,false,1785231134263,LeaderAccept
1785231134296,false,1785231134373,LeaderAccept
1785231134410,true,1785231134486,LeaderAccept
1785231134530,true,1785231134605,LeaderAccept
1785231134657,true,1785231134732,LeaderAccept
1785231134793,true,1785231134868,LeaderAccept
1785231134938,false,1785231135014,LeaderAccept
1785231135094,true,1785231135170,LeaderAccept
1785231135263,true,1785231135339,LeaderAccept
1785231135447,false,1785231135522,LeaderAccept
1785231135648,false,1785231135722,LeaderAccept
1785231135870,false,1785231135946,LeaderAccept
1785231136119,true,1785231136195,LeaderAccept
1785231136399,true,1785231136496,LeaderAccept
1785231136722,true,1785231136782,FastAccept
1785231137101,true,1785231137160,FastAccept
1785231137559,false,1785231137618,FastAccept
1785231138135,true,1785231138232,LeaderAccept
1785231138902,true,1785231138978,LeaderAccept
1785231140028,true,1785231140104,LeaderAccept
1785231142004,true,1785231142064,FastAccept
1785231147310,false,1785231147369,FastAccept
1785231160600,false,1785231160676,LeaderAccept
1785231160627,false,1785231160701,LeaderAccept
1785231160654,false,1785231160729,LeaderAccept
1785231160682,false,1785231160757,LeaderAccept
1785231160711,true,1785231160786,LeaderAccept
1785231160739,true,1785231160813,LeaderAccept
1785231160768,true,1785231160844,LeaderAccept
1785231160798,false,1785231160872,LeaderAccept
1785231160827,false,1785231160901,LeaderAccept
1785231160857,false,1785231160931,LeaderAccept
1785231160887,true,1785231160963,LeaderAccept
1785231160919,false,1785231160992,LeaderAccept
1785231160950,false,1785231161024,LeaderAccept
1785231160981,false,1785231161054,LeaderAccept
1785231161013,true,1785231161089,LeaderAccept
1785231161047,true,1785231161121,LeaderAccept
1785231161081,true,1785231161155,LeaderAccept
1785231161114,false,1785231161188,LeaderAccept
1785231161148,true,1785231161224,LeaderAccept
1785231161183,true,1785231161258,LeaderAccept
1785231161219,true,1785231161296,LeaderAccept
1785231161256,true,1785231161331,LeaderAccept
1785231161293,true,1785231161369,LeaderAccept
1785231161331,true,1785231161406,LeaderAccept
1785231161369,false,1785231161445,LeaderAccept
1785231161407,true,1785231161481,LeaderAccept
1785231161446,false,1785231161521,LeaderAccept
1785231161486,false,1785231161562,LeaderAccept
1785231161528,false,1785231161603,LeaderAccept
1785231161570,false,1785231161646,LeaderAccept
1785231161613,true,1785231161687,LeaderAccept
1785231161657,false,1785231161731,LeaderAccept
1785231161702,true,1785231161778,LeaderAccept
1785231161749,true,1785231161823,LeaderAccept
1785231161795,false,1785231161870,LeaderAccept
1785231161843,false,1785231161918,LeaderAccept
1785231161892,true,1785231161968,LeaderAccept
1785231161943,true,1785231162018,LeaderAccept
1785231161994,true,1785231162069,LeaderAccept
1785231162047,true,1785231162121,LeaderAccept
1785231162101,false,1785231162176,LeaderAccept
1785231162156,true,1785231162230,LeaderAccept
1785231162214,true,1785231162288,LeaderAccept
1785231162273,false,1785231162351,LeaderAccept
1785231162334,false,1785231162412,LeaderAccept
1785231162397,false,1785231162472,LeaderAccept
1785231162461,false,1785231162535,LeaderAccept
1785231162527,false,1785231162602,LeaderAccept
1785231162596,false,1785231162673,LeaderAccept
1785231162667,false,1785231162742,LeaderAccept
1785231162741,false,1785231162814,LeaderAccept
1785231162817,false,1785231162892,LeaderAccept
1785231162896,false,1785231162971,LeaderAccept
1785231162979,false,1785231163053,LeaderAccept
1785231163065,true,1785231163142,LeaderAccept
1785231163155,true,1785231163230,LeaderAccept
1785231163248,false,1785231163323,LeaderAccept
1785231163346,false,1785231163420,LeaderAccept
1785231163449,true,1785231163525,LeaderAccept
1785231163558,true,1785231163632,LeaderAccept
1785231163672,true,1785231163746,LeaderAccept
1785231163793,false,1785231163868,LeaderAccept
1785231163921,false,1785231163995,LeaderAccept
1785231164057,false,1785231164134,LeaderAccept
1785231164205,false,1785231164280,LeaderAccept
1785231164362,false,1785231164437,LeaderAccept
1785231164532,false,1785231164606,LeaderAccept
1785231164717,false,1785231164792,LeaderAccept
1785231164920,false,1785231164995,LeaderAccept
1785231165145,true,1785231165219,LeaderAccept
1785231165396,false,1785231165471,LeaderAccept
1785231165680,false,1785231165755,LeaderAccept
1785231166008,false,1785231166083,LeaderAccept
1785231166394,true,1785231166471,LeaderAccept
1785231166862,true,1785231166938,LeaderAccept
1785231167454,false,1785231167528,LeaderAccept
1785231168248,false,1785231168324,LeaderAccept
1785231169429,false,1785231169504,LeaderAccept
1785231171560,true,1785231171619,FastAccept
1785231177742,false,1785231177802,FastAccept
