request_time,write,response_time,accept_status
1785418536051,true,1785418536308,FastAccept
1785418536590,true,1785418536874,LeaderAccept
1785418537298,false,1785418537582,LeaderAccept
1785418538304,false,1785418538589,LeaderAccept
1785418539970,true,1785418540227,FastAccept
1785418543796,true,1785418544079,LeaderAccept
1785418544186,true,1785418544470,LeaderAccept
1785418544223,true,1785418544507,LeaderAccept
1785418544261,true,1785418544544,LeaderAccept
1785418544299,false,1785418544583,LeaderAccept
1785418544338,true,1785418544622,LeaderAccept
1785418544376,true,1785418544660,LeaderAccept
1785418544417,true,1785418544702,LeaderAccept
1785418544458,true,1785418544742,LeaderAccept
1785418544500,true,1785418544784,LeaderAccept
1785418544542,true,1785418544826,LeaderAccept
1785418544586,true,1785418544870,LeaderAccept
1785418544630,true,1785418544914,LeaderAccept
1785418544676,true,1785418544960,LeaderAccept
1785418544723,true,1785418545007,LeaderAccept
1785418544771,false,1785418545055,LeaderAccept
1785418544820,false,1785418545104,LeaderAccept
1785418544870,true,1785418545154,LeaderAccept
1785418544921,true,1785418545206,LeaderAccept
1785418544973,true,1785418545258,LeaderAccept
1785418545026,true,1785418545310,LeaderAccept
1785418545081,false,1785418545366,LeaderAccept
1785418545138,false,1785418545421,LeaderAccept
1785418545196,true,1785418545481,LeaderAccept
1785418545256,false,1785418545540,LeaderAccept
1785418545318,true,1785418545602,LeaderAccept
1785418545381,false,1785418545664,LeaderAccept
1785418545447,true,1785418545731,LeaderAccept
1785418545515,false,1785418545799,LeaderAccept
1785418545584,true,1785418545868,LeaderAccept
1785418545656,true,1785418545941,LeaderAccept
1785418545731,true,1785418546014,LeaderAccept
1785418545809,true,1785418546093,LeaderAccept
1785418545890,true,1785418546174,LeaderAccept
1785418545974,true,1785418546259,LeaderAccept
1785418546062,true,1785418546345,LeaderAccept
1785418546154,true,1785418546439,LeaderAccept
1785418546249,true,1785418546533,LeaderAccept
1785418546350,false,1785418546633,LeaderAccept
1785418546455,false,1785418546739,LeaderAccept
1785418546565,false,1785418546850,LeaderAccept
1785418546683,true,1785418546968,LeaderAccept
1785418546807,true,1785418547091,LeaderAccept
1785418546938,false,1785418547364,LeaderAccept
1785418547080,false,1785418547337,FastAccept
1785418547231,true,1785418547516,LeaderAccept
1785418547394,true,1785418547829,LeaderAccept
1785418547572,false,1785418547829,FastAccept
1785418547766,false,1785418548022,FastAccept
1785418547978,false,1785418548235,FastAccept
1785418548215,true,1785418548499,LeaderAccept
1785418548480,true,1785418548737,FastAccept
1785418548784,false,1785418549041,FastAccept
1785418549137,false,1785418549394,FastAccept
1785418549559,true,1785418549816,FastAccept
1785418550079,true,1785418550337,FastAccept
1785418550753,false,1785418551037,LeaderAccept
1785418551698,false,1785418551981,LeaderAccept
1785418553210,false,1785418553493,LeaderAccept
1785418556434,true,1785418556691,FastAccept
1785418572578,false,1785418572862,LeaderAccept
1785418600703,false,1785418600960,FastAccept
1785418600720,false,1785418600977,FastAccept
1785418600738,false,1785418600995,FastAccept
1785418600755,false,1785418601013,FastAccept
1785418600773,false,1785418601149,FastAccept
1785418600790,true,1785418601149,FastAccept
1785418600808,false,1785418601149,FastAccept
1785418600826,true,1785418601149,FastAccept
1785418600845,true,1785418601149,FastAccept
1785418600863,false,1785418601149,FastAccept
1785418600881,false,1785418601149,FastAccept
1785418600900,false,1785418601157,FastAccept
1785418600918,true,1785418601216,FastAccept
1785418600938,false,1785418601216,FastAccept
1785418600956,false,1785418601216,FastAccept
1785418600976,false,1785418601233,FastAccept
1785418600995,true,1785418601251,FastAccept
1785418601015,false,1785418601272,FastAccept
1785418601035,false,1785418601293,FastAccept
1785418601055,false,1785418601312,FastAccept
1785418601075,true,1785418601332,FastAccept
1785418601095,true,1785418601352,FastAccept
1785418601116,false,1785418601404,FastAccept
1785418601136,false,1785418601404,FastAccept
1785418601158,false,1785418601415,FastAccept
1785418601178,true,1785418601436,FastAccept
1785418601200,true,1785418601457,FastAccept
1785418601221,false,1785418601478,FastAccept
1785418601243,false,1785418601501,FastAccept
1785418601266,true,1785418601523,FastAccept
1785418601289,true,1785418601546,FastAccept
1785418601312,false,1785418601569,FastAccept
1785418601334,true,1785418601592,FastAccept
1785418601357,true,1785418601615,FastAccept
1785418601381,false,1785418601638,FastAccept
1785418601405,false,1785418601662,FastAccept
1785418601428,true,1785418601686,FastAccept
1785418601453,true,1785418601710,FastAccept
1785418601477,true,1785418601735,FastAccept
1785418601502,true,1785418601759,FastAccept
1785418601527,true,1785418601785,FastAccept
1785418601553,true,1785418601811,FastAccept
1785418601579,false,1785418601836,FastAccept
1785418601605,false,1785418601862,FastAccept
1785418601631,false,1785418601888,FastAccept
1785418601658,false,1785418601915,FastAccept
1785418601685,false,1785418601942,FastAccept
1785418601712,false,1785418601969,FastAccept
1785418601740,false,1785418601997,FastAccept
1785418601768,false,1785418602025,FastAccept
1785418601796,true,1785418602053,FastAccept
1785418601825,true,1785418602082,FastAccept
1785418601853,false,1785418602110,FastAccept
1785418601883,true,1785418602141,FastAccept
1785418601913,true,1785418602170,FastAccept
1785418601944,true,1785418602201,FastAccept
1785418601975,false,1785418602233,FastAccept
1785418602006,true,1785418602263,FastAccept
1785418602038,false,1785418602296,FastAccept
1785418602071,false,1785418602328,FastAccept
1785418602103,false,1785418602361,FastAccept
1785418602137,true,1785418602394,FastAccept
1785418602170,true,1785418602427,FastAccept
1785418602205,false,1785418602462,FastAccept
1785418602240,true,1785418602497,FastAccept
1785418602275,false,1785418602532,FastAccept
1785418602310,true,1785418602567,FastAccept
1785418602346,false,1785418602603,FastAccept
1785418602384,true,1785418602641,FastAccept
1785418602422,true,1785418602679,FastAccept
1785418602461,false,1785418602718,FastAccept
1785418602500,true,1785418602757,FastAccept
1785418602540,false,1785418602797,FastAccept
1785418602582,false,1785418602839,FastAccept
1785418602624,false,1785418602881,FastAccept
1785418602667,true,1785418602924,FastAccept
1785418602711,false,1785418602968,FastAccept
1785418602755,false,1785418603013,FastAccept
1785418602801,false,1785418603058,FastAccept
1785418602848,true,1785418603105,FastAccept
1785418602896,true,1785418603153,FastAccept
1785418602945,true,1785418603202,FastAccept
1785418602995,false,1785418603252,FastAccept
1785418603046,true,1785418603290,FastAccept
1785418603098,true,1785418603290,FastAccept
1785418603151,true,1785418603290,FastAccept
1785418603207,true,1785418603290,FastAccept
1785418603263,true,1785418603331,FastAccept
1785418603322,true,1785418603377,FastAccept
1785418603382,true,1785418603437,FastAccept
1785418603443,false,1785418603498,FastAccept
1785418603507,false,1785418603595,LeaderAccept
1785418603572,false,1785418603660,LeaderAccept
1785418603639,true,1785418603727,LeaderAccept
1785418603710,true,1785418603798,LeaderAccept
1785418603782,false,1785418603870,LeaderAccept
1785418603857,true,1785418603927,LeaderAccept
1785418603935,true,1785418604005,LeaderAccept
1785418604017,true,1785418604086,LeaderAccept
1785418604101,false,1785418604171,LeaderAccept
1785418604190,true,1785418604260,LeaderAccept
1785418604282,false,1785418604351,LeaderAccept
1785418604378,false,1785418604448,LeaderAccept
1785418604479,true,1785418604549,LeaderAccept
1785418604585,false,1785418604654,LeaderAccept
1785418604696,false,1785418604766,LeaderAccept
1785418604815,false,1785418604884,LeaderAccept
1785418604939,false,1785418605009,LeaderAccept
1785418605072,true,1785418605142,LeaderAccept
1785418605215,true,1785418605284,LeaderAccept
1785418605368,true,1785418605438,LeaderAccept
1785418605533,true,1785418605603,LeaderAccept
1785418605711,true,1785418605782,LeaderAccept
1785418605907,true,1785418605977,LeaderAccept
1785418606122,false,1785418606192,LeaderAccept
1785418606362,true,1785418606450,LeaderAccept
1785418606632,false,1785418606721,LeaderAccept
1785418606940,false,1785418607029,LeaderAccept
1785418607301,true,1785418607390,LeaderAccept
1785418607732,false,1785418607821,LeaderAccept
1785418608265,false,1785418608354,SlowAccept
1785418608962,false,1785418609018,FastAccept
1785418609950,false,1785418610207,FastAccept
1785418611566,false,1785418611823,FastAccept
1785418615189,false,1785418615474,LeaderAccept
1785418621283,false,1785418621567,LeaderAccept
1785418621313,true,1785418621597,LeaderAccept
1785418621345,false,1785418621629,LeaderAccept
1785418621377,true,1785418621660,LeaderAccept
1785418621408,true,1785418621692,LeaderAccept
1785418621440,true,1785418621724,LeaderAccept
1785418621474,false,1785418621758,LeaderAccept
1785418621507,true,1785418621791,LeaderAccept
1785418621542,true,1785418621826,LeaderAccept
1785418621577,true,1785418621861,LeaderAccept
1785418621612,true,1785418621896,LeaderAccept
1785418621649,false,1785418621933,LeaderAccept
1785418621685,false,1785418621969,LeaderAccept
1785418621723,false,1785418622007,LeaderAccept
1785418621761,false,1785418622045,LeaderAccept
1785418621800,true,1785418622084,LeaderAccept
1785418621839,true,1785418622123,LeaderAccept
1785418621880,false,1785418622163,LeaderAccept
1785418621921,true,1785418622205,LeaderAccept
1785418621962,false,1785418622246,LeaderAccept
1785418622005,true,1785418622289,LeaderAccept
1785418622048,false,1785418622332,LeaderAccept
1785418622093,true,1785418622377,LeaderAccept
1785418622138,false,1785418622423,LeaderAccept
1785418622185,true,1785418622469,LeaderAccept
1785418622233,false,1785418622518,LeaderAccept
1785418622282,true,1785418622566,LeaderAccept
1785418622332,false,1785418622616,LeaderAccept
1785418622383,true,1785418622667,LeaderAccept
1785418622435,true,1785418622719,LeaderAccept
1785418622488,true,1785418622772,LeaderAccept
1785418622544,true,1785418622828,LeaderAccept
1785418622601,true,1785418622885,LeaderAccept
1785418622659,false,1785418622944,LeaderAccept
1785418622718,false,1785418623002,LeaderAccept
1785418622780,false,1785418623064,LeaderAccept
1785418622842,false,1785418623126,LeaderAccept
1785418622907,false,1785418623191,LeaderAccept
1785418622974,false,1785418623258,LeaderAccept
1785418623044,false,1785418623328,LeaderAccept
1785418623116,true,1785418623400,LeaderAccept
1785418623191,true,1785418623474,LeaderAccept
1785418623269,false,1785418623553,LeaderAccept
1785418623350,false,1785418623634,LeaderAccept
1785418623433,false,1785418623718,LeaderAccept
1785418623521,false,1785418623805,LeaderAccept
1785418623612,true,1785418623896,LeaderAccept
1785418623703,true,1785418623988,LeaderAccept
1785418623742,true,1785418624026,LeaderAccept
1785418623780,true,1785418624064,LeaderAccept
1785418623821,false,1785418624106,LeaderAccept
1785418623861,false,1785418624145,LeaderAccept
1785418623903,false,1785418624187,LeaderAccept
1785418623945,false,1785418624230,LeaderAccept
1785418623989,false,1785418624273,LeaderAccept
1785418624033,true,1785418624317,LeaderAccept
1785418624078,true,1785418624363,LeaderAccept
1785418624125,true,1785418624409,LeaderAccept
1785418624173,false,1785418624456,LeaderAccept
1785418624220,true,1785418624505,LeaderAccept
1785418624270,true,1785418624554,LeaderAccept
1785418624321,true,1785418624605,LeaderAccept
1785418624373,true,1785418624656,LeaderAccept
1785418624427,true,1785418624711,LeaderAccept
1785418624482,true,1785418624767,LeaderAccept
1785418624538,true,1785418624822,LeaderAccept
1785418624596,true,1785418624880,LeaderAccept
1785418624656,true,1785418624941,LeaderAccept
1785418624717,true,1785418625002,LeaderAccept
1785418624781,false,1785418625065,LeaderAccept
1785418624846,true,1785418625131,LeaderAccept
1785418624913,true,1785418625198,LeaderAccept
1785418624983,false,1785418625268,LeaderAccept
1785418625056,false,1785418625340,LeaderAccept
1785418625131,false,1785418625415,LeaderAccept
1785418625208,false,1785418625492,LeaderAccept
1785418625287,false,1785418625572,LeaderAccept
1785418625370,false,1785418625654,LeaderAccept
1785418625458,false,1785418625742,LeaderAccept
1785418625549,false,1785418625832,LeaderAccept
1785418625644,false,1785418625928,LeaderAccept
1785418625744,true,1785418626243,LeaderAccept
1785418625849,true,1785418626243,LeaderAccept
1785418625958,false,1785418626243,SlowAccept
1785418626075,true,1785418626245,LeaderAccept
1785418626199,true,1785418626286,LeaderAccept
1785418626330,true,1785418626391,FastAccept
1785418626470,true,1785418626532,FastAccept
1785418626619,true,1785418626680,FastAccept
1785418626781,false,1785418626843,FastAccept
1785418626957,false,1785418627019,FastAccept
1785418627148,true,1785418627237,LeaderAccept
1785418627359,false,1785418627421,FastAccept
1785418627592,true,1785418627683,SlowAccept
1785418627855,true,1785418627917,FastAccept
1785418628154,false,1785418628215,FastAccept
1785418628501,true,1785418628562,FastAccept
1785418628914,false,1785418628976,FastAccept
1785418629421,false,1785418629482,FastAccept
1785418630074,false,1785418630169,LeaderAccept
1785418630978,true,1785418631048,LeaderAccept
1785418632048,false,1785418632118,LeaderAccept
1785418632064,false,1785418632133,LeaderAccept
1785418632080,true,1785418632149,LeaderAccept
1785418632096,false,1785418632165,LeaderAccept
1785418632112,false,1785418632181,LeaderAccept
1785418632128,false,1785418632197,LeaderAccept
1785418632144,true,1785418632214,LeaderAccept
1785418632161,false,1785418632230,LeaderAccept
1785418632178,false,1785418632252,LeaderAccept
1785418632195,false,1785418632268,LeaderAccept
1785418632212,false,1785418632286,LeaderAccept
1785418632229,false,1785418632301,LeaderAccept
1785418632245,false,1785418632318,LeaderAccept
1785418632263,true,1785418632336,LeaderAccept
1785418632280,false,1785418632354,LeaderAccept
1785418632298,false,1785418632371,LeaderAccept
1785418632316,true,1785418632389,LeaderAccept
1785418632334,true,1785418632407,LeaderAccept
1785418632351,true,1785418632425,LeaderAccept
1785418632370,false,1785418632443,LeaderAccept
1785418632388,false,1785418632460,LeaderAccept
1785418632405,false,1785418632478,LeaderAccept
1785418632423,true,1785418632497,LeaderAccept
1785418632441,true,1785418632514,LeaderAccept
1785418632460,false,1785418632533,LeaderAccept
1785418632479,true,1785418632552,LeaderAccept
1785418632497,true,1785418632571,LeaderAccept
1785418632516,true,1785418632590,LeaderAccept
1785418632536,false,1785418632609,LeaderAccept
1785418632555,true,1785418632628,LeaderAccept
1785418632575,false,1785418632648,LeaderAccept
1785418632594,false,1785418632668,LeaderAccept
1785418632614,false,1785418632687,LeaderAccept
1785418632635,true,1785418632708,LeaderAccept
1785418632654,false,1785418632728,LeaderAccept
1785418632675,true,1785418632749,LeaderAccept
1785418632697,true,1785418632770,LeaderAccept
1785418632717,false,1785418632791,LeaderAccept
1785418632739,true,1785418632812,LeaderAccept
1785418632761,true,1785418632834,LeaderAccept
1785418632783,false,1785418632856,LeaderAccept
1785418632804,true,1785418632877,LeaderAccept
1785418632827,true,1785418632900,LeaderAccept
1785418632850,true,1785418632923,LeaderAccept
1785418632872,true,1785418632945,LeaderAccept
1785418632896,false,1785418632970,LeaderAccept
1785418632918,false,1785418632991,LeaderAccept
1785418632942,false,1785418633015,LeaderAccept
1785418632966,true,1785418633039,LeaderAccept
1785418632990,true,1785418633063,LeaderAccept
1785418633015,false,1785418633088,LeaderAccept
1785418633038,false,1785418633112,LeaderAccept
1785418633062,true,1785418633136,LeaderAccept
1785418633087,true,1785418633161,LeaderAccept
1785418633113,false,1785418633186,LeaderAccept
1785418633139,false,1785418633212,LeaderAccept
1785418633165,true,1785418633238,LeaderAccept
1785418633192,true,1785418633265,LeaderAccept
1785418633218,true,1785418633291,LeaderAccept
1785418633246,false,1785418633319,LeaderAccept
1785418633274,false,1785418633347,LeaderAccept
1785418633301,true,1785418633375,LeaderAccept
1785418633329,true,1785418633402,LeaderAccept
1785418633358,false,1785418633432,LeaderAccept
1785418633387,false,1785418633460,LeaderAccept
1785418633417,true,1785418633490,LeaderAccept
1785418633447,false,1785418633520,LeaderAccept
1785418633478,false,1785418633551,LeaderAccept
1785418633508,true,1785418633581,LeaderAccept
1785418633540,false,1785418633613,LeaderAccept
1785418633572,false,1785418633646,LeaderAccept
1785418633604,true,1785418633677,LeaderAccept
1785418633636,true,1785418633710,LeaderAccept
1785418633670,true,1785418633743,LeaderAccept
1785418633704,false,1785418633778,LeaderAccept
1785418633738,false,1785418633812,LeaderAccept
1785418633773,false,1785418633846,LeaderAccept
1785418633808,true,1785418633881,LeaderAccept
1785418633844,true,1785418633918,LeaderAccept
1785418633880,false,1785418633954,LeaderAccept
1785418633917,false,1785418633991,LeaderAccept
1785418633955,true,1785418634028,LeaderAccept
1785418633994,false,1785418634067,LeaderAccept
1785418634034,false,1785418634107,LeaderAccept
1785418634074,true,1785418634147,LeaderAccept
1785418634115,false,1785418634188,LeaderAccept
1785418634156,false,1785418634230,LeaderAccept
1785418634198,true,1785418634272,LeaderAccept
1785418634242,false,1785418634316,LeaderAccept
1785418634286,false,1785418634360,LeaderAccept
1785418634332,true,1785418634405,LeaderAccept
1785418634379,false,1785418634454,LeaderAccept
1785418634426,false,1785418634500,LeaderAccept
1785418634475,true,1785418634549,LeaderAccept
1785418634525,true,1785418634599,LeaderAccept
1785418634576,false,1785418634649,LeaderAccept
1785418634628,true,1785418634701,LeaderAccept
1785418634682,true,1785418634755,LeaderAccept
1785418634736,false,1785418634810,LeaderAccept
1785418634793,true,1785418634867,LeaderAccept
1785418634851,true,1785418634924,LeaderAccept
1785418634911,false,1785418634984,LeaderAccept
1785418634972,false,1785418635046,LeaderAccept
1785418635036,true,1785418635110,LeaderAccept
1785418635101,false,1785418635174,LeaderAccept
1785418635169,true,1785418635243,LeaderAccept
1785418635239,true,1785418635312,LeaderAccept
1785418635311,false,1785418635386,LeaderAccept
1785418635386,false,1785418635460,LeaderAccept
1785418635463,false,1785418635537,LeaderAccept
1785418635543,true,1785418635617,LeaderAccept
1785418635627,true,1785418635689,FastAccept
1785418635715,true,1785418635777,FastAccept
1785418635806,false,1785418635899,LeaderAccept
1785418635902,true,1785418635964,FastAccept
1785418636002,false,1785418636064,FastAccept
1785418636108,false,1785418636200,LeaderAccept
1785418636219,false,1785418636280,FastAccept
1785418636336,false,1785418636398,FastAccept
1785418636460,false,1785418636554,LeaderAccept
1785418636592,false,1785418636654,FastAccept
1785418636733,true,1785418636795,FastAccept
1785418636883,true,1785418636958,LeaderAccept
1785418637045,false,1785418637107,FastAccept
1785418637222,false,1785418637283,FastAccept
1785418637414,false,1785418637476,FastAccept
1785418637625,true,1785418637687,FastAccept
1785418637860,true,1785418637952,LeaderAccept
1785418638124,false,1785418638216,LeaderAccept
1785418638425,false,1785418638498,LeaderAccept
1785418638774,false,1785418638847,LeaderAccept
1785418639189,true,1785418639263,LeaderAccept
1785418639700,true,1785418639774,LeaderAccept
1785418640361,false,1785418640453,LeaderAccept
1785418641279,false,1785418641340,FastAccept
1785418642540,false,1785418642602,FastAccept
1785418642554,false,1785418642616,FastAccept
1785418642569,false,1785418642663,SlowAccept
1785418642584,true,1785418642663,FastAccept
1785418642600,false,1785418642693,SlowAccept
1785418642615,false,1785418642724,LeaderAccept
1785418642631,false,1785418642724,SlowAccept
1785418642646,false,1785418642738,LeaderAccept
1785418642662,true,1785418642735,LeaderAccept
1785418642678,false,1785418642770,LeaderAccept
1785418642693,false,1785418642786,LeaderAccept
1785418642710,false,1785418642801,LeaderAccept
1785418642726,false,1785418642817,LeaderAccept
1785418642742,false,1785418642833,LeaderAccept
1785418642759,true,1785418642851,LeaderAccept
1785418642775,false,1785418642867,LeaderAccept
1785418642792,false,1785418642864,LeaderAccept
1785418642809,false,1785418642882,LeaderAccept
1785418642825,true,1785418642898,LeaderAccept
1785418642843,true,1785418642915,LeaderAccept
1785418642860,false,1785418642934,LeaderAccept
1785418642877,true,1785418642951,LeaderAccept
1785418642895,false,1785418642968,LeaderAccept
1785418642912,false,1785418642985,LeaderAccept
1785418642930,false,1785418643002,LeaderAccept
1785418642948,false,1785418643021,LeaderAccept
1785418642966,false,1785418643039,LeaderAccept
1785418642984,false,1785418643058,LeaderAccept
1785418643002,false,1785418643075,LeaderAccept
1785418643020,true,1785418643094,LeaderAccept
1785418643039,false,1785418643111,LeaderAccept
1785418643057,true,1785418643131,LeaderAccept
1785418643077,false,1785418643150,LeaderAccept
1785418643095,true,1785418643169,LeaderAccept
1785418643115,true,1785418643188,LeaderAccept
1785418643134,false,1785418643207,LeaderAccept
1785418643154,false,1785418643227,LeaderAccept
1785418643174,false,1785418643247,LeaderAccept
1785418643194,false,1785418643267,LeaderAccept
1785418643214,false,1785418643287,LeaderAccept
1785418643235,true,1785418643308,LeaderAccept
1785418643256,true,1785418643328,LeaderAccept
1785418643277,false,1785418643350,LeaderAccept
1785418643298,true,1785418643371,LeaderAccept
1785418643319,false,1785418643392,LeaderAccept
1785418643341,true,1785418643413,LeaderAccept
1785418643363,false,1785418643436,LeaderAccept
1785418643385,true,1785418643459,LeaderAccept
1785418643407,false,1785418643480,LeaderAccept
1785418643429,false,1785418643502,LeaderAccept
1785418643452,true,1785418643525,LeaderAccept
1785418643474,true,1785418643547,LeaderAccept
1785418643497,true,1785418643570,LeaderAccept
1785418643521,false,1785418643593,LeaderAccept
1785418643544,false,1785418643617,LeaderAccept
1785418643567,true,1785418643640,LeaderAccept
1785418643592,true,1785418643665,LeaderAccept
1785418643615,false,1785418643688,LeaderAccept
1785418643640,false,1785418643713,LeaderAccept
1785418643664,true,1785418643737,LeaderAccept
1785418643689,false,1785418643762,LeaderAccept
1785418643715,true,1785418643788,LeaderAccept
1785418643740,false,1785418643813,LeaderAccept
1785418643767,false,1785418643840,LeaderAccept
1785418643793,false,1785418643866,LeaderAccept
1785418643819,true,1785418643892,LeaderAccept
1785418643847,false,1785418643920,LeaderAccept
1785418643873,false,1785418643946,LeaderAccept
1785418643901,false,1785418643974,LeaderAccept
1785418643930,true,1785418644003,LeaderAccept
1785418643958,true,1785418644031,LeaderAccept
1785418643987,false,1785418644060,LeaderAccept
1785418644017,false,1785418644090,LeaderAccept
1785418644046,true,1785418644120,LeaderAccept
1785418644076,false,1785418644150,LeaderAccept
1785418644107,false,1785418644181,LeaderAccept
1785418644139,false,1785418644212,LeaderAccept
1785418644171,false,1785418644244,LeaderAccept
1785418644203,false,1785418644276,LeaderAccept
1785418644236,true,1785418644309,LeaderAccept
1785418644269,true,1785418644343,LeaderAccept
1785418644303,true,1785418644377,LeaderAccept
1785418644337,false,1785418644411,LeaderAccept
1785418644371,false,1785418644445,LeaderAccept
1785418644407,false,1785418644481,LeaderAccept
1785418644442,true,1785418644516,LeaderAccept
1785418644479,true,1785418644553,LeaderAccept
1785418644516,false,1785418644590,LeaderAccept
1785418644555,true,1785418644628,LeaderAccept
1785418644594,true,1785418644667,LeaderAccept
1785418644634,true,1785418644708,LeaderAccept
1785418644674,true,1785418644747,LeaderAccept
1785418644715,true,1785418644788,LeaderAccept
1785418644756,false,1785418644830,LeaderAccept
1785418644799,false,1785418644872,LeaderAccept
1785418644843,false,1785418644916,LeaderAccept
1785418644887,false,1785418644960,LeaderAccept
1785418644932,true,1785418645006,LeaderAccept
1785418644979,true,1785418645053,LeaderAccept
1785418645027,false,1785418645100,LeaderAccept
1785418645076,false,1785418645149,LeaderAccept
1785418645126,false,1785418645199,LeaderAccept
1785418645177,true,1785418645250,LeaderAccept
1785418645230,true,1785418645303,LeaderAccept
1785418645283,false,1785418645356,LeaderAccept
1785418645338,true,1785418645411,LeaderAccept
1785418645394,true,1785418645469,LeaderAccept
1785418645452,false,1785418645526,LeaderAccept
1785418645512,true,1785418645586,LeaderAccept
1785418645574,true,1785418645647,LeaderAccept
1785418645638,false,1785418645712,LeaderAccept
1785418645704,false,1785418645777,LeaderAccept
1785418645772,false,1785418645846,LeaderAccept
1785418645842,true,1785418645915,LeaderAccept
1785418645914,false,1785418645988,LeaderAccept
1785418645989,true,1785418646062,LeaderAccept
1785418646067,true,1785418646140,LeaderAccept
1785418646147,true,1785418646221,LeaderAccept
1785418646231,true,1785418646304,LeaderAccept
1785418646319,false,1785418646392,LeaderAccept
1785418646410,false,1785418646484,LeaderAccept
1785418646505,true,1785418646579,LeaderAccept
1785418646606,true,1785418646680,LeaderAccept
1785418646711,false,1785418646785,LeaderAccept
1785418646821,false,1785418646895,LeaderAccept
1785418646939,true,1785418647013,LeaderAccept
1785418647064,true,1785418647137,LeaderAccept
1785418647196,true,1785418647270,LeaderAccept
1785418647336,true,1785418647410,LeaderAccept
1785418647488,false,1785418647562,LeaderAccept
1785418647651,true,1785418647724,LeaderAccept
1785418647828,false,1785418647920,LeaderAccept
1785418648021,false,1785418648082,FastAccept
1785418648233,true,1785418648326,LeaderAccept
1785418648469,false,1785418648531,FastAccept
1785418648735,false,1785418648796,FastAccept
1785418649038,false,1785418649130,LeaderAccept
1785418649390,false,1785418649452,FastAccept
1785418649810,true,1785418649872,FastAccept
1785418650326,false,1785418650388,FastAccept
1785418650996,false,1785418651057,FastAccept
1785418651931,true,1785418652024,LeaderAccept
1785418653422,false,1785418653484,FastAccept
1785418656562,true,1785418656635,LeaderAccept
1785418671655,false,1785418671717,FastAccept
1785418678536,true,1785418678639,LeaderAccept
1785418678569,true,1785418678643,LeaderAccept
1785418678604,true,1785418678677,LeaderAccept
1785418678639,true,1785418678712,LeaderAccept
1785418678675,true,1785418678748,LeaderAccept
1785418678712,true,1785418678785,LeaderAccept
1785418678748,true,1785418678822,LeaderAccept
1785418678786,true,1785418678859,LeaderAccept
1785418678825,false,1785418678898,LeaderAccept
1785418678864,true,1785418678937,LeaderAccept
1785418678903,false,1785418678977,LeaderAccept
1785418678945,false,1785418679019,LeaderAccept
1785418678986,false,1785418679060,LeaderAccept
1785418679029,false,1785418679102,LeaderAccept
1785418679073,false,1785418679147,LeaderAccept
1785418679118,false,1785418679192,LeaderAccept
1785418679163,false,1785418679237,LeaderAccept
1785418679208,true,1785418679282,LeaderAccept
1785418679256,true,1785418679330,LeaderAccept
1785418679304,true,1785418679379,LeaderAccept
1785418679355,false,1785418679429,LeaderAccept
1785418679406,false,1785418679480,LeaderAccept
1785418679459,false,1785418679532,LeaderAccept
1785418679512,true,1785418679586,LeaderAccept
1785418679567,false,1785418679640,LeaderAccept
1785418679624,false,1785418679697,LeaderAccept
1785418679682,false,1785418679755,LeaderAccept
1785418679742,false,1785418679815,LeaderAccept
1785418679804,false,1785418679877,LeaderAccept
1785418679868,true,1785418679941,LeaderAccept
1785418679934,true,1785418680007,LeaderAccept
1785418680002,false,1785418680076,LeaderAccept
1785418680072,true,1785418680144,LeaderAccept
1785418680144,false,1785418680217,LeaderAccept
1785418680219,true,1785418680292,LeaderAccept
1785418680296,true,1785418680369,LeaderAccept
1785418680377,true,1785418680451,LeaderAccept
1785418680461,false,1785418680535,LeaderAccept
1785418680549,false,1785418680623,LeaderAccept
1785418680641,true,1785418680714,LeaderAccept
1785418680737,true,1785418680810,LeaderAccept
1785418680836,true,1785418680910,LeaderAccept
1785418680941,false,1785418681015,LeaderAccept
1785418681053,false,1785418681127,LeaderAccept
1785418681171,false,1785418681245,LeaderAccept
1785418681296,false,1785418681369,LeaderAccept
1785418681429,true,1785418681504,LeaderAccept
1785418681571,false,1785418681645,LeaderAccept
1785418681722,true,1785418681796,LeaderAccept
1785418681885,true,1785418681959,LeaderAccept
1785418682063,false,1785418682136,LeaderAccept
1785418682257,false,1785418682319,FastAccept
1785418682471,false,1785418682533,FastAccept
1785418682709,false,1785418682770,FastAccept
1785418682975,true,1785418683037,FastAccept
1785418683281,true,1785418683343,FastAccept
1785418683635,true,1785418683697,FastAccept
1785418684060,false,1785418684122,FastAccept
1785418684584,false,1785418684645,FastAccept
1785418685265,false,1785418685326,FastAccept
1785418686220,false,1785418686283,FastAccept
1785418687762,true,1785418687854,LeaderAccept
1785418689863,false,1785418689924,FastAccept
1785418689880,true,1785418689942,FastAccept
1785418689897,false,1785418689958,FastAccept
1785418689914,false,1785418689976,FastAccept
1785418689931,false,1785418689992,FastAccept
1785418689948,true,1785418690009,FastAccept
1785418689966,false,1785418690028,FastAccept
1785418689983,true,1785418690045,FastAccept
1785418690001,false,1785418690063,FastAccept
1785418690019,false,1785418690080,FastAccept
1785418690037,false,1785418690098,FastAccept
1785418690055,true,1785418690116,FastAccept
1785418690073,false,1785418690135,FastAccept
1785418690092,false,1785418690153,FastAccept
1785418690111,false,1785418690173,FastAccept
1785418690130,true,1785418690192,FastAccept
1785418690149,false,1785418690210,FastAccept
1785418690168,true,1785418690229,FastAccept
1785418690187,true,1785418690248,FastAccept
1785418690206,false,1785418690267,FastAccept
1785418690225,false,1785418690287,FastAccept
1785418690245,true,1785418690307,FastAccept
1785418690266,false,1785418690327,FastAccept
1785418690286,false,1785418690348,FastAccept
1785418690307,false,1785418690368,FastAccept
1785418690327,false,1785418690389,FastAccept
1785418690348,false,1785418690409,FastAccept
1785418690368,false,1785418690429,FastAccept
1785418690389,false,1785418690450,FastAccept
1785418690410,true,1785418690472,FastAccept
1785418690432,false,1785418690494,FastAccept
1785418690454,false,1785418690515,FastAccept
1785418690476,false,1785418690538,FastAccept
1785418690499,true,1785418690560,FastAccept
1785418690521,true,1785418690583,FastAccept
1785418690543,true,1785418690605,FastAccept
1785418690567,true,1785418690629,FastAccept
1785418690590,true,1785418690651,FastAccept
1785418690612,true,1785418690674,FastAccept
1785418690637,true,1785418690698,FastAccept
1785418690661,true,1785418690722,FastAccept
1785418690685,true,1785418690747,FastAccept
1785418690710,false,1785418690772,FastAccept
1785418690735,true,1785418690797,FastAccept
1785418690759,false,1785418690821,FastAccept
1785418690785,true,1785418690847,FastAccept
1785418690811,true,1785418690873,FastAccept
1785418690838,false,1785418690930,LeaderAccept
1785418690863,false,1785418690956,LeaderAccept
1785418690889,true,1785418690982,LeaderAccept
1785418690917,false,1785418691008,LeaderAccept
1785418690944,false,1785418691037,LeaderAccept
1785418690973,true,1785418691047,LeaderAccept
1785418691002,false,1785418691077,LeaderAccept
1785418691031,false,1785418691123,LeaderAccept
1785418691060,false,1785418691153,LeaderAccept
1785418691090,true,1785418691163,LeaderAccept
1785418691120,true,1785418691194,LeaderAccept
1785418691149,true,1785418691241,LeaderAccept
1785418691179,true,1785418691272,LeaderAccept
1785418691211,false,1785418691303,LeaderAccept
1785418691243,true,1785418691334,LeaderAccept
1785418691274,true,1785418691348,LeaderAccept
1785418691307,true,1785418691380,LeaderAccept
1785418691340,false,1785418691413,LeaderAccept
1785418691374,false,1785418691447,LeaderAccept
1785418691408,true,1785418691482,LeaderAccept
1785418691443,false,1785418691516,LeaderAccept
1785418691478,true,1785418691552,LeaderAccept
1785418691514,false,1785418691587,LeaderAccept
1785418691550,false,1785418691624,LeaderAccept
1785418691587,false,1785418691661,LeaderAccept
1785418691625,false,1785418691698,LeaderAccept
1785418691664,true,1785418691738,LeaderAccept
1785418691703,true,1785418691777,LeaderAccept
1785418691744,false,1785418691817,LeaderAccept
1785418691785,true,1785418691859,LeaderAccept
1785418691827,true,1785418691900,LeaderAccept
1785418691870,false,1785418691943,LeaderAccept
1785418691913,false,1785418691987,LeaderAccept
1785418691958,true,1785418692031,LeaderAccept
1785418692003,false,1785418692077,LeaderAccept
1785418692049,true,1785418692122,LeaderAccept
1785418692097,false,1785418692171,LeaderAccept
1785418692146,false,1785418692220,LeaderAccept
1785418692196,true,1785418692270,LeaderAccept
1785418692247,true,1785418692320,LeaderAccept
1785418692299,true,1785418692373,LeaderAccept
1785418692352,true,1785418692414,FastAccept
1785418692408,false,1785418692469,FastAccept
1785418692464,true,1785418692525,FastAccept
1785418692522,false,1785418692583,FastAccept
1785418692582,false,1785418692644,FastAccept
1785418692644,true,1785418692705,FastAccept
1785418692707,true,1785418692800,LeaderAccept
1785418692771,false,1785418692863,LeaderAccept
1785418692839,false,1785418692932,LeaderAccept
1785418692909,true,1785418692981,LeaderAccept
1785418692981,false,1785418693055,LeaderAccept
1785418693056,true,1785418693129,LeaderAccept
1785418693133,false,1785418693207,LeaderAccept
1785418693214,false,1785418693287,LeaderAccept
1785418693298,false,1785418693371,LeaderAccept
1785418693385,false,1785418693458,LeaderAccept
1785418693476,false,1785418693549,LeaderAccept
1785418693572,true,1785418693645,LeaderAccept
1785418693671,false,1785418693744,LeaderAccept
1785418693777,true,1785418693850,LeaderAccept
1785418693888,false,1785418693961,LeaderAccept
1785418694005,false,1785418694078,LeaderAccept
1785418694128,true,1785418694202,LeaderAccept
1785418694261,false,1785418694334,LeaderAccept
1785418694401,true,1785418694475,LeaderAccept
1785418694552,false,1785418694627,LeaderAccept
1785418694715,true,1785418694788,LeaderAccept
1785418694891,true,1785418694964,LeaderAccept
1785418695084,true,1785418695157,LeaderAccept
1785418695295,true,1785418695369,LeaderAccept
1785418695529,true,1785418695603,LeaderAccept
1785418695794,true,1785418695856,FastAccept
1785418696095,false,1785418696190,SlowAccept
1785418696445,false,1785418696537,LeaderAccept
1785418696862,false,1785418696936,LeaderAccept
1785418697376,false,1785418697438,FastAccept
1785418698039,false,1785418698101,FastAccept
1785418698963,true,1785418699026,FastAccept
1785418700427,false,1785418700489,FastAccept
1785418703472,true,1785418703534,FastAccept
1785418717418,true,1785418717479,FastAccept
1785418718886,true,1785418718947,FastAccept
1785418718902,false,1785418718990,SlowAccept
1785418718917,false,1785418719011,SlowAccept
1785418718934,false,1785418719026,LeaderAccept
1785418718950,false,1785418719042,LeaderAccept
1785418718966,true,1785418719058,LeaderAccept
1785418718982,false,1785418719074,LeaderAccept
1785418718998,false,1785418719090,LeaderAccept
1785418719014,false,1785418719106,LeaderAccept
1785418719031,false,1785418719123,LeaderAccept
1785418719048,true,1785418719139,LeaderAccept
1785418719065,false,1785418719157,LeaderAccept
1785418719082,false,1785418719174,LeaderAccept
1785418719099,true,1785418719191,LeaderAccept
1785418719116,false,1785418719208,LeaderAccept
1785418719133,true,1785418719207,LeaderAccept
1785418719151,true,1785418719224,LeaderAccept
1785418719169,true,1785418719243,LeaderAccept
1785418719186,true,1785418719260,LeaderAccept
1785418719205,true,1785418719278,LeaderAccept
1785418719223,true,1785418719296,LeaderAccept
1785418719242,false,1785418719316,LeaderAccept
1785418719261,false,1785418719334,LeaderAccept
1785418719280,true,1785418719354,LeaderAccept
1785418719299,false,1785418719372,LeaderAccept
1785418719318,true,1785418719391,LeaderAccept
1785418719337,true,1785418719411,LeaderAccept
1785418719357,false,1785418719430,LeaderAccept
1785418719376,true,1785418719450,LeaderAccept
1785418719397,false,1785418719470,LeaderAccept
1785418719416,true,1785418719489,LeaderAccept
1785418719437,true,1785418719510,LeaderAccept
1785418719457,false,1785418719531,LeaderAccept
1785418719478,false,1785418719551,LeaderAccept
1785418719499,true,1785418719572,LeaderAccept
1785418719520,false,1785418719593,LeaderAccept
1785418719541,true,1785418719614,LeaderAccept
1785418719561,true,1785418719635,LeaderAccept
1785418719583,true,1785418719656,LeaderAccept
1785418719604,false,1785418719678,LeaderAccept
1785418719627,true,1785418719700,LeaderAccept
1785418719649,true,1785418719723,LeaderAccept
1785418719672,true,1785418719745,LeaderAccept
1785418719695,true,1785418719768,LeaderAccept
1785418719718,false,1785418719792,LeaderAccept
1785418719742,false,1785418719816,LeaderAccept
1785418719765,true,1785418719839,LeaderAccept
1785418719789,false,1785418719862,LeaderAccept
1785418719813,false,1785418719887,LeaderAccept
1785418719837,false,1785418719911,LeaderAccept
1785418719862,false,1785418719935,LeaderAccept
1785418719886,true,1785418719961,LeaderAccept
1785418719911,true,1785418719985,LeaderAccept
1785418719937,false,1785418720010,LeaderAccept
1785418719963,true,1785418720036,LeaderAccept
1785418719989,false,1785418720062,LeaderAccept
1785418720015,false,1785418720089,LeaderAccept
1785418720042,false,1785418720115,LeaderAccept
1785418720068,true,1785418720142,LeaderAccept
1785418720096,false,1785418720170,LeaderAccept
1785418720124,true,1785418720198,LeaderAccept
1785418720152,false,1785418720227,LeaderAccept
1785418720181,false,1785418720254,LeaderAccept
1785418720210,false,1785418720283,LeaderAccept
1785418720239,false,1785418720312,LeaderAccept
1785418720269,true,1785418720342,LeaderAccept
1785418720299,false,1785418720373,LeaderAccept
1785418720331,true,1785418720405,LeaderAccept
1785418720362,false,1785418720435,LeaderAccept
1785418720394,false,1785418720468,LeaderAccept
1785418720427,true,1785418720501,LeaderAccept
1785418720460,false,1785418720533,LeaderAccept
1785418720493,true,1785418720566,LeaderAccept
1785418720527,true,1785418720601,LeaderAccept
1785418720560,false,1785418720634,LeaderAccept
1785418720595,true,1785418720668,LeaderAccept
1785418720629,false,1785418720703,LeaderAccept
1785418720666,false,1785418720740,LeaderAccept
1785418720703,true,1785418720777,LeaderAccept
1785418720741,true,1785418720815,LeaderAccept
1785418720779,true,1785418720853,LeaderAccept
1785418720818,true,1785418720892,LeaderAccept
1785418720858,false,1785418720932,LeaderAccept
1785418720899,true,1785418720972,LeaderAccept
1785418720939,false,1785418721014,LeaderAccept
1785418720982,false,1785418721054,LeaderAccept
1785418721025,true,1785418721098,LeaderAccept
1785418721069,false,1785418721142,LeaderAccept
1785418721114,false,1785418721187,LeaderAccept
1785418721158,false,1785418721231,LeaderAccept
1785418721205,true,1785418721278,LeaderAccept
1785418721253,true,1785418721326,LeaderAccept
1785418721301,true,1785418721375,LeaderAccept
1785418721351,true,1785418721425,LeaderAccept
1785418721402,true,1785418721476,LeaderAccept
1785418721455,true,1785418721529,LeaderAccept
1785418721508,false,1785418721582,LeaderAccept
1785418721564,false,1785418721637,LeaderAccept
1785418721620,true,1785418721694,LeaderAccept
1785418721679,true,1785418721752,LeaderAccept
1785418721738,true,1785418721811,LeaderAccept
1785418721800,false,1785418721873,LeaderAccept
1785418721864,false,1785418721938,LeaderAccept
1785418721930,true,1785418722003,LeaderAccept
1785418721997,false,1785418722071,LeaderAccept
1785418722068,true,1785418722141,LeaderAccept
1785418722141,true,1785418722214,LeaderAccept
1785418722216,true,1785418722289,LeaderAccept
1785418722293,true,1785418722366,LeaderAccept
1785418722375,true,1785418722449,LeaderAccept
1785418722459,false,1785418722533,LeaderAccept
1785418722548,true,1785418722621,LeaderAccept
1785418722640,false,1785418722713,LeaderAccept
1785418722735,true,1785418722809,LeaderAccept
1785418722837,true,1785418722911,LeaderAccept
1785418722942,false,1785418723016,LeaderAccept
1785418723053,true,1785418723127,LeaderAccept
1785418723172,true,1785418723246,LeaderAccept
1785418723298,true,1785418723360,FastAccept
1785418723432,true,1785418723525,LeaderAccept
1785418723574,false,1785418723636,FastAccept
1785418723727,false,1785418723788,FastAccept
1785418723892,false,1785418723984,LeaderAccept
1785418724071,true,1785418724133,FastAccept
1785418724265,true,1785418724327,FastAccept
1785418724481,true,1785418724573,LeaderAccept
1785418724720,true,1785418724813,LeaderAccept
1785418724990,false,1785418725064,LeaderAccept
1785418725298,false,1785418725372,LeaderAccept
1785418725659,true,1785418725733,LeaderAccept
1785418726090,true,1785418726164,LeaderAccept
1785418726624,true,1785418726717,LeaderAccept
1785418727322,true,1785418727385,FastAccept
1785418728310,true,1785418728383,LeaderAccept
1785418729928,true,1785418730001,LeaderAccept
1785418733560,true,1785418733619,FastAccept
1785418755881,false,1785418755969,LeaderAccept
1785418756750,false,1785418756820,LeaderAccept
1785418756766,false,1785418756835,LeaderAccept
1785418756781,false,1785418756850,LeaderAccept
1785418756797,true,1785418756866,LeaderAccept
1785418756813,false,1785418756882,LeaderAccept
1785418756829,false,1785418756899,LeaderAccept
1785418756845,false,1785418756914,LeaderAccept
1785418756860,false,1785418756930,LeaderAccept
1785418756877,false,1785418756947,LeaderAccept
1785418756893,false,1785418756963,LeaderAccept
1785418756910,true,1785418756979,LeaderAccept
1785418756927,true,1785418756996,LeaderAccept
1785418756943,true,1785418757013,LeaderAccept
1785418756960,false,1785418757029,LeaderAccept
1785418756977,true,1785418757047,LeaderAccept
1785418756994,false,1785418757064,LeaderAccept
1785418757012,false,1785418757082,LeaderAccept
1785418757029,true,1785418757099,LeaderAccept
1785418757047,true,1785418757116,LeaderAccept
1785418757064,false,1785418757134,LeaderAccept
1785418757082,false,1785418757151,LeaderAccept
1785418757100,false,1785418757169,LeaderAccept
1785418757117,false,1785418757187,LeaderAccept
1785418757135,false,1785418757204,LeaderAccept
1785418757154,true,1785418757223,LeaderAccept
1785418757172,true,1785418757241,LeaderAccept
1785418757190,false,1785418757260,LeaderAccept
1785418757209,false,1785418757279,LeaderAccept
1785418757228,true,1785418757297,LeaderAccept
1785418757248,false,1785418757317,LeaderAccept
1785418757268,false,1785418757336,LeaderAccept
1785418757287,false,1785418757356,LeaderAccept
1785418757307,true,1785418757376,LeaderAccept
1785418757326,false,1785418757395,LeaderAccept
1785418757347,false,1785418757416,LeaderAccept
1785418757368,true,1785418757437,LeaderAccept
1785418757389,false,1785418757458,LeaderAccept
1785418757409,true,1785418757479,LeaderAccept
1785418757430,true,1785418757500,LeaderAccept
1785418757452,true,1785418757522,LeaderAccept
1785418757473,true,1785418757542,LeaderAccept
1785418757494,true,1785418757564,LeaderAccept
1785418757515,false,1785418757584,LeaderAccept
1785418757538,false,1785418757607,LeaderAccept
1785418757559,false,1785418757629,LeaderAccept
1785418757582,false,1785418757651,LeaderAccept
1785418757604,false,1785418757673,LeaderAccept
1785418757628,true,1785418757697,LeaderAccept
1785418757651,true,1785418757720,LeaderAccept
1785418757674,false,1785418757743,LeaderAccept
1785418757698,true,1785418757767,LeaderAccept
1785418757721,true,1785418757791,LeaderAccept
1785418757746,true,1785418757816,LeaderAccept
1785418757770,false,1785418757840,LeaderAccept
1785418757795,true,1785418757865,LeaderAccept
1785418757820,false,1785418757889,LeaderAccept
1785418757846,true,1785418757915,LeaderAccept
1785418757872,true,1785418757942,LeaderAccept
1785418757898,false,1785418757968,LeaderAccept
1785418757925,true,1785418757994,LeaderAccept
1785418757951,true,1785418758021,LeaderAccept
1785418757979,false,1785418758048,LeaderAccept
1785418758005,true,1785418758075,LeaderAccept
1785418758033,true,1785418758102,LeaderAccept
1785418758061,true,1785418758130,LeaderAccept
1785418758090,true,1785418758160,LeaderAccept
1785418758119,true,1785418758187,LeaderAccept
1785418758148,true,1785418758217,LeaderAccept
1785418758178,false,1785418758247,LeaderAccept
1785418758207,false,1785418758277,LeaderAccept
1785418758238,false,1785418758307,LeaderAccept
1785418758269,false,1785418758338,LeaderAccept
1785418758300,true,1785418758369,LeaderAccept
1785418758331,true,1785418758400,LeaderAccept
1785418758364,false,1785418758433,LeaderAccept
1785418758397,true,1785418758466,LeaderAccept
1785418758431,false,1785418758500,LeaderAccept
1785418758465,true,1785418758533,LeaderAccept
1785418758499,false,1785418758568,LeaderAccept
1785418758533,false,1785418758602,LeaderAccept
1785418758568,true,1785418758637,LeaderAccept
1785418758604,true,1785418758672,LeaderAccept
1785418758640,false,1785418758709,LeaderAccept
1785418758677,true,1785418758747,LeaderAccept
1785418758715,true,1785418758785,LeaderAccept
1785418758754,true,1785418758824,LeaderAccept
1785418758794,false,1785418758863,LeaderAccept
1785418758835,true,1785418758905,LeaderAccept
1785418758876,false,1785418758946,LeaderAccept
1785418758919,true,1785418758989,LeaderAccept
1785418758962,false,1785418759032,LeaderAccept
1785418759006,true,1785418759075,LeaderAccept
1785418759051,false,1785418759120,LeaderAccept
1785418759096,false,1785418759166,LeaderAccept
1785418759144,true,1785418759214,LeaderAccept
1785418759192,true,1785418759262,LeaderAccept
1785418759241,false,1785418759310,LeaderAccept
1785418759291,true,1785418759361,LeaderAccept
1785418759343,false,1785418759413,LeaderAccept
1785418759396,false,1785418759465,LeaderAccept
1785418759450,true,1785418759520,LeaderAccept
1785418759506,true,1785418759575,LeaderAccept
1785418759563,true,1785418759633,LeaderAccept
1785418759622,true,1785418759692,LeaderAccept
1785418759682,true,1785418759752,LeaderAccept
1785418759745,false,1785418759815,LeaderAccept
1785418759810,true,1785418759879,LeaderAccept
1785418759877,false,1785418759946,LeaderAccept
1785418759946,true,1785418760016,LeaderAccept
1785418760017,false,1785418760088,LeaderAccept
1785418760091,true,1785418760161,LeaderAccept
1785418760168,false,1785418760238,LeaderAccept
1785418760247,false,1785418760317,LeaderAccept
1785418760330,false,1785418760400,LeaderAccept
1785418760416,false,1785418760486,LeaderAccept
1785418760506,true,1785418760576,LeaderAccept
1785418760599,false,1785418760668,LeaderAccept
1785418760698,true,1785418760768,LeaderAccept
1785418760801,true,1785418760871,LeaderAccept
1785418760909,false,1785418760980,LeaderAccept
1785418761023,true,1785418761093,LeaderAccept
1785418761144,false,1785418761214,LeaderAccept
1785418761273,true,1785418761342,LeaderAccept
1785418761410,false,1785418761499,LeaderAccept
1785418761555,true,1785418761645,LeaderAccept
1785418761713,true,1785418761772,FastAccept
1785418761883,false,1785418761942,FastAccept
1785418762068,true,1785418762126,FastAccept
1785418762271,false,1785418762330,FastAccept
1785418762495,false,1785418762554,FastAccept
1785418762746,true,1785418762836,SlowAccept
1785418763030,false,1785418763089,FastAccept
1785418763356,false,1785418763415,FastAccept
1785418763741,false,1785418763800,FastAccept
1785418764206,true,1785418764265,FastAccept
1785418764795,false,1785418764853,FastAccept
1785418765584,true,1785418765643,FastAccept
1785418766753,false,1785418766812,FastAccept
1785418768851,false,1785418768911,FastAccept
1785418774834,true,1785418774893,FastAccept
1785418779158,false,1785418779216,FastAccept
1785418779190,false,1785418779248,FastAccept
1785418779222,true,1785418779280,FastAccept
1785418779254,true,1785418779313,FastAccept
1785418779288,false,1785418779347,FastAccept
1785418779321,true,1785418779380,FastAccept
1785418779356,true,1785418779415,FastAccept
1785418779391,true,1785418779449,FastAccept
1785418779425,true,1785418779485,FastAccept
1785418779462,true,1785418779520,FastAccept
1785418779499,true,1785418779558,FastAccept
1785418779536,false,1785418779595,FastAccept
1785418779575,true,1785418779634,FastAccept
1785418779613,true,1785418779672,FastAccept
1785418779652,true,1785418779711,FastAccept
1785418779693,false,1785418779752,FastAccept
1785418779735,true,1785418779794,FastAccept
1785418779777,false,1785418779836,FastAccept
1785418779820,false,1785418779879,FastAccept
1785418779864,true,1785418779922,FastAccept
1785418779909,true,1785418779968,FastAccept
1785418779955,true,1785418780014,FastAccept
1785418780001,false,1785418780091,LeaderAccept
1785418780048,true,1785418780138,LeaderAccept
1785418780098,true,1785418780188,LeaderAccept
1785418780149,true,1785418780238,LeaderAccept
1785418780200,true,1785418780289,LeaderAccept
1785418780252,true,1785418780342,LeaderAccept
1785418780307,false,1785418780395,LeaderAccept
1785418780361,true,1785418780451,LeaderAccept
1785418780419,false,1785418780489,LeaderAccept
1785418780477,false,1785418780536,FastAccept
1785418780537,false,1785418780596,FastAccept
1785418780600,true,1785418780659,FastAccept
1785418780664,true,1785418780724,FastAccept
1785418780731,true,1785418780790,FastAccept
1785418780800,true,1785418780859,FastAccept
1785418780870,true,1785418780930,FastAccept
1785418780944,true,1785418781003,FastAccept
1785418781019,false,1785418781078,FastAccept
1785418781098,true,1785418781157,FastAccept
1785418781180,false,1785418781239,FastAccept
1785418781265,false,1785418781325,FastAccept
1785418781354,true,1785418781413,FastAccept
1785418781447,true,1785418781506,FastAccept
1785418781545,true,1785418781604,FastAccept
1785418781647,false,1785418781706,FastAccept
1785418781755,true,1785418781813,FastAccept
1785418781868,true,1785418781927,FastAccept
1785418781988,false,1785418782048,FastAccept
1785418782116,true,1785418782175,FastAccept
1785418782252,false,1785418782311,FastAccept
1785418782396,true,1785418782485,LeaderAccept
1785418782551,false,1785418782640,LeaderAccept
1785418782720,false,1785418782809,LeaderAccept
1785418782903,false,1785418782973,LeaderAccept
1785418783103,false,1785418783172,LeaderAccept
1785418783324,true,1785418783393,LeaderAccept
1785418783571,false,1785418783642,LeaderAccept
1785418783850,false,1785418783919,LeaderAccept
1785418784170,true,1785418784239,LeaderAccept
1785418784545,false,1785418784603,FastAccept
1785418784998,false,1785418785056,FastAccept
1785418785565,true,1785418785653,LeaderAccept
1785418786317,true,1785418786376,FastAccept
1785418787412,false,1785418787471,FastAccept
1785418789305,false,1785418789364,FastAccept
1785418794182,false,1785418794241,FastAccept
1785418803717,true,1785418803775,FastAccept
1785418803733,true,1785418803792,FastAccept
1785418803750,true,1785418803809,FastAccept
1785418803766,false,1785418803825,FastAccept
1785418803783,false,1785418803842,FastAccept
1785418803800,true,1785418803858,FastAccept
1785418803817,false,1785418803876,FastAccept
1785418803834,true,1785418803893,FastAccept
1785418803851,true,1785418803910,FastAccept
1785418803867,true,1785418803926,FastAccept
1785418803885,false,1785418803943,FastAccept
1785418803902,false,1785418803960,FastAccept
1785418803920,false,1785418803978,FastAccept
1785418803938,true,1785418803997,FastAccept
1785418803956,true,1785418804014,FastAccept
1785418803974,false,1785418804032,FastAccept
1785418803991,true,1785418804049,FastAccept
1785418804010,true,1785418804068,FastAccept
1785418804029,false,1785418804087,FastAccept
1785418804047,true,1785418804106,FastAccept
1785418804067,false,1785418804125,FastAccept
1785418804086,true,1785418804144,FastAccept
1785418804105,false,1785418804164,FastAccept
1785418804124,true,1785418804183,FastAccept
1785418804144,false,1785418804203,FastAccept
1785418804164,true,1785418804222,FastAccept
1785418804183,true,1785418804241,FastAccept
1785418804203,false,1785418804261,FastAccept
1785418804222,false,1785418804280,FastAccept
1785418804243,false,1785418804301,FastAccept
1785418804263,false,1785418804322,FastAccept
1785418804283,false,1785418804342,FastAccept
1785418804305,true,1785418804364,FastAccept
1785418804326,true,1785418804384,FastAccept
1785418804347,false,1785418804406,FastAccept
1785418804369,true,1785418804427,FastAccept
1785418804391,true,1785418804449,FastAccept
1785418804413,true,1785418804472,FastAccept
1785418804435,true,1785418804493,FastAccept
1785418804457,true,1785418804546,SlowAccept
1785418804480,false,1785418804568,SlowAccept
1785418804503,true,1785418804591,LeaderAccept
1785418804526,true,1785418804615,LeaderAccept
1785418804550,true,1785418804638,LeaderAccept
1785418804574,false,1785418804662,LeaderAccept
1785418804598,true,1785418804686,LeaderAccept
1785418804622,false,1785418804710,LeaderAccept
1785418804645,false,1785418804733,LeaderAccept
1785418804669,false,1785418804758,LeaderAccept
1785418804695,false,1785418804784,LeaderAccept
1785418804720,false,1785418804809,LeaderAccept
1785418804746,true,1785418804834,LeaderAccept
1785418804771,true,1785418804861,LeaderAccept
1785418804797,true,1785418804867,LeaderAccept
1785418804824,false,1785418804893,LeaderAccept
1785418804851,false,1785418804920,LeaderAccept
1785418804877,false,1785418804948,LeaderAccept
1785418804905,false,1785418804975,LeaderAccept
1785418804933,false,1785418805002,LeaderAccept
1785418804961,true,1785418805032,LeaderAccept
1785418804989,true,1785418805059,LeaderAccept
1785418805018,true,1785418805089,LeaderAccept
1785418805048,false,1785418805119,LeaderAccept
1785418805077,false,1785418805148,LeaderAccept
1785418805108,false,1785418805178,LeaderAccept
1785418805138,false,1785418805208,LeaderAccept
1785418805170,true,1785418805240,LeaderAccept
1785418805202,false,1785418805272,LeaderAccept
1785418805235,true,1785418805305,LeaderAccept
1785418805267,false,1785418805337,LeaderAccept
1785418805300,true,1785418805371,LeaderAccept
1785418805335,true,1785418805404,LeaderAccept
1785418805369,true,1785418805440,LeaderAccept
1785418805404,true,1785418805473,LeaderAccept
1785418805439,false,1785418805510,LeaderAccept
1785418805476,true,1785418805545,LeaderAccept
1785418805513,false,1785418805583,LeaderAccept
1785418805551,false,1785418805621,LeaderAccept
1785418805589,false,1785418805660,LeaderAccept
1785418805628,true,1785418805697,LeaderAccept
1785418805668,true,1785418805738,LeaderAccept
1785418805709,false,1785418805778,LeaderAccept
1785418805750,false,1785418805819,LeaderAccept
1785418805792,true,1785418805862,LeaderAccept
1785418805835,false,1785418805905,LeaderAccept
1785418805878,false,1785418805949,LeaderAccept
1785418805924,true,1785418805995,LeaderAccept
1785418805970,false,1785418806039,LeaderAccept
1785418806016,false,1785418806087,LeaderAccept
1785418806064,false,1785418806133,LeaderAccept
1785418806113,false,1785418806183,LeaderAccept
1785418806163,true,1785418806234,LeaderAccept
1785418806215,true,1785418806286,LeaderAccept
1785418806268,false,1785418806339,LeaderAccept
1785418806322,true,1785418806381,FastAccept
1785418806378,false,1785418806437,FastAccept
1785418806436,false,1785418806495,FastAccept
1785418806494,false,1785418806553,FastAccept
1785418806555,false,1785418806614,FastAccept
1785418806618,false,1785418806676,FastAccept
1785418806682,true,1785418806741,FastAccept
1785418806748,false,1785418806808,FastAccept
1785418806817,true,1785418806876,FastAccept
1785418806888,true,1785418806946,FastAccept
1785418806962,false,1785418807020,FastAccept
1785418807038,true,1785418807096,FastAccept
1785418807117,true,1785418807176,FastAccept
1785418807199,false,1785418807258,FastAccept
1785418807285,true,1785418807344,FastAccept
1785418807374,false,1785418807433,FastAccept
1785418807468,false,1785418807527,FastAccept
1785418807566,true,1785418807625,FastAccept
1785418807669,false,1785418807728,FastAccept
1785418807777,false,1785418807836,FastAccept
1785418807891,true,1785418807949,FastAccept
1785418808011,true,1785418808070,FastAccept
1785418808138,true,1785418808197,FastAccept
1785418808275,false,1785418808333,FastAccept
1785418808421,true,1785418808480,FastAccept
1785418808578,true,1785418808637,FastAccept
1785418808747,false,1785418808806,FastAccept
1785418808931,false,1785418808990,FastAccept
1785418809132,false,1785418809191,FastAccept
1785418809355,false,1785418809414,FastAccept
1785418809605,false,1785418809663,FastAccept
1785418809886,true,1785418809945,FastAccept
1785418810211,true,1785418810270,FastAccept
1785418810592,false,1785418810651,FastAccept
1785418811054,true,1785418811140,LeaderAccept
1785418811634,false,1785418811704,LeaderAccept
1785418812249,true,1785418812319,LeaderAccept
1785418812267,false,1785418812337,LeaderAccept
1785418812284,true,1785418812354,LeaderAccept
1785418812303,false,1785418812372,LeaderAccept
1785418812320,false,1785418812390,LeaderAccept
1785418812339,false,1785418812408,LeaderAccept
1785418812358,true,1785418812427,LeaderAccept
1785418812376,true,1785418812445,LeaderAccept
1785418812396,true,1785418812465,LeaderAccept
1785418812415,false,1785418812485,LeaderAccept
1785418812435,false,1785418812504,LeaderAccept
1785418812454,true,1785418812523,LeaderAccept
1785418812474,false,1785418812543,LeaderAccept
1785418812494,true,1785418812564,LeaderAccept
1785418812515,true,1785418812584,LeaderAccept
1785418812535,false,1785418812604,LeaderAccept
1785418812555,true,1785418812624,LeaderAccept
1785418812576,true,1785418812645,LeaderAccept
1785418812597,false,1785418812666,LeaderAccept
1785418812617,true,1785418812687,LeaderAccept
1785418812638,true,1785418812708,LeaderAccept
1785418812660,true,1785418812728,LeaderAccept
1785418812682,false,1785418812751,LeaderAccept
1785418812704,false,1785418812773,LeaderAccept
1785418812727,true,1785418812796,LeaderAccept
1785418812750,true,1785418812819,LeaderAccept
1785418812773,false,1785418812843,LeaderAccept
1785418812796,true,1785418812865,LeaderAccept
1785418812818,false,1785418812888,LeaderAccept
1785418812842,false,1785418812911,LeaderAccept
1785418812866,true,1785418812935,LeaderAccept
1785418812890,false,1785418812959,LeaderAccept
1785418812914,true,1785418812983,LeaderAccept
1785418812939,false,1785418813008,LeaderAccept
1785418812964,true,1785418813033,LeaderAccept
1785418812989,true,1785418813058,LeaderAccept
1785418813014,false,1785418813083,LeaderAccept
1785418813040,true,1785418813110,LeaderAccept
1785418813066,true,1785418813135,LeaderAccept
1785418813092,true,1785418813162,LeaderAccept
1785418813119,true,1785418813188,LeaderAccept
1785418813145,false,1785418813216,LeaderAccept
1785418813173,true,1785418813242,LeaderAccept
1785418813200,true,1785418813270,LeaderAccept
1785418813229,false,1785418813298,LeaderAccept
1785418813257,false,1785418813325,LeaderAccept
1785418813286,false,1785418813356,LeaderAccept
1785418813315,true,1785418813385,LeaderAccept
1785418813345,true,1785418813414,LeaderAccept
1785418813375,false,1785418813445,LeaderAccept
1785418813406,false,1785418813475,LeaderAccept
1785418813437,false,1785418813508,LeaderAccept
1785418813469,true,1785418813538,LeaderAccept
1785418813501,true,1785418813571,LeaderAccept
1785418813534,false,1785418813604,LeaderAccept
1785418813567,true,1785418813636,LeaderAccept
1785418813600,true,1785418813670,LeaderAccept
1785418813635,true,1785418813705,LeaderAccept
1785418813670,true,1785418813739,LeaderAccept
1785418813704,true,1785418813773,LeaderAccept
1785418813739,true,1785418813809,LeaderAccept
1785418813776,false,1785418813845,LeaderAccept
1785418813813,true,1785418813883,LeaderAccept
1785418813850,true,1785418813921,LeaderAccept
1785418813889,true,1785418813958,LeaderAccept
1785418813928,false,1785418813998,LeaderAccept
1785418813967,false,1785418814037,LeaderAccept
1785418814008,true,1785418814078,LeaderAccept
1785418814050,false,1785418814119,LeaderAccept
1785418814092,false,1785418814162,LeaderAccept
1785418814135,false,1785418814205,LeaderAccept
1785418814180,true,1785418814249,LeaderAccept
1785418814225,true,1785418814295,LeaderAccept
1785418814272,true,1785418814341,LeaderAccept
1785418814319,true,1785418814389,LeaderAccept
1785418814368,true,1785418814437,LeaderAccept
1785418814416,true,1785418814487,LeaderAccept
1785418814467,false,1785418814536,LeaderAccept
1785418814519,false,1785418814589,LeaderAccept
1785418814572,false,1785418814642,LeaderAccept
1785418814627,false,1785418814697,LeaderAccept
1785418814683,false,1785418814753,LeaderAccept
1785418814741,false,1785418814811,LeaderAccept
1785418814801,false,1785418814870,LeaderAccept
1785418814862,true,1785418814931,LeaderAccept
1785418814925,true,1785418814994,LeaderAccept
1785418814990,true,1785418815059,LeaderAccept
1785418815056,true,1785418815126,LeaderAccept
1785418815126,true,1785418815195,LeaderAccept
1785418815198,true,1785418815268,LeaderAccept
1785418815272,true,1785418815341,LeaderAccept
1785418815349,false,1785418815418,LeaderAccept
1785418815429,false,1785418815499,LeaderAccept
1785418815512,true,1785418815582,LeaderAccept
1785418815599,true,1785418815668,LeaderAccept
1785418815690,true,1785418815760,LeaderAccept
1785418815785,false,1785418815854,LeaderAccept
1785418815885,true,1785418815954,LeaderAccept
1785418815989,false,1785418816058,LeaderAccept
1785418816099,true,1785418816168,LeaderAccept
1785418816215,false,1785418816284,LeaderAccept
1785418816338,true,1785418816408,LeaderAccept
1785418816468,false,1785418816537,LeaderAccept
1785418816607,true,1785418816676,LeaderAccept
1785418816756,true,1785418816825,LeaderAccept
1785418816916,true,1785418816985,LeaderAccept
1785418817089,true,1785418817158,LeaderAccept
1785418817278,true,1785418817348,LeaderAccept
1785418817486,true,1785418817555,LeaderAccept
1785418817716,false,1785418817803,LeaderAccept
1785418817975,false,1785418818062,LeaderAccept
1785418818269,true,1785418818355,LeaderAccept
1785418818609,false,1785418818668,FastAccept
1785418819011,true,1785418819081,LeaderAccept
1785418819504,true,1785418819558,FastAccept
1785418820134,false,1785418820188,FastAccept
1785418820996,true,1785418821050,FastAccept
1785418822322,true,1785418822377,FastAccept
1785418824893,true,1785418824959,LeaderAccept
1785418834192,false,1785418834247,FastAccept
1785418850276,true,1785418850330,FastAccept
1785418850299,false,1785418850383,LeaderAccept
1785418850323,true,1785418850406,LeaderAccept
1785418850347,true,1785418850430,LeaderAccept
1785418850371,false,1785418850454,LeaderAccept
1785418850396,true,1785418850478,LeaderAccept
1785418850420,false,1785418850503,LeaderAccept
1785418850445,true,1785418850528,LeaderAccept
1785418850471,false,1785418850554,LeaderAccept
1785418850497,false,1785418850562,LeaderAccept
1785418850522,false,1785418850606,LeaderAccept
1785418850548,false,1785418850615,LeaderAccept
1785418850575,true,1785418850640,LeaderAccept
1785418850602,false,1785418850668,LeaderAccept
1785418850630,false,1785418850696,LeaderAccept
1785418850658,true,1785418850722,LeaderAccept
1785418850685,false,1785418850751,LeaderAccept
1785418850714,true,1785418850780,LeaderAccept
1785418850743,false,1785418850808,LeaderAccept
1785418850772,true,1785418850838,LeaderAccept
1785418850802,false,1785418850868,LeaderAccept
1785418850832,true,1785418850898,LeaderAccept
1785418850863,true,1785418850929,LeaderAccept
1785418850894,true,1785418850960,LeaderAccept
1785418850926,true,1785418850991,LeaderAccept
1785418850958,false,1785418851023,LeaderAccept
1785418850990,true,1785418851056,LeaderAccept
1785418851023,false,1785418851089,LeaderAccept
1785418851056,false,1785418851122,LeaderAccept
1785418851090,true,1785418851156,LeaderAccept
1785418851124,false,1785418851190,LeaderAccept
1785418851160,false,1785418851225,LeaderAccept
1785418851195,false,1785418851261,LeaderAccept
1785418851231,true,1785418851297,LeaderAccept
1785418851269,true,1785418851335,LeaderAccept
1785418851307,false,1785418851373,LeaderAccept
1785418851345,false,1785418851411,LeaderAccept
1785418851384,true,1785418851450,LeaderAccept
1785418851423,false,1785418851488,LeaderAccept
1785418851463,true,1785418851530,LeaderAccept
1785418851505,true,1785418851571,LeaderAccept
1785418851547,true,1785418851613,LeaderAccept
1785418851589,true,1785418851655,LeaderAccept
1785418851633,false,1785418851699,LeaderAccept
1785418851678,true,1785418851744,LeaderAccept
1785418851724,false,1785418851790,LeaderAccept
1785418851771,true,1785418851837,LeaderAccept
1785418851819,false,1785418851885,LeaderAccept
1785418851869,false,1785418851935,LeaderAccept
1785418851919,false,1785418851986,LeaderAccept
1785418851970,true,1785418852037,LeaderAccept
1785418852023,true,1785418852090,LeaderAccept
1785418852076,true,1785418852143,LeaderAccept
1785418852132,false,1785418852199,LeaderAccept
1785418852189,false,1785418852256,LeaderAccept
1785418852248,true,1785418852315,LeaderAccept
1785418852309,false,1785418852376,LeaderAccept
1785418852372,false,1785418852439,LeaderAccept
1785418852435,true,1785418852491,FastAccept
1785418852501,false,1785418852557,FastAccept
1785418852569,true,1785418852654,LeaderAccept
1785418852640,false,1785418852695,FastAccept
1785418852712,false,1785418852768,FastAccept
1785418852788,false,1785418852849,FastAccept
1785418852867,false,1785418852928,FastAccept
1785418852950,false,1785418853010,FastAccept
1785418853035,true,1785418853095,FastAccept
1785418853123,true,1785418853208,LeaderAccept
1785418853217,false,1785418853277,FastAccept
1785418853315,true,1785418853375,FastAccept
1785418853417,false,1785418853477,FastAccept
1785418853525,false,1785418853586,FastAccept
1785418853638,false,1785418853698,FastAccept
1785418853757,false,1785418853818,FastAccept
1785418853885,false,1785418853945,FastAccept
1785418854020,false,1785418854081,FastAccept
1785418854165,false,1785418854225,FastAccept
1785418854321,false,1785418854381,FastAccept
1785418854488,false,1785418854549,FastAccept
1785418854671,true,1785418854731,FastAccept
1785418854871,false,1785418854931,FastAccept
1785418855092,false,1785418855153,FastAccept
1785418855338,false,1785418855400,FastAccept
1785418855617,true,1785418855678,FastAccept
1785418855938,false,1785418855999,FastAccept
1785418856313,false,1785418856375,FastAccept
1785418856766,false,1785418856851,LeaderAccept
1785418857334,true,1785418857394,FastAccept
1785418858087,true,1785418858147,FastAccept
1785418859185,true,1785418859245,FastAccept
1785418861084,true,1785418861145,FastAccept
1785418865994,false,1785418866054,FastAccept
1785418874372,true,1785418874438,LeaderAccept
1785418874395,false,1785418874461,LeaderAccept
1785418874417,false,1785418874484,LeaderAccept
1785418874441,false,1785418874507,LeaderAccept
1785418874463,false,1785418874529,LeaderAccept
1785418874487,true,1785418874553,LeaderAccept
1785418874510,true,1785418874577,LeaderAccept
1785418874535,false,1785418874601,LeaderAccept
1785418874560,true,1785418874626,LeaderAccept
1785418874585,false,1785418874651,LeaderAccept
1785418874611,false,1785418874677,LeaderAccept
1785418874636,false,1785418874703,LeaderAccept
1785418874663,true,1785418874730,LeaderAccept
1785418874689,true,1785418874755,LeaderAccept
1785418874716,false,1785418874783,LeaderAccept
1785418874742,true,1785418874809,LeaderAccept
1785418874770,false,1785418874836,LeaderAccept
1785418874798,false,1785418874865,LeaderAccept
1785418874826,false,1785418874893,LeaderAccept
1785418874855,false,1785418874921,LeaderAccept
1785418874884,false,1785418874951,LeaderAccept
1785418874914,true,1785418874980,LeaderAccept
1785418874944,false,1785418875011,LeaderAccept
1785418874974,true,1785418875041,LeaderAccept
1785418875005,true,1785418875072,LeaderAccept
1785418875035,false,1785418875102,LeaderAccept
1785418875066,true,1785418875133,LeaderAccept
1785418875099,true,1785418875166,LeaderAccept
1785418875132,true,1785418875199,LeaderAccept
1785418875165,false,1785418875232,LeaderAccept
1785418875198,true,1785418875266,LeaderAccept
1785418875232,false,1785418875299,LeaderAccept
1785418875267,false,1785418875334,LeaderAccept
1785418875302,true,1785418875369,LeaderAccept
1785418875338,true,1785418875405,LeaderAccept
1785418875375,true,1785418875441,LeaderAccept
1785418875412,true,1785418875479,LeaderAccept
1785418875450,true,1785418875517,LeaderAccept
1785418875488,false,1785418875555,LeaderAccept
1785418875528,true,1785418875595,LeaderAccept
1785418875567,true,1785418875635,LeaderAccept
1785418875608,true,1785418875675,LeaderAccept
1785418875650,true,1785418875717,LeaderAccept
1785418875692,false,1785418875759,LeaderAccept
1785418875735,false,1785418875802,LeaderAccept
1785418875778,false,1785418875845,LeaderAccept
1785418875823,false,1785418875891,LeaderAccept
1785418875868,true,1785418875935,LeaderAccept
1785418875915,false,1785418875982,LeaderAccept
1785418875964,true,1785418876031,LeaderAccept
1785418876013,true,1785418876080,LeaderAccept
1785418876064,true,1785418876131,LeaderAccept
1785418876115,false,1785418876182,LeaderAccept
1785418876169,false,1785418876235,LeaderAccept
1785418876223,false,1785418876290,LeaderAccept
1785418876278,false,1785418876346,LeaderAccept
1785418876336,false,1785418876403,LeaderAccept
1785418876395,false,1785418876462,LeaderAccept
1785418876456,false,1785418876522,LeaderAccept
1785418876518,false,1785418876584,LeaderAccept
1785418876582,true,1785418876649,LeaderAccept
1785418876649,true,1785418876715,LeaderAccept
1785418876717,true,1785418876785,LeaderAccept
1785418876789,true,1785418876856,LeaderAccept
1785418876863,true,1785418876930,LeaderAccept
1785418876939,false,1785418877006,LeaderAccept
1785418877018,false,1785418877085,LeaderAccept
1785418877101,false,1785418877168,LeaderAccept
1785418877187,true,1785418877253,LeaderAccept
1785418877276,false,1785418877342,LeaderAccept
1785418877369,true,1785418877436,LeaderAccept
1785418877467,false,1785418877534,LeaderAccept
1785418877570,false,1785418877637,LeaderAccept
1785418877678,false,1785418877739,FastAccept
1785418877792,true,1785418877877,LeaderAccept
1785418877913,true,1785418877974,FastAccept
1785418878041,true,1785418878102,FastAccept
1785418878177,true,1785418878238,FastAccept
1785418878323,false,1785418878384,FastAccept
1785418878481,false,1785418878541,FastAccept
1785418878651,false,1785418878735,LeaderAccept
1785418878835,true,1785418878919,LeaderAccept
1785418879038,false,1785418879098,FastAccept
1785418879262,true,1785418879322,FastAccept
1785418879512,false,1785418879573,FastAccept
1785418879795,false,1785418879857,FastAccept
1785418880121,false,1785418880205,LeaderAccept
1785418880506,true,1785418880574,LeaderAccept
1785418880971,true,1785418881038,LeaderAccept
1785418881559,true,1785418881620,FastAccept
1785418882347,false,1785418882433,LeaderAccept
1785418883515,false,1785418883582,LeaderAccept
1785418885607,false,1785418885668,FastAccept
1785418891560,true,1785418891621,FastAccept
1785418895526,false,1785418895587,FastAccept
1785418895544,true,1785418895605,FastAccept
1785418895563,true,1785418895623,FastAccept
1785418895582,true,1785418895646,FastAccept
1785418895601,true,1785418895661,FastAccept
1785418895620,true,1785418895681,FastAccept
1785418895640,false,1785418895705,FastAccept
1785418895660,false,1785418895720,FastAccept
1785418895680,false,1785418895740,FastAccept
1785418895700,true,1785418895760,FastAccept
1785418895720,true,1785418895780,FastAccept
1785418895740,true,1785418895801,FastAccept
1785418895760,false,1785418895821,FastAccept
1785418895780,true,1785418895841,FastAccept
1785418895802,true,1785418895862,FastAccept
1785418895823,false,1785418895884,FastAccept
1785418895845,false,1785418895906,FastAccept
1785418895867,true,1785418895928,FastAccept
1785418895889,false,1785418895949,FastAccept
1785418895911,true,1785418895972,FastAccept
1785418895933,true,1785418895994,FastAccept
1785418895955,false,1785418896015,FastAccept
1785418895978,true,1785418896038,FastAccept
1785418896001,true,1785418896061,FastAccept
1785418896024,true,1785418896085,FastAccept
1785418896048,true,1785418896108,FastAccept
1785418896071,false,1785418896131,FastAccept
1785418896096,true,1785418896157,FastAccept
1785418896120,true,1785418896181,FastAccept
1785418896144,false,1785418896205,FastAccept
1785418896169,false,1785418896230,FastAccept
1785418896195,false,1785418896280,SlowAccept
1785418896221,true,1785418896305,LeaderAccept
1785418896247,true,1785418896331,LeaderAccept
1785418896273,true,1785418896357,LeaderAccept
1785418896300,false,1785418896384,LeaderAccept
1785418896327,false,1785418896411,LeaderAccept
1785418896354,true,1785418896438,LeaderAccept
1785418896381,true,1785418896448,LeaderAccept
1785418896409,false,1785418896493,LeaderAccept
1785418896437,true,1785418896522,LeaderAccept
1785418896466,false,1785418896532,LeaderAccept
1785418896494,false,1785418896561,LeaderAccept
1785418896524,false,1785418896609,LeaderAccept
1785418896554,false,1785418896638,LeaderAccept
1785418896585,true,1785418896669,LeaderAccept
1785418896616,true,1785418896700,LeaderAccept
1785418896647,true,1785418896731,LeaderAccept
1785418896679,false,1785418896763,LeaderAccept
1785418896711,false,1785418896795,LeaderAccept
1785418896744,true,1785418896828,LeaderAccept
1785418896776,false,1785418896860,LeaderAccept
1785418896809,true,1785418896893,LeaderAccept
1785418896844,false,1785418896928,LeaderAccept
1785418896878,true,1785418896963,LeaderAccept
1785418896914,true,1785418896998,LeaderAccept
1785418896949,false,1785418897033,LeaderAccept
1785418896986,true,1785418897070,LeaderAccept
1785418897024,true,1785418897108,LeaderAccept
1785418897062,false,1785418897146,LeaderAccept
1785418897101,true,1785418897167,LeaderAccept
1785418897140,true,1785418897206,LeaderAccept
1785418897179,true,1785418897246,LeaderAccept
1785418897221,true,1785418897288,LeaderAccept
1785418897263,true,1785418897330,LeaderAccept
1785418897306,false,1785418897367,FastAccept
1785418897349,false,1785418897410,FastAccept
1785418897393,true,1785418897454,FastAccept
1785418897439,false,1785418897500,FastAccept
1785418897485,false,1785418897545,FastAccept
1785418897533,false,1785418897593,FastAccept
1785418897581,true,1785418897665,SlowAccept
1785418897630,false,1785418897714,LeaderAccept
1785418897681,false,1785418897747,LeaderAccept
1785418897733,false,1785418897817,LeaderAccept
1785418897787,true,1785418897871,LeaderAccept
1785418897842,true,1785418897909,LeaderAccept
1785418897899,true,1785418897982,LeaderAccept
1785418897957,true,1785418898023,LeaderAccept
1785418898016,true,1785418898101,LeaderAccept
1785418898078,true,1785418898144,LeaderAccept
1785418898141,true,1785418898225,LeaderAccept
1785418898207,false,1785418898273,LeaderAccept
1785418898273,true,1785418898339,LeaderAccept
1785418898342,true,1785418898409,LeaderAccept
1785418898414,false,1785418898481,LeaderAccept
1785418898488,true,1785418898555,LeaderAccept
1785418898566,true,1785418898632,LeaderAccept
1785418898647,true,1785418898713,LeaderAccept
1785418898730,true,1785418898797,LeaderAccept
1785418898817,false,1785418898883,LeaderAccept
1785418898908,true,1785418898974,LeaderAccept
1785418899003,false,1785418899069,LeaderAccept
1785418899103,true,1785418899188,LeaderAccept
1785418899208,true,1785418899292,LeaderAccept
1785418899318,true,1785418899403,LeaderAccept
1785418899433,true,1785418899517,LeaderAccept
1785418899557,false,1785418899640,LeaderAccept
1785418899688,true,1785418899772,LeaderAccept
1785418899828,true,1785418899894,LeaderAccept
1785418899978,true,1785418900063,LeaderAccept
1785418900139,false,1785418900223,LeaderAccept
1785418900314,false,1785418900398,SlowAccept
1785418900504,false,1785418900589,LeaderAccept
1785418900714,true,1785418900775,FastAccept
1785418900946,false,1785418901031,SlowAccept
1785418901208,false,1785418901292,LeaderAccept
1785418901505,false,1785418901566,FastAccept
1785418901849,false,1785418901910,FastAccept
1785418902259,true,1785418902343,LeaderAccept
1785418902760,true,1785418902821,FastAccept
1785418903405,true,1785418903466,FastAccept
1785418904295,false,1785418904356,FastAccept
1785418905682,true,1785418905743,FastAccept
1785418908457,false,1785418908518,FastAccept
1785418919561,false,1785418919621,FastAccept
1785418943801,true,1785418943863,FastAccept
1785418943830,true,1785418943890,FastAccept
1785418943859,false,1785418943921,FastAccept
1785418943888,false,1785418943948,FastAccept
1785418943917,false,1785418943977,FastAccept
1785418943947,true,1785418944008,FastAccept
1785418943977,true,1785418944038,FastAccept
1785418944008,true,1785418944068,FastAccept
1785418944039,false,1785418944100,FastAccept
1785418944070,false,1785418944131,FastAccept
1785418944103,false,1785418944165,FastAccept
1785418944135,true,1785418944196,FastAccept
1785418944169,false,1785418944230,FastAccept
1785418944202,true,1785418944264,FastAccept
1785418944237,false,1785418944298,FastAccept
1785418944272,true,1785418944333,FastAccept
1785418944308,false,1785418944368,FastAccept
1785418944345,false,1785418944405,FastAccept
1785418944382,true,1785418944442,FastAccept
1785418944419,false,1785418944481,FastAccept
1785418944456,true,1785418944517,FastAccept
1785418944495,false,1785418944556,FastAccept
1785418944534,true,1785418944595,FastAccept
1785418944574,true,1785418944635,FastAccept
1785418944615,false,1785418944676,FastAccept
1785418944658,true,1785418944719,FastAccept
1785418944700,true,1785418944761,FastAccept
1785418944743,false,1785418944805,FastAccept
1785418944787,true,1785418944848,FastAccept
1785418944833,true,1785418944894,FastAccept
1785418944880,true,1785418944941,FastAccept
1785418944927,false,1785418944988,FastAccept
1785418944976,true,1785418945037,FastAccept
1785418945026,false,1785418945086,FastAccept
1785418945077,true,1785418945138,FastAccept
1785418945130,true,1785418945191,FastAccept
1785418945184,false,1785418945244,FastAccept
1785418945239,false,1785418945300,FastAccept
1785418945296,false,1785418945356,FastAccept
1785418945354,true,1785418945416,FastAccept
1785418945414,false,1785418945474,FastAccept
1785418945476,true,1785418945537,FastAccept
1785418945539,true,1785418945600,FastAccept
1785418945606,false,1785418945667,FastAccept
1785418945674,false,1785418945735,FastAccept
1785418945744,true,1785418945805,FastAccept
1785418945816,true,1785418945878,FastAccept
1785418945892,false,1785418945952,FastAccept
1785418945969,false,1785418946030,FastAccept
1785418946050,false,1785418946112,FastAccept
1785418946135,false,1785418946196,FastAccept
1785418946223,false,1785418946284,FastAccept
1785418946315,true,1785418946376,FastAccept
1785418946412,true,1785418946473,FastAccept
1785418946514,true,1785418946575,FastAccept
1785418946621,true,1785418946681,FastAccept
1785418946733,false,1785418946793,FastAccept
1785418946851,true,1785418946912,FastAccept
1785418946976,false,1785418947037,FastAccept
1785418947109,true,1785418947171,FastAccept
1785418947252,false,1785418947312,FastAccept
1785418947405,true,1785418947466,FastAccept
1785418947569,true,1785418947630,FastAccept
1785418947748,false,1785418947809,FastAccept
1785418947943,false,1785418948004,FastAccept
1785418948160,true,1785418948221,FastAccept
1785418948400,false,1785418948467,LeaderAccept
1785418948672,true,1785418948757,LeaderAccept
1785418948982,true,1785418949067,LeaderAccept
1785418949344,true,1785418949405,FastAccept
1785418949778,false,1785418949862,SlowAccept
1785418950315,true,1785418950376,FastAccept
1785418951019,true,1785418951079,FastAccept
1785418952019,false,1785418952104,LeaderAccept
1785418953667,false,1785418953727,FastAccept
1785418957420,false,1785418957481,FastAccept
1785418981922,true,1785418982006,LeaderAccept
1785418984321,false,1785418984382,FastAccept
1785418984331,true,1785418984391,FastAccept
1785418984349,true,1785418984409,FastAccept
1785418984367,false,1785418984428,FastAccept
1785418984386,false,1785418984446,FastAccept
1785418984405,false,1785418984465,FastAccept
1785418984423,true,1785418984483,FastAccept
1785418984443,true,1785418984503,FastAccept
1785418984463,false,1785418984524,FastAccept
1785418984482,false,1785418984543,FastAccept
1785418984502,true,1785418984562,FastAccept
1785418984521,false,1785418984582,FastAccept
1785418984542,false,1785418984602,FastAccept
1785418984561,true,1785418984622,FastAccept
1785418984581,false,1785418984642,FastAccept
1785418984602,false,1785418984662,FastAccept
1785418984623,true,1785418984683,FastAccept
1785418984644,false,1785418984704,FastAccept
1785418984666,false,1785418984726,FastAccept
1785418984687,false,1785418984748,FastAccept
1785418984709,true,1785418984769,FastAccept
1785418984730,true,1785418984791,FastAccept
1785418984753,true,1785418984813,FastAccept
1785418984775,true,1785418984835,FastAccept
1785418984798,false,1785418984858,FastAccept
1785418984821,true,1785418984881,FastAccept
1785418984843,true,1785418984904,FastAccept
1785418984867,true,1785418984928,FastAccept
1785418984891,false,1785418984951,FastAccept
1785418984915,true,1785418984976,FastAccept
1785418984940,true,1785418985000,FastAccept
1785418984964,false,1785418985025,FastAccept
1785418984989,false,1785418985050,FastAccept
1785418985014,true,1785418985075,FastAccept
1785418985039,true,1785418985100,FastAccept
1785418985065,false,1785418985125,FastAccept
1785418985090,true,1785418985151,FastAccept
1785418985116,false,1785418985177,FastAccept
1785418985143,true,1785418985203,FastAccept
1785418985170,true,1785418985231,FastAccept
1785418985197,false,1785418985257,FastAccept
1785418985224,false,1785418985285,FastAccept
1785418985253,true,1785418985314,FastAccept
1785418985282,true,1785418985342,FastAccept
1785418985311,true,1785418985372,FastAccept
1785418985341,false,1785418985401,FastAccept
1785418985371,false,1785418985432,FastAccept
1785418985400,true,1785418985460,FastAccept
1785418985430,false,1785418985492,FastAccept
1785418985460,true,1785418985521,FastAccept
1785418985492,true,1785418985552,FastAccept
1785418985524,true,1785418985584,FastAccept
1785418985555,false,1785418985617,FastAccept
1785418985588,false,1785418985648,FastAccept
1785418985621,true,1785418985681,FastAccept
1785418985655,false,1785418985715,FastAccept
1785418985689,false,1785418985749,FastAccept
1785418985723,false,1785418985785,FastAccept
1785418985759,true,1785418985819,FastAccept
1785418985795,false,1785418985856,FastAccept
1785418985832,true,1785418985892,FastAccept
1785418985869,false,1785418985930,FastAccept
1785418985908,false,1785418985976,LeaderAccept
1785418985947,false,1785418986030,LeaderAccept
1785418985987,false,1785418986053,LeaderAccept
1785418986028,false,1785418986094,LeaderAccept
1785418986069,true,1785418986135,LeaderAccept
1785418986111,false,1785418986195,LeaderAccept
1785418986154,true,1785418986219,LeaderAccept
1785418986197,true,1785418986263,LeaderAccept
1785418986242,false,1785418986326,LeaderAccept
1785418986287,false,1785418986354,LeaderAccept
1785418986335,true,1785418986419,LeaderAccept
1785418986383,false,1785418986468,LeaderAccept
1785418986432,true,1785418986499,LeaderAccept
1785418986482,true,1785418986548,LeaderAccept
1785418986534,false,1785418986618,LeaderAccept
1785418986587,true,1785418986671,LeaderAccept
1785418986641,false,1785418986724,LeaderAccept
1785418986696,false,1785418986762,LeaderAccept
1785418986752,true,1785418986836,LeaderAccept
1785418986811,true,1785418986877,LeaderAccept
1785418986871,true,1785418986937,LeaderAccept
1785418986933,false,1785418987016,LeaderAccept
1785418986996,false,1785418987080,LeaderAccept
1785418987062,false,1785418987128,LeaderAccept
1785418987130,false,1785418987214,LeaderAccept
1785418987200,true,1785418987284,LeaderAccept
1785418987274,true,1785418987358,LeaderAccept
1785418987349,true,1785418987433,LeaderAccept
1785418987428,true,1785418987496,LeaderAccept
1785418987509,true,1785418987593,LeaderAccept
1785418987595,true,1785418987661,LeaderAccept
1785418987684,false,1785418987768,LeaderAccept
1785418987776,false,1785418987861,LeaderAccept
1785418987874,true,1785418987959,SlowAccept
1785418987975,true,1785418988059,LeaderAccept
1785418988082,true,1785418988166,LeaderAccept
1785418988194,false,1785418988278,LeaderAccept
1785418988313,false,1785418988380,LeaderAccept
1785418988440,true,1785418988524,LeaderAccept
1785418988574,true,1785418988659,LeaderAccept
1785418988719,true,1785418988803,LeaderAccept
1785418988873,true,1785418988951,LeaderAccept
1785418989041,false,1785418989125,LeaderAccept
1785418989222,true,1785418989282,FastAccept
1785418989420,true,1785418989480,FastAccept
1785418989639,false,1785418989705,LeaderAccept
1785418989883,false,1785418989967,LeaderAccept
1785418990159,true,1785418990219,FastAccept
1785418990475,false,1785418990536,FastAccept
1785418990844,true,1785418990905,FastAccept
1785418991289,true,1785418991373,LeaderAccept
1785418991844,true,1785418991911,LeaderAccept
1785418992576,true,1785418992642,LeaderAccept
1785418993631,true,1785418993715,LeaderAccept
1785418995419,true,1785418995480,FastAccept
1785418999787,false,1785418999848,FastAccept
1785419016448,false,1785419016508,FastAccept
1785419016468,false,1785419016551,SlowAccept
1785419016489,false,1785419016573,SlowAccept
1785419016510,true,1785419016594,LeaderAccept
1785419016530,false,1785419016614,LeaderAccept
1785419016551,true,1785419016617,LeaderAccept
1785419016573,true,1785419016639,LeaderAccept
1785419016593,false,1785419016660,LeaderAccept
1785419016615,true,1785419016699,LeaderAccept
1785419016637,false,1785419016721,LeaderAccept
1785419016659,true,1785419016725,LeaderAccept
1785419016682,false,1785419016765,LeaderAccept
1785419016704,true,1785419016788,LeaderAccept
1785419016726,true,1785419016811,LeaderAccept
1785419016750,false,1785419016834,LeaderAccept
1785419016774,true,1785419016857,LeaderAccept
1785419016796,true,1785419016880,LeaderAccept
1785419016819,true,1785419016903,LeaderAccept
1785419016843,true,1785419016927,LeaderAccept
1785419016868,false,1785419016934,LeaderAccept
1785419016893,true,1785419016977,LeaderAccept
1785419016918,true,1785419017003,LeaderAccept
1785419016944,true,1785419017028,LeaderAccept
1785419016969,false,1785419017053,LeaderAccept
1785419016996,true,1785419017079,LeaderAccept
1785419017022,true,1785419017106,LeaderAccept
1785419017049,false,1785419017133,LeaderAccept
1785419017076,true,1785419017159,LeaderAccept
1785419017102,true,1785419017186,LeaderAccept
1785419017130,false,1785419017214,LeaderAccept
1785419017157,true,1785419017241,LeaderAccept
1785419017186,false,1785419017251,LeaderAccept
1785419017215,false,1785419017282,LeaderAccept
1785419017244,true,1785419017328,LeaderAccept
1785419017273,true,1785419017358,LeaderAccept
1785419017304,false,1785419017370,LeaderAccept
1785419017335,true,1785419017419,LeaderAccept
1785419017366,false,1785419017450,LeaderAccept
1785419017398,false,1785419017482,LeaderAccept
1785419017430,true,1785419017515,LeaderAccept
1785419017463,false,1785419017547,LeaderAccept
1785419017496,true,1785419017580,LeaderAccept
1785419017529,true,1785419017613,LeaderAccept
1785419017562,false,1785419017647,LeaderAccept
1785419017597,false,1785419017682,LeaderAccept
1785419017631,false,1785419017716,LeaderAccept
1785419017666,false,1785419017750,LeaderAccept
1785419017703,false,1785419017787,LeaderAccept
1785419017739,false,1785419017823,LeaderAccept
1785419017776,false,1785419017861,LeaderAccept
1785419017814,false,1785419017881,LeaderAccept
1785419017853,true,1785419017920,LeaderAccept
1785419017893,true,1785419017959,LeaderAccept
1785419017933,false,1785419018000,LeaderAccept
1785419017974,true,1785419018040,LeaderAccept
1785419018016,true,1785419018083,LeaderAccept
1785419018059,false,1785419018119,FastAccept
1785419018102,true,1785419018187,LeaderAccept
1785419018147,false,1785419018213,LeaderAccept
1785419018193,true,1785419018254,FastAccept
1785419018240,false,1785419018323,LeaderAccept
1785419018287,false,1785419018371,LeaderAccept
1785419018335,false,1785419018420,LeaderAccept
1785419018385,true,1785419018469,LeaderAccept
1785419018437,true,1785419018521,LeaderAccept
1785419018490,true,1785419018574,LeaderAccept
1785419018543,true,1785419018628,LeaderAccept
1785419018599,true,1785419018683,LeaderAccept
1785419018656,true,1785419018723,LeaderAccept
1785419018715,true,1785419018775,FastAccept
1785419018775,false,1785419018860,LeaderAccept
1785419018837,false,1785419018897,FastAccept
1785419018901,false,1785419018962,FastAccept
1785419018967,false,1785419019051,SlowAccept
1785419019034,false,1785419019095,FastAccept
1785419019104,true,1785419019165,FastAccept
1785419019176,true,1785419019237,FastAccept
1785419019252,false,1785419019312,FastAccept
1785419019330,false,1785419019390,FastAccept
1785419019411,true,1785419019472,FastAccept
1785419019495,true,1785419019562,LeaderAccept
1785419019584,false,1785419019644,FastAccept
1785419019675,true,1785419019736,FastAccept
1785419019772,false,1785419019856,LeaderAccept
1785419019872,true,1785419019932,FastAccept
1785419019978,false,1785419020038,FastAccept
1785419020090,false,1785419020151,FastAccept
1785419020208,true,1785419020269,FastAccept
1785419020334,true,1785419020394,FastAccept
1785419020468,false,1785419020528,FastAccept
1785419020611,true,1785419020695,LeaderAccept
1785419020764,false,1785419020847,LeaderAccept
1785419020929,true,1785419021012,LeaderAccept
1785419021107,false,1785419021191,LeaderAccept
1785419021303,true,1785419021386,LeaderAccept
1785419021519,true,1785419021604,LeaderAccept
1785419021758,true,1785419021842,LeaderAccept
1785419022029,true,1785419022114,LeaderAccept
1785419022339,true,1785419022423,LeaderAccept
1785419022701,true,1785419022785,SlowAccept
1785419023134,true,1785419023201,LeaderAccept
1785419023670,false,1785419023755,LeaderAccept
1785419024372,false,1785419024432,FastAccept
1785419025367,false,1785419025428,FastAccept
1785419027004,false,1785419027065,FastAccept
1785419030715,false,1785419030776,FastAccept
1785419034078,true,1785419034139,FastAccept
1785419034095,false,1785419034156,FastAccept
1785419034111,false,1785419034172,FastAccept
1785419034128,true,1785419034188,FastAccept
1785419034144,false,1785419034205,FastAccept
1785419034160,true,1785419034221,FastAccept
1785419034178,false,1785419034239,FastAccept
1785419034194,false,1785419034255,FastAccept
1785419034211,true,1785419034272,FastAccept
1785419034229,false,1785419034289,FastAccept
1785419034245,true,1785419034306,FastAccept
1785419034263,false,1785419034324,FastAccept
1785419034280,true,1785419034340,FastAccept
1785419034299,true,1785419034359,FastAccept
1785419034318,true,1785419034378,FastAccept
1785419034337,false,1785419034397,FastAccept
1785419034356,false,1785419034416,FastAccept
1785419034373,true,1785419034433,FastAccept
1785419034392,false,1785419034452,FastAccept
1785419034411,false,1785419034471,FastAccept
1785419034429,true,1785419034490,FastAccept
1785419034448,false,1785419034509,FastAccept
1785419034468,false,1785419034528,FastAccept
1785419034487,false,1785419034547,FastAccept
1785419034507,true,1785419034568,FastAccept
1785419034527,true,1785419034588,FastAccept
1785419034547,true,1785419034607,FastAccept
1785419034568,true,1785419034628,FastAccept
1785419034588,true,1785419034648,FastAccept
1785419034608,true,1785419034669,FastAccept
1785419034629,false,1785419034689,FastAccept
1785419034650,true,1785419034710,FastAccept
1785419034671,true,1785419034731,FastAccept
1785419034693,false,1785419034753,FastAccept
1785419034715,false,1785419034775,FastAccept
1785419034737,true,1785419034797,FastAccept
1785419034758,false,1785419034819,FastAccept
1785419034781,true,1785419034842,FastAccept
1785419034803,false,1785419034864,FastAccept
1785419034826,true,1785419034887,FastAccept
1785419034850,true,1785419034910,FastAccept
1785419034874,false,1785419034934,FastAccept
1785419034898,true,1785419034959,FastAccept
1785419034922,false,1785419034982,FastAccept
1785419034945,false,1785419035006,FastAccept
1785419034969,false,1785419035030,FastAccept
1785419034993,true,1785419035053,FastAccept
1785419035019,true,1785419035079,FastAccept
1785419035045,true,1785419035105,FastAccept
1785419035071,true,1785419035131,FastAccept
1785419035097,false,1785419035158,FastAccept
1785419035123,true,1785419035184,FastAccept
1785419035151,false,1785419035212,FastAccept
1785419035179,true,1785419035239,FastAccept
1785419035207,true,1785419035291,LeaderAccept
1785419035235,false,1785419035319,LeaderAccept
1785419035264,true,1785419035331,LeaderAccept
1785419035292,true,1785419035359,LeaderAccept
1785419035320,true,1785419035405,LeaderAccept
1785419035350,false,1785419035434,LeaderAccept
1785419035379,false,1785419035446,LeaderAccept
1785419035410,true,1785419035476,LeaderAccept
1785419035441,false,1785419035526,LeaderAccept
1785419035473,true,1785419035557,LeaderAccept
1785419035505,false,1785419035589,LeaderAccept
1785419035537,false,1785419035621,LeaderAccept
1785419035570,false,1785419035654,LeaderAccept
1785419035602,true,1785419035686,LeaderAccept
1785419035636,true,1785419035720,LeaderAccept
1785419035671,true,1785419035756,LeaderAccept
1785419035706,true,1785419035790,LeaderAccept
1785419035742,true,1785419035827,LeaderAccept
1785419035778,false,1785419035862,LeaderAccept
1785419035814,true,1785419035899,LeaderAccept
1785419035852,true,1785419035936,LeaderAccept
1785419035889,false,1785419035973,LeaderAccept
1785419035928,false,1785419035994,LeaderAccept
1785419035966,true,1785419036033,LeaderAccept
1785419036006,true,1785419036073,LeaderAccept
1785419036048,true,1785419036115,LeaderAccept
1785419036089,false,1785419036156,LeaderAccept
1785419036131,false,1785419036198,LeaderAccept
1785419036174,false,1785419036234,FastAccept
1785419036218,true,1785419036279,FastAccept
1785419036264,false,1785419036348,LeaderAccept
1785419036310,false,1785419036394,LeaderAccept
1785419036357,false,1785419036442,LeaderAccept
1785419036406,true,1785419036490,LeaderAccept
1785419036455,false,1785419036540,LeaderAccept
1785419036506,false,1785419036590,LeaderAccept
1785419036558,true,1785419036642,LeaderAccept
1785419036612,false,1785419036696,LeaderAccept
1785419036666,true,1785419036751,LeaderAccept
1785419036723,false,1785419036790,LeaderAccept
1785419036780,false,1785419036841,FastAccept
1785419036840,false,1785419036900,FastAccept
1785419036900,false,1785419036984,LeaderAccept
1785419036964,true,1785419037048,LeaderAccept
1785419037029,true,1785419037113,LeaderAccept
1785419037095,false,1785419037179,LeaderAccept
1785419037165,false,1785419037249,LeaderAccept
1785419037237,true,1785419037304,LeaderAccept
1785419037311,false,1785419037395,LeaderAccept
1785419037388,false,1785419037473,LeaderAccept
1785419037469,true,1785419037554,LeaderAccept
1785419037553,true,1785419037636,LeaderAccept
1785419037639,false,1785419037723,LeaderAccept
1785419037729,true,1785419037813,LeaderAccept
1785419037825,true,1785419037908,LeaderAccept
1785419037924,false,1785419038008,LeaderAccept
1785419038028,true,1785419038113,LeaderAccept
1785419038139,true,1785419038222,LeaderAccept
1785419038255,true,1785419038339,LeaderAccept
1785419038378,true,1785419038462,LeaderAccept
1785419038509,false,1785419038592,LeaderAccept
1785419038649,true,1785419038733,LeaderAccept
1785419038799,false,1785419038859,FastAccept
1785419038959,false,1785419039043,SlowAccept
1785419039134,false,1785419039217,LeaderAccept
1785419039324,false,1785419039409,LeaderAccept
1785419039534,true,1785419039618,LeaderAccept
1785419039767,true,1785419039827,FastAccept
1785419040027,false,1785419040088,FastAccept
1785419040324,true,1785419040385,FastAccept
1785419040668,true,1785419040728,FastAccept
1785419041076,true,1785419041160,LeaderAccept
1785419041576,false,1785419041642,LeaderAccept
1785419042217,true,1785419042302,LeaderAccept
1785419043102,false,1785419043163,FastAccept
1785419044477,true,1785419044538,FastAccept
1785419047213,false,1785419047273,FastAccept
1785419057950,true,1785419058033,SlowAccept
1785419083608,false,1785419083674,LeaderAccept
1785419083641,true,1785419083708,LeaderAccept
1785419083676,true,1785419083741,LeaderAccept
1785419083711,false,1785419083795,LeaderAccept
1785419083746,false,1785419083830,LeaderAccept
1785419083782,true,1785419083866,LeaderAccept
1785419083818,true,1785419083902,LeaderAccept
1785419083854,true,1785419083939,LeaderAccept
1785419083892,true,1785419083976,LeaderAccept
1785419083930,true,1785419083997,LeaderAccept
1785419083970,false,1785419084037,LeaderAccept
1785419084009,true,1785419084076,LeaderAccept
1785419084050,false,1785419084116,LeaderAccept
1785419084091,false,1785419084158,LeaderAccept
1785419084133,false,1785419084200,LeaderAccept
1785419084176,false,1785419084260,LeaderAccept
1785419084220,false,1785419084286,LeaderAccept
1785419084265,true,1785419084348,SlowAccept
1785419084311,false,1785419084394,LeaderAccept
1785419084357,false,1785419084424,LeaderAccept
1785419084406,false,1785419084472,LeaderAccept
1785419084454,false,1785419084521,LeaderAccept
1785419084505,false,1785419084571,LeaderAccept
1785419084557,false,1785419084623,LeaderAccept
1785419084610,false,1785419084693,LeaderAccept
1785419084664,true,1785419084748,LeaderAccept
1785419084720,false,1785419084786,LeaderAccept
1785419084777,true,1785419084843,LeaderAccept
1785419084835,true,1785419084920,LeaderAccept
1785419084896,false,1785419084980,LeaderAccept
1785419084958,false,1785419085042,LeaderAccept
1785419085022,true,1785419085105,LeaderAccept
1785419085087,false,1785419085171,SlowAccept
1785419085155,false,1785419085216,FastAccept
1785419085227,false,1785419085287,FastAccept
1785419085301,true,1785419085361,FastAccept
1785419085377,true,1785419085437,FastAccept
1785419085456,true,1785419085516,FastAccept
1785419085538,false,1785419085622,LeaderAccept
1785419085623,true,1785419085683,FastAccept
1785419085713,true,1785419085773,FastAccept
1785419085805,true,1785419085872,LeaderAccept
1785419085902,false,1785419085987,LeaderAccept
1785419086005,true,1785419086089,LeaderAccept
1785419086113,false,1785419086197,LeaderAccept
1785419086226,true,1785419086311,LeaderAccept
1785419086347,false,1785419086431,LeaderAccept
1785419086474,false,1785419086558,SlowAccept
1785419086610,false,1785419086670,FastAccept
1785419086755,false,1785419086815,FastAccept
1785419086911,true,1785419086972,FastAccept
1785419087079,false,1785419087140,FastAccept
1785419087263,true,1785419087324,FastAccept
1785419087464,true,1785419087524,FastAccept
1785419087686,false,1785419087746,FastAccept
1785419087933,true,1785419087994,FastAccept
1785419088213,false,1785419088273,FastAccept
1785419088536,true,1785419088596,FastAccept
1785419088915,true,1785419088976,FastAccept
1785419089371,false,1785419089432,FastAccept
1785419089946,true,1785419090006,FastAccept
1785419090710,true,1785419090770,FastAccept
1785419091828,false,1785419091895,LeaderAccept
1785419093786,false,1785419093870,LeaderAccept
1785419098991,true,1785419099051,FastAccept
1785419130116,true,1785419130178,FastAccept
1785419130155,false,1785419130217,FastAccept
1785419130196,true,1785419130266,LeaderAccept
1785419130238,true,1785419130307,LeaderAccept
1785419130279,true,1785419130349,LeaderAccept
1785419130322,false,1785419130413,SlowAccept
1785419130367,true,1785419130455,LeaderAccept
1785419130411,true,1785419130481,LeaderAccept
1785419130458,true,1785419130527,LeaderAccept
1785419130504,false,1785419130591,LeaderAccept
1785419130553,true,1785419130642,LeaderAccept
1785419130603,false,1785419130692,LeaderAccept
1785419130654,false,1785419130742,LeaderAccept
1785419130706,true,1785419130795,LeaderAccept
1785419130760,false,1785419130849,LeaderAccept
1785419130814,true,1785419130903,LeaderAccept
1785419130871,true,1785419130940,LeaderAccept
1785419130929,true,1785419131018,LeaderAccept
1785419130988,false,1785419131057,LeaderAccept
1785419131049,true,1785419131111,FastAccept
1785419131112,false,1785419131173,FastAccept
1785419131177,false,1785419131265,LeaderAccept
1785419131243,false,1785419131305,FastAccept
1785419131313,false,1785419131374,FastAccept
1785419131385,true,1785419131447,FastAccept
1785419131459,true,1785419131521,FastAccept
1785419131536,false,1785419131598,FastAccept
1785419131617,false,1785419131679,FastAccept
1785419131700,true,1785419131789,LeaderAccept
1785419131788,false,1785419131849,FastAccept
1785419131879,true,1785419131940,FastAccept
1785419131974,true,1785419132037,FastAccept
1785419132074,true,1785419132164,LeaderAccept
1785419132179,false,1785419132241,FastAccept
1785419132289,true,1785419132352,FastAccept
1785419132405,false,1785419132467,FastAccept
1785419132528,false,1785419132590,FastAccept
1785419132659,false,1785419132722,FastAccept
1785419132799,false,1785419132861,FastAccept
1785419132949,true,1785419133011,FastAccept
1785419133110,true,1785419133173,FastAccept
1785419133284,false,1785419133347,FastAccept
1785419133475,false,1785419133537,FastAccept
1785419133685,false,1785419133746,FastAccept
1785419133917,false,1785419133980,FastAccept
1785419134177,true,1785419134239,FastAccept
1785419134474,false,1785419134536,FastAccept
1785419134818,false,1785419134880,FastAccept
1785419135225,false,1785419135287,FastAccept
1785419135726,true,1785419135788,FastAccept
1785419136368,false,1785419136430,FastAccept
1785419137253,true,1785419137316,FastAccept
1785419138629,false,1785419138717,LeaderAccept
1785419141365,false,1785419141427,FastAccept
1785419152107,false,1785419152169,FastAccept
1785419179412,false,1785419179473,FastAccept
1785419179446,true,1785419179508,FastAccept
1785419179481,true,1785419179542,FastAccept
1785419179516,false,1785419179578,FastAccept
1785419179551,false,1785419179613,FastAccept
1785419179588,true,1785419179650,FastAccept
1785419179626,true,1785419179687,FastAccept
1785419179664,false,1785419179726,FastAccept
1785419179703,false,1785419179793,LeaderAccept
1785419179742,false,1785419179831,LeaderAccept
1785419179783,true,1785419179853,LeaderAccept
1785419179824,false,1785419179894,LeaderAccept
1785419179866,false,1785419179927,FastAccept
1785419179909,false,1785419179970,FastAccept
1785419179953,false,1785419180015,FastAccept
1785419179998,false,1785419180060,FastAccept
1785419180043,true,1785419180105,FastAccept
1785419180090,true,1785419180153,FastAccept
1785419180137,true,1785419180199,FastAccept
1785419180187,true,1785419180249,FastAccept
1785419180237,true,1785419180298,FastAccept
1785419180288,false,1785419180350,FastAccept
1785419180341,true,1785419180403,FastAccept
1785419180395,true,1785419180457,FastAccept
1785419180450,true,1785419180512,FastAccept
1785419180507,false,1785419180569,FastAccept
1785419180566,true,1785419180627,FastAccept
1785419180626,true,1785419180687,FastAccept
1785419180687,true,1785419180749,FastAccept
1785419180751,true,1785419180840,LeaderAccept
1785419180817,true,1785419180879,FastAccept
1785419180885,false,1785419180947,FastAccept
1785419180955,true,1785419181017,FastAccept
1785419181028,false,1785419181089,FastAccept
1785419181103,false,1785419181165,FastAccept
1785419181181,true,1785419181244,FastAccept
1785419181263,true,1785419181325,FastAccept
1785419181348,false,1785419181410,FastAccept
1785419181437,false,1785419181499,FastAccept
1785419181530,true,1785419181592,FastAccept
1785419181627,false,1785419181689,FastAccept
1785419181728,false,1785419181791,FastAccept
1785419181835,true,1785419181897,FastAccept
1785419181948,false,1785419182010,FastAccept
1785419182067,false,1785419182129,FastAccept
1785419182193,false,1785419182255,FastAccept
1785419182326,false,1785419182388,FastAccept
1785419182470,true,1785419182559,LeaderAccept
1785419182624,true,1785419182686,FastAccept
1785419182789,false,1785419182851,FastAccept
1785419182970,false,1785419183032,FastAccept
1785419183167,false,1785419183229,FastAccept
1785419183385,true,1785419183447,FastAccept
1785419183626,false,1785419183688,FastAccept
1785419183900,true,1785419183962,FastAccept
1785419184212,false,1785419184275,FastAccept
1785419184578,false,1785419184639,FastAccept
1785419185016,false,1785419185078,FastAccept
1785419185562,false,1785419185624,FastAccept
1785419186278,true,1785419186340,FastAccept
1785419187301,true,1785419187364,FastAccept
1785419189010,true,1785419189072,FastAccept
1785419193020,false,1785419193081,FastAccept
1785419213283,true,1785419213345,FastAccept
1785419213301,false,1785419213364,FastAccept
1785419213318,true,1785419213380,FastAccept
1785419213336,true,1785419213444,LeaderAccept
1785419213353,true,1785419213444,SlowAccept
1785419213369,false,1785419213459,LeaderAccept
1785419213387,true,1785419213477,LeaderAccept
1785419213405,true,1785419213493,LeaderAccept
1785419213423,false,1785419213493,LeaderAccept
1785419213440,true,1785419213509,LeaderAccept
1785419213458,false,1785419213547,LeaderAccept
1785419213477,false,1785419213565,LeaderAccept
1785419213495,false,1785419213584,LeaderAccept
1785419213514,true,1785419213603,LeaderAccept
1785419213533,true,1785419213622,LeaderAccept
1785419213552,false,1785419213622,LeaderAccept
1785419213571,false,1785419213641,LeaderAccept
1785419213591,true,1785419213661,LeaderAccept
1785419213610,true,1785419213680,LeaderAccept
1785419213630,false,1785419213701,LeaderAccept
1785419213650,false,1785419213719,LeaderAccept
1785419213669,false,1785419213739,LeaderAccept
1785419213689,true,1785419213760,LeaderAccept
1785419213710,true,1785419213779,LeaderAccept
1785419213730,false,1785419213800,LeaderAccept
1785419213752,true,1785419213841,LeaderAccept
1785419213773,false,1785419213841,LeaderAccept
1785419213794,false,1785419213883,LeaderAccept
1785419213815,false,1785419213905,LeaderAccept
1785419213836,true,1785419213925,LeaderAccept
1785419213858,true,1785419213947,LeaderAccept
1785419213880,false,1785419213950,LeaderAccept
1785419213902,false,1785419213992,LeaderAccept
1785419213925,true,1785419214014,LeaderAccept
1785419213948,true,1785419214037,LeaderAccept
1785419213970,true,1785419214059,LeaderAccept
1785419213994,false,1785419214082,LeaderAccept
1785419214018,false,1785419214107,LeaderAccept
1785419214042,false,1785419214130,LeaderAccept
1785419214065,true,1785419214154,LeaderAccept
1785419214089,false,1785419214177,LeaderAccept
1785419214114,true,1785419214183,LeaderAccept
1785419214138,false,1785419214227,LeaderAccept
1785419214164,true,1785419214252,LeaderAccept
1785419214189,true,1785419214277,LeaderAccept
1785419214214,true,1785419214303,LeaderAccept
1785419214241,true,1785419214330,LeaderAccept
1785419214268,false,1785419214356,LeaderAccept
1785419214295,false,1785419214383,LeaderAccept
1785419214323,true,1785419214412,LeaderAccept
1785419214351,true,1785419214439,LeaderAccept
1785419214378,true,1785419214448,LeaderAccept
1785419214407,false,1785419214476,LeaderAccept
1785419214435,false,1785419214525,LeaderAccept
1785419214465,true,1785419214535,LeaderAccept
1785419214494,false,1785419214564,LeaderAccept
1785419214525,false,1785419214613,LeaderAccept
1785419214554,true,1785419214643,LeaderAccept
1785419214585,true,1785419214673,LeaderAccept
1785419214616,false,1785419214705,LeaderAccept
1785419214647,true,1785419214736,LeaderAccept
1785419214680,false,1785419214768,LeaderAccept
1785419214713,false,1785419214801,LeaderAccept
1785419214746,true,1785419214815,LeaderAccept
1785419214779,false,1785419214849,LeaderAccept
1785419214814,false,1785419214904,LeaderAccept
1785419214849,false,1785419214938,LeaderAccept
1785419214884,false,1785419214973,LeaderAccept
1785419214919,true,1785419215008,LeaderAccept
1785419214956,true,1785419215045,LeaderAccept
1785419214992,true,1785419215081,LeaderAccept
1785419215030,false,1785419215119,LeaderAccept
1785419215069,true,1785419215157,LeaderAccept
1785419215107,true,1785419215176,LeaderAccept
1785419215148,true,1785419215217,LeaderAccept
1785419215188,false,1785419215258,LeaderAccept
1785419215230,true,1785419215299,LeaderAccept
1785419215272,true,1785419215335,FastAccept
1785419215315,false,1785419215404,LeaderAccept
1785419215360,false,1785419215448,LeaderAccept
1785419215404,false,1785419215493,LeaderAccept
1785419215451,false,1785419215540,LeaderAccept
1785419215497,false,1785419215587,LeaderAccept
1785419215546,true,1785419215635,LeaderAccept
1785419215596,true,1785419215685,LeaderAccept
1785419215647,true,1785419215736,LeaderAccept
1785419215700,false,1785419215789,LeaderAccept
1785419215754,true,1785419215842,LeaderAccept
1785419215808,true,1785419215898,LeaderAccept
1785419215865,false,1785419215954,LeaderAccept
1785419215923,true,1785419215993,LeaderAccept
1785419215982,true,1785419216045,FastAccept
1785419216044,false,1785419216108,FastAccept
1785419216108,true,1785419216169,FastAccept
1785419216173,true,1785419216235,FastAccept
1785419216241,true,1785419216302,FastAccept
1785419216311,false,1785419216373,FastAccept
1785419216383,false,1785419216445,FastAccept
1785419216457,false,1785419216519,FastAccept
1785419216534,false,1785419216597,FastAccept
1785419216615,false,1785419216678,FastAccept
1785419216699,true,1785419216762,FastAccept
1785419216787,false,1785419216849,FastAccept
1785419216878,true,1785419216940,FastAccept
1785419216974,true,1785419217036,FastAccept
1785419217075,true,1785419217136,FastAccept
1785419217180,false,1785419217242,FastAccept
1785419217291,false,1785419217353,FastAccept
1785419217408,true,1785419217497,LeaderAccept
1785419217532,false,1785419217621,LeaderAccept
1785419217665,true,1785419217753,LeaderAccept
1785419217806,true,1785419217875,LeaderAccept
1785419217956,true,1785419218045,LeaderAccept
1785419218118,false,1785419218207,LeaderAccept
1785419218295,false,1785419218365,LeaderAccept
1785419218488,false,1785419218577,LeaderAccept
1785419218700,false,1785419218769,LeaderAccept
1785419218935,true,1785419219023,LeaderAccept
1785419219200,true,1785419219270,LeaderAccept
1785419219501,false,1785419219590,LeaderAccept
1785419219853,true,1785419219941,LeaderAccept
1785419220272,true,1785419220342,LeaderAccept
1785419220788,true,1785419220850,FastAccept
1785419221455,true,1785419221516,FastAccept
1785419222385,false,1785419222447,FastAccept
1785419223865,true,1785419223927,FastAccept
1785419226965,true,1785419227028,FastAccept
1785419229955,false,1785419230044,LeaderAccept
1785419229970,false,1785419230059,LeaderAccept
1785419229987,true,1785419230076,LeaderAccept
1785419230004,true,1785419230092,LeaderAccept
1785419230020,true,1785419230109,LeaderAccept
1785419230037,true,1785419230125,LeaderAccept
1785419230053,false,1785419230141,LeaderAccept
1785419230070,false,1785419230158,LeaderAccept
1785419230086,false,1785419230175,LeaderAccept
1785419230102,false,1785419230172,LeaderAccept
1785419230118,false,1785419230206,LeaderAccept
1785419230136,false,1785419230224,LeaderAccept
1785419230153,true,1785419230241,LeaderAccept
1785419230169,true,1785419230258,LeaderAccept
1785419230186,true,1785419230274,LeaderAccept
1785419230204,true,1785419230273,LeaderAccept
1785419230222,false,1785419230291,LeaderAccept
1785419230239,false,1785419230308,LeaderAccept
1785419230257,true,1785419230326,LeaderAccept
1785419230274,true,1785419230343,LeaderAccept
1785419230292,true,1785419230361,LeaderAccept
1785419230311,false,1785419230380,LeaderAccept
1785419230330,true,1785419230400,LeaderAccept
1785419230349,false,1785419230418,LeaderAccept
1785419230367,false,1785419230437,LeaderAccept
1785419230386,true,1785419230456,LeaderAccept
1785419230406,false,1785419230476,LeaderAccept
1785419230426,false,1785419230496,LeaderAccept
1785419230446,false,1785419230515,LeaderAccept
1785419230466,true,1785419230535,LeaderAccept
1785419230486,false,1785419230555,LeaderAccept
1785419230506,false,1785419230576,LeaderAccept
1785419230527,true,1785419230596,LeaderAccept
1785419230547,true,1785419230617,LeaderAccept
1785419230569,false,1785419230638,LeaderAccept
1785419230590,true,1785419230659,LeaderAccept
1785419230612,true,1785419230680,LeaderAccept
1785419230632,true,1785419230701,LeaderAccept
1785419230654,true,1785419230723,LeaderAccept
1785419230676,false,1785419230745,LeaderAccept
1785419230698,false,1785419230767,LeaderAccept
1785419230720,true,1785419230788,LeaderAccept
1785419230742,true,1785419230811,LeaderAccept
1785419230764,true,1785419230834,LeaderAccept
1785419230788,true,1785419230857,LeaderAccept
1785419230811,true,1785419230881,LeaderAccept
1785419230835,false,1785419230904,LeaderAccept
1785419230858,true,1785419230928,LeaderAccept
1785419230883,true,1785419230952,LeaderAccept
1785419230907,false,1785419230977,LeaderAccept
1785419230932,false,1785419231002,LeaderAccept
1785419230957,false,1785419231026,LeaderAccept
1785419230981,true,1785419231050,LeaderAccept
1785419231007,true,1785419231076,LeaderAccept
1785419231033,false,1785419231102,LeaderAccept
1785419231058,false,1785419231128,LeaderAccept
1785419231085,false,1785419231154,LeaderAccept
1785419231112,false,1785419231181,LeaderAccept
1785419231139,false,1785419231207,LeaderAccept
1785419231166,false,1785419231234,LeaderAccept
1785419231193,false,1785419231262,LeaderAccept
1785419231222,false,1785419231310,LeaderAccept
1785419231251,false,1785419231320,LeaderAccept
1785419231280,false,1785419231348,LeaderAccept
1785419231309,false,1785419231398,LeaderAccept
1785419231338,false,1785419231428,LeaderAccept
1785419231369,false,1785419231438,LeaderAccept
1785419231400,true,1785419231468,LeaderAccept
1785419231431,true,1785419231521,LeaderAccept
1785419231463,false,1785419231552,LeaderAccept
1785419231495,false,1785419231566,LeaderAccept
1785419231528,true,1785419231616,LeaderAccept
1785419231560,true,1785419231650,LeaderAccept
1785419231593,false,1785419231682,LeaderAccept
1785419231628,false,1785419231716,LeaderAccept
1785419231662,false,1785419231732,LeaderAccept
1785419231698,false,1785419231787,LeaderAccept
1785419231734,true,1785419231823,LeaderAccept
1785419231770,true,1785419231859,LeaderAccept
1785419231808,true,1785419231897,LeaderAccept
1785419231846,true,1785419231915,LeaderAccept
1785419231885,false,1785419231954,LeaderAccept
1785419231925,true,1785419231995,LeaderAccept
1785419231964,false,1785419232034,LeaderAccept
1785419232006,false,1785419232096,LeaderAccept
1785419232047,true,1785419232136,LeaderAccept
1785419232090,false,1785419232178,LeaderAccept
1785419232133,false,1785419232203,LeaderAccept
1785419232178,false,1785419232266,LeaderAccept
1785419232224,false,1785419232313,LeaderAccept
1785419232271,true,1785419232359,LeaderAccept
1785419232317,false,1785419232407,LeaderAccept
1785419232365,true,1785419232434,LeaderAccept
1785419232415,false,1785419232477,FastAccept
1785419232466,true,1785419232555,LeaderAccept
1785419232517,false,1785419232606,LeaderAccept
1785419232571,true,1785419232660,LeaderAccept
1785419232626,true,1785419232715,LeaderAccept
1785419232683,false,1785419232753,LeaderAccept
1785419232741,false,1785419232832,SlowAccept
1785419232801,true,1785419232871,LeaderAccept
1785419232863,true,1785419232925,FastAccept
1785419232927,false,1785419233016,LeaderAccept
1785419232993,false,1785419233055,FastAccept
1785419233061,true,1785419233123,FastAccept
1785419233130,true,1785419233219,LeaderAccept
1785419233203,false,1785419233293,LeaderAccept
1785419233278,false,1785419233340,FastAccept
1785419233356,false,1785419233419,FastAccept
1785419233437,true,1785419233499,FastAccept
1785419233520,false,1785419233609,LeaderAccept
1785419233608,true,1785419233670,FastAccept
1785419233698,true,1785419233760,FastAccept
1785419233793,true,1785419233883,LeaderAccept
1785419233894,true,1785419233985,SlowAccept
1785419233999,false,1785419234061,FastAccept
1785419234111,false,1785419234200,LeaderAccept
1785419234228,false,1785419234318,LeaderAccept
1785419234353,true,1785419234415,FastAccept
1785419234486,false,1785419234548,FastAccept
1785419234628,false,1785419234689,FastAccept
1785419234778,false,1785419234867,LeaderAccept
1785419234942,false,1785419235003,FastAccept
1785419235119,false,1785419235180,FastAccept
1785419235312,false,1785419235401,LeaderAccept
1785419235524,true,1785419235613,LeaderAccept
1785419235761,false,1785419235823,FastAccept
1785419236028,false,1785419236090,FastAccept
1785419236332,false,1785419236394,FastAccept
1785419236685,false,1785419236775,LeaderAccept
1785419237107,true,1785419237169,FastAccept
1785419237627,true,1785419237690,FastAccept
1785419238301,true,1785419238362,FastAccept
1785419239245,true,1785419239306,FastAccept
1785419240757,true,1785419240846,LeaderAccept
1785419243977,false,1785419244038,FastAccept
1785419258426,true,1785419258540,LeaderAccept
1785419258451,false,1785419258565,LeaderAccept
1785419258477,true,1785419258591,LeaderAccept
1785419258503,true,1785419258617,LeaderAccept
1785419258530,true,1785419258644,LeaderAccept
1785419258556,true,1785419258670,LeaderAccept
1785419258583,false,1785419258697,LeaderAccept
1785419258610,true,1785419258724,LeaderAccept
1785419258638,false,1785419258752,LeaderAccept
1785419258666,true,1785419258780,LeaderAccept
1785419258693,false,1785419258808,LeaderAccept
1785419258721,true,1785419258835,LeaderAccept
1785419258751,false,1785419258865,LeaderAccept
1785419258781,false,1785419258895,LeaderAccept
1785419258811,false,1785419258925,LeaderAccept
1785419258840,false,1785419258955,LeaderAccept
1785419258871,false,1785419258985,LeaderAccept
1785419258901,false,1785419259015,LeaderAccept
1785419258933,false,1785419259048,LeaderAccept
1785419258965,true,1785419259079,LeaderAccept
1785419258997,false,1785419259112,LeaderAccept
1785419259030,true,1785419259145,LeaderAccept
1785419259064,false,1785419259178,LeaderAccept
1785419259097,false,1785419259211,LeaderAccept
1785419259131,false,1785419259247,LeaderAccept
1785419259166,false,1785419259279,LeaderAccept
1785419259202,false,1785419259315,LeaderAccept
1785419259238,false,1785419259352,LeaderAccept
1785419259275,false,1785419259389,LeaderAccept
1785419259313,false,1785419259427,LeaderAccept
1785419259351,false,1785419259465,LeaderAccept
1785419259389,true,1785419259503,LeaderAccept
1785419259429,true,1785419259543,LeaderAccept
1785419259470,false,1785419259585,LeaderAccept
1785419259511,false,1785419259625,LeaderAccept
1785419259554,true,1785419259668,LeaderAccept
1785419259597,false,1785419259711,LeaderAccept
1785419259641,false,1785419259754,LeaderAccept
1785419259686,true,1785419259800,LeaderAccept
1785419259732,false,1785419259847,LeaderAccept
1785419259779,true,1785419259893,LeaderAccept
1785419259827,true,1785419259941,LeaderAccept
1785419259876,true,1785419259990,LeaderAccept
1785419259927,true,1785419260042,LeaderAccept
1785419259978,false,1785419260093,LeaderAccept
1785419260032,true,1785419260146,LeaderAccept
1785419260087,true,1785419260201,LeaderAccept
1785419260143,true,1785419260257,LeaderAccept
1785419260200,false,1785419260314,LeaderAccept
1785419260259,true,1785419260374,LeaderAccept
1785419260320,true,1785419260435,LeaderAccept
1785419260383,true,1785419260497,LeaderAccept
1785419260448,true,1785419260563,LeaderAccept
1785419260515,false,1785419260629,LeaderAccept
1785419260583,true,1785419260698,LeaderAccept
1785419260655,true,1785419260770,LeaderAccept
1785419260729,true,1785419260843,LeaderAccept
1785419260806,true,1785419260920,LeaderAccept
1785419260885,false,1785419261000,LeaderAccept
1785419260968,true,1785419261082,LeaderAccept
1785419261053,false,1785419261168,LeaderAccept
1785419261143,false,1785419261259,LeaderAccept
1785419261238,false,1785419261352,LeaderAccept
1785419261336,false,1785419261451,LeaderAccept
1785419261440,false,1785419261574,LeaderAccept
1785419261549,false,1785419261663,LeaderAccept
1785419261664,true,1785419261778,LeaderAccept
1785419261785,false,1785419261899,LeaderAccept
1785419261915,false,1785419262029,LeaderAccept
1785419262052,false,1785419262165,LeaderAccept
1785419262199,false,1785419262313,LeaderAccept
1785419262356,false,1785419262471,LeaderAccept
1785419262528,true,1785419262642,LeaderAccept
1785419262714,true,1785419262829,LeaderAccept
1785419262918,false,1785419263033,LeaderAccept
1785419263144,false,1785419263258,LeaderAccept
1785419263398,true,1785419263512,LeaderAccept
1785419263684,false,1785419263798,LeaderAccept
1785419264016,false,1785419264129,LeaderAccept
1785419264406,true,1785419264520,LeaderAccept
1785419264880,true,1785419264994,LeaderAccept
1785419265481,false,1785419265595,LeaderAccept
1785419266291,true,1785419266406,LeaderAccept
1785419266530,true,1785419266645,LeaderAccept
1785419266566,false,1785419266680,LeaderAccept
1785419266602,true,1785419266717,LeaderAccept
1785419266640,true,1785419266755,LeaderAccept
1785419266678,true,1785419266792,LeaderAccept
1785419266717,false,1785419266832,LeaderAccept
1785419266756,false,1785419266871,LeaderAccept
1785419266797,false,1785419266911,LeaderAccept
1785419266838,true,1785419266952,LeaderAccept
1785419266880,false,1785419266994,LeaderAccept
1785419266923,false,1785419267037,LeaderAccept
1785419266967,false,1785419267082,LeaderAccept
1785419267012,true,1785419267145,LeaderAccept
1785419267057,true,1785419267171,LeaderAccept
1785419267103,false,1785419267217,LeaderAccept
1785419267151,false,1785419267266,LeaderAccept
1785419267200,false,1785419267315,LeaderAccept
1785419267249,false,1785419267364,LeaderAccept
1785419267301,false,1785419267415,LeaderAccept
1785419267354,true,1785419267469,LeaderAccept
1785419267408,true,1785419267523,LeaderAccept
1785419267463,false,1785419267578,LeaderAccept
1785419267520,false,1785419267635,LeaderAccept
1785419267578,true,1785419267691,LeaderAccept
1785419267637,true,1785419267751,LeaderAccept
1785419267699,true,1785419267812,LeaderAccept
1785419267762,true,1785419267877,LeaderAccept
1785419267828,true,1785419267942,LeaderAccept
1785419267895,true,1785419268010,LeaderAccept
1785419267965,true,1785419268080,LeaderAccept
1785419268037,false,1785419268152,LeaderAccept
1785419268112,false,1785419268227,LeaderAccept
1785419268190,false,1785419268305,LeaderAccept
1785419268272,true,1785419268387,LeaderAccept
1785419268356,false,1785419268471,LeaderAccept
1785419268445,false,1785419268551,FastAccept
1785419268537,false,1785419268652,LeaderAccept
1785419268633,false,1785419268766,LeaderAccept
1785419268733,false,1785419268848,LeaderAccept
1785419268840,false,1785419268975,LeaderAccept
1785419268952,false,1785419269059,FastAccept
1785419269070,true,1785419269177,FastAccept
1785419269196,true,1785419269311,LeaderAccept
1785419269329,true,1785419269438,FastAccept
1785419269472,false,1785419269579,FastAccept
1785419269625,false,1785419269732,FastAccept
1785419269790,false,1785419269905,LeaderAccept
1785419269968,true,1785419270075,FastAccept
1785419270164,false,1785419270271,FastAccept
1785419270379,true,1785419270494,LeaderAccept
1785419270619,true,1785419270726,FastAccept
1785419270889,true,1785419270996,FastAccept
1785419271199,false,1785419271313,LeaderAccept
1785419271560,true,1785419271667,FastAccept
1785419271992,true,1785419272099,FastAccept
1785419272528,false,1785419272635,FastAccept
1785419273228,true,1785419273335,FastAccept
1785419274222,false,1785419274329,FastAccept
1785419275853,true,1785419275960,FastAccept
1785419279539,false,1785419279646,FastAccept
1785419302812,false,1785419302919,FastAccept
1785419307766,true,1785419307873,FastAccept
1785419307792,true,1785419307900,FastAccept
1785419307819,true,1785419307926,FastAccept
1785419307845,false,1785419307952,FastAccept
1785419307873,false,1785419307980,FastAccept
1785419307900,true,1785419308008,FastAccept
1785419307929,false,1785419308037,FastAccept
1785419307958,false,1785419308065,FastAccept
1785419307987,true,1785419308094,FastAccept
1785419308016,false,1785419308123,FastAccept
1785419308046,true,1785419308181,SlowAccept
1785419308075,false,1785419308219,LeaderAccept
1785419308106,false,1785419308221,LeaderAccept
1785419308136,false,1785419308250,LeaderAccept
1785419308168,false,1785419308283,LeaderAccept
1785419308200,true,1785419308316,LeaderAccept
1785419308232,false,1785419308346,LeaderAccept
1785419308265,true,1785419308380,LeaderAccept
1785419308299,false,1785419308414,LeaderAccept
1785419308333,true,1785419308448,LeaderAccept
1785419308367,false,1785419308481,LeaderAccept
1785419308403,true,1785419308517,LeaderAccept
1785419308439,false,1785419308553,LeaderAccept
1785419308475,false,1785419308590,LeaderAccept
1785419308512,false,1785419308626,LeaderAccept
1785419308549,true,1785419308663,LeaderAccept
1785419308587,true,1785419308702,LeaderAccept
1785419308626,true,1785419308740,LeaderAccept
1785419308665,true,1785419308780,LeaderAccept
1785419308706,true,1785419308820,LeaderAccept
1785419308746,true,1785419308861,LeaderAccept
1785419308789,true,1785419308903,LeaderAccept
1785419308832,false,1785419308946,LeaderAccept
1785419308875,true,1785419308990,LeaderAccept
1785419308920,true,1785419309035,LeaderAccept
1785419308967,true,1785419309083,LeaderAccept
1785419309014,true,1785419309128,LeaderAccept
1785419309062,false,1785419309176,LeaderAccept
1785419309110,true,1785419309224,LeaderAccept
1785419309161,true,1785419309275,LeaderAccept
1785419309213,false,1785419309327,LeaderAccept
1785419309265,false,1785419309380,LeaderAccept
1785419309320,true,1785419309434,LeaderAccept
1785419309376,false,1785419309491,LeaderAccept
1785419309433,false,1785419309548,LeaderAccept
1785419309492,false,1785419309607,LeaderAccept
1785419309553,false,1785419309667,LeaderAccept
1785419309615,false,1785419309730,LeaderAccept
1785419309680,true,1785419309794,LeaderAccept
1785419309746,false,1785419309861,LeaderAccept
1785419309813,true,1785419309929,LeaderAccept
1785419309885,true,1785419310000,LeaderAccept
1785419309958,false,1785419310073,LeaderAccept
1785419310035,true,1785419310150,LeaderAccept
1785419310114,false,1785419310230,LeaderAccept
1785419310197,false,1785419310311,LeaderAccept
1785419310283,false,1785419310397,LeaderAccept
1785419310373,false,1785419310487,LeaderAccept
1785419310466,true,1785419310580,LeaderAccept
1785419310564,false,1785419310679,LeaderAccept
1785419310667,true,1785419310781,LeaderAccept
1785419310775,true,1785419310890,LeaderAccept
1785419310890,true,1785419311024,LeaderAccept
1785419311011,true,1785419311145,LeaderAccept
1785419311139,true,1785419311274,LeaderAccept
1785419311275,false,1785419311390,LeaderAccept
1785419311421,true,1785419311535,LeaderAccept
1785419311578,false,1785419311693,LeaderAccept
1785419311747,true,1785419311863,LeaderAccept
1785419311932,true,1785419312047,LeaderAccept
1785419312134,true,1785419312249,LeaderAccept
1785419312358,false,1785419312474,LeaderAccept
1785419312608,false,1785419312723,LeaderAccept
1785419312891,true,1785419313007,LeaderAccept
1785419313217,false,1785419313331,LeaderAccept
1785419313601,false,1785419313715,LeaderAccept
1785419314065,false,1785419314180,LeaderAccept
1785419314649,false,1785419314783,LeaderAccept
1785419315432,true,1785419315547,LeaderAccept
1785419316588,true,1785419316695,FastAccept
1785419318650,true,1785419318765,LeaderAccept
1785419324430,true,1785419324537,FastAccept
1785419349017,true,1785419349123,FastAccept
1785419349031,true,1785419349138,FastAccept
1785419349047,false,1785419349154,FastAccept
1785419349063,true,1785419349169,FastAccept
1785419349078,false,1785419349185,FastAccept
1785419349094,true,1785419349200,FastAccept
1785419349110,true,1785419349216,FastAccept
1785419349126,false,1785419349232,FastAccept
1785419349141,true,1785419349248,FastAccept
1785419349157,false,1785419349264,FastAccept
1785419349174,true,1785419349281,FastAccept
1785419349191,false,1785419349297,FastAccept
1785419349207,true,1785419349313,FastAccept
1785419349224,false,1785419349330,FastAccept
1785419349240,true,1785419349348,FastAccept
1785419349258,false,1785419349364,FastAccept
1785419349275,false,1785419349382,FastAccept
1785419349292,true,1785419349399,FastAccept
1785419349309,false,1785419349415,FastAccept
1785419349326,true,1785419349432,FastAccept
1785419349344,false,1785419349451,FastAccept
1785419349362,false,1785419349468,FastAccept
1785419349380,false,1785419349487,FastAccept
1785419349398,true,1785419349504,FastAccept
1785419349415,true,1785419349522,FastAccept
1785419349434,false,1785419349540,FastAccept
1785419349452,false,1785419349558,FastAccept
1785419349471,true,1785419349577,FastAccept
1785419349490,false,1785419349597,FastAccept
1785419349509,false,1785419349616,FastAccept
1785419349528,false,1785419349635,FastAccept
1785419349548,true,1785419349654,FastAccept
1785419349567,false,1785419349673,FastAccept
1785419349586,true,1785419349692,FastAccept
1785419349606,false,1785419349713,FastAccept
1785419349626,false,1785419349732,FastAccept
1785419349646,true,1785419349752,FastAccept
1785419349667,false,1785419349773,FastAccept
1785419349687,false,1785419349794,FastAccept
1785419349708,false,1785419349815,FastAccept
1785419349728,true,1785419349835,FastAccept
1785419349750,false,1785419349856,FastAccept
1785419349771,false,1785419349877,FastAccept
1785419349792,false,1785419349899,FastAccept
1785419349814,true,1785419349920,FastAccept
1785419349835,false,1785419349943,FastAccept
1785419349857,false,1785419349964,FastAccept
1785419349880,true,1785419349986,FastAccept
1785419349902,false,1785419350009,FastAccept
1785419349924,false,1785419350031,FastAccept
1785419349948,true,1785419350055,FastAccept
1785419349970,true,1785419350129,LeaderAccept
1785419349994,true,1785419350129,SlowAccept
1785419350018,true,1785419350152,LeaderAccept
1785419350041,false,1785419350175,LeaderAccept
1785419350066,false,1785419350181,LeaderAccept
1785419350091,true,1785419350205,LeaderAccept
1785419350116,true,1785419350231,LeaderAccept
1785419350141,false,1785419350255,LeaderAccept
1785419350166,true,1785419350281,LeaderAccept
1785419350193,true,1785419350308,LeaderAccept
1785419350219,false,1785419350335,LeaderAccept
1785419350246,false,1785419350360,LeaderAccept
1785419350272,true,1785419350387,LeaderAccept
1785419350299,true,1785419350414,LeaderAccept
1785419350327,true,1785419350441,LeaderAccept
1785419350355,true,1785419350470,LeaderAccept
1785419350383,false,1785419350498,LeaderAccept
1785419350412,true,1785419350526,LeaderAccept
1785419350440,true,1785419350554,LeaderAccept
1785419350469,false,1785419350585,LeaderAccept
1785419350499,false,1785419350614,LeaderAccept
1785419350529,false,1785419350643,LeaderAccept
1785419350561,false,1785419350675,LeaderAccept
1785419350592,false,1785419350706,LeaderAccept
1785419350624,false,1785419350739,LeaderAccept
1785419350657,false,1785419350771,LeaderAccept
1785419350690,false,1785419350805,LeaderAccept
1785419350723,true,1785419350838,LeaderAccept
1785419350757,false,1785419350872,LeaderAccept
1785419350792,false,1785419350906,LeaderAccept
1785419350826,false,1785419350942,LeaderAccept
1785419350862,true,1785419350978,LeaderAccept
1785419350899,false,1785419351015,LeaderAccept
1785419350936,true,1785419351050,LeaderAccept
1785419350974,false,1785419351090,LeaderAccept
1785419351013,false,1785419351127,LeaderAccept
1785419351052,true,1785419351167,LeaderAccept
1785419351092,true,1785419351207,LeaderAccept
1785419351132,false,1785419351247,LeaderAccept
1785419351173,true,1785419351288,LeaderAccept
1785419351215,false,1785419351331,LeaderAccept
1785419351258,true,1785419351373,LeaderAccept
1785419351302,false,1785419351417,LeaderAccept
1785419351347,false,1785419351461,LeaderAccept
1785419351393,false,1785419351508,LeaderAccept
1785419351439,false,1785419351555,LeaderAccept
1785419351487,true,1785419351603,LeaderAccept
1785419351536,false,1785419351651,LeaderAccept
1785419351587,true,1785419351702,LeaderAccept
1785419351639,true,1785419351754,LeaderAccept
1785419351692,true,1785419351807,LeaderAccept
1785419351746,true,1785419351861,LeaderAccept
1785419351802,false,1785419351917,LeaderAccept
1785419351859,true,1785419351974,LeaderAccept
1785419351918,true,1785419352033,LeaderAccept
1785419351978,false,1785419352093,LeaderAccept
1785419352040,true,1785419352156,LeaderAccept
1785419352104,false,1785419352219,LeaderAccept
1785419352171,false,1785419352286,LeaderAccept
1785419352240,true,1785419352355,LeaderAccept
1785419352311,false,1785419352426,LeaderAccept
1785419352385,true,1785419352499,LeaderAccept
1785419352462,true,1785419352577,LeaderAccept
1785419352541,true,1785419352656,LeaderAccept
1785419352623,true,1785419352738,LeaderAccept
1785419352709,false,1785419352823,LeaderAccept
1785419352798,true,1785419352913,LeaderAccept
1785419352892,true,1785419353008,LeaderAccept
1785419352990,true,1785419353106,LeaderAccept
1785419353093,true,1785419353227,LeaderAccept
1785419353201,false,1785419353308,FastAccept
1785419353315,true,1785419353422,FastAccept
1785419353435,true,1785419353551,LeaderAccept
1785419353562,false,1785419353677,LeaderAccept
1785419353699,false,1785419353834,LeaderAccept
1785419353845,true,1785419353952,FastAccept
1785419354002,false,1785419354108,FastAccept
1785419354171,false,1785419354278,FastAccept
1785419354355,true,1785419354469,LeaderAccept
1785419354557,true,1785419354692,LeaderAccept
1785419354780,true,1785419354888,FastAccept
1785419355029,true,1785419355136,FastAccept
1785419355312,false,1785419355419,FastAccept
1785419355636,true,1785419355744,FastAccept
1785419356019,true,1785419356134,LeaderAccept
1785419356482,false,1785419356588,FastAccept
1785419357063,false,1785419357171,FastAccept
1785419357842,false,1785419357949,FastAccept
1785419358991,true,1785419359098,FastAccept
1785419361029,true,1785419361137,FastAccept
1785419366675,true,1785419366790,LeaderAccept
1785419380714,true,1785419380828,LeaderAccept
1785419380732,true,1785419380847,LeaderAccept
1785419380750,true,1785419380864,LeaderAccept
1785419380767,false,1785419380882,LeaderAccept
1785419380784,false,1785419380899,LeaderAccept
1785419380802,true,1785419380916,LeaderAccept
1785419380820,true,1785419380935,LeaderAccept
1785419380839,true,1785419380953,LeaderAccept
1785419380857,false,1785419380971,LeaderAccept
1785419380875,false,1785419380990,LeaderAccept
1785419380894,false,1785419381009,LeaderAccept
1785419380913,true,1785419381028,LeaderAccept
1785419380932,true,1785419381047,LeaderAccept
1785419380951,true,1785419381066,LeaderAccept
1785419380969,false,1785419381084,LeaderAccept
1785419380989,false,1785419381104,LeaderAccept
1785419381008,false,1785419381123,LeaderAccept
1785419381029,true,1785419381144,LeaderAccept
1785419381049,false,1785419381164,LeaderAccept
1785419381070,false,1785419381186,LeaderAccept
1785419381091,false,1785419381205,LeaderAccept
1785419381112,true,1785419381226,LeaderAccept
1785419381132,true,1785419381247,LeaderAccept
1785419381153,true,1785419381268,LeaderAccept
1785419381175,false,1785419381291,LeaderAccept
1785419381197,true,1785419381312,LeaderAccept
1785419381218,true,1785419381334,LeaderAccept
1785419381240,true,1785419381355,LeaderAccept
1785419381261,true,1785419381376,LeaderAccept
1785419381284,true,1785419381398,LeaderAccept
1785419381307,true,1785419381422,LeaderAccept
1785419381330,false,1785419381445,LeaderAccept
1785419381353,true,1785419381467,LeaderAccept
1785419381376,false,1785419381490,LeaderAccept
1785419381400,false,1785419381515,LeaderAccept
1785419381424,false,1785419381540,LeaderAccept
1785419381449,false,1785419381564,LeaderAccept
1785419381473,true,1785419381588,LeaderAccept
1785419381498,false,1785419381613,LeaderAccept
1785419381523,true,1785419381638,LeaderAccept
1785419381548,true,1785419381663,LeaderAccept
1785419381574,false,1785419381689,LeaderAccept
1785419381600,false,1785419381714,LeaderAccept
1785419381626,true,1785419381741,LeaderAccept
1785419381653,true,1785419381767,LeaderAccept
1785419381679,true,1785419381795,LeaderAccept
1785419381707,true,1785419381823,LeaderAccept
1785419381734,false,1785419381850,LeaderAccept
1785419381763,true,1785419381877,LeaderAccept
1785419381791,true,1785419381908,LeaderAccept
1785419381820,false,1785419381935,LeaderAccept
1785419381849,false,1785419381964,LeaderAccept
1785419381879,false,1785419381994,LeaderAccept
1785419381908,false,1785419382024,LeaderAccept
1785419381939,false,1785419382053,LeaderAccept
1785419381970,false,1785419382087,LeaderAccept
1785419382002,false,1785419382117,LeaderAccept
1785419382034,false,1785419382149,LeaderAccept
1785419382066,false,1785419382181,LeaderAccept
1785419382099,false,1785419382214,LeaderAccept
1785419382133,false,1785419382249,LeaderAccept
1785419382168,true,1785419382284,LeaderAccept
1785419382203,true,1785419382318,LeaderAccept
1785419382238,false,1785419382353,LeaderAccept
1785419382274,false,1785419382389,LeaderAccept
1785419382311,true,1785419382426,LeaderAccept
1785419382348,true,1785419382463,LeaderAccept
1785419382386,true,1785419382501,LeaderAccept
1785419382425,false,1785419382539,LeaderAccept
1785419382464,false,1785419382579,LeaderAccept
1785419382503,false,1785419382618,LeaderAccept
1785419382544,false,1785419382658,LeaderAccept
1785419382585,false,1785419382700,LeaderAccept
1785419382627,false,1785419382741,LeaderAccept
1785419382670,false,1785419382784,LeaderAccept
1785419382714,false,1785419382830,LeaderAccept
1785419382759,true,1785419382874,LeaderAccept
1785419382804,false,1785419382919,LeaderAccept
1785419382851,false,1785419382967,LeaderAccept
1785419382899,false,1785419383013,LeaderAccept
1785419382947,true,1785419383063,LeaderAccept
1785419382998,true,1785419383112,LeaderAccept
1785419383048,false,1785419383163,LeaderAccept
1785419383102,false,1785419383217,LeaderAccept
1785419383156,false,1785419383270,LeaderAccept
1785419383212,true,1785419383326,LeaderAccept
1785419383269,false,1785419383384,LeaderAccept
1785419383328,false,1785419383442,LeaderAccept
1785419383389,false,1785419383503,LeaderAccept
1785419383452,false,1785419383566,LeaderAccept
1785419383517,true,1785419383632,LeaderAccept
1785419383584,false,1785419383697,LeaderAccept
1785419383652,false,1785419383766,LeaderAccept
1785419383723,false,1785419383836,LeaderAccept
1785419383796,false,1785419383911,LeaderAccept
1785419383872,true,1785419383986,LeaderAccept
1785419383951,true,1785419384067,LeaderAccept
1785419384034,true,1785419384149,LeaderAccept
1785419384119,true,1785419384234,LeaderAccept
1785419384209,true,1785419384325,LeaderAccept
1785419384301,false,1785419384416,LeaderAccept
1785419384399,true,1785419384514,LeaderAccept
1785419384502,true,1785419384676,LeaderAccept
1785419384609,true,1785419384783,LeaderAccept
1785419384722,true,1785419384897,LeaderAccept
1785419384843,true,1785419385017,LeaderAccept
1785419384971,true,1785419385145,LeaderAccept
1785419385107,false,1785419385281,LeaderAccept
1785419385252,true,1785419385426,LeaderAccept
1785419385408,false,1785419385582,LeaderAccept
1785419385577,false,1785419385750,LeaderAccept
1785419385760,true,1785419385933,LeaderAccept
1785419385960,true,1785419386135,LeaderAccept
1785419386183,false,1785419386358,LeaderAccept
1785419386431,false,1785419386605,LeaderAccept
1785419386712,true,1785419386887,LeaderAccept
1785419387035,true,1785419387210,LeaderAccept
1785419387413,true,1785419387579,FastAccept
1785419387871,false,1785419388046,LeaderAccept
1785419388446,true,1785419388612,FastAccept
1785419389211,true,1785419389378,FastAccept
1785419390334,false,1785419390509,LeaderAccept
1785419392301,true,1785419392476,LeaderAccept
1785419397558,false,1785419397725,FastAccept
1785419398075,true,1785419398249,LeaderAccept
1785419398114,false,1785419398288,LeaderAccept
1785419398155,true,1785419398329,LeaderAccept
1785419398197,false,1785419398371,LeaderAccept
1785419398239,true,1785419398413,LeaderAccept
1785419398283,true,1785419398457,LeaderAccept
1785419398326,false,1785419398501,LeaderAccept
1785419398371,true,1785419398546,LeaderAccept
1785419398418,true,1785419398593,LeaderAccept
1785419398465,false,1785419398639,LeaderAccept
1785419398512,true,1785419398687,LeaderAccept
1785419398562,false,1785419398736,LeaderAccept
1785419398612,true,1785419398788,LeaderAccept
1785419398664,true,1785419398839,LeaderAccept
1785419398718,false,1785419398893,LeaderAccept
1785419398772,false,1785419398947,LeaderAccept
1785419398829,false,1785419399003,LeaderAccept
1785419398887,true,1785419399061,LeaderAccept
1785419398946,false,1785419399120,LeaderAccept
1785419399007,true,1785419399181,LeaderAccept
1785419399069,false,1785419399244,LeaderAccept
1785419399133,true,1785419399308,LeaderAccept
1785419399200,false,1785419399374,LeaderAccept
1785419399268,false,1785419399443,LeaderAccept
1785419399340,false,1785419399514,LeaderAccept
1785419399414,true,1785419399589,LeaderAccept
1785419399491,true,1785419399666,LeaderAccept
1785419399571,false,1785419399746,LeaderAccept
1785419399653,false,1785419399828,LeaderAccept
1785419399739,false,1785419399915,LeaderAccept
1785419399830,false,1785419400004,LeaderAccept
1785419399924,false,1785419400099,LeaderAccept
1785419400023,true,1785419400198,LeaderAccept
1785419400126,true,1785419400301,LeaderAccept
1785419400235,true,1785419400410,LeaderAccept
1785419400350,true,1785419400524,LeaderAccept
1785419400472,true,1785419400646,LeaderAccept
1785419400601,false,1785419400775,LeaderAccept
1785419400739,false,1785419400914,LeaderAccept
1785419400887,true,1785419401061,LeaderAccept
1785419401046,true,1785419401220,LeaderAccept
1785419401218,true,1785419401393,LeaderAccept
1785419401405,true,1785419401579,LeaderAccept
1785419401611,true,1785419401784,LeaderAccept
1785419401838,false,1785419402011,LeaderAccept
1785419402092,false,1785419402267,LeaderAccept
1785419402381,true,1785419402556,LeaderAccept
1785419402714,false,1785419402888,LeaderAccept
1785419403108,false,1785419403283,LeaderAccept
1785419403587,true,1785419403761,LeaderAccept
1785419404194,false,1785419404369,LeaderAccept
1785419405018,false,1785419405193,LeaderAccept
1785419406260,false,1785419406435,LeaderAccept
1785419408572,true,1785419408767,LeaderAccept
1785419409741,false,1785419409916,LeaderAccept
1785419409767,true,1785419409961,LeaderAccept
1785419409793,false,1785419409992,LeaderAccept
1785419409819,true,1785419410034,LeaderAccept
1785419409845,true,1785419410062,LeaderAccept
1785419409872,true,1785419410062,LeaderAccept
1785419409899,true,1785419410074,LeaderAccept
1785419409926,false,1785419410101,LeaderAccept
1785419409954,true,1785419410128,LeaderAccept
1785419409982,false,1785419410157,LeaderAccept
1785419410010,false,1785419410184,LeaderAccept
1785419410039,true,1785419410213,LeaderAccept
1785419410067,true,1785419410243,LeaderAccept
1785419410097,true,1785419410272,LeaderAccept
1785419410128,true,1785419410302,LeaderAccept
1785419410159,false,1785419410335,LeaderAccept
1785419410191,false,1785419410366,LeaderAccept
1785419410223,true,1785419410397,LeaderAccept
1785419410255,true,1785419410430,LeaderAccept
1785419410288,false,1785419410463,LeaderAccept
1785419410320,false,1785419410495,LeaderAccept
1785419410353,true,1785419410528,LeaderAccept
1785419410388,false,1785419410562,LeaderAccept
1785419410423,true,1785419410598,LeaderAccept
1785419410458,false,1785419410633,LeaderAccept
1785419410494,false,1785419410670,LeaderAccept
1785419410531,false,1785419410707,LeaderAccept
1785419410568,false,1785419410743,LeaderAccept
1785419410606,true,1785419410780,LeaderAccept
1785419410645,false,1785419410819,LeaderAccept
1785419410683,false,1785419410859,LeaderAccept
1785419410724,true,1785419410899,LeaderAccept
1785419410765,true,1785419410939,LeaderAccept
1785419410807,false,1785419410982,LeaderAccept
1785419410850,true,1785419411024,LeaderAccept
1785419410893,true,1785419411068,LeaderAccept
1785419410938,false,1785419411113,LeaderAccept
1785419410984,false,1785419411160,LeaderAccept
1785419411031,true,1785419411206,LeaderAccept
1785419411079,false,1785419411254,LeaderAccept
1785419411128,true,1785419411303,LeaderAccept
1785419411178,true,1785419411353,LeaderAccept
1785419411229,true,1785419411405,LeaderAccept
1785419411281,true,1785419411456,LeaderAccept
1785419411335,false,1785419411510,LeaderAccept
1785419411390,true,1785419411565,LeaderAccept
1785419411447,true,1785419411671,LeaderAccept
1785419411505,false,1785419411680,LeaderAccept
1785419411565,false,1785419411740,LeaderAccept
1785419411625,false,1785419411800,LeaderAccept
1785419411689,false,1785419411864,LeaderAccept
1785419411754,false,1785419411929,LeaderAccept
1785419411821,true,1785419411996,LeaderAccept
1785419411891,true,1785419412066,LeaderAccept
1785419411963,false,1785419412138,LeaderAccept
1785419412038,true,1785419412213,LeaderAccept
1785419412116,false,1785419412290,LeaderAccept
1785419412196,true,1785419412371,LeaderAccept
1785419412280,false,1785419412454,LeaderAccept
1785419412367,false,1785419412541,LeaderAccept
1785419412458,true,1785419412633,LeaderAccept
1785419412554,false,1785419412728,LeaderAccept
1785419412654,false,1785419412827,LeaderAccept
1785419412759,false,1785419412933,LeaderAccept
1785419412869,true,1785419413045,LeaderAccept
1785419412987,false,1785419413161,LeaderAccept
1785419413111,true,1785419413286,LeaderAccept
1785419413242,false,1785419413415,LeaderAccept
1785419413382,false,1785419413557,LeaderAccept
1785419413532,false,1785419413707,LeaderAccept
1785419413694,true,1785419413869,LeaderAccept
1785419413869,false,1785419414044,LeaderAccept
1785419414061,true,1785419414235,LeaderAccept
1785419414272,true,1785419414447,LeaderAccept
1785419414506,true,1785419414681,LeaderAccept
1785419414769,true,1785419414944,LeaderAccept
1785419415069,false,1785419415235,FastAccept
1785419415417,false,1785419415601,FastAccept
1785419415831,false,1785419415997,FastAccept
1785419416340,true,1785419416507,FastAccept
1785419416995,true,1785419417161,FastAccept
1785419417905,false,1785419418072,FastAccept
1785419419337,true,1785419419503,FastAccept
1785419422265,true,1785419422432,FastAccept
1785419434928,false,1785419435103,LeaderAccept
1785419461557,false,1785419461614,FastAccept
1785419461577,false,1785419461633,FastAccept
1785419461596,false,1785419461653,FastAccept
1785419461616,true,1785419461707,SlowAccept
1785419461635,false,1785419461725,SlowAccept
1785419461656,true,1785419461745,LeaderAccept
1785419461676,true,1785419461765,LeaderAccept
1785419461695,true,1785419461766,LeaderAccept
1785419461716,false,1785419461787,LeaderAccept
1785419461737,false,1785419461808,LeaderAccept
1785419461758,false,1785419461830,LeaderAccept
1785419461778,true,1785419461850,LeaderAccept
1785419461800,true,1785419461872,LeaderAccept
1785419461822,true,1785419461911,LeaderAccept
1785419461844,true,1785419461933,LeaderAccept
1785419461867,true,1785419461957,LeaderAccept
1785419461889,false,1785419461980,LeaderAccept
1785419461911,false,1785419462001,LeaderAccept
1785419461935,false,1785419462025,LeaderAccept
1785419461957,false,1785419462047,LeaderAccept
1785419461980,false,1785419462069,LeaderAccept
1785419462003,false,1785419462073,LeaderAccept
1785419462027,true,1785419462098,LeaderAccept
1785419462050,true,1785419462121,LeaderAccept
1785419462075,false,1785419462145,LeaderAccept
1785419462100,false,1785419462171,LeaderAccept
1785419462126,true,1785419462196,LeaderAccept
1785419462150,true,1785419462221,LeaderAccept
1785419462176,false,1785419462247,LeaderAccept
1785419462202,false,1785419462272,LeaderAccept
1785419462228,true,1785419462299,LeaderAccept
1785419462255,false,1785419462326,LeaderAccept
1785419462282,true,1785419462353,LeaderAccept
1785419462309,true,1785419462380,LeaderAccept
1785419462337,false,1785419462408,LeaderAccept
1785419462365,false,1785419462436,LeaderAccept
1785419462393,false,1785419462464,LeaderAccept
1785419462422,false,1785419462497,LeaderAccept
1785419462452,true,1785419462524,LeaderAccept
1785419462482,true,1785419462553,LeaderAccept
1785419462512,false,1785419462583,LeaderAccept
1785419462543,true,1785419462614,LeaderAccept
1785419462574,false,1785419462645,LeaderAccept
1785419462605,false,1785419462677,LeaderAccept
1785419462637,false,1785419462708,LeaderAccept
1785419462670,false,1785419462742,LeaderAccept
1785419462703,false,1785419462773,LeaderAccept
1785419462736,true,1785419462806,LeaderAccept
1785419462770,false,1785419462841,LeaderAccept
1785419462805,true,1785419462896,LeaderAccept
1785419462840,true,1785419462911,LeaderAccept
1785419462875,false,1785419462964,LeaderAccept
1785419462911,true,1785419463001,LeaderAccept
1785419462948,false,1785419463039,LeaderAccept
1785419462986,false,1785419463075,LeaderAccept
1785419463024,false,1785419463113,LeaderAccept
1785419463062,true,1785419463134,LeaderAccept
1785419463102,true,1785419463173,LeaderAccept
1785419463143,true,1785419463214,LeaderAccept
1785419463185,false,1785419463257,LeaderAccept
1785419463226,false,1785419463297,LeaderAccept
1785419463268,true,1785419463339,LeaderAccept
1785419463312,true,1785419463368,FastAccept
1785419463356,true,1785419463412,FastAccept
1785419463402,true,1785419463493,LeaderAccept
1785419463449,true,1785419463539,LeaderAccept
1785419463497,true,1785419463568,LeaderAccept
1785419463546,false,1785419463636,LeaderAccept
1785419463595,true,1785419463685,LeaderAccept
1785419463647,false,1785419463717,LeaderAccept
1785419463699,true,1785419463770,LeaderAccept
1785419463752,true,1785419463824,LeaderAccept
1785419463808,false,1785419463879,LeaderAccept
1785419463865,true,1785419463936,LeaderAccept
1785419463923,true,1785419463994,LeaderAccept
1785419463984,true,1785419464054,LeaderAccept
1785419464046,false,1785419464117,LeaderAccept
1785419464109,true,1785419464180,LeaderAccept
1785419464176,true,1785419464247,LeaderAccept
1785419464244,true,1785419464314,LeaderAccept
1785419464314,true,1785419464385,LeaderAccept
1785419464387,false,1785419464458,LeaderAccept
1785419464463,true,1785419464534,LeaderAccept
1785419464541,true,1785419464612,LeaderAccept
1785419464623,false,1785419464694,LeaderAccept
1785419464708,false,1785419464779,LeaderAccept
1785419464797,false,1785419464868,LeaderAccept
1785419464890,true,1785419464960,LeaderAccept
1785419464986,false,1785419465057,LeaderAccept
1785419465087,false,1785419465159,LeaderAccept
1785419465194,false,1785419465265,LeaderAccept
1785419465305,true,1785419465395,LeaderAccept
1785419465424,false,1785419465495,LeaderAccept
1785419465550,true,1785419465607,FastAccept
1785419465684,false,1785419465741,FastAccept
1785419465828,true,1785419465883,FastAccept
1785419465982,true,1785419466067,LeaderAccept
1785419466147,true,1785419466218,LeaderAccept
1785419466328,true,1785419466384,FastAccept
1785419466524,true,1785419466581,FastAccept
1785419466742,false,1785419466798,FastAccept
1785419466985,false,1785419467075,LeaderAccept
1785419467259,true,1785419467315,FastAccept
1785419467572,true,1785419467627,FastAccept
1785419467937,true,1785419467995,FastAccept
1785419468377,false,1785419468433,FastAccept
1785419468924,false,1785419468980,FastAccept
1785419469643,false,1785419469699,FastAccept
1785419470673,true,1785419470763,LeaderAccept
1785419472395,true,1785419472486,SlowAccept
1785419476469,false,1785419476560,LeaderAccept
