request_time,write,response_time,accept_status
1785250337934,false,1785250337974,LeaderAccept
1785250338509,true,1785250338549,LeaderAccept
1785250338541,true,1785250338579,LeaderAccept
1785250338572,false,1785250338611,LeaderAccept
1785250338604,true,1785250338642,LeaderAccept
1785250338636,true,1785250338675,LeaderAccept
1785250338670,true,1785250338709,LeaderAccept
1785250338702,true,1785250338741,LeaderAccept
1785250338736,true,1785250338775,LeaderAccept
1785250338771,true,1785250338810,LeaderAccept
1785250338806,false,1785250338845,LeaderAccept
1785250338842,false,1785250338881,LeaderAccept
1785250338877,false,1785250338916,LeaderAccept
1785250338913,true,1785250338952,LeaderAccept
1785250338950,true,1785250338989,LeaderAccept
1785250338988,true,1785250339028,LeaderAccept
1785250339028,true,1785250339067,LeaderAccept
1785250339067,false,1785250339106,LeaderAccept
1785250339107,false,1785250339147,LeaderAccept
1785250339148,false,1785250339187,LeaderAccept
1785250339189,false,1785250339230,LeaderAccept
1785250339232,true,1785250339272,LeaderAccept
1785250339275,true,1785250339316,LeaderAccept
1785250339320,false,1785250339360,LeaderAccept
1785250339365,true,1785250339405,LeaderAccept
1785250339411,false,1785250339452,LeaderAccept
1785250339458,true,1785250339497,LeaderAccept
1785250339507,false,1785250339546,LeaderAccept
1785250339557,true,1785250339596,LeaderAccept
1785250339607,true,1785250339646,LeaderAccept
1785250339660,true,1785250339699,LeaderAccept
1785250339714,true,1785250339753,LeaderAccept
1785250339770,false,1785250339809,LeaderAccept
1785250339827,false,1785250339866,LeaderAccept
1785250339884,true,1785250339924,LeaderAccept
1785250339945,true,1785250339984,LeaderAccept
1785250340007,true,1785250340046,LeaderAccept
1785250340071,false,1785250340110,LeaderAccept
1785250340137,false,1785250340175,LeaderAccept
1785250340205,false,1785250340244,LeaderAccept
1785250340274,false,1785250340314,LeaderAccept
1785250340347,false,1785250340387,LeaderAccept
1785250340421,true,1785250340460,LeaderAccept
1785250340499,false,1785250340538,LeaderAccept
1785250340580,false,1785250340619,LeaderAccept
1785250340665,true,1785250340704,LeaderAccept
1785250340753,true,1785250340792,LeaderAccept
1785250340844,true,1785250340883,LeaderAccept
1785250340940,true,1785250340978,LeaderAccept
1785250341041,true,1785250341080,LeaderAccept
1785250341146,false,1785250341185,LeaderAccept
1785250341257,true,1785250341296,LeaderAccept
1785250341376,false,1785250341415,LeaderAccept
1785250341500,true,1785250341539,LeaderAccept
1785250341632,true,1785250341670,LeaderAccept
1785250341773,true,1785250341811,LeaderAccept
1785250341924,true,1785250341962,LeaderAccept
1785250342087,false,1785250342126,LeaderAccept
1785250342264,true,1785250342303,LeaderAccept
1785250342458,true,1785250342496,LeaderAccept
1785250342671,true,1785250342710,LeaderAccept
1785250342907,false,1785250342946,LeaderAccept
1785250343175,false,1785250343213,LeaderAccept
1785250343480,true,1785250343518,LeaderAccept
1785250343834,true,1785250343873,LeaderAccept
1785250344258,false,1785250344296,LeaderAccept
1785250344780,true,1785250344818,LeaderAccept
1785250345458,false,1785250345496,LeaderAccept
1785250346409,false,1785250346446,LeaderAccept
1785250347938,true,1785250347975,LeaderAccept
1785250351219,false,1785250351258,LeaderAccept
1785250354811,false,1785250354849,LeaderAccept
1785250354843,true,1785250354882,LeaderAccept
1785250354877,false,1785250354915,LeaderAccept
1785250354911,false,1785250354949,LeaderAccept
1785250354945,false,1785250354983,LeaderAccept
1785250354979,true,1785250355017,LeaderAccept
1785250355014,false,1785250355052,LeaderAccept
1785250355050,true,1785250355088,LeaderAccept
1785250355087,true,1785250355125,LeaderAccept
1785250355123,false,1785250355161,LeaderAccept
1785250355160,false,1785250355199,LeaderAccept
1785250355199,true,1785250355237,LeaderAccept
1785250355237,false,1785250355275,LeaderAccept
1785250355276,true,1785250355315,LeaderAccept
1785250355317,true,1785250355356,LeaderAccept
1785250355358,true,1785250355396,LeaderAccept
1785250355400,true,1785250355438,LeaderAccept
1785250355444,true,1785250355482,LeaderAccept
1785250355487,true,1785250355526,LeaderAccept
1785250355531,true,1785250355569,LeaderAccept
1785250355577,true,1785250355616,LeaderAccept
1785250355623,false,1785250355661,LeaderAccept
1785250355672,true,1785250355710,LeaderAccept
1785250355721,false,1785250355759,LeaderAccept
1785250355771,false,1785250355810,LeaderAccept
1785250355822,true,1785250355861,LeaderAccept
1785250355874,false,1785250355913,LeaderAccept
1785250355928,true,1785250355967,LeaderAccept
1785250355983,true,1785250356021,LeaderAccept
1785250356041,true,1785250356080,LeaderAccept
1785250356099,true,1785250356138,LeaderAccept
1785250356160,false,1785250356199,LeaderAccept
1785250356222,true,1785250356261,LeaderAccept
1785250356286,true,1785250356325,LeaderAccept
1785250356353,true,1785250356391,LeaderAccept
1785250356422,false,1785250356461,LeaderAccept
1785250356492,false,1785250356530,LeaderAccept
1785250356566,false,1785250356604,LeaderAccept
1785250356642,true,1785250356680,LeaderAccept
1785250356720,false,1785250356759,LeaderAccept
1785250356801,true,1785250356839,LeaderAccept
1785250356886,false,1785250356925,LeaderAccept
1785250356975,true,1785250357014,LeaderAccept
1785250357067,false,1785250357106,LeaderAccept
1785250357164,true,1785250357203,LeaderAccept
1785250357267,true,1785250357305,LeaderAccept
1785250357373,false,1785250357412,LeaderAccept
1785250357485,false,1785250357524,LeaderAccept
1785250357605,false,1785250357643,LeaderAccept
1785250357732,false,1785250357770,LeaderAccept
1785250357867,false,1785250357905,LeaderAccept
1785250358010,false,1785250358049,LeaderAccept
1785250358165,true,1785250358204,LeaderAccept
1785250358333,false,1785250358371,LeaderAccept
1785250358514,true,1785250358553,LeaderAccept
1785250358712,false,1785250358751,LeaderAccept
1785250358931,true,1785250358969,LeaderAccept
1785250359176,false,1785250359215,LeaderAccept
1785250359451,false,1785250359489,LeaderAccept
1785250359768,false,1785250359807,LeaderAccept
1785250360138,true,1785250360177,LeaderAccept
1785250360585,true,1785250360624,LeaderAccept
1785250361141,true,1785250361179,LeaderAccept
1785250361875,true,1785250361914,LeaderAccept
1785250362935,false,1785250362974,FastAccept
1785250364735,true,1785250364774,LeaderAccept
1785250369161,false,1785250369200,LeaderAccept
1785250409616,false,1785250409655,LeaderAccept
1785250418626,true,1785250418665,LeaderAccept
1785250418658,true,1785250418697,LeaderAccept
1785250418691,true,1785250418730,LeaderAccept
1785250418724,true,1785250418763,LeaderAccept
1785250418759,false,1785250418798,LeaderAccept
1785250418793,false,1785250418833,LeaderAccept
1785250418828,false,1785250418866,LeaderAccept
1785250418863,true,1785250418902,LeaderAccept
1785250418899,true,1785250418938,LeaderAccept
1785250418936,true,1785250418976,LeaderAccept
1785250418975,false,1785250419015,LeaderAccept
1785250419014,false,1785250419053,LeaderAccept
1785250419052,true,1785250419092,LeaderAccept
1785250419092,false,1785250419131,LeaderAccept
1785250419132,true,1785250419171,LeaderAccept
1785250419174,true,1785250419215,LeaderAccept
1785250419215,false,1785250419253,LeaderAccept
1785250419257,true,1785250419296,LeaderAccept
1785250419301,true,1785250419341,LeaderAccept
1785250419347,false,1785250419386,LeaderAccept
1785250419393,true,1785250419432,LeaderAccept
1785250419439,true,1785250419479,LeaderAccept
1785250419488,true,1785250419527,LeaderAccept
1785250419538,false,1785250419578,LeaderAccept
1785250419589,true,1785250419629,LeaderAccept
1785250419641,true,1785250419681,LeaderAccept
1785250419694,true,1785250419733,LeaderAccept
1785250419748,true,1785250419788,LeaderAccept
1785250419803,false,1785250419843,LeaderAccept
1785250419860,false,1785250419900,LeaderAccept
1785250419920,false,1785250419958,LeaderAccept
1785250419980,true,1785250420019,LeaderAccept
1785250420042,false,1785250420081,LeaderAccept
1785250420107,true,1785250420145,LeaderAccept
1785250420173,false,1785250420212,LeaderAccept
1785250420242,true,1785250420281,LeaderAccept
1785250420312,true,1785250420351,LeaderAccept
1785250420386,false,1785250420426,LeaderAccept
1785250420463,true,1785250420502,LeaderAccept
1785250420541,false,1785250420581,LeaderAccept
1785250420623,true,1785250420663,LeaderAccept
1785250420709,true,1785250420750,LeaderAccept
1785250420799,true,1785250420838,LeaderAccept
1785250420892,false,1785250420932,LeaderAccept
1785250420990,true,1785250421030,LeaderAccept
1785250421094,false,1785250421134,LeaderAccept
1785250421201,true,1785250421241,LeaderAccept
1785250421316,false,1785250421356,LeaderAccept
1785250421436,false,1785250421475,LeaderAccept
1785250421564,false,1785250421603,LeaderAccept
1785250421701,true,1785250421741,LeaderAccept
1785250421846,false,1785250421885,LeaderAccept
1785250422003,false,1785250422043,LeaderAccept
1785250422172,true,1785250422211,LeaderAccept
1785250422356,false,1785250422395,LeaderAccept
1785250422558,false,1785250422597,LeaderAccept
1785250422782,true,1785250422821,LeaderAccept
1785250423032,false,1785250423070,LeaderAccept
1785250423314,true,1785250423354,LeaderAccept
1785250423639,true,1785250423679,LeaderAccept
1785250424022,true,1785250424061,LeaderAccept
1785250424484,true,1785250424523,LeaderAccept
1785250425066,false,1785250425105,LeaderAccept
1785250425845,true,1785250425883,LeaderAccept
1785250426994,false,1785250427032,LeaderAccept
1785250429033,true,1785250429072,LeaderAccept
1785250434686,true,1785250434725,LeaderAccept
1785250463025,true,1785250463063,LeaderAccept
1785250463053,true,1785250463091,LeaderAccept
1785250463080,false,1785250463119,LeaderAccept
1785250463108,false,1785250463146,LeaderAccept
1785250463136,true,1785250463174,LeaderAccept
1785250463165,true,1785250463203,LeaderAccept
1785250463194,true,1785250463232,LeaderAccept
1785250463224,true,1785250463262,LeaderAccept
1785250463254,true,1785250463292,LeaderAccept
1785250463286,false,1785250463324,LeaderAccept
1785250463318,false,1785250463356,LeaderAccept
1785250463349,true,1785250463388,LeaderAccept
1785250463381,false,1785250463420,LeaderAccept
1785250463414,true,1785250463452,LeaderAccept
1785250463447,true,1785250463486,LeaderAccept
1785250463482,false,1785250463520,LeaderAccept
1785250463516,true,1785250463554,LeaderAccept
1785250463551,true,1785250463588,LeaderAccept
1785250463586,true,1785250463624,LeaderAccept
1785250463623,true,1785250463662,LeaderAccept
1785250463659,false,1785250463698,LeaderAccept
1785250463697,false,1785250463736,LeaderAccept
1785250463735,true,1785250463773,LeaderAccept
1785250463774,true,1785250463813,LeaderAccept
1785250463814,false,1785250463852,LeaderAccept
1785250463854,false,1785250463893,LeaderAccept
1785250463896,true,1785250463934,LeaderAccept
1785250463938,false,1785250463976,LeaderAccept
1785250463980,true,1785250464018,LeaderAccept
1785250464024,false,1785250464063,LeaderAccept
1785250464068,false,1785250464106,LeaderAccept
1785250464113,false,1785250464152,LeaderAccept
1785250464161,true,1785250464199,LeaderAccept
1785250464208,false,1785250464246,LeaderAccept
1785250464257,false,1785250464295,LeaderAccept
1785250464308,true,1785250464347,LeaderAccept
1785250464360,false,1785250464398,LeaderAccept
1785250464412,false,1785250464450,LeaderAccept
1785250464466,false,1785250464505,LeaderAccept
1785250464522,true,1785250464560,LeaderAccept
1785250464580,false,1785250464619,LeaderAccept
1785250464638,false,1785250464676,LeaderAccept
1785250464699,false,1785250464736,LeaderAccept
1785250464761,true,1785250464799,LeaderAccept
1785250464825,true,1785250464863,LeaderAccept
1785250464890,false,1785250464929,LeaderAccept
1785250464959,true,1785250464997,LeaderAccept
1785250465029,false,1785250465068,LeaderAccept
1785250465102,true,1785250465140,LeaderAccept
1785250465179,false,1785250465217,LeaderAccept
1785250465257,true,1785250465296,LeaderAccept
1785250465338,true,1785250465378,LeaderAccept
1785250465422,false,1785250465461,LeaderAccept
1785250465511,false,1785250465550,LeaderAccept
1785250465604,true,1785250465642,LeaderAccept
1785250465701,false,1785250465740,LeaderAccept
1785250465802,false,1785250465840,LeaderAccept
1785250465908,true,1785250465947,LeaderAccept
1785250466022,true,1785250466061,LeaderAccept
1785250466141,true,1785250466179,LeaderAccept
1785250466267,false,1785250466306,LeaderAccept
1785250466403,true,1785250466442,LeaderAccept
1785250466546,false,1785250466585,LeaderAccept
1785250466700,false,1785250466739,LeaderAccept
1785250466867,false,1785250466907,LeaderAccept
1785250467048,true,1785250467087,LeaderAccept
1785250467246,false,1785250467285,LeaderAccept
1785250467464,true,1785250467503,LeaderAccept
1785250467708,true,1785250467747,LeaderAccept
1785250467983,true,1785250468022,LeaderAccept
1785250468299,true,1785250468337,LeaderAccept
1785250468668,false,1785250468706,LeaderAccept
1785250469112,true,1785250469150,LeaderAccept
1785250469665,true,1785250469703,LeaderAccept
1785250470395,true,1785250470433,LeaderAccept
1785250471445,false,1785250471483,LeaderAccept
1785250473220,false,1785250473258,LeaderAccept
1785250477527,false,1785250477566,LeaderAccept
1785250506382,true,1785250506421,LeaderAccept
1785250506408,true,1785250506446,LeaderAccept
1785250506435,true,1785250506473,LeaderAccept
1785250506463,true,1785250506501,LeaderAccept
1785250506490,true,1785250506528,LeaderAccept
1785250506519,false,1785250506557,LeaderAccept
1785250506547,true,1785250506585,LeaderAccept
1785250506577,true,1785250506615,LeaderAccept
1785250506607,true,1785250506645,LeaderAccept
1785250506637,true,1785250506677,LeaderAccept
1785250506667,false,1785250506705,LeaderAccept
1785250506697,false,1785250506736,LeaderAccept
1785250506728,true,1785250506768,LeaderAccept
1785250506759,true,1785250506798,LeaderAccept
1785250506791,false,1785250506830,LeaderAccept
1785250506824,false,1785250506862,LeaderAccept
1785250506857,false,1785250506896,LeaderAccept
1785250506891,true,1785250506929,LeaderAccept
1785250506924,false,1785250506963,LeaderAccept
1785250506958,true,1785250506997,LeaderAccept
1785250506993,true,1785250507032,LeaderAccept
1785250507030,true,1785250507068,LeaderAccept
1785250507066,true,1785250507105,LeaderAccept
1785250507104,true,1785250507143,LeaderAccept
1785250507141,true,1785250507180,LeaderAccept
1785250507180,true,1785250507219,LeaderAccept
1785250507219,true,1785250507257,LeaderAccept
1785250507259,true,1785250507297,LeaderAccept
1785250507299,false,1785250507338,LeaderAccept
1785250507341,true,1785250507379,LeaderAccept
1785250507383,false,1785250507421,LeaderAccept
1785250507427,true,1785250507465,LeaderAccept
1785250507471,false,1785250507510,LeaderAccept
1785250507515,true,1785250507554,LeaderAccept
1785250507562,true,1785250507601,LeaderAccept
1785250507610,false,1785250507648,LeaderAccept
1785250507658,true,1785250507697,LeaderAccept
1785250507708,true,1785250507747,LeaderAccept
1785250507758,false,1785250507797,LeaderAccept
1785250507811,false,1785250507849,LeaderAccept
1785250507864,true,1785250507902,LeaderAccept
1785250507918,false,1785250507957,LeaderAccept
1785250507975,true,1785250508014,LeaderAccept
1785250508032,true,1785250508071,LeaderAccept
1785250508092,false,1785250508130,LeaderAccept
1785250508152,false,1785250508190,LeaderAccept
1785250508215,false,1785250508254,LeaderAccept
1785250508279,false,1785250508317,LeaderAccept
1785250508346,true,1785250508385,LeaderAccept
1785250508415,true,1785250508453,LeaderAccept
1785250508487,true,1785250508526,LeaderAccept
1785250508560,false,1785250508599,LeaderAccept
1785250508637,true,1785250508675,LeaderAccept
1785250508718,false,1785250508756,LeaderAccept
1785250508801,false,1785250508839,LeaderAccept
1785250508888,false,1785250508929,LeaderAccept
1785250508978,true,1785250509017,LeaderAccept
1785250509072,true,1785250509111,LeaderAccept
1785250509172,true,1785250509211,LeaderAccept
1785250509275,true,1785250509314,LeaderAccept
1785250509384,false,1785250509423,LeaderAccept
1785250509499,true,1785250509538,LeaderAccept
1785250509622,false,1785250509660,LeaderAccept
1785250509752,false,1785250509790,LeaderAccept
1785250509890,true,1785250509929,LeaderAccept
1785250510038,false,1785250510076,LeaderAccept
1785250510197,false,1785250510235,LeaderAccept
1785250510369,false,1785250510408,LeaderAccept
1785250510556,false,1785250510595,LeaderAccept
1785250510762,false,1785250510801,LeaderAccept
1785250510990,true,1785250511029,LeaderAccept
1785250511247,false,1785250511285,LeaderAccept
1785250511537,true,1785250511576,LeaderAccept
1785250511873,false,1785250511911,LeaderAccept
1785250512269,false,1785250512307,LeaderAccept
1785250512752,false,1785250512790,LeaderAccept
1785250513368,false,1785250513406,LeaderAccept
1785250514204,false,1785250514242,LeaderAccept
1785250515475,false,1785250515514,LeaderAccept
1785250517872,false,1785250517910,LeaderAccept
1785250525815,false,1785250525853,LeaderAccept
1785250529729,false,1785250529768,LeaderAccept
1785250529755,false,1785250529793,LeaderAccept
1785250529779,false,1785250529817,LeaderAccept
1785250529804,false,1785250529842,LeaderAccept
1785250529829,true,1785250529867,LeaderAccept
1785250529856,true,1785250529894,LeaderAccept
1785250529881,false,1785250529919,LeaderAccept
1785250529907,true,1785250529945,LeaderAccept
1785250529934,false,1785250529973,LeaderAccept
1785250529961,true,1785250529999,LeaderAccept
1785250529989,false,1785250530027,LeaderAccept
1785250530018,true,1785250530056,LeaderAccept
1785250530047,true,1785250530085,LeaderAccept
1785250530075,true,1785250530113,LeaderAccept
1785250530103,true,1785250530141,LeaderAccept
1785250530132,true,1785250530170,LeaderAccept
1785250530162,true,1785250530200,LeaderAccept
1785250530193,true,1785250530230,LeaderAccept
1785250530223,true,1785250530261,LeaderAccept
1785250530254,false,1785250530293,LeaderAccept
1785250530286,false,1785250530325,LeaderAccept
1785250530318,false,1785250530356,LeaderAccept
1785250530350,false,1785250530388,LeaderAccept
1785250530384,false,1785250530423,LeaderAccept
1785250530417,false,1785250530455,LeaderAccept
1785250530451,false,1785250530489,LeaderAccept
1785250530486,false,1785250530524,LeaderAccept
1785250530521,true,1785250530559,LeaderAccept
1785250530557,false,1785250530595,LeaderAccept
1785250530594,false,1785250530631,LeaderAccept
1785250530630,false,1785250530668,LeaderAccept
1785250530668,false,1785250530706,LeaderAccept
1785250530708,false,1785250530745,LeaderAccept
1785250530748,false,1785250530786,LeaderAccept
1785250530789,false,1785250530826,LeaderAccept
1785250530830,false,1785250530868,LeaderAccept
1785250530872,true,1785250530910,LeaderAccept
1785250530914,true,1785250530952,LeaderAccept
1785250530957,true,1785250530996,LeaderAccept
1785250531002,false,1785250531041,LeaderAccept
1785250531047,true,1785250531086,LeaderAccept
1785250531093,false,1785250531131,LeaderAccept
1785250531140,false,1785250531178,LeaderAccept
1785250531189,true,1785250531228,LeaderAccept
1785250531239,false,1785250531277,LeaderAccept
1785250531291,true,1785250531329,LeaderAccept
1785250531343,false,1785250531381,LeaderAccept
1785250531397,false,1785250531435,LeaderAccept
1785250531452,false,1785250531490,LeaderAccept
1785250531508,false,1785250531546,LeaderAccept
1785250531567,false,1785250531605,LeaderAccept
1785250531626,true,1785250531664,LeaderAccept
1785250531688,false,1785250531726,LeaderAccept
1785250531751,false,1785250531790,LeaderAccept
1785250531816,false,1785250531854,LeaderAccept
1785250531883,false,1785250531922,LeaderAccept
1785250531953,false,1785250531991,LeaderAccept
1785250532025,false,1785250532063,LeaderAccept
1785250532101,true,1785250532139,LeaderAccept
1785250532179,false,1785250532217,LeaderAccept
1785250532260,true,1785250532298,LeaderAccept
1785250532343,false,1785250532382,LeaderAccept
1785250532431,false,1785250532469,LeaderAccept
1785250532523,false,1785250532561,LeaderAccept
1785250532619,false,1785250532657,LeaderAccept
1785250532719,false,1785250532757,LeaderAccept
1785250532825,true,1785250532863,LeaderAccept
1785250532935,false,1785250532974,LeaderAccept
1785250533052,false,1785250533090,LeaderAccept
1785250533176,false,1785250533215,LeaderAccept
1785250533308,false,1785250533346,LeaderAccept
1785250533450,true,1785250533489,LeaderAccept
1785250533601,true,1785250533640,LeaderAccept
1785250533764,true,1785250533803,LeaderAccept
1785250533941,false,1785250533979,LeaderAccept
1785250534135,false,1785250534173,LeaderAccept
1785250534348,true,1785250534385,LeaderAccept
1785250534585,false,1785250534623,LeaderAccept
1785250534851,false,1785250534889,LeaderAccept
1785250535154,false,1785250535192,LeaderAccept
1785250535508,false,1785250535546,LeaderAccept
1785250535929,true,1785250535967,LeaderAccept
1785250536448,true,1785250536486,LeaderAccept
1785250537122,true,1785250537160,LeaderAccept
1785250538064,false,1785250538102,LeaderAccept
1785250539573,false,1785250539611,LeaderAccept
1785250542781,true,1785250542820,LeaderAccept
1785250558730,true,1785250558768,FastAccept
1785250571252,true,1785250571291,FastAccept
1785250571274,true,1785250571312,FastAccept
1785250571295,false,1785250571333,FastAccept
1785250571316,true,1785250571354,FastAccept
1785250571338,false,1785250571376,FastAccept
1785250571360,false,1785250571399,FastAccept
1785250571383,true,1785250571422,FastAccept
1785250571406,true,1785250571444,FastAccept
1785250571429,false,1785250571467,FastAccept
1785250571452,false,1785250571490,FastAccept
1785250571475,true,1785250571513,FastAccept
1785250571498,false,1785250571536,FastAccept
1785250571522,false,1785250571560,FastAccept
1785250571546,true,1785250571584,FastAccept
1785250571570,true,1785250571609,FastAccept
1785250571595,false,1785250571633,FastAccept
1785250571620,false,1785250571658,FastAccept
1785250571645,true,1785250571683,FastAccept
1785250571671,true,1785250571709,FastAccept
1785250571698,false,1785250571736,FastAccept
1785250571724,false,1785250571762,FastAccept
1785250571750,false,1785250571788,FastAccept
1785250571777,false,1785250571816,FastAccept
1785250571805,true,1785250571844,FastAccept
1785250571833,false,1785250571871,FastAccept
1785250571862,true,1785250571900,FastAccept
1785250571891,true,1785250571929,FastAccept
1785250571919,true,1785250571957,FastAccept
1785250571948,true,1785250571986,FastAccept
1785250571979,true,1785250572017,FastAccept
1785250572010,false,1785250572048,FastAccept
1785250572040,false,1785250572078,FastAccept
1785250572071,false,1785250572109,FastAccept
1785250572104,true,1785250572141,FastAccept
1785250572136,false,1785250572174,FastAccept
1785250572169,false,1785250572207,FastAccept
1785250572202,false,1785250572240,FastAccept
1785250572237,false,1785250572275,FastAccept
1785250572271,true,1785250572309,FastAccept
1785250572306,false,1785250572344,FastAccept
1785250572341,false,1785250572379,FastAccept
1785250572377,false,1785250572415,FastAccept
1785250572415,true,1785250572453,FastAccept
1785250572452,false,1785250572490,LeaderAccept
1785250572490,true,1785250572528,LeaderAccept
1785250572529,true,1785250572567,LeaderAccept
1785250572568,false,1785250572606,LeaderAccept
1785250572608,true,1785250572647,LeaderAccept
1785250572649,true,1785250572688,LeaderAccept
1785250572691,false,1785250572729,LeaderAccept
1785250572733,false,1785250572772,LeaderAccept
1785250572778,false,1785250572816,LeaderAccept
1785250572822,false,1785250572861,LeaderAccept
1785250572868,false,1785250572906,LeaderAccept
1785250572916,false,1785250572954,LeaderAccept
1785250572964,true,1785250573002,LeaderAccept
1785250573012,false,1785250573050,LeaderAccept
1785250573063,false,1785250573101,LeaderAccept
1785250573115,true,1785250573153,LeaderAccept
1785250573167,true,1785250573205,LeaderAccept
1785250573221,true,1785250573259,LeaderAccept
1785250573278,false,1785250573316,LeaderAccept
1785250573334,true,1785250573373,LeaderAccept
1785250573393,false,1785250573432,LeaderAccept
1785250573453,true,1785250573491,LeaderAccept
1785250573515,false,1785250573553,LeaderAccept
1785250573580,false,1785250573618,LeaderAccept
1785250573645,true,1785250573683,LeaderAccept
1785250573713,true,1785250573752,LeaderAccept
1785250573784,true,1785250573822,LeaderAccept
1785250573857,false,1785250573895,LeaderAccept
1785250573933,true,1785250573972,LeaderAccept
1785250574012,false,1785250574050,LeaderAccept
1785250574094,false,1785250574132,LeaderAccept
1785250574178,false,1785250574217,LeaderAccept
1785250574266,true,1785250574304,LeaderAccept
1785250574358,true,1785250574396,LeaderAccept
1785250574455,true,1785250574493,LeaderAccept
1785250574556,false,1785250574595,LeaderAccept
1785250574662,false,1785250574700,LeaderAccept
1785250574774,false,1785250574812,LeaderAccept
1785250574892,false,1785250574931,LeaderAccept
1785250575018,false,1785250575057,LeaderAccept
1785250575152,false,1785250575190,LeaderAccept
1785250575295,false,1785250575334,LeaderAccept
1785250575448,false,1785250575486,LeaderAccept
1785250575614,false,1785250575652,LeaderAccept
1785250575794,false,1785250575832,LeaderAccept
1785250575991,false,1785250576029,LeaderAccept
1785250576208,false,1785250576246,LeaderAccept
1785250576451,true,1785250576488,LeaderAccept
1785250576724,false,1785250576762,LeaderAccept
1785250577036,true,1785250577075,LeaderAccept
1785250577403,false,1785250577441,LeaderAccept
1785250577841,false,1785250577880,LeaderAccept
1785250578388,true,1785250578425,LeaderAccept
1785250579104,false,1785250579142,LeaderAccept
1785250580130,true,1785250580168,LeaderAccept
1785250581843,true,1785250581881,LeaderAccept
1785250585874,false,1785250585912,LeaderAccept
1785250616119,false,1785250616157,LeaderAccept
1785250616610,false,1785250616648,LeaderAccept
1785250616628,true,1785250616665,LeaderAccept
1785250616647,false,1785250616685,LeaderAccept
1785250616666,false,1785250616704,LeaderAccept
1785250616685,false,1785250616722,LeaderAccept
1785250616704,false,1785250616742,LeaderAccept
1785250616724,true,1785250616762,LeaderAccept
1785250616745,true,1785250616782,LeaderAccept
1785250616764,false,1785250616802,LeaderAccept
1785250616784,true,1785250616822,LeaderAccept
1785250616805,true,1785250616843,LeaderAccept
1785250616827,true,1785250616864,LeaderAccept
1785250616847,false,1785250616885,LeaderAccept
1785250616869,false,1785250616906,LeaderAccept
1785250616890,true,1785250616928,LeaderAccept
1785250616911,true,1785250616949,LeaderAccept
1785250616933,true,1785250616971,LeaderAccept
1785250616955,true,1785250616993,LeaderAccept
1785250616977,false,1785250617016,LeaderAccept
1785250616999,false,1785250617037,LeaderAccept
1785250617021,false,1785250617059,LeaderAccept
1785250617044,true,1785250617083,LeaderAccept
1785250617067,false,1785250617105,LeaderAccept
1785250617090,true,1785250617128,LeaderAccept
1785250617114,false,1785250617153,LeaderAccept
1785250617139,true,1785250617177,LeaderAccept
1785250617162,false,1785250617200,LeaderAccept
1785250617186,false,1785250617224,LeaderAccept
1785250617211,true,1785250617249,LeaderAccept
1785250617235,true,1785250617273,LeaderAccept
1785250617260,true,1785250617299,LeaderAccept
1785250617285,true,1785250617324,LeaderAccept
1785250617312,true,1785250617349,LeaderAccept
1785250617338,true,1785250617378,LeaderAccept
1785250617366,false,1785250617403,LeaderAccept
1785250617392,false,1785250617430,LeaderAccept
1785250617420,false,1785250617458,LeaderAccept
1785250617447,false,1785250617486,LeaderAccept
1785250617475,true,1785250617513,LeaderAccept
1785250617503,false,1785250617541,LeaderAccept
1785250617532,true,1785250617570,LeaderAccept
1785250617560,true,1785250617598,LeaderAccept
1785250617589,false,1785250617628,LeaderAccept
1785250617620,true,1785250617657,LeaderAccept
1785250617650,true,1785250617688,LeaderAccept
1785250617681,false,1785250617719,LeaderAccept
1785250617711,false,1785250617749,LeaderAccept
1785250617742,true,1785250617780,LeaderAccept
1785250617774,true,1785250617812,LeaderAccept
1785250617808,true,1785250617846,LeaderAccept
1785250617840,false,1785250617879,LeaderAccept
1785250617875,true,1785250617913,LeaderAccept
1785250617909,true,1785250617947,LeaderAccept
1785250617943,false,1785250617982,LeaderAccept
1785250617978,false,1785250618016,LeaderAccept
1785250618014,true,1785250618052,LeaderAccept
1785250618050,true,1785250618089,LeaderAccept
1785250618087,false,1785250618126,LeaderAccept
1785250618125,true,1785250618163,LeaderAccept
1785250618163,true,1785250618201,LeaderAccept
1785250618203,true,1785250618241,LeaderAccept
1785250618242,true,1785250618281,LeaderAccept
1785250618284,true,1785250618321,LeaderAccept
1785250618326,false,1785250618363,LeaderAccept
1785250618369,true,1785250618407,LeaderAccept
1785250618412,true,1785250618450,LeaderAccept
1785250618456,false,1785250618495,LeaderAccept
1785250618501,true,1785250618539,LeaderAccept
1785250618548,true,1785250618586,LeaderAccept
1785250618596,true,1785250618634,LeaderAccept
1785250618644,false,1785250618682,LeaderAccept
1785250618693,false,1785250618731,LeaderAccept
1785250618745,true,1785250618783,LeaderAccept
1785250618796,true,1785250618834,LeaderAccept
1785250618850,false,1785250618888,LeaderAccept
1785250618904,true,1785250618943,LeaderAccept
1785250618962,true,1785250619000,LeaderAccept
1785250619019,true,1785250619057,LeaderAccept
1785250619080,false,1785250619118,LeaderAccept
1785250619141,false,1785250619180,LeaderAccept
1785250619204,false,1785250619242,LeaderAccept
1785250619270,false,1785250619308,LeaderAccept
1785250619337,false,1785250619375,LeaderAccept
1785250619407,true,1785250619445,LeaderAccept
1785250619478,true,1785250619516,LeaderAccept
1785250619553,false,1785250619591,LeaderAccept
1785250619631,false,1785250619670,LeaderAccept
1785250619711,true,1785250619749,LeaderAccept
1785250619796,true,1785250619834,LeaderAccept
1785250619884,false,1785250619922,LeaderAccept
1785250619975,true,1785250620014,LeaderAccept
1785250620070,true,1785250620108,LeaderAccept
1785250620171,true,1785250620209,LeaderAccept
1785250620276,false,1785250620314,LeaderAccept
1785250620386,false,1785250620425,LeaderAccept
1785250620503,false,1785250620541,LeaderAccept
1785250620627,true,1785250620665,LeaderAccept
1785250620759,false,1785250620797,LeaderAccept
1785250620899,true,1785250620937,LeaderAccept
1785250621050,true,1785250621088,LeaderAccept
1785250621213,false,1785250621252,LeaderAccept
1785250621389,false,1785250621428,LeaderAccept
1785250621581,true,1785250621619,LeaderAccept
1785250621793,true,1785250621831,LeaderAccept
1785250622028,true,1785250622066,LeaderAccept
1785250622292,false,1785250622331,LeaderAccept
1785250622593,true,1785250622631,LeaderAccept
1785250622943,false,1785250622981,LeaderAccept
1785250623359,false,1785250623397,LeaderAccept
1785250623872,true,1785250623911,LeaderAccept
1785250624534,true,1785250624572,LeaderAccept
1785250625457,true,1785250625495,LeaderAccept
1785250626918,false,1785250626956,LeaderAccept
1785250629950,true,1785250629989,FastAccept
1785250643761,false,1785250643799,LeaderAccept
1785250675501,false,1785250675539,LeaderAccept
1785250675521,true,1785250675559,LeaderAccept
1785250675541,true,1785250675579,LeaderAccept
1785250675561,false,1785250675599,LeaderAccept
1785250675581,true,1785250675619,LeaderAccept
1785250675601,false,1785250675639,LeaderAccept
1785250675622,false,1785250675660,LeaderAccept
1785250675644,true,1785250675682,LeaderAccept
1785250675665,true,1785250675703,LeaderAccept
1785250675687,false,1785250675725,LeaderAccept
1785250675709,false,1785250675747,LeaderAccept
1785250675732,false,1785250675770,LeaderAccept
1785250675754,false,1785250675791,LeaderAccept
1785250675776,false,1785250675814,LeaderAccept
1785250675799,false,1785250675836,LeaderAccept
1785250675822,false,1785250675859,LeaderAccept
1785250675845,false,1785250675883,LeaderAccept
1785250675869,true,1785250675907,LeaderAccept
1785250675892,true,1785250675930,LeaderAccept
1785250675916,true,1785250675955,LeaderAccept
1785250675941,true,1785250675979,LeaderAccept
1785250675965,false,1785250676003,LeaderAccept
1785250675991,false,1785250676029,LeaderAccept
1785250676016,false,1785250676054,LeaderAccept
1785250676041,false,1785250676080,LeaderAccept
1785250676067,true,1785250676104,LeaderAccept
1785250676092,false,1785250676130,LeaderAccept
1785250676119,false,1785250676157,LeaderAccept
1785250676146,true,1785250676184,LeaderAccept
1785250676172,false,1785250676210,LeaderAccept
1785250676199,false,1785250676238,LeaderAccept
1785250676227,true,1785250676265,LeaderAccept
1785250676254,true,1785250676293,LeaderAccept
1785250676282,true,1785250676321,LeaderAccept
1785250676312,true,1785250676349,LeaderAccept
1785250676341,false,1785250676379,LeaderAccept
1785250676372,false,1785250676409,LeaderAccept
1785250676401,false,1785250676439,LeaderAccept
1785250676432,false,1785250676470,LeaderAccept
1785250676462,true,1785250676500,LeaderAccept
1785250676493,true,1785250676531,LeaderAccept
1785250676525,false,1785250676563,LeaderAccept
1785250676557,true,1785250676595,LeaderAccept
1785250676591,true,1785250676629,LeaderAccept
1785250676624,false,1785250676662,LeaderAccept
1785250676658,true,1785250676696,LeaderAccept
1785250676693,true,1785250676730,LeaderAccept
1785250676727,true,1785250676765,LeaderAccept
1785250676764,false,1785250676802,LeaderAccept
1785250676800,true,1785250676838,LeaderAccept
1785250676837,false,1785250676875,LeaderAccept
1785250676875,false,1785250676913,LeaderAccept
1785250676913,true,1785250676951,LeaderAccept
1785250676953,true,1785250676992,LeaderAccept
1785250676992,true,1785250677030,LeaderAccept
1785250677033,true,1785250677071,LeaderAccept
1785250677074,true,1785250677113,LeaderAccept
1785250677116,true,1785250677155,LeaderAccept
1785250677159,false,1785250677198,LeaderAccept
1785250677203,false,1785250677242,LeaderAccept
1785250677248,true,1785250677287,LeaderAccept
1785250677294,true,1785250677332,LeaderAccept
1785250677341,true,1785250677380,LeaderAccept
1785250677389,true,1785250677428,LeaderAccept
1785250677438,true,1785250677475,LeaderAccept
1785250677489,false,1785250677527,LeaderAccept
1785250677541,false,1785250677579,LeaderAccept
1785250677593,true,1785250677631,LeaderAccept
1785250677648,true,1785250677686,LeaderAccept
1785250677703,false,1785250677741,LeaderAccept
1785250677761,false,1785250677799,LeaderAccept
1785250677819,false,1785250677857,LeaderAccept
1785250677881,false,1785250677919,LeaderAccept
1785250677943,true,1785250677981,LeaderAccept
1785250678007,false,1785250678045,LeaderAccept
1785250678074,true,1785250678112,LeaderAccept
1785250678142,false,1785250678181,LeaderAccept
1785250678214,true,1785250678252,LeaderAccept
1785250678287,false,1785250678326,LeaderAccept
1785250678363,true,1785250678401,LeaderAccept
1785250678443,true,1785250678481,LeaderAccept
1785250678526,false,1785250678564,LeaderAccept
1785250678612,true,1785250678650,LeaderAccept
1785250678702,false,1785250678740,LeaderAccept
1785250678795,false,1785250678833,LeaderAccept
1785250678894,false,1785250678932,LeaderAccept
1785250678997,true,1785250679036,LeaderAccept
1785250679105,false,1785250679143,LeaderAccept
1785250679220,true,1785250679258,LeaderAccept
1785250679341,true,1785250679380,LeaderAccept
1785250679469,false,1785250679508,LeaderAccept
1785250679606,false,1785250679644,LeaderAccept
1785250679753,false,1785250679791,LeaderAccept
1785250679911,false,1785250679949,LeaderAccept
1785250680081,false,1785250680119,LeaderAccept
1785250680267,true,1785250680305,LeaderAccept
1785250680469,true,1785250680507,LeaderAccept
1785250680694,false,1785250680732,LeaderAccept
1785250680945,false,1785250680983,LeaderAccept
1785250681229,false,1785250681267,LeaderAccept
1785250681558,true,1785250681596,LeaderAccept
1785250681945,false,1785250681983,LeaderAccept
1785250682413,false,1785250682452,LeaderAccept
1785250683005,true,1785250683043,LeaderAccept
1785250683800,true,1785250683839,LeaderAccept
1785250684984,true,1785250685022,LeaderAccept
1785250687120,false,1785250687158,LeaderAccept
1785250693335,false,1785250693374,LeaderAccept
1785250731451,true,1785250731489,LeaderAccept
1785250731468,true,1785250731507,LeaderAccept
1785250731483,true,1785250731521,LeaderAccept
1785250731499,true,1785250731538,LeaderAccept
1785250731515,true,1785250731554,LeaderAccept
1785250731532,true,1785250731570,LeaderAccept
1785250731549,false,1785250731588,LeaderAccept
1785250731565,true,1785250731603,LeaderAccept
1785250731583,true,1785250731622,LeaderAccept
1785250731599,true,1785250731638,LeaderAccept
1785250731617,false,1785250731655,LeaderAccept
1785250731635,true,1785250731673,LeaderAccept
1785250731653,true,1785250731690,LeaderAccept
1785250731670,true,1785250731709,LeaderAccept
1785250731687,false,1785250731726,LeaderAccept
1785250731705,true,1785250731744,LeaderAccept
1785250731722,false,1785250731760,LeaderAccept
1785250731740,false,1785250731778,LeaderAccept
1785250731759,true,1785250731797,LeaderAccept
1785250731778,true,1785250731815,LeaderAccept
1785250731796,false,1785250731834,LeaderAccept
1785250731814,true,1785250731852,LeaderAccept
1785250731833,false,1785250731871,LeaderAccept
1785250731852,false,1785250731891,LeaderAccept
1785250731871,true,1785250731910,LeaderAccept
1785250731891,false,1785250731929,LeaderAccept
1785250731910,false,1785250731948,LeaderAccept
1785250731931,false,1785250731968,LeaderAccept
1785250731950,true,1785250731988,LeaderAccept
1785250731971,false,1785250732009,LeaderAccept
1785250731992,true,1785250732031,LeaderAccept
1785250732012,false,1785250732051,LeaderAccept
1785250732033,true,1785250732071,LeaderAccept
1785250732053,true,1785250732091,LeaderAccept
1785250732074,true,1785250732113,LeaderAccept
1785250732096,false,1785250732134,LeaderAccept
1785250732117,false,1785250732155,LeaderAccept
1785250732139,false,1785250732177,LeaderAccept
1785250732161,false,1785250732200,LeaderAccept
1785250732184,true,1785250732222,LeaderAccept
1785250732206,false,1785250732245,LeaderAccept
1785250732229,true,1785250732267,LeaderAccept
1785250732252,false,1785250732291,LeaderAccept
1785250732275,true,1785250732313,LeaderAccept
1785250732298,false,1785250732337,LeaderAccept
1785250732323,true,1785250732362,LeaderAccept
1785250732348,false,1785250732386,LeaderAccept
1785250732372,true,1785250732411,LeaderAccept
1785250732398,false,1785250732437,LeaderAccept
1785250732422,true,1785250732461,LeaderAccept
1785250732448,true,1785250732486,LeaderAccept
1785250732473,false,1785250732511,LeaderAccept
1785250732500,true,1785250732538,LeaderAccept
1785250732525,false,1785250732564,LeaderAccept
1785250732552,false,1785250732590,LeaderAccept
1785250732578,true,1785250732616,LeaderAccept
1785250732605,false,1785250732643,LeaderAccept
1785250732632,true,1785250732671,LeaderAccept
1785250732661,false,1785250732700,LeaderAccept
1785250732688,false,1785250732726,LeaderAccept
1785250732717,false,1785250732756,LeaderAccept
1785250732746,true,1785250732784,LeaderAccept
1785250732775,true,1785250732813,LeaderAccept
1785250732805,true,1785250732843,LeaderAccept
1785250732836,true,1785250732874,LeaderAccept
1785250732867,true,1785250732906,LeaderAccept
1785250732898,false,1785250732937,LeaderAccept
1785250732930,false,1785250732969,LeaderAccept
1785250732963,true,1785250733001,LeaderAccept
1785250732995,false,1785250733034,LeaderAccept
1785250733029,true,1785250733068,LeaderAccept
1785250733063,false,1785250733101,LeaderAccept
1785250733096,true,1785250733134,LeaderAccept
1785250733131,true,1785250733169,LeaderAccept
1785250733166,false,1785250733205,LeaderAccept
1785250733203,true,1785250733242,LeaderAccept
1785250733239,true,1785250733277,LeaderAccept
1785250733276,true,1785250733314,LeaderAccept
1785250733313,true,1785250733352,LeaderAccept
1785250733352,true,1785250733390,LeaderAccept
1785250733391,false,1785250733429,LeaderAccept
1785250733432,false,1785250733471,LeaderAccept
1785250733473,false,1785250733511,LeaderAccept
1785250733514,false,1785250733553,LeaderAccept
1785250733556,true,1785250733595,LeaderAccept
1785250733599,false,1785250733639,LeaderAccept
1785250733644,false,1785250733683,LeaderAccept
1785250733690,false,1785250733729,LeaderAccept
1785250733736,false,1785250733775,LeaderAccept
1785250733783,true,1785250733822,LeaderAccept
1785250733831,true,1785250733871,LeaderAccept
1785250733880,true,1785250733919,LeaderAccept
1785250733932,true,1785250733973,LeaderAccept
1785250733984,false,1785250734022,LeaderAccept
1785250734038,false,1785250734077,LeaderAccept
1785250734092,true,1785250734131,LeaderAccept
1785250734149,false,1785250734187,LeaderAccept
1785250734206,false,1785250734245,LeaderAccept
1785250734265,true,1785250734305,LeaderAccept
1785250734326,false,1785250734365,LeaderAccept
1785250734390,true,1785250734430,LeaderAccept
1785250734454,false,1785250734493,LeaderAccept
1785250734521,true,1785250734561,LeaderAccept
1785250734590,true,1785250734629,LeaderAccept
1785250734661,true,1785250734700,LeaderAccept
1785250734736,false,1785250734775,LeaderAccept
1785250734813,false,1785250734852,LeaderAccept
1785250734893,true,1785250734931,LeaderAccept
1785250734976,false,1785250735015,LeaderAccept
1785250735063,true,1785250735101,LeaderAccept
1785250735154,false,1785250735192,LeaderAccept
1785250735248,false,1785250735287,LeaderAccept
1785250735347,true,1785250735387,FastAccept
1785250735451,false,1785250735489,FastAccept
1785250735562,true,1785250735600,FastAccept
1785250735678,true,1785250735716,FastAccept
1785250735800,false,1785250735838,FastAccept
1785250735931,true,1785250735970,FastAccept
1785250736070,false,1785250736108,FastAccept
1785250736220,true,1785250736258,FastAccept
1785250736381,true,1785250736419,FastAccept
1785250736554,false,1785250736593,FastAccept
1785250736744,true,1785250736782,FastAccept
1785250736952,true,1785250736990,FastAccept
1785250737184,false,1785250737222,FastAccept
1785250737444,false,1785250737482,FastAccept
1785250737738,false,1785250737781,FastAccept
1785250738079,true,1785250738117,LeaderAccept
1785250738485,false,1785250738522,LeaderAccept
1785250738980,false,1785250739018,LeaderAccept
1785250739615,true,1785250739652,LeaderAccept
1785250740485,false,1785250740523,LeaderAccept
1785250741831,true,1785250741869,FastAccept
1785250744467,true,1785250744506,FastAccept
1785250750092,false,1785250750130,FastAccept
1785250750124,false,1785250750163,FastAccept
1785250750158,false,1785250750201,FastAccept
1785250750191,true,1785250750259,LeaderAccept
1785250750225,false,1785250750280,LeaderAccept
1785250750261,false,1785250750299,FastAccept
1785250750296,false,1785250750334,FastAccept
1785250750332,true,1785250750371,FastAccept
1785250750369,false,1785250750407,FastAccept
1785250750407,false,1785250750445,FastAccept
1785250750445,true,1785250750483,FastAccept
1785250750484,false,1785250750523,FastAccept
1785250750525,false,1785250750563,FastAccept
1785250750565,false,1785250750604,FastAccept
1785250750606,true,1785250750644,FastAccept
1785250750648,true,1785250750687,FastAccept
1785250750691,true,1785250750729,FastAccept
1785250750736,true,1785250750774,FastAccept
1785250750781,true,1785250750843,LeaderAccept
1785250750826,true,1785250750865,FastAccept
1785250750874,true,1785250750913,FastAccept
1785250750922,false,1785250750961,FastAccept
1785250750972,true,1785250751010,FastAccept
1785250751023,true,1785250751062,FastAccept
1785250751074,true,1785250751112,FastAccept
1785250751128,true,1785250751166,FastAccept
1785250751183,false,1785250751221,FastAccept
1785250751239,false,1785250751279,FastAccept
1785250751296,true,1785250751335,FastAccept
1785250751355,true,1785250751393,FastAccept
1785250751417,true,1785250751455,FastAccept
1785250751480,true,1785250751518,FastAccept
1785250751544,false,1785250751582,FastAccept
1785250751612,true,1785250751650,FastAccept
1785250751681,false,1785250751719,FastAccept
1785250751753,false,1785250751791,FastAccept
1785250751826,true,1785250751865,FastAccept
1785250751903,true,1785250751941,FastAccept
1785250751982,true,1785250752021,FastAccept
1785250752066,false,1785250752104,FastAccept
1785250752153,true,1785250752191,FastAccept
1785250752243,true,1785250752282,FastAccept
1785250752337,true,1785250752375,FastAccept
1785250752437,false,1785250752474,FastAccept
1785250752541,false,1785250752579,FastAccept
1785250752649,false,1785250752688,FastAccept
1785250752765,false,1785250752803,FastAccept
1785250752886,true,1785250752925,FastAccept
1785250753016,false,1785250753055,FastAccept
1785250753154,false,1785250753192,FastAccept
1785250753302,true,1785250753340,FastAccept
1785250753461,true,1785250753499,FastAccept
1785250753634,false,1785250753672,FastAccept
1785250753822,false,1785250753860,FastAccept
1785250754027,false,1785250754065,FastAccept
1785250754256,true,1785250754294,FastAccept
1785250754512,true,1785250754550,FastAccept
1785250754802,true,1785250754840,FastAccept
1785250755136,false,1785250755174,FastAccept
1785250755532,false,1785250755570,FastAccept
1785250756015,false,1785250756053,FastAccept
1785250756629,false,1785250756668,FastAccept
1785250757463,false,1785250757501,FastAccept
1785250758727,false,1785250758766,FastAccept
1785250761106,false,1785250761145,FastAccept
1785250768915,true,1785250768953,FastAccept
1785250815607,true,1785250815646,FastAccept
1785250815625,false,1785250815663,FastAccept
1785250815643,true,1785250815682,FastAccept
1785250815662,false,1785250815700,FastAccept
1785250815681,true,1785250815720,FastAccept
1785250815700,false,1785250815738,FastAccept
1785250815719,true,1785250815757,FastAccept
1785250815738,true,1785250815776,FastAccept
1785250815757,true,1785250815795,FastAccept
1785250815776,true,1785250815814,FastAccept
1785250815795,true,1785250815833,FastAccept
1785250815815,false,1785250815853,FastAccept
1785250815835,true,1785250815874,FastAccept
1785250815857,true,1785250815894,FastAccept
1785250815878,false,1785250815916,FastAccept
1785250815899,true,1785250815937,FastAccept
1785250815920,false,1785250815958,FastAccept
1785250815941,true,1785250815980,FastAccept
1785250815963,false,1785250816021,LeaderAccept
1785250815985,false,1785250816070,LeaderAccept
1785250816006,false,1785250816070,SlowAccept
1785250816029,true,1785250816070,FastAccept
1785250816051,false,1785250816089,FastAccept
1785250816074,false,1785250816112,FastAccept
1785250816096,true,1785250816135,FastAccept
1785250816119,true,1785250816158,FastAccept
1785250816142,true,1785250816180,FastAccept
1785250816165,false,1785250816203,FastAccept
1785250816190,true,1785250816228,FastAccept
1785250816214,false,1785250816253,FastAccept
1785250816239,true,1785250816278,FastAccept
1785250816263,false,1785250816301,FastAccept
1785250816288,true,1785250816327,FastAccept
1785250816314,false,1785250816352,FastAccept
1785250816340,false,1785250816378,FastAccept
1785250816365,true,1785250816404,FastAccept
1785250816391,false,1785250816430,FastAccept
1785250816418,false,1785250816456,FastAccept
1785250816445,false,1785250816483,FastAccept
1785250816472,true,1785250816511,FastAccept
1785250816500,false,1785250816559,LeaderAccept
1785250816528,false,1785250816586,LeaderAccept
1785250816556,false,1785250816606,LeaderAccept
1785250816585,false,1785250816624,FastAccept
1785250816614,false,1785250816653,FastAccept
1785250816643,false,1785250816682,FastAccept
1785250816674,false,1785250816712,FastAccept
1785250816704,false,1785250816742,FastAccept
1785250816735,false,1785250816773,FastAccept
1785250816767,false,1785250816805,FastAccept
1785250816799,false,1785250816837,FastAccept
1785250816831,false,1785250816869,FastAccept
1785250816864,false,1785250816902,FastAccept
1785250816898,true,1785250816936,FastAccept
1785250816932,false,1785250816970,FastAccept
1785250816967,false,1785250817005,FastAccept
1785250817003,false,1785250817041,FastAccept
1785250817038,false,1785250817076,FastAccept
1785250817074,false,1785250817113,FastAccept
1785250817112,false,1785250817150,FastAccept
1785250817150,true,1785250817188,FastAccept
1785250817188,false,1785250817226,FastAccept
1785250817227,true,1785250817265,FastAccept
1785250817268,false,1785250817305,FastAccept
1785250817309,false,1785250817346,FastAccept
1785250817351,true,1785250817389,FastAccept
1785250817393,false,1785250817431,FastAccept
1785250817436,false,1785250817475,FastAccept
1785250817480,false,1785250817519,FastAccept
1785250817525,false,1785250817564,FastAccept
1785250817572,false,1785250817610,FastAccept
1785250817618,true,1785250817656,FastAccept
1785250817666,true,1785250817705,FastAccept
1785250817715,false,1785250817753,FastAccept
1785250817766,false,1785250817804,FastAccept
1785250817817,false,1785250817855,FastAccept
1785250817871,true,1785250817909,FastAccept
1785250817926,false,1785250817964,FastAccept
1785250817981,true,1785250818020,FastAccept
1785250818039,false,1785250818077,FastAccept
1785250818098,false,1785250818136,FastAccept
1785250818160,false,1785250818198,FastAccept
1785250818222,false,1785250818261,FastAccept
1785250818287,false,1785250818325,FastAccept
1785250818354,false,1785250818393,FastAccept
1785250818422,true,1785250818460,FastAccept
1785250818494,false,1785250818532,FastAccept
1785250818567,false,1785250818606,FastAccept
1785250818645,false,1785250818683,FastAccept
1785250818724,false,1785250818763,FastAccept
1785250818807,false,1785250818846,FastAccept
1785250818893,true,1785250818932,FastAccept
1785250818983,false,1785250819022,FastAccept
1785250819077,true,1785250819116,FastAccept
1785250819176,false,1785250819214,FastAccept
1785250819280,true,1785250819319,FastAccept
1785250819388,true,1785250819426,FastAccept
1785250819504,false,1785250819542,FastAccept
1785250819625,false,1785250819663,FastAccept
1785250819754,true,1785250819792,FastAccept
1785250819892,false,1785250819931,FastAccept
1785250820039,false,1785250820077,FastAccept
1785250820198,false,1785250820236,FastAccept
1785250820369,true,1785250820407,FastAccept
1785250820557,true,1785250820609,LeaderAccept
1785250820763,false,1785250820801,FastAccept
1785250820990,false,1785250821028,LeaderAccept
1785250821245,true,1785250821283,LeaderAccept
1785250821533,false,1785250821571,LeaderAccept
1785250821866,true,1785250821905,LeaderAccept
1785250822259,true,1785250822298,LeaderAccept
1785250822738,false,1785250822777,LeaderAccept
1785250823347,false,1785250823390,FastAccept
1785250824170,true,1785250824209,FastAccept
1785250825413,false,1785250825452,FastAccept
1785250827728,false,1785250827766,FastAccept
1785250835085,true,1785250835123,FastAccept
1785250857858,false,1785250857897,LeaderAccept
1785250857876,false,1785250857914,LeaderAccept
1785250857892,false,1785250857931,LeaderAccept
1785250857909,true,1785250857948,LeaderAccept
1785250857926,true,1785250857965,LeaderAccept
1785250857943,true,1785250857981,LeaderAccept
1785250857960,true,1785250857998,LeaderAccept
1785250857977,false,1785250858015,LeaderAccept
1785250857995,false,1785250858033,LeaderAccept
1785250858012,false,1785250858049,LeaderAccept
1785250858030,false,1785250858068,LeaderAccept
1785250858048,false,1785250858086,LeaderAccept
1785250858067,true,1785250858105,LeaderAccept
1785250858085,false,1785250858123,LeaderAccept
1785250858103,true,1785250858141,LeaderAccept
1785250858122,true,1785250858160,LeaderAccept
1785250858141,true,1785250858179,LeaderAccept
1785250858159,false,1785250858197,LeaderAccept
1785250858179,true,1785250858216,LeaderAccept
1785250858199,true,1785250858237,LeaderAccept
1785250858219,false,1785250858257,LeaderAccept
1785250858238,false,1785250858276,LeaderAccept
1785250858258,true,1785250858297,LeaderAccept
1785250858279,false,1785250858317,LeaderAccept
1785250858299,false,1785250858337,LeaderAccept
1785250858319,true,1785250858357,LeaderAccept
1785250858339,true,1785250858377,LeaderAccept
1785250858361,false,1785250858400,LeaderAccept
1785250858382,true,1785250858420,LeaderAccept
1785250858403,false,1785250858441,LeaderAccept
1785250858424,true,1785250858463,LeaderAccept
1785250858446,true,1785250858484,LeaderAccept
1785250858469,true,1785250858507,LeaderAccept
1785250858492,true,1785250858529,LeaderAccept
1785250858515,false,1785250858552,LeaderAccept
1785250858538,true,1785250858576,LeaderAccept
1785250858560,true,1785250858598,LeaderAccept
1785250858583,false,1785250858621,LeaderAccept
1785250858606,true,1785250858644,LeaderAccept
1785250858631,false,1785250858669,LeaderAccept
1785250858654,true,1785250858692,LeaderAccept
1785250858678,false,1785250858716,LeaderAccept
1785250858703,true,1785250858740,LeaderAccept
1785250858727,true,1785250858765,LeaderAccept
1785250858752,false,1785250858791,LeaderAccept
1785250858779,true,1785250858817,LeaderAccept
1785250858804,true,1785250858842,LeaderAccept
1785250858830,true,1785250858868,LeaderAccept
1785250858857,true,1785250858896,LeaderAccept
1785250858885,false,1785250858923,LeaderAccept
1785250858912,false,1785250858950,LeaderAccept
1785250858939,true,1785250858977,LeaderAccept
1785250858967,true,1785250859006,LeaderAccept
1785250858996,false,1785250859034,LeaderAccept
1785250859024,false,1785250859063,LeaderAccept
1785250859053,true,1785250859092,LeaderAccept
1785250859083,true,1785250859121,LeaderAccept
1785250859113,true,1785250859151,LeaderAccept
1785250859143,false,1785250859181,LeaderAccept
1785250859174,false,1785250859213,LeaderAccept
1785250859206,true,1785250859244,LeaderAccept
1785250859237,false,1785250859275,LeaderAccept
1785250859270,true,1785250859308,LeaderAccept
1785250859303,false,1785250859341,LeaderAccept
1785250859337,true,1785250859375,LeaderAccept
1785250859370,false,1785250859408,LeaderAccept
1785250859404,true,1785250859442,LeaderAccept
1785250859438,true,1785250859476,LeaderAccept
1785250859474,true,1785250859512,LeaderAccept
1785250859509,true,1785250859548,LeaderAccept
1785250859545,true,1785250859583,LeaderAccept
1785250859582,false,1785250859621,LeaderAccept
1785250859620,true,1785250859659,LeaderAccept
1785250859659,true,1785250859697,LeaderAccept
1785250859698,true,1785250859737,LeaderAccept
1785250859738,false,1785250859777,LeaderAccept
1785250859779,false,1785250859818,LeaderAccept
1785250859821,false,1785250859859,LeaderAccept
1785250859863,true,1785250859902,LeaderAccept
1785250859906,false,1785250859944,LeaderAccept
1785250859951,false,1785250859989,LeaderAccept
1785250859996,true,1785250860035,LeaderAccept
1785250860043,false,1785250860081,LeaderAccept
1785250860090,true,1785250860129,LeaderAccept
1785250860139,false,1785250860178,LeaderAccept
1785250860188,false,1785250860227,LeaderAccept
1785250860239,false,1785250860278,LeaderAccept
1785250860291,false,1785250860329,LeaderAccept
1785250860344,false,1785250860383,LeaderAccept
1785250860399,false,1785250860437,LeaderAccept
1785250860455,false,1785250860494,LeaderAccept
1785250860513,false,1785250860551,LeaderAccept
1785250860573,true,1785250860611,LeaderAccept
1785250860634,true,1785250860673,LeaderAccept
1785250860698,true,1785250860737,LeaderAccept
1785250860763,false,1785250860801,LeaderAccept
1785250860830,false,1785250860869,LeaderAccept
1785250860900,true,1785250860938,LeaderAccept
1785250860973,true,1785250861011,LeaderAccept
1785250861047,false,1785250861085,LeaderAccept
1785250861125,true,1785250861163,LeaderAccept
1785250861205,false,1785250861243,LeaderAccept
1785250861290,true,1785250861328,LeaderAccept
1785250861377,true,1785250861415,LeaderAccept
1785250861467,false,1785250861505,LeaderAccept
1785250861563,false,1785250861601,LeaderAccept
1785250861662,false,1785250861701,LeaderAccept
1785250861768,false,1785250861807,LeaderAccept
1785250861878,true,1785250861917,LeaderAccept
1785250861995,false,1785250862033,FastAccept
1785250862119,false,1785250862157,FastAccept
1785250862250,true,1785250862288,FastAccept
1785250862391,false,1785250862429,FastAccept
1785250862541,false,1785250862579,FastAccept
1785250862704,false,1785250862742,FastAccept
1785250862880,false,1785250862918,FastAccept
1785250863071,false,1785250863110,FastAccept
1785250863282,true,1785250863321,FastAccept
1785250863516,true,1785250863566,LeaderAccept
1785250863779,true,1785250863817,FastAccept
1785250864079,true,1785250864117,FastAccept
1785250864426,true,1785250864464,FastAccept
1785250864840,true,1785250864878,FastAccept
1785250865347,false,1785250865385,FastAccept
1785250866001,false,1785250866039,FastAccept
1785250866908,true,1785250866946,FastAccept
1785250868335,false,1785250868374,LeaderAccept
1785250871246,true,1785250871285,LeaderAccept
1785250883722,false,1785250883761,FastAccept
1785250895357,true,1785250895395,LeaderAccept
1785250895378,true,1785250895416,LeaderAccept
1785250895398,false,1785250895436,LeaderAccept
1785250895419,false,1785250895457,LeaderAccept
1785250895439,false,1785250895478,LeaderAccept
1785250895461,true,1785250895498,LeaderAccept
1785250895482,true,1785250895520,LeaderAccept
1785250895503,true,1785250895541,LeaderAccept
1785250895526,true,1785250895563,LeaderAccept
1785250895547,false,1785250895585,LeaderAccept
1785250895570,true,1785250895608,LeaderAccept
1785250895593,false,1785250895631,LeaderAccept
1785250895615,false,1785250895653,LeaderAccept
1785250895638,true,1785250895676,LeaderAccept
1785250895661,false,1785250895700,LeaderAccept
1785250895686,false,1785250895724,LeaderAccept
1785250895709,false,1785250895748,LeaderAccept
1785250895733,true,1785250895772,LeaderAccept
1785250895757,false,1785250895795,LeaderAccept
1785250895781,false,1785250895819,LeaderAccept
1785250895806,false,1785250895845,LeaderAccept
1785250895832,true,1785250895870,LeaderAccept
1785250895858,false,1785250895897,LeaderAccept
1785250895883,true,1785250895920,LeaderAccept
1785250895910,false,1785250895948,LeaderAccept
1785250895937,true,1785250895976,LeaderAccept
1785250895963,false,1785250896002,LeaderAccept
1785250895990,true,1785250896028,LeaderAccept
1785250896017,true,1785250896056,LeaderAccept
1785250896045,true,1785250896083,LeaderAccept
1785250896074,false,1785250896112,LeaderAccept
1785250896103,true,1785250896141,LeaderAccept
1785250896131,false,1785250896168,LeaderAccept
1785250896161,true,1785250896200,LeaderAccept
1785250896190,false,1785250896228,LeaderAccept
1785250896220,true,1785250896259,LeaderAccept
1785250896251,true,1785250896289,LeaderAccept
1785250896282,false,1785250896320,LeaderAccept
1785250896314,true,1785250896352,LeaderAccept
1785250896346,false,1785250896383,LeaderAccept
1785250896378,true,1785250896416,LeaderAccept
1785250896412,true,1785250896449,LeaderAccept
1785250896445,false,1785250896483,LeaderAccept
1785250896480,false,1785250896518,LeaderAccept
1785250896515,true,1785250896552,LeaderAccept
1785250896550,true,1785250896589,LeaderAccept
1785250896587,true,1785250896625,LeaderAccept
1785250896623,false,1785250896661,LeaderAccept
1785250896660,false,1785250896699,LeaderAccept
1785250896698,false,1785250896736,LeaderAccept
1785250896737,true,1785250896776,LeaderAccept
1785250896776,false,1785250896814,LeaderAccept
1785250896817,true,1785250896855,LeaderAccept
1785250896857,false,1785250896896,LeaderAccept
1785250896899,true,1785250896937,LeaderAccept
1785250896941,true,1785250896980,LeaderAccept
1785250896985,true,1785250897023,LeaderAccept
1785250897029,false,1785250897068,LeaderAccept
1785250897075,false,1785250897113,LeaderAccept
1785250897121,false,1785250897160,LeaderAccept
1785250897168,true,1785250897207,LeaderAccept
1785250897216,false,1785250897254,LeaderAccept
1785250897265,true,1785250897303,LeaderAccept
1785250897317,true,1785250897355,LeaderAccept
1785250897370,true,1785250897408,LeaderAccept
1785250897423,true,1785250897461,LeaderAccept
1785250897479,false,1785250897518,LeaderAccept
1785250897535,false,1785250897573,LeaderAccept
1785250897593,true,1785250897632,LeaderAccept
1785250897653,true,1785250897691,LeaderAccept
1785250897714,true,1785250897752,LeaderAccept
1785250897778,false,1785250897817,LeaderAccept
1785250897844,true,1785250897883,LeaderAccept
1785250897912,true,1785250897950,LeaderAccept
1785250897982,true,1785250898020,LeaderAccept
1785250898054,false,1785250898092,LeaderAccept
1785250898128,false,1785250898166,LeaderAccept
1785250898206,false,1785250898244,LeaderAccept
1785250898286,true,1785250898324,LeaderAccept
1785250898370,false,1785250898409,LeaderAccept
1785250898457,false,1785250898496,LeaderAccept
1785250898548,true,1785250898587,LeaderAccept
1785250898644,true,1785250898682,LeaderAccept
1785250898745,false,1785250898783,LeaderAccept
1785250898849,false,1785250898887,LeaderAccept
1785250898960,false,1785250898999,LeaderAccept
1785250899078,true,1785250899117,LeaderAccept
1785250899201,true,1785250899240,LeaderAccept
1785250899333,true,1785250899372,LeaderAccept
1785250899475,false,1785250899513,LeaderAccept
1785250899625,true,1785250899663,LeaderAccept
1785250899788,false,1785250899827,LeaderAccept
1785250899964,true,1785250900002,LeaderAccept
1785250900157,true,1785250900195,LeaderAccept
1785250900368,false,1785250900409,LeaderAccept
1785250900603,false,1785250900642,LeaderAccept
1785250900868,true,1785250900906,FastAccept
1785250901169,true,1785250901207,FastAccept
1785250901520,true,1785250901559,FastAccept
1785250901937,true,1785250901975,FastAccept
1785250902451,true,1785250902515,SlowAccept
1785250903115,false,1785250903153,FastAccept
1785250904040,false,1785250904078,FastAccept
1785250905508,false,1785250905547,FastAccept
1785250908566,true,1785250908605,FastAccept
1785250922668,false,1785250922706,FastAccept
1785250927486,false,1785250927524,FastAccept
1785250927504,true,1785250927542,FastAccept
1785250927523,true,1785250927561,FastAccept
1785250927541,true,1785250927579,FastAccept
1785250927560,true,1785250927597,FastAccept
1785250927578,false,1785250927616,FastAccept
1785250927597,false,1785250927635,FastAccept
1785250927616,true,1785250927654,FastAccept
1785250927635,true,1785250927672,FastAccept
1785250927654,true,1785250927691,FastAccept
1785250927674,false,1785250927711,FastAccept
1785250927694,true,1785250927731,FastAccept
1785250927714,false,1785250927752,FastAccept
1785250927734,true,1785250927772,FastAccept
1785250927755,false,1785250927793,FastAccept
1785250927775,true,1785250927813,FastAccept
1785250927796,true,1785250927834,FastAccept
1785250927817,true,1785250927856,FastAccept
1785250927838,false,1785250927876,FastAccept
1785250927859,false,1785250927897,FastAccept
1785250927881,true,1785250927919,FastAccept
1785250927902,false,1785250927940,FastAccept
1785250927924,false,1785250927962,FastAccept
1785250927946,false,1785250927985,FastAccept
1785250927969,false,1785250928007,FastAccept
1785250927992,true,1785250928030,FastAccept
1785250928015,true,1785250928054,FastAccept
1785250928039,false,1785250928077,FastAccept
1785250928062,false,1785250928100,FastAccept
1785250928086,true,1785250928124,FastAccept
1785250928110,false,1785250928149,FastAccept
1785250928135,false,1785250928173,FastAccept
1785250928159,false,1785250928197,FastAccept
1785250928185,false,1785250928223,FastAccept
1785250928210,true,1785250928250,FastAccept
1785250928236,false,1785250928274,FastAccept
1785250928263,false,1785250928301,FastAccept
1785250928290,true,1785250928328,FastAccept
1785250928316,true,1785250928355,FastAccept
1785250928343,false,1785250928382,FastAccept
1785250928370,false,1785250928408,FastAccept
1785250928398,false,1785250928435,FastAccept
1785250928426,false,1785250928463,FastAccept
1785250928455,true,1785250928492,FastAccept
1785250928484,false,1785250928523,FastAccept
1785250928513,true,1785250928551,FastAccept
1785250928542,false,1785250928580,FastAccept
1785250928573,false,1785250928610,FastAccept
1785250928603,false,1785250928664,LeaderAccept
1785250928634,true,1785250928685,LeaderAccept
1785250928666,false,1785250928704,FastAccept
1785250928698,false,1785250928737,FastAccept
1785250928731,true,1785250928769,FastAccept
1785250928763,false,1785250928802,FastAccept
1785250928797,false,1785250928835,FastAccept
1785250928830,false,1785250928869,FastAccept
1785250928865,false,1785250928903,FastAccept
1785250928901,false,1785250928939,FastAccept
1785250928937,false,1785250928974,FastAccept
1785250928972,true,1785250929011,FastAccept
1785250929010,false,1785250929048,FastAccept
1785250929047,false,1785250929086,FastAccept
1785250929086,false,1785250929123,FastAccept
1785250929124,true,1785250929163,FastAccept
1785250929165,true,1785250929203,FastAccept
1785250929205,false,1785250929244,FastAccept
1785250929246,false,1785250929285,FastAccept
1785250929288,true,1785250929327,FastAccept
1785250929331,true,1785250929369,FastAccept
1785250929375,true,1785250929413,FastAccept
1785250929420,false,1785250929459,FastAccept
1785250929465,false,1785250929503,FastAccept
1785250929513,true,1785250929551,FastAccept
1785250929561,true,1785250929599,FastAccept
1785250929609,true,1785250929648,FastAccept
1785250929659,true,1785250929698,FastAccept
1785250929710,false,1785250929748,FastAccept
1785250929763,false,1785250929801,FastAccept
1785250929816,true,1785250929854,FastAccept
1785250929872,true,1785250929910,FastAccept
1785250929928,false,1785250929967,FastAccept
1785250929987,true,1785250930026,FastAccept
1785250930048,true,1785250930086,FastAccept
1785250930109,true,1785250930147,FastAccept
1785250930174,true,1785250930212,FastAccept
1785250930241,true,1785250930279,FastAccept
1785250930310,true,1785250930349,FastAccept
1785250930380,true,1785250930419,FastAccept
1785250930453,false,1785250930491,FastAccept
1785250930529,true,1785250930568,FastAccept
1785250930608,false,1785250930647,FastAccept
1785250930690,false,1785250930729,FastAccept
1785250930775,false,1785250930814,FastAccept
1785250930864,true,1785250930902,FastAccept
1785250930957,true,1785250930995,FastAccept
1785250931054,true,1785250931092,FastAccept
1785250931156,true,1785250931194,FastAccept
1785250931264,false,1785250931302,FastAccept
1785250931378,false,1785250931417,FastAccept
1785250931497,true,1785250931535,FastAccept
1785250931625,true,1785250931663,FastAccept
1785250931760,false,1785250931798,FastAccept
1785250931905,true,1785250931944,FastAccept
1785250932061,false,1785250932099,FastAccept
1785250932230,false,1785250932268,FastAccept
1785250932413,false,1785250932451,FastAccept
1785250932612,true,1785250932650,FastAccept
1785250932833,false,1785250932871,FastAccept
1785250933079,true,1785250933117,FastAccept
1785250933358,false,1785250933396,FastAccept
1785250933679,true,1785250933717,FastAccept
1785250934054,true,1785250934092,FastAccept
1785250934506,true,1785250934544,FastAccept
1785250935073,false,1785250935111,FastAccept
1785250935825,true,1785250935863,FastAccept
1785250936922,true,1785250936960,FastAccept
1785250938817,true,1785250938855,FastAccept
1785250943704,true,1785250943743,FastAccept
1785250974397,false,1785250974436,LeaderAccept
1785250974416,true,1785250974453,LeaderAccept
1785250974435,false,1785250974472,LeaderAccept
1785250974454,false,1785250974492,LeaderAccept
1785250974474,true,1785250974512,LeaderAccept
1785250974494,true,1785250974532,LeaderAccept
1785250974514,false,1785250974552,LeaderAccept
1785250974534,true,1785250974573,LeaderAccept
1785250974555,false,1785250974593,LeaderAccept
1785250974575,true,1785250974613,LeaderAccept
1785250974596,false,1785250974633,LeaderAccept
1785250974617,false,1785250974655,LeaderAccept
1785250974638,true,1785250974676,LeaderAccept
1785250974660,false,1785250974699,LeaderAccept
1785250974682,true,1785250974720,LeaderAccept
1785250974704,true,1785250974742,LeaderAccept
1785250974726,true,1785250974764,LeaderAccept
1785250974748,true,1785250974786,LeaderAccept
1785250974770,true,1785250974808,LeaderAccept
1785250974792,false,1785250974830,LeaderAccept
1785250974816,false,1785250974853,LeaderAccept
1785250974840,true,1785250974878,LeaderAccept
1785250974864,false,1785250974902,LeaderAccept
1785250974888,true,1785250974925,LeaderAccept
1785250974911,false,1785250974949,LeaderAccept
1785250974935,false,1785250974973,LeaderAccept
1785250974960,true,1785250974998,LeaderAccept
1785250974986,true,1785250975024,LeaderAccept
1785250975011,false,1785250975049,LeaderAccept
1785250975037,true,1785250975075,LeaderAccept
1785250975064,false,1785250975102,LeaderAccept
1785250975090,false,1785250975128,LeaderAccept
1785250975117,false,1785250975155,LeaderAccept
1785250975145,true,1785250975183,LeaderAccept
1785250975173,true,1785250975211,LeaderAccept
1785250975200,false,1785250975238,LeaderAccept
1785250975229,true,1785250975267,LeaderAccept
1785250975258,true,1785250975295,LeaderAccept
1785250975286,false,1785250975325,LeaderAccept
1785250975316,false,1785250975355,LeaderAccept
1785250975345,true,1785250975384,LeaderAccept
1785250975375,true,1785250975413,LeaderAccept
1785250975405,false,1785250975444,LeaderAccept
1785250975437,false,1785250975475,LeaderAccept
1785250975468,true,1785250975506,LeaderAccept
1785250975500,false,1785250975538,LeaderAccept
1785250975533,true,1785250975571,LeaderAccept
1785250975567,false,1785250975604,LeaderAccept
1785250975601,true,1785250975639,LeaderAccept
1785250975635,false,1785250975673,LeaderAccept
1785250975670,false,1785250975708,LeaderAccept
1785250975704,false,1785250975742,LeaderAccept
1785250975740,true,1785250975777,LeaderAccept
1785250975777,false,1785250975815,LeaderAccept
1785250975813,true,1785250975852,LeaderAccept
1785250975850,false,1785250975889,LeaderAccept
1785250975888,true,1785250975926,LeaderAccept
1785250975927,false,1785250975966,LeaderAccept
1785250975967,false,1785250976005,LeaderAccept
1785250976009,false,1785250976047,LeaderAccept
1785250976050,false,1785250976088,LeaderAccept
1785250976092,true,1785250976131,LeaderAccept
1785250976135,false,1785250976173,LeaderAccept
1785250976179,true,1785250976217,LeaderAccept
1785250976225,false,1785250976263,LeaderAccept
1785250976271,true,1785250976309,LeaderAccept
1785250976317,true,1785250976355,LeaderAccept
1785250976365,false,1785250976404,LeaderAccept
1785250976415,true,1785250976453,LeaderAccept
1785250976466,false,1785250976503,LeaderAccept
1785250976517,true,1785250976555,LeaderAccept
1785250976531,true,1785250976570,LeaderAccept
1785250976547,true,1785250976586,LeaderAccept
1785250976562,true,1785250976599,LeaderAccept
1785250976577,true,1785250976614,LeaderAccept
1785250976591,false,1785250976629,LeaderAccept
1785250976606,true,1785250976644,LeaderAccept
1785250976622,false,1785250976660,LeaderAccept
1785250976638,false,1785250976676,LeaderAccept
1785250976653,true,1785250976691,LeaderAccept
1785250976670,false,1785250976708,LeaderAccept
1785250976686,false,1785250976724,LeaderAccept
1785250976702,false,1785250976740,LeaderAccept
1785250976717,false,1785250976755,LeaderAccept
1785250976733,true,1785250976772,LeaderAccept
1785250976749,true,1785250976788,LeaderAccept
1785250976766,true,1785250976804,LeaderAccept
1785250976783,true,1785250976821,LeaderAccept
1785250976800,true,1785250976837,LeaderAccept
1785250976816,false,1785250976855,LeaderAccept
1785250976834,false,1785250976871,LeaderAccept
1785250976851,true,1785250976888,LeaderAccept
1785250976868,true,1785250976906,LeaderAccept
1785250976884,true,1785250976922,LeaderAccept
1785250976901,false,1785250976939,LeaderAccept
1785250976918,false,1785250976957,LeaderAccept
1785250976936,false,1785250976974,LeaderAccept
1785250976954,true,1785250976991,LeaderAccept
1785250976972,false,1785250977009,LeaderAccept
1785250976989,true,1785250977027,LeaderAccept
1785250977007,false,1785250977046,LeaderAccept
1785250977025,true,1785250977063,LeaderAccept
1785250977043,false,1785250977082,LeaderAccept
1785250977061,false,1785250977099,LeaderAccept
1785250977079,true,1785250977116,LeaderAccept
1785250977098,true,1785250977136,LeaderAccept
1785250977116,false,1785250977154,LeaderAccept
1785250977135,true,1785250977173,LeaderAccept
1785250977156,true,1785250977194,LeaderAccept
1785250977176,true,1785250977214,LeaderAccept
1785250977195,true,1785250977233,LeaderAccept
1785250977215,false,1785250977253,LeaderAccept
1785250977235,false,1785250977273,LeaderAccept
1785250977255,false,1785250977293,LeaderAccept
1785250977275,true,1785250977314,LeaderAccept
1785250977297,false,1785250977334,LeaderAccept
1785250977317,true,1785250977356,LeaderAccept
1785250977338,false,1785250977377,LeaderAccept
1785250977360,true,1785250977397,LeaderAccept
1785250977381,true,1785250977419,LeaderAccept
1785250977403,false,1785250977441,LeaderAccept
1785250977426,false,1785250977464,LeaderAccept
1785250977448,true,1785250977486,LeaderAccept
1785250977470,true,1785250977508,LeaderAccept
1785250977492,true,1785250977531,LeaderAccept
1785250977515,false,1785250977553,LeaderAccept
1785250977538,false,1785250977576,LeaderAccept
1785250977561,true,1785250977599,LeaderAccept
1785250977586,false,1785250977624,LeaderAccept
1785250977610,true,1785250977648,LeaderAccept
1785250977633,false,1785250977671,LeaderAccept
1785250977657,false,1785250977695,LeaderAccept
1785250977683,false,1785250977720,LeaderAccept
1785250977708,false,1785250977746,LeaderAccept
1785250977734,true,1785250977772,LeaderAccept
1785250977759,true,1785250977797,LeaderAccept
1785250977785,true,1785250977824,LeaderAccept
1785250977812,true,1785250977850,LeaderAccept
1785250977839,true,1785250977877,LeaderAccept
1785250977865,true,1785250977904,LeaderAccept
1785250977893,false,1785250977931,LeaderAccept
1785250977920,false,1785250977958,LeaderAccept
1785250977948,false,1785250977987,LeaderAccept
1785250977978,false,1785250978015,LeaderAccept
1785250978006,false,1785250978044,LeaderAccept
1785250978036,true,1785250978073,LeaderAccept
1785250978066,true,1785250978104,LeaderAccept
1785250978095,true,1785250978134,LeaderAccept
1785250978126,true,1785250978164,LeaderAccept
1785250978158,true,1785250978196,LeaderAccept
1785250978189,true,1785250978227,LeaderAccept
1785250978221,true,1785250978259,LeaderAccept
1785250978253,true,1785250978291,LeaderAccept
1785250978285,true,1785250978324,LeaderAccept
1785250978319,true,1785250978357,LeaderAccept
1785250978352,false,1785250978390,LeaderAccept
1785250978387,false,1785250978425,LeaderAccept
1785250978422,false,1785250978461,LeaderAccept
1785250978458,false,1785250978496,LeaderAccept
1785250978494,false,1785250978533,LeaderAccept
1785250978532,false,1785250978570,LeaderAccept
1785250978569,true,1785250978608,LeaderAccept
1785250978607,false,1785250978645,LeaderAccept
1785250978647,true,1785250978685,LeaderAccept
1785250978686,true,1785250978724,LeaderAccept
1785250978726,false,1785250978765,LeaderAccept
1785250978768,true,1785250978805,LeaderAccept
1785250978810,false,1785250978848,LeaderAccept
1785250978852,false,1785250978891,LeaderAccept
1785250978897,false,1785250978936,LeaderAccept
1785250978941,true,1785250978980,LeaderAccept
1785250978987,false,1785250979026,LeaderAccept
1785250979035,false,1785250979073,LeaderAccept
1785250979082,true,1785250979121,LeaderAccept
1785250979131,true,1785250979170,LeaderAccept
1785250979181,true,1785250979220,LeaderAccept
1785250979232,true,1785250979272,LeaderAccept
1785250979285,false,1785250979325,LeaderAccept
1785250979339,true,1785250979378,LeaderAccept
1785250979394,true,1785250979433,LeaderAccept
1785250979451,false,1785250979490,LeaderAccept
1785250979510,true,1785250979548,LeaderAccept
1785250979570,false,1785250979609,LeaderAccept
1785250979633,false,1785250979671,LeaderAccept
1785250979697,true,1785250979736,LeaderAccept
1785250979763,false,1785250979802,LeaderAccept
1785250979832,true,1785250979871,LeaderAccept
1785250979903,true,1785250979941,LeaderAccept
1785250979977,true,1785250980015,LeaderAccept
1785250980053,true,1785250980091,LeaderAccept
1785250980131,true,1785250980170,LeaderAccept
1785250980213,true,1785250980252,LeaderAccept
1785250980299,true,1785250980338,LeaderAccept
1785250980388,true,1785250980427,LeaderAccept
1785250980481,false,1785250980520,LeaderAccept
1785250980579,false,1785250980617,LeaderAccept
1785250980682,false,1785250980720,LeaderAccept
1785250980789,true,1785250980828,LeaderAccept
1785250980902,true,1785250980941,LeaderAccept
1785250981022,false,1785250981060,LeaderAccept
1785250981151,false,1785250981189,LeaderAccept
1785250981287,true,1785250981325,LeaderAccept
1785250981433,false,1785250981472,LeaderAccept
1785250981589,false,1785250981628,LeaderAccept
1785250981757,false,1785250981796,LeaderAccept
1785250981941,false,1785250981980,LeaderAccept
1785250982141,false,1785250982180,FastAccept
1785250982363,true,1785250982401,FastAccept
1785250982611,true,1785250982650,FastAccept
1785250982891,false,1785250982929,FastAccept
1785250983213,true,1785250983252,FastAccept
1785250983591,false,1785250983630,FastAccept
1785250984048,true,1785250984087,FastAccept
1785250984622,false,1785250984666,FastAccept
1785250985387,true,1785250985426,FastAccept
1785250986507,true,1785250986546,FastAccept
1785250988466,true,1785250988525,LeaderAccept
1785250993683,false,1785250993722,FastAccept
1785251011507,false,1785251011545,FastAccept
1785251011544,false,1785251011582,FastAccept
1785251011581,false,1785251011619,FastAccept
1785251011618,false,1785251011656,FastAccept
1785251011656,false,1785251011694,FastAccept
1785251011695,true,1785251011734,FastAccept
1785251011735,false,1785251011773,FastAccept
1785251011775,true,1785251011813,FastAccept
1785251011816,false,1785251011854,FastAccept
1785251011858,true,1785251011897,FastAccept
1785251011902,false,1785251011940,FastAccept
1785251011945,false,1785251011984,FastAccept
1785251011990,true,1785251012028,FastAccept
1785251012037,true,1785251012086,LeaderAccept
1785251012083,false,1785251012133,LeaderAccept
1785251012132,false,1785251012184,LeaderAccept
1785251012180,false,1785251012234,LeaderAccept
1785251012230,false,1785251012287,LeaderAccept
1785251012281,true,1785251012319,LeaderAccept
1785251012335,true,1785251012373,LeaderAccept
1785251012389,true,1785251012428,LeaderAccept
1785251012445,true,1785251012483,LeaderAccept
1785251012502,false,1785251012540,LeaderAccept
1785251012561,false,1785251012599,LeaderAccept
1785251012622,false,1785251012660,LeaderAccept
1785251012686,true,1785251012723,LeaderAccept
1785251012751,false,1785251012789,LeaderAccept
1785251012817,false,1785251012855,LeaderAccept
1785251012887,true,1785251012925,LeaderAccept
1785251012957,true,1785251012995,LeaderAccept
1785251013031,true,1785251013068,LeaderAccept
1785251013108,false,1785251013146,LeaderAccept
1785251013188,false,1785251013226,LeaderAccept
1785251013270,true,1785251013309,LeaderAccept
1785251013356,false,1785251013395,LeaderAccept
1785251013445,true,1785251013483,LeaderAccept
1785251013538,true,1785251013576,LeaderAccept
1785251013636,true,1785251013674,LeaderAccept
1785251013739,true,1785251013777,LeaderAccept
1785251013848,false,1785251013886,LeaderAccept
1785251013962,false,1785251014001,LeaderAccept
1785251014083,true,1785251014121,LeaderAccept
1785251014211,true,1785251014249,LeaderAccept
1785251014349,false,1785251014387,LeaderAccept
1785251014495,true,1785251014534,LeaderAccept
1785251014652,true,1785251014690,LeaderAccept
1785251014822,false,1785251014861,LeaderAccept
1785251015007,true,1785251015045,LeaderAccept
1785251015210,false,1785251015247,LeaderAccept
1785251015434,false,1785251015472,LeaderAccept
1785251015686,false,1785251015724,LeaderAccept
1785251015970,true,1785251016008,LeaderAccept
1785251016298,true,1785251016336,LeaderAccept
1785251016683,false,1785251016721,LeaderAccept
1785251017151,true,1785251017189,LeaderAccept
1785251017741,true,1785251017780,LeaderAccept
1785251018533,false,1785251018571,FastAccept
1785251019711,false,1785251019749,FastAccept
1785251021831,false,1785251021869,LeaderAccept
1785251027950,true,1785251027988,FastAccept
1785251040991,true,1785251041030,LeaderAccept
1785251041018,true,1785251041056,LeaderAccept
1785251041045,true,1785251041084,LeaderAccept
1785251041074,false,1785251041113,LeaderAccept
1785251041102,false,1785251041140,LeaderAccept
1785251041130,false,1785251041168,LeaderAccept
1785251041160,true,1785251041197,LeaderAccept
1785251041190,true,1785251041227,LeaderAccept
1785251041220,false,1785251041257,LeaderAccept
1785251041251,false,1785251041289,LeaderAccept
1785251041282,true,1785251041320,LeaderAccept
1785251041314,false,1785251041352,LeaderAccept
1785251041346,false,1785251041384,LeaderAccept
1785251041378,true,1785251041417,LeaderAccept
1785251041411,true,1785251041449,LeaderAccept
1785251041444,false,1785251041483,LeaderAccept
1785251041478,true,1785251041516,LeaderAccept
1785251041512,false,1785251041550,LeaderAccept
1785251041547,true,1785251041586,LeaderAccept
1785251041583,true,1785251041622,LeaderAccept
1785251041619,true,1785251041658,LeaderAccept
1785251041656,false,1785251041694,LeaderAccept
1785251041693,false,1785251041732,LeaderAccept
1785251041732,true,1785251041770,LeaderAccept
1785251041770,true,1785251041809,LeaderAccept
1785251041809,false,1785251041847,LeaderAccept
1785251041849,false,1785251041888,LeaderAccept
1785251041890,true,1785251041929,LeaderAccept
1785251041932,false,1785251041971,LeaderAccept
1785251041974,false,1785251042013,LeaderAccept
1785251042019,true,1785251042058,LeaderAccept
1785251042063,false,1785251042102,LeaderAccept
1785251042109,true,1785251042148,LeaderAccept
1785251042157,false,1785251042195,LeaderAccept
1785251042204,false,1785251042243,LeaderAccept
1785251042253,false,1785251042294,LeaderAccept
1785251042303,true,1785251042342,LeaderAccept
1785251042354,false,1785251042393,LeaderAccept
1785251042406,false,1785251042445,LeaderAccept
1785251042460,true,1785251042498,LeaderAccept
1785251042516,false,1785251042554,LeaderAccept
1785251042572,true,1785251042610,LeaderAccept
1785251042630,false,1785251042669,LeaderAccept
1785251042690,true,1785251042729,LeaderAccept
1785251042752,false,1785251042790,LeaderAccept
1785251042817,true,1785251042855,LeaderAccept
1785251042882,false,1785251042920,LeaderAccept
1785251042950,true,1785251042989,LeaderAccept
1785251043021,true,1785251043060,LeaderAccept
1785251043093,false,1785251043132,LeaderAccept
1785251043168,false,1785251043206,LeaderAccept
1785251043247,false,1785251043285,LeaderAccept
1785251043329,true,1785251043367,LeaderAccept
1785251043413,false,1785251043452,LeaderAccept
1785251043502,false,1785251043540,LeaderAccept
1785251043595,false,1785251043633,LeaderAccept
1785251043692,true,1785251043730,LeaderAccept
1785251043794,true,1785251043832,LeaderAccept
1785251043900,false,1785251043939,LeaderAccept
1785251044013,true,1785251044052,LeaderAccept
1785251044132,true,1785251044191,LeaderAccept
1785251044259,true,1785251044297,LeaderAccept
1785251044393,false,1785251044431,FastAccept
1785251044537,true,1785251044575,FastAccept
1785251044692,false,1785251044730,FastAccept
1785251044859,true,1785251044897,FastAccept
1785251045040,true,1785251045078,FastAccept
1785251045237,true,1785251045275,FastAccept
1785251045456,true,1785251045494,FastAccept
1785251045698,true,1785251045736,FastAccept
1785251045972,false,1785251046029,LeaderAccept
1785251046286,true,1785251046325,FastAccept
1785251046654,true,1785251046693,FastAccept
1785251047097,true,1785251047135,FastAccept
1785251047648,false,1785251047686,FastAccept
1785251048373,true,1785251048413,LeaderAccept
1785251049415,false,1785251049453,LeaderAccept
1785251051168,false,1785251051207,LeaderAccept
1785251055380,false,1785251055419,LeaderAccept
1785251067196,false,1785251067234,FastAccept
1785251067212,false,1785251067250,FastAccept
1785251067227,true,1785251067266,FastAccept
1785251067243,false,1785251067281,FastAccept
1785251067259,true,1785251067297,FastAccept
1785251067274,false,1785251067312,FastAccept
1785251067291,false,1785251067328,FastAccept
1785251067306,true,1785251067344,FastAccept
1785251067322,false,1785251067360,FastAccept
1785251067338,false,1785251067423,LeaderAccept
1785251067354,true,1785251067418,SlowAccept
1785251067370,true,1785251067418,FastAccept
1785251067387,true,1785251067449,LeaderAccept
1785251067403,false,1785251067441,FastAccept
1785251067420,false,1785251067475,LeaderAccept
1785251067437,true,1785251067500,LeaderAccept
1785251067455,false,1785251067492,FastAccept
1785251067471,false,1785251067530,LeaderAccept
1785251067488,true,1785251067551,LeaderAccept
1785251067506,false,1785251067544,LeaderAccept
1785251067523,false,1785251067561,LeaderAccept
1785251067541,false,1785251067580,LeaderAccept
1785251067559,true,1785251067596,LeaderAccept
1785251067577,false,1785251067615,LeaderAccept
1785251067595,false,1785251067632,LeaderAccept
1785251067614,true,1785251067651,LeaderAccept
1785251067632,false,1785251067670,LeaderAccept
1785251067650,true,1785251067688,LeaderAccept
1785251067668,false,1785251067706,LeaderAccept
1785251067687,false,1785251067725,LeaderAccept
1785251067706,true,1785251067744,LeaderAccept
1785251067725,true,1785251067763,LeaderAccept
1785251067744,true,1785251067781,LeaderAccept
1785251067763,false,1785251067801,LeaderAccept
1785251067783,false,1785251067821,LeaderAccept
1785251067803,true,1785251067841,LeaderAccept
1785251067823,false,1785251067861,LeaderAccept
1785251067843,false,1785251067881,LeaderAccept
1785251067863,true,1785251067901,LeaderAccept
1785251067884,false,1785251067922,LeaderAccept
1785251067905,false,1785251067943,LeaderAccept
1785251067926,true,1785251067964,LeaderAccept
1785251067949,false,1785251067986,LeaderAccept
1785251067970,true,1785251068008,LeaderAccept
1785251067992,true,1785251068030,LeaderAccept
1785251068014,true,1785251068052,LeaderAccept
1785251068037,true,1785251068074,LeaderAccept
1785251068059,true,1785251068097,LeaderAccept
1785251068082,false,1785251068120,LeaderAccept
1785251068105,true,1785251068143,LeaderAccept
1785251068128,false,1785251068166,LeaderAccept
1785251068153,true,1785251068191,LeaderAccept
1785251068176,true,1785251068215,LeaderAccept
1785251068200,true,1785251068238,LeaderAccept
1785251068224,false,1785251068262,LeaderAccept
1785251068248,true,1785251068286,LeaderAccept
1785251068273,false,1785251068312,LeaderAccept
1785251068299,false,1785251068337,LeaderAccept
1785251068325,true,1785251068363,LeaderAccept
1785251068350,true,1785251068389,LeaderAccept
1785251068376,false,1785251068414,LeaderAccept
1785251068403,true,1785251068441,LeaderAccept
1785251068431,true,1785251068469,LeaderAccept
1785251068458,false,1785251068496,LeaderAccept
1785251068485,true,1785251068523,LeaderAccept
1785251068512,false,1785251068551,LeaderAccept
1785251068540,true,1785251068578,LeaderAccept
1785251068569,false,1785251068607,LeaderAccept
1785251068599,false,1785251068637,LeaderAccept
1785251068629,false,1785251068667,LeaderAccept
1785251068658,true,1785251068696,LeaderAccept
1785251068688,true,1785251068726,LeaderAccept
1785251068718,true,1785251068757,LeaderAccept
1785251068749,false,1785251068787,LeaderAccept
1785251068781,false,1785251068819,LeaderAccept
1785251068813,true,1785251068851,LeaderAccept
1785251068845,true,1785251068883,LeaderAccept
1785251068879,false,1785251068917,LeaderAccept
1785251068913,true,1785251068951,LeaderAccept
1785251068947,false,1785251068985,LeaderAccept
1785251068982,false,1785251069020,LeaderAccept
1785251069018,false,1785251069056,LeaderAccept
1785251069054,false,1785251069091,LeaderAccept
1785251069090,true,1785251069128,LeaderAccept
1785251069128,false,1785251069166,LeaderAccept
1785251069166,true,1785251069204,LeaderAccept
1785251069204,true,1785251069243,LeaderAccept
1785251069243,false,1785251069281,LeaderAccept
1785251069283,false,1785251069322,LeaderAccept
1785251069324,true,1785251069363,LeaderAccept
1785251069366,true,1785251069404,LeaderAccept
1785251069408,true,1785251069446,LeaderAccept
1785251069452,true,1785251069489,LeaderAccept
1785251069497,false,1785251069535,LeaderAccept
1785251069542,false,1785251069581,LeaderAccept
1785251069588,true,1785251069626,LeaderAccept
1785251069636,true,1785251069674,LeaderAccept
1785251069684,true,1785251069723,LeaderAccept
1785251069734,true,1785251069772,LeaderAccept
1785251069785,false,1785251069824,LeaderAccept
1785251069838,false,1785251069877,LeaderAccept
1785251069891,true,1785251069929,LeaderAccept
1785251069947,false,1785251069985,LeaderAccept
1785251070004,false,1785251070043,LeaderAccept
1785251070061,true,1785251070099,LeaderAccept
1785251070121,false,1785251070159,LeaderAccept
1785251070182,true,1785251070221,LeaderAccept
1785251070245,true,1785251070284,LeaderAccept
1785251070311,false,1785251070349,LeaderAccept
1785251070378,true,1785251070417,LeaderAccept
1785251070448,true,1785251070486,LeaderAccept
1785251070521,false,1785251070559,LeaderAccept
1785251070596,true,1785251070634,LeaderAccept
1785251070673,false,1785251070712,LeaderAccept
1785251070755,false,1785251070793,LeaderAccept
1785251070840,true,1785251070877,LeaderAccept
1785251070928,false,1785251070966,LeaderAccept
1785251071019,true,1785251071058,LeaderAccept
1785251071115,false,1785251071154,LeaderAccept
1785251071216,false,1785251071254,LeaderAccept
1785251071322,true,1785251071360,LeaderAccept
1785251071433,false,1785251071472,LeaderAccept
1785251071551,true,1785251071589,LeaderAccept
1785251071676,false,1785251071715,LeaderAccept
1785251071808,true,1785251071847,FastAccept
1785251071949,false,1785251071988,FastAccept
1785251072101,false,1785251072139,FastAccept
1785251072266,false,1785251072304,FastAccept
1785251072443,false,1785251072481,FastAccept
1785251072637,true,1785251072676,FastAccept
1785251072851,true,1785251072889,FastAccept
1785251073089,true,1785251073127,FastAccept
1785251073356,false,1785251073394,FastAccept
1785251073662,false,1785251073700,FastAccept
1785251074018,false,1785251074056,FastAccept
1785251074442,false,1785251074480,FastAccept
1785251074967,false,1785251075005,FastAccept
1785251075650,true,1785251075688,FastAccept
1785251076610,false,1785251076648,FastAccept
1785251078159,false,1785251078197,FastAccept
1785251081520,false,1785251081558,FastAccept
1785251099549,false,1785251099588,LeaderAccept
1785251109307,true,1785251109346,FastAccept
1785251109323,true,1785251109361,FastAccept
1785251109339,false,1785251109377,FastAccept
1785251109354,true,1785251109393,FastAccept
1785251109369,true,1785251109407,FastAccept
1785251109385,false,1785251109423,FastAccept
1785251109400,true,1785251109439,FastAccept
1785251109416,false,1785251109453,FastAccept
1785251109431,true,1785251109469,FastAccept
1785251109448,true,1785251109485,FastAccept
1785251109464,true,1785251109501,FastAccept
1785251109480,true,1785251109523,FastAccept
1785251109496,true,1785251109534,FastAccept
1785251109513,true,1785251109580,LeaderAccept
1785251109529,false,1785251109567,FastAccept
1785251109545,false,1785251109609,LeaderAccept
1785251109561,true,1785251109600,FastAccept
1785251109578,false,1785251109629,LeaderAccept
1785251109595,false,1785251109684,LeaderAccept
1785251109612,false,1785251109676,SlowAccept
1785251109629,true,1785251109676,FastAccept
1785251109646,false,1785251109704,LeaderAccept
1785251109664,true,1785251109702,LeaderAccept
1785251109682,false,1785251109721,LeaderAccept
1785251109699,true,1785251109737,LeaderAccept
1785251109717,false,1785251109755,LeaderAccept
1785251109736,false,1785251109774,LeaderAccept
1785251109755,true,1785251109793,LeaderAccept
1785251109774,false,1785251109812,LeaderAccept
1785251109792,false,1785251109830,LeaderAccept
1785251109811,true,1785251109850,LeaderAccept
1785251109830,true,1785251109867,LeaderAccept
1785251109848,true,1785251109887,LeaderAccept
1785251109867,true,1785251109907,LeaderAccept
1785251109886,false,1785251109924,LeaderAccept
1785251109905,true,1785251109944,LeaderAccept
1785251109925,true,1785251109963,LeaderAccept
1785251109945,true,1785251109985,LeaderAccept
1785251109966,true,1785251110005,LeaderAccept
1785251109986,false,1785251110024,LeaderAccept
1785251110006,false,1785251110044,LeaderAccept
1785251110027,false,1785251110065,LeaderAccept
1785251110047,false,1785251110085,LeaderAccept
1785251110069,false,1785251110107,LeaderAccept
1785251110090,false,1785251110128,LeaderAccept
1785251110111,true,1785251110150,LeaderAccept
1785251110133,true,1785251110171,LeaderAccept
1785251110155,true,1785251110194,LeaderAccept
1785251110178,false,1785251110217,LeaderAccept
1785251110200,true,1785251110239,LeaderAccept
1785251110222,false,1785251110262,LeaderAccept
1785251110245,true,1785251110284,LeaderAccept
1785251110268,true,1785251110307,LeaderAccept
1785251110291,false,1785251110330,LeaderAccept
1785251110314,false,1785251110353,LeaderAccept
1785251110338,true,1785251110377,LeaderAccept
1785251110362,true,1785251110402,LeaderAccept
1785251110386,false,1785251110425,LeaderAccept
1785251110411,false,1785251110450,LeaderAccept
1785251110436,false,1785251110474,LeaderAccept
1785251110462,false,1785251110501,LeaderAccept
1785251110488,true,1785251110526,LeaderAccept
1785251110513,false,1785251110552,LeaderAccept
1785251110540,false,1785251110578,LeaderAccept
1785251110566,false,1785251110606,LeaderAccept
1785251110594,false,1785251110633,LeaderAccept
1785251110622,true,1785251110662,LeaderAccept
1785251110649,false,1785251110688,LeaderAccept
1785251110677,true,1785251110716,LeaderAccept
1785251110706,true,1785251110745,LeaderAccept
1785251110734,false,1785251110773,LeaderAccept
1785251110764,false,1785251110802,LeaderAccept
1785251110793,true,1785251110832,LeaderAccept
1785251110824,false,1785251110862,LeaderAccept
1785251110854,true,1785251110894,LeaderAccept
1785251110885,true,1785251110924,LeaderAccept
1785251110916,false,1785251110955,LeaderAccept
1785251110949,false,1785251110988,LeaderAccept
1785251110981,false,1785251111020,LeaderAccept
1785251111014,false,1785251111054,LeaderAccept
1785251111048,false,1785251111086,LeaderAccept
1785251111081,true,1785251111119,LeaderAccept
1785251111116,false,1785251111154,LeaderAccept
1785251111151,true,1785251111190,LeaderAccept
1785251111187,true,1785251111226,LeaderAccept
1785251111224,false,1785251111262,LeaderAccept
1785251111261,true,1785251111300,LeaderAccept
1785251111298,false,1785251111338,LeaderAccept
1785251111337,true,1785251111375,LeaderAccept
1785251111375,true,1785251111414,LeaderAccept
1785251111414,true,1785251111454,LeaderAccept
1785251111454,true,1785251111492,LeaderAccept
1785251111495,false,1785251111534,LeaderAccept
1785251111538,false,1785251111576,LeaderAccept
1785251111580,true,1785251111620,LeaderAccept
1785251111624,true,1785251111662,LeaderAccept
1785251111669,false,1785251111708,LeaderAccept
1785251111714,true,1785251111753,LeaderAccept
1785251111760,false,1785251111799,LeaderAccept
1785251111809,true,1785251111848,LeaderAccept
1785251111858,true,1785251111896,LeaderAccept
1785251111907,false,1785251111946,LeaderAccept
1785251111958,true,1785251111997,LeaderAccept
1785251112012,true,1785251112051,LeaderAccept
1785251112065,false,1785251112104,LeaderAccept
1785251112121,true,1785251112160,LeaderAccept
1785251112177,false,1785251112216,LeaderAccept
1785251112235,false,1785251112274,LeaderAccept
1785251112296,false,1785251112334,LeaderAccept
1785251112358,false,1785251112397,LeaderAccept
1785251112421,false,1785251112459,LeaderAccept
1785251112487,false,1785251112526,LeaderAccept
1785251112555,false,1785251112594,LeaderAccept
1785251112626,false,1785251112665,LeaderAccept
1785251112699,true,1785251112737,LeaderAccept
1785251112776,false,1785251112815,LeaderAccept
1785251112855,true,1785251112893,LeaderAccept
1785251112936,true,1785251112975,LeaderAccept
1785251113022,false,1785251113060,LeaderAccept
1785251113110,false,1785251113149,LeaderAccept
1785251113202,false,1785251113241,LeaderAccept
1785251113299,false,1785251113339,LeaderAccept
1785251113401,false,1785251113440,LeaderAccept
1785251113509,true,1785251113548,LeaderAccept
1785251113621,false,1785251113660,LeaderAccept
1785251113740,true,1785251113779,LeaderAccept
1785251113867,false,1785251113906,LeaderAccept
1785251114002,true,1785251114040,LeaderAccept
1785251114146,false,1785251114184,LeaderAccept
1785251114300,false,1785251114339,LeaderAccept
1785251114467,true,1785251114506,LeaderAccept
1785251114648,true,1785251114686,LeaderAccept
1785251114847,true,1785251114885,LeaderAccept
1785251115066,true,1785251115104,LeaderAccept
1785251115310,false,1785251115348,LeaderAccept
1785251115586,true,1785251115624,LeaderAccept
1785251115902,true,1785251115940,LeaderAccept
1785251116272,true,1785251116311,LeaderAccept
1785251116717,true,1785251116756,LeaderAccept
1785251117273,false,1785251117311,LeaderAccept
1785251118006,false,1785251118045,LeaderAccept
1785251119064,true,1785251119103,LeaderAccept
1785251120858,false,1785251120896,LeaderAccept
1785251125254,false,1785251125293,FastAccept
1785251131640,false,1785251131678,FastAccept
1785251131671,false,1785251131709,FastAccept
1785251131703,true,1785251131741,FastAccept
1785251131737,false,1785251131775,FastAccept
1785251131770,false,1785251131808,FastAccept
1785251131804,false,1785251131843,FastAccept
1785251131840,false,1785251131878,FastAccept
1785251131875,true,1785251131913,FastAccept
1785251131911,false,1785251131949,FastAccept
1785251131949,false,1785251131986,FastAccept
1785251131985,true,1785251132024,FastAccept
1785251132022,true,1785251132061,FastAccept
1785251132061,true,1785251132114,LeaderAccept
1785251132100,true,1785251132139,FastAccept
1785251132140,false,1785251132179,FastAccept
1785251132180,true,1785251132218,FastAccept
1785251132222,true,1785251132260,FastAccept
1785251132264,true,1785251132303,FastAccept
1785251132307,true,1785251132345,FastAccept
1785251132352,true,1785251132391,FastAccept
1785251132396,true,1785251132434,FastAccept
1785251132442,false,1785251132481,FastAccept
1785251132489,true,1785251132527,FastAccept
1785251132538,true,1785251132576,FastAccept
1785251132587,false,1785251132625,FastAccept
1785251132637,true,1785251132675,FastAccept
1785251132690,true,1785251132728,FastAccept
1785251132743,false,1785251132781,FastAccept
1785251132797,false,1785251132835,FastAccept
1785251132853,false,1785251132891,FastAccept
1785251132910,true,1785251132949,FastAccept
1785251132969,true,1785251133008,FastAccept
1785251133029,false,1785251133068,FastAccept
1785251133091,true,1785251133129,FastAccept
1785251133156,false,1785251133194,FastAccept
1785251133223,false,1785251133261,FastAccept
1785251133291,true,1785251133330,FastAccept
1785251133362,false,1785251133402,FastAccept
1785251133436,false,1785251133475,FastAccept
1785251133512,false,1785251133551,FastAccept
1785251133591,true,1785251133630,FastAccept
1785251133674,false,1785251133713,FastAccept
1785251133760,true,1785251133799,FastAccept
1785251133849,true,1785251133888,FastAccept
1785251133943,false,1785251133982,FastAccept
1785251134042,true,1785251134081,FastAccept
1785251134145,false,1785251134184,FastAccept
1785251134254,false,1785251134292,FastAccept
1785251134368,true,1785251134407,FastAccept
1785251134490,false,1785251134528,FastAccept
1785251134619,true,1785251134681,LeaderAccept
1785251134756,false,1785251134795,LeaderAccept
1785251134903,false,1785251134942,LeaderAccept
1785251135061,false,1785251135101,LeaderAccept
1785251135232,false,1785251135271,LeaderAccept
1785251135418,false,1785251135457,LeaderAccept
1785251135623,false,1785251135661,LeaderAccept
1785251135848,false,1785251135886,LeaderAccept
1785251136101,true,1785251136139,LeaderAccept
1785251136388,true,1785251136426,LeaderAccept
1785251136719,true,1785251136757,LeaderAccept
1785251137110,false,1785251137148,LeaderAccept
1785251137583,true,1785251137621,LeaderAccept
1785251138183,true,1785251138222,LeaderAccept
1785251138994,false,1785251139033,LeaderAccept
1785251140207,false,1785251140245,LeaderAccept
1785251140777,false,1785251140815,LeaderAccept
1785251140806,false,1785251140843,LeaderAccept
1785251140834,true,1785251140872,LeaderAccept
1785251140865,true,1785251140902,LeaderAccept
1785251140894,true,1785251140933,LeaderAccept
1785251140925,false,1785251140964,LeaderAccept
1785251140955,true,1785251140994,LeaderAccept
1785251140986,true,1785251141024,LeaderAccept
1785251141018,true,1785251141056,LeaderAccept
1785251141050,true,1785251141088,LeaderAccept
1785251141083,false,1785251141122,LeaderAccept
1785251141116,false,1785251141154,LeaderAccept
1785251141150,false,1785251141188,LeaderAccept
1785251141185,true,1785251141223,LeaderAccept
1785251141220,true,1785251141258,LeaderAccept
1785251141255,false,1785251141293,LeaderAccept
1785251141292,true,1785251141329,LeaderAccept
1785251141328,true,1785251141367,LeaderAccept
1785251141367,true,1785251141405,LeaderAccept
1785251141405,false,1785251141443,LeaderAccept
1785251141443,true,1785251141481,LeaderAccept
1785251141482,true,1785251141521,LeaderAccept
1785251141523,true,1785251141561,LeaderAccept
1785251141564,true,1785251141603,LeaderAccept
1785251141606,true,1785251141644,LeaderAccept
1785251141650,false,1785251141688,LeaderAccept
1785251141693,false,1785251141733,LeaderAccept
1785251141739,true,1785251141777,LeaderAccept
1785251141784,false,1785251141822,LeaderAccept
1785251141832,false,1785251141870,LeaderAccept
1785251141879,true,1785251141918,LeaderAccept
1785251141928,false,1785251141966,LeaderAccept
1785251141979,false,1785251142017,LeaderAccept
1785251142030,false,1785251142069,LeaderAccept
1785251142083,false,1785251142122,LeaderAccept
1785251142137,true,1785251142176,LeaderAccept
1785251142193,true,1785251142231,LeaderAccept
1785251142251,true,1785251142289,LeaderAccept
1785251142310,false,1785251142348,LeaderAccept
1785251142370,false,1785251142409,LeaderAccept
1785251142432,true,1785251142471,LeaderAccept
1785251142496,true,1785251142535,LeaderAccept
1785251142562,true,1785251142600,LeaderAccept
1785251142631,true,1785251142670,LeaderAccept
1785251142701,false,1785251142739,LeaderAccept
1785251142775,true,1785251142814,LeaderAccept
1785251142850,true,1785251142889,LeaderAccept
1785251142929,false,1785251142967,LeaderAccept
1785251143011,false,1785251143050,LeaderAccept
1785251143098,false,1785251143136,LeaderAccept
1785251143188,true,1785251143228,LeaderAccept
1785251143281,true,1785251143320,LeaderAccept
1785251143378,true,1785251143418,LeaderAccept
1785251143480,true,1785251143519,LeaderAccept
1785251143587,true,1785251143626,LeaderAccept
1785251143701,false,1785251143740,LeaderAccept
1785251143821,false,1785251143860,LeaderAccept
1785251143948,false,1785251143987,LeaderAccept
1785251144084,true,1785251144122,LeaderAccept
1785251144230,false,1785251144269,LeaderAccept
1785251144385,true,1785251144424,LeaderAccept
1785251144554,true,1785251144593,LeaderAccept
1785251144737,false,1785251144776,FastAccept
1785251144938,true,1785251144976,FastAccept
1785251145160,false,1785251145198,FastAccept
1785251145407,false,1785251145446,FastAccept
1785251145687,false,1785251145725,FastAccept
1785251146010,false,1785251146048,FastAccept
1785251146388,true,1785251146426,FastAccept
1785251146844,false,1785251146883,FastAccept
1785251147418,false,1785251147456,FastAccept
1785251148181,false,1785251148220,FastAccept
1785251149299,false,1785251149367,LeaderAccept
1785251151254,false,1785251151293,LeaderAccept
1785251156445,false,1785251156483,LeaderAccept
1785251178386,true,1785251178452,LeaderAccept
1785251178402,true,1785251178448,LeaderAccept
1785251178417,false,1785251178455,LeaderAccept
1785251178433,false,1785251178471,LeaderAccept
1785251178449,true,1785251178486,LeaderAccept
1785251178464,true,1785251178502,LeaderAccept
1785251178481,false,1785251178519,LeaderAccept
1785251178498,true,1785251178536,LeaderAccept
1785251178514,true,1785251178552,LeaderAccept
1785251178530,true,1785251178568,LeaderAccept
1785251178546,true,1785251178584,LeaderAccept
1785251178562,false,1785251178600,LeaderAccept
1785251178579,false,1785251178617,LeaderAccept
1785251178596,false,1785251178634,LeaderAccept
1785251178613,false,1785251178652,LeaderAccept
1785251178631,false,1785251178669,LeaderAccept
1785251178648,false,1785251178686,LeaderAccept
1785251178665,true,1785251178703,LeaderAccept
1785251178682,false,1785251178720,LeaderAccept
1785251178699,true,1785251178736,LeaderAccept
1785251178717,true,1785251178755,LeaderAccept
1785251178736,true,1785251178773,LeaderAccept
1785251178754,false,1785251178791,LeaderAccept
1785251178773,false,1785251178810,LeaderAccept
1785251178791,true,1785251178829,LeaderAccept
1785251178809,true,1785251178847,LeaderAccept
1785251178828,false,1785251178866,LeaderAccept
1785251178847,false,1785251178884,LeaderAccept
1785251178866,true,1785251178903,LeaderAccept
1785251178886,true,1785251178923,LeaderAccept
1785251178905,true,1785251178943,LeaderAccept
1785251178925,true,1785251178964,LeaderAccept
1785251178946,true,1785251178983,LeaderAccept
1785251178966,true,1785251179004,LeaderAccept
1785251178987,false,1785251179024,LeaderAccept
1785251179007,true,1785251179046,LeaderAccept
1785251179029,false,1785251179067,LeaderAccept
1785251179050,true,1785251179087,LeaderAccept
1785251179070,false,1785251179108,LeaderAccept
1785251179091,true,1785251179130,LeaderAccept
1785251179112,false,1785251179150,LeaderAccept
1785251179134,false,1785251179172,LeaderAccept
1785251179156,true,1785251179194,LeaderAccept
1785251179177,false,1785251179216,LeaderAccept
1785251179200,true,1785251179238,LeaderAccept
1785251179223,true,1785251179261,LeaderAccept
1785251179245,true,1785251179284,LeaderAccept
1785251179269,true,1785251179307,LeaderAccept
1785251179293,false,1785251179332,LeaderAccept
1785251179317,true,1785251179355,LeaderAccept
1785251179340,true,1785251179379,LeaderAccept
1785251179365,true,1785251179403,LeaderAccept
1785251179389,true,1785251179427,LeaderAccept
1785251179413,false,1785251179451,LeaderAccept
1785251179439,true,1785251179477,LeaderAccept
1785251179465,true,1785251179504,LeaderAccept
1785251179490,false,1785251179528,LeaderAccept
1785251179516,false,1785251179554,LeaderAccept
1785251179542,true,1785251179581,LeaderAccept
1785251179568,false,1785251179606,LeaderAccept
1785251179595,true,1785251179634,LeaderAccept
1785251179622,true,1785251179661,LeaderAccept
1785251179650,false,1785251179688,LeaderAccept
1785251179678,true,1785251179716,LeaderAccept
1785251179706,true,1785251179745,LeaderAccept
1785251179735,true,1785251179775,LeaderAccept
1785251179765,true,1785251179802,LeaderAccept
1785251179794,false,1785251179831,LeaderAccept
1785251179825,false,1785251179862,LeaderAccept
1785251179855,true,1785251179894,LeaderAccept
1785251179886,false,1785251179925,LeaderAccept
1785251179917,true,1785251179956,LeaderAccept
1785251179949,true,1785251179987,LeaderAccept
1785251179981,false,1785251180019,LeaderAccept
1785251180014,true,1785251180052,LeaderAccept
1785251180047,false,1785251180084,LeaderAccept
1785251180080,true,1785251180119,LeaderAccept
1785251180114,false,1785251180152,LeaderAccept
1785251180149,false,1785251180187,LeaderAccept
1785251180184,true,1785251180221,LeaderAccept
1785251180220,false,1785251180259,LeaderAccept
1785251180258,false,1785251180296,LeaderAccept
1785251180295,true,1785251180333,LeaderAccept
1785251180333,false,1785251180370,LeaderAccept
1785251180372,true,1785251180410,LeaderAccept
1785251180412,true,1785251180451,LeaderAccept
1785251180453,true,1785251180490,LeaderAccept
1785251180494,false,1785251180531,LeaderAccept
1785251180535,false,1785251180573,LeaderAccept
1785251180579,false,1785251180617,LeaderAccept
1785251180622,false,1785251180660,LeaderAccept
1785251180668,true,1785251180706,LeaderAccept
1785251180714,true,1785251180752,LeaderAccept
1785251180760,false,1785251180798,LeaderAccept
1785251180807,false,1785251180846,LeaderAccept
1785251180856,true,1785251180894,LeaderAccept
1785251180906,true,1785251180944,LeaderAccept
1785251180958,true,1785251180995,LeaderAccept
1785251181010,true,1785251181048,LeaderAccept
1785251181064,true,1785251181102,LeaderAccept
1785251181119,false,1785251181156,LeaderAccept
1785251181175,true,1785251181213,LeaderAccept
1785251181234,false,1785251181273,LeaderAccept
1785251181294,true,1785251181332,LeaderAccept
1785251181355,false,1785251181393,LeaderAccept
1785251181420,false,1785251181457,LeaderAccept
1785251181485,false,1785251181523,LeaderAccept
1785251181553,false,1785251181592,LeaderAccept
1785251181623,false,1785251181661,LeaderAccept
1785251181696,true,1785251181734,LeaderAccept
1785251181773,false,1785251181811,LeaderAccept
1785251181851,true,1785251181889,LeaderAccept
1785251181932,true,1785251181970,LeaderAccept
1785251182018,true,1785251182055,LeaderAccept
1785251182107,true,1785251182145,LeaderAccept
1785251182199,false,1785251182237,LeaderAccept
1785251182296,false,1785251182333,LeaderAccept
1785251182397,true,1785251182435,LeaderAccept
1785251182503,true,1785251182541,LeaderAccept
1785251182615,false,1785251182653,LeaderAccept
1785251182735,true,1785251182774,LeaderAccept
1785251182860,true,1785251182898,LeaderAccept
1785251182994,false,1785251183033,LeaderAccept
1785251183137,false,1785251183177,LeaderAccept
1785251183292,true,1785251183330,LeaderAccept
1785251183457,true,1785251183496,LeaderAccept
1785251183638,true,1785251183677,LeaderAccept
1785251183834,false,1785251183873,LeaderAccept
1785251184052,false,1785251184090,LeaderAccept
1785251184295,false,1785251184334,LeaderAccept
1785251184568,false,1785251184606,LeaderAccept
1785251184882,false,1785251184920,LeaderAccept
1785251185248,true,1785251185286,LeaderAccept
1785251185687,false,1785251185725,LeaderAccept
1785251186233,false,1785251186271,LeaderAccept
1785251186952,false,1785251186990,LeaderAccept
1785251187979,false,1785251188017,LeaderAccept
1785251189697,true,1785251189735,LeaderAccept
1785251193748,true,1785251193787,FastAccept
1785251217333,false,1785251217371,FastAccept
1785251217347,false,1785251217386,FastAccept
1785251217362,true,1785251217400,FastAccept
1785251217377,false,1785251217415,FastAccept
1785251217392,false,1785251217430,FastAccept
1785251217407,false,1785251217444,FastAccept
1785251217422,true,1785251217461,FastAccept
1785251217437,false,1785251217476,FastAccept
1785251217453,false,1785251217491,FastAccept
1785251217468,false,1785251217506,FastAccept
1785251217483,false,1785251217522,FastAccept
1785251217499,true,1785251217537,FastAccept
1785251217516,false,1785251217554,FastAccept
1785251217531,false,1785251217570,FastAccept
1785251217548,true,1785251217586,FastAccept
1785251217565,true,1785251217603,FastAccept
1785251217581,false,1785251217620,FastAccept
1785251217597,false,1785251217636,FastAccept
1785251217613,false,1785251217651,FastAccept
1785251217630,false,1785251217668,FastAccept
1785251217646,true,1785251217684,FastAccept
1785251217663,true,1785251217702,FastAccept
1785251217680,true,1785251217718,FastAccept
1785251217697,false,1785251217735,FastAccept
1785251217714,true,1785251217753,FastAccept
1785251217731,true,1785251217769,FastAccept
1785251217749,true,1785251217787,FastAccept
1785251217766,true,1785251217804,FastAccept
1785251217785,false,1785251217823,FastAccept
1785251217802,false,1785251217840,FastAccept
1785251217821,true,1785251217859,FastAccept
1785251217839,false,1785251217877,FastAccept
1785251217858,true,1785251217896,FastAccept
1785251217876,true,1785251217915,FastAccept
1785251217896,false,1785251217934,FastAccept
1785251217914,false,1785251217953,FastAccept
1785251217933,false,1785251217972,FastAccept
1785251217952,true,1785251217991,FastAccept
1785251217971,true,1785251218010,FastAccept
1785251217991,true,1785251218029,FastAccept
1785251218010,false,1785251218049,FastAccept
1785251218031,false,1785251218069,FastAccept
1785251218051,false,1785251218089,FastAccept
1785251218071,true,1785251218110,FastAccept
1785251218092,true,1785251218131,FastAccept
1785251218113,false,1785251218152,FastAccept
1785251218135,true,1785251218173,FastAccept
1785251218156,true,1785251218217,LeaderAccept
1785251218178,false,1785251218217,FastAccept
1785251218199,false,1785251218238,FastAccept
1785251218222,false,1785251218260,FastAccept
1785251218243,false,1785251218330,LeaderAccept
1785251218265,false,1785251218330,SlowAccept
1785251218289,true,1785251218330,FastAccept
1785251218313,false,1785251218351,FastAccept
1785251218336,false,1785251218375,FastAccept
1785251218360,true,1785251218398,FastAccept
1785251218384,true,1785251218422,FastAccept
1785251218407,true,1785251218446,FastAccept
1785251218432,false,1785251218471,FastAccept
1785251218456,true,1785251218495,FastAccept
1785251218481,false,1785251218520,FastAccept
1785251218506,true,1785251218545,FastAccept
1785251218532,true,1785251218571,FastAccept
1785251218559,false,1785251218598,FastAccept
1785251218585,false,1785251218624,FastAccept
1785251218612,true,1785251218650,FastAccept
1785251218639,true,1785251218677,FastAccept
1785251218667,true,1785251218705,FastAccept
1785251218694,true,1785251218733,FastAccept
1785251218721,true,1785251218760,FastAccept
1785251218749,false,1785251218788,FastAccept
1785251218777,true,1785251218816,FastAccept
1785251218806,false,1785251218845,FastAccept
1785251218835,true,1785251218874,FastAccept
1785251218866,true,1785251218904,FastAccept
1785251218897,false,1785251218935,FastAccept
1785251218928,true,1785251218966,FastAccept
1785251218960,true,1785251218998,FastAccept
1785251218991,false,1785251219030,FastAccept
1785251219024,false,1785251219062,FastAccept
1785251219056,false,1785251219094,FastAccept
1785251219090,false,1785251219129,FastAccept
1785251219123,false,1785251219164,FastAccept
1785251219157,false,1785251219196,FastAccept
1785251219192,true,1785251219231,FastAccept
1785251219228,true,1785251219267,FastAccept
1785251219263,false,1785251219302,FastAccept
1785251219301,true,1785251219339,FastAccept
1785251219338,true,1785251219376,FastAccept
1785251219376,true,1785251219415,FastAccept
1785251219415,true,1785251219454,FastAccept
1785251219455,true,1785251219493,FastAccept
1785251219495,false,1785251219533,FastAccept
1785251219536,false,1785251219574,FastAccept
1785251219577,false,1785251219616,FastAccept
1785251219620,false,1785251219658,FastAccept
1785251219664,true,1785251219703,FastAccept
1785251219708,false,1785251219747,FastAccept
1785251219753,true,1785251219792,FastAccept
1785251219799,true,1785251219839,FastAccept
1785251219847,false,1785251219885,FastAccept
1785251219895,false,1785251219933,FastAccept
1785251219945,false,1785251219983,FastAccept
1785251219995,false,1785251220035,FastAccept
1785251220047,false,1785251220086,FastAccept
1785251220101,true,1785251220139,FastAccept
1785251220156,true,1785251220195,FastAccept
1785251220212,false,1785251220253,FastAccept
1785251220270,false,1785251220309,FastAccept
1785251220329,false,1785251220369,FastAccept
1785251220391,true,1785251220430,FastAccept
1785251220454,false,1785251220492,FastAccept
1785251220520,false,1785251220559,FastAccept
1785251220588,false,1785251220628,FastAccept
1785251220657,true,1785251220696,FastAccept
1785251220730,false,1785251220769,FastAccept
1785251220805,true,1785251220844,FastAccept
1785251220882,false,1785251220921,FastAccept
1785251220963,true,1785251221002,FastAccept
1785251221046,false,1785251221085,FastAccept
1785251221134,true,1785251221173,FastAccept
1785251221226,false,1785251221265,FastAccept
1785251221321,false,1785251221360,FastAccept
1785251221422,false,1785251221460,FastAccept
1785251221526,false,1785251221565,FastAccept
1785251221638,true,1785251221677,FastAccept
1785251221755,true,1785251221794,FastAccept
1785251221878,true,1785251221917,FastAccept
1785251222010,true,1785251222049,FastAccept
1785251222151,false,1785251222191,FastAccept
1785251222301,true,1785251222341,FastAccept
1785251222463,true,1785251222502,FastAccept
1785251222639,true,1785251222678,FastAccept
1785251222831,true,1785251222870,FastAccept
1785251223043,false,1785251223083,FastAccept
1785251223277,false,1785251223316,FastAccept
1785251223540,false,1785251223580,FastAccept
1785251223840,false,1785251223879,FastAccept
1785251224189,false,1785251224229,FastAccept
1785251224605,true,1785251224643,FastAccept
1785251225115,false,1785251225154,FastAccept
1785251225774,true,1785251225814,FastAccept
1785251226690,true,1785251226728,FastAccept
1785251228134,true,1785251228173,FastAccept
1785251231109,false,1785251231147,FastAccept
1785251244272,true,1785251244311,LeaderAccept
1785251283637,true,1785251283675,FastAccept
1785251283662,true,1785251283700,FastAccept
1785251283687,false,1785251283725,FastAccept
1785251283712,true,1785251283751,FastAccept
1785251283737,false,1785251283775,FastAccept
1785251283763,false,1785251283802,FastAccept
1785251283790,true,1785251283828,FastAccept
1785251283817,false,1785251283855,FastAccept
1785251283843,false,1785251283881,FastAccept
1785251283870,true,1785251283909,FastAccept
1785251283897,false,1785251283935,FastAccept
1785251283926,false,1785251283964,FastAccept
1785251283955,true,1785251283993,FastAccept
1785251283983,true,1785251284021,FastAccept
1785251284012,false,1785251284050,FastAccept
1785251284041,false,1785251284080,FastAccept
1785251284072,true,1785251284110,FastAccept
1785251284102,false,1785251284140,FastAccept
1785251284133,true,1785251284172,FastAccept
1785251284164,false,1785251284203,FastAccept
1785251284197,false,1785251284235,FastAccept
1785251284229,true,1785251284267,FastAccept
1785251284261,false,1785251284300,FastAccept
1785251284294,true,1785251284333,FastAccept
1785251284327,true,1785251284366,FastAccept
1785251284361,true,1785251284399,FastAccept
1785251284396,true,1785251284435,FastAccept
1785251284431,false,1785251284469,FastAccept
1785251284467,false,1785251284505,FastAccept
1785251284503,false,1785251284540,FastAccept
1785251284540,true,1785251284579,FastAccept
1785251284578,false,1785251284634,LeaderAccept
1785251284617,false,1785251284656,FastAccept
1785251284657,true,1785251284695,FastAccept
1785251284698,false,1785251284736,FastAccept
1785251284738,false,1785251284776,FastAccept
1785251284780,true,1785251284819,FastAccept
1785251284823,true,1785251284862,FastAccept
1785251284867,true,1785251284906,FastAccept
1785251284911,true,1785251284949,FastAccept
1785251284956,true,1785251284995,FastAccept
1785251285004,true,1785251285042,FastAccept
1785251285051,false,1785251285089,FastAccept
1785251285101,true,1785251285139,FastAccept
1785251285150,false,1785251285188,FastAccept
1785251285202,true,1785251285240,FastAccept
1785251285254,true,1785251285293,FastAccept
1785251285308,false,1785251285347,FastAccept
1785251285364,false,1785251285402,FastAccept
1785251285421,false,1785251285459,FastAccept
1785251285479,true,1785251285518,FastAccept
1785251285539,false,1785251285577,FastAccept
1785251285602,true,1785251285640,FastAccept
1785251285665,false,1785251285703,FastAccept
1785251285731,false,1785251285769,FastAccept
1785251285799,true,1785251285838,FastAccept
1785251285869,true,1785251285907,FastAccept
1785251285943,true,1785251285981,FastAccept
1785251286018,true,1785251286056,FastAccept
1785251286097,true,1785251286161,LeaderAccept
1785251286179,false,1785251286217,LeaderAccept
1785251286264,false,1785251286302,LeaderAccept
1785251286352,true,1785251286391,LeaderAccept
1785251286444,true,1785251286482,LeaderAccept
1785251286542,true,1785251286580,LeaderAccept
1785251286643,false,1785251286681,LeaderAccept
1785251286750,true,1785251286788,LeaderAccept
1785251286862,true,1785251286900,LeaderAccept
1785251286981,true,1785251287020,LeaderAccept
1785251287108,true,1785251287147,LeaderAccept
1785251287241,false,1785251287280,LeaderAccept
1785251287384,false,1785251287423,LeaderAccept
1785251287538,true,1785251287577,LeaderAccept
1785251287704,true,1785251287743,LeaderAccept
1785251287885,true,1785251287923,LeaderAccept
1785251288083,false,1785251288121,LeaderAccept
1785251288301,true,1785251288340,LeaderAccept
1785251288543,false,1785251288582,LeaderAccept
1785251288816,false,1785251288855,LeaderAccept
1785251289129,false,1785251289168,LeaderAccept
1785251289495,false,1785251289534,LeaderAccept
1785251289934,false,1785251289972,FastAccept
1785251290482,true,1785251290520,LeaderAccept
1785251291201,false,1785251291240,LeaderAccept
1785251292231,true,1785251292270,LeaderAccept
1785251293953,true,1785251293993,LeaderAccept
