request_time,write,response_time,accept_status
1785419619695,true,1785419619750,LeaderAccept
1785419619713,true,1785419619767,LeaderAccept
1785419619730,false,1785419619785,LeaderAccept
1785419619748,false,1785419619802,LeaderAccept
1785419619764,false,1785419619818,LeaderAccept
1785419619781,false,1785419619836,LeaderAccept
1785419619799,false,1785419619853,LeaderAccept
1785419619816,false,1785419619870,LeaderAccept
1785419619835,true,1785419619889,LeaderAccept
1785419619852,false,1785419619907,LeaderAccept
1785419619870,true,1785419619925,LeaderAccept
1785419619889,true,1785419619943,LeaderAccept
1785419619907,true,1785419619962,LeaderAccept
1785419619926,false,1785419619981,LeaderAccept
1785419619945,false,1785419619999,LeaderAccept
1785419619964,false,1785419620018,LeaderAccept
1785419619983,false,1785419620038,LeaderAccept
1785419620002,true,1785419620056,LeaderAccept
1785419620022,true,1785419620076,LeaderAccept
1785419620042,true,1785419620097,LeaderAccept
1785419620062,true,1785419620117,LeaderAccept
1785419620082,true,1785419620136,LeaderAccept
1785419620102,false,1785419620156,LeaderAccept
1785419620123,false,1785419620178,LeaderAccept
1785419620143,false,1785419620198,LeaderAccept
1785419620165,true,1785419620220,LeaderAccept
1785419620186,true,1785419620241,LeaderAccept
1785419620208,false,1785419620263,LeaderAccept
1785419620230,false,1785419620284,LeaderAccept
1785419620252,true,1785419620307,LeaderAccept
1785419620273,false,1785419620328,LeaderAccept
1785419620296,false,1785419620350,LeaderAccept
1785419620319,true,1785419620374,LeaderAccept
1785419620341,false,1785419620396,LeaderAccept
1785419620365,true,1785419620419,LeaderAccept
1785419620388,false,1785419620442,LeaderAccept
1785419620412,true,1785419620466,LeaderAccept
1785419620436,true,1785419620490,LeaderAccept
1785419620459,false,1785419620514,LeaderAccept
1785419620484,true,1785419620537,LeaderAccept
1785419620508,false,1785419620561,LeaderAccept
1785419620533,true,1785419620587,LeaderAccept
1785419620559,true,1785419620613,LeaderAccept
1785419620585,false,1785419620638,LeaderAccept
1785419620611,true,1785419620665,LeaderAccept
1785419620638,false,1785419620691,LeaderAccept
1785419620663,true,1785419620718,LeaderAccept
1785419620690,true,1785419620745,LeaderAccept
1785419620718,true,1785419620772,LeaderAccept
1785419620745,false,1785419620799,LeaderAccept
1785419620773,true,1785419620828,LeaderAccept
1785419620801,false,1785419620855,LeaderAccept
1785419620830,false,1785419620884,LeaderAccept
1785419620859,true,1785419620913,LeaderAccept
1785419620889,false,1785419620944,LeaderAccept
1785419620919,true,1785419620973,LeaderAccept
1785419620949,false,1785419621003,LeaderAccept
1785419620979,true,1785419621033,LeaderAccept
1785419621011,true,1785419621065,LeaderAccept
1785419621042,true,1785419621096,LeaderAccept
1785419621073,false,1785419621128,LeaderAccept
1785419621105,false,1785419621160,LeaderAccept
1785419621139,false,1785419621193,LeaderAccept
1785419621173,false,1785419621228,LeaderAccept
1785419621208,false,1785419621262,LeaderAccept
1785419621243,false,1785419621297,LeaderAccept
1785419621277,true,1785419621332,LeaderAccept
1785419621314,true,1785419621369,LeaderAccept
1785419621350,false,1785419621405,LeaderAccept
1785419621388,true,1785419621444,LeaderAccept
1785419621426,false,1785419621481,LeaderAccept
1785419621465,true,1785419621519,LeaderAccept
1785419621504,false,1785419621559,LeaderAccept
1785419621544,true,1785419621598,LeaderAccept
1785419621585,true,1785419621640,LeaderAccept
1785419621626,true,1785419621681,LeaderAccept
1785419621668,false,1785419621723,LeaderAccept
1785419621712,false,1785419621766,LeaderAccept
1785419621756,true,1785419621811,LeaderAccept
1785419621801,true,1785419621856,LeaderAccept
1785419621848,false,1785419621903,LeaderAccept
1785419621895,false,1785419621950,LeaderAccept
1785419621944,false,1785419621998,LeaderAccept
1785419621994,true,1785419622048,LeaderAccept
1785419622045,true,1785419622100,LeaderAccept
1785419622098,false,1785419622153,LeaderAccept
1785419622151,false,1785419622206,LeaderAccept
1785419622206,false,1785419622260,LeaderAccept
1785419622263,true,1785419622317,LeaderAccept
1785419622321,true,1785419622375,LeaderAccept
1785419622380,false,1785419622434,LeaderAccept
1785419622442,false,1785419622496,LeaderAccept
1785419622504,false,1785419622559,LeaderAccept
1785419622569,true,1785419622624,LeaderAccept
1785419622636,false,1785419622691,LeaderAccept
1785419622705,true,1785419622760,LeaderAccept
1785419622778,false,1785419622832,LeaderAccept
1785419622852,false,1785419622907,LeaderAccept
1785419622929,true,1785419622984,LeaderAccept
1785419623009,false,1785419623064,LeaderAccept
1785419623093,true,1785419623148,LeaderAccept
1785419623180,true,1785419623235,LeaderAccept
1785419623272,true,1785419623327,LeaderAccept
1785419623368,false,1785419623423,LeaderAccept
1785419623468,false,1785419623523,LeaderAccept
1785419623574,true,1785419623629,LeaderAccept
1785419623684,true,1785419623738,LeaderAccept
1785419623801,true,1785419623856,LeaderAccept
1785419623924,false,1785419623978,LeaderAccept
1785419624056,true,1785419624111,LeaderAccept
1785419624197,false,1785419624251,LeaderAccept
1785419624348,true,1785419624402,LeaderAccept
1785419624510,false,1785419624565,LeaderAccept
1785419624685,false,1785419624740,LeaderAccept
1785419624878,true,1785419624933,LeaderAccept
1785419625089,false,1785419625144,LeaderAccept
1785419625324,true,1785419625378,LeaderAccept
1785419625587,true,1785419625642,LeaderAccept
1785419625888,true,1785419625943,LeaderAccept
1785419626237,false,1785419626292,LeaderAccept
1785419626653,true,1785419626707,LeaderAccept
1785419627164,true,1785419627219,LeaderAccept
1785419627824,true,1785419627878,LeaderAccept
1785419628741,true,1785419628795,LeaderAccept
1785419630191,false,1785419630245,LeaderAccept
1785419633183,true,1785419633238,LeaderAccept
1785419646533,true,1785419646588,LeaderAccept
1785419648468,true,1785419648522,LeaderAccept
1785419648494,false,1785419648548,LeaderAccept
1785419648518,false,1785419648573,LeaderAccept
1785419648544,true,1785419648597,LeaderAccept
1785419648570,true,1785419648623,LeaderAccept
1785419648596,true,1785419648650,LeaderAccept
1785419648622,false,1785419648677,LeaderAccept
1785419648650,true,1785419648704,LeaderAccept
1785419648677,true,1785419648731,LeaderAccept
1785419648705,true,1785419648759,LeaderAccept
1785419648732,true,1785419648786,LeaderAccept
1785419648761,true,1785419648815,LeaderAccept
1785419648790,true,1785419648844,LeaderAccept
1785419648819,true,1785419648874,LeaderAccept
1785419648849,false,1785419648903,LeaderAccept
1785419648879,false,1785419648934,LeaderAccept
1785419648909,true,1785419648964,LeaderAccept
1785419648941,true,1785419648996,LeaderAccept
1785419648972,false,1785419649027,LeaderAccept
1785419649004,true,1785419649059,LeaderAccept
1785419649037,true,1785419649092,LeaderAccept
1785419649069,false,1785419649124,LeaderAccept
1785419649103,true,1785419649157,LeaderAccept
1785419649136,false,1785419649191,LeaderAccept
1785419649171,false,1785419649225,LeaderAccept
1785419649206,true,1785419649261,LeaderAccept
1785419649242,false,1785419649297,LeaderAccept
1785419649277,false,1785419649332,LeaderAccept
1785419649315,true,1785419649370,LeaderAccept
1785419649353,true,1785419649408,LeaderAccept
1785419649391,false,1785419649446,LeaderAccept
1785419649430,false,1785419649486,LeaderAccept
1785419649470,false,1785419649525,LeaderAccept
1785419649511,false,1785419649566,LeaderAccept
1785419649553,true,1785419649608,LeaderAccept
1785419649595,false,1785419649651,LeaderAccept
1785419649638,true,1785419649693,LeaderAccept
1785419649682,false,1785419649737,LeaderAccept
1785419649727,false,1785419649782,LeaderAccept
1785419649773,true,1785419649829,LeaderAccept
1785419649819,false,1785419649874,LeaderAccept
1785419649868,true,1785419649923,LeaderAccept
1785419649916,true,1785419649971,LeaderAccept
1785419649967,true,1785419650022,LeaderAccept
1785419650018,false,1785419650073,LeaderAccept
1785419650071,false,1785419650126,LeaderAccept
1785419650124,true,1785419650180,LeaderAccept
1785419650179,true,1785419650234,LeaderAccept
1785419650237,true,1785419650292,LeaderAccept
1785419650295,true,1785419650351,LeaderAccept
1785419650356,false,1785419650411,LeaderAccept
1785419650418,true,1785419650474,LeaderAccept
1785419650483,true,1785419650539,LeaderAccept
1785419650550,true,1785419650605,LeaderAccept
1785419650618,true,1785419650673,LeaderAccept
1785419650690,true,1785419650745,LeaderAccept
1785419650762,true,1785419650817,LeaderAccept
1785419650839,false,1785419650894,LeaderAccept
1785419650918,false,1785419650973,LeaderAccept
1785419651000,true,1785419651056,LeaderAccept
1785419651086,true,1785419651142,LeaderAccept
1785419651175,false,1785419651230,LeaderAccept
1785419651268,false,1785419651324,LeaderAccept
1785419651364,true,1785419651419,LeaderAccept
1785419651467,true,1785419651522,LeaderAccept
1785419651575,false,1785419651630,LeaderAccept
1785419651687,true,1785419651743,LeaderAccept
1785419651808,true,1785419651863,LeaderAccept
1785419651936,true,1785419651991,LeaderAccept
1785419652072,false,1785419652127,LeaderAccept
1785419652217,true,1785419652272,LeaderAccept
1785419652372,true,1785419652427,LeaderAccept
1785419652540,true,1785419652595,LeaderAccept
1785419652723,true,1785419652779,LeaderAccept
1785419652924,false,1785419652979,LeaderAccept
1785419653146,true,1785419653201,LeaderAccept
1785419653393,true,1785419653449,LeaderAccept
1785419653674,false,1785419653729,LeaderAccept
1785419653996,true,1785419654051,LeaderAccept
1785419654374,true,1785419654429,LeaderAccept
1785419654831,true,1785419654885,LeaderAccept
1785419655404,false,1785419655459,LeaderAccept
1785419656167,false,1785419656221,LeaderAccept
1785419657283,true,1785419657338,LeaderAccept
1785419659233,false,1785419659288,LeaderAccept
1785419664399,false,1785419664454,LeaderAccept
1785419669173,true,1785419669228,LeaderAccept
1785419669206,false,1785419669261,LeaderAccept
1785419669240,false,1785419669294,LeaderAccept
1785419669273,false,1785419669328,LeaderAccept
1785419669308,true,1785419669362,LeaderAccept
1785419669343,true,1785419669398,LeaderAccept
1785419669379,true,1785419669434,LeaderAccept
1785419669416,false,1785419669471,LeaderAccept
1785419669454,false,1785419669509,LeaderAccept
1785419669492,false,1785419669547,LeaderAccept
1785419669531,false,1785419669585,LeaderAccept
1785419669569,false,1785419669624,LeaderAccept
1785419669609,true,1785419669665,LeaderAccept
1785419669650,true,1785419669705,LeaderAccept
1785419669692,false,1785419669745,LeaderAccept
1785419669735,false,1785419669790,LeaderAccept
1785419669779,true,1785419669833,LeaderAccept
1785419669822,false,1785419669877,LeaderAccept
1785419669867,false,1785419669922,LeaderAccept
1785419669913,false,1785419669968,LeaderAccept
1785419669960,true,1785419670015,LeaderAccept
1785419670009,true,1785419670064,LeaderAccept
1785419670057,false,1785419670112,LeaderAccept
1785419670109,true,1785419670164,LeaderAccept
1785419670161,false,1785419670215,LeaderAccept
1785419670214,true,1785419670270,LeaderAccept
1785419670269,false,1785419670324,LeaderAccept
1785419670325,false,1785419670380,LeaderAccept
1785419670383,true,1785419670438,LeaderAccept
1785419670442,false,1785419670497,LeaderAccept
1785419670504,true,1785419670560,LeaderAccept
1785419670568,true,1785419670623,LeaderAccept
1785419670633,false,1785419670687,LeaderAccept
1785419670700,true,1785419670754,LeaderAccept
1785419670770,true,1785419670825,LeaderAccept
1785419670841,true,1785419670896,LeaderAccept
1785419670916,true,1785419670970,LeaderAccept
1785419670994,true,1785419671048,LeaderAccept
1785419671075,true,1785419671129,LeaderAccept
1785419671159,true,1785419671213,LeaderAccept
1785419671246,false,1785419671301,LeaderAccept
1785419671337,true,1785419671392,LeaderAccept
1785419671432,false,1785419671487,LeaderAccept
1785419671533,true,1785419671588,LeaderAccept
1785419671638,false,1785419671693,LeaderAccept
1785419671749,true,1785419671804,LeaderAccept
1785419671866,true,1785419671921,LeaderAccept
1785419671990,true,1785419672045,LeaderAccept
1785419672122,false,1785419672177,LeaderAccept
1785419672262,true,1785419672317,LeaderAccept
1785419672412,true,1785419672468,LeaderAccept
1785419672575,false,1785419672629,LeaderAccept
1785419672750,true,1785419672805,LeaderAccept
1785419672943,true,1785419672997,LeaderAccept
1785419673154,false,1785419673209,LeaderAccept
1785419673388,false,1785419673443,LeaderAccept
1785419673652,true,1785419673707,LeaderAccept
1785419673953,true,1785419674008,LeaderAccept
1785419674303,true,1785419674358,LeaderAccept
1785419674719,true,1785419674773,LeaderAccept
1785419675230,false,1785419675286,LeaderAccept
1785419675889,true,1785419675944,LeaderAccept
1785419676659,true,1785419676714,LeaderAccept
1785419676676,false,1785419676731,LeaderAccept
1785419676693,false,1785419676748,LeaderAccept
1785419676709,true,1785419676764,LeaderAccept
1785419676726,true,1785419676780,LeaderAccept
1785419676743,true,1785419676797,LeaderAccept
1785419676760,true,1785419676814,LeaderAccept
1785419676777,false,1785419676832,LeaderAccept
1785419676795,true,1785419676849,LeaderAccept
1785419676811,false,1785419676866,LeaderAccept
1785419676829,false,1785419676883,LeaderAccept
1785419676847,false,1785419676901,LeaderAccept
1785419676865,false,1785419676920,LeaderAccept
1785419676883,false,1785419676938,LeaderAccept
1785419676900,false,1785419676954,LeaderAccept
1785419676919,false,1785419676974,LeaderAccept
1785419676938,true,1785419676992,LeaderAccept
1785419676956,false,1785419677010,LeaderAccept
1785419676975,true,1785419677029,LeaderAccept
1785419676993,true,1785419677048,LeaderAccept
1785419677013,true,1785419677067,LeaderAccept
1785419677032,true,1785419677087,LeaderAccept
1785419677051,true,1785419677106,LeaderAccept
1785419677070,true,1785419677125,LeaderAccept
1785419677091,true,1785419677146,LeaderAccept
1785419677111,true,1785419677166,LeaderAccept
1785419677130,false,1785419677185,LeaderAccept
1785419677151,false,1785419677206,LeaderAccept
1785419677172,true,1785419677227,LeaderAccept
1785419677192,false,1785419677247,LeaderAccept
1785419677213,false,1785419677268,LeaderAccept
1785419677234,true,1785419677289,LeaderAccept
1785419677256,true,1785419677311,LeaderAccept
1785419677278,false,1785419677333,LeaderAccept
1785419677300,true,1785419677355,LeaderAccept
1785419677322,false,1785419677376,LeaderAccept
1785419677345,true,1785419677400,LeaderAccept
1785419677368,true,1785419677423,LeaderAccept
1785419677391,true,1785419677445,LeaderAccept
1785419677414,true,1785419677468,LeaderAccept
1785419677437,false,1785419677491,LeaderAccept
1785419677460,true,1785419677515,LeaderAccept
1785419677483,false,1785419677538,LeaderAccept
1785419677508,false,1785419677563,LeaderAccept
1785419677531,false,1785419677586,LeaderAccept
1785419677556,false,1785419677611,LeaderAccept
1785419677581,true,1785419677636,LeaderAccept
1785419677606,false,1785419677660,LeaderAccept
1785419677632,true,1785419677686,LeaderAccept
1785419677658,true,1785419677712,LeaderAccept
1785419677683,true,1785419677737,LeaderAccept
1785419677710,true,1785419677764,LeaderAccept
1785419677736,false,1785419677791,LeaderAccept
1785419677763,false,1785419677818,LeaderAccept
1785419677791,true,1785419677845,LeaderAccept
1785419677819,false,1785419677873,LeaderAccept
1785419677847,false,1785419677901,LeaderAccept
1785419677875,false,1785419677930,LeaderAccept
1785419677905,false,1785419677960,LeaderAccept
1785419677935,false,1785419677990,LeaderAccept
1785419677965,true,1785419678020,LeaderAccept
1785419677995,true,1785419678049,LeaderAccept
1785419678026,false,1785419678081,LeaderAccept
1785419678057,false,1785419678111,LeaderAccept
1785419678088,true,1785419678143,LeaderAccept
1785419678120,true,1785419678174,LeaderAccept
1785419678153,true,1785419678207,LeaderAccept
1785419678186,false,1785419678240,LeaderAccept
1785419678220,false,1785419678274,LeaderAccept
1785419678254,false,1785419678309,LeaderAccept
1785419678288,true,1785419678343,LeaderAccept
1785419678324,false,1785419678378,LeaderAccept
1785419678360,true,1785419678414,LeaderAccept
1785419678397,true,1785419678451,LeaderAccept
1785419678433,true,1785419678488,LeaderAccept
1785419678472,true,1785419678527,LeaderAccept
1785419678511,true,1785419678566,LeaderAccept
1785419678551,false,1785419678606,LeaderAccept
1785419678592,false,1785419678646,LeaderAccept
1785419678633,true,1785419678687,LeaderAccept
1785419678675,true,1785419678728,LeaderAccept
1785419678718,true,1785419678772,LeaderAccept
1785419678762,true,1785419678817,LeaderAccept
1785419678806,false,1785419678861,LeaderAccept
1785419678852,false,1785419678907,LeaderAccept
1785419678898,false,1785419678953,LeaderAccept
1785419678946,false,1785419679000,LeaderAccept
1785419678995,false,1785419679049,LeaderAccept
1785419679045,false,1785419679099,LeaderAccept
1785419679096,false,1785419679150,LeaderAccept
1785419679149,false,1785419679203,LeaderAccept
1785419679202,false,1785419679257,LeaderAccept
1785419679258,false,1785419679312,LeaderAccept
1785419679314,true,1785419679369,LeaderAccept
1785419679372,false,1785419679427,LeaderAccept
1785419679432,true,1785419679488,LeaderAccept
1785419679494,false,1785419679549,LeaderAccept
1785419679558,true,1785419679612,LeaderAccept
1785419679624,true,1785419679678,LeaderAccept
1785419679692,false,1785419679747,LeaderAccept
1785419679762,false,1785419679816,LeaderAccept
1785419679834,false,1785419679888,LeaderAccept
1785419679909,false,1785419679965,LeaderAccept
1785419679988,true,1785419680043,LeaderAccept
1785419680069,false,1785419680124,LeaderAccept
1785419680153,true,1785419680209,LeaderAccept
1785419680242,false,1785419680297,LeaderAccept
1785419680334,false,1785419680389,LeaderAccept
1785419680430,false,1785419680485,LeaderAccept
1785419680531,true,1785419680586,LeaderAccept
1785419680638,true,1785419680693,LeaderAccept
1785419680750,true,1785419680805,LeaderAccept
1785419680869,true,1785419680923,LeaderAccept
1785419680995,true,1785419681049,LeaderAccept
1785419681129,true,1785419681184,LeaderAccept
1785419681272,true,1785419681326,LeaderAccept
1785419681425,true,1785419681480,LeaderAccept
1785419681590,true,1785419681644,LeaderAccept
1785419681770,true,1785419681825,LeaderAccept
1785419681966,false,1785419682020,LeaderAccept
1785419682182,true,1785419682236,LeaderAccept
1785419682422,false,1785419682477,LeaderAccept
1785419682693,true,1785419682747,LeaderAccept
1785419683003,false,1785419683057,LeaderAccept
1785419683365,true,1785419683419,LeaderAccept
1785419683798,false,1785419683852,LeaderAccept
1785419684336,false,1785419684390,LeaderAccept
1785419685039,true,1785419685094,LeaderAccept
1785419686038,false,1785419686093,LeaderAccept
1785419687684,true,1785419687739,LeaderAccept
1785419691432,false,,
1785419710215,true,1785419710269,LeaderAccept
1785419710237,false,1785419710292,LeaderAccept
1785419710258,false,1785419710313,LeaderAccept
1785419710281,false,1785419710335,LeaderAccept
1785419710303,false,1785419710357,LeaderAccept
1785419710326,true,1785419710381,LeaderAccept
1785419710348,true,1785419710402,LeaderAccept
1785419710371,false,1785419710426,LeaderAccept
1785419710395,false,1785419710449,LeaderAccept
1785419710418,false,1785419710473,LeaderAccept
1785419710443,true,1785419710497,LeaderAccept
1785419710468,true,1785419710522,LeaderAccept
1785419710493,false,1785419710547,LeaderAccept
1785419710518,true,1785419710572,LeaderAccept
1785419710543,true,1785419710598,LeaderAccept
1785419710569,true,1785419710623,LeaderAccept
1785419710595,false,1785419710649,LeaderAccept
1785419710621,false,1785419710676,LeaderAccept
1785419710646,true,1785419710700,LeaderAccept
1785419710672,false,1785419710727,LeaderAccept
1785419710700,false,1785419710755,LeaderAccept
1785419710727,false,1785419710782,LeaderAccept
1785419710754,false,1785419710809,LeaderAccept
1785419710783,true,1785419710837,LeaderAccept
1785419710812,false,1785419710865,LeaderAccept
1785419710841,true,1785419710895,LeaderAccept
1785419710870,false,1785419710924,LeaderAccept
1785419710899,true,1785419710953,LeaderAccept
1785419710929,false,1785419710983,LeaderAccept
1785419710960,true,1785419711015,LeaderAccept
1785419710990,true,1785419711048,LeaderAccept
1785419711022,false,1785419711076,LeaderAccept
1785419711053,true,1785419711108,LeaderAccept
1785419711085,false,1785419711139,LeaderAccept
1785419711118,false,1785419711172,LeaderAccept
1785419711151,true,1785419711206,LeaderAccept
1785419711185,true,1785419711239,LeaderAccept
1785419711218,false,1785419711273,LeaderAccept
1785419711254,false,1785419711309,LeaderAccept
1785419711290,false,1785419711344,LeaderAccept
1785419711326,false,1785419711381,LeaderAccept
1785419711363,true,1785419711418,LeaderAccept
1785419711401,true,1785419711456,LeaderAccept
1785419711440,true,1785419711495,LeaderAccept
1785419711479,false,1785419711533,LeaderAccept
1785419711519,false,1785419711574,LeaderAccept
1785419711560,true,1785419711614,LeaderAccept
1785419711601,false,1785419711656,LeaderAccept
1785419711642,true,1785419711697,LeaderAccept
1785419711685,false,1785419711740,LeaderAccept
1785419711730,false,1785419711784,LeaderAccept
1785419711774,true,1785419711829,LeaderAccept
1785419711820,true,1785419711875,LeaderAccept
1785419711867,false,1785419711922,LeaderAccept
1785419711915,false,1785419711970,LeaderAccept
1785419711964,false,1785419712019,LeaderAccept
1785419712015,true,1785419712071,LeaderAccept
1785419712067,false,1785419712122,LeaderAccept
1785419712120,false,1785419712175,LeaderAccept
1785419712173,false,1785419712228,LeaderAccept
1785419712229,true,1785419712284,LeaderAccept
1785419712287,true,1785419712341,LeaderAccept
1785419712346,true,1785419712401,LeaderAccept
1785419712406,true,1785419712461,LeaderAccept
1785419712469,true,1785419712524,LeaderAccept
1785419712533,false,1785419712588,LeaderAccept
1785419712600,false,1785419712656,LeaderAccept
1785419712669,false,1785419712724,LeaderAccept
1785419712740,false,1785419712794,LeaderAccept
1785419712813,false,1785419712868,LeaderAccept
1785419712889,false,1785419712944,LeaderAccept
1785419712969,false,1785419713024,LeaderAccept
1785419713052,true,1785419713108,LeaderAccept
1785419713138,true,1785419713193,LeaderAccept
1785419713227,true,1785419713282,LeaderAccept
1785419713321,false,1785419713376,LeaderAccept
1785419713419,true,1785419713474,LeaderAccept
1785419713522,false,1785419713577,LeaderAccept
1785419713631,true,1785419713686,LeaderAccept
1785419713745,true,1785419713800,LeaderAccept
1785419713866,true,1785419713920,LeaderAccept
1785419713994,false,1785419714049,LeaderAccept
1785419714131,true,1785419714186,LeaderAccept
1785419714278,true,1785419714332,LeaderAccept
1785419714436,false,1785419714491,LeaderAccept
1785419714605,false,1785419714660,LeaderAccept
1785419714791,false,1785419714846,LeaderAccept
1785419714993,false,1785419715048,LeaderAccept
1785419715217,false,1785419715272,LeaderAccept
1785419715469,true,1785419715524,LeaderAccept
1785419715753,true,1785419715808,LeaderAccept
1785419716082,false,1785419716136,LeaderAccept
1785419716468,true,1785419716523,LeaderAccept
1785419716936,true,1785419716991,LeaderAccept
1785419717527,true,1785419717582,LeaderAccept
1785419718321,true,1785419718376,LeaderAccept
1785419719501,false,1785419719556,LeaderAccept
1785419721628,false,1785419721683,LeaderAccept
1785419727792,true,1785419727847,LeaderAccept
1785419737352,false,,
1785419737371,false,1785419737426,LeaderAccept
1785419737390,false,1785419737445,LeaderAccept
1785419737411,false,1785419737466,LeaderAccept
1785419737431,true,1785419737486,LeaderAccept
1785419737451,false,1785419737505,LeaderAccept
1785419737471,false,1785419737525,LeaderAccept
1785419737492,true,1785419737546,LeaderAccept
1785419737512,true,1785419737567,LeaderAccept
1785419737534,true,1785419737589,LeaderAccept
1785419737555,true,1785419737610,LeaderAccept
1785419737577,false,1785419737632,LeaderAccept
1785419737599,false,1785419737654,LeaderAccept
1785419737621,true,1785419737676,LeaderAccept
1785419737643,true,1785419737698,LeaderAccept
1785419737665,false,1785419737720,LeaderAccept
1785419737688,true,1785419737743,LeaderAccept
1785419737711,true,1785419737765,LeaderAccept
1785419737734,true,1785419737788,LeaderAccept
1785419737758,false,1785419737813,LeaderAccept
1785419737782,true,1785419737837,LeaderAccept
1785419737807,true,1785419737861,LeaderAccept
1785419737831,true,1785419737885,LeaderAccept
1785419737856,true,1785419737911,LeaderAccept
1785419737881,true,1785419737935,LeaderAccept
1785419737905,true,1785419737960,LeaderAccept
1785419737931,false,1785419737986,LeaderAccept
1785419737957,false,1785419738011,LeaderAccept
1785419737983,false,1785419738037,LeaderAccept
1785419738009,false,1785419738063,LeaderAccept
1785419738036,false,1785419738090,LeaderAccept
1785419738063,true,1785419738117,LeaderAccept
1785419738090,false,1785419738145,LeaderAccept
1785419738118,true,1785419738172,LeaderAccept
1785419738146,false,1785419738200,LeaderAccept
1785419738175,false,1785419738229,LeaderAccept
1785419738204,true,1785419738258,LeaderAccept
1785419738232,false,1785419738287,LeaderAccept
1785419738262,true,1785419738316,LeaderAccept
1785419738291,false,1785419738346,LeaderAccept
1785419738322,true,1785419738376,LeaderAccept
1785419738353,false,1785419738407,LeaderAccept
1785419738385,true,1785419738440,LeaderAccept
1785419738417,true,1785419738471,LeaderAccept
1785419738449,false,1785419738504,LeaderAccept
1785419738481,false,1785419738537,LeaderAccept
1785419738515,false,1785419738570,LeaderAccept
1785419738549,false,1785419738603,LeaderAccept
1785419738584,false,1785419738639,LeaderAccept
1785419738619,false,1785419738673,LeaderAccept
1785419738655,true,1785419738709,LeaderAccept
1785419738692,true,1785419738746,LeaderAccept
1785419738729,true,1785419738784,LeaderAccept
1785419738767,true,1785419738822,LeaderAccept
1785419738805,false,1785419738859,LeaderAccept
1785419738845,true,1785419738900,LeaderAccept
1785419738885,true,1785419738939,LeaderAccept
1785419738926,true,1785419738980,LeaderAccept
1785419738968,false,1785419739023,LeaderAccept
1785419739009,false,1785419739064,LeaderAccept
1785419739053,true,1785419739107,LeaderAccept
1785419739096,true,1785419739151,LeaderAccept
1785419739141,true,1785419739196,LeaderAccept
1785419739188,false,1785419739243,LeaderAccept
1785419739236,true,1785419739291,LeaderAccept
1785419739285,false,1785419739339,LeaderAccept
1785419739335,false,1785419739389,LeaderAccept
1785419739386,true,1785419739440,LeaderAccept
1785419739437,false,1785419739492,LeaderAccept
1785419739491,true,1785419739546,LeaderAccept
1785419739546,false,1785419739600,LeaderAccept
1785419739602,false,1785419739657,LeaderAccept
1785419739659,true,1785419739714,LeaderAccept
1785419739719,true,1785419739774,LeaderAccept
1785419739780,false,1785419739835,LeaderAccept
1785419739843,true,1785419739898,LeaderAccept
1785419739908,false,1785419739963,LeaderAccept
1785419739975,false,1785419740030,LeaderAccept
1785419740045,true,1785419740099,LeaderAccept
1785419740117,false,1785419740173,LeaderAccept
1785419740191,false,1785419740246,LeaderAccept
1785419740267,false,1785419740322,LeaderAccept
1785419740348,true,1785419740403,LeaderAccept
1785419740432,true,1785419740487,LeaderAccept
1785419740519,true,1785419740573,LeaderAccept
1785419740610,false,1785419740665,LeaderAccept
1785419740705,false,1785419740761,LeaderAccept
1785419740804,false,1785419740859,LeaderAccept
1785419740909,false,1785419740964,LeaderAccept
1785419741018,true,1785419741073,LeaderAccept
1785419741134,false,1785419741189,LeaderAccept
1785419741258,true,1785419741312,LeaderAccept
1785419741388,false,1785419741443,LeaderAccept
1785419741527,false,1785419741582,LeaderAccept
1785419741676,true,1785419741731,LeaderAccept
1785419741837,false,1785419741892,LeaderAccept
1785419742011,false,1785419742066,LeaderAccept
1785419742201,true,1785419742256,LeaderAccept
1785419742409,true,1785419742463,LeaderAccept
1785419742640,false,1785419742695,LeaderAccept
1785419742898,true,1785419742953,LeaderAccept
1785419743193,false,1785419743248,LeaderAccept
1785419743533,false,1785419743588,LeaderAccept
1785419743937,false,1785419743992,LeaderAccept
1785419744432,true,1785419744486,LeaderAccept
1785419745064,true,1785419745119,LeaderAccept
1785419745933,true,1785419745988,LeaderAccept
1785419746486,false,1785419746541,LeaderAccept
1785419746502,true,1785419746557,LeaderAccept
1785419746520,true,1785419746574,LeaderAccept
1785419746537,false,1785419746591,LeaderAccept
1785419746555,false,1785419746609,LeaderAccept
1785419746572,false,1785419746627,LeaderAccept
1785419746589,false,1785419746643,LeaderAccept
1785419746607,true,1785419746661,LeaderAccept
1785419746625,true,1785419746679,LeaderAccept
1785419746643,true,1785419746697,LeaderAccept
1785419746661,false,1785419746715,LeaderAccept
1785419746679,false,1785419746733,LeaderAccept
1785419746696,false,1785419746751,LeaderAccept
1785419746714,true,1785419746769,LeaderAccept
1785419746733,true,1785419746788,LeaderAccept
1785419746752,false,1785419746807,LeaderAccept
1785419746772,true,1785419746826,LeaderAccept
1785419746790,false,1785419746845,LeaderAccept
1785419746809,true,1785419746863,LeaderAccept
1785419746828,false,1785419746882,LeaderAccept
1785419746847,false,1785419746901,LeaderAccept
1785419746868,false,1785419746922,LeaderAccept
1785419746888,true,1785419746942,LeaderAccept
1785419746908,true,1785419746962,LeaderAccept
1785419746929,false,1785419746984,LeaderAccept
1785419746950,true,1785419747004,LeaderAccept
1785419746970,false,1785419747026,LeaderAccept
1785419746992,false,1785419747047,LeaderAccept
1785419747013,true,1785419747068,LeaderAccept
1785419747035,true,1785419747090,LeaderAccept
1785419747057,false,1785419747111,LeaderAccept
1785419747079,false,1785419747133,LeaderAccept
1785419747101,true,1785419747155,LeaderAccept
1785419747123,true,1785419747177,LeaderAccept
1785419747145,true,1785419747201,LeaderAccept
1785419747168,true,1785419747223,LeaderAccept
1785419747192,true,1785419747246,LeaderAccept
1785419747216,true,1785419747271,LeaderAccept
1785419747239,true,1785419747294,LeaderAccept
1785419747263,true,1785419747318,LeaderAccept
1785419747288,false,1785419747343,LeaderAccept
1785419747313,true,1785419747367,LeaderAccept
1785419747337,false,1785419747391,LeaderAccept
1785419747363,true,1785419747417,LeaderAccept
1785419747389,false,1785419747443,LeaderAccept
1785419747414,false,1785419747468,LeaderAccept
1785419747441,false,1785419747495,LeaderAccept
1785419747467,false,1785419747521,LeaderAccept
1785419747493,false,1785419747548,LeaderAccept
1785419747521,false,1785419747575,LeaderAccept
1785419747549,false,1785419747603,LeaderAccept
1785419747577,false,1785419747631,LeaderAccept
1785419747606,false,1785419747661,LeaderAccept
1785419747635,true,1785419747690,LeaderAccept
1785419747664,true,1785419747718,LeaderAccept
1785419747694,false,1785419747748,LeaderAccept
1785419747723,true,1785419747778,LeaderAccept
1785419747754,true,1785419747808,LeaderAccept
1785419747784,true,1785419747839,LeaderAccept
1785419747815,false,1785419747870,LeaderAccept
1785419747847,true,1785419747902,LeaderAccept
1785419747880,true,1785419747935,LeaderAccept
1785419747913,true,1785419747967,LeaderAccept
1785419747946,false,1785419748000,LeaderAccept
1785419747980,true,1785419748034,LeaderAccept
1785419748013,true,1785419748068,LeaderAccept
1785419748049,true,1785419748104,LeaderAccept
1785419748085,true,1785419748139,LeaderAccept
1785419748121,true,1785419748176,LeaderAccept
1785419748158,false,1785419748212,LeaderAccept
1785419748195,true,1785419748250,LeaderAccept
1785419748232,true,1785419748287,LeaderAccept
1785419748271,false,1785419748326,LeaderAccept
1785419748311,true,1785419748366,LeaderAccept
1785419748352,false,1785419748407,LeaderAccept
1785419748393,false,1785419748448,LeaderAccept
1785419748435,true,1785419748489,LeaderAccept
1785419748478,true,1785419748533,LeaderAccept
1785419748522,false,1785419748576,LeaderAccept
1785419748565,true,1785419748620,LeaderAccept
1785419748610,true,1785419748665,LeaderAccept
1785419748657,true,1785419748711,LeaderAccept
1785419748705,true,1785419748760,LeaderAccept
1785419748754,false,1785419748809,LeaderAccept
1785419748803,false,1785419748858,LeaderAccept
1785419748855,true,1785419748910,LeaderAccept
1785419748908,true,1785419748963,LeaderAccept
1785419748962,true,1785419749017,LeaderAccept
1785419749017,false,1785419749072,LeaderAccept
1785419749074,true,1785419749128,LeaderAccept
1785419749132,false,1785419749186,LeaderAccept
1785419749192,true,1785419749247,LeaderAccept
1785419749253,false,1785419749308,LeaderAccept
1785419749317,true,1785419749371,LeaderAccept
1785419749382,true,1785419749437,LeaderAccept
1785419749451,true,1785419749506,LeaderAccept
1785419749520,true,1785419749576,LeaderAccept
1785419749593,true,1785419749648,LeaderAccept
1785419749668,true,1785419749723,LeaderAccept
1785419749745,false,1785419749800,LeaderAccept
1785419749826,true,1785419749882,LeaderAccept
1785419749911,true,1785419749966,LeaderAccept
1785419749998,false,1785419750053,LeaderAccept
1785419750090,true,1785419750145,LeaderAccept
1785419750187,true,1785419750242,LeaderAccept
1785419750288,true,1785419750343,LeaderAccept
1785419750393,false,1785419750448,LeaderAccept
1785419750504,false,1785419750560,LeaderAccept
1785419750623,false,1785419750678,LeaderAccept
1785419750748,true,1785419750802,LeaderAccept
1785419750881,false,1785419750936,LeaderAccept
1785419751022,true,1785419751077,LeaderAccept
1785419751174,false,1785419751229,LeaderAccept
1785419751338,false,1785419751393,LeaderAccept
1785419751517,true,1785419751572,LeaderAccept
1785419751711,false,1785419751767,LeaderAccept
1785419751926,false,1785419751982,LeaderAccept
1785419752166,true,1785419752221,LeaderAccept
1785419752436,true,1785419752491,LeaderAccept
1785419752744,false,1785419752799,LeaderAccept
1785419753103,true,1785419753158,LeaderAccept
1785419753533,false,1785419753587,LeaderAccept
1785419754064,false,1785419754119,LeaderAccept
1785419754758,true,1785419754812,LeaderAccept
1785419755738,true,1785419755793,LeaderAccept
1785419757340,false,1785419757395,LeaderAccept
1785419759163,false,1785419759216,LeaderAccept
1785419759180,true,1785419759235,LeaderAccept
1785419759197,true,1785419759251,LeaderAccept
1785419759215,false,1785419759269,LeaderAccept
1785419759233,true,1785419759288,LeaderAccept
1785419759251,false,1785419759305,LeaderAccept
1785419759269,true,1785419759323,LeaderAccept
1785419759286,false,1785419759341,LeaderAccept
1785419759305,true,1785419759359,LeaderAccept
1785419759324,false,1785419759378,LeaderAccept
1785419759342,false,1785419759397,LeaderAccept
1785419759361,true,1785419759415,LeaderAccept
1785419759379,false,1785419759433,LeaderAccept
1785419759398,true,1785419759453,LeaderAccept
1785419759418,false,1785419759473,LeaderAccept
1785419759438,true,1785419759492,LeaderAccept
1785419759458,true,1785419759513,LeaderAccept
1785419759478,true,1785419759533,LeaderAccept
1785419759498,true,1785419759553,LeaderAccept
1785419759519,false,1785419759574,LeaderAccept
1785419759539,true,1785419759594,LeaderAccept
1785419759559,false,1785419759614,LeaderAccept
1785419759580,true,1785419759635,LeaderAccept
1785419759601,true,1785419759655,LeaderAccept
1785419759622,false,1785419759677,LeaderAccept
1785419759644,false,1785419759698,LeaderAccept
1785419759666,false,1785419759721,LeaderAccept
1785419759688,false,1785419759742,LeaderAccept
1785419759710,false,1785419759764,LeaderAccept
1785419759732,true,1785419759786,LeaderAccept
1785419759754,true,1785419759809,LeaderAccept
1785419759778,false,1785419759833,LeaderAccept
1785419759802,false,1785419759856,LeaderAccept
1785419759824,false,1785419759879,LeaderAccept
1785419759848,true,1785419759902,LeaderAccept
1785419759871,false,1785419759926,LeaderAccept
1785419759896,true,1785419759950,LeaderAccept
1785419759921,true,1785419759975,LeaderAccept
1785419759946,true,1785419760000,LeaderAccept
1785419759971,false,1785419760025,LeaderAccept
1785419759996,false,1785419760050,LeaderAccept
1785419760020,false,1785419760075,LeaderAccept
1785419760046,false,1785419760100,LeaderAccept
1785419760072,false,1785419760126,LeaderAccept
1785419760098,true,1785419760152,LeaderAccept
1785419760124,true,1785419760179,LeaderAccept
1785419760152,false,1785419760206,LeaderAccept
1785419760179,false,1785419760233,LeaderAccept
1785419760207,true,1785419760261,LeaderAccept
1785419760235,true,1785419760290,LeaderAccept
1785419760263,false,1785419760317,LeaderAccept
1785419760293,true,1785419760348,LeaderAccept
1785419760322,true,1785419760377,LeaderAccept
1785419760353,true,1785419760407,LeaderAccept
1785419760382,false,1785419760437,LeaderAccept
1785419760413,true,1785419760467,LeaderAccept
1785419760444,false,1785419760499,LeaderAccept
1785419760475,true,1785419760530,LeaderAccept
1785419760507,true,1785419760562,LeaderAccept
1785419760540,false,1785419760594,LeaderAccept
1785419760573,false,1785419760627,LeaderAccept
1785419760606,true,1785419760661,LeaderAccept
1785419760641,false,1785419760696,LeaderAccept
1785419760676,true,1785419760731,LeaderAccept
1785419760712,false,1785419760767,LeaderAccept
1785419760748,true,1785419760802,LeaderAccept
1785419760785,false,1785419760840,LeaderAccept
1785419760823,false,1785419760877,LeaderAccept
1785419760860,false,1785419760915,LeaderAccept
1785419760899,true,1785419760954,LeaderAccept
1785419760938,false,1785419760993,LeaderAccept
1785419760978,false,1785419761033,LeaderAccept
1785419761019,true,1785419761073,LeaderAccept
1785419761061,false,1785419761116,LeaderAccept
1785419761104,true,1785419761159,LeaderAccept
1785419761147,true,1785419761202,LeaderAccept
1785419761192,false,1785419761247,LeaderAccept
1785419761238,true,1785419761293,LeaderAccept
1785419761285,false,1785419761340,LeaderAccept
1785419761333,false,1785419761388,LeaderAccept
1785419761382,false,1785419761437,LeaderAccept
1785419761432,true,1785419761487,LeaderAccept
1785419761483,false,1785419761538,LeaderAccept
1785419761535,false,1785419761590,LeaderAccept
1785419761589,false,1785419761643,LeaderAccept
1785419761643,false,1785419761698,LeaderAccept
1785419761700,false,1785419761755,LeaderAccept
1785419761758,false,1785419761812,LeaderAccept
1785419761818,true,1785419761872,LeaderAccept
1785419761878,false,1785419761933,LeaderAccept
1785419761941,false,1785419761996,LeaderAccept
1785419762007,true,1785419762061,LeaderAccept
1785419762074,true,1785419762129,LeaderAccept
1785419762144,false,1785419762198,LeaderAccept
1785419762215,true,1785419762270,LeaderAccept
1785419762290,false,1785419762345,LeaderAccept
1785419762368,true,1785419762423,LeaderAccept
1785419762448,false,1785419762503,LeaderAccept
1785419762533,true,1785419762587,LeaderAccept
1785419762619,false,1785419762674,LeaderAccept
1785419762710,false,1785419762765,LeaderAccept
1785419762806,true,1785419762860,LeaderAccept
1785419762906,false,1785419762961,LeaderAccept
1785419763011,false,1785419763066,LeaderAccept
1785419763121,false,1785419763176,LeaderAccept
1785419763238,true,1785419763293,LeaderAccept
1785419763362,false,1785419763417,LeaderAccept
1785419763494,true,1785419763549,LeaderAccept
1785419763635,false,1785419763690,LeaderAccept
1785419763786,false,1785419763841,LeaderAccept
1785419763949,true,1785419764003,LeaderAccept
1785419764124,true,1785419764179,LeaderAccept
1785419764317,false,1785419764371,LeaderAccept
1785419764528,true,1785419764582,LeaderAccept
1785419764763,false,1785419764817,LeaderAccept
1785419765027,false,1785419765082,LeaderAccept
1785419765328,false,1785419765382,LeaderAccept
1785419765678,true,1785419765733,LeaderAccept
1785419766094,false,1785419766149,LeaderAccept
1785419766608,false,1785419766663,LeaderAccept
1785419767271,true,1785419767325,LeaderAccept
1785419768194,false,1785419768248,LeaderAccept
1785419769657,true,1785419769711,LeaderAccept
1785419772697,true,1785419772751,LeaderAccept
1785419775443,false,1785419775498,LeaderAccept
1785419775461,true,1785419775516,LeaderAccept
1785419775480,false,1785419775535,LeaderAccept
1785419775498,false,1785419775552,LeaderAccept
1785419775516,true,1785419775570,LeaderAccept
1785419775534,false,1785419775589,LeaderAccept
1785419775552,true,1785419775606,LeaderAccept
1785419775571,true,1785419775626,LeaderAccept
1785419775591,true,1785419775645,LeaderAccept
1785419775611,false,1785419775665,LeaderAccept
1785419775630,false,1785419775685,LeaderAccept
1785419775650,true,1785419775704,LeaderAccept
1785419775669,false,1785419775724,LeaderAccept
1785419775689,true,1785419775744,LeaderAccept
1785419775710,false,1785419775764,LeaderAccept
1785419775730,true,1785419775785,LeaderAccept
1785419775750,true,1785419775805,LeaderAccept
1785419775770,false,1785419775825,LeaderAccept
1785419775792,true,1785419775847,LeaderAccept
1785419775812,true,1785419775867,LeaderAccept
1785419775834,false,1785419775889,LeaderAccept
1785419775856,false,1785419775911,LeaderAccept
1785419775877,true,1785419775932,LeaderAccept
1785419775900,false,1785419775955,LeaderAccept
1785419775923,true,1785419775977,LeaderAccept
1785419775946,false,1785419776001,LeaderAccept
1785419775969,true,1785419776023,LeaderAccept
1785419775992,true,1785419776046,LeaderAccept
1785419776015,true,1785419776069,LeaderAccept
1785419776038,true,1785419776093,LeaderAccept
1785419776063,true,1785419776117,LeaderAccept
1785419776088,false,1785419776142,LeaderAccept
1785419776112,false,1785419776166,LeaderAccept
1785419776137,true,1785419776192,LeaderAccept
1785419776162,true,1785419776216,LeaderAccept
1785419776187,true,1785419776242,LeaderAccept
1785419776213,false,1785419776267,LeaderAccept
1785419776239,false,1785419776294,LeaderAccept
1785419776266,true,1785419776320,LeaderAccept
1785419776293,true,1785419776347,LeaderAccept
1785419776320,true,1785419776374,LeaderAccept
1785419776347,true,1785419776401,LeaderAccept
1785419776373,false,1785419776428,LeaderAccept
1785419776401,true,1785419776455,LeaderAccept
1785419776429,false,1785419776484,LeaderAccept
1785419776458,false,1785419776512,LeaderAccept
1785419776487,true,1785419776541,LeaderAccept
1785419776517,false,1785419776571,LeaderAccept
1785419776547,true,1785419776601,LeaderAccept
1785419776577,false,1785419776632,LeaderAccept
1785419776607,true,1785419776662,LeaderAccept
1785419776639,true,1785419776694,LeaderAccept
1785419776671,true,1785419776725,LeaderAccept
1785419776703,false,1785419776758,LeaderAccept
1785419776736,false,1785419776790,LeaderAccept
1785419776769,false,1785419776824,LeaderAccept
1785419776803,false,1785419776857,LeaderAccept
1785419776837,true,1785419776891,LeaderAccept
1785419776871,true,1785419776926,LeaderAccept
1785419776907,false,1785419776962,LeaderAccept
1785419776942,true,1785419776997,LeaderAccept
1785419776978,true,1785419777033,LeaderAccept
1785419777016,true,1785419777071,LeaderAccept
1785419777053,true,1785419777108,LeaderAccept
1785419777093,false,1785419777148,LeaderAccept
1785419777133,true,1785419777188,LeaderAccept
1785419777173,true,1785419777228,LeaderAccept
1785419777214,true,1785419777269,LeaderAccept
1785419777255,false,1785419777310,LeaderAccept
1785419777297,false,1785419777352,LeaderAccept
1785419777341,true,1785419777395,LeaderAccept
1785419777385,true,1785419777440,LeaderAccept
1785419777431,true,1785419777485,LeaderAccept
1785419777477,false,1785419777532,LeaderAccept
1785419777525,false,1785419777579,LeaderAccept
1785419777573,true,1785419777628,LeaderAccept
1785419777623,true,1785419777678,LeaderAccept
1785419777675,true,1785419777729,LeaderAccept
1785419777727,true,1785419777781,LeaderAccept
1785419777781,false,1785419777835,LeaderAccept
1785419777835,false,1785419777890,LeaderAccept
1785419777892,true,1785419777947,LeaderAccept
1785419777951,true,1785419778006,LeaderAccept
1785419778011,false,1785419778065,LeaderAccept
1785419778073,false,1785419778128,LeaderAccept
1785419778137,false,1785419778192,LeaderAccept
1785419778203,true,1785419778258,LeaderAccept
1785419778271,false,1785419778326,LeaderAccept
1785419778341,true,1785419778397,LeaderAccept
1785419778414,false,1785419778469,LeaderAccept
1785419778490,true,1785419778545,LeaderAccept
1785419778569,true,1785419778624,LeaderAccept
1785419778650,false,1785419778705,LeaderAccept
1785419778735,true,1785419778789,LeaderAccept
1785419778824,false,1785419778879,LeaderAccept
1785419778916,true,1785419778971,LeaderAccept
1785419779012,false,1785419779067,LeaderAccept
1785419779114,false,1785419779170,LeaderAccept
1785419779221,true,1785419779276,LeaderAccept
1785419779334,false,1785419779389,LeaderAccept
1785419779452,false,1785419779508,LeaderAccept
1785419779579,false,1785419779634,LeaderAccept
1785419779714,true,1785419779769,LeaderAccept
1785419779858,false,1785419779913,LeaderAccept
1785419780012,false,1785419780067,LeaderAccept
1785419780179,true,1785419780234,LeaderAccept
1785419780359,false,1785419780414,LeaderAccept
1785419780557,true,1785419780612,LeaderAccept
1785419780775,true,1785419780830,LeaderAccept
1785419781018,true,1785419781073,LeaderAccept
1785419781292,false,1785419781347,LeaderAccept
1785419781607,false,1785419781661,LeaderAccept
1785419781974,false,1785419782029,LeaderAccept
1785419782415,true,1785419782470,LeaderAccept
1785419782966,false,1785419783021,LeaderAccept
1785419783690,true,1785419783744,LeaderAccept
1785419784728,true,1785419784783,LeaderAccept
1785419786475,false,1785419786531,LeaderAccept
1785419790654,false,1785419790709,LeaderAccept
1785419824420,true,,
1785419851852,true,1785419851908,LeaderAccept
1785419851876,false,1785419851931,LeaderAccept
1785419851899,false,1785419851954,LeaderAccept
1785419851923,false,1785419851978,LeaderAccept
1785419851947,false,1785419852002,LeaderAccept
1785419851970,false,1785419852024,LeaderAccept
1785419851995,false,1785419852049,LeaderAccept
1785419852020,true,1785419852074,LeaderAccept
1785419852045,true,1785419852099,LeaderAccept
1785419852070,false,1785419852124,LeaderAccept
1785419852095,true,1785419852150,LeaderAccept
1785419852121,false,1785419852176,LeaderAccept
1785419852147,false,1785419852202,LeaderAccept
1785419852174,true,1785419852229,LeaderAccept
1785419852201,true,1785419852256,LeaderAccept
1785419852228,true,1785419852283,LeaderAccept
1785419852256,false,1785419852311,LeaderAccept
1785419852283,false,1785419852338,LeaderAccept
1785419852312,true,1785419852366,LeaderAccept
1785419852341,true,1785419852395,LeaderAccept
1785419852370,false,1785419852424,LeaderAccept
1785419852400,false,1785419852454,LeaderAccept
1785419852430,false,1785419852485,LeaderAccept
1785419852460,true,1785419852515,LeaderAccept
1785419852491,false,1785419852545,LeaderAccept
1785419852522,true,1785419852576,LeaderAccept
1785419852554,false,1785419852608,LeaderAccept
1785419852586,false,1785419852640,LeaderAccept
1785419852618,false,1785419852673,LeaderAccept
1785419852651,true,1785419852706,LeaderAccept
1785419852685,true,1785419852740,LeaderAccept
1785419852720,true,1785419852775,LeaderAccept
1785419852754,true,1785419852810,LeaderAccept
1785419852790,false,1785419852844,LeaderAccept
1785419852825,true,1785419852880,LeaderAccept
1785419852862,true,1785419852916,LeaderAccept
1785419852899,false,1785419852953,LeaderAccept
1785419852937,false,1785419852992,LeaderAccept
1785419852976,true,1785419853031,LeaderAccept
1785419853015,false,1785419853070,LeaderAccept
1785419853056,true,1785419853111,LeaderAccept
1785419853097,true,1785419853151,LeaderAccept
1785419853138,true,1785419853193,LeaderAccept
1785419853181,false,1785419853235,LeaderAccept
1785419853224,true,1785419853278,LeaderAccept
1785419853268,true,1785419853322,LeaderAccept
1785419853312,false,1785419853367,LeaderAccept
1785419853358,false,1785419853413,LeaderAccept
1785419853405,false,1785419853461,LeaderAccept
1785419853453,false,1785419853509,LeaderAccept
1785419853503,true,1785419853558,LeaderAccept
1785419853554,true,1785419853609,LeaderAccept
1785419853606,true,1785419853661,LeaderAccept
1785419853660,true,1785419853715,LeaderAccept
1785419853715,false,1785419853770,LeaderAccept
1785419853771,false,1785419853826,LeaderAccept
1785419853829,true,1785419853884,LeaderAccept
1785419853888,true,1785419853943,LeaderAccept
1785419853950,false,1785419854004,LeaderAccept
1785419854012,true,1785419854067,LeaderAccept
1785419854078,false,1785419854133,LeaderAccept
1785419854146,false,1785419854202,LeaderAccept
1785419854216,false,1785419854271,LeaderAccept
1785419854288,true,1785419854344,LeaderAccept
1785419854363,true,1785419854418,LeaderAccept
1785419854440,true,1785419854495,LeaderAccept
1785419854520,true,1785419854575,LeaderAccept
1785419854604,false,1785419854659,LeaderAccept
1785419854692,false,1785419854747,LeaderAccept
1785419854784,true,1785419854839,LeaderAccept
1785419854880,false,1785419854935,LeaderAccept
1785419854980,false,1785419855039,LeaderAccept
1785419855086,true,1785419855141,LeaderAccept
1785419855196,true,1785419855252,LeaderAccept
1785419855314,false,1785419855369,LeaderAccept
1785419855439,true,1785419855495,LeaderAccept
1785419855570,false,1785419855627,LeaderAccept
1785419855712,false,1785419855768,LeaderAccept
1785419855863,false,1785419855918,LeaderAccept
1785419856027,false,1785419856083,LeaderAccept
1785419856204,true,1785419856259,LeaderAccept
1785419856397,true,1785419856452,LeaderAccept
1785419856609,false,1785419856664,LeaderAccept
1785419856846,false,1785419856901,LeaderAccept
1785419857112,false,1785419857167,LeaderAccept
1785419857415,false,1785419857470,LeaderAccept
1785419857768,false,1785419857822,LeaderAccept
1785419858188,false,1785419858242,LeaderAccept
1785419858707,true,1785419858761,LeaderAccept
1785419859379,false,1785419859434,LeaderAccept
1785419860319,true,1785419860373,LeaderAccept
1785419861822,true,1785419861877,LeaderAccept
1785419865006,true,1785419865062,LeaderAccept
1785419880655,true,1785419880709,LeaderAccept
1785419883563,false,1785419883618,LeaderAccept
1785419883597,true,1785419883652,LeaderAccept
1785419883630,false,1785419883685,LeaderAccept
1785419883665,false,1785419883720,LeaderAccept
1785419883700,false,1785419883755,LeaderAccept
1785419883735,true,1785419883790,LeaderAccept
1785419883771,true,1785419883826,LeaderAccept
1785419883807,false,1785419883863,LeaderAccept
1785419883845,true,1785419883900,LeaderAccept
1785419883883,true,1785419883938,LeaderAccept
1785419883921,true,1785419883976,LeaderAccept
1785419883961,false,1785419884017,LeaderAccept
1785419884000,false,1785419884056,LeaderAccept
1785419884042,false,1785419884097,LeaderAccept
1785419884084,true,1785419884140,LeaderAccept
1785419884127,true,1785419884182,LeaderAccept
1785419884171,true,1785419884226,LeaderAccept
1785419884216,true,1785419884271,LeaderAccept
1785419884261,true,1785419884316,LeaderAccept
1785419884306,true,1785419884361,LeaderAccept
1785419884354,true,1785419884409,LeaderAccept
1785419884403,false,1785419884459,LeaderAccept
1785419884453,false,1785419884509,LeaderAccept
1785419884504,false,1785419884559,LeaderAccept
1785419884557,true,1785419884612,LeaderAccept
1785419884611,false,1785419884667,LeaderAccept
1785419884667,true,1785419884722,LeaderAccept
1785419884723,true,1785419884780,LeaderAccept
1785419884782,false,1785419884839,LeaderAccept
1785419884842,false,1785419884898,LeaderAccept
1785419884904,false,1785419884960,LeaderAccept
1785419884968,false,1785419885023,LeaderAccept
1785419885034,true,1785419885089,LeaderAccept
1785419885102,true,1785419885158,LeaderAccept
1785419885173,false,1785419885228,LeaderAccept
1785419885246,false,1785419885301,LeaderAccept
1785419885321,false,1785419885377,LeaderAccept
1785419885398,true,1785419885454,LeaderAccept
1785419885480,true,1785419885536,LeaderAccept
1785419885564,false,1785419885620,LeaderAccept
1785419885651,true,1785419885707,LeaderAccept
1785419885743,false,1785419885799,LeaderAccept
1785419885840,false,1785419885895,LeaderAccept
1785419885941,false,1785419885996,LeaderAccept
1785419886046,false,1785419886103,LeaderAccept
1785419886158,true,1785419886214,LeaderAccept
1785419886276,true,1785419886332,LeaderAccept
1785419886402,true,1785419886458,LeaderAccept
1785419886536,true,1785419886591,LeaderAccept
1785419886678,true,1785419886734,LeaderAccept
1785419886830,false,1785419886886,LeaderAccept
1785419886995,false,1785419887050,LeaderAccept
1785419887173,false,1785419887229,LeaderAccept
1785419887368,false,1785419887425,LeaderAccept
1785419887584,false,1785419887640,LeaderAccept
1785419887824,true,1785419887880,LeaderAccept
1785419888094,false,1785419888149,LeaderAccept
1785419888403,false,1785419888458,LeaderAccept
1785419888763,false,1785419888818,LeaderAccept
1785419889193,true,1785419889248,LeaderAccept
1785419889728,true,1785419889783,LeaderAccept
1785419890425,true,1785419890479,LeaderAccept
1785419891412,false,1785419891467,LeaderAccept
1785419893028,false,1785419893082,LeaderAccept
1785419896651,true,1785419896706,LeaderAccept
1785419918818,false,1785419918874,LeaderAccept
1785419928305,false,1785419928360,LeaderAccept
1785419928331,true,1785419928386,LeaderAccept
1785419928357,true,1785419928411,LeaderAccept
1785419928383,false,1785419928437,LeaderAccept
1785419928409,false,1785419928464,LeaderAccept
1785419928434,true,1785419928489,LeaderAccept
1785419928461,false,1785419928516,LeaderAccept
1785419928488,true,1785419928543,LeaderAccept
1785419928516,false,1785419928570,LeaderAccept
1785419928543,true,1785419928597,LeaderAccept
1785419928571,true,1785419928625,LeaderAccept
1785419928599,false,1785419928654,LeaderAccept
1785419928629,false,1785419928684,LeaderAccept
1785419928658,true,1785419928712,LeaderAccept
1785419928688,true,1785419928742,LeaderAccept
1785419928717,false,1785419928772,LeaderAccept
1785419928747,true,1785419928802,LeaderAccept
1785419928779,true,1785419928834,LeaderAccept
1785419928810,false,1785419928865,LeaderAccept
1785419928843,true,1785419928897,LeaderAccept
1785419928876,false,1785419928930,LeaderAccept
1785419928908,false,1785419928963,LeaderAccept
1785419928941,false,1785419928996,LeaderAccept
1785419928976,false,1785419929030,LeaderAccept
1785419929011,true,1785419929066,LeaderAccept
1785419929045,true,1785419929099,LeaderAccept
1785419929081,false,1785419929136,LeaderAccept
1785419929118,false,1785419929172,LeaderAccept
1785419929155,false,1785419929209,LeaderAccept
1785419929192,false,1785419929247,LeaderAccept
1785419929231,true,1785419929285,LeaderAccept
1785419929270,true,1785419929324,LeaderAccept
1785419929310,false,1785419929365,LeaderAccept
1785419929351,true,1785419929405,LeaderAccept
1785419929392,true,1785419929447,LeaderAccept
1785419929435,false,1785419929489,LeaderAccept
1785419929478,true,1785419929533,LeaderAccept
1785419929523,false,1785419929578,LeaderAccept
1785419929567,false,1785419929622,LeaderAccept
1785419929614,false,1785419929669,LeaderAccept
1785419929662,true,1785419929717,LeaderAccept
1785419929711,false,1785419929765,LeaderAccept
1785419929760,true,1785419929815,LeaderAccept
1785419929811,false,1785419929865,LeaderAccept
1785419929863,false,1785419929919,LeaderAccept
1785419929917,true,1785419929971,LeaderAccept
1785419929971,true,1785419930026,LeaderAccept
1785419930028,true,1785419930082,LeaderAccept
1785419930085,false,1785419930140,LeaderAccept
1785419930144,true,1785419930199,LeaderAccept
1785419930206,true,1785419930261,LeaderAccept
1785419930269,true,1785419930324,LeaderAccept
1785419930333,false,1785419930388,LeaderAccept
1785419930401,false,1785419930456,LeaderAccept
1785419930469,false,1785419930524,LeaderAccept
1785419930540,true,1785419930596,LeaderAccept
1785419930615,false,1785419930670,LeaderAccept
1785419930691,true,1785419930746,LeaderAccept
1785419930771,true,1785419930826,LeaderAccept
1785419930855,false,1785419930910,LeaderAccept
1785419930941,false,1785419930996,LeaderAccept
1785419931031,false,1785419931086,LeaderAccept
1785419931125,false,1785419931181,LeaderAccept
1785419931225,true,1785419931280,LeaderAccept
1785419931328,true,1785419931383,LeaderAccept
1785419931437,true,1785419931493,LeaderAccept
1785419931553,false,1785419931608,LeaderAccept
1785419931676,false,1785419931731,LeaderAccept
1785419931806,true,1785419931861,LeaderAccept
1785419931944,true,1785419931999,LeaderAccept
1785419932093,false,1785419932147,LeaderAccept
1785419932252,true,1785419932308,LeaderAccept
1785419932426,true,1785419932481,LeaderAccept
1785419932615,false,1785419932669,LeaderAccept
1785419932822,false,1785419932877,LeaderAccept
1785419933052,true,1785419933107,LeaderAccept
1785419933310,true,1785419933365,LeaderAccept
1785419933603,false,1785419933658,LeaderAccept
1785419933942,false,1785419933997,LeaderAccept
1785419934343,true,1785419934398,LeaderAccept
1785419934832,false,1785419934887,LeaderAccept
1785419935457,false,1785419935512,LeaderAccept
1785419936311,false,1785419936366,LeaderAccept
1785419937621,true,1785419937676,LeaderAccept
1785419940140,false,1785419940196,LeaderAccept
1785419949010,false,1785419949065,LeaderAccept
1785419970427,true,1785419970483,LeaderAccept
1785419970461,true,1785419970516,LeaderAccept
1785419970495,false,1785419970550,LeaderAccept
1785419970529,true,1785419970584,LeaderAccept
1785419970564,false,1785419970619,LeaderAccept
1785419970600,false,1785419970655,LeaderAccept
1785419970637,true,1785419970691,LeaderAccept
1785419970673,false,1785419970728,LeaderAccept
1785419970710,false,1785419970765,LeaderAccept
1785419970748,false,1785419970803,LeaderAccept
1785419970787,false,1785419970842,LeaderAccept
1785419970827,false,1785419970882,LeaderAccept
1785419970868,false,1785419970923,LeaderAccept
1785419970909,true,1785419970964,LeaderAccept
1785419970952,true,1785419971007,LeaderAccept
1785419970994,true,1785419971050,LeaderAccept
1785419971038,false,1785419971094,LeaderAccept
1785419971082,true,1785419971138,LeaderAccept
1785419971128,false,1785419971184,LeaderAccept
1785419971175,true,1785419971230,LeaderAccept
1785419971223,false,1785419971278,LeaderAccept
1785419971271,false,1785419971326,LeaderAccept
1785419971322,true,1785419971377,LeaderAccept
1785419971373,true,1785419971428,LeaderAccept
1785419971426,true,1785419971481,LeaderAccept
1785419971479,false,1785419971535,LeaderAccept
1785419971535,false,1785419971589,LeaderAccept
1785419971591,false,1785419971646,LeaderAccept
1785419971650,false,1785419971705,LeaderAccept
1785419971710,true,1785419971765,LeaderAccept
1785419971772,false,1785419971827,LeaderAccept
1785419971837,true,1785419971892,LeaderAccept
1785419971903,true,1785419971958,LeaderAccept
1785419971971,false,1785419972025,LeaderAccept
1785419972042,false,1785419972097,LeaderAccept
1785419972115,false,1785419972170,LeaderAccept
1785419972191,true,1785419972246,LeaderAccept
1785419972269,false,1785419972324,LeaderAccept
1785419972351,false,1785419972406,LeaderAccept
1785419972435,true,1785419972490,LeaderAccept
1785419972523,false,1785419972578,LeaderAccept
1785419972616,true,1785419972671,LeaderAccept
1785419972713,true,1785419972768,LeaderAccept
1785419972815,true,1785419972870,LeaderAccept
1785419972923,false,1785419972978,LeaderAccept
1785419973035,true,1785419973091,LeaderAccept
1785419973155,false,1785419973210,LeaderAccept
1785419973282,true,1785419973336,LeaderAccept
1785419973417,false,1785419973472,LeaderAccept
1785419973561,true,1785419973616,LeaderAccept
1785419973716,false,1785419973771,LeaderAccept
1785419973882,false,1785419973937,LeaderAccept
1785419974064,true,1785419974119,LeaderAccept
1785419974263,false,1785419974318,LeaderAccept
1785419974483,true,1785419974539,LeaderAccept
1785419974728,false,1785419974783,LeaderAccept
1785419975005,false,1785419975059,LeaderAccept
1785419975322,true,1785419975376,LeaderAccept
1785419975693,true,1785419975748,LeaderAccept
1785419976140,true,1785419976195,LeaderAccept
1785419976700,true,1785419976753,LeaderAccept
1785419977438,true,1785419977493,LeaderAccept
1785419978507,true,1785419978562,LeaderAccept
1785419980330,false,1785419980385,LeaderAccept
1785419984863,false,1785419984918,LeaderAccept
1785420013177,false,1785420013224,LeaderAccept
1785420013194,false,1785420013240,LeaderAccept
1785420013210,true,1785420013257,LeaderAccept
1785420013227,true,1785420013274,LeaderAccept
1785420013243,false,1785420013291,LeaderAccept
1785420013261,true,1785420013308,LeaderAccept
1785420013277,true,1785420013324,LeaderAccept
1785420013295,false,1785420013341,LeaderAccept
1785420013312,true,1785420013358,LeaderAccept
1785420013329,true,1785420013376,LeaderAccept
1785420013347,false,1785420013393,LeaderAccept
1785420013364,false,1785420013411,LeaderAccept
1785420013383,false,1785420013430,LeaderAccept
1785420013401,false,1785420013447,LeaderAccept
1785420013419,false,1785420013465,LeaderAccept
1785420013436,false,1785420013483,LeaderAccept
1785420013454,true,1785420013501,LeaderAccept
1785420013473,false,1785420013520,LeaderAccept
1785420013490,false,1785420013536,LeaderAccept
1785420013505,false,1785420013552,LeaderAccept
1785420013522,false,1785420013569,LeaderAccept
1785420013539,false,1785420013586,LeaderAccept
1785420013555,true,1785420013601,LeaderAccept
1785420013571,true,1785420013618,LeaderAccept
1785420013588,false,1785420013634,LeaderAccept
1785420013604,true,1785420013651,LeaderAccept
1785420013621,true,1785420013668,LeaderAccept
1785420013637,true,1785420013684,LeaderAccept
1785420013655,false,1785420013702,LeaderAccept
1785420013672,true,1785420013718,LeaderAccept
1785420013689,false,1785420013736,LeaderAccept
1785420013707,false,1785420013754,LeaderAccept
1785420013725,true,1785420013772,LeaderAccept
1785420013742,true,1785420013789,LeaderAccept
1785420013760,false,1785420013807,LeaderAccept
1785420013779,false,1785420013825,LeaderAccept
1785420013797,false,1785420013844,LeaderAccept
1785420013816,true,1785420013863,LeaderAccept
1785420013834,false,1785420013881,LeaderAccept
1785420013853,true,1785420013900,LeaderAccept
1785420013872,false,1785420013918,LeaderAccept
1785420013891,false,1785420013938,LeaderAccept
1785420013911,false,1785420013958,LeaderAccept
1785420013931,true,1785420013978,LeaderAccept
1785420013950,true,1785420013997,LeaderAccept
1785420013970,false,1785420014016,LeaderAccept
1785420013990,true,1785420014037,LeaderAccept
1785420014010,true,1785420014057,LeaderAccept
1785420014029,false,1785420014076,LeaderAccept
1785420014050,true,1785420014097,LeaderAccept
1785420014071,false,1785420014118,LeaderAccept
1785420014091,true,1785420014138,LeaderAccept
1785420014113,true,1785420014159,LeaderAccept
1785420014134,true,1785420014180,LeaderAccept
1785420014156,false,1785420014203,LeaderAccept
1785420014178,false,1785420014224,LeaderAccept
1785420014200,true,1785420014246,LeaderAccept
1785420014222,false,1785420014269,LeaderAccept
1785420014245,true,1785420014291,LeaderAccept
1785420014267,false,1785420014313,LeaderAccept
1785420014289,false,1785420014336,LeaderAccept
1785420014313,false,1785420014359,LeaderAccept
1785420014337,false,1785420014384,LeaderAccept
1785420014360,false,1785420014407,LeaderAccept
1785420014384,false,1785420014430,LeaderAccept
1785420014408,false,1785420014454,LeaderAccept
1785420014433,false,1785420014480,LeaderAccept
1785420014457,true,1785420014504,LeaderAccept
1785420014483,false,1785420014530,LeaderAccept
1785420014508,false,1785420014554,LeaderAccept
1785420014533,false,1785420014580,LeaderAccept
1785420014558,true,1785420014605,LeaderAccept
1785420014585,false,1785420014631,LeaderAccept
1785420014612,true,1785420014659,LeaderAccept
1785420014638,false,1785420014685,LeaderAccept
1785420014665,true,1785420014712,LeaderAccept
1785420014693,false,1785420014740,LeaderAccept
1785420014722,true,1785420014769,LeaderAccept
1785420014750,false,1785420014798,LeaderAccept
1785420014779,false,1785420014826,LeaderAccept
1785420014809,true,1785420014856,LeaderAccept
1785420014838,true,1785420014885,LeaderAccept
1785420014868,false,1785420014915,LeaderAccept
1785420014899,true,1785420014946,LeaderAccept
1785420014931,false,1785420014977,LeaderAccept
1785420014961,false,1785420015008,LeaderAccept
1785420014992,true,1785420015040,LeaderAccept
1785420015024,false,1785420015071,LeaderAccept
1785420015057,true,1785420015104,LeaderAccept
1785420015090,false,1785420015137,LeaderAccept
1785420015124,true,1785420015171,LeaderAccept
1785420015159,false,1785420015206,LeaderAccept
1785420015193,true,1785420015241,LeaderAccept
1785420015229,false,1785420015276,LeaderAccept
1785420015265,false,1785420015313,LeaderAccept
1785420015302,true,1785420015349,LeaderAccept
1785420015340,true,1785420015387,LeaderAccept
1785420015377,false,1785420015425,LeaderAccept
1785420015415,true,1785420015462,LeaderAccept
1785420015455,false,1785420015502,LeaderAccept
1785420015495,true,1785420015542,LeaderAccept
1785420015535,true,1785420015583,LeaderAccept
1785420015578,true,1785420015625,LeaderAccept
1785420015621,false,1785420015669,LeaderAccept
1785420015665,false,1785420015713,LeaderAccept
1785420015710,true,1785420015757,LeaderAccept
1785420015756,false,1785420015803,LeaderAccept
1785420015802,false,1785420015849,LeaderAccept
1785420015849,false,1785420015895,LeaderAccept
1785420015897,true,1785420015945,LeaderAccept
1785420015948,false,1785420015994,LeaderAccept
1785420016000,false,1785420016047,LeaderAccept
1785420016052,true,1785420016099,LeaderAccept
1785420016106,true,1785420016153,LeaderAccept
1785420016161,true,1785420016208,LeaderAccept
1785420016218,false,1785420016265,LeaderAccept
1785420016277,false,1785420016324,LeaderAccept
1785420016337,true,1785420016384,LeaderAccept
1785420016398,false,1785420016445,LeaderAccept
1785420016462,true,1785420016508,LeaderAccept
1785420016528,false,1785420016575,LeaderAccept
1785420016595,false,1785420016642,LeaderAccept
1785420016666,true,1785420016713,LeaderAccept
1785420016739,true,1785420016786,LeaderAccept
1785420016813,true,1785420016861,LeaderAccept
1785420016892,true,1785420016939,LeaderAccept
1785420016972,true,1785420017019,LeaderAccept
1785420017057,false,1785420017104,LeaderAccept
1785420017145,true,1785420017192,LeaderAccept
1785420017237,false,1785420017285,LeaderAccept
1785420017334,false,1785420017381,LeaderAccept
1785420017435,false,1785420017482,LeaderAccept
1785420017542,true,1785420017588,LeaderAccept
1785420017654,true,1785420017701,LeaderAccept
1785420017772,false,1785420017819,LeaderAccept
1785420017898,false,1785420017945,LeaderAccept
1785420018032,true,1785420018079,LeaderAccept
1785420018175,false,1785420018222,LeaderAccept
1785420018329,true,1785420018376,LeaderAccept
1785420018494,true,1785420018541,LeaderAccept
1785420018675,false,1785420018722,LeaderAccept
1785420018872,true,1785420018919,LeaderAccept
1785420019089,false,1785420019136,LeaderAccept
1785420019331,true,1785420019377,LeaderAccept
1785420019604,false,1785420019650,LeaderAccept
1785420019917,true,1785420019964,LeaderAccept
1785420020283,true,1785420020330,LeaderAccept
1785420020721,false,1785420020767,LeaderAccept
1785420021266,false,1785420021313,LeaderAccept
1785420021981,true,1785420022028,LeaderAccept
1785420023004,true,1785420023051,LeaderAccept
1785420024710,false,1785420024757,LeaderAccept
1785420028711,false,1785420028757,LeaderAccept
1785420057524,false,1785420057572,LeaderAccept
1785420057554,true,1785420057601,LeaderAccept
1785420057584,true,1785420057631,LeaderAccept
1785420057613,false,1785420057660,LeaderAccept
1785420057644,true,1785420057691,LeaderAccept
1785420057674,false,1785420057722,LeaderAccept
1785420057706,true,1785420057753,LeaderAccept
1785420057738,false,1785420057785,LeaderAccept
1785420057770,false,1785420057817,LeaderAccept
1785420057802,true,1785420057849,LeaderAccept
1785420057836,true,1785420057882,LeaderAccept
1785420057870,false,1785420057916,LeaderAccept
1785420057904,false,1785420057951,LeaderAccept
1785420057939,true,1785420057986,LeaderAccept
1785420057974,false,1785420058021,LeaderAccept
1785420058010,true,1785420058057,LeaderAccept
1785420058047,false,1785420058094,LeaderAccept
1785420058085,false,1785420058132,LeaderAccept
1785420058123,false,1785420058170,LeaderAccept
1785420058162,false,1785420058209,LeaderAccept
1785420058202,false,1785420058248,LeaderAccept
1785420058241,false,1785420058288,LeaderAccept
1785420058282,false,1785420058329,LeaderAccept
1785420058324,true,1785420058370,LeaderAccept
1785420058366,true,1785420058414,LeaderAccept
1785420058410,true,1785420058457,LeaderAccept
1785420058455,true,1785420058502,LeaderAccept
1785420058500,false,1785420058547,LeaderAccept
1785420058546,true,1785420058593,LeaderAccept
1785420058593,false,1785420058640,LeaderAccept
1785420058642,false,1785420058689,LeaderAccept
1785420058692,true,1785420058739,LeaderAccept
1785420058743,true,1785420058790,LeaderAccept
1785420058795,true,1785420058842,LeaderAccept
1785420058850,false,1785420058897,LeaderAccept
1785420058905,false,1785420058952,LeaderAccept
1785420058961,false,1785420059008,LeaderAccept
1785420059020,true,1785420059067,LeaderAccept
1785420059080,false,1785420059127,LeaderAccept
1785420059142,false,1785420059188,LeaderAccept
1785420059205,false,1785420059252,LeaderAccept
1785420059270,true,1785420059317,LeaderAccept
1785420059338,false,1785420059384,LeaderAccept
1785420059408,false,1785420059455,LeaderAccept
1785420059481,true,1785420059528,LeaderAccept
1785420059556,false,1785420059603,LeaderAccept
1785420059634,true,1785420059681,LeaderAccept
1785420059716,true,1785420059763,LeaderAccept
1785420059800,true,1785420059847,LeaderAccept
1785420059888,true,1785420059935,LeaderAccept
1785420059979,false,1785420060026,LeaderAccept
1785420060075,false,1785420060122,LeaderAccept
1785420060176,true,1785420060223,LeaderAccept
1785420060282,true,1785420060329,LeaderAccept
1785420060394,false,1785420060441,LeaderAccept
1785420060512,true,1785420060559,LeaderAccept
1785420060638,false,1785420060685,LeaderAccept
1785420060771,false,1785420060817,LeaderAccept
1785420060913,true,1785420060960,LeaderAccept
1785420061065,true,1785420061112,LeaderAccept
1785420061230,false,1785420061279,LeaderAccept
1785420061409,false,1785420061456,LeaderAccept
1785420061605,false,1785420061651,LeaderAccept
1785420061820,false,1785420061867,LeaderAccept
1785420062060,false,1785420062107,LeaderAccept
1785420062330,false,1785420062377,LeaderAccept
1785420062639,false,1785420062687,LeaderAccept
1785420062999,true,1785420063046,LeaderAccept
1785420063431,false,1785420063479,LeaderAccept
1785420063965,true,1785420064013,LeaderAccept
1785420064664,true,1785420064711,LeaderAccept
1785420065653,false,1785420065699,LeaderAccept
1785420067273,true,1785420067320,LeaderAccept
1785420070917,true,1785420070963,LeaderAccept
1785420086436,true,1785420086482,LeaderAccept
1785420086461,false,1785420086508,LeaderAccept
1785420086487,true,1785420086533,LeaderAccept
1785420086513,true,1785420086560,LeaderAccept
1785420086539,true,1785420086586,LeaderAccept
1785420086566,false,1785420086613,LeaderAccept
1785420086593,true,1785420086639,LeaderAccept
1785420086620,false,1785420086666,LeaderAccept
1785420086647,true,1785420086694,LeaderAccept
1785420086676,true,1785420086723,LeaderAccept
1785420086703,false,1785420086750,LeaderAccept
1785420086733,true,1785420086780,LeaderAccept
1785420086763,false,1785420086809,LeaderAccept
1785420086791,false,1785420086838,LeaderAccept
1785420086821,false,1785420086868,LeaderAccept
1785420086852,false,1785420086899,LeaderAccept
1785420086883,false,1785420086930,LeaderAccept
1785420086913,false,1785420086960,LeaderAccept
1785420086945,false,1785420086993,LeaderAccept
1785420086977,false,1785420087023,LeaderAccept
1785420087010,true,1785420087057,LeaderAccept
1785420087044,true,1785420087090,LeaderAccept
1785420087078,true,1785420087125,LeaderAccept
1785420087113,true,1785420087160,LeaderAccept
1785420087148,false,1785420087196,LeaderAccept
1785420087184,false,1785420087232,LeaderAccept
1785420087221,true,1785420087269,LeaderAccept
1785420087258,true,1785420087306,LeaderAccept
1785420087296,false,1785420087344,LeaderAccept
1785420087335,true,1785420087382,LeaderAccept
1785420087374,false,1785420087421,LeaderAccept
1785420087414,true,1785420087462,LeaderAccept
1785420087455,false,1785420087502,LeaderAccept
1785420087497,true,1785420087545,LeaderAccept
1785420087538,true,1785420087586,LeaderAccept
1785420087581,false,1785420087629,LeaderAccept
1785420087626,false,1785420087675,LeaderAccept
1785420087671,true,1785420087719,LeaderAccept
1785420087717,false,1785420087765,LeaderAccept
1785420087764,false,1785420087811,LeaderAccept
1785420087811,true,1785420087859,LeaderAccept
1785420087861,true,1785420087908,LeaderAccept
1785420087911,false,1785420087958,LeaderAccept
1785420087962,true,1785420088010,LeaderAccept
1785420088016,false,1785420088063,LeaderAccept
1785420088070,false,1785420088118,LeaderAccept
1785420088125,false,1785420088172,LeaderAccept
1785420088183,false,1785420088230,LeaderAccept
1785420088242,false,1785420088288,LeaderAccept
1785420088303,false,1785420088350,LeaderAccept
1785420088366,false,1785420088412,LeaderAccept
1785420088430,false,1785420088477,LeaderAccept
1785420088497,true,1785420088544,LeaderAccept
1785420088566,false,1785420088613,LeaderAccept
1785420088637,true,1785420088684,LeaderAccept
1785420088711,false,1785420088758,LeaderAccept
1785420088788,true,1785420088835,LeaderAccept
1785420088867,false,1785420088913,LeaderAccept
1785420088950,true,1785420088996,LeaderAccept
1785420089036,true,1785420089082,LeaderAccept
1785420089125,true,1785420089171,LeaderAccept
1785420089218,true,1785420089265,LeaderAccept
1785420089315,true,1785420089362,LeaderAccept
1785420089417,true,1785420089464,LeaderAccept
1785420089526,true,1785420089572,LeaderAccept
1785420089639,true,1785420089686,LeaderAccept
1785420089759,false,1785420089806,LeaderAccept
1785420089888,true,1785420089934,LeaderAccept
1785420090023,true,1785420090070,LeaderAccept
1785420090170,true,1785420090217,LeaderAccept
1785420090327,false,1785420090374,LeaderAccept
1785420090497,false,1785420090544,LeaderAccept
1785420090681,true,1785420090728,LeaderAccept
1785420090883,true,1785420090930,LeaderAccept
1785420091107,true,1785420091153,LeaderAccept
1785420091357,true,1785420091404,LeaderAccept
1785420091640,false,1785420091687,LeaderAccept
1785420091966,false,1785420092013,LeaderAccept
1785420092350,true,1785420092397,LeaderAccept
1785420092815,false,1785420092862,LeaderAccept
1785420093400,false,1785420093446,LeaderAccept
1785420094182,false,,
1785420095341,true,1785420095388,LeaderAccept
1785420097408,false,1785420097455,LeaderAccept
1785420103215,true,1785420103262,LeaderAccept
1785420108438,true,1785420108485,LeaderAccept
1785420108468,true,1785420108515,LeaderAccept
1785420108499,true,1785420108546,LeaderAccept
1785420108529,true,1785420108576,LeaderAccept
1785420108561,false,1785420108608,LeaderAccept
1785420108592,true,1785420108639,LeaderAccept
1785420108625,false,1785420108671,LeaderAccept
1785420108658,false,1785420108705,LeaderAccept
1785420108692,true,1785420108739,LeaderAccept
1785420108726,true,1785420108772,LeaderAccept
1785420108761,true,1785420108807,LeaderAccept
1785420108796,false,1785420108842,LeaderAccept
1785420108832,true,1785420108878,LeaderAccept
1785420108868,false,1785420108914,LeaderAccept
1785420108904,true,1785420108951,LeaderAccept
1785420108942,true,1785420108988,LeaderAccept
1785420108979,false,1785420109026,LeaderAccept
1785420109018,true,1785420109065,LeaderAccept
1785420109058,true,1785420109105,LeaderAccept
1785420109099,true,1785420109145,LeaderAccept
1785420109140,false,1785420109186,LeaderAccept
1785420109182,false,1785420109229,LeaderAccept
1785420109225,false,1785420109271,LeaderAccept
1785420109269,false,1785420109316,LeaderAccept
1785420109313,true,1785420109360,LeaderAccept
1785420109360,false,1785420109406,LeaderAccept
1785420109407,false,1785420109454,LeaderAccept
1785420109455,true,1785420109502,LeaderAccept
1785420109504,false,1785420109551,LeaderAccept
1785420109555,false,1785420109602,LeaderAccept
1785420109607,true,1785420109654,LeaderAccept
1785420109660,true,1785420109707,LeaderAccept
1785420109714,false,1785420109761,LeaderAccept
1785420109770,true,1785420109817,LeaderAccept
1785420109828,false,1785420109875,LeaderAccept
1785420109887,true,1785420109934,LeaderAccept
1785420109948,true,1785420109994,LeaderAccept
1785420110011,false,1785420110058,LeaderAccept
1785420110075,true,1785420110122,LeaderAccept
1785420110141,false,1785420110188,LeaderAccept
1785420110210,true,1785420110257,LeaderAccept
1785420110281,true,1785420110328,LeaderAccept
1785420110355,false,1785420110401,LeaderAccept
1785420110430,false,1785420110478,LeaderAccept
1785420110510,false,1785420110557,LeaderAccept
1785420110592,true,1785420110638,LeaderAccept
1785420110678,false,1785420110724,LeaderAccept
1785420110768,true,1785420110814,LeaderAccept
1785420110861,false,1785420110908,LeaderAccept
1785420110959,false,1785420111006,LeaderAccept
1785420111062,false,1785420111110,LeaderAccept
1785420111171,true,1785420111218,LeaderAccept
1785420111285,false,1785420111332,LeaderAccept
1785420111406,true,1785420111453,LeaderAccept
1785420111534,false,1785420111581,LeaderAccept
1785420111670,true,1785420111717,LeaderAccept
1785420111817,true,1785420111864,LeaderAccept
1785420111973,true,1785420112020,LeaderAccept
1785420112143,false,1785420112190,LeaderAccept
1785420112329,false,1785420112376,LeaderAccept
1785420112531,false,1785420112578,LeaderAccept
1785420112756,false,1785420112803,LeaderAccept
1785420112775,false,1785420112822,LeaderAccept
1785420112792,false,1785420112839,LeaderAccept
1785420112809,true,1785420112855,LeaderAccept
1785420112826,true,1785420112872,LeaderAccept
1785420112843,false,1785420112889,LeaderAccept
1785420112860,true,1785420112907,LeaderAccept
1785420112876,false,1785420112923,LeaderAccept
1785420112893,true,1785420112940,LeaderAccept
1785420112911,true,1785420112957,LeaderAccept
1785420112929,false,1785420112975,LeaderAccept
1785420112947,false,1785420112993,LeaderAccept
1785420112965,true,1785420113011,LeaderAccept
1785420112983,false,1785420113029,LeaderAccept
1785420113001,true,1785420113047,LeaderAccept
1785420113019,false,1785420113065,LeaderAccept
1785420113038,false,1785420113084,LeaderAccept
1785420113057,true,1785420113104,LeaderAccept
1785420113076,false,1785420113123,LeaderAccept
1785420113095,true,1785420113142,LeaderAccept
1785420113115,false,1785420113161,LeaderAccept
1785420113134,false,1785420113181,LeaderAccept
1785420113155,false,1785420113202,LeaderAccept
1785420113175,false,1785420113221,LeaderAccept
1785420113195,false,1785420113242,LeaderAccept
1785420113216,true,1785420113262,LeaderAccept
1785420113237,true,1785420113284,LeaderAccept
1785420113258,false,1785420113305,LeaderAccept
1785420113279,true,1785420113324,LeaderAccept
1785420113300,false,1785420113347,LeaderAccept
1785420113322,false,1785420113368,LeaderAccept
1785420113344,false,1785420113389,LeaderAccept
1785420113366,false,1785420113412,LeaderAccept
1785420113388,true,1785420113434,LeaderAccept
1785420113411,false,1785420113457,LeaderAccept
1785420113434,false,1785420113480,LeaderAccept
1785420113457,false,1785420113503,LeaderAccept
1785420113480,false,1785420113526,LeaderAccept
1785420113502,true,1785420113549,LeaderAccept
1785420113526,false,1785420113573,LeaderAccept
1785420113550,true,1785420113597,LeaderAccept
1785420113575,false,1785420113621,LeaderAccept
1785420113599,true,1785420113645,LeaderAccept
1785420113624,false,1785420113670,LeaderAccept
1785420113649,false,1785420113695,LeaderAccept
1785420113674,true,1785420113721,LeaderAccept
1785420113699,false,1785420113746,LeaderAccept
1785420113726,false,1785420113773,LeaderAccept
1785420113752,false,1785420113799,LeaderAccept
1785420113779,true,1785420113825,LeaderAccept
1785420113806,false,1785420113853,LeaderAccept
1785420113833,false,1785420113880,LeaderAccept
1785420113861,true,1785420113908,LeaderAccept
1785420113889,false,1785420113937,LeaderAccept
1785420113918,true,1785420113965,LeaderAccept
1785420113947,true,1785420113993,LeaderAccept
1785420113976,false,1785420114023,LeaderAccept
1785420114005,true,1785420114052,LeaderAccept
1785420114036,true,1785420114083,LeaderAccept
1785420114066,false,1785420114113,LeaderAccept
1785420114098,false,1785420114144,LeaderAccept
1785420114128,true,1785420114176,LeaderAccept
1785420114160,true,1785420114207,LeaderAccept
1785420114192,false,1785420114239,LeaderAccept
1785420114225,true,1785420114272,LeaderAccept
1785420114259,true,1785420114306,LeaderAccept
1785420114293,true,1785420114340,LeaderAccept
1785420114328,true,1785420114375,LeaderAccept
1785420114363,false,1785420114409,LeaderAccept
1785420114399,true,1785420114446,LeaderAccept
1785420114436,false,1785420114483,LeaderAccept
1785420114473,false,1785420114520,LeaderAccept
1785420114510,true,1785420114557,LeaderAccept
1785420114548,true,1785420114595,LeaderAccept
1785420114587,false,1785420114634,LeaderAccept
1785420114627,false,1785420114674,LeaderAccept
1785420114668,false,1785420114715,LeaderAccept
1785420114710,false,1785420114757,LeaderAccept
1785420114752,true,1785420114799,LeaderAccept
1785420114795,true,1785420114842,LeaderAccept
1785420114839,true,1785420114886,LeaderAccept
1785420114883,true,1785420114930,LeaderAccept
1785420114930,true,1785420114976,LeaderAccept
1785420114976,true,1785420115022,LeaderAccept
1785420115024,true,1785420115071,LeaderAccept
1785420115074,true,1785420115121,LeaderAccept
1785420115124,false,1785420115171,LeaderAccept
1785420115175,false,1785420115222,LeaderAccept
1785420115227,false,1785420115274,LeaderAccept
1785420115282,false,1785420115329,LeaderAccept
1785420115338,true,1785420115385,LeaderAccept
1785420115395,false,1785420115443,LeaderAccept
1785420115454,false,1785420115502,LeaderAccept
1785420115515,true,1785420115562,LeaderAccept
1785420115578,false,1785420115626,LeaderAccept
1785420115643,false,1785420115690,LeaderAccept
1785420115710,false,1785420115757,LeaderAccept
1785420115779,false,1785420115826,LeaderAccept
1785420115851,false,1785420115898,LeaderAccept
1785420115925,false,1785420115972,LeaderAccept
1785420116002,true,1785420116048,LeaderAccept
1785420116082,false,1785420116129,LeaderAccept
1785420116164,false,1785420116211,LeaderAccept
1785420116250,false,1785420116297,LeaderAccept
1785420116339,true,1785420116386,LeaderAccept
1785420116432,false,1785420116480,LeaderAccept
1785420116530,true,1785420116577,LeaderAccept
1785420116634,true,1785420116681,LeaderAccept
1785420116741,false,1785420116788,LeaderAccept
1785420116856,true,1785420116903,LeaderAccept
1785420116976,false,1785420117023,LeaderAccept
1785420117104,true,1785420117151,LeaderAccept
1785420117241,true,1785420117287,LeaderAccept
1785420117387,true,1785420117434,LeaderAccept
1785420117544,false,1785420117590,LeaderAccept
1785420117714,true,1785420117761,LeaderAccept
1785420117899,true,1785420117946,LeaderAccept
1785420118101,true,1785420118148,LeaderAccept
1785420118326,false,1785420118372,LeaderAccept
1785420118577,true,1785420118623,LeaderAccept
1785420118862,true,1785420118909,LeaderAccept
1785420119189,true,1785420119236,LeaderAccept
1785420119575,false,1785420119622,LeaderAccept
1785420120043,true,1785420120090,LeaderAccept
1785420120633,true,1785420120680,LeaderAccept
1785420121426,false,1785420121473,LeaderAccept
1785420122604,false,1785420122651,LeaderAccept
1785420124725,false,,
1785420130848,true,1785420130894,LeaderAccept
1785420135973,true,1785420136019,LeaderAccept
1785420135990,true,1785420136037,LeaderAccept
1785420136008,false,1785420136054,LeaderAccept
1785420136025,false,1785420136071,LeaderAccept
1785420136042,false,1785420136088,LeaderAccept
1785420136060,false,1785420136106,LeaderAccept
1785420136077,false,1785420136124,LeaderAccept
1785420136094,true,1785420136140,LeaderAccept
1785420136113,false,1785420136159,LeaderAccept
1785420136130,true,1785420136176,LeaderAccept
1785420136149,true,1785420136195,LeaderAccept
1785420136166,false,1785420136212,LeaderAccept
1785420136185,true,1785420136230,LeaderAccept
1785420136204,true,1785420136250,LeaderAccept
1785420136223,true,1785420136269,LeaderAccept
1785420136242,false,1785420136289,LeaderAccept
1785420136262,true,1785420136308,LeaderAccept
1785420136282,false,1785420136328,LeaderAccept
1785420136302,false,1785420136349,LeaderAccept
1785420136322,false,1785420136369,LeaderAccept
1785420136342,false,1785420136388,LeaderAccept
1785420136362,true,1785420136407,LeaderAccept
1785420136382,true,1785420136428,LeaderAccept
1785420136403,true,1785420136449,LeaderAccept
1785420136424,false,1785420136469,LeaderAccept
1785420136445,true,1785420136491,LeaderAccept
1785420136466,true,1785420136512,LeaderAccept
1785420136488,false,1785420136533,LeaderAccept
1785420136510,false,1785420136555,LeaderAccept
1785420136531,false,1785420136577,LeaderAccept
1785420136554,false,1785420136600,LeaderAccept
1785420136576,false,1785420136622,LeaderAccept
1785420136599,false,1785420136645,LeaderAccept
1785420136622,true,1785420136668,LeaderAccept
1785420136644,true,1785420136690,LeaderAccept
1785420136668,true,1785420136713,LeaderAccept
1785420136690,true,1785420136736,LeaderAccept
1785420136715,true,1785420136761,LeaderAccept
1785420136738,true,1785420136784,LeaderAccept
1785420136763,false,1785420136809,LeaderAccept
1785420136788,true,1785420136834,LeaderAccept
1785420136813,false,1785420136859,LeaderAccept
1785420136838,false,1785420136885,LeaderAccept
1785420136863,true,1785420136910,LeaderAccept
1785420136889,true,1785420136936,LeaderAccept
1785420136915,false,1785420136961,LeaderAccept
1785420136942,false,1785420136989,LeaderAccept
1785420136968,false,1785420137015,LeaderAccept
1785420136996,true,1785420137042,LeaderAccept
1785420137024,true,1785420137071,LeaderAccept
1785420137052,true,1785420137098,LeaderAccept
1785420137080,true,1785420137126,LeaderAccept
1785420137108,true,1785420137155,LeaderAccept
1785420137137,true,1785420137184,LeaderAccept
1785420137167,false,1785420137214,LeaderAccept
1785420137196,true,1785420137243,LeaderAccept
1785420137227,true,1785420137273,LeaderAccept
1785420137257,false,1785420137304,LeaderAccept
1785420137288,false,1785420137335,LeaderAccept
1785420137320,true,1785420137366,LeaderAccept
1785420137352,false,1785420137399,LeaderAccept
1785420137384,true,1785420137431,LeaderAccept
1785420137418,false,1785420137465,LeaderAccept
1785420137451,true,1785420137498,LeaderAccept
1785420137485,false,1785420137532,LeaderAccept
1785420137520,true,1785420137567,LeaderAccept
1785420137555,false,1785420137602,LeaderAccept
1785420137592,true,1785420137639,LeaderAccept
1785420137629,true,1785420137676,LeaderAccept
1785420137666,false,1785420137713,LeaderAccept
1785420137704,false,1785420137751,LeaderAccept
1785420137743,false,1785420137790,LeaderAccept
1785420137783,false,1785420137830,LeaderAccept
1785420137824,true,1785420137871,LeaderAccept
1785420137865,true,1785420137912,LeaderAccept
1785420137907,true,1785420137954,LeaderAccept
1785420137950,true,1785420137996,LeaderAccept
1785420137994,false,1785420138041,LeaderAccept
1785420138038,true,1785420138085,LeaderAccept
1785420138084,true,1785420138131,LeaderAccept
1785420138131,false,1785420138177,LeaderAccept
1785420138178,true,1785420138225,LeaderAccept
1785420138227,true,1785420138273,LeaderAccept
1785420138276,true,1785420138323,LeaderAccept
1785420138328,false,1785420138373,LeaderAccept
1785420138380,false,1785420138427,LeaderAccept
1785420138434,true,1785420138481,LeaderAccept
1785420138490,true,1785420138536,LeaderAccept
1785420138547,false,1785420138594,LeaderAccept
1785420138605,false,1785420138652,LeaderAccept
1785420138665,false,1785420138712,LeaderAccept
1785420138727,true,1785420138773,LeaderAccept
1785420138791,false,1785420138837,LeaderAccept
1785420138857,false,1785420138903,LeaderAccept
1785420138924,true,1785420138971,LeaderAccept
1785420138995,true,1785420139042,LeaderAccept
1785420139068,false,1785420139114,LeaderAccept
1785420139143,true,1785420139189,LeaderAccept
1785420139221,false,1785420139268,LeaderAccept
1785420139302,false,1785420139349,LeaderAccept
1785420139386,true,1785420139433,LeaderAccept
1785420139475,false,1785420139521,LeaderAccept
1785420139567,true,1785420139613,LeaderAccept
1785420139663,false,1785420139710,LeaderAccept
1785420139763,false,1785420139810,LeaderAccept
1785420139869,true,1785420139916,LeaderAccept
1785420139982,true,1785420140029,LeaderAccept
1785420140100,true,1785420140147,LeaderAccept
1785420140226,false,1785420140273,LeaderAccept
1785420140358,false,1785420140405,LeaderAccept
1785420140501,true,1785420140548,LeaderAccept
1785420140654,true,1785420140701,LeaderAccept
1785420140819,false,1785420140866,LeaderAccept
1785420140998,false,1785420141045,LeaderAccept
1785420141193,true,1785420141240,LeaderAccept
1785420141409,false,1785420141455,LeaderAccept
1785420141649,true,1785420141695,LeaderAccept
1785420141920,false,1785420141967,LeaderAccept
1785420142229,true,1785420142276,LeaderAccept
1785420142591,false,1785420142637,LeaderAccept
1785420143023,true,1785420143070,LeaderAccept
1785420143560,false,1785420143606,LeaderAccept
1785420144260,true,1785420144307,LeaderAccept
1785420145256,true,1785420145310,LeaderAccept
1785420146890,false,1785420146945,LeaderAccept
1785420150592,true,1785420150647,LeaderAccept
1785420174156,false,1785420174211,LeaderAccept
1785420176745,false,1785420176800,LeaderAccept
1785420176761,true,1785420176816,LeaderAccept
1785420176779,false,1785420176833,LeaderAccept
1785420176795,true,1785420176850,LeaderAccept
1785420176813,false,1785420176868,LeaderAccept
1785420176830,true,1785420176885,LeaderAccept
1785420176848,false,1785420176902,LeaderAccept
1785420176866,false,1785420176921,LeaderAccept
1785420176884,false,1785420176939,LeaderAccept
1785420176902,false,1785420176957,LeaderAccept
1785420176919,true,1785420176975,LeaderAccept
1785420176938,true,1785420176993,LeaderAccept
1785420176957,true,1785420177012,LeaderAccept
1785420176976,true,1785420177030,LeaderAccept
1785420176994,true,1785420177049,LeaderAccept
1785420177014,false,1785420177068,LeaderAccept
1785420177033,false,1785420177088,LeaderAccept
1785420177052,false,1785420177107,LeaderAccept
1785420177071,false,1785420177126,LeaderAccept
1785420177091,true,1785420177146,LeaderAccept
1785420177111,false,1785420177166,LeaderAccept
1785420177130,true,1785420177185,LeaderAccept
1785420177151,false,1785420177206,LeaderAccept
1785420177172,false,1785420177228,LeaderAccept
1785420177192,false,1785420177247,LeaderAccept
1785420177213,false,1785420177267,LeaderAccept
1785420177234,false,1785420177289,LeaderAccept
1785420177254,true,1785420177309,LeaderAccept
1785420177276,false,1785420177330,LeaderAccept
1785420177298,true,1785420177352,LeaderAccept
1785420177320,false,1785420177375,LeaderAccept
1785420177342,false,1785420177396,LeaderAccept
1785420177364,false,1785420177419,LeaderAccept
1785420177387,true,1785420177441,LeaderAccept
1785420177410,true,1785420177464,LeaderAccept
1785420177433,true,1785420177488,LeaderAccept
1785420177457,false,1785420177511,LeaderAccept
1785420177480,true,1785420177534,LeaderAccept
1785420177504,true,1785420177559,LeaderAccept
1785420177529,false,1785420177584,LeaderAccept
1785420177553,true,1785420177608,LeaderAccept
1785420177578,false,1785420177633,LeaderAccept
1785420177602,false,1785420177657,LeaderAccept
1785420177628,true,1785420177683,LeaderAccept
1785420177654,true,1785420177709,LeaderAccept
1785420177679,true,1785420177734,LeaderAccept
1785420177706,false,1785420177761,LeaderAccept
1785420177733,true,1785420177787,LeaderAccept
1785420177760,false,1785420177814,LeaderAccept
1785420177787,true,1785420177841,LeaderAccept
1785420177814,false,1785420177868,LeaderAccept
1785420177843,true,1785420177897,LeaderAccept
1785420177871,false,1785420177925,LeaderAccept
1785420177900,false,1785420177954,LeaderAccept
1785420177929,true,1785420177983,LeaderAccept
1785420177957,true,1785420178012,LeaderAccept
1785420177986,false,1785420178041,LeaderAccept
1785420178017,true,1785420178071,LeaderAccept
1785420178048,true,1785420178103,LeaderAccept
1785420178079,true,1785420178134,LeaderAccept
1785420178112,true,1785420178167,LeaderAccept
1785420178145,false,1785420178200,LeaderAccept
1785420178178,false,1785420178233,LeaderAccept
1785420178211,false,1785420178265,LeaderAccept
1785420178245,true,1785420178300,LeaderAccept
1785420178280,false,1785420178334,LeaderAccept
1785420178315,false,1785420178370,LeaderAccept
1785420178350,false,1785420178405,LeaderAccept
1785420178387,true,1785420178441,LeaderAccept
1785420178423,true,1785420178478,LeaderAccept
1785420178460,true,1785420178515,LeaderAccept
1785420178499,false,1785420178554,LeaderAccept
1785420178538,true,1785420178594,LeaderAccept
1785420178577,false,1785420178633,LeaderAccept
1785420178618,true,1785420178673,LeaderAccept
1785420178659,true,1785420178714,LeaderAccept
1785420178701,true,1785420178756,LeaderAccept
1785420178724,true,1785420178779,LeaderAccept
1785420178763,false,1785420178818,LeaderAccept
1785420178803,false,1785420178858,LeaderAccept
1785420178843,false,1785420178898,LeaderAccept
1785420178884,false,1785420178939,LeaderAccept
1785420178926,false,1785420178981,LeaderAccept
1785420178969,false,1785420179023,LeaderAccept
1785420179011,true,1785420179066,LeaderAccept
1785420179056,true,1785420179110,LeaderAccept
1785420179101,true,1785420179156,LeaderAccept
1785420179147,false,1785420179201,LeaderAccept
1785420179193,true,1785420179248,LeaderAccept
1785420179242,false,1785420179296,LeaderAccept
1785420179291,true,1785420179345,LeaderAccept
1785420179341,true,1785420179395,LeaderAccept
1785420179393,false,1785420179447,LeaderAccept
1785420179446,false,1785420179500,LeaderAccept
1785420179499,true,1785420179554,LeaderAccept
1785420179555,true,1785420179610,LeaderAccept
1785420179613,false,1785420179667,LeaderAccept
1785420179672,false,1785420179726,LeaderAccept
1785420179733,true,1785420179787,LeaderAccept
1785420179796,false,1785420179850,LeaderAccept
1785420179859,false,1785420179914,LeaderAccept
1785420179926,true,1785420179981,LeaderAccept
1785420179995,false,1785420180049,LeaderAccept
1785420180066,true,1785420180121,LeaderAccept
1785420180140,true,1785420180195,LeaderAccept
1785420180217,true,1785420180272,LeaderAccept
1785420180296,true,1785420180351,LeaderAccept
1785420180378,false,1785420180433,LeaderAccept
1785420180465,false,1785420180520,LeaderAccept
1785420180554,false,1785420180610,LeaderAccept
1785420180648,true,1785420180703,LeaderAccept
1785420180745,true,1785420180800,LeaderAccept
1785420180848,false,1785420180903,LeaderAccept
1785420180957,false,1785420181011,LeaderAccept
1785420181071,true,1785420181126,LeaderAccept
1785420181192,true,1785420181247,LeaderAccept
1785420181320,true,1785420181376,LeaderAccept
1785420181458,false,1785420181513,LeaderAccept
1785420181605,false,1785420181660,LeaderAccept
1785420181762,false,1785420181817,LeaderAccept
1785420181933,false,1785420181988,LeaderAccept
1785420182119,true,1785420182174,LeaderAccept
1785420182322,true,1785420182377,LeaderAccept
1785420182548,true,1785420182603,LeaderAccept
1785420182799,false,1785420182854,LeaderAccept
1785420183085,true,1785420183140,LeaderAccept
1785420183414,true,1785420183469,LeaderAccept
1785420183802,false,,
1785420184273,false,,
1785420184868,true,1785420184923,LeaderAccept
1785420185669,false,,
1785420186863,true,1785420186918,LeaderAccept
1785420189034,true,1785420189089,LeaderAccept
1785420195456,true,1785420195511,LeaderAccept
1785420207821,false,1785420207876,LeaderAccept
1785420207838,false,1785420207892,LeaderAccept
1785420207854,true,1785420207908,LeaderAccept
1785420207870,true,1785420207925,LeaderAccept
1785420207887,false,1785420207941,LeaderAccept
1785420207903,true,1785420207958,LeaderAccept
1785420207920,false,1785420207974,LeaderAccept
1785420207937,false,1785420207991,LeaderAccept
1785420207954,true,1785420208009,LeaderAccept
1785420207972,true,1785420208026,LeaderAccept
1785420207989,false,1785420208043,LeaderAccept
1785420208006,false,1785420208060,LeaderAccept
1785420208024,false,1785420208079,LeaderAccept
1785420208042,false,1785420208096,LeaderAccept
1785420208060,false,1785420208114,LeaderAccept
1785420208077,false,1785420208131,LeaderAccept
1785420208096,false,1785420208150,LeaderAccept
1785420208114,true,1785420208168,LeaderAccept
1785420208131,false,1785420208186,LeaderAccept
1785420208149,false,1785420208204,LeaderAccept
1785420208169,false,1785420208223,LeaderAccept
1785420208188,true,1785420208242,LeaderAccept
1785420208207,true,1785420208261,LeaderAccept
1785420208226,true,1785420208280,LeaderAccept
1785420208244,true,1785420208299,LeaderAccept
1785420208264,true,1785420208318,LeaderAccept
1785420208284,false,1785420208338,LeaderAccept
1785420208305,false,1785420208359,LeaderAccept
1785420208325,false,1785420208379,LeaderAccept
1785420208345,false,1785420208400,LeaderAccept
1785420208365,false,1785420208420,LeaderAccept
1785420208387,false,1785420208441,LeaderAccept
1785420208407,true,1785420208461,LeaderAccept
1785420208429,false,1785420208484,LeaderAccept
1785420208450,false,1785420208504,LeaderAccept
1785420208472,true,1785420208526,LeaderAccept
1785420208494,true,1785420208547,LeaderAccept
1785420208516,true,1785420208570,LeaderAccept
1785420208538,false,1785420208592,LeaderAccept
1785420208561,false,1785420208615,LeaderAccept
1785420208584,true,1785420208639,LeaderAccept
1785420208608,true,1785420208662,LeaderAccept
1785420208631,false,1785420208685,LeaderAccept
1785420208655,true,1785420208709,LeaderAccept
1785420208678,true,1785420208732,LeaderAccept
1785420208703,true,1785420208758,LeaderAccept
1785420208727,true,1785420208781,LeaderAccept
1785420208752,true,1785420208805,LeaderAccept
1785420208777,true,1785420208831,LeaderAccept
1785420208802,false,1785420208856,LeaderAccept
1785420208827,false,1785420208881,LeaderAccept
1785420208854,true,1785420208907,LeaderAccept
1785420208880,false,1785420208934,LeaderAccept
1785420208907,true,1785420208961,LeaderAccept
1785420208933,false,1785420208987,LeaderAccept
1785420208960,true,1785420209015,LeaderAccept
1785420208987,true,1785420209041,LeaderAccept
1785420209016,true,1785420209070,LeaderAccept
1785420209043,false,1785420209097,LeaderAccept
1785420209072,true,1785420209126,LeaderAccept
1785420209101,true,1785420209155,LeaderAccept
1785420209131,true,1785420209185,LeaderAccept
1785420209160,true,1785420209214,LeaderAccept
1785420209191,false,1785420209245,LeaderAccept
1785420209222,true,1785420209277,LeaderAccept
1785420209253,false,1785420209307,LeaderAccept
1785420209285,true,1785420209339,LeaderAccept
1785420209317,true,1785420209372,LeaderAccept
1785420209351,true,1785420209406,LeaderAccept
1785420209384,true,1785420209438,LeaderAccept
1785420209418,true,1785420209472,LeaderAccept
1785420209453,false,1785420209508,LeaderAccept
1785420209489,false,1785420209543,LeaderAccept
1785420209525,false,1785420209580,LeaderAccept
1785420209562,false,1785420209616,LeaderAccept
1785420209599,true,1785420209653,LeaderAccept
1785420209636,false,1785420209691,LeaderAccept
1785420209675,true,1785420209729,LeaderAccept
1785420209715,true,1785420209769,LeaderAccept
1785420209755,false,1785420209810,LeaderAccept
1785420209796,false,1785420209850,LeaderAccept
1785420209837,false,1785420209891,LeaderAccept
1785420209879,true,1785420209933,LeaderAccept
1785420209922,false,1785420209976,LeaderAccept
1785420209965,false,1785420210020,LeaderAccept
1785420210010,true,1785420210065,LeaderAccept
1785420210055,false,1785420210110,LeaderAccept
1785420210103,true,1785420210157,LeaderAccept
1785420210152,false,1785420210206,LeaderAccept
1785420210201,true,1785420210256,LeaderAccept
1785420210251,false,1785420210305,LeaderAccept
1785420210303,false,1785420210357,LeaderAccept
1785420210356,true,1785420210410,LeaderAccept
1785420210410,false,1785420210464,LeaderAccept
1785420210466,false,1785420210521,LeaderAccept
1785420210524,false,1785420210578,LeaderAccept
1785420210583,false,1785420210637,LeaderAccept
1785420210643,true,1785420210698,LeaderAccept
1785420210705,false,1785420210761,LeaderAccept
1785420210770,true,1785420210824,LeaderAccept
1785420210836,true,1785420210891,LeaderAccept
1785420210905,false,1785420210960,LeaderAccept
1785420210977,true,1785420211031,LeaderAccept
1785420211051,true,1785420211105,LeaderAccept
1785420211128,true,1785420211182,LeaderAccept
1785420211206,true,1785420211260,LeaderAccept
1785420211289,false,1785420211343,LeaderAccept
1785420211374,false,1785420211429,LeaderAccept
1785420211464,true,1785420211518,LeaderAccept
1785420211558,false,1785420211613,LeaderAccept
1785420211657,true,1785420211711,LeaderAccept
1785420211761,true,1785420211815,LeaderAccept
1785420211869,true,1785420211923,LeaderAccept
1785420211983,true,1785420212036,LeaderAccept
1785420212104,true,1785420212158,LeaderAccept
1785420212233,true,1785420212287,LeaderAccept
1785420212369,false,1785420212424,LeaderAccept
1785420212515,true,1785420212570,LeaderAccept
1785420212673,true,1785420212728,LeaderAccept
1785420212843,false,1785420212898,LeaderAccept
1785420213029,true,1785420213083,LeaderAccept
1785420213233,true,1785420213287,LeaderAccept
1785420213458,true,1785420213513,LeaderAccept
1785420213711,true,1785420213766,LeaderAccept
1785420213997,false,1785420214051,LeaderAccept
1785420214327,true,1785420214382,LeaderAccept
1785420214716,false,1785420214771,LeaderAccept
1785420215186,false,1785420215241,LeaderAccept
1785420215783,true,1785420215838,LeaderAccept
1785420216587,false,1785420216642,LeaderAccept
1785420217787,true,1785420217842,LeaderAccept
1785420219972,true,1785420220026,LeaderAccept
1785420226488,true,1785420226543,LeaderAccept
1785420252867,false,1785420252921,LeaderAccept
1785420252891,true,1785420252946,LeaderAccept
1785420252915,true,1785420252969,LeaderAccept
1785420252940,true,1785420252995,LeaderAccept
1785420252966,true,1785420253020,LeaderAccept
1785420252992,false,1785420253046,LeaderAccept
1785420253017,true,1785420253071,LeaderAccept
1785420253044,true,1785420253098,LeaderAccept
1785420253070,false,1785420253124,LeaderAccept
1785420253097,false,1785420253151,LeaderAccept
1785420253124,true,1785420253179,LeaderAccept
1785420253151,false,1785420253206,LeaderAccept
1785420253180,false,1785420253234,LeaderAccept
1785420253208,true,1785420253262,LeaderAccept
1785420253237,true,1785420253291,LeaderAccept
1785420253265,true,1785420253319,LeaderAccept
1785420253294,false,1785420253348,LeaderAccept
1785420253325,true,1785420253379,LeaderAccept
1785420253355,false,1785420253409,LeaderAccept
1785420253386,false,1785420253440,LeaderAccept
1785420253417,true,1785420253472,LeaderAccept
1785420253449,false,1785420253504,LeaderAccept
1785420253482,true,1785420253536,LeaderAccept
1785420253515,true,1785420253570,LeaderAccept
1785420253549,true,1785420253604,LeaderAccept
1785420253583,true,1785420253638,LeaderAccept
1785420253618,true,1785420253673,LeaderAccept
1785420253653,false,1785420253708,LeaderAccept
1785420253689,true,1785420253743,LeaderAccept
1785420253725,true,1785420253779,LeaderAccept
1785420253762,true,1785420253816,LeaderAccept
1785420253799,false,1785420253853,LeaderAccept
1785420253837,false,1785420253891,LeaderAccept
1785420253876,true,1785420253931,LeaderAccept
1785420253915,true,1785420253970,LeaderAccept
1785420253956,true,1785420254011,LeaderAccept
1785420253997,true,1785420254052,LeaderAccept
1785420254040,true,1785420254095,LeaderAccept
1785420254083,false,1785420254137,LeaderAccept
1785420254127,true,1785420254182,LeaderAccept
1785420254172,false,1785420254227,LeaderAccept
1785420254217,true,1785420254272,LeaderAccept
1785420254264,false,1785420254318,LeaderAccept
1785420254312,true,1785420254367,LeaderAccept
1785420254361,true,1785420254415,LeaderAccept
1785420254411,true,1785420254466,LeaderAccept
1785420254463,true,1785420254517,LeaderAccept
1785420254516,false,1785420254570,LeaderAccept
1785420254569,false,1785420254624,LeaderAccept
1785420254625,true,1785420254679,LeaderAccept
1785420254681,true,1785420254736,LeaderAccept
1785420254739,true,1785420254794,LeaderAccept
1785420254800,true,1785420254854,LeaderAccept
1785420254861,true,1785420254915,LeaderAccept
1785420254926,true,1785420254979,LeaderAccept
1785420254992,true,1785420255046,LeaderAccept
1785420255060,true,1785420255115,LeaderAccept
1785420255131,true,1785420255185,LeaderAccept
1785420255203,true,1785420255258,LeaderAccept
1785420255279,false,1785420255333,LeaderAccept
1785420255357,true,1785420255412,LeaderAccept
1785420255439,true,1785420255494,LeaderAccept
1785420255524,true,1785420255579,LeaderAccept
1785420255613,true,1785420255668,LeaderAccept
1785420255706,true,1785420255761,LeaderAccept
1785420255803,false,1785420255858,LeaderAccept
1785420255905,true,1785420255960,LeaderAccept
1785420256012,true,1785420256066,LeaderAccept
1785420256125,true,1785420256180,LeaderAccept
1785420256245,false,1785420256299,LeaderAccept
1785420256372,false,1785420256426,LeaderAccept
1785420256507,true,1785420256561,LeaderAccept
1785420256651,true,1785420256706,LeaderAccept
1785420256806,true,1785420256861,LeaderAccept
1785420256974,true,1785420257029,LeaderAccept
1785420257156,true,1785420257210,LeaderAccept
1785420257356,true,1785420257411,LeaderAccept
1785420257575,false,1785420257630,LeaderAccept
1785420257820,false,1785420257875,LeaderAccept
1785420258098,false,1785420258153,LeaderAccept
1785420258417,false,1785420258472,LeaderAccept
1785420258791,false,1785420258845,LeaderAccept
1785420259240,true,1785420259295,LeaderAccept
1785420259803,true,1785420259857,LeaderAccept
1785420260547,true,1785420260602,LeaderAccept
1785420261628,false,1785420261682,LeaderAccept
1785420263480,false,1785420263535,LeaderAccept
1785420268158,false,1785420268213,LeaderAccept
