request_time,write,response_time,accept_status
1785417460291,true,1785417460358,FastAccept
1785417460366,false,1785417460433,FastAccept
1785417460443,false,1785417460528,LeaderAccept
1785417460525,false,1785417460592,FastAccept
1785417460609,true,1785417460719,LeaderAccept
1785417460698,true,1785417460786,LeaderAccept
1785417460789,false,1785417460857,FastAccept
1785417460886,true,1785417460971,LeaderAccept
1785417460987,true,1785417461072,LeaderAccept
1785417461093,true,1785417461178,LeaderAccept
1785417461206,true,1785417461290,LeaderAccept
1785417461323,true,1785417461408,LeaderAccept
1785417461448,false,1785417461533,LeaderAccept
1785417461582,true,1785417461667,LeaderAccept
1785417461724,false,1785417461809,LeaderAccept
1785417461877,false,1785417461962,LeaderAccept
1785417462042,true,1785417462127,LeaderAccept
1785417462221,false,1785417462306,LeaderAccept
1785417462417,true,1785417462502,LeaderAccept
1785417462633,true,1785417462718,LeaderAccept
1785417462872,true,1785417462957,LeaderAccept
1785417463143,false,1785417463227,LeaderAccept
1785417463452,true,1785417463536,LeaderAccept
1785417463813,false,1785417463897,LeaderAccept
1785417464245,false,1785417464330,LeaderAccept
1785417464782,false,1785417464867,LeaderAccept
1785417465484,false,1785417465569,LeaderAccept
1785417466480,false,1785417466547,FastAccept
1785417468119,false,1785417468204,LeaderAccept
1785417471833,false,1785417471918,LeaderAccept
1785417487056,false,1785417487146,LeaderAccept
1785417487082,false,1785417487170,LeaderAccept
1785417487107,false,1785417487192,LeaderAccept
1785417487134,true,1785417487219,LeaderAccept
1785417487161,true,1785417487246,LeaderAccept
1785417487188,true,1785417487273,LeaderAccept
1785417487215,false,1785417487300,LeaderAccept
1785417487243,false,1785417487327,LeaderAccept
1785417487271,false,1785417487355,LeaderAccept
1785417487299,false,1785417487383,LeaderAccept
1785417487327,true,1785417487412,LeaderAccept
1785417487355,true,1785417487440,LeaderAccept
1785417487384,true,1785417487469,LeaderAccept
1785417487414,false,1785417487498,LeaderAccept
1785417487444,false,1785417487528,LeaderAccept
1785417487475,true,1785417487560,LeaderAccept
1785417487506,true,1785417487590,LeaderAccept
1785417487537,true,1785417487621,LeaderAccept
1785417487569,true,1785417487654,LeaderAccept
1785417487602,true,1785417487687,LeaderAccept
1785417487636,true,1785417487721,LeaderAccept
1785417487670,true,1785417487755,LeaderAccept
1785417487704,true,1785417487789,LeaderAccept
1785417487739,true,1785417487824,LeaderAccept
1785417487774,true,1785417487859,LeaderAccept
1785417487810,false,1785417487895,LeaderAccept
1785417487847,true,1785417487932,LeaderAccept
1785417487885,false,1785417487970,LeaderAccept
1785417487923,false,1785417488008,LeaderAccept
1785417487962,false,1785417488047,LeaderAccept
1785417488002,false,1785417488087,LeaderAccept
1785417488043,true,1785417488127,LeaderAccept
1785417488084,false,1785417488169,LeaderAccept
1785417488126,true,1785417488211,LeaderAccept
1785417488169,true,1785417488254,LeaderAccept
1785417488213,false,1785417488297,LeaderAccept
1785417488257,true,1785417488341,LeaderAccept
1785417488302,true,1785417488386,LeaderAccept
1785417488348,false,1785417488433,LeaderAccept
1785417488395,true,1785417488480,LeaderAccept
1785417488444,true,1785417488528,LeaderAccept
1785417488494,false,1785417488579,LeaderAccept
1785417488545,true,1785417488630,LeaderAccept
1785417488597,true,1785417488682,LeaderAccept
1785417488651,false,1785417488736,LeaderAccept
1785417488706,true,1785417488792,LeaderAccept
1785417488763,true,1785417488848,LeaderAccept
1785417488822,false,1785417488907,LeaderAccept
1785417488882,false,1785417488967,LeaderAccept
1785417488943,false,1785417489029,LeaderAccept
1785417489007,true,1785417489091,LeaderAccept
1785417489072,true,1785417489156,LeaderAccept
1785417489140,true,1785417489225,LeaderAccept
1785417489210,false,1785417489295,LeaderAccept
1785417489283,true,1785417489367,LeaderAccept
1785417489358,false,1785417489443,LeaderAccept
1785417489436,false,1785417489521,LeaderAccept
1785417489517,false,1785417489603,LeaderAccept
1785417489602,false,1785417489686,LeaderAccept
1785417489690,true,1785417489775,LeaderAccept
1785417489782,true,1785417489867,LeaderAccept
1785417489878,false,1785417489963,LeaderAccept
1785417489979,true,1785417490064,LeaderAccept
1785417490086,true,1785417490171,LeaderAccept
1785417490198,false,1785417490283,LeaderAccept
1785417490317,true,1785417490403,LeaderAccept
1785417490443,false,1785417490510,FastAccept
1785417490575,true,1785417490643,FastAccept
1785417490718,false,1785417490785,FastAccept
1785417490871,true,1785417490938,FastAccept
1785417491036,true,1785417491103,FastAccept
1785417491215,true,1785417491282,FastAccept
1785417491410,false,1785417491478,FastAccept
1785417491625,true,1785417491693,FastAccept
1785417491866,true,1785417491933,FastAccept
1785417492137,true,1785417492204,FastAccept
1785417492447,true,1785417492514,FastAccept
1785417492808,true,1785417492875,FastAccept
1785417493241,false,1785417493308,FastAccept
1785417493778,false,1785417493863,LeaderAccept
1785417494480,true,1785417494565,LeaderAccept
1785417495477,false,1785417495562,LeaderAccept
1785417497117,false,1785417497201,LeaderAccept
1785417500836,true,1785417500904,FastAccept
1785417513932,true,1785417513999,FastAccept
1785417513950,false,1785417514017,FastAccept
1785417513968,false,1785417514035,FastAccept
1785417513986,true,1785417514053,FastAccept
1785417514005,true,1785417514071,FastAccept
1785417514023,true,1785417514090,FastAccept
1785417514040,false,1785417514108,FastAccept
1785417514058,false,1785417514126,FastAccept
1785417514077,false,1785417514143,FastAccept
1785417514096,true,1785417514163,FastAccept
1785417514115,true,1785417514182,FastAccept
1785417514134,false,1785417514200,FastAccept
1785417514152,false,1785417514219,FastAccept
1785417514172,false,1785417514239,FastAccept
1785417514192,true,1785417514259,FastAccept
1785417514212,true,1785417514279,FastAccept
1785417514232,false,1785417514299,FastAccept
1785417514252,true,1785417514319,FastAccept
1785417514273,false,1785417514340,FastAccept
1785417514294,true,1785417514361,FastAccept
1785417514315,false,1785417514382,FastAccept
1785417514335,true,1785417514402,FastAccept
1785417514356,false,1785417514423,FastAccept
1785417514378,false,1785417514445,FastAccept
1785417514400,true,1785417514467,FastAccept
1785417514421,true,1785417514488,FastAccept
1785417514444,true,1785417514511,FastAccept
1785417514467,true,1785417514534,FastAccept
1785417514490,false,1785417514556,FastAccept
1785417514512,true,1785417514579,FastAccept
1785417514536,false,1785417514603,FastAccept
1785417514560,true,1785417514627,FastAccept
1785417514584,true,1785417514651,FastAccept
1785417514608,true,1785417514675,FastAccept
1785417514632,true,1785417514699,FastAccept
1785417514657,false,1785417514723,FastAccept
1785417514681,false,1785417514748,FastAccept
1785417514706,true,1785417514773,FastAccept
1785417514732,false,1785417514798,FastAccept
1785417514757,true,1785417514825,FastAccept
1785417514783,true,1785417514850,FastAccept
1785417514810,true,1785417514876,FastAccept
1785417514837,false,1785417514904,FastAccept
1785417514863,false,1785417514931,FastAccept
1785417514890,true,1785417514957,FastAccept
1785417514918,true,1785417514985,FastAccept
1785417514946,true,1785417515013,FastAccept
1785417514975,false,1785417515042,FastAccept
1785417515004,true,1785417515071,FastAccept
1785417515034,false,1785417515101,FastAccept
1785417515064,false,1785417515131,FastAccept
1785417515094,false,1785417515161,FastAccept
1785417515124,true,1785417515191,FastAccept
1785417515156,true,1785417515223,FastAccept
1785417515188,false,1785417515255,FastAccept
1785417515219,false,1785417515286,FastAccept
1785417515252,true,1785417515319,FastAccept
1785417515285,false,1785417515352,FastAccept
1785417515319,true,1785417515386,FastAccept
1785417515353,true,1785417515420,FastAccept
1785417515388,false,1785417515455,FastAccept
1785417515423,true,1785417515489,FastAccept
1785417515459,false,1785417515526,FastAccept
1785417515496,true,1785417515563,FastAccept
1785417515533,false,1785417515600,FastAccept
1785417515571,false,1785417515637,FastAccept
1785417515610,true,1785417515677,FastAccept
1785417515649,false,1785417515715,FastAccept
1785417515689,true,1785417515756,FastAccept
1785417515730,true,1785417515796,FastAccept
1785417515771,false,1785417515838,FastAccept
1785417515814,true,1785417515880,FastAccept
1785417515857,true,1785417515923,FastAccept
1785417515900,false,1785417515967,FastAccept
1785417515946,true,1785417516013,FastAccept
1785417515992,false,1785417516059,FastAccept
1785417516039,false,1785417516105,FastAccept
1785417516087,true,1785417516154,FastAccept
1785417516137,false,1785417516203,FastAccept
1785417516188,false,1785417516254,FastAccept
1785417516240,true,1785417516306,FastAccept
1785417516293,true,1785417516360,FastAccept
1785417516348,false,1785417516414,FastAccept
1785417516404,true,1785417516471,FastAccept
1785417516462,true,1785417516550,LeaderAccept
1785417516521,true,1785417516606,LeaderAccept
1785417516582,true,1785417516667,LeaderAccept
1785417516646,false,1785417516730,LeaderAccept
1785417516712,false,1785417516796,LeaderAccept
1785417516779,true,1785417516863,LeaderAccept
1785417516848,true,1785417516933,LeaderAccept
1785417516920,true,1785417517005,LeaderAccept
1785417516995,false,1785417517079,LeaderAccept
1785417517073,true,1785417517158,LeaderAccept
1785417517153,false,1785417517237,LeaderAccept
1785417517237,false,1785417517322,LeaderAccept
1785417517323,false,1785417517408,LeaderAccept
1785417517414,false,1785417517499,LeaderAccept
1785417517510,false,1785417517595,LeaderAccept
1785417517610,true,1785417517695,LeaderAccept
1785417517714,false,1785417517799,LeaderAccept
1785417517824,false,1785417517909,LeaderAccept
1785417517940,false,1785417518025,LeaderAccept
1785417518064,true,1785417518148,LeaderAccept
1785417518195,false,1785417518279,LeaderAccept
1785417518335,false,1785417518419,LeaderAccept
1785417518485,true,1785417518569,LeaderAccept
1785417518647,false,1785417518732,LeaderAccept
1785417518822,true,1785417518907,LeaderAccept
1785417519013,true,1785417519098,LeaderAccept
1785417519223,false,1785417519308,LeaderAccept
1785417519457,true,1785417519542,LeaderAccept
1785417519719,true,1785417519803,LeaderAccept
1785417520017,false,1785417520085,FastAccept
1785417520364,false,1785417520431,FastAccept
1785417520776,false,1785417520843,FastAccept
1785417521282,true,1785417521370,LeaderAccept
1785417521933,false,1785417522000,FastAccept
1785417522835,false,1785417522902,FastAccept
1785417524250,false,1785417524334,LeaderAccept
1785417527118,true,1785417527202,LeaderAccept
1785417538534,true,1785417538601,FastAccept
1785417538551,true,1785417538618,FastAccept
1785417538568,false,1785417538636,FastAccept
1785417538586,true,1785417538653,FastAccept
1785417538604,false,1785417538671,FastAccept
1785417538622,true,1785417538689,FastAccept
1785417538641,true,1785417538708,FastAccept
1785417538660,false,1785417538727,FastAccept
1785417538679,false,1785417538746,FastAccept
1785417538697,false,1785417538764,FastAccept
1785417538715,false,1785417538782,FastAccept
1785417538735,true,1785417538802,FastAccept
1785417538755,false,1785417538822,FastAccept
1785417538775,true,1785417538841,FastAccept
1785417538794,false,1785417538861,FastAccept
1785417538813,true,1785417538880,FastAccept
1785417538833,true,1785417538900,FastAccept
1785417538853,true,1785417538919,FastAccept
1785417538873,false,1785417538939,FastAccept
1785417538893,true,1785417538960,FastAccept
1785417538914,true,1785417538980,FastAccept
1785417538935,false,1785417539001,FastAccept
1785417538956,true,1785417539022,FastAccept
1785417538977,true,1785417539044,FastAccept
1785417538998,true,1785417539065,FastAccept
1785417539020,true,1785417539087,FastAccept
1785417539042,false,1785417539108,FastAccept
1785417539064,false,1785417539131,FastAccept
1785417539087,false,1785417539154,FastAccept
1785417539109,false,1785417539176,FastAccept
1785417539132,false,1785417539199,FastAccept
1785417539156,true,1785417539223,FastAccept
1785417539180,true,1785417539247,FastAccept
1785417539204,false,1785417539271,FastAccept
1785417539228,false,1785417539294,FastAccept
1785417539252,false,1785417539345,LeaderAccept
1785417539277,true,1785417539372,LeaderAccept
1785417539302,true,1785417539389,LeaderAccept
1785417539327,false,1785417539415,LeaderAccept
1785417539352,false,1785417539436,LeaderAccept
1785417539378,false,1785417539462,LeaderAccept
1785417539403,true,1785417539489,LeaderAccept
1785417539429,true,1785417539514,LeaderAccept
1785417539456,true,1785417539541,LeaderAccept
1785417539483,false,1785417539568,LeaderAccept
1785417539511,true,1785417539595,LeaderAccept
1785417539538,true,1785417539623,LeaderAccept
1785417539567,true,1785417539651,LeaderAccept
1785417539595,false,1785417539680,LeaderAccept
1785417539624,false,1785417539708,LeaderAccept
1785417539653,true,1785417539737,LeaderAccept
1785417539682,false,1785417539766,LeaderAccept
1785417539712,true,1785417539797,LeaderAccept
1785417539741,true,1785417539826,LeaderAccept
1785417539773,true,1785417539857,LeaderAccept
1785417539804,false,1785417539888,LeaderAccept
1785417539836,false,1785417539921,LeaderAccept
1785417539867,true,1785417539952,LeaderAccept
1785417539901,true,1785417539985,LeaderAccept
1785417539934,false,1785417540019,LeaderAccept
1785417539968,false,1785417540053,LeaderAccept
1785417540003,true,1785417540088,LeaderAccept
1785417540037,true,1785417540122,LeaderAccept
1785417540073,false,1785417540158,LeaderAccept
1785417540110,true,1785417540196,LeaderAccept
1785417540147,false,1785417540232,LeaderAccept
1785417540185,true,1785417540269,LeaderAccept
1785417540223,true,1785417540307,LeaderAccept
1785417540262,true,1785417540346,LeaderAccept
1785417540301,false,1785417540386,LeaderAccept
1785417540342,false,1785417540426,LeaderAccept
1785417540382,true,1785417540467,LeaderAccept
1785417540424,false,1785417540509,LeaderAccept
1785417540467,false,1785417540552,LeaderAccept
1785417540510,true,1785417540595,LeaderAccept
1785417540556,false,1785417540641,LeaderAccept
1785417540602,false,1785417540687,LeaderAccept
1785417540649,false,1785417540734,LeaderAccept
1785417540697,true,1785417540782,LeaderAccept
1785417540745,false,1785417540831,LeaderAccept
1785417540796,false,1785417540880,LeaderAccept
1785417540848,true,1785417540932,LeaderAccept
1785417540901,false,1785417540985,LeaderAccept
1785417540955,false,1785417541039,LeaderAccept
1785417541011,true,1785417541095,LeaderAccept
1785417541068,true,1785417541152,LeaderAccept
1785417541127,true,1785417541212,LeaderAccept
1785417541187,false,1785417541272,LeaderAccept
1785417541250,true,1785417541335,LeaderAccept
1785417541315,false,1785417541400,LeaderAccept
1785417541382,true,1785417541467,LeaderAccept
1785417541450,true,1785417541535,LeaderAccept
1785417541522,false,1785417541607,LeaderAccept
1785417541596,false,1785417541680,LeaderAccept
1785417541672,true,1785417541757,LeaderAccept
1785417541752,false,1785417541837,LeaderAccept
1785417541835,false,1785417541920,LeaderAccept
1785417541921,true,1785417542006,LeaderAccept
1785417542011,false,1785417542095,LeaderAccept
1785417542105,true,1785417542190,LeaderAccept
1785417542203,false,1785417542287,LeaderAccept
1785417542305,false,1785417542390,LeaderAccept
1785417542414,false,1785417542499,LeaderAccept
1785417542529,true,1785417542614,LeaderAccept
1785417542650,false,1785417542734,LeaderAccept
1785417542778,false,1785417542862,LeaderAccept
1785417542915,true,1785417542999,LeaderAccept
1785417543061,false,1785417543146,LeaderAccept
1785417543219,true,1785417543304,LeaderAccept
1785417543390,false,1785417543475,LeaderAccept
1785417543576,true,1785417543661,LeaderAccept
1785417543780,true,1785417543865,LeaderAccept
1785417544005,true,1785417544090,LeaderAccept
1785417544256,false,1785417544341,LeaderAccept
1785417544541,false,1785417544627,LeaderAccept
1785417544871,false,1785417544937,FastAccept
1785417545258,true,1785417545324,FastAccept
1785417545728,false,1785417545795,FastAccept
1785417546323,false,1785417546407,LeaderAccept
1785417547122,false,1785417547207,LeaderAccept
1785417548314,true,1785417548399,LeaderAccept
1785417550476,false,1785417550543,FastAccept
1785417554285,false,1785417554352,FastAccept
1785417554300,true,1785417554367,FastAccept
1785417554316,true,1785417554382,FastAccept
1785417554331,true,1785417554398,FastAccept
1785417554347,false,1785417554413,FastAccept
1785417554363,false,1785417554430,FastAccept
1785417554379,false,1785417554445,FastAccept
1785417554395,false,1785417554462,FastAccept
1785417554410,false,1785417554477,FastAccept
1785417554427,true,1785417554493,FastAccept
1785417554443,false,1785417554509,FastAccept
1785417554459,false,1785417554526,FastAccept
1785417554476,false,1785417554543,FastAccept
1785417554492,true,1785417554559,FastAccept
1785417554508,true,1785417554575,FastAccept
1785417554526,true,1785417554592,FastAccept
1785417554543,true,1785417554609,FastAccept
1785417554559,false,1785417554626,FastAccept
1785417554577,true,1785417554644,FastAccept
1785417554594,true,1785417554661,FastAccept
1785417554611,true,1785417554678,FastAccept
1785417554629,false,1785417554696,FastAccept
1785417554647,false,1785417554744,SlowAccept
1785417554664,false,1785417554762,SlowAccept
1785417554683,true,1785417554773,LeaderAccept
1785417554702,true,1785417554789,LeaderAccept
1785417554721,false,1785417554806,LeaderAccept
1785417554739,false,1785417554824,LeaderAccept
1785417554758,true,1785417554843,LeaderAccept
1785417554777,true,1785417554862,LeaderAccept
1785417554797,true,1785417554885,LeaderAccept
1785417554817,true,1785417554905,LeaderAccept
1785417554837,false,1785417554922,LeaderAccept
1785417554857,true,1785417554941,LeaderAccept
1785417554877,false,1785417554961,LeaderAccept
1785417554896,false,1785417554981,LeaderAccept
1785417554917,true,1785417555002,LeaderAccept
1785417554938,false,1785417555022,LeaderAccept
1785417554959,false,1785417555044,LeaderAccept
1785417554980,false,1785417555065,LeaderAccept
1785417555001,true,1785417555087,LeaderAccept
1785417555022,true,1785417555107,LeaderAccept
1785417555044,false,1785417555128,LeaderAccept
1785417555065,false,1785417555150,LeaderAccept
1785417555086,true,1785417555171,LeaderAccept
1785417555109,false,1785417555194,LeaderAccept
1785417555131,false,1785417555215,LeaderAccept
1785417555153,true,1785417555238,LeaderAccept
1785417555175,true,1785417555260,LeaderAccept
1785417555199,false,1785417555284,LeaderAccept
1785417555223,true,1785417555307,LeaderAccept
1785417555245,true,1785417555330,LeaderAccept
1785417555270,false,1785417555354,LeaderAccept
1785417555295,false,1785417555380,LeaderAccept
1785417555320,true,1785417555405,LeaderAccept
1785417555345,true,1785417555430,LeaderAccept
1785417555369,false,1785417555454,LeaderAccept
1785417555395,true,1785417555479,LeaderAccept
1785417555420,false,1785417555505,LeaderAccept
1785417555447,false,1785417555532,LeaderAccept
1785417555474,false,1785417555558,LeaderAccept
1785417555501,false,1785417555585,LeaderAccept
1785417555528,true,1785417555612,LeaderAccept
1785417555556,true,1785417555640,LeaderAccept
1785417555584,true,1785417555669,LeaderAccept
1785417555612,false,1785417555696,LeaderAccept
1785417555639,true,1785417555724,LeaderAccept
1785417555668,true,1785417555753,LeaderAccept
1785417555697,true,1785417555782,LeaderAccept
1785417555726,true,1785417555811,LeaderAccept
1785417555757,false,1785417555842,LeaderAccept
1785417555787,true,1785417555872,LeaderAccept
1785417555819,true,1785417555903,LeaderAccept
1785417555850,true,1785417555934,LeaderAccept
1785417555882,false,1785417555966,LeaderAccept
1785417555914,true,1785417555999,LeaderAccept
1785417555948,false,1785417556032,LeaderAccept
1785417555980,false,1785417556065,LeaderAccept
1785417556014,true,1785417556099,LeaderAccept
1785417556048,true,1785417556133,LeaderAccept
1785417556083,false,1785417556168,LeaderAccept
1785417556119,false,1785417556204,LeaderAccept
1785417556156,true,1785417556241,LeaderAccept
1785417556194,true,1785417556278,LeaderAccept
1785417556232,false,1785417556317,LeaderAccept
1785417556271,false,1785417556356,LeaderAccept
1785417556310,true,1785417556395,LeaderAccept
1785417556351,true,1785417556435,LeaderAccept
1785417556391,true,1785417556476,LeaderAccept
1785417556433,false,1785417556517,LeaderAccept
1785417556475,true,1785417556560,LeaderAccept
1785417556517,false,1785417556602,LeaderAccept
1785417556562,false,1785417556647,LeaderAccept
1785417556607,false,1785417556691,LeaderAccept
1785417556653,true,1785417556738,LeaderAccept
1785417556700,true,1785417556784,LeaderAccept
1785417556748,true,1785417556832,LeaderAccept
1785417556797,true,1785417556882,LeaderAccept
1785417556847,false,1785417556931,LeaderAccept
1785417556899,true,1785417556984,LeaderAccept
1785417556952,true,1785417557037,LeaderAccept
1785417557007,true,1785417557092,LeaderAccept
1785417557064,true,1785417557149,LeaderAccept
1785417557122,false,1785417557206,LeaderAccept
1785417557181,false,1785417557265,LeaderAccept
1785417557241,false,1785417557326,LeaderAccept
1785417557305,false,1785417557389,LeaderAccept
1785417557369,false,1785417557455,LeaderAccept
1785417557437,true,1785417557521,LeaderAccept
1785417557506,true,1785417557591,LeaderAccept
1785417557578,true,1785417557662,LeaderAccept
1785417557652,true,1785417557737,LeaderAccept
1785417557729,false,1785417557814,LeaderAccept
1785417557809,true,1785417557893,LeaderAccept
1785417557892,false,1785417557977,LeaderAccept
1785417557979,false,1785417558063,LeaderAccept
1785417558069,true,1785417558153,LeaderAccept
1785417558164,true,1785417558249,LeaderAccept
1785417558263,false,1785417558347,LeaderAccept
1785417558367,false,1785417558452,LeaderAccept
1785417558477,false,1785417558561,LeaderAccept
1785417558593,false,1785417558677,LeaderAccept
1785417558714,true,1785417558799,LeaderAccept
1785417558845,true,1785417558930,LeaderAccept
1785417558984,true,1785417559069,LeaderAccept
1785417559133,false,1785417559217,LeaderAccept
1785417559293,true,1785417559378,LeaderAccept
1785417559467,false,1785417559552,LeaderAccept
1785417559656,false,1785417559742,LeaderAccept
1785417559865,true,1785417559950,LeaderAccept
1785417560096,false,1785417560181,LeaderAccept
1785417560355,true,1785417560440,LeaderAccept
1785417560650,false,1785417560735,LeaderAccept
1785417560991,true,1785417561075,LeaderAccept
1785417561395,false,1785417561480,LeaderAccept
1785417561890,true,1785417561974,LeaderAccept
1785417562522,true,1785417562606,LeaderAccept
1785417563389,true,1785417563474,LeaderAccept
1785417564727,true,1785417564811,LeaderAccept
1785417567336,true,1785417567403,FastAccept
1785417568145,true,1785417568212,FastAccept
1785417568166,false,1785417568232,FastAccept
1785417568186,true,1785417568252,FastAccept
1785417568207,true,1785417568274,FastAccept
1785417568228,false,1785417568295,FastAccept
1785417568248,true,1785417568315,FastAccept
1785417568270,true,1785417568336,FastAccept
1785417568291,false,1785417568357,FastAccept
1785417568313,false,1785417568410,SlowAccept
1785417568335,false,1785417568433,SlowAccept
1785417568358,true,1785417568447,LeaderAccept
1785417568381,true,1785417568469,LeaderAccept
1785417568404,false,1785417568488,LeaderAccept
1785417568426,false,1785417568511,LeaderAccept
1785417568450,true,1785417568534,LeaderAccept
1785417568474,true,1785417568558,LeaderAccept
1785417568498,false,1785417568582,LeaderAccept
1785417568522,false,1785417568607,LeaderAccept
1785417568547,true,1785417568632,LeaderAccept
1785417568572,false,1785417568656,LeaderAccept
1785417568597,false,1785417568681,LeaderAccept
1785417568622,false,1785417568706,LeaderAccept
1785417568648,true,1785417568733,LeaderAccept
1785417568674,false,1785417568759,LeaderAccept
1785417568701,false,1785417568785,LeaderAccept
1785417568727,false,1785417568811,LeaderAccept
1785417568754,true,1785417568838,LeaderAccept
1785417568781,false,1785417568865,LeaderAccept
1785417568809,false,1785417568894,LeaderAccept
1785417568836,false,1785417568921,LeaderAccept
1785417568865,false,1785417568949,LeaderAccept
1785417568894,true,1785417568978,LeaderAccept
1785417568922,false,1785417569007,LeaderAccept
1785417568952,false,1785417569036,LeaderAccept
1785417568982,false,1785417569066,LeaderAccept
1785417569011,true,1785417569096,LeaderAccept
1785417569042,true,1785417569126,LeaderAccept
1785417569073,true,1785417569158,LeaderAccept
1785417569105,true,1785417569190,LeaderAccept
1785417569138,false,1785417569223,LeaderAccept
1785417569171,true,1785417569255,LeaderAccept
1785417569204,false,1785417569288,LeaderAccept
1785417569238,false,1785417569323,LeaderAccept
1785417569272,true,1785417569357,LeaderAccept
1785417569308,false,1785417569392,LeaderAccept
1785417569343,true,1785417569427,LeaderAccept
1785417569379,false,1785417569464,LeaderAccept
1785417569416,false,1785417569500,LeaderAccept
1785417569453,true,1785417569538,LeaderAccept
1785417569491,false,1785417569575,LeaderAccept
1785417569530,false,1785417569614,LeaderAccept
1785417569570,true,1785417569655,LeaderAccept
1785417569610,true,1785417569695,LeaderAccept
1785417569652,true,1785417569736,LeaderAccept
1785417569694,false,1785417569779,LeaderAccept
1785417569736,false,1785417569821,LeaderAccept
1785417569780,true,1785417569865,LeaderAccept
1785417569825,false,1785417569910,LeaderAccept
1785417569871,true,1785417569956,LeaderAccept
1785417569917,true,1785417570002,LeaderAccept
1785417569965,false,1785417570050,LeaderAccept
1785417570014,true,1785417570099,LeaderAccept
1785417570065,false,1785417570150,LeaderAccept
1785417570117,false,1785417570201,LeaderAccept
1785417570170,true,1785417570254,LeaderAccept
1785417570224,true,1785417570308,LeaderAccept
1785417570279,false,1785417570363,LeaderAccept
1785417570335,true,1785417570420,LeaderAccept
1785417570394,false,1785417570478,LeaderAccept
1785417570454,false,1785417570539,LeaderAccept
1785417570517,false,1785417570602,LeaderAccept
1785417570582,false,1785417570667,LeaderAccept
1785417570647,false,1785417570732,LeaderAccept
1785417570716,true,1785417570801,LeaderAccept
1785417570787,false,1785417570872,LeaderAccept
1785417570861,true,1785417570946,LeaderAccept
1785417570937,true,1785417571022,LeaderAccept
1785417571015,true,1785417571100,LeaderAccept
1785417571097,false,1785417571182,LeaderAccept
1785417571182,false,1785417571267,LeaderAccept
1785417571272,false,1785417571356,LeaderAccept
1785417571365,true,1785417571449,LeaderAccept
1785417571462,false,1785417571546,LeaderAccept
1785417571564,true,1785417571649,LeaderAccept
1785417571672,false,1785417571756,LeaderAccept
1785417571785,false,1785417571870,LeaderAccept
1785417571906,true,1785417571991,LeaderAccept
1785417572034,true,1785417572120,LeaderAccept
1785417572170,false,1785417572254,LeaderAccept
1785417572315,false,1785417572399,LeaderAccept
1785417572471,true,1785417572555,LeaderAccept
1785417572639,false,1785417572723,LeaderAccept
1785417572822,true,1785417572906,LeaderAccept
1785417573023,true,1785417573108,LeaderAccept
1785417573245,false,1785417573329,LeaderAccept
1785417573493,true,1785417573578,LeaderAccept
1785417573773,true,1785417573858,LeaderAccept
1785417574096,true,1785417574180,LeaderAccept
1785417574474,true,1785417574558,LeaderAccept
1785417574931,true,1785417575016,LeaderAccept
1785417575504,true,1785417575571,FastAccept
1785417576269,true,1785417576336,FastAccept
1785417577389,false,1785417577456,FastAccept
1785417579348,false,1785417579415,FastAccept
1785417582513,false,1785417582580,FastAccept
1785417582535,true,1785417582602,FastAccept
1785417582558,true,1785417582625,FastAccept
1785417582580,true,1785417582647,FastAccept
1785417582603,true,1785417582670,FastAccept
1785417582627,true,1785417582694,FastAccept
1785417582651,true,1785417582718,FastAccept
1785417582675,true,1785417582742,FastAccept
1785417582699,true,1785417582766,FastAccept
1785417582724,true,1785417582791,FastAccept
1785417582748,true,1785417582816,FastAccept
1785417582773,true,1785417582839,FastAccept
1785417582797,false,1785417582865,FastAccept
1785417582823,true,1785417582890,FastAccept
1785417582849,true,1785417582916,FastAccept
1785417582875,false,1785417582943,FastAccept
1785417582901,true,1785417582968,FastAccept
1785417582928,true,1785417582995,FastAccept
1785417582955,false,1785417583022,FastAccept
1785417582983,false,1785417583050,FastAccept
1785417583011,true,1785417583078,FastAccept
1785417583039,false,1785417583106,FastAccept
1785417583067,false,1785417583135,FastAccept
1785417583096,true,1785417583163,FastAccept
1785417583125,false,1785417583192,FastAccept
1785417583155,false,1785417583222,FastAccept
1785417583185,true,1785417583252,FastAccept
1785417583216,true,1785417583282,FastAccept
1785417583247,false,1785417583314,FastAccept
1785417583278,false,1785417583345,FastAccept
1785417583310,true,1785417583377,FastAccept
1785417583343,true,1785417583410,FastAccept
1785417583376,false,1785417583443,FastAccept
1785417583410,true,1785417583476,FastAccept
1785417583444,true,1785417583511,FastAccept
1785417583479,true,1785417583545,FastAccept
1785417583514,true,1785417583581,FastAccept
1785417583549,false,1785417583616,FastAccept
1785417583586,false,1785417583653,FastAccept
1785417583622,true,1785417583689,FastAccept
1785417583660,false,1785417583727,FastAccept
1785417583699,true,1785417583766,FastAccept
1785417583739,true,1785417583806,FastAccept
1785417583779,true,1785417583846,FastAccept
1785417583819,true,1785417583886,FastAccept
1785417583861,false,1785417583928,FastAccept
1785417583904,false,1785417583970,FastAccept
1785417583947,false,1785417584014,FastAccept
1785417583991,true,1785417584058,FastAccept
1785417584035,false,1785417584102,FastAccept
1785417584082,true,1785417584148,FastAccept
1785417584129,false,1785417584196,FastAccept
1785417584177,true,1785417584244,FastAccept
1785417584226,true,1785417584293,FastAccept
1785417584277,true,1785417584344,FastAccept
1785417584329,false,1785417584396,FastAccept
1785417584382,true,1785417584449,FastAccept
1785417584437,false,1785417584504,FastAccept
1785417584493,true,1785417584561,FastAccept
1785417584551,true,1785417584618,FastAccept
1785417584610,false,1785417584708,SlowAccept
1785417584671,true,1785417584756,LeaderAccept
1785417584734,false,1785417584818,LeaderAccept
1785417584799,true,1785417584884,LeaderAccept
1785417584866,true,1785417584951,LeaderAccept
1785417584936,true,1785417585021,LeaderAccept
1785417585008,false,1785417585093,LeaderAccept
1785417585083,true,1785417585168,LeaderAccept
1785417585161,true,1785417585245,LeaderAccept
1785417585242,false,1785417585326,LeaderAccept
1785417585324,true,1785417585409,LeaderAccept
1785417585411,true,1785417585496,LeaderAccept
1785417585502,true,1785417585587,LeaderAccept
1785417585597,true,1785417585681,LeaderAccept
1785417585696,false,1785417585780,LeaderAccept
1785417585799,true,1785417585883,LeaderAccept
1785417585909,false,1785417585993,LeaderAccept
1785417586024,false,1785417586109,LeaderAccept
1785417586147,false,1785417586231,LeaderAccept
1785417586278,true,1785417586362,LeaderAccept
1785417586417,false,1785417586501,LeaderAccept
1785417586566,true,1785417586650,LeaderAccept
1785417586726,false,1785417586811,LeaderAccept
1785417586900,true,1785417586983,LeaderAccept
1785417587089,true,1785417587174,LeaderAccept
1785417587296,false,1785417587381,LeaderAccept
1785417587527,false,1785417587612,LeaderAccept
1785417587786,true,1785417587870,LeaderAccept
1785417588080,true,1785417588164,LeaderAccept
1785417588421,false,1785417588506,LeaderAccept
1785417588825,true,1785417588910,LeaderAccept
1785417589319,false,1785417589403,LeaderAccept
1785417589950,false,1785417590035,LeaderAccept
1785417590816,false,1785417590883,FastAccept
1785417592151,true,1785417592218,FastAccept
1785417594751,true,1785417594836,LeaderAccept
1785417602145,false,1785417602212,FastAccept
1785417602179,true,1785417602245,FastAccept
1785417602212,true,1785417602279,FastAccept
1785417602246,false,1785417602313,FastAccept
1785417602282,false,1785417602348,FastAccept
1785417602318,true,1785417602385,FastAccept
1785417602355,false,1785417602422,FastAccept
1785417602392,true,1785417602458,FastAccept
1785417602430,false,1785417602519,LeaderAccept
1785417602469,false,1785417602557,LeaderAccept
1785417602508,true,1785417602597,LeaderAccept
1785417602548,true,1785417602637,LeaderAccept
1785417602589,false,1785417602673,LeaderAccept
1785417602631,true,1785417602715,LeaderAccept
1785417602674,false,1785417602758,LeaderAccept
1785417602717,true,1785417602801,LeaderAccept
1785417602760,true,1785417602845,LeaderAccept
1785417602805,false,1785417602890,LeaderAccept
1785417602852,true,1785417602937,LeaderAccept
1785417602899,false,1785417602984,LeaderAccept
1785417602948,true,1785417603033,LeaderAccept
1785417602998,false,1785417603083,LeaderAccept
1785417603050,true,1785417603135,LeaderAccept
1785417603101,true,1785417603186,LeaderAccept
1785417603155,false,1785417603240,LeaderAccept
1785417603210,true,1785417603295,LeaderAccept
1785417603267,false,1785417603351,LeaderAccept
1785417603325,false,1785417603410,LeaderAccept
1785417603386,false,1785417603471,LeaderAccept
1785417603448,false,1785417603533,LeaderAccept
1785417603512,true,1785417603597,LeaderAccept
1785417603577,true,1785417603662,LeaderAccept
1785417603645,false,1785417603731,LeaderAccept
1785417603716,false,1785417603801,LeaderAccept
1785417603789,true,1785417603874,LeaderAccept
1785417603865,false,1785417603950,LeaderAccept
1785417603942,true,1785417604027,LeaderAccept
1785417604024,true,1785417604109,LeaderAccept
1785417604108,true,1785417604194,LeaderAccept
1785417604197,true,1785417604283,LeaderAccept
1785417604290,true,1785417604374,LeaderAccept
1785417604386,true,1785417604471,LeaderAccept
1785417604487,true,1785417604572,LeaderAccept
1785417604593,true,1785417604678,LeaderAccept
1785417604704,true,1785417604789,LeaderAccept
1785417604823,true,1785417604908,LeaderAccept
1785417604948,false,1785417605033,LeaderAccept
1785417605081,false,1785417605166,LeaderAccept
1785417605222,false,1785417605289,FastAccept
1785417605375,true,1785417605442,FastAccept
1785417605540,false,1785417605607,FastAccept
1785417605719,false,1785417605786,FastAccept
1785417605915,true,1785417605982,FastAccept
1785417606130,true,1785417606197,FastAccept
1785417606369,true,1785417606436,FastAccept
1785417606640,false,1785417606725,LeaderAccept
1785417606949,false,1785417607033,LeaderAccept
1785417607309,false,1785417607394,LeaderAccept
1785417607741,false,1785417607826,LeaderAccept
1785417608276,true,1785417608362,LeaderAccept
1785417608976,false,1785417609062,LeaderAccept
1785417609968,false,1785417610054,LeaderAccept
1785417611596,false,1785417611681,LeaderAccept
1785417615267,true,1785417615353,LeaderAccept
1785417635687,true,1785417635754,FastAccept
1785417635705,false,1785417635772,FastAccept
1785417635725,false,1785417635791,FastAccept
1785417635744,false,1785417635811,FastAccept
1785417635764,false,1785417635870,LeaderAccept
1785417635783,true,1785417635850,FastAccept
1785417635804,true,1785417635897,LeaderAccept
1785417635824,false,1785417635913,LeaderAccept
1785417635844,false,1785417635933,LeaderAccept
1785417635865,true,1785417635951,LeaderAccept
1785417635886,false,1785417635974,LeaderAccept
1785417635907,false,1785417635993,LeaderAccept
1785417635929,true,1785417636015,LeaderAccept
1785417635951,true,1785417636037,LeaderAccept
1785417635973,true,1785417636059,LeaderAccept
1785417635995,true,1785417636081,LeaderAccept
1785417636017,true,1785417636103,LeaderAccept
1785417636040,false,1785417636126,LeaderAccept
1785417636063,true,1785417636149,LeaderAccept
1785417636086,false,1785417636172,LeaderAccept
1785417636108,true,1785417636194,LeaderAccept
1785417636132,true,1785417636218,LeaderAccept
1785417636156,false,1785417636242,LeaderAccept
1785417636179,false,1785417636265,LeaderAccept
1785417636204,false,1785417636290,LeaderAccept
1785417636228,false,1785417636314,LeaderAccept
1785417636252,false,1785417636338,LeaderAccept
1785417636278,true,1785417636364,LeaderAccept
1785417636302,true,1785417636388,LeaderAccept
1785417636328,true,1785417636414,LeaderAccept
1785417636353,true,1785417636439,LeaderAccept
1785417636380,false,1785417636465,LeaderAccept
1785417636406,true,1785417636492,LeaderAccept
1785417636434,false,1785417636520,LeaderAccept
1785417636462,false,1785417636548,LeaderAccept
1785417636490,true,1785417636575,LeaderAccept
1785417636517,false,1785417636604,LeaderAccept
1785417636546,true,1785417636631,LeaderAccept
1785417636575,true,1785417636661,LeaderAccept
1785417636605,true,1785417636691,LeaderAccept
1785417636635,true,1785417636721,LeaderAccept
1785417636665,false,1785417636751,LeaderAccept
1785417636696,false,1785417636782,LeaderAccept
1785417636727,true,1785417636813,LeaderAccept
1785417636759,false,1785417636845,LeaderAccept
1785417636792,true,1785417636878,LeaderAccept
1785417636825,false,1785417636911,LeaderAccept
1785417636858,false,1785417636944,LeaderAccept
1785417636892,false,1785417636978,LeaderAccept
1785417636926,true,1785417637012,LeaderAccept
1785417636960,true,1785417637046,LeaderAccept
1785417636996,false,1785417637082,LeaderAccept
1785417637032,true,1785417637118,LeaderAccept
1785417637068,false,1785417637154,LeaderAccept
1785417637106,true,1785417637192,LeaderAccept
1785417637144,true,1785417637230,LeaderAccept
1785417637182,false,1785417637268,LeaderAccept
1785417637221,false,1785417637306,LeaderAccept
1785417637261,true,1785417637347,LeaderAccept
1785417637302,true,1785417637388,LeaderAccept
1785417637343,false,1785417637429,LeaderAccept
1785417637386,true,1785417637472,LeaderAccept
1785417637429,false,1785417637514,LeaderAccept
1785417637472,false,1785417637558,LeaderAccept
1785417637518,false,1785417637603,LeaderAccept
1785417637563,false,1785417637649,LeaderAccept
1785417637611,true,1785417637697,LeaderAccept
1785417637659,true,1785417637745,LeaderAccept
1785417637709,true,1785417637795,LeaderAccept
1785417637759,false,1785417637845,LeaderAccept
1785417637812,true,1785417637898,LeaderAccept
1785417637865,true,1785417637951,LeaderAccept
1785417637920,false,1785417638006,LeaderAccept
1785417637977,false,1785417638063,LeaderAccept
1785417638035,false,1785417638121,LeaderAccept
1785417638093,false,1785417638179,LeaderAccept
1785417638155,false,1785417638241,LeaderAccept
1785417638217,true,1785417638303,LeaderAccept
1785417638283,false,1785417638369,LeaderAccept
1785417638350,true,1785417638435,LeaderAccept
1785417638420,false,1785417638507,LeaderAccept
1785417638492,true,1785417638578,LeaderAccept
1785417638566,true,1785417638653,LeaderAccept
1785417638644,true,1785417638730,LeaderAccept
1785417638724,true,1785417638810,LeaderAccept
1785417638807,true,1785417638893,LeaderAccept
1785417638895,true,1785417638980,LeaderAccept
1785417638986,true,1785417639072,LeaderAccept
1785417639081,false,1785417639167,LeaderAccept
1785417639181,false,1785417639267,LeaderAccept
1785417639286,true,1785417639372,LeaderAccept
1785417639397,false,1785417639483,LeaderAccept
1785417639514,false,1785417639600,LeaderAccept
1785417639637,true,1785417639723,LeaderAccept
1785417639769,false,1785417639855,LeaderAccept
1785417639909,false,1785417639995,LeaderAccept
1785417640059,true,1785417640145,LeaderAccept
1785417640221,false,1785417640308,LeaderAccept
1785417640397,true,1785417640483,LeaderAccept
1785417640589,false,1785417640656,FastAccept
1785417640799,false,1785417640866,FastAccept
1785417641033,false,1785417641100,FastAccept
1785417641295,true,1785417641381,LeaderAccept
1785417641593,true,1785417641660,FastAccept
1785417641941,false,1785417642008,FastAccept
1785417642354,false,1785417642421,FastAccept
1785417642862,false,1785417642929,FastAccept
1785417643516,false,1785417643583,FastAccept
1785417644422,true,1785417644508,LeaderAccept
1785417645846,false,1785417645932,LeaderAccept
1785417648747,false,1785417648814,FastAccept
1785417661119,true,1785417661186,FastAccept
1785417663864,true,1785417663950,LeaderAccept
1785417663896,false,1785417663983,LeaderAccept
1785417663929,false,1785417664016,LeaderAccept
1785417663961,true,1785417664047,LeaderAccept
1785417663996,false,1785417664082,LeaderAccept
1785417664031,true,1785417664117,LeaderAccept
1785417664065,false,1785417664151,LeaderAccept
1785417664101,false,1785417664187,LeaderAccept
1785417664138,false,1785417664224,LeaderAccept
1785417664175,false,1785417664261,LeaderAccept
1785417664212,true,1785417664298,LeaderAccept
1785417664251,true,1785417664337,LeaderAccept
1785417664291,true,1785417664376,LeaderAccept
1785417664331,false,1785417664417,LeaderAccept
1785417664372,false,1785417664457,LeaderAccept
1785417664413,true,1785417664498,LeaderAccept
1785417664455,false,1785417664541,LeaderAccept
1785417664498,false,1785417664584,LeaderAccept
1785417664542,false,1785417664629,LeaderAccept
1785417664587,false,1785417664673,LeaderAccept
1785417664633,false,1785417664719,LeaderAccept
1785417664680,true,1785417664766,LeaderAccept
1785417664728,false,1785417664815,LeaderAccept
1785417664778,true,1785417664864,LeaderAccept
1785417664828,true,1785417664914,LeaderAccept
1785417664879,false,1785417664965,LeaderAccept
1785417664933,true,1785417665019,LeaderAccept
1785417664987,true,1785417665073,LeaderAccept
1785417665042,true,1785417665128,LeaderAccept
1785417665100,false,1785417665187,LeaderAccept
1785417665159,true,1785417665245,LeaderAccept
1785417665220,true,1785417665306,LeaderAccept
1785417665282,false,1785417665368,LeaderAccept
1785417665347,true,1785417665432,LeaderAccept
1785417665412,false,1785417665499,LeaderAccept
1785417665482,false,1785417665568,LeaderAccept
1785417665553,false,1785417665639,LeaderAccept
1785417665627,true,1785417665714,LeaderAccept
1785417665703,true,1785417665789,LeaderAccept
1785417665783,true,1785417665870,LeaderAccept
1785417665866,true,1785417665952,LeaderAccept
1785417665952,true,1785417666038,LeaderAccept
1785417666042,true,1785417666128,LeaderAccept
1785417666136,false,1785417666222,LeaderAccept
1785417666234,true,1785417666321,LeaderAccept
1785417666338,false,1785417666425,LeaderAccept
1785417666447,true,1785417666534,LeaderAccept
1785417666562,false,1785417666648,LeaderAccept
1785417666683,false,1785417666769,LeaderAccept
1785417666812,false,1785417666899,LeaderAccept
1785417666950,false,1785417667037,LeaderAccept
1785417667097,true,1785417667184,LeaderAccept
1785417667255,false,1785417667341,LeaderAccept
1785417667426,false,1785417667527,LeaderAccept
1785417667612,false,1785417667679,FastAccept
1785417667817,false,1785417667883,FastAccept
1785417668043,true,1785417668110,FastAccept
1785417668295,false,1785417668362,FastAccept
1785417668583,false,1785417668650,FastAccept
1785417668914,true,1785417668981,FastAccept
1785417669305,false,1785417669372,FastAccept
1785417669779,false,1785417669846,FastAccept
1785417670381,false,1785417670449,FastAccept
1785417671193,true,1785417671281,LeaderAccept
1785417672411,false,1785417672478,FastAccept
1785417674648,false,1785417674715,FastAccept
1785417681497,false,1785417681583,LeaderAccept
1785417681776,false,1785417681862,LeaderAccept
1785417681786,false,1785417681872,LeaderAccept
1785417681804,true,1785417681890,LeaderAccept
1785417681823,true,1785417681909,LeaderAccept
1785417681841,true,1785417681927,LeaderAccept
1785417681860,true,1785417681947,LeaderAccept
1785417681879,false,1785417681964,LeaderAccept
1785417681898,false,1785417681984,LeaderAccept
1785417681918,false,1785417682003,LeaderAccept
1785417681937,false,1785417682023,LeaderAccept
1785417681957,false,1785417682043,LeaderAccept
1785417681977,false,1785417682062,LeaderAccept
1785417681996,false,1785417682082,LeaderAccept
1785417682017,false,1785417682102,LeaderAccept
1785417682037,false,1785417682123,LeaderAccept
1785417682057,false,1785417682143,LeaderAccept
1785417682078,true,1785417682163,LeaderAccept
1785417682098,true,1785417682184,LeaderAccept
1785417682120,false,1785417682205,LeaderAccept
1785417682140,false,1785417682226,LeaderAccept
1785417682162,false,1785417682248,LeaderAccept
1785417682183,true,1785417682269,LeaderAccept
1785417682205,false,1785417682291,LeaderAccept
1785417682228,true,1785417682313,LeaderAccept
1785417682250,true,1785417682336,LeaderAccept
1785417682272,true,1785417682358,LeaderAccept
1785417682296,true,1785417682382,LeaderAccept
1785417682319,true,1785417682406,LeaderAccept
1785417682343,false,1785417682428,LeaderAccept
1785417682366,false,1785417682452,LeaderAccept
1785417682391,true,1785417682477,LeaderAccept
1785417682416,true,1785417682502,LeaderAccept
1785417682441,true,1785417682527,LeaderAccept
1785417682466,true,1785417682552,LeaderAccept
1785417682491,false,1785417682577,LeaderAccept
1785417682516,true,1785417682602,LeaderAccept
1785417682542,false,1785417682627,LeaderAccept
1785417682568,false,1785417682653,LeaderAccept
1785417682594,true,1785417682680,LeaderAccept
1785417682621,false,1785417682707,LeaderAccept
1785417682648,false,1785417682734,LeaderAccept
1785417682675,true,1785417682761,LeaderAccept
1785417682703,false,1785417682789,LeaderAccept
1785417682731,false,1785417682817,LeaderAccept
1785417682760,false,1785417682845,LeaderAccept
1785417682789,false,1785417682874,LeaderAccept
1785417682818,true,1785417682904,LeaderAccept
1785417682848,false,1785417682934,LeaderAccept
1785417682877,false,1785417682963,LeaderAccept
1785417682908,false,1785417682995,LeaderAccept
1785417682939,false,1785417683025,LeaderAccept
1785417682971,true,1785417683056,LeaderAccept
1785417683003,true,1785417683088,LeaderAccept
1785417683035,false,1785417683121,LeaderAccept
1785417683068,true,1785417683153,LeaderAccept
1785417683101,false,1785417683187,LeaderAccept
1785417683135,true,1785417683221,LeaderAccept
1785417683169,true,1785417683255,LeaderAccept
1785417683205,true,1785417683291,LeaderAccept
1785417683241,true,1785417683328,LeaderAccept
1785417683276,true,1785417683362,LeaderAccept
1785417683313,false,1785417683399,LeaderAccept
1785417683351,false,1785417683437,LeaderAccept
1785417683389,false,1785417683474,LeaderAccept
1785417683428,false,1785417683514,LeaderAccept
1785417683467,true,1785417683554,LeaderAccept
1785417683508,true,1785417683594,LeaderAccept
1785417683549,true,1785417683635,LeaderAccept
1785417683591,false,1785417683678,LeaderAccept
1785417683634,true,1785417683720,LeaderAccept
1785417683679,true,1785417683765,LeaderAccept
1785417683724,true,1785417683810,LeaderAccept
1785417683770,false,1785417683856,LeaderAccept
1785417683817,false,1785417683903,LeaderAccept
1785417683865,false,1785417683951,LeaderAccept
1785417683914,true,1785417684001,LeaderAccept
1785417683965,false,1785417684051,LeaderAccept
1785417684016,true,1785417684103,LeaderAccept
1785417684070,false,1785417684157,LeaderAccept
1785417684125,true,1785417684211,LeaderAccept
1785417684181,false,1785417684267,LeaderAccept
1785417684238,true,1785417684325,LeaderAccept
1785417684298,false,1785417684384,LeaderAccept
1785417684359,true,1785417684445,LeaderAccept
1785417684421,true,1785417684508,LeaderAccept
1785417684487,true,1785417684573,LeaderAccept
1785417684554,true,1785417684640,LeaderAccept
1785417684624,false,1785417684711,LeaderAccept
1785417684696,true,1785417684782,LeaderAccept
1785417684769,true,1785417684856,LeaderAccept
1785417684847,true,1785417684933,LeaderAccept
1785417684927,false,1785417685014,LeaderAccept
1785417685010,true,1785417685096,LeaderAccept
1785417685096,false,1785417685183,LeaderAccept
1785417685187,true,1785417685273,LeaderAccept
1785417685281,false,1785417685367,LeaderAccept
1785417685380,false,1785417685467,LeaderAccept
1785417685484,false,1785417685571,LeaderAccept
1785417685593,true,1785417685679,LeaderAccept
1785417685708,true,1785417685795,LeaderAccept
1785417685831,false,1785417685917,LeaderAccept
1785417685961,true,1785417686047,LeaderAccept
1785417686100,false,1785417686186,LeaderAccept
1785417686247,false,1785417686335,LeaderAccept
1785417686407,true,1785417686493,LeaderAccept
1785417686580,true,1785417686667,LeaderAccept
1785417686769,true,1785417686856,LeaderAccept
1785417686976,false,1785417687063,LeaderAccept
1785417687205,true,1785417687272,FastAccept
1785417687463,false,1785417687530,FastAccept
1785417687755,false,1785417687842,LeaderAccept
1785417688094,false,1785417688161,FastAccept
1785417688495,false,1785417688562,FastAccept
1785417688984,true,1785417689051,FastAccept
1785417689609,false,1785417689676,FastAccept
1785417690463,true,1785417690530,FastAccept
1785417691770,false,1785417691837,FastAccept
1785417694281,false,1785417694368,LeaderAccept
1785417703093,true,1785417703179,LeaderAccept
1785417714945,true,1785417715013,FastAccept
1785417714974,false,1785417715041,FastAccept
1785417715002,true,1785417715069,FastAccept
1785417715030,true,1785417715097,FastAccept
1785417715060,false,1785417715127,FastAccept
1785417715090,false,1785417715156,FastAccept
1785417715119,false,1785417715186,FastAccept
1785417715150,false,1785417715217,FastAccept
1785417715181,false,1785417715248,FastAccept
1785417715212,false,1785417715279,FastAccept
1785417715244,true,1785417715311,FastAccept
1785417715276,true,1785417715343,FastAccept
1785417715309,false,1785417715376,FastAccept
1785417715343,true,1785417715410,FastAccept
1785417715376,false,1785417715443,FastAccept
1785417715410,false,1785417715477,FastAccept
1785417715444,false,1785417715511,FastAccept
1785417715479,true,1785417715546,FastAccept
1785417715515,true,1785417715582,FastAccept
1785417715551,true,1785417715619,FastAccept
1785417715588,false,1785417715656,FastAccept
1785417715627,true,1785417715694,FastAccept
1785417715666,true,1785417715733,FastAccept
1785417715705,false,1785417715773,FastAccept
1785417715746,false,1785417715813,FastAccept
1785417715786,true,1785417715853,FastAccept
1785417715827,true,1785417715895,FastAccept
1785417715870,false,1785417715937,FastAccept
1785417715914,false,1785417715981,FastAccept
1785417715959,true,1785417716026,FastAccept
1785417716005,false,1785417716072,FastAccept
1785417716051,false,1785417716118,FastAccept
1785417716099,false,1785417716166,FastAccept
1785417716147,false,1785417716214,FastAccept
1785417716198,true,1785417716264,FastAccept
1785417716249,false,1785417716315,FastAccept
1785417716300,true,1785417716367,FastAccept
1785417716353,true,1785417716420,FastAccept
1785417716409,true,1785417716476,FastAccept
1785417716466,true,1785417716533,FastAccept
1785417716524,false,1785417716592,FastAccept
1785417716584,false,1785417716651,FastAccept
1785417716646,false,1785417716713,FastAccept
1785417716709,true,1785417716776,FastAccept
1785417716774,false,1785417716842,FastAccept
1785417716843,true,1785417716910,FastAccept
1785417716913,false,1785417716980,FastAccept
1785417716986,true,1785417717053,FastAccept
1785417717062,true,1785417717129,FastAccept
1785417717141,false,1785417717207,FastAccept
1785417717222,true,1785417717289,FastAccept
1785417717306,false,1785417717373,FastAccept
1785417717394,true,1785417717461,FastAccept
1785417717485,true,1785417717553,FastAccept
1785417717582,false,1785417717649,FastAccept
1785417717682,false,1785417717749,FastAccept
1785417717789,false,1785417717856,FastAccept
1785417717901,false,1785417717968,FastAccept
1785417718020,false,1785417718087,FastAccept
1785417718145,true,1785417718212,FastAccept
1785417718278,true,1785417718345,FastAccept
1785417718421,false,1785417718488,FastAccept
1785417718574,false,1785417718641,FastAccept
1785417718740,false,1785417718807,FastAccept
1785417718919,true,1785417718986,FastAccept
1785417719115,true,1785417719182,FastAccept
1785417719331,false,1785417719398,FastAccept
1785417719572,true,1785417719639,FastAccept
1785417719843,false,1785417719910,FastAccept
1785417720153,false,1785417720220,FastAccept
1785417720515,false,1785417720657,LeaderAccept
1785417720950,true,1785417721036,LeaderAccept
1785417721489,false,1785417721574,LeaderAccept
1785417722194,true,1785417722280,LeaderAccept
1785417723198,false,1785417723285,LeaderAccept
1785417724854,true,1785417724921,FastAccept
1785417728644,true,1785417728712,FastAccept
1785417749158,false,1785417749225,FastAccept
1785417749191,false,1785417749258,FastAccept
1785417749224,false,1785417749291,FastAccept
1785417749257,true,1785417749344,LeaderAccept
1785417749292,true,1785417749378,LeaderAccept
1785417749326,false,1785417749413,LeaderAccept
1785417749362,true,1785417749448,LeaderAccept
1785417749398,true,1785417749484,LeaderAccept
1785417749435,false,1785417749522,LeaderAccept
1785417749473,true,1785417749559,LeaderAccept
1785417749511,true,1785417749597,LeaderAccept
1785417749549,true,1785417749635,LeaderAccept
1785417749588,true,1785417749674,LeaderAccept
1785417749628,true,1785417749714,LeaderAccept
1785417749668,true,1785417749755,LeaderAccept
1785417749710,false,1785417749796,LeaderAccept
1785417749753,false,1785417749839,LeaderAccept
1785417749796,true,1785417749882,LeaderAccept
1785417749841,true,1785417749927,LeaderAccept
1785417749887,false,1785417749974,LeaderAccept
1785417749934,false,1785417750020,LeaderAccept
1785417749981,false,1785417750067,LeaderAccept
1785417750029,true,1785417750115,LeaderAccept
1785417750079,false,1785417750165,LeaderAccept
1785417750130,true,1785417750216,LeaderAccept
1785417750182,true,1785417750268,LeaderAccept
1785417750236,false,1785417750322,LeaderAccept
1785417750291,false,1785417750377,LeaderAccept
1785417750347,false,1785417750434,LeaderAccept
1785417750406,true,1785417750492,LeaderAccept
1785417750466,false,1785417750552,LeaderAccept
1785417750528,false,1785417750615,LeaderAccept
1785417750591,false,1785417750677,LeaderAccept
1785417750657,true,1785417750743,LeaderAccept
1785417750724,true,1785417750811,LeaderAccept
1785417750793,false,1785417750880,LeaderAccept
1785417750866,false,1785417750953,LeaderAccept
1785417750940,true,1785417751026,LeaderAccept
1785417751018,true,1785417751104,LeaderAccept
1785417751099,false,1785417751185,LeaderAccept
1785417751182,false,1785417751269,LeaderAccept
1785417751270,true,1785417751356,LeaderAccept
1785417751361,false,1785417751447,LeaderAccept
1785417751457,true,1785417751544,LeaderAccept
1785417751557,false,1785417751644,LeaderAccept
1785417751663,true,1785417751750,LeaderAccept
1785417751773,true,1785417751859,LeaderAccept
1785417751890,false,1785417751978,LeaderAccept
1785417752015,true,1785417752101,LeaderAccept
1785417752147,false,1785417752234,LeaderAccept
1785417752289,false,1785417752375,LeaderAccept
1785417752440,true,1785417752527,LeaderAccept
1785417752604,true,1785417752690,LeaderAccept
1785417752781,false,1785417752867,LeaderAccept
1785417752974,true,1785417753061,LeaderAccept
1785417753187,true,1785417753255,FastAccept
1785417753424,false,1785417753491,FastAccept
1785417753690,false,1785417753757,FastAccept
1785417753994,false,1785417754061,FastAccept
1785417754347,false,1785417754414,FastAccept
1785417754768,true,1785417754835,FastAccept
1785417755286,false,1785417755377,LeaderAccept
1785417755959,false,1785417756026,FastAccept
1785417756900,true,1785417756986,LeaderAccept
1785417758406,false,1785417758492,LeaderAccept
1785417761603,true,1785417761670,FastAccept
1785417777406,false,1785417777473,FastAccept
1785417787875,false,1785417787942,FastAccept
1785417787891,false,1785417787958,FastAccept
1785417787907,false,1785417787973,FastAccept
1785417787923,false,1785417787990,FastAccept
1785417787939,true,1785417788044,LeaderAccept
1785417787956,true,1785417788023,FastAccept
1785417787972,false,1785417788071,LeaderAccept
1785417787987,false,1785417788073,LeaderAccept
1785417788004,true,1785417788098,LeaderAccept
1785417788021,true,1785417788107,LeaderAccept
1785417788038,false,1785417788125,LeaderAccept
1785417788054,false,1785417788140,LeaderAccept
1785417788071,true,1785417788156,LeaderAccept
1785417788087,false,1785417788174,LeaderAccept
1785417788105,false,1785417788191,LeaderAccept
1785417788121,true,1785417788207,LeaderAccept
1785417788139,false,1785417788225,LeaderAccept
1785417788156,true,1785417788242,LeaderAccept
1785417788174,false,1785417788260,LeaderAccept
1785417788192,true,1785417788278,LeaderAccept
1785417788210,false,1785417788296,LeaderAccept
1785417788228,true,1785417788314,LeaderAccept
1785417788247,true,1785417788333,LeaderAccept
1785417788266,false,1785417788351,LeaderAccept
1785417788285,false,1785417788371,LeaderAccept
1785417788304,true,1785417788390,LeaderAccept
1785417788323,true,1785417788409,LeaderAccept
1785417788343,false,1785417788429,LeaderAccept
1785417788363,true,1785417788449,LeaderAccept
1785417788382,false,1785417788468,LeaderAccept
1785417788402,false,1785417788487,LeaderAccept
1785417788421,false,1785417788507,LeaderAccept
1785417788442,false,1785417788527,LeaderAccept
1785417788462,false,1785417788548,LeaderAccept
1785417788482,false,1785417788567,LeaderAccept
1785417788503,false,1785417788589,LeaderAccept
1785417788524,false,1785417788610,LeaderAccept
1785417788545,false,1785417788631,LeaderAccept
1785417788567,true,1785417788653,LeaderAccept
1785417788589,true,1785417788675,LeaderAccept
1785417788610,false,1785417788696,LeaderAccept
1785417788631,false,1785417788717,LeaderAccept
1785417788654,true,1785417788740,LeaderAccept
1785417788677,true,1785417788763,LeaderAccept
1785417788699,false,1785417788785,LeaderAccept
1785417788722,true,1785417788808,LeaderAccept
1785417788745,true,1785417788831,LeaderAccept
1785417788769,true,1785417788855,LeaderAccept
1785417788792,true,1785417788878,LeaderAccept
1785417788817,false,1785417788903,LeaderAccept
1785417788841,true,1785417788926,LeaderAccept
1785417788865,true,1785417788950,LeaderAccept
1785417788890,false,1785417788976,LeaderAccept
1785417788915,false,1785417789001,LeaderAccept
1785417788941,true,1785417789027,LeaderAccept
1785417788966,false,1785417789052,LeaderAccept
1785417788992,false,1785417789078,LeaderAccept
1785417789019,true,1785417789105,LeaderAccept
1785417789046,true,1785417789132,LeaderAccept
1785417789073,false,1785417789159,LeaderAccept
1785417789100,false,1785417789186,LeaderAccept
1785417789128,true,1785417789214,LeaderAccept
1785417789156,true,1785417789243,LeaderAccept
1785417789185,false,1785417789271,LeaderAccept
1785417789214,true,1785417789300,LeaderAccept
1785417789243,false,1785417789329,LeaderAccept
1785417789273,true,1785417789359,LeaderAccept
1785417789303,true,1785417789389,LeaderAccept
1785417789334,false,1785417789419,LeaderAccept
1785417789365,true,1785417789451,LeaderAccept
1785417789397,true,1785417789483,LeaderAccept
1785417789428,false,1785417789514,LeaderAccept
1785417789461,false,1785417789547,LeaderAccept
1785417789494,false,1785417789580,LeaderAccept
1785417789527,false,1785417789613,LeaderAccept
1785417789561,true,1785417789648,LeaderAccept
1785417789596,true,1785417789682,LeaderAccept
1785417789631,false,1785417789717,LeaderAccept
1785417789667,true,1785417789753,LeaderAccept
1785417789704,true,1785417789790,LeaderAccept
1785417789742,true,1785417789829,LeaderAccept
1785417789780,true,1785417789866,LeaderAccept
1785417789819,false,1785417789904,LeaderAccept
1785417789858,true,1785417789944,LeaderAccept
1785417789898,true,1785417789984,LeaderAccept
1785417789939,true,1785417790025,LeaderAccept
1785417789980,false,1785417790066,LeaderAccept
1785417790023,false,1785417790109,LeaderAccept
1785417790066,false,1785417790152,LeaderAccept
1785417790111,false,1785417790197,LeaderAccept
1785417790156,true,1785417790243,LeaderAccept
1785417790203,true,1785417790289,LeaderAccept
1785417790250,true,1785417790336,LeaderAccept
1785417790298,false,1785417790384,LeaderAccept
1785417790347,false,1785417790433,LeaderAccept
1785417790398,true,1785417790484,LeaderAccept
1785417790450,false,1785417790536,LeaderAccept
1785417790504,true,1785417790590,LeaderAccept
1785417790559,false,1785417790645,LeaderAccept
1785417790615,false,1785417790701,LeaderAccept
1785417790672,false,1785417790758,LeaderAccept
1785417790732,false,1785417790817,LeaderAccept
1785417790792,true,1785417790879,LeaderAccept
1785417790856,true,1785417790941,LeaderAccept
1785417790921,false,1785417791007,LeaderAccept
1785417790987,true,1785417791074,LeaderAccept
1785417791056,false,1785417791143,LeaderAccept
1785417791128,true,1785417791215,LeaderAccept
1785417791203,false,1785417791289,LeaderAccept
1785417791280,true,1785417791366,LeaderAccept
1785417791360,false,1785417791446,LeaderAccept
1785417791443,false,1785417791530,LeaderAccept
1785417791530,false,1785417791616,LeaderAccept
1785417791620,true,1785417791707,LeaderAccept
1785417791715,false,1785417791801,LeaderAccept
1785417791814,true,1785417791900,LeaderAccept
1785417791918,false,1785417792004,LeaderAccept
1785417792028,true,1785417792114,LeaderAccept
1785417792143,false,1785417792230,LeaderAccept
1785417792266,true,1785417792352,LeaderAccept
1785417792397,true,1785417792484,LeaderAccept
1785417792535,false,1785417792621,LeaderAccept
1785417792685,true,1785417792771,LeaderAccept
1785417792845,true,1785417792931,LeaderAccept
1785417793019,false,1785417793105,LeaderAccept
1785417793208,false,1785417793294,LeaderAccept
1785417793417,false,1785417793503,LeaderAccept
1785417793648,true,1785417793734,LeaderAccept
1785417793907,false,1785417793994,LeaderAccept
1785417794202,false,1785417794288,LeaderAccept
1785417794544,true,1785417794630,LeaderAccept
1785417794949,false,1785417795035,LeaderAccept
1785417795444,true,1785417795531,LeaderAccept
1785417796079,false,1785417796165,LeaderAccept
1785417796950,false,1785417797037,LeaderAccept
1785417798296,false,1785417798382,LeaderAccept
1785417800932,false,1785417801000,FastAccept
1785417810779,false,1785417810846,FastAccept
1785417810844,false,1785417810911,FastAccept
1785417810878,false,1785417810945,FastAccept
1785417810912,false,1785417810979,FastAccept
1785417810948,false,1785417811016,FastAccept
1785417810984,true,1785417811051,FastAccept
1785417811020,false,1785417811087,FastAccept
1785417811057,false,1785417811124,FastAccept
1785417811095,true,1785417811163,FastAccept
1785417811133,true,1785417811201,FastAccept
1785417811173,false,1785417811240,FastAccept
1785417811213,false,1785417811280,FastAccept
1785417811254,true,1785417811321,FastAccept
1785417811295,true,1785417811363,FastAccept
1785417811338,false,1785417811405,FastAccept
1785417811381,true,1785417811448,FastAccept
1785417811425,true,1785417811493,FastAccept
1785417811471,true,1785417811539,FastAccept
1785417811518,false,1785417811585,FastAccept
1785417811565,false,1785417811632,FastAccept
1785417811613,false,1785417811681,FastAccept
1785417811663,true,1785417811730,FastAccept
1785417811714,true,1785417811781,FastAccept
1785417811766,false,1785417811833,FastAccept
1785417811820,false,1785417811887,FastAccept
1785417811874,true,1785417811979,LeaderAccept
1785417811931,true,1785417812018,LeaderAccept
1785417811989,true,1785417812075,LeaderAccept
1785417812049,true,1785417812116,FastAccept
1785417812110,true,1785417812178,FastAccept
1785417812174,false,1785417812241,FastAccept
1785417812239,false,1785417812306,FastAccept
1785417812305,false,1785417812373,FastAccept
1785417812375,true,1785417812442,FastAccept
1785417812446,true,1785417812513,FastAccept
1785417812521,true,1785417812588,FastAccept
1785417812598,false,1785417812665,FastAccept
1785417812679,true,1785417812746,FastAccept
1785417812762,false,1785417812829,FastAccept
1785417812850,false,1785417812917,FastAccept
1785417812941,false,1785417813008,FastAccept
1785417813036,true,1785417813104,FastAccept
1785417813136,true,1785417813203,FastAccept
1785417813241,false,1785417813308,FastAccept
1785417813351,true,1785417813418,FastAccept
1785417813468,false,1785417813535,FastAccept
1785417813591,true,1785417813658,FastAccept
1785417813723,false,1785417813790,FastAccept
1785417813862,false,1785417813930,FastAccept
1785417814013,true,1785417814080,FastAccept
1785417814175,false,1785417814242,FastAccept
1785417814349,true,1785417814417,FastAccept
1785417814541,false,1785417814609,FastAccept
1785417814752,false,1785417814820,FastAccept
1785417814986,false,1785417815053,FastAccept
1785417815249,false,1785417815316,FastAccept
1785417815548,true,1785417815634,LeaderAccept
1785417815895,false,1785417815981,LeaderAccept
1785417816308,false,1785417816394,LeaderAccept
1785417816815,false,1785417816901,LeaderAccept
1785417817468,false,1785417817554,LeaderAccept
1785417818373,true,1785417818440,FastAccept
1785417819796,true,1785417819882,LeaderAccept
1785417822693,true,1785417822779,LeaderAccept
1785417835024,false,1785417835091,FastAccept
1785417844793,false,1785417844872,FastAccept
1785417844826,false,1785417844904,FastAccept
1785417844859,true,1785417844938,FastAccept
1785417844893,true,1785417845002,SlowAccept
1785417844928,false,1785417845029,LeaderAccept
1785417844963,true,1785417845062,LeaderAccept
1785417844999,false,1785417845098,LeaderAccept
1785417845035,true,1785417845134,LeaderAccept
1785417845071,false,1785417845171,LeaderAccept
1785417845108,true,1785417845208,LeaderAccept
1785417845147,false,1785417845246,LeaderAccept
1785417845186,false,1785417845286,LeaderAccept
1785417845226,true,1785417845325,LeaderAccept
1785417845267,true,1785417845366,LeaderAccept
1785417845308,true,1785417845407,LeaderAccept
1785417845350,false,1785417845449,LeaderAccept
1785417845393,true,1785417845493,LeaderAccept
1785417845437,true,1785417845534,LeaderAccept
1785417845481,false,1785417845578,LeaderAccept
1785417845526,false,1785417845623,LeaderAccept
1785417845572,false,1785417845669,LeaderAccept
1785417845621,true,1785417845718,LeaderAccept
1785417845669,true,1785417845766,LeaderAccept
1785417845720,false,1785417845817,LeaderAccept
1785417845772,false,1785417845869,LeaderAccept
1785417845825,false,1785417845922,LeaderAccept
1785417845879,true,1785417845976,LeaderAccept
1785417845935,true,1785417846032,LeaderAccept
1785417845992,true,1785417846089,LeaderAccept
1785417846051,true,1785417846148,LeaderAccept
1785417846112,true,1785417846212,LeaderAccept
1785417846174,false,1785417846273,LeaderAccept
1785417846238,false,1785417846338,LeaderAccept
1785417846305,false,1785417846404,LeaderAccept
1785417846373,true,1785417846474,LeaderAccept
1785417846444,false,1785417846543,LeaderAccept
1785417846516,true,1785417846594,FastAccept
1785417846593,true,1785417846672,FastAccept
1785417846672,false,1785417846750,FastAccept
1785417846754,true,1785417846853,LeaderAccept
1785417846840,true,1785417846918,FastAccept
1785417846929,true,1785417847007,FastAccept
1785417847021,false,1785417847100,FastAccept
1785417847119,true,1785417847197,FastAccept
1785417847222,true,1785417847300,FastAccept
1785417847329,false,1785417847411,FastAccept
1785417847443,false,1785417847521,FastAccept
1785417847563,false,1785417847641,FastAccept
1785417847690,true,1785417847768,FastAccept
1785417847826,true,1785417847904,FastAccept
1785417847971,true,1785417848050,FastAccept
1785417848127,true,1785417848206,FastAccept
1785417848296,true,1785417848393,LeaderAccept
1785417848480,false,1785417848580,LeaderAccept
1785417848681,false,1785417848777,LeaderAccept
1785417848903,false,1785417848999,LeaderAccept
1785417849151,false,1785417849247,LeaderAccept
1785417849430,false,1785417849527,LeaderAccept
1785417849751,true,1785417849848,LeaderAccept
1785417850129,false,1785417850228,LeaderAccept
1785417850586,false,1785417850686,LeaderAccept
1785417851158,true,1785417851256,LeaderAccept
1785417851921,true,1785417851999,FastAccept
1785417853036,false,1785417853115,FastAccept
1785417854985,false,1785417855063,FastAccept
1785417860144,true,1785417860241,LeaderAccept
1785417890921,false,1785417891020,LeaderAccept
1785417890941,false,1785417891045,LeaderAccept
1785417890963,true,1785417891062,LeaderAccept
1785417890984,true,1785417891084,LeaderAccept
1785417891006,true,1785417891104,LeaderAccept
1785417891028,true,1785417891127,LeaderAccept
1785417891050,true,1785417891149,LeaderAccept
1785417891073,true,1785417891173,LeaderAccept
1785417891096,false,1785417891194,LeaderAccept
1785417891119,true,1785417891218,LeaderAccept
1785417891142,true,1785417891239,LeaderAccept
1785417891165,false,1785417891261,LeaderAccept
1785417891188,false,1785417891284,LeaderAccept
1785417891212,true,1785417891309,LeaderAccept
1785417891235,true,1785417891332,LeaderAccept
1785417891260,true,1785417891357,LeaderAccept
1785417891284,false,1785417891381,LeaderAccept
1785417891309,false,1785417891405,LeaderAccept
1785417891334,false,1785417891430,LeaderAccept
1785417891360,true,1785417891455,LeaderAccept
1785417891386,false,1785417891482,LeaderAccept
1785417891412,false,1785417891509,LeaderAccept
1785417891439,false,1785417891536,LeaderAccept
1785417891466,false,1785417891562,LeaderAccept
1785417891493,false,1785417891590,LeaderAccept
1785417891521,false,1785417891618,LeaderAccept
1785417891549,true,1785417891646,LeaderAccept
1785417891578,false,1785417891674,LeaderAccept
1785417891606,false,1785417891703,LeaderAccept
1785417891636,false,1785417891733,LeaderAccept
1785417891666,false,1785417891763,LeaderAccept
1785417891695,true,1785417891792,LeaderAccept
1785417891726,true,1785417891823,LeaderAccept
1785417891757,true,1785417891854,LeaderAccept
1785417891789,true,1785417891885,LeaderAccept
1785417891821,false,1785417891918,LeaderAccept
1785417891854,false,1785417891950,LeaderAccept
1785417891887,false,1785417891984,LeaderAccept
1785417891919,false,1785417892016,LeaderAccept
1785417891953,false,1785417892050,LeaderAccept
1785417891987,false,1785417892084,LeaderAccept
1785417892022,false,1785417892119,LeaderAccept
1785417892058,false,1785417892154,LeaderAccept
1785417892093,false,1785417892190,LeaderAccept
1785417892130,false,1785417892226,LeaderAccept
1785417892167,true,1785417892263,LeaderAccept
1785417892204,true,1785417892301,LeaderAccept
1785417892243,true,1785417892339,LeaderAccept
1785417892282,false,1785417892379,LeaderAccept
1785417892321,false,1785417892421,LeaderAccept
1785417892363,true,1785417892462,LeaderAccept
1785417892405,true,1785417892504,LeaderAccept
1785417892448,false,1785417892545,LeaderAccept
1785417892492,true,1785417892592,LeaderAccept
1785417892537,false,1785417892637,LeaderAccept
1785417892583,false,1785417892680,LeaderAccept
1785417892630,true,1785417892727,LeaderAccept
1785417892678,false,1785417892778,LeaderAccept
1785417892727,false,1785417892826,LeaderAccept
1785417892777,true,1785417892874,LeaderAccept
1785417892829,false,1785417892927,LeaderAccept
1785417892881,false,1785417892978,LeaderAccept
1785417892935,false,1785417893035,LeaderAccept
1785417892991,true,1785417893091,LeaderAccept
1785417893048,false,1785417893145,LeaderAccept
1785417893107,true,1785417893206,LeaderAccept
1785417893167,false,1785417893267,LeaderAccept
1785417893229,false,1785417893329,LeaderAccept
1785417893293,false,1785417893390,LeaderAccept
1785417893358,false,1785417893457,LeaderAccept
1785417893427,false,1785417893527,LeaderAccept
1785417893498,true,1785417893597,LeaderAccept
1785417893571,false,1785417893648,FastAccept
1785417893647,false,1785417893725,FastAccept
1785417893725,true,1785417893803,FastAccept
1785417893806,false,1785417893913,LeaderAccept
1785417893891,false,1785417893969,FastAccept
1785417893979,false,1785417894078,LeaderAccept
1785417894072,true,1785417894150,FastAccept
1785417894169,false,1785417894247,FastAccept
1785417894271,true,1785417894379,SlowAccept
1785417894378,false,1785417894456,FastAccept
1785417894490,true,1785417894568,FastAccept
1785417894609,false,1785417894687,FastAccept
1785417894736,false,1785417894814,FastAccept
1785417894870,false,1785417894948,FastAccept
1785417895013,false,1785417895091,FastAccept
1785417895168,true,1785417895245,FastAccept
1785417895335,true,1785417895413,FastAccept
1785417895516,true,1785417895594,FastAccept
1785417895715,false,1785417895814,LeaderAccept
1785417895934,false,1785417896012,FastAccept
1785417896178,true,1785417896276,LeaderAccept
1785417896453,true,1785417896551,LeaderAccept
1785417896769,true,1785417896865,LeaderAccept
1785417897139,false,1785417897235,LeaderAccept
1785417897584,true,1785417897681,LeaderAccept
1785417898139,false,1785417898235,LeaderAccept
1785417898871,true,1785417898980,SlowAccept
1785417899927,true,1785417900005,FastAccept
1785417901715,true,1785417901824,SlowAccept
1785417906089,true,1785417906167,FastAccept
1785417910395,true,1785417910473,FastAccept
1785417910424,false,1785417910502,FastAccept
1785417910454,true,1785417910532,FastAccept
1785417910484,true,1785417910562,FastAccept
1785417910515,true,1785417910592,FastAccept
1785417910546,false,1785417910624,FastAccept
1785417910577,false,1785417910655,FastAccept
1785417910610,false,1785417910688,FastAccept
1785417910641,false,1785417910719,FastAccept
1785417910674,false,1785417910753,FastAccept
1785417910708,false,1785417910786,FastAccept
1785417910742,true,1785417910820,FastAccept
1785417910777,false,1785417910855,FastAccept
1785417910812,false,1785417910890,FastAccept
1785417910849,false,1785417910927,FastAccept
1785417910886,true,1785417910964,FastAccept
1785417910923,true,1785417911001,FastAccept
1785417910961,false,1785417911040,FastAccept
1785417911000,true,1785417911079,FastAccept
1785417911040,true,1785417911117,FastAccept
1785417911080,false,1785417911158,FastAccept
1785417911121,false,1785417911199,FastAccept
1785417911163,false,1785417911241,FastAccept
1785417911206,false,1785417911284,FastAccept
1785417911250,true,1785417911329,FastAccept
1785417911295,true,1785417911373,FastAccept
1785417911341,true,1785417911419,FastAccept
1785417911388,false,1785417911466,FastAccept
1785417911435,false,1785417911513,FastAccept
1785417911484,true,1785417911562,FastAccept
1785417911534,true,1785417911643,LeaderAccept
1785417911585,false,1785417911685,LeaderAccept
1785417911638,true,1785417911738,LeaderAccept
1785417911692,false,1785417911791,LeaderAccept
1785417911747,false,1785417911847,LeaderAccept
1785417911803,false,1785417911903,LeaderAccept
1785417911862,false,1785417911962,LeaderAccept
1785417911922,true,1785417912021,LeaderAccept
1785417911984,true,1785417912083,LeaderAccept
1785417912047,true,1785417912147,LeaderAccept
1785417912113,false,1785417912212,LeaderAccept
1785417912181,true,1785417912279,LeaderAccept
1785417912251,true,1785417912349,LeaderAccept
1785417912324,true,1785417912422,LeaderAccept
1785417912399,false,1785417912496,LeaderAccept
1785417912476,true,1785417912574,LeaderAccept
1785417912558,false,1785417912655,LeaderAccept
1785417912642,true,1785417912740,LeaderAccept
1785417912730,false,1785417912828,LeaderAccept
1785417912822,true,1785417912920,LeaderAccept
1785417912917,true,1785417913014,LeaderAccept
1785417913018,false,1785417913117,LeaderAccept
1785417913124,true,1785417913224,LeaderAccept
1785417913236,true,1785417913335,LeaderAccept
1785417913353,false,1785417913453,LeaderAccept
1785417913478,true,1785417913578,LeaderAccept
1785417913612,true,1785417913712,LeaderAccept
1785417913755,false,1785417913854,LeaderAccept
1785417913908,true,1785417914007,LeaderAccept
1785417914073,true,1785417914182,SlowAccept
1785417914252,false,1785417914351,LeaderAccept
1785417914446,false,1785417914546,LeaderAccept
1785417914662,true,1785417914767,LeaderAccept
1785417914901,true,1785417914980,FastAccept
1785417915172,false,1785417915271,LeaderAccept
1785417915481,true,1785417915581,LeaderAccept
1785417915841,true,1785417915919,FastAccept
1785417916272,true,1785417916349,FastAccept
1785417916806,false,1785417916884,FastAccept
1785417917504,false,1785417917582,FastAccept
1785417918493,false,1785417918571,FastAccept
1785417920114,true,1785417920192,FastAccept
1785417923757,true,1785417923834,FastAccept
1785417927143,true,1785417927238,LeaderAccept
1785417927160,false,1785417927261,LeaderAccept
1785417927177,false,1785417927273,LeaderAccept
1785417927193,false,1785417927288,LeaderAccept
1785417927210,true,1785417927306,LeaderAccept
1785417927226,true,1785417927321,LeaderAccept
1785417927243,true,1785417927338,LeaderAccept
1785417927261,false,1785417927355,LeaderAccept
1785417927278,true,1785417927373,LeaderAccept
1785417927296,false,1785417927391,LeaderAccept
1785417927314,false,1785417927409,LeaderAccept
1785417927332,true,1785417927427,LeaderAccept
1785417927350,false,1785417927444,LeaderAccept
1785417927367,false,1785417927461,LeaderAccept
1785417927386,true,1785417927479,LeaderAccept
1785417927403,false,1785417927499,LeaderAccept
1785417927422,false,1785417927516,LeaderAccept
1785417927441,true,1785417927535,LeaderAccept
1785417927460,true,1785417927554,LeaderAccept
1785417927479,true,1785417927573,LeaderAccept
1785417927498,true,1785417927593,LeaderAccept
1785417927518,false,1785417927611,LeaderAccept
1785417927538,false,1785417927632,LeaderAccept
1785417927558,true,1785417927652,LeaderAccept
1785417927577,true,1785417927671,LeaderAccept
1785417927598,false,1785417927692,LeaderAccept
1785417927619,true,1785417927713,LeaderAccept
1785417927639,true,1785417927733,LeaderAccept
1785417927660,true,1785417927754,LeaderAccept
1785417927681,false,1785417927775,LeaderAccept
1785417927702,true,1785417927796,LeaderAccept
1785417927724,true,1785417927818,LeaderAccept
1785417927746,true,1785417927840,LeaderAccept
1785417927768,true,1785417927861,LeaderAccept
1785417927790,true,1785417927884,LeaderAccept
1785417927813,true,1785417927907,LeaderAccept
1785417927835,true,1785417927929,LeaderAccept
1785417927858,false,1785417927951,LeaderAccept
1785417927880,false,1785417927974,LeaderAccept
1785417927904,true,1785417927998,LeaderAccept
1785417927927,true,1785417928021,LeaderAccept
1785417927950,true,1785417928045,LeaderAccept
1785417927974,true,1785417928068,LeaderAccept
1785417927999,false,1785417928093,LeaderAccept
1785417928023,true,1785417928117,LeaderAccept
1785417928048,true,1785417928142,LeaderAccept
1785417928073,true,1785417928167,LeaderAccept
1785417928099,true,1785417928193,LeaderAccept
1785417928125,true,1785417928219,LeaderAccept
1785417928151,true,1785417928244,LeaderAccept
1785417928178,true,1785417928272,LeaderAccept
1785417928205,true,1785417928299,LeaderAccept
1785417928233,false,1785417928327,LeaderAccept
1785417928260,true,1785417928353,LeaderAccept
1785417928288,true,1785417928382,LeaderAccept
1785417928316,false,1785417928410,LeaderAccept
1785417928345,true,1785417928439,LeaderAccept
1785417928374,true,1785417928469,LeaderAccept
1785417928403,true,1785417928499,LeaderAccept
1785417928433,false,1785417928528,LeaderAccept
1785417928464,false,1785417928559,LeaderAccept
1785417928495,true,1785417928590,LeaderAccept
1785417928527,true,1785417928621,LeaderAccept
1785417928558,true,1785417928654,LeaderAccept
1785417928590,true,1785417928686,LeaderAccept
1785417928622,true,1785417928716,LeaderAccept
1785417928656,false,1785417928750,LeaderAccept
1785417928690,false,1785417928785,LeaderAccept
1785417928724,true,1785417928819,LeaderAccept
1785417928759,true,1785417928854,LeaderAccept
1785417928795,false,1785417928889,LeaderAccept
1785417928831,true,1785417928925,LeaderAccept
1785417928868,false,1785417928962,LeaderAccept
1785417928906,true,1785417929001,LeaderAccept
1785417928944,true,1785417929038,LeaderAccept
1785417928981,false,1785417929075,LeaderAccept
1785417929021,false,1785417929116,LeaderAccept
1785417929062,false,1785417929157,LeaderAccept
1785417929103,false,1785417929197,LeaderAccept
1785417929144,false,1785417929239,LeaderAccept
1785417929187,false,1785417929281,LeaderAccept
1785417929231,false,1785417929326,LeaderAccept
1785417929276,true,1785417929371,LeaderAccept
1785417929321,false,1785417929417,LeaderAccept
1785417929367,true,1785417929461,LeaderAccept
1785417929414,false,1785417929508,LeaderAccept
1785417929463,false,1785417929558,LeaderAccept
1785417929513,true,1785417929608,LeaderAccept
1785417929564,true,1785417929659,LeaderAccept
1785417929615,true,1785417929711,LeaderAccept
1785417929669,true,1785417929764,LeaderAccept
1785417929724,true,1785417929819,LeaderAccept
1785417929780,false,1785417929876,LeaderAccept
1785417929838,true,1785417929933,LeaderAccept
1785417929898,false,1785417929993,LeaderAccept
1785417929960,false,1785417930054,LeaderAccept
1785417930023,false,1785417930118,LeaderAccept
1785417930089,true,1785417930185,LeaderAccept
1785417930157,false,1785417930252,LeaderAccept
1785417930227,false,1785417930323,LeaderAccept
1785417930300,false,1785417930377,FastAccept
1785417930375,true,1785417930452,FastAccept
1785417930452,true,1785417930553,SlowAccept
1785417930534,false,1785417930611,FastAccept
1785417930617,true,1785417930695,FastAccept
1785417930705,true,1785417930783,FastAccept
1785417930797,false,1785417930874,FastAccept
1785417930892,true,1785417930970,FastAccept
1785417930993,true,1785417931071,FastAccept
1785417931099,false,1785417931176,FastAccept
1785417931210,false,1785417931287,FastAccept
1785417931328,false,1785417931405,FastAccept
1785417931451,false,1785417931529,FastAccept
1785417931584,false,1785417931662,FastAccept
1785417931725,false,1785417931803,FastAccept
1785417931877,false,1785417931972,LeaderAccept
1785417932040,false,1785417932118,FastAccept
1785417932218,false,1785417932296,FastAccept
1785417932412,false,1785417932507,LeaderAccept
1785417932626,true,1785417932703,FastAccept
1785417932863,true,1785417932941,FastAccept
1785417933130,false,1785417933208,FastAccept
1785417933436,true,1785417933513,FastAccept
1785417933791,true,1785417933868,FastAccept
1785417934215,true,1785417934292,FastAccept
1785417934739,false,1785417934817,FastAccept
1785417935420,true,1785417935498,FastAccept
1785417936377,true,1785417936456,FastAccept
1785417937920,true,1785417938023,LeaderAccept
1785417941258,true,1785417941353,LeaderAccept
1785417950420,false,1785417950486,FastAccept
1785417950456,false,1785417950521,FastAccept
1785417950492,true,1785417950558,FastAccept
1785417950529,false,1785417950594,FastAccept
1785417950566,false,1785417950632,FastAccept
1785417950604,false,1785417950669,FastAccept
1785417950643,true,1785417950709,FastAccept
1785417950683,true,1785417950748,FastAccept
1785417950723,false,1785417950789,FastAccept
1785417950764,true,1785417950829,FastAccept
1785417950806,true,1785417950871,FastAccept
1785417950848,false,1785417950914,FastAccept
1785417950891,true,1785417950957,FastAccept
1785417950936,false,1785417951001,FastAccept
1785417950980,false,1785417951047,FastAccept
1785417951027,true,1785417951092,FastAccept
1785417951074,false,1785417951140,FastAccept
1785417951122,false,1785417951188,FastAccept
1785417951173,true,1785417951239,FastAccept
1785417951223,true,1785417951289,FastAccept
1785417951276,true,1785417951342,FastAccept
1785417951330,false,1785417951395,FastAccept
1785417951385,true,1785417951451,FastAccept
1785417951442,true,1785417951507,FastAccept
1785417951500,true,1785417951566,FastAccept
1785417951559,true,1785417951625,FastAccept
1785417951622,false,1785417951688,FastAccept
1785417951686,false,1785417951751,FastAccept
1785417951751,true,1785417951817,FastAccept
1785417951820,false,1785417951912,LeaderAccept
1785417951891,true,1785417951974,LeaderAccept
1785417951964,false,1785417952047,LeaderAccept
1785417952040,true,1785417952122,LeaderAccept
1785417952118,false,1785417952201,LeaderAccept
1785417952200,false,1785417952283,LeaderAccept
1785417952285,false,1785417952369,LeaderAccept
1785417952373,false,1785417952455,LeaderAccept
1785417952465,true,1785417952548,LeaderAccept
1785417952562,true,1785417952645,LeaderAccept
1785417952664,true,1785417952762,LeaderAccept
1785417952771,true,1785417952869,LeaderAccept
1785417952883,true,1785417952984,LeaderAccept
1785417953002,false,1785417953105,LeaderAccept
1785417953128,false,1785417953194,FastAccept
1785417953262,true,1785417953327,FastAccept
1785417953406,false,1785417953471,FastAccept
1785417953560,true,1785417953626,FastAccept
1785417953726,false,1785417953792,FastAccept
1785417953906,true,1785417953972,FastAccept
1785417954103,true,1785417954169,FastAccept
1785417954321,false,1785417954387,FastAccept
1785417954564,true,1785417954630,FastAccept
1785417954838,false,1785417954904,FastAccept
1785417955152,true,1785417955218,FastAccept
1785417955520,false,1785417955603,LeaderAccept
1785417955961,true,1785417956044,LeaderAccept
1785417956511,true,1785417956594,LeaderAccept
1785417957234,true,1785417957316,LeaderAccept
1785417958272,false,1785417958354,LeaderAccept
1785417960016,true,1785417960082,FastAccept
1785417964184,false,1785417964250,FastAccept
1785417975104,false,1785417975170,FastAccept
1785417975122,true,1785417975187,FastAccept
1785417975139,true,1785417975205,FastAccept
1785417975157,false,1785417975222,FastAccept
1785417975173,false,1785417975239,FastAccept
1785417975191,true,1785417975256,FastAccept
1785417975208,false,1785417975274,FastAccept
1785417975226,false,1785417975291,FastAccept
1785417975243,false,1785417975309,FastAccept
1785417975262,false,1785417975328,FastAccept
1785417975280,true,1785417975346,FastAccept
1785417975298,false,1785417975364,FastAccept
1785417975317,true,1785417975383,FastAccept
1785417975336,false,1785417975402,FastAccept
1785417975355,true,1785417975421,FastAccept
1785417975374,false,1785417975440,FastAccept
1785417975393,false,1785417975459,FastAccept
1785417975413,true,1785417975478,FastAccept
1785417975433,false,1785417975499,FastAccept
1785417975453,true,1785417975519,FastAccept
1785417975473,true,1785417975539,FastAccept
1785417975493,false,1785417975558,FastAccept
1785417975513,false,1785417975579,FastAccept
1785417975534,true,1785417975600,FastAccept
1785417975555,true,1785417975621,FastAccept
1785417975575,true,1785417975641,FastAccept
1785417975597,false,1785417975663,FastAccept
1785417975619,true,1785417975684,FastAccept
1785417975640,false,1785417975706,FastAccept
1785417975662,false,1785417975728,FastAccept
1785417975684,false,1785417975750,FastAccept
1785417975706,true,1785417975771,FastAccept
1785417975728,false,1785417975793,FastAccept
1785417975750,false,1785417975815,FastAccept
1785417975772,true,1785417975838,FastAccept
1785417975796,true,1785417975862,FastAccept
1785417975820,false,1785417975886,FastAccept
1785417975843,false,1785417975909,FastAccept
1785417975868,false,1785417975934,FastAccept
1785417975891,true,1785417975957,FastAccept
1785417975915,false,1785417975981,FastAccept
1785417975939,true,1785417976005,FastAccept
1785417975963,true,1785417976029,FastAccept
1785417975989,false,1785417976055,FastAccept
1785417976015,true,1785417976080,FastAccept
1785417976041,false,1785417976106,FastAccept
1785417976067,true,1785417976133,FastAccept
1785417976093,false,1785417976159,FastAccept
1785417976120,true,1785417976186,FastAccept
1785417976147,false,1785417976213,FastAccept
1785417976174,true,1785417976240,FastAccept
1785417976203,true,1785417976268,FastAccept
1785417976231,false,1785417976297,FastAccept
1785417976260,false,1785417976326,FastAccept
1785417976290,true,1785417976355,FastAccept
1785417976319,false,1785417976385,FastAccept
1785417976349,false,1785417976415,FastAccept
1785417976380,true,1785417976446,FastAccept
1785417976411,true,1785417976477,FastAccept
1785417976443,true,1785417976509,FastAccept
1785417976475,false,1785417976541,FastAccept
1785417976508,true,1785417976574,FastAccept
1785417976540,false,1785417976627,LeaderAccept
1785417976574,false,1785417976656,LeaderAccept
1785417976608,true,1785417976691,LeaderAccept
1785417976643,true,1785417976727,LeaderAccept
1785417976678,false,1785417976760,LeaderAccept
1785417976713,false,1785417976797,LeaderAccept
1785417976750,false,1785417976834,LeaderAccept
1785417976787,true,1785417976869,LeaderAccept
1785417976824,true,1785417976907,LeaderAccept
1785417976862,false,1785417976945,LeaderAccept
1785417976901,false,1785417976984,LeaderAccept
1785417976940,false,1785417977023,LeaderAccept
1785417976981,false,1785417977064,LeaderAccept
1785417977022,true,1785417977104,LeaderAccept
1785417977064,false,1785417977146,LeaderAccept
1785417977107,false,1785417977190,LeaderAccept
1785417977151,false,1785417977235,LeaderAccept
1785417977196,true,1785417977279,LeaderAccept
1785417977242,false,1785417977325,LeaderAccept
1785417977288,true,1785417977371,LeaderAccept
1785417977337,true,1785417977420,LeaderAccept
1785417977386,true,1785417977469,LeaderAccept
1785417977435,true,1785417977518,LeaderAccept
1785417977487,true,1785417977570,LeaderAccept
1785417977539,false,1785417977622,LeaderAccept
1785417977594,false,1785417977816,LeaderAccept
1785417977650,true,1785417977840,LeaderAccept
1785417977707,true,1785417977840,LeaderAccept
1785417977765,false,1785417977849,LeaderAccept
1785417977826,true,1785417977909,LeaderAccept
1785417977889,false,1785417977971,LeaderAccept
1785417977953,false,1785417978036,LeaderAccept
1785417978019,false,1785417978100,LeaderAccept
1785417978087,true,1785417978170,LeaderAccept
1785417978158,false,1785417978239,LeaderAccept
1785417978231,false,1785417978312,LeaderAccept
1785417978307,false,1785417978389,LeaderAccept
1785417978386,true,1785417978469,LeaderAccept
1785417978468,false,1785417978550,LeaderAccept
1785417978553,false,1785417978635,LeaderAccept
1785417978642,true,1785417978725,LeaderAccept
1785417978735,false,1785417978817,LeaderAccept
1785417978832,true,1785417978915,LeaderAccept
1785417978934,true,1785417979015,LeaderAccept
1785417979041,true,1785417979122,LeaderAccept
1785417979154,false,1785417979235,LeaderAccept
1785417979274,false,1785417979354,LeaderAccept
1785417979400,true,1785417979481,LeaderAccept
1785417979536,true,1785417979617,LeaderAccept
1785417979680,false,1785417979762,LeaderAccept
1785417979836,true,1785417979917,LeaderAccept
1785417980005,true,1785417980088,LeaderAccept
1785417980188,true,1785417980272,LeaderAccept
1785417980388,true,1785417980472,LeaderAccept
1785417980609,false,1785417980692,LeaderAccept
1785417980856,true,1785417980938,LeaderAccept
1785417981135,true,1785417981216,LeaderAccept
1785417981455,true,1785417981536,LeaderAccept
1785417981832,true,1785417981897,FastAccept
1785417982286,true,1785417982367,LeaderAccept
1785417982854,false,1785417982935,LeaderAccept
1785417983610,false,1785417983692,LeaderAccept
1785417984712,false,1785417984793,LeaderAccept
1785417986623,true,1785417986704,LeaderAccept
1785417991588,true,1785417991653,FastAccept
1785418020709,true,1785418020790,LeaderAccept
1785418020732,true,1785418020813,LeaderAccept
1785418020755,true,1785418020836,LeaderAccept
1785418020779,false,1785418020859,LeaderAccept
1785418020803,false,1785418020883,LeaderAccept
1785418020826,false,1785418020907,LeaderAccept
1785418020850,true,1785418020932,LeaderAccept
1785418020875,true,1785418020956,LeaderAccept
1785418020900,false,1785418020980,LeaderAccept
1785418020924,true,1785418021005,LeaderAccept
1785418020950,false,1785418021031,LeaderAccept
1785418020976,false,1785418021057,LeaderAccept
1785418021001,true,1785418021083,LeaderAccept
1785418021028,true,1785418021110,LeaderAccept
1785418021054,true,1785418021136,LeaderAccept
1785418021081,false,1785418021163,LeaderAccept
1785418021109,false,1785418021191,LeaderAccept
1785418021137,true,1785418021219,LeaderAccept
1785418021165,true,1785418021246,LeaderAccept
1785418021194,true,1785418021276,LeaderAccept
1785418021223,false,1785418021303,LeaderAccept
1785418021252,false,1785418021333,LeaderAccept
1785418021282,false,1785418021363,LeaderAccept
1785418021313,false,1785418021394,LeaderAccept
1785418021344,true,1785418021425,LeaderAccept
1785418021374,true,1785418021456,LeaderAccept
1785418021406,true,1785418021488,LeaderAccept
1785418021438,false,1785418021520,LeaderAccept
1785418021471,false,1785418021552,LeaderAccept
1785418021504,false,1785418021586,LeaderAccept
1785418021537,false,1785418021619,LeaderAccept
1785418021572,false,1785418021653,LeaderAccept
1785418021606,false,1785418021688,LeaderAccept
1785418021642,true,1785418021723,LeaderAccept
1785418021678,true,1785418021759,LeaderAccept
1785418021715,true,1785418021797,LeaderAccept
1785418021753,true,1785418021835,LeaderAccept
1785418021791,false,1785418021872,LeaderAccept
1785418021830,false,1785418021911,LeaderAccept
1785418021870,false,1785418021950,LeaderAccept
1785418021910,true,1785418021991,LeaderAccept
1785418021952,true,1785418022032,LeaderAccept
1785418021994,true,1785418022075,LeaderAccept
1785418022036,true,1785418022117,LeaderAccept
1785418022079,true,1785418022161,LeaderAccept
1785418022124,true,1785418022205,LeaderAccept
1785418022169,false,1785418022250,LeaderAccept
1785418022216,false,1785418022297,LeaderAccept
1785418022264,true,1785418022346,LeaderAccept
1785418022312,false,1785418022394,LeaderAccept
1785418022363,true,1785418022445,LeaderAccept
1785418022415,true,1785418022497,LeaderAccept
1785418022468,false,1785418022550,LeaderAccept
1785418022522,true,1785418022604,LeaderAccept
1785418022578,false,1785418022659,LeaderAccept
1785418022635,true,1785418022716,LeaderAccept
1785418022693,false,1785418022775,LeaderAccept
1785418022754,true,1785418022836,LeaderAccept
1785418022816,true,1785418022896,LeaderAccept
1785418022880,false,1785418022961,LeaderAccept
1785418022947,true,1785418023028,LeaderAccept
1785418023015,false,1785418023096,LeaderAccept
1785418023086,false,1785418023168,LeaderAccept
1785418023159,false,1785418023240,LeaderAccept
1785418023235,false,1785418023316,LeaderAccept
1785418023314,false,1785418023395,LeaderAccept
1785418023396,true,1785418023477,LeaderAccept
1785418023481,true,1785418023569,LeaderAccept
1785418023570,true,1785418023662,LeaderAccept
1785418023662,false,1785418023744,LeaderAccept
1785418023760,true,1785418023842,LeaderAccept
1785418023862,true,1785418023943,LeaderAccept
1785418023969,true,1785418024051,LeaderAccept
1785418024083,false,1785418024165,LeaderAccept
1785418024203,false,1785418024284,LeaderAccept
1785418024330,true,1785418024411,LeaderAccept
1785418024465,true,1785418024546,LeaderAccept
1785418024610,true,1785418024691,LeaderAccept
1785418024764,false,1785418024846,LeaderAccept
1785418024932,false,1785418025013,LeaderAccept
1785418025114,true,1785418025195,LeaderAccept
1785418025313,true,1785418025395,LeaderAccept
1785418025533,true,1785418025614,LeaderAccept
1785418025779,false,1785418025874,LeaderAccept
1785418026057,true,1785418026137,LeaderAccept
1785418026376,false,1785418026457,LeaderAccept
1785418026750,false,1785418026831,LeaderAccept
1785418027200,false,1785418027280,LeaderAccept
1785418027763,true,1785418027845,LeaderAccept
1785418028508,true,1785418028590,LeaderAccept
1785418029592,false,1785418029659,FastAccept
1785418031453,false,1785418031520,FastAccept
1785418036169,false,1785418036236,FastAccept
1785418047732,true,1785418047816,LeaderAccept
1785418047750,false,1785418047839,LeaderAccept
1785418047767,true,1785418047850,LeaderAccept
1785418047784,true,1785418047867,LeaderAccept
1785418047802,true,1785418047885,LeaderAccept
1785418047819,false,1785418047902,LeaderAccept
1785418047837,false,1785418047921,LeaderAccept
1785418047855,true,1785418047938,LeaderAccept
1785418047872,true,1785418047956,LeaderAccept
1785418047891,false,1785418047975,LeaderAccept
1785418047909,true,1785418047992,LeaderAccept
1785418047927,false,1785418048011,LeaderAccept
1785418047946,false,1785418048028,LeaderAccept
1785418047964,true,1785418048047,LeaderAccept
1785418047983,false,1785418048066,LeaderAccept
1785418048001,true,1785418048084,LeaderAccept
1785418048021,false,1785418048104,LeaderAccept
1785418048041,false,1785418048124,LeaderAccept
1785418048060,true,1785418048142,LeaderAccept
1785418048079,false,1785418048162,LeaderAccept
1785418048100,true,1785418048182,LeaderAccept
1785418048120,true,1785418048202,LeaderAccept
1785418048140,false,1785418048222,LeaderAccept
1785418048159,false,1785418048242,LeaderAccept
1785418048179,true,1785418048262,LeaderAccept
1785418048200,false,1785418048282,LeaderAccept
1785418048221,true,1785418048304,LeaderAccept
1785418048242,false,1785418048324,LeaderAccept
1785418048263,true,1785418048345,LeaderAccept
1785418048285,false,1785418048368,LeaderAccept
1785418048307,false,1785418048389,LeaderAccept
1785418048328,true,1785418048411,LeaderAccept
1785418048351,false,1785418048434,LeaderAccept
1785418048374,false,1785418048457,LeaderAccept
1785418048397,true,1785418048480,LeaderAccept
1785418048421,true,1785418048504,LeaderAccept
1785418048445,false,1785418048528,LeaderAccept
1785418048469,true,1785418048552,LeaderAccept
1785418048493,true,1785418048576,LeaderAccept
1785418048517,true,1785418048599,LeaderAccept
1785418048541,true,1785418048624,LeaderAccept
1785418048566,false,1785418048648,LeaderAccept
1785418048591,false,1785418048673,LeaderAccept
1785418048616,true,1785418048699,LeaderAccept
1785418048642,false,1785418048725,LeaderAccept
1785418048668,true,1785418048751,LeaderAccept
1785418048693,true,1785418048776,LeaderAccept
1785418048720,false,1785418048803,LeaderAccept
1785418048747,true,1785418048830,LeaderAccept
1785418048775,false,1785418048858,LeaderAccept
1785418048803,false,1785418048886,LeaderAccept
1785418048830,false,1785418048913,LeaderAccept
1785418048858,false,1785418048941,LeaderAccept
1785418048887,false,1785418048970,LeaderAccept
1785418048916,true,1785418048999,LeaderAccept
1785418048946,true,1785418049028,LeaderAccept
1785418048976,true,1785418049059,LeaderAccept
1785418049007,false,1785418049090,LeaderAccept
1785418049038,true,1785418049121,LeaderAccept
1785418049069,true,1785418049151,LeaderAccept
1785418049101,true,1785418049184,LeaderAccept
1785418049134,false,1785418049217,LeaderAccept
1785418049167,false,1785418049250,LeaderAccept
1785418049200,true,1785418049283,LeaderAccept
1785418049234,false,1785418049317,LeaderAccept
1785418049269,false,1785418049351,LeaderAccept
1785418049303,true,1785418049387,LeaderAccept
1785418049339,false,1785418049422,LeaderAccept
1785418049376,true,1785418049459,LeaderAccept
1785418049413,false,1785418049496,LeaderAccept
1785418049451,false,1785418049534,LeaderAccept
1785418049489,false,1785418049572,LeaderAccept
1785418049528,true,1785418049611,LeaderAccept
1785418049568,false,1785418049651,LeaderAccept
1785418049609,true,1785418049692,LeaderAccept
1785418049650,false,1785418049733,LeaderAccept
1785418049692,false,1785418049774,LeaderAccept
1785418049734,true,1785418049817,LeaderAccept
1785418049779,false,1785418049861,LeaderAccept
1785418049824,true,1785418049907,LeaderAccept
1785418049869,true,1785418049952,LeaderAccept
1785418049915,true,1785418049998,LeaderAccept
1785418049964,false,1785418050047,LeaderAccept
1785418050014,true,1785418050096,LeaderAccept
1785418050063,true,1785418050146,LeaderAccept
1785418050115,true,1785418050198,LeaderAccept
1785418050167,true,1785418050250,LeaderAccept
1785418050222,false,1785418050305,LeaderAccept
1785418050277,true,1785418050360,LeaderAccept
1785418050335,true,1785418050419,LeaderAccept
1785418050394,true,1785418050477,LeaderAccept
1785418050455,true,1785418050538,LeaderAccept
1785418050518,true,1785418050601,LeaderAccept
1785418050583,true,1785418050667,LeaderAccept
1785418050650,true,1785418050733,LeaderAccept
1785418050719,true,1785418050802,LeaderAccept
1785418050791,true,1785418050874,LeaderAccept
1785418050865,true,1785418050948,LeaderAccept
1785418050941,false,1785418051028,LeaderAccept
1785418051020,false,1785418051103,LeaderAccept
1785418051103,true,1785418051186,LeaderAccept
1785418051189,false,1785418051271,LeaderAccept
1785418051278,true,1785418051361,LeaderAccept
1785418051371,false,1785418051454,LeaderAccept
1785418051470,true,1785418051553,LeaderAccept
1785418051573,true,1785418051656,LeaderAccept
1785418051682,true,1785418051765,LeaderAccept
1785418051797,false,1785418051880,LeaderAccept
1785418051918,false,1785418052000,LeaderAccept
1785418052047,false,1785418052130,LeaderAccept
1785418052184,false,1785418052266,LeaderAccept
1785418052331,true,1785418052413,LeaderAccept
1785418052489,false,1785418052571,LeaderAccept
1785418052660,true,1785418052742,LeaderAccept
1785418052846,false,1785418052929,LeaderAccept
1785418053049,false,1785418053132,LeaderAccept
1785418053275,true,1785418053365,SlowAccept
1785418053527,true,1785418053610,LeaderAccept
1785418053813,false,1785418053900,LeaderAccept
1785418054142,false,1785418054210,FastAccept
1785418054531,true,1785418054616,LeaderAccept
1785418055003,false,1785418055086,LeaderAccept
1785418055600,false,1785418055667,FastAccept
1785418056403,false,1785418056486,LeaderAccept
1785418057605,true,1785418057688,LeaderAccept
1785418059795,false,1785418059878,LeaderAccept
1785418061617,true,1785418061707,SlowAccept
1785418061638,true,1785418061730,SlowAccept
1785418061660,false,1785418061742,LeaderAccept
1785418061682,true,1785418061765,LeaderAccept
1785418061704,true,1785418061788,LeaderAccept
1785418061726,false,1785418061810,LeaderAccept
1785418061750,true,1785418061833,LeaderAccept
1785418061773,true,1785418061856,LeaderAccept
1785418061796,true,1785418061879,LeaderAccept
1785418061820,true,1785418061903,LeaderAccept
1785418061844,true,1785418061928,LeaderAccept
1785418061868,false,1785418061951,LeaderAccept
1785418061892,true,1785418061976,LeaderAccept
1785418061916,true,1785418061999,LeaderAccept
1785418061942,true,1785418062025,LeaderAccept
1785418061967,false,1785418062051,LeaderAccept
1785418061993,false,1785418062076,LeaderAccept
1785418062019,false,1785418062102,LeaderAccept
1785418062045,false,1785418062129,LeaderAccept
1785418062072,false,1785418062155,LeaderAccept
1785418062099,false,1785418062182,LeaderAccept
1785418062126,true,1785418062209,LeaderAccept
1785418062154,false,1785418062238,LeaderAccept
1785418062182,true,1785418062265,LeaderAccept
1785418062210,false,1785418062294,LeaderAccept
1785418062239,true,1785418062322,LeaderAccept
1785418062268,false,1785418062352,LeaderAccept
1785418062298,true,1785418062381,LeaderAccept
1785418062328,true,1785418062411,LeaderAccept
1785418062359,false,1785418062442,LeaderAccept
1785418062390,true,1785418062473,LeaderAccept
1785418062422,true,1785418062505,LeaderAccept
1785418062454,true,1785418062537,LeaderAccept
1785418062487,true,1785418062570,LeaderAccept
1785418062520,false,1785418062603,LeaderAccept
1785418062554,true,1785418062636,LeaderAccept
1785418062587,false,1785418062671,LeaderAccept
1785418062622,true,1785418062705,LeaderAccept
1785418062657,false,1785418062740,LeaderAccept
1785418062693,true,1785418062776,LeaderAccept
1785418062729,false,1785418062812,LeaderAccept
1785418062766,true,1785418062849,LeaderAccept
1785418062804,false,1785418062886,LeaderAccept
1785418062842,false,1785418062925,LeaderAccept
1785418062882,true,1785418062965,LeaderAccept
1785418062922,true,1785418063004,LeaderAccept
1785418062962,false,1785418063045,LeaderAccept
1785418063002,true,1785418063085,LeaderAccept
1785418063044,true,1785418063127,LeaderAccept
1785418063088,false,1785418063171,LeaderAccept
1785418063131,true,1785418063215,LeaderAccept
1785418063177,true,1785418063260,LeaderAccept
1785418063223,true,1785418063306,LeaderAccept
1785418063269,false,1785418063353,LeaderAccept
1785418063318,true,1785418063401,LeaderAccept
1785418063367,true,1785418063450,LeaderAccept
1785418063416,false,1785418063500,LeaderAccept
1785418063468,true,1785418063552,LeaderAccept
1785418063521,false,1785418063604,LeaderAccept
1785418063576,true,1785418063660,LeaderAccept
1785418063632,false,1785418063715,LeaderAccept
1785418063689,false,1785418063772,LeaderAccept
1785418063748,false,1785418063831,LeaderAccept
1785418063808,false,1785418063875,FastAccept
1785418063871,true,1785418063938,FastAccept
1785418063935,true,1785418064002,FastAccept
1785418064000,true,1785418064068,FastAccept
1785418064069,true,1785418064136,FastAccept
1785418064139,true,1785418064207,FastAccept
1785418064213,false,1785418064300,LeaderAccept
1785418064289,false,1785418064356,FastAccept
1785418064368,true,1785418064436,FastAccept
1785418064451,true,1785418064518,FastAccept
1785418064537,false,1785418064604,FastAccept
1785418064626,true,1785418064693,FastAccept
1785418064720,true,1785418064787,FastAccept
1785418064818,false,1785418064885,FastAccept
1785418064921,true,1785418064988,FastAccept
1785418065028,true,1785418065096,FastAccept
1785418065143,true,1785418065210,FastAccept
1785418065264,false,1785418065355,LeaderAccept
1785418065392,true,1785418065459,FastAccept
1785418065529,false,1785418065611,LeaderAccept
1785418065675,true,1785418065742,FastAccept
1785418065832,false,1785418065899,FastAccept
1785418066002,false,1785418066069,FastAccept
1785418066187,false,1785418066254,FastAccept
1785418066389,true,1785418066457,FastAccept
1785418066614,false,1785418066697,LeaderAccept
1785418066865,false,1785418066932,FastAccept
1785418067148,false,1785418067216,FastAccept
1785418067476,false,1785418067543,FastAccept
1785418067861,true,1785418067928,FastAccept
1785418068328,true,1785418068395,FastAccept
1785418068917,false,1785418068985,FastAccept
1785418069707,true,1785418069774,FastAccept
1785418070879,true,1785418070965,LeaderAccept
1785418072982,false,1785418073050,FastAccept
1785418079005,true,1785418079073,FastAccept
1785418091166,false,1785418091233,FastAccept
1785418091185,false,1785418091276,SlowAccept
1785418091204,true,1785418091295,SlowAccept
1785418091223,false,1785418091305,LeaderAccept
1785418091243,true,1785418091325,LeaderAccept
1785418091263,false,1785418091346,LeaderAccept
1785418091283,false,1785418091365,LeaderAccept
1785418091303,false,1785418091385,LeaderAccept
1785418091322,true,1785418091405,LeaderAccept
1785418091343,true,1785418091427,LeaderAccept
1785418091363,false,1785418091446,LeaderAccept
1785418091384,true,1785418091466,LeaderAccept
1785418091405,true,1785418091488,LeaderAccept
1785418091426,false,1785418091509,LeaderAccept
1785418091448,true,1785418091530,LeaderAccept
1785418091468,true,1785418091551,LeaderAccept
1785418091490,true,1785418091572,LeaderAccept
1785418091512,true,1785418091595,LeaderAccept
1785418091535,false,1785418091618,LeaderAccept
1785418091557,false,1785418091640,LeaderAccept
1785418091580,true,1785418091663,LeaderAccept
1785418091603,true,1785418091685,LeaderAccept
1785418091627,true,1785418091710,LeaderAccept
1785418091650,false,1785418091733,LeaderAccept
1785418091674,false,1785418091757,LeaderAccept
1785418091698,true,1785418091780,LeaderAccept
1785418091722,false,1785418091805,LeaderAccept
1785418091747,true,1785418091830,LeaderAccept
1785418091772,true,1785418091854,LeaderAccept
1785418091796,true,1785418091879,LeaderAccept
1785418091822,false,1785418091905,LeaderAccept
1785418091848,false,1785418091931,LeaderAccept
1785418091874,true,1785418091957,LeaderAccept
1785418091900,false,1785418091983,LeaderAccept
1785418091926,true,1785418092009,LeaderAccept
1785418091953,false,1785418092036,LeaderAccept
1785418091981,false,1785418092064,LeaderAccept
1785418092009,true,1785418092092,LeaderAccept
1785418092036,true,1785418092119,LeaderAccept
1785418092065,true,1785418092148,LeaderAccept
1785418092094,false,1785418092177,LeaderAccept
1785418092123,true,1785418092206,LeaderAccept
1785418092153,true,1785418092235,LeaderAccept
1785418092183,true,1785418092265,LeaderAccept
1785418092214,false,1785418092298,LeaderAccept
1785418092245,true,1785418092328,LeaderAccept
1785418092277,false,1785418092359,LeaderAccept
1785418092309,true,1785418092393,LeaderAccept
1785418092341,false,1785418092424,LeaderAccept
1785418092374,false,1785418092457,LeaderAccept
1785418092408,true,1785418092491,LeaderAccept
1785418092442,false,1785418092525,LeaderAccept
1785418092477,true,1785418092560,LeaderAccept
1785418092512,false,1785418092595,LeaderAccept
1785418092548,true,1785418092631,LeaderAccept
1785418092585,true,1785418092667,LeaderAccept
1785418092622,true,1785418092704,LeaderAccept
1785418092660,false,1785418092744,LeaderAccept
1785418092698,false,1785418092781,LeaderAccept
1785418092736,true,1785418092819,LeaderAccept
1785418092777,true,1785418092859,LeaderAccept
1785418092817,false,1785418092900,LeaderAccept
1785418092859,true,1785418092942,LeaderAccept
1785418092902,false,1785418092985,LeaderAccept
1785418092946,false,1785418093029,LeaderAccept
1785418092990,true,1785418093073,LeaderAccept
1785418093035,false,1785418093118,LeaderAccept
1785418093081,false,1785418093164,LeaderAccept
1785418093129,true,1785418093212,LeaderAccept
1785418093177,false,1785418093261,LeaderAccept
1785418093227,true,1785418093310,LeaderAccept
1785418093278,true,1785418093361,LeaderAccept
1785418093330,false,1785418093413,LeaderAccept
1785418093384,true,1785418093467,LeaderAccept
1785418093439,true,1785418093522,LeaderAccept
1785418093495,true,1785418093578,LeaderAccept
1785418093553,true,1785418093636,LeaderAccept
1785418093613,false,1785418093696,LeaderAccept
1785418093673,true,1785418093740,FastAccept
1785418093737,true,1785418093804,FastAccept
1785418093803,true,1785418093870,FastAccept
1785418093870,true,1785418093952,LeaderAccept
1785418093939,true,1785418094007,FastAccept
1785418094011,true,1785418094078,FastAccept
1785418094085,false,1785418094173,LeaderAccept
1785418094163,true,1785418094230,FastAccept
1785418094243,true,1785418094310,FastAccept
1785418094327,false,1785418094394,FastAccept
1785418094414,true,1785418094481,FastAccept
1785418094505,true,1785418094572,FastAccept
1785418094600,true,1785418094691,SlowAccept
1785418094700,false,1785418094782,LeaderAccept
1785418094805,true,1785418094872,FastAccept
1785418094915,false,1785418094982,FastAccept
1785418095032,false,1785418095098,FastAccept
1785418095155,false,1785418095222,FastAccept
1785418095286,true,1785418095353,FastAccept
1785418095425,false,1785418095493,FastAccept
1785418095576,false,1785418095643,FastAccept
1785418095737,false,1785418095805,FastAccept
1785418095913,false,1785418095981,FastAccept
1785418096104,false,1785418096187,LeaderAccept
1785418096313,false,1785418096381,FastAccept
1785418096547,true,1785418096615,FastAccept
1785418096809,true,1785418096900,SlowAccept
1785418097108,true,1785418097175,FastAccept
1785418097455,true,1785418097522,FastAccept
1785418097867,true,1785418097934,FastAccept
1785418098372,true,1785418098439,FastAccept
1785418099022,false,1785418099089,FastAccept
1785418099922,true,1785418099990,FastAccept
1785418101333,false,1785418101400,FastAccept
1785418104187,true,1785418104254,FastAccept
1785418116073,true,1785418116140,FastAccept
1785418133364,false,1785418133431,FastAccept
1785418133378,true,1785418133446,FastAccept
1785418133393,true,1785418133460,FastAccept
1785418133408,false,1785418133476,FastAccept
1785418133422,false,1785418133490,FastAccept
1785418133438,true,1785418133505,FastAccept
1785418133453,false,1785418133520,FastAccept
1785418133468,true,1785418133559,SlowAccept
1785418133484,true,1785418133574,SlowAccept
1785418133499,false,1785418133582,LeaderAccept
1785418133515,false,1785418133598,LeaderAccept
1785418133531,true,1785418133613,LeaderAccept
1785418133547,true,1785418133630,LeaderAccept
1785418133563,false,1785418133646,LeaderAccept
1785418133579,false,1785418133661,LeaderAccept
1785418133594,false,1785418133678,LeaderAccept
1785418133611,false,1785418133694,LeaderAccept
1785418133628,true,1785418133711,LeaderAccept
1785418133645,true,1785418133728,LeaderAccept
1785418133661,false,1785418133744,LeaderAccept
1785418133678,false,1785418133761,LeaderAccept
1785418133695,true,1785418133778,LeaderAccept
1785418133711,true,1785418133794,LeaderAccept
1785418133729,true,1785418133812,LeaderAccept
1785418133746,true,1785418133829,LeaderAccept
1785418133764,true,1785418133848,LeaderAccept
1785418133781,false,1785418133865,LeaderAccept
1785418133798,true,1785418133882,LeaderAccept
1785418133816,false,1785418133900,LeaderAccept
1785418133834,false,1785418133918,LeaderAccept
1785418133853,true,1785418133936,LeaderAccept
1785418133871,true,1785418133954,LeaderAccept
1785418133890,true,1785418133973,LeaderAccept
1785418133909,false,1785418133992,LeaderAccept
1785418133928,true,1785418134011,LeaderAccept
1785418133947,true,1785418134029,LeaderAccept
1785418133966,true,1785418134051,LeaderAccept
1785418133986,true,1785418134070,LeaderAccept
1785418134005,true,1785418134088,LeaderAccept
1785418134025,true,1785418134108,LeaderAccept
1785418134045,false,1785418134128,LeaderAccept
1785418134065,true,1785418134147,LeaderAccept
1785418134086,false,1785418134168,LeaderAccept
1785418134106,true,1785418134188,LeaderAccept
1785418134126,false,1785418134209,LeaderAccept
1785418134147,true,1785418134229,LeaderAccept
1785418134168,false,1785418134250,LeaderAccept
1785418134188,true,1785418134271,LeaderAccept
1785418134210,true,1785418134293,LeaderAccept
1785418134231,true,1785418134314,LeaderAccept
1785418134254,false,1785418134337,LeaderAccept
1785418134277,true,1785418134360,LeaderAccept
1785418134300,true,1785418134383,LeaderAccept
1785418134323,false,1785418134406,LeaderAccept
1785418134346,false,1785418134429,LeaderAccept
1785418134370,true,1785418134453,LeaderAccept
1785418134394,true,1785418134477,LeaderAccept
1785418134418,true,1785418134501,LeaderAccept
1785418134442,false,1785418134525,LeaderAccept
1785418134467,true,1785418134550,LeaderAccept
1785418134492,false,1785418134574,LeaderAccept
1785418134517,false,1785418134600,LeaderAccept
1785418134542,false,1785418134626,LeaderAccept
1785418134568,true,1785418134651,LeaderAccept
1785418134593,false,1785418134676,LeaderAccept
1785418134620,true,1785418134703,LeaderAccept
1785418134647,false,1785418134730,LeaderAccept
1785418134673,true,1785418134756,LeaderAccept
1785418134700,false,1785418134784,LeaderAccept
1785418134727,true,1785418134811,LeaderAccept
1785418134755,false,1785418134838,LeaderAccept
1785418134782,false,1785418134865,LeaderAccept
1785418134811,true,1785418134894,LeaderAccept
1785418134840,true,1785418134923,LeaderAccept
1785418134870,false,1785418134953,LeaderAccept
1785418134900,false,1785418134983,LeaderAccept
1785418134929,true,1785418135013,LeaderAccept
1785418134959,true,1785418135043,LeaderAccept
1785418134990,true,1785418135073,LeaderAccept
1785418135022,true,1785418135104,LeaderAccept
1785418135054,false,1785418135137,LeaderAccept
1785418135085,true,1785418135168,LeaderAccept
1785418135118,true,1785418135201,LeaderAccept
1785418135152,true,1785418135234,LeaderAccept
1785418135185,true,1785418135268,LeaderAccept
1785418135220,false,1785418135303,LeaderAccept
1785418135254,false,1785418135337,LeaderAccept
1785418135290,false,1785418135373,LeaderAccept
1785418135327,true,1785418135409,LeaderAccept
1785418135364,true,1785418135446,LeaderAccept
1785418135402,true,1785418135484,LeaderAccept
1785418135439,false,1785418135523,LeaderAccept
1785418135479,false,1785418135562,LeaderAccept
1785418135519,true,1785418135602,LeaderAccept
1785418135560,false,1785418135643,LeaderAccept
1785418135602,false,1785418135685,LeaderAccept
1785418135644,false,1785418135727,LeaderAccept
1785418135688,false,1785418135771,LeaderAccept
1785418135731,true,1785418135815,LeaderAccept
1785418135776,false,1785418135860,LeaderAccept
1785418135823,false,1785418135906,LeaderAccept
1785418135870,true,1785418135954,LeaderAccept
1785418135919,true,1785418136002,LeaderAccept
1785418135969,false,1785418136053,LeaderAccept
1785418136020,false,1785418136103,LeaderAccept
1785418136072,true,1785418136155,LeaderAccept
1785418136125,true,1785418136209,LeaderAccept
1785418136180,false,1785418136264,LeaderAccept
1785418136237,true,1785418136320,LeaderAccept
1785418136295,true,1785418136378,LeaderAccept
1785418136354,true,1785418136438,LeaderAccept
1785418136416,true,1785418136507,SlowAccept
1785418136479,false,1785418136562,LeaderAccept
1785418136544,true,1785418136611,FastAccept
1785418136611,false,1785418136678,FastAccept
1785418136680,true,1785418136747,FastAccept
1785418136752,true,1785418136819,FastAccept
1785418136827,false,1785418136894,FastAccept
1785418136904,true,1785418136971,FastAccept
1785418136985,true,1785418137052,FastAccept
1785418137068,true,1785418137159,SlowAccept
1785418137155,false,1785418137222,FastAccept
1785418137245,true,1785418137312,FastAccept
1785418137340,true,1785418137407,FastAccept
1785418137438,false,1785418137506,FastAccept
1785418137543,false,1785418137610,FastAccept
1785418137653,false,1785418137720,FastAccept
1785418137769,false,1785418137837,FastAccept
1785418137892,false,1785418137959,FastAccept
1785418138023,true,1785418138090,FastAccept
1785418138162,false,1785418138229,FastAccept
1785418138311,false,1785418138378,FastAccept
1785418138471,true,1785418138538,FastAccept
1785418138645,false,1785418138712,FastAccept
1785418138835,false,1785418138902,FastAccept
1785418139042,true,1785418139110,FastAccept
1785418139273,true,1785418139356,LeaderAccept
1785418139533,true,1785418139616,LeaderAccept
1785418139828,false,1785418139910,LeaderAccept
1785418140170,false,1785418140253,LeaderAccept
1785418140576,true,1785418140659,LeaderAccept
1785418141072,false,1785418141155,LeaderAccept
1785418141708,false,1785418141776,FastAccept
1785418142582,true,1785418142665,LeaderAccept
1785418143933,false,1785418144000,FastAccept
1785418146588,true,1785418146656,FastAccept
1785418156598,true,1785418156676,LeaderAccept
1785418164802,false,1785418164882,LeaderAccept
1785418164821,true,1785418164906,LeaderAccept
1785418164839,false,1785418164929,LeaderAccept
1785418164859,false,1785418164939,LeaderAccept
1785418164878,true,1785418164957,LeaderAccept
1785418164897,false,1785418164975,LeaderAccept
1785418164916,false,1785418164995,LeaderAccept
1785418164936,false,1785418165015,LeaderAccept
1785418164956,false,1785418165035,LeaderAccept
1785418164975,true,1785418165055,LeaderAccept
1785418164996,false,1785418165075,LeaderAccept
1785418165017,true,1785418165096,LeaderAccept
1785418165038,false,1785418165116,LeaderAccept
1785418165059,false,1785418165138,LeaderAccept
1785418165080,false,1785418165158,LeaderAccept
1785418165101,false,1785418165179,LeaderAccept
1785418165123,true,1785418165202,LeaderAccept
1785418165145,false,1785418165224,LeaderAccept
1785418165167,false,1785418165245,LeaderAccept
1785418165189,true,1785418165267,LeaderAccept
1785418165210,true,1785418165289,LeaderAccept
1785418165233,true,1785418165311,LeaderAccept
1785418165255,true,1785418165334,LeaderAccept
1785418165279,true,1785418165358,LeaderAccept
1785418165302,false,1785418165381,LeaderAccept
1785418165325,true,1785418165404,LeaderAccept
1785418165349,false,1785418165428,LeaderAccept
1785418165373,true,1785418165452,LeaderAccept
1785418165397,false,1785418165476,LeaderAccept
1785418165421,true,1785418165500,LeaderAccept
1785418165447,true,1785418165526,LeaderAccept
1785418165472,false,1785418165551,LeaderAccept
1785418165498,true,1785418165577,LeaderAccept
1785418165524,true,1785418165603,LeaderAccept
1785418165551,true,1785418165629,LeaderAccept
1785418165577,false,1785418165655,LeaderAccept
1785418165604,false,1785418165683,LeaderAccept
1785418165630,false,1785418165709,LeaderAccept
1785418165657,false,1785418165737,LeaderAccept
1785418165685,false,1785418165764,LeaderAccept
1785418165713,true,1785418165792,LeaderAccept
1785418165742,false,1785418165820,LeaderAccept
1785418165770,true,1785418165850,LeaderAccept
1785418165800,false,1785418165878,LeaderAccept
1785418165830,false,1785418165908,LeaderAccept
1785418165860,false,1785418165939,LeaderAccept
1785418165890,false,1785418165970,LeaderAccept
1785418165922,false,1785418166001,LeaderAccept
1785418165954,false,1785418166033,LeaderAccept
1785418165986,false,1785418166065,LeaderAccept
1785418166019,false,1785418166098,LeaderAccept
1785418166051,false,1785418166131,LeaderAccept
1785418166085,false,1785418166164,LeaderAccept
1785418166118,false,1785418166198,LeaderAccept
1785418166153,true,1785418166233,LeaderAccept
1785418166188,true,1785418166269,LeaderAccept
1785418166224,true,1785418166304,LeaderAccept
1785418166261,false,1785418166341,LeaderAccept
1785418166298,true,1785418166379,LeaderAccept
1785418166336,true,1785418166416,LeaderAccept
1785418166374,false,1785418166456,LeaderAccept
1785418166414,true,1785418166493,LeaderAccept
1785418166454,false,1785418166533,LeaderAccept
1785418166495,false,1785418166574,LeaderAccept
1785418166537,true,1785418166616,LeaderAccept
1785418166580,true,1785418166659,LeaderAccept
1785418166623,false,1785418166702,LeaderAccept
1785418166667,true,1785418166746,LeaderAccept
1785418166713,true,1785418166792,LeaderAccept
1785418166760,true,1785418166840,LeaderAccept
1785418166808,false,1785418166887,LeaderAccept
1785418166856,true,1785418166935,LeaderAccept
1785418166906,true,1785418166985,LeaderAccept
1785418166957,false,1785418167036,LeaderAccept
1785418167009,true,1785418167089,LeaderAccept
1785418167063,true,1785418167142,LeaderAccept
1785418167118,true,1785418167197,LeaderAccept
1785418167174,true,1785418167239,FastAccept
1785418167232,true,1785418167298,FastAccept
1785418167292,false,1785418167371,LeaderAccept
1785418167354,false,1785418167419,FastAccept
1785418167417,true,1785418167483,FastAccept
1785418167483,true,1785418167549,FastAccept
1785418167551,false,1785418167616,FastAccept
1785418167621,true,1785418167687,FastAccept
1785418167694,false,1785418167760,FastAccept
1785418167768,false,1785418167834,FastAccept
1785418167846,false,1785418167938,LeaderAccept
1785418167927,false,1785418167993,FastAccept
1785418168011,true,1785418168077,FastAccept
1785418168099,false,1785418168165,FastAccept
1785418168190,false,1785418168256,FastAccept
1785418168286,false,1785418168351,FastAccept
1785418168385,true,1785418168451,FastAccept
1785418168490,false,1785418168556,FastAccept
1785418168602,false,1785418168668,FastAccept
1785418168720,true,1785418168786,FastAccept
1785418168844,true,1785418168910,FastAccept
1785418168977,false,1785418169042,FastAccept
1785418169118,true,1785418169183,FastAccept
1785418169270,false,1785418169336,FastAccept
1785418169433,true,1785418169499,FastAccept
1785418169611,true,1785418169677,FastAccept
1785418169805,false,1785418169871,FastAccept
1785418170019,true,1785418170085,FastAccept
1785418170257,true,1785418170323,FastAccept
1785418170525,true,1785418170590,FastAccept
1785418170830,false,1785418170909,LeaderAccept
1785418171186,false,1785418171265,LeaderAccept
1785418171611,true,1785418171691,LeaderAccept
1785418172135,false,1785418172215,LeaderAccept
1785418172816,true,1785418172896,LeaderAccept
1785418173774,true,1785418173839,FastAccept
1785418175319,false,1785418175385,FastAccept
1785418178661,true,1785418178743,LeaderAccept
1785418186203,false,1785418186268,FastAccept
1785418186218,false,1785418186283,FastAccept
1785418186233,true,1785418186299,FastAccept
1785418186249,true,1785418186314,FastAccept
1785418186264,true,1785418186329,FastAccept
1785418186280,true,1785418186346,FastAccept
1785418186296,true,1785418186361,FastAccept
1785418186311,false,1785418186376,FastAccept
1785418186327,true,1785418186392,FastAccept
1785418186343,false,1785418186408,FastAccept
1785418186359,false,1785418186424,FastAccept
1785418186375,true,1785418186441,FastAccept
1785418186392,false,1785418186457,FastAccept
1785418186408,true,1785418186473,FastAccept
1785418186424,false,1785418186490,FastAccept
1785418186440,false,1785418186506,FastAccept
1785418186457,true,1785418186523,FastAccept
1785418186473,false,1785418186539,FastAccept
1785418186489,false,1785418186555,FastAccept
1785418186507,true,1785418186572,FastAccept
1785418186525,false,1785418186591,FastAccept
1785418186542,true,1785418186608,FastAccept
1785418186560,false,1785418186625,FastAccept
1785418186578,true,1785418186643,FastAccept
1785418186596,false,1785418186661,FastAccept
1785418186614,false,1785418186680,FastAccept
1785418186632,false,1785418186697,FastAccept
1785418186650,true,1785418186715,FastAccept
1785418186667,true,1785418186733,FastAccept
1785418186686,true,1785418186751,FastAccept
1785418186704,false,1785418186770,FastAccept
1785418186723,true,1785418186789,FastAccept
1785418186743,false,1785418186809,FastAccept
1785418186763,false,1785418186828,FastAccept
1785418186782,false,1785418186848,FastAccept
1785418186802,true,1785418186868,FastAccept
1785418186822,true,1785418186888,FastAccept
1785418186841,false,1785418186907,FastAccept
1785418186862,false,1785418186928,FastAccept
1785418186883,true,1785418186949,FastAccept
1785418186904,true,1785418186970,FastAccept
1785418186925,false,1785418186990,FastAccept
1785418186946,true,1785418187011,FastAccept
1785418186967,false,1785418187032,FastAccept
1785418186988,true,1785418187054,FastAccept
1785418187010,true,1785418187076,FastAccept
1785418187032,false,1785418187097,FastAccept
1785418187054,true,1785418187119,FastAccept
1785418187076,false,1785418187142,FastAccept
1785418187097,true,1785418187163,FastAccept
1785418187120,false,1785418187186,FastAccept
1785418187143,false,1785418187208,FastAccept
1785418187166,false,1785418187232,FastAccept
1785418187190,false,1785418187256,FastAccept
1785418187214,true,1785418187279,FastAccept
1785418187238,true,1785418187304,FastAccept
1785418187262,false,1785418187327,FastAccept
1785418187286,true,1785418187352,FastAccept
1785418187311,true,1785418187377,FastAccept
1785418187335,true,1785418187401,FastAccept
1785418187360,true,1785418187426,FastAccept
1785418187386,false,1785418187452,FastAccept
1785418187412,true,1785418187478,FastAccept
1785418187439,false,1785418187505,FastAccept
1785418187465,true,1785418187531,FastAccept
1785418187493,true,1785418187558,FastAccept
1785418187521,true,1785418187587,FastAccept
1785418187549,false,1785418187614,FastAccept
1785418187577,true,1785418187642,FastAccept
1785418187605,false,1785418187703,LeaderAccept
1785418187633,false,1785418187726,LeaderAccept
1785418187663,false,1785418187743,LeaderAccept
1785418187692,false,1785418187771,LeaderAccept
1785418187722,false,1785418187802,LeaderAccept
1785418187752,true,1785418187832,LeaderAccept
1785418187783,true,1785418187863,LeaderAccept
1785418187815,false,1785418187895,LeaderAccept
1785418187846,true,1785418187927,LeaderAccept
1785418187879,false,1785418187958,LeaderAccept
1785418187912,false,1785418187992,LeaderAccept
1785418187945,true,1785418188024,LeaderAccept
1785418187979,true,1785418188058,LeaderAccept
1785418188013,true,1785418188092,LeaderAccept
1785418188048,true,1785418188128,LeaderAccept
1785418188083,false,1785418188164,LeaderAccept
1785418188120,true,1785418188199,LeaderAccept
1785418188157,false,1785418188236,LeaderAccept
1785418188194,true,1785418188274,LeaderAccept
1785418188232,true,1785418188311,LeaderAccept
1785418188271,false,1785418188350,LeaderAccept
1785418188311,false,1785418188390,LeaderAccept
1785418188352,false,1785418188430,LeaderAccept
1785418188393,true,1785418188472,LeaderAccept
1785418188435,false,1785418188514,LeaderAccept
1785418188478,true,1785418188557,LeaderAccept
1785418188522,true,1785418188601,LeaderAccept
1785418188566,false,1785418188645,LeaderAccept
1785418188612,true,1785418188691,LeaderAccept
1785418188659,true,1785418188738,LeaderAccept
1785418188707,true,1785418188786,LeaderAccept
1785418188756,true,1785418188835,LeaderAccept
1785418188806,false,1785418188885,LeaderAccept
1785418188857,true,1785418188937,LeaderAccept
1785418188910,true,1785418188989,LeaderAccept
1785418188965,false,1785418189044,LeaderAccept
1785418189021,false,1785418189086,FastAccept
1785418189078,true,1785418189144,FastAccept
1785418189136,false,1785418189202,FastAccept
1785418189197,true,1785418189262,FastAccept
1785418189260,true,1785418189326,FastAccept
1785418189325,false,1785418189390,FastAccept
1785418189390,false,1785418189456,FastAccept
1785418189459,false,1785418189525,FastAccept
1785418189530,false,1785418189596,FastAccept
1785418189604,true,1785418189670,FastAccept
1785418189681,false,1785418189747,FastAccept
1785418189761,true,1785418189827,FastAccept
1785418189844,true,1785418189910,FastAccept
1785418189930,true,1785418189996,FastAccept
1785418190020,true,1785418190086,FastAccept
1785418190114,true,1785418190180,FastAccept
1785418190213,true,1785418190279,FastAccept
1785418190316,false,1785418190382,FastAccept
1785418190425,false,1785418190491,FastAccept
1785418190540,false,1785418190606,FastAccept
1785418190661,false,1785418190727,FastAccept
1785418190790,false,1785418190856,FastAccept
1785418190927,false,1785418190993,FastAccept
1785418191073,true,1785418191139,FastAccept
1785418191232,true,1785418191298,FastAccept
1785418191402,true,1785418191468,FastAccept
1785418191588,false,1785418191667,LeaderAccept
1785418191793,true,1785418191873,LeaderAccept
1785418192019,true,1785418192097,LeaderAccept
1785418192272,true,1785418192351,LeaderAccept
1785418192558,true,1785418192637,LeaderAccept
1785418192889,false,1785418192968,LeaderAccept
1785418193279,true,1785418193358,LeaderAccept
1785418193753,true,1785418193831,LeaderAccept
1785418194353,false,1785418194432,LeaderAccept
1785418195162,false,1785418195241,LeaderAccept
1785418196375,false,1785418196441,FastAccept
1785418198595,true,1785418198692,LeaderAccept
1785418205336,false,1785418205402,FastAccept
1785418213908,true,1785418213993,LeaderAccept
1785418213923,false,1785418214020,LeaderAccept
1785418213939,false,1785418214023,LeaderAccept
1785418213955,true,1785418214049,LeaderAccept
1785418213971,false,1785418214056,LeaderAccept
1785418213987,true,1785418214071,LeaderAccept
1785418214003,false,1785418214087,LeaderAccept
1785418214019,false,1785418214104,LeaderAccept
1785418214036,false,1785418214120,LeaderAccept
1785418214053,false,1785418214137,LeaderAccept
1785418214070,true,1785418214154,LeaderAccept
1785418214087,false,1785418214171,LeaderAccept
1785418214104,true,1785418214188,LeaderAccept
1785418214120,true,1785418214205,LeaderAccept
1785418214136,false,1785418214221,LeaderAccept
1785418214154,false,1785418214238,LeaderAccept
1785418214171,false,1785418214255,LeaderAccept
1785418214189,false,1785418214273,LeaderAccept
1785418214207,true,1785418214291,LeaderAccept
1785418214225,false,1785418214309,LeaderAccept
1785418214243,false,1785418214327,LeaderAccept
1785418214260,true,1785418214345,LeaderAccept
1785418214278,true,1785418214362,LeaderAccept
1785418214297,false,1785418214381,LeaderAccept
1785418214316,true,1785418214400,LeaderAccept
1785418214335,true,1785418214419,LeaderAccept
1785418214354,true,1785418214437,LeaderAccept
1785418214372,false,1785418214457,LeaderAccept
1785418214391,false,1785418214475,LeaderAccept
1785418214410,false,1785418214494,LeaderAccept
1785418214430,true,1785418214513,LeaderAccept
1785418214450,false,1785418214533,LeaderAccept
1785418214470,true,1785418214554,LeaderAccept
1785418214489,false,1785418214573,LeaderAccept
1785418214510,false,1785418214594,LeaderAccept
1785418214530,false,1785418214614,LeaderAccept
1785418214550,true,1785418214633,LeaderAccept
1785418214571,true,1785418214655,LeaderAccept
1785418214592,false,1785418214677,LeaderAccept
1785418214614,true,1785418214698,LeaderAccept
1785418214634,true,1785418214719,LeaderAccept
1785418214656,false,1785418214740,LeaderAccept
1785418214678,true,1785418214761,LeaderAccept
1785418214700,true,1785418214784,LeaderAccept
1785418214723,true,1785418214807,LeaderAccept
1785418214746,false,1785418214831,LeaderAccept
1785418214769,true,1785418214852,LeaderAccept
1785418214792,true,1785418214876,LeaderAccept
1785418214816,false,1785418214900,LeaderAccept
1785418214840,false,1785418214924,LeaderAccept
1785418214864,false,1785418214948,LeaderAccept
1785418214888,false,1785418214972,LeaderAccept
1785418214912,true,1785418214996,LeaderAccept
1785418214937,false,1785418215021,LeaderAccept
1785418214962,false,1785418215047,LeaderAccept
1785418214987,true,1785418215071,LeaderAccept
1785418215013,true,1785418215097,LeaderAccept
1785418215039,false,1785418215123,LeaderAccept
1785418215066,true,1785418215150,LeaderAccept
1785418215093,false,1785418215177,LeaderAccept
1785418215120,false,1785418215204,LeaderAccept
1785418215148,false,1785418215232,LeaderAccept
1785418215176,true,1785418215260,LeaderAccept
1785418215204,false,1785418215288,LeaderAccept
1785418215233,true,1785418215317,LeaderAccept
1785418215261,true,1785418215345,LeaderAccept
1785418215291,true,1785418215375,LeaderAccept
1785418215321,true,1785418215405,LeaderAccept
1785418215351,true,1785418215435,LeaderAccept
1785418215382,true,1785418215466,LeaderAccept
1785418215413,false,1785418215498,LeaderAccept
1785418215445,true,1785418215529,LeaderAccept
1785418215477,false,1785418215561,LeaderAccept
1785418215510,true,1785418215594,LeaderAccept
1785418215543,false,1785418215627,LeaderAccept
1785418215577,false,1785418215662,LeaderAccept
1785418215611,true,1785418215695,LeaderAccept
1785418215646,true,1785418215730,LeaderAccept
1785418215681,true,1785418215765,LeaderAccept
1785418215717,true,1785418215801,LeaderAccept
1785418215753,true,1785418215838,LeaderAccept
1785418215791,false,1785418215874,LeaderAccept
1785418215828,true,1785418215912,LeaderAccept
1785418215866,true,1785418215949,LeaderAccept
1785418215905,true,1785418215988,LeaderAccept
1785418215945,false,1785418216029,LeaderAccept
1785418215985,false,1785418216070,LeaderAccept
1785418216027,true,1785418216110,LeaderAccept
1785418216069,true,1785418216153,LeaderAccept
1785418216112,true,1785418216197,LeaderAccept
1785418216157,true,1785418216241,LeaderAccept
1785418216202,false,1785418216286,LeaderAccept
1785418216248,false,1785418216333,LeaderAccept
1785418216296,true,1785418216380,LeaderAccept
1785418216344,true,1785418216428,LeaderAccept
1785418216394,false,1785418216478,LeaderAccept
1785418216445,true,1785418216528,LeaderAccept
1785418216497,true,1785418216581,LeaderAccept
1785418216550,true,1785418216634,LeaderAccept
1785418216604,false,1785418216689,LeaderAccept
1785418216661,false,1785418216745,LeaderAccept
1785418216719,false,1785418216803,LeaderAccept
1785418216777,true,1785418216862,LeaderAccept
1785418216838,true,1785418216922,LeaderAccept
1785418216900,false,1785418216985,LeaderAccept
1785418216965,true,1785418217049,LeaderAccept
1785418217032,false,1785418217116,LeaderAccept
1785418217101,true,1785418217185,LeaderAccept
1785418217173,false,1785418217257,LeaderAccept
1785418217248,true,1785418217332,LeaderAccept
1785418217324,true,1785418217409,LeaderAccept
1785418217404,true,1785418217488,LeaderAccept
1785418217487,true,1785418217572,LeaderAccept
1785418217574,false,1785418217658,LeaderAccept
1785418217664,false,1785418217749,LeaderAccept
1785418217758,true,1785418217843,LeaderAccept
1785418217857,false,1785418217942,LeaderAccept
1785418217961,false,1785418218045,LeaderAccept
1785418218070,true,1785418218154,LeaderAccept
1785418218185,false,1785418218269,LeaderAccept
1785418218307,true,1785418218392,LeaderAccept
1785418218437,false,1785418218521,LeaderAccept
1785418218576,true,1785418218660,LeaderAccept
1785418218724,false,1785418218790,FastAccept
1785418218883,false,1785418218949,FastAccept
1785418219055,false,1785418219121,FastAccept
1785418219244,true,1785418219309,FastAccept
1785418219450,true,1785418219515,FastAccept
1785418219679,true,1785418219775,SlowAccept
1785418219936,true,1785418220021,LeaderAccept
1785418220228,true,1785418220293,FastAccept
1785418220565,false,1785418220651,LeaderAccept
1785418220964,true,1785418221048,LeaderAccept
1785418221451,false,1785418221535,LeaderAccept
1785418222072,false,1785418222162,LeaderAccept
1785418222918,true,1785418222984,FastAccept
1785418224209,true,1785418224293,LeaderAccept
1785418226669,true,1785418226735,FastAccept
1785418235085,false,1785418235151,FastAccept
1785418263016,false,1785418263080,FastAccept
1785418263032,true,1785418263129,SlowAccept
1785418263049,false,1785418263145,SlowAccept
1785418263065,true,1785418263158,LeaderAccept
1785418263082,true,1785418263172,LeaderAccept
1785418263099,true,1785418263183,LeaderAccept
1785418263116,false,1785418263200,LeaderAccept
1785418263133,false,1785418263217,LeaderAccept
1785418263150,false,1785418263235,LeaderAccept
1785418263168,false,1785418263252,LeaderAccept
1785418263185,true,1785418263269,LeaderAccept
1785418263203,true,1785418263287,LeaderAccept
1785418263221,true,1785418263305,LeaderAccept
1785418263239,false,1785418263323,LeaderAccept
1785418263257,true,1785418263341,LeaderAccept
1785418263275,true,1785418263359,LeaderAccept
1785418263293,true,1785418263378,LeaderAccept
1785418263312,false,1785418263396,LeaderAccept
1785418263331,false,1785418263415,LeaderAccept
1785418263350,true,1785418263435,LeaderAccept
1785418263369,true,1785418263453,LeaderAccept
1785418263388,true,1785418263472,LeaderAccept
1785418263407,false,1785418263492,LeaderAccept
1785418263426,true,1785418263511,LeaderAccept
1785418263446,false,1785418263530,LeaderAccept
1785418263466,false,1785418263550,LeaderAccept
1785418263486,false,1785418263570,LeaderAccept
1785418263506,false,1785418263591,LeaderAccept
1785418263527,true,1785418263612,LeaderAccept
1785418263547,true,1785418263633,LeaderAccept
1785418263567,false,1785418263652,LeaderAccept
1785418263589,false,1785418263674,LeaderAccept
1785418263611,true,1785418263696,LeaderAccept
1785418263633,true,1785418263717,LeaderAccept
1785418263655,true,1785418263739,LeaderAccept
1785418263677,false,1785418263761,LeaderAccept
1785418263699,true,1785418263784,LeaderAccept
1785418263721,true,1785418263806,LeaderAccept
1785418263744,false,1785418263828,LeaderAccept
1785418263767,true,1785418263851,LeaderAccept
1785418263790,false,1785418263874,LeaderAccept
1785418263813,true,1785418263898,LeaderAccept
1785418263837,true,1785418263922,LeaderAccept
1785418263861,false,1785418263945,LeaderAccept
1785418263885,false,1785418263970,LeaderAccept
1785418263910,true,1785418263995,LeaderAccept
1785418263935,true,1785418264020,LeaderAccept
1785418263960,false,1785418264044,LeaderAccept
1785418263985,true,1785418264069,LeaderAccept
1785418264011,false,1785418264096,LeaderAccept
1785418264037,false,1785418264121,LeaderAccept
1785418264063,true,1785418264147,LeaderAccept
1785418264088,true,1785418264173,LeaderAccept
1785418264115,true,1785418264200,LeaderAccept
1785418264142,false,1785418264227,LeaderAccept
1785418264170,false,1785418264255,LeaderAccept
1785418264198,true,1785418264282,LeaderAccept
1785418264227,false,1785418264311,LeaderAccept
1785418264256,false,1785418264340,LeaderAccept
1785418264284,true,1785418264368,LeaderAccept
1785418264314,true,1785418264399,LeaderAccept
1785418264344,true,1785418264429,LeaderAccept
1785418264375,false,1785418264460,LeaderAccept
1785418264406,false,1785418264490,LeaderAccept
1785418264437,false,1785418264521,LeaderAccept
1785418264469,true,1785418264553,LeaderAccept
1785418264501,true,1785418264585,LeaderAccept
1785418264534,true,1785418264618,LeaderAccept
1785418264566,false,1785418264651,LeaderAccept
1785418264600,false,1785418264684,LeaderAccept
1785418264634,true,1785418264719,LeaderAccept
1785418264669,true,1785418264754,LeaderAccept
1785418264705,true,1785418264791,LeaderAccept
1785418264742,false,1785418264826,LeaderAccept
1785418264778,true,1785418264863,LeaderAccept
1785418264816,true,1785418264900,LeaderAccept
1785418264854,false,1785418264938,LeaderAccept
1785418264892,false,1785418264977,LeaderAccept
1785418264932,true,1785418265017,LeaderAccept
1785418264972,false,1785418265057,LeaderAccept
1785418265013,false,1785418265098,LeaderAccept
1785418265055,false,1785418265139,LeaderAccept
1785418265098,true,1785418265182,LeaderAccept
1785418265141,false,1785418265226,LeaderAccept
1785418265186,false,1785418265271,LeaderAccept
1785418265232,true,1785418265316,LeaderAccept
1785418265278,true,1785418265363,LeaderAccept
1785418265326,false,1785418265410,LeaderAccept
1785418265375,false,1785418265460,LeaderAccept
1785418265424,true,1785418265509,LeaderAccept
1785418265476,false,1785418265561,LeaderAccept
1785418265528,true,1785418265613,LeaderAccept
1785418265582,true,1785418265666,LeaderAccept
1785418265637,false,1785418265722,LeaderAccept
1785418265694,true,1785418265778,LeaderAccept
1785418265752,false,1785418265816,FastAccept
1785418265811,true,1785418265875,FastAccept
1785418265873,true,1785418265938,FastAccept
1785418265937,false,1785418266001,FastAccept
1785418266002,true,1785418266067,FastAccept
1785418266071,false,1785418266136,FastAccept
1785418266142,false,1785418266206,FastAccept
1785418266215,false,1785418266279,FastAccept
1785418266290,true,1785418266354,FastAccept
1785418266368,false,1785418266432,FastAccept
1785418266449,false,1785418266513,FastAccept
1785418266534,false,1785418266598,FastAccept
1785418266622,true,1785418266687,FastAccept
1785418266715,true,1785418266780,FastAccept
1785418266812,false,1785418266876,FastAccept
1785418266913,false,1785418266977,FastAccept
1785418267018,true,1785418267083,FastAccept
1785418267131,true,1785418267195,FastAccept
1785418267250,false,1785418267314,FastAccept
1785418267375,false,1785418267440,FastAccept
1785418267509,true,1785418267573,FastAccept
1785418267652,true,1785418267716,FastAccept
1785418267804,true,1785418267869,FastAccept
1785418267969,false,1785418268034,FastAccept
1785418268149,true,1785418268214,FastAccept
1785418268346,false,1785418268410,FastAccept
1785418268563,true,1785418268627,FastAccept
1785418268804,true,1785418268868,FastAccept
1785418269076,true,1785418269140,FastAccept
1785418269386,true,1785418269451,FastAccept
1785418269750,false,1785418269837,LeaderAccept
1785418270186,false,1785418270274,LeaderAccept
1785418270727,true,1785418270791,FastAccept
1785418271436,false,1785418271501,FastAccept
1785418272447,false,1785418272512,FastAccept
1785418274122,false,1785418274186,FastAccept
1785418277989,false,1785418278074,LeaderAccept
1785418299677,false,1785418299741,FastAccept
1785418299692,false,1785418299757,FastAccept
1785418299708,false,1785418299772,FastAccept
1785418299723,true,1785418299850,LeaderAccept
1785418299739,true,1785418299836,SlowAccept
1785418299754,true,1785418299850,SlowAccept
1785418299770,false,1785418299864,LeaderAccept
1785418299786,false,1785418299877,LeaderAccept
1785418299802,true,1785418299886,LeaderAccept
1785418299819,true,1785418299903,LeaderAccept
1785418299835,false,1785418299919,LeaderAccept
1785418299850,true,1785418299934,LeaderAccept
1785418299866,false,1785418299951,LeaderAccept
1785418299883,false,1785418299967,LeaderAccept
1785418299900,true,1785418299984,LeaderAccept
1785418299917,false,1785418300001,LeaderAccept
1785418299934,false,1785418300018,LeaderAccept
1785418299950,true,1785418300034,LeaderAccept
1785418299968,true,1785418300052,LeaderAccept
1785418299986,false,1785418300070,LeaderAccept
1785418300004,false,1785418300088,LeaderAccept
1785418300022,true,1785418300106,LeaderAccept
1785418300040,false,1785418300124,LeaderAccept
1785418300057,true,1785418300142,LeaderAccept
1785418300076,true,1785418300161,LeaderAccept
1785418300094,false,1785418300178,LeaderAccept
1785418300113,false,1785418300198,LeaderAccept
1785418300132,false,1785418300216,LeaderAccept
1785418300151,false,1785418300235,LeaderAccept
1785418300170,false,1785418300254,LeaderAccept
1785418300189,true,1785418300273,LeaderAccept
1785418300208,false,1785418300292,LeaderAccept
1785418300227,false,1785418300310,LeaderAccept
1785418300245,false,1785418300329,LeaderAccept
1785418300265,true,1785418300350,LeaderAccept
1785418300285,true,1785418300369,LeaderAccept
1785418300305,true,1785418300389,LeaderAccept
1785418300326,false,1785418300409,LeaderAccept
1785418300345,true,1785418300430,LeaderAccept
1785418300366,true,1785418300450,LeaderAccept
1785418300387,false,1785418300471,LeaderAccept
1785418300407,false,1785418300492,LeaderAccept
1785418300428,false,1785418300513,LeaderAccept
1785418300450,true,1785418300534,LeaderAccept
1785418300471,false,1785418300556,LeaderAccept
1785418300494,false,1785418300578,LeaderAccept
1785418300516,false,1785418300600,LeaderAccept
1785418300539,false,1785418300624,LeaderAccept
1785418300562,true,1785418300646,LeaderAccept
1785418300585,true,1785418300669,LeaderAccept
1785418300608,true,1785418300692,LeaderAccept
1785418300631,true,1785418300716,LeaderAccept
1785418300654,true,1785418300738,LeaderAccept
1785418300679,true,1785418300762,LeaderAccept
1785418300703,false,1785418300787,LeaderAccept
1785418300728,false,1785418300812,LeaderAccept
1785418300753,false,1785418300837,LeaderAccept
1785418300777,false,1785418300862,LeaderAccept
1785418300803,true,1785418300887,LeaderAccept
1785418300829,false,1785418300913,LeaderAccept
1785418300855,false,1785418300939,LeaderAccept
1785418300882,false,1785418300966,LeaderAccept
1785418300909,false,1785418300993,LeaderAccept
1785418300937,false,1785418301020,LeaderAccept
1785418300964,true,1785418301047,LeaderAccept
1785418300991,false,1785418301075,LeaderAccept
1785418301020,true,1785418301104,LeaderAccept
1785418301048,false,1785418301132,LeaderAccept
1785418301078,false,1785418301163,LeaderAccept
1785418301108,true,1785418301192,LeaderAccept
1785418301138,false,1785418301222,LeaderAccept
1785418301169,true,1785418301253,LeaderAccept
1785418301200,true,1785418301284,LeaderAccept
1785418301231,true,1785418301316,LeaderAccept
1785418301263,true,1785418301347,LeaderAccept
1785418301295,true,1785418301379,LeaderAccept
1785418301328,true,1785418301411,LeaderAccept
1785418301361,false,1785418301446,LeaderAccept
1785418301395,false,1785418301479,LeaderAccept
1785418301429,true,1785418301514,LeaderAccept
1785418301464,false,1785418301548,LeaderAccept
1785418301499,true,1785418301584,LeaderAccept
1785418301535,true,1785418301620,LeaderAccept
1785418301572,true,1785418301656,LeaderAccept
1785418301610,false,1785418301694,LeaderAccept
1785418301647,false,1785418301732,LeaderAccept
1785418301685,true,1785418301769,LeaderAccept
1785418301725,true,1785418301809,LeaderAccept
1785418301765,true,1785418301849,LeaderAccept
1785418301806,false,1785418301889,LeaderAccept
1785418301847,false,1785418301931,LeaderAccept
1785418301889,true,1785418301973,LeaderAccept
1785418301933,false,1785418302017,LeaderAccept
1785418301977,false,1785418302063,LeaderAccept
1785418302022,true,1785418302107,LeaderAccept
1785418302069,true,1785418302154,LeaderAccept
1785418302115,true,1785418302200,LeaderAccept
1785418302164,true,1785418302248,LeaderAccept
1785418302214,false,1785418302299,LeaderAccept
1785418302265,false,1785418302349,LeaderAccept
1785418302317,true,1785418302402,LeaderAccept
1785418302371,true,1785418302455,LeaderAccept
1785418302426,false,1785418302509,LeaderAccept
1785418302482,false,1785418302566,LeaderAccept
1785418302540,false,1785418302624,LeaderAccept
1785418302598,true,1785418302690,LeaderAccept
1785418302660,true,1785418302745,LeaderAccept
1785418302724,false,1785418302809,LeaderAccept
1785418302789,false,1785418302874,LeaderAccept
1785418302857,true,1785418302942,LeaderAccept
1785418302927,false,1785418303020,LeaderAccept
1785418302999,false,1785418303083,LeaderAccept
1785418303074,false,1785418303158,LeaderAccept
1785418303150,false,1785418303247,SlowAccept
1785418303231,true,1785418303316,LeaderAccept
1785418303315,false,1785418303409,LeaderAccept
1785418303403,true,1785418303488,LeaderAccept
1785418303495,false,1785418303579,LeaderAccept
1785418303590,false,1785418303686,SlowAccept
1785418303690,true,1785418303775,LeaderAccept
1785418303795,false,1785418303891,LeaderAccept
1785418303906,true,1785418303970,FastAccept
1785418304022,true,1785418304107,LeaderAccept
1785418304147,false,1785418304244,SlowAccept
1785418304279,true,1785418304363,LeaderAccept
1785418304420,false,1785418304516,LeaderAccept
1785418304571,false,1785418304636,FastAccept
1785418304734,true,1785418304819,LeaderAccept
1785418304911,false,1785418304976,FastAccept
1785418305104,true,1785418305169,FastAccept
1785418305316,false,1785418305412,SlowAccept
1785418305552,true,1785418305616,FastAccept
1785418305817,true,1785418305902,LeaderAccept
1785418306119,true,1785418306183,FastAccept
1785418306471,true,1785418306535,FastAccept
1785418306890,false,1785418306954,FastAccept
1785418307406,false,1785418307470,FastAccept
1785418308074,true,1785418308138,FastAccept
1785418309006,true,1785418309070,FastAccept
1785418310490,false,1785418310554,FastAccept
1785418313605,true,1785418313670,FastAccept
1785418328394,true,1785418328478,LeaderAccept
1785418342309,true,1785418342374,FastAccept
1785418342331,true,1785418342395,FastAccept
1785418342353,false,1785418342417,FastAccept
1785418342375,false,1785418342439,FastAccept
1785418342397,false,1785418342461,FastAccept
1785418342420,true,1785418342484,FastAccept
1785418342443,false,1785418342507,FastAccept
1785418342466,true,1785418342530,FastAccept
1785418342489,false,1785418342553,FastAccept
1785418342512,false,1785418342576,FastAccept
1785418342536,false,1785418342600,FastAccept
1785418342560,false,1785418342624,FastAccept
1785418342585,true,1785418342649,FastAccept
1785418342610,false,1785418342675,FastAccept
1785418342634,true,1785418342699,FastAccept
1785418342660,true,1785418342724,FastAccept
1785418342685,true,1785418342749,FastAccept
1785418342711,false,1785418342775,FastAccept
1785418342738,false,1785418342802,FastAccept
1785418342765,true,1785418342829,FastAccept
1785418342791,false,1785418342856,FastAccept
1785418342819,false,1785418342883,FastAccept
1785418342846,true,1785418342910,FastAccept
1785418342874,true,1785418342970,SlowAccept
1785418342903,true,1785418342999,LeaderAccept
1785418342932,true,1785418343016,LeaderAccept
1785418342962,true,1785418343046,LeaderAccept
1785418342991,true,1785418343076,LeaderAccept
1785418343021,true,1785418343105,LeaderAccept
1785418343051,true,1785418343136,LeaderAccept
1785418343082,false,1785418343166,LeaderAccept
1785418343112,true,1785418343197,LeaderAccept
1785418343144,true,1785418343228,LeaderAccept
1785418343176,false,1785418343260,LeaderAccept
1785418343209,false,1785418343293,LeaderAccept
1785418343241,false,1785418343326,LeaderAccept
1785418343274,false,1785418343359,LeaderAccept
1785418343309,false,1785418343394,LeaderAccept
1785418343344,false,1785418343429,LeaderAccept
1785418343380,true,1785418343465,LeaderAccept
1785418343416,false,1785418343501,LeaderAccept
1785418343453,false,1785418343537,LeaderAccept
1785418343491,true,1785418343576,LeaderAccept
1785418343506,true,1785418343590,LeaderAccept
1785418343527,true,1785418343612,LeaderAccept
1785418343549,false,1785418343634,LeaderAccept
1785418343572,false,1785418343656,LeaderAccept
1785418343595,false,1785418343679,LeaderAccept
1785418343618,false,1785418343704,LeaderAccept
1785418343642,true,1785418343727,LeaderAccept
1785418343665,true,1785418343749,LeaderAccept
1785418343690,true,1785418343774,LeaderAccept
1785418343714,true,1785418343798,LeaderAccept
1785418343737,true,1785418343822,LeaderAccept
1785418343762,true,1785418343846,LeaderAccept
1785418343786,false,1785418343871,LeaderAccept
1785418343812,true,1785418343897,LeaderAccept
1785418343838,false,1785418343922,LeaderAccept
1785418343863,false,1785418343947,LeaderAccept
1785418343890,true,1785418343974,LeaderAccept
1785418343917,true,1785418344002,LeaderAccept
1785418343944,false,1785418344028,LeaderAccept
1785418343972,false,1785418344056,LeaderAccept
1785418343998,true,1785418344083,LeaderAccept
1785418344027,false,1785418344111,LeaderAccept
1785418344056,false,1785418344140,LeaderAccept
1785418344084,false,1785418344168,LeaderAccept
1785418344113,true,1785418344197,LeaderAccept
1785418344143,false,1785418344227,LeaderAccept
1785418344173,false,1785418344257,LeaderAccept
1785418344204,true,1785418344288,LeaderAccept
1785418344234,true,1785418344318,LeaderAccept
1785418344266,false,1785418344351,LeaderAccept
1785418344298,false,1785418344382,LeaderAccept
1785418344330,true,1785418344414,LeaderAccept
1785418344363,true,1785418344447,LeaderAccept
1785418344396,true,1785418344481,LeaderAccept
1785418344429,true,1785418344514,LeaderAccept
1785418344464,true,1785418344548,LeaderAccept
1785418344499,false,1785418344584,LeaderAccept
1785418344535,true,1785418344619,LeaderAccept
1785418344570,true,1785418344655,LeaderAccept
1785418344607,true,1785418344691,LeaderAccept
1785418344644,false,1785418344729,LeaderAccept
1785418344682,false,1785418344767,LeaderAccept
1785418344722,false,1785418344806,LeaderAccept
1785418344760,false,1785418344845,LeaderAccept
1785418344801,false,1785418344885,LeaderAccept
1785418344841,true,1785418344926,LeaderAccept
1785418344884,true,1785418344969,LeaderAccept
1785418344926,false,1785418345011,LeaderAccept
1785418344970,true,1785418345055,LeaderAccept
1785418345015,false,1785418345100,LeaderAccept
1785418345061,true,1785418345145,LeaderAccept
1785418345108,false,1785418345193,LeaderAccept
1785418345156,false,1785418345241,LeaderAccept
1785418345205,false,1785418345290,LeaderAccept
1785418345255,false,1785418345340,LeaderAccept
1785418345307,true,1785418345392,LeaderAccept
1785418345360,true,1785418345444,LeaderAccept
1785418345414,false,1785418345498,LeaderAccept
1785418345470,false,1785418345555,LeaderAccept
1785418345527,false,1785418345611,LeaderAccept
1785418345586,true,1785418345672,LeaderAccept
1785418345647,false,1785418345743,SlowAccept
1785418345709,true,1785418345794,LeaderAccept
1785418345773,false,1785418345858,LeaderAccept
1785418345840,true,1785418345933,LeaderAccept
1785418345909,true,1785418345973,FastAccept
1785418345980,false,1785418346044,FastAccept
1785418346053,false,1785418346138,LeaderAccept
1785418346129,true,1785418346225,SlowAccept
1785418346208,true,1785418346272,FastAccept
1785418346290,true,1785418346354,FastAccept
1785418346375,false,1785418346460,LeaderAccept
1785418346464,false,1785418346533,FastAccept
1785418346557,true,1785418346621,FastAccept
1785418346654,false,1785418346719,FastAccept
1785418346757,false,1785418346844,LeaderAccept
1785418346865,true,1785418346929,FastAccept
1785418346978,false,1785418347043,FastAccept
1785418347099,false,1785418347163,FastAccept
1785418347227,false,1785418347323,SlowAccept
1785418347362,false,1785418347449,LeaderAccept
1785418347508,true,1785418347572,FastAccept
1785418347663,false,1785418347728,FastAccept
1785418347832,true,1785418347896,FastAccept
1785418348016,false,1785418348080,FastAccept
1785418348217,false,1785418348281,FastAccept
1785418348439,true,1785418348524,LeaderAccept
1785418348687,false,1785418348752,FastAccept
1785418348968,true,1785418349032,FastAccept
1785418349289,true,1785418349354,FastAccept
1785418349667,true,1785418349732,FastAccept
1785418350124,true,1785418350213,LeaderAccept
1785418350699,true,1785418350783,LeaderAccept
1785418351464,false,1785418351549,LeaderAccept
1785418352586,false,1785418352651,FastAccept
1785418354550,true,1785418354614,FastAccept
1785418359789,true,1785418359854,FastAccept
1785418385749,false,1785418385834,LeaderAccept
1785418385768,true,1785418385851,LeaderAccept
1785418385787,true,1785418385871,LeaderAccept
1785418385806,false,1785418385890,LeaderAccept
1785418385825,false,1785418385910,LeaderAccept
1785418385845,false,1785418385928,LeaderAccept
1785418385865,true,1785418385948,LeaderAccept
1785418385885,false,1785418385969,LeaderAccept
1785418385906,true,1785418385990,LeaderAccept
1785418385927,true,1785418386011,LeaderAccept
1785418385947,true,1785418386031,LeaderAccept
1785418385968,false,1785418386052,LeaderAccept
1785418385988,true,1785418386073,LeaderAccept
1785418386010,false,1785418386094,LeaderAccept
1785418386031,false,1785418386115,LeaderAccept
1785418386052,false,1785418386136,LeaderAccept
1785418386074,false,1785418386158,LeaderAccept
1785418386096,true,1785418386180,LeaderAccept
1785418386118,true,1785418386202,LeaderAccept
1785418386140,false,1785418386224,LeaderAccept
1785418386163,false,1785418386247,LeaderAccept
1785418386186,true,1785418386270,LeaderAccept
1785418386209,true,1785418386293,LeaderAccept
1785418386233,false,1785418386317,LeaderAccept
1785418386257,true,1785418386341,LeaderAccept
1785418386281,false,1785418386368,LeaderAccept
1785418386305,false,1785418386389,LeaderAccept
1785418386329,true,1785418386414,LeaderAccept
1785418386355,false,1785418386439,LeaderAccept
1785418386380,true,1785418386464,LeaderAccept
1785418386405,false,1785418386489,LeaderAccept
1785418386431,true,1785418386514,LeaderAccept
1785418386457,true,1785418386541,LeaderAccept
1785418386484,true,1785418386568,LeaderAccept
1785418386510,false,1785418386594,LeaderAccept
1785418386538,false,1785418386622,LeaderAccept
1785418386565,false,1785418386649,LeaderAccept
1785418386594,false,1785418386678,LeaderAccept
1785418386622,false,1785418386705,LeaderAccept
1785418386651,true,1785418386735,LeaderAccept
1785418386680,true,1785418386764,LeaderAccept
1785418386709,true,1785418386794,LeaderAccept
1785418386739,true,1785418386823,LeaderAccept
1785418386770,true,1785418386854,LeaderAccept
1785418386801,false,1785418386885,LeaderAccept
1785418386833,false,1785418386917,LeaderAccept
1785418386864,false,1785418386948,LeaderAccept
1785418386897,true,1785418386982,LeaderAccept
1785418386929,false,1785418387013,LeaderAccept
1785418386963,true,1785418387047,LeaderAccept
1785418386997,false,1785418387081,LeaderAccept
1785418387031,false,1785418387115,LeaderAccept
1785418387065,true,1785418387149,LeaderAccept
1785418387101,true,1785418387185,LeaderAccept
1785418387138,false,1785418387222,LeaderAccept
1785418387175,true,1785418387259,LeaderAccept
1785418387213,true,1785418387297,LeaderAccept
1785418387252,true,1785418387336,LeaderAccept
1785418387291,false,1785418387374,LeaderAccept
1785418387329,true,1785418387414,LeaderAccept
1785418387370,false,1785418387454,LeaderAccept
1785418387411,false,1785418387496,LeaderAccept
1785418387454,false,1785418387537,LeaderAccept
1785418387497,true,1785418387581,LeaderAccept
1785418387541,false,1785418387626,LeaderAccept
1785418387585,false,1785418387669,LeaderAccept
1785418387631,false,1785418387716,LeaderAccept
1785418387677,false,1785418387761,LeaderAccept
1785418387725,true,1785418387809,LeaderAccept
1785418387774,false,1785418387858,LeaderAccept
1785418387824,false,1785418387908,LeaderAccept
1785418387875,true,1785418387959,LeaderAccept
1785418387927,false,1785418388012,LeaderAccept
1785418387982,false,1785418388066,LeaderAccept
1785418388037,true,1785418388121,LeaderAccept
1785418388094,false,1785418388181,LeaderAccept
1785418388153,true,1785418388237,LeaderAccept
1785418388212,false,1785418388296,LeaderAccept
1785418388275,true,1785418388359,LeaderAccept
1785418388339,true,1785418388423,LeaderAccept
1785418388405,true,1785418388489,LeaderAccept
1785418388473,false,1785418388558,LeaderAccept
1785418388543,true,1785418388635,LeaderAccept
1785418388617,true,1785418388702,LeaderAccept
1785418388692,true,1785418388776,LeaderAccept
1785418388771,true,1785418388858,LeaderAccept
1785418388853,false,1785418388938,LeaderAccept
1785418388939,false,1785418389032,LeaderAccept
1785418389027,false,1785418389112,LeaderAccept
1785418389119,false,1785418389228,LeaderAccept
1785418389217,false,1785418389281,FastAccept
1785418389318,true,1785418389404,LeaderAccept
1785418389426,true,1785418389523,LeaderAccept
1785418389538,false,1785418389603,FastAccept
1785418389658,false,1785418389722,FastAccept
1785418389785,true,1785418389849,FastAccept
1785418389919,true,1785418389984,FastAccept
1785418390063,true,1785418390160,LeaderAccept
1785418390219,true,1785418390304,LeaderAccept
1785418390387,true,1785418390451,FastAccept
1785418390569,false,1785418390633,FastAccept
1785418390768,false,1785418390832,FastAccept
1785418390989,false,1785418391053,FastAccept
1785418391235,true,1785418391299,FastAccept
1785418391513,true,1785418391577,FastAccept
1785418391832,true,1785418391920,LeaderAccept
1785418392206,true,1785418392270,FastAccept
1785418392657,false,1785418392721,FastAccept
1785418393221,false,1785418393285,FastAccept
1785418393968,false,1785418394053,LeaderAccept
1785418395054,false,1785418395138,LeaderAccept
1785418396920,false,1785418396984,FastAccept
1785418401666,true,1785418401731,FastAccept
1785418412735,true,1785418412820,LeaderAccept
1785418412753,false,1785418412837,LeaderAccept
1785418412772,false,1785418412856,LeaderAccept
1785418412791,true,1785418412876,LeaderAccept
1785418412809,false,1785418412893,LeaderAccept
1785418412829,true,1785418412913,LeaderAccept
1785418412848,true,1785418412932,LeaderAccept
1785418412867,true,1785418412951,LeaderAccept
1785418412887,false,1785418412971,LeaderAccept
1785418412906,false,1785418412991,LeaderAccept
1785418412926,true,1785418413011,LeaderAccept
1785418412946,false,1785418413031,LeaderAccept
1785418412966,true,1785418413051,LeaderAccept
1785418412986,false,1785418413071,LeaderAccept
1785418413008,false,1785418413092,LeaderAccept
1785418413030,true,1785418413115,LeaderAccept
1785418413052,false,1785418413136,LeaderAccept
1785418413074,false,1785418413158,LeaderAccept
1785418413096,false,1785418413180,LeaderAccept
1785418413118,false,1785418413202,LeaderAccept
1785418413139,true,1785418413224,LeaderAccept
1785418413162,true,1785418413246,LeaderAccept
1785418413185,true,1785418413269,LeaderAccept
1785418413207,false,1785418413291,LeaderAccept
1785418413231,false,1785418413315,LeaderAccept
1785418413254,true,1785418413338,LeaderAccept
1785418413277,true,1785418413362,LeaderAccept
1785418413302,true,1785418413386,LeaderAccept
1785418413325,false,1785418413410,LeaderAccept
1785418413349,true,1785418413434,LeaderAccept
1785418413374,true,1785418413458,LeaderAccept
1785418413399,true,1785418413483,LeaderAccept
1785418413424,true,1785418413509,LeaderAccept
1785418413450,false,1785418413533,LeaderAccept
1785418413476,false,1785418413560,LeaderAccept
1785418413503,false,1785418413587,LeaderAccept
1785418413530,true,1785418413614,LeaderAccept
1785418413557,false,1785418413641,LeaderAccept
1785418413584,true,1785418413668,LeaderAccept
1785418413612,true,1785418413696,LeaderAccept
1785418413640,true,1785418413724,LeaderAccept
1785418413669,true,1785418413753,LeaderAccept
1785418413698,false,1785418413782,LeaderAccept
1785418413727,false,1785418413811,LeaderAccept
1785418413756,true,1785418413841,LeaderAccept
1785418413786,true,1785418413870,LeaderAccept
1785418413817,true,1785418413901,LeaderAccept
1785418413848,true,1785418413932,LeaderAccept
1785418413880,true,1785418413964,LeaderAccept
1785418413912,false,1785418413996,LeaderAccept
1785418413945,false,1785418414030,LeaderAccept
1785418413979,true,1785418414066,LeaderAccept
1785418414013,true,1785418414143,LeaderAccept
1785418414047,true,1785418414143,SlowAccept
1785418414082,true,1785418414166,LeaderAccept
1785418414118,false,1785418414202,LeaderAccept
1785418414154,true,1785418414238,LeaderAccept
1785418414191,false,1785418414275,LeaderAccept
1785418414228,true,1785418414312,LeaderAccept
1785418414266,false,1785418414349,LeaderAccept
1785418414304,false,1785418414389,LeaderAccept
1785418414343,false,1785418414427,LeaderAccept
1785418414383,false,1785418414468,LeaderAccept
1785418414424,true,1785418414508,LeaderAccept
1785418414466,false,1785418414551,LeaderAccept
1785418414508,false,1785418414592,LeaderAccept
1785418414552,true,1785418414636,LeaderAccept
1785418414595,true,1785418414680,LeaderAccept
1785418414641,false,1785418414725,LeaderAccept
1785418414686,true,1785418414771,LeaderAccept
1785418414734,false,1785418414819,LeaderAccept
1785418414783,true,1785418414868,LeaderAccept
1785418414833,true,1785418414917,LeaderAccept
1785418414884,false,1785418414969,LeaderAccept
1785418414936,true,1785418415020,LeaderAccept
1785418414990,true,1785418415075,LeaderAccept
1785418415045,true,1785418415129,LeaderAccept
1785418415101,false,1785418415185,LeaderAccept
1785418415159,false,1785418415249,LeaderAccept
1785418415219,true,1785418415303,LeaderAccept
1785418415280,true,1785418415373,LeaderAccept
1785418415343,true,1785418415427,LeaderAccept
1785418415407,true,1785418415471,FastAccept
1785418415474,true,1785418415559,LeaderAccept
1785418415544,true,1785418415613,FastAccept
1785418415616,false,1785418415680,FastAccept
1785418415691,false,1785418415776,LeaderAccept
1785418415769,true,1785418415865,SlowAccept
1785418415850,false,1785418415914,FastAccept
1785418415934,true,1785418415998,FastAccept
1785418416021,true,1785418416107,LeaderAccept
1785418416112,true,1785418416197,LeaderAccept
1785418416207,true,1785418416271,FastAccept
1785418416308,true,1785418416392,LeaderAccept
1785418416413,false,1785418416497,LeaderAccept
1785418416523,false,1785418416587,FastAccept
1785418416639,false,1785418416704,FastAccept
1785418416763,true,1785418416849,LeaderAccept
1785418416895,true,1785418416979,LeaderAccept
1785418417036,false,1785418417335,LeaderAccept
1785418417187,true,1785418417271,LeaderAccept
1785418417350,true,1785418417650,LeaderAccept
1785418417525,true,1785418417825,LeaderAccept
1785418417718,false,1785418418016,LeaderAccept
1785418417930,false,1785418418229,LeaderAccept
1785418418165,false,1785418418249,LeaderAccept
1785418418429,false,1785418418728,LeaderAccept
1785418418730,true,1785418419029,LeaderAccept
1785418419080,false,1785418419149,FastAccept
1785418419497,true,1785418419565,FastAccept
1785418420010,false,1785418420079,FastAccept
