request_time,write,response_time,accept_status
1785417460653,true,1785417460741,LeaderAccept
1785417461194,true,1785417461267,LeaderAccept
1785417461903,false,1785417461976,LeaderAccept
1785417462911,false,1785417462984,LeaderAccept
1785417464579,true,1785417464652,LeaderAccept
1785417468418,true,1785417468492,LeaderAccept
1785417468789,true,1785417468862,LeaderAccept
1785417468825,true,1785417468899,LeaderAccept
1785417468862,true,1785417468935,LeaderAccept
1785417468900,false,1785417468974,LeaderAccept
1785417468939,true,1785417469012,LeaderAccept
1785417468979,true,1785417469053,LeaderAccept
1785417469019,true,1785417469092,LeaderAccept
1785417469060,true,1785417469133,LeaderAccept
1785417469102,true,1785417469175,LeaderAccept
1785417469144,true,1785417469217,LeaderAccept
1785417469187,true,1785417469261,LeaderAccept
1785417469232,true,1785417469307,LeaderAccept
1785417469278,true,1785417469351,LeaderAccept
1785417469325,true,1785417469399,LeaderAccept
1785417469372,false,1785417469446,LeaderAccept
1785417469421,false,1785417469494,LeaderAccept
1785417469471,true,1785417469544,LeaderAccept
1785417469522,true,1785417469596,LeaderAccept
1785417469576,true,1785417469649,LeaderAccept
1785417469629,true,1785417469703,LeaderAccept
1785417469685,false,1785417469758,LeaderAccept
1785417469741,false,1785417469814,LeaderAccept
1785417469799,true,1785417469873,LeaderAccept
1785417469859,false,1785417469932,LeaderAccept
1785417469920,true,1785417469993,LeaderAccept
1785417469984,false,1785417470058,LeaderAccept
1785417470050,true,1785417470124,LeaderAccept
1785417470119,false,1785417470192,LeaderAccept
1785417470189,true,1785417470263,LeaderAccept
1785417470263,true,1785417470336,LeaderAccept
1785417470338,true,1785417470412,LeaderAccept
1785417470416,true,1785417470489,LeaderAccept
1785417470497,true,1785417470570,LeaderAccept
1785417470582,true,1785417470656,LeaderAccept
1785417470670,true,1785417470744,LeaderAccept
1785417470762,true,1785417470835,LeaderAccept
1785417470858,true,1785417470931,LeaderAccept
1785417470959,false,1785417471034,LeaderAccept
1785417471065,false,1785417471139,LeaderAccept
1785417471177,false,1785417471250,LeaderAccept
1785417471295,true,1785417471368,LeaderAccept
1785417471420,true,1785417471495,LeaderAccept
1785417471553,false,1785417471627,LeaderAccept
1785417471695,false,1785417471769,LeaderAccept
1785417471847,true,1785417471936,LeaderAccept
1785417472012,true,1785417472068,FastAccept
1785417472190,false,1785417472247,FastAccept
1785417472385,false,1785417472443,FastAccept
1785417472600,false,1785417472657,FastAccept
1785417472839,true,1785417472895,FastAccept
1785417473108,true,1785417473197,LeaderAccept
1785417473416,false,1785417473473,FastAccept
1785417473775,false,1785417473864,SlowAccept
1785417474204,true,1785417474260,FastAccept
1785417474736,true,1785417474793,FastAccept
1785417475429,false,1785417475501,LeaderAccept
1785417476409,false,1785417476481,LeaderAccept
1785417478006,false,1785417478080,LeaderAccept
1785417481556,true,1785417481613,FastAccept
1785417502490,false,1785417502547,FastAccept
1785417525305,false,1785417525378,LeaderAccept
1785417525322,false,1785417525394,LeaderAccept
1785417525339,false,1785417525412,LeaderAccept
1785417525356,false,1785417525428,LeaderAccept
1785417525373,false,1785417525446,LeaderAccept
1785417525391,true,1785417525464,LeaderAccept
1785417525409,false,1785417525481,LeaderAccept
1785417525428,true,1785417525500,LeaderAccept
1785417525446,true,1785417525518,LeaderAccept
1785417525464,false,1785417525536,LeaderAccept
1785417525481,false,1785417525555,LeaderAccept
1785417525500,false,1785417525573,LeaderAccept
1785417525518,true,1785417525590,LeaderAccept
1785417525536,false,1785417525609,LeaderAccept
1785417525555,false,1785417525628,LeaderAccept
1785417525574,false,1785417525648,LeaderAccept
1785417525594,true,1785417525667,LeaderAccept
1785417525613,false,1785417525686,LeaderAccept
1785417525633,false,1785417525706,LeaderAccept
1785417525654,false,1785417525726,LeaderAccept
1785417525674,true,1785417525748,LeaderAccept
1785417525694,true,1785417525768,LeaderAccept
1785417525715,false,1785417525788,LeaderAccept
1785417525736,false,1785417525808,LeaderAccept
1785417525757,false,1785417525830,LeaderAccept
1785417525778,true,1785417525852,LeaderAccept
1785417525799,true,1785417525872,LeaderAccept
1785417525821,false,1785417525894,LeaderAccept
1785417525843,false,1785417525917,LeaderAccept
1785417525865,true,1785417525939,LeaderAccept
1785417525887,true,1785417525960,LeaderAccept
1785417525909,false,1785417525983,LeaderAccept
1785417525932,true,1785417526005,LeaderAccept
1785417525955,true,1785417526028,LeaderAccept
1785417525978,false,1785417526050,LeaderAccept
1785417526001,false,1785417526073,LeaderAccept
1785417526025,true,1785417526098,LeaderAccept
1785417526049,true,1785417526121,LeaderAccept
1785417526073,true,1785417526146,LeaderAccept
1785417526098,true,1785417526171,LeaderAccept
1785417526122,true,1785417526195,LeaderAccept
1785417526146,true,1785417526219,LeaderAccept
1785417526172,false,1785417526244,LeaderAccept
1785417526198,false,1785417526270,LeaderAccept
1785417526224,false,1785417526296,LeaderAccept
1785417526250,false,1785417526322,LeaderAccept
1785417526277,false,1785417526350,LeaderAccept
1785417526304,false,1785417526378,LeaderAccept
1785417526332,false,1785417526404,LeaderAccept
1785417526359,false,1785417526432,LeaderAccept
1785417526387,true,1785417526460,LeaderAccept
1785417526415,true,1785417526487,LeaderAccept
1785417526444,false,1785417526516,LeaderAccept
1785417526473,true,1785417526546,LeaderAccept
1785417526503,true,1785417526575,LeaderAccept
1785417526533,true,1785417526607,LeaderAccept
1785417526563,false,1785417526636,LeaderAccept
1785417526594,true,1785417526667,LeaderAccept
1785417526625,false,1785417526699,LeaderAccept
1785417526657,false,1785417526730,LeaderAccept
1785417526689,false,1785417526761,LeaderAccept
1785417526722,true,1785417526795,LeaderAccept
1785417526755,true,1785417526828,LeaderAccept
1785417526789,false,1785417526862,LeaderAccept
1785417526824,true,1785417526896,LeaderAccept
1785417526859,false,1785417526932,LeaderAccept
1785417526895,true,1785417526968,LeaderAccept
1785417526932,false,1785417527006,LeaderAccept
1785417526968,true,1785417527041,LeaderAccept
1785417527006,true,1785417527079,LeaderAccept
1785417527044,false,1785417527117,LeaderAccept
1785417527083,true,1785417527157,LeaderAccept
1785417527123,false,1785417527197,LeaderAccept
1785417527164,false,1785417527237,LeaderAccept
1785417527205,false,1785417527278,LeaderAccept
1785417527246,true,1785417527319,LeaderAccept
1785417527290,false,1785417527363,LeaderAccept
1785417527334,false,1785417527407,LeaderAccept
1785417527379,false,1785417527451,LeaderAccept
1785417527425,true,1785417527499,LeaderAccept
1785417527472,true,1785417527545,LeaderAccept
1785417527520,true,1785417527593,LeaderAccept
1785417527569,false,1785417527643,LeaderAccept
1785417527620,true,1785417527692,LeaderAccept
1785417527671,true,1785417527744,LeaderAccept
1785417527724,true,1785417527797,LeaderAccept
1785417527778,true,1785417527851,LeaderAccept
1785417527834,true,1785417527907,LeaderAccept
1785417527891,true,1785417527965,LeaderAccept
1785417527950,true,1785417528024,LeaderAccept
1785417528011,false,1785417528084,LeaderAccept
1785417528074,false,1785417528147,LeaderAccept
1785417528138,false,1785417528212,LeaderAccept
1785417528205,true,1785417528279,LeaderAccept
1785417528274,true,1785417528347,LeaderAccept
1785417528345,false,1785417528418,LeaderAccept
1785417528418,true,1785417528492,LeaderAccept
1785417528495,true,1785417528569,LeaderAccept
1785417528575,true,1785417528649,LeaderAccept
1785417528658,false,1785417528731,LeaderAccept
1785417528743,true,1785417528817,LeaderAccept
1785417528833,false,1785417528907,LeaderAccept
1785417528928,false,1785417529002,LeaderAccept
1785417529026,true,1785417529100,LeaderAccept
1785417529129,false,1785417529203,LeaderAccept
1785417529238,false,1785417529311,LeaderAccept
1785417529352,false,1785417529426,LeaderAccept
1785417529473,false,1785417529562,LeaderAccept
1785417529602,true,1785417529662,FastAccept
1785417529739,true,1785417529800,FastAccept
1785417529886,true,1785417529946,FastAccept
1785417530044,true,1785417530104,FastAccept
1785417530215,true,1785417530277,FastAccept
1785417530401,true,1785417530462,FastAccept
1785417530605,false,1785417530666,FastAccept
1785417530831,true,1785417530892,FastAccept
1785417531084,false,1785417531143,FastAccept
1785417531370,false,1785417531430,FastAccept
1785417531701,true,1785417531761,FastAccept
1785417532090,false,1785417532150,FastAccept
1785417532563,false,1785417532623,FastAccept
1785417533162,false,1785417533222,FastAccept
1785417533969,false,1785417534030,FastAccept
1785417535176,false,1785417535236,FastAccept
1785417537384,false,1785417537443,FastAccept
1785417544037,false,1785417544110,LeaderAccept
1785417545885,true,1785417545944,FastAccept
1785417545917,false,1785417545977,FastAccept
1785417545950,true,1785417546010,FastAccept
1785417545984,true,1785417546044,FastAccept
1785417546018,true,1785417546077,FastAccept
1785417546053,false,1785417546141,LeaderAccept
1785417546088,true,1785417546176,LeaderAccept
1785417546124,true,1785417546213,LeaderAccept
1785417546161,true,1785417546248,LeaderAccept
1785417546198,true,1785417546285,LeaderAccept
1785417546235,false,1785417546324,LeaderAccept
1785417546274,false,1785417546361,LeaderAccept
1785417546313,false,1785417546386,LeaderAccept
1785417546353,false,1785417546427,LeaderAccept
1785417546394,true,1785417546468,LeaderAccept
1785417546436,true,1785417546509,LeaderAccept
1785417546478,false,1785417546552,LeaderAccept
1785417546522,true,1785417546595,LeaderAccept
1785417546566,false,1785417546639,LeaderAccept
1785417546611,true,1785417546684,LeaderAccept
1785417546657,false,1785417546730,LeaderAccept
1785417546705,true,1785417546777,LeaderAccept
1785417546754,false,1785417546828,LeaderAccept
1785417546804,true,1785417546877,LeaderAccept
1785417546854,false,1785417546927,LeaderAccept
1785417546906,true,1785417546981,LeaderAccept
1785417546960,false,1785417547032,LeaderAccept
1785417547014,true,1785417547087,LeaderAccept
1785417547070,true,1785417547143,LeaderAccept
1785417547128,true,1785417547201,LeaderAccept
1785417547187,true,1785417547260,LeaderAccept
1785417547248,true,1785417547321,LeaderAccept
1785417547311,false,1785417547384,LeaderAccept
1785417547376,false,1785417547449,LeaderAccept
1785417547443,false,1785417547516,LeaderAccept
1785417547512,false,1785417547585,LeaderAccept
1785417547585,false,1785417547658,LeaderAccept
1785417547658,false,1785417547731,LeaderAccept
1785417547736,false,1785417547809,LeaderAccept
1785417547816,true,1785417547890,LeaderAccept
1785417547899,true,1785417547972,LeaderAccept
1785417547986,false,1785417548060,LeaderAccept
1785417548076,false,1785417548149,LeaderAccept
1785417548170,false,1785417548229,FastAccept
1785417548269,false,1785417548329,FastAccept
1785417548373,true,1785417548432,FastAccept
1785417548482,true,1785417548541,FastAccept
1785417548597,true,1785417548657,FastAccept
1785417548719,true,1785417548779,FastAccept
1785417548849,false,1785417548908,FastAccept
1785417548987,true,1785417549047,FastAccept
1785417549135,true,1785417549195,FastAccept
1785417549295,false,1785417549354,FastAccept
1785417549468,false,1785417549527,FastAccept
1785417549656,false,1785417549716,FastAccept
1785417549863,false,1785417549923,FastAccept
1785417550092,false,1785417550152,FastAccept
1785417550349,true,1785417550408,FastAccept
1785417550641,true,1785417550701,FastAccept
1785417550979,true,1785417551040,FastAccept
1785417551379,false,1785417551439,FastAccept
1785417551868,true,1785417551927,FastAccept
1785417552490,true,1785417552550,FastAccept
1785417553340,true,1785417553400,FastAccept
1785417554639,true,1785417554745,LeaderAccept
1785417557125,true,1785417557198,LeaderAccept
1785417560077,true,1785417560150,LeaderAccept
1785417560099,true,1785417560172,LeaderAccept
1785417560122,false,1785417560195,LeaderAccept
1785417560145,true,1785417560218,LeaderAccept
1785417560169,true,1785417560241,LeaderAccept
1785417560193,false,1785417560266,LeaderAccept
1785417560217,false,1785417560289,LeaderAccept
1785417560241,false,1785417560314,LeaderAccept
1785417560266,false,1785417560339,LeaderAccept
1785417560289,false,1785417560362,LeaderAccept
1785417560313,false,1785417560386,LeaderAccept
1785417560339,false,1785417560411,LeaderAccept
1785417560364,false,1785417560436,LeaderAccept
1785417560390,false,1785417560463,LeaderAccept
1785417560416,true,1785417560489,LeaderAccept
1785417560442,true,1785417560514,LeaderAccept
1785417560468,false,1785417560542,LeaderAccept
1785417560496,true,1785417560570,LeaderAccept
1785417560524,true,1785417560597,LeaderAccept
1785417560553,true,1785417560626,LeaderAccept
1785417560581,true,1785417560655,LeaderAccept
1785417560609,true,1785417560682,LeaderAccept
1785417560640,false,1785417560713,LeaderAccept
1785417560669,false,1785417560744,LeaderAccept
1785417560699,true,1785417560772,LeaderAccept
1785417560729,false,1785417560802,LeaderAccept
1785417560760,true,1785417560834,LeaderAccept
1785417560791,true,1785417560863,LeaderAccept
1785417560823,false,1785417560896,LeaderAccept
1785417560856,true,1785417560929,LeaderAccept
1785417560889,false,1785417560962,LeaderAccept
1785417560922,false,1785417560996,LeaderAccept
1785417560955,false,1785417561029,LeaderAccept
1785417560990,true,1785417561063,LeaderAccept
1785417561025,false,1785417561097,LeaderAccept
1785417561060,false,1785417561134,LeaderAccept
1785417561096,true,1785417561170,LeaderAccept
1785417561133,true,1785417561206,LeaderAccept
1785417561170,false,1785417561242,LeaderAccept
1785417561208,true,1785417561281,LeaderAccept
1785417561247,false,1785417561319,LeaderAccept
1785417561285,false,1785417561359,LeaderAccept
1785417561325,false,1785417561399,LeaderAccept
1785417561367,true,1785417561440,LeaderAccept
1785417561409,false,1785417561482,LeaderAccept
1785417561452,false,1785417561525,LeaderAccept
1785417561495,false,1785417561569,LeaderAccept
1785417561540,false,1785417561613,LeaderAccept
1785417561586,false,1785417561660,LeaderAccept
1785417561633,false,1785417561706,LeaderAccept
1785417561681,true,1785417561754,LeaderAccept
1785417561730,false,1785417561803,LeaderAccept
1785417561780,false,1785417561853,LeaderAccept
1785417561831,true,1785417561905,LeaderAccept
1785417561884,true,1785417561957,LeaderAccept
1785417561938,true,1785417562011,LeaderAccept
1785417561994,false,1785417562068,LeaderAccept
1785417562051,false,1785417562124,LeaderAccept
1785417562110,false,1785417562183,LeaderAccept
1785417562171,true,1785417562244,LeaderAccept
1785417562233,true,1785417562307,LeaderAccept
1785417562297,false,1785417562371,LeaderAccept
1785417562363,true,1785417562436,LeaderAccept
1785417562431,true,1785417562504,LeaderAccept
1785417562502,true,1785417562575,LeaderAccept
1785417562575,false,1785417562648,LeaderAccept
1785417562650,true,1785417562722,LeaderAccept
1785417562728,false,1785417562801,LeaderAccept
1785417562809,false,1785417562883,LeaderAccept
1785417562894,false,1785417562967,LeaderAccept
1785417562983,true,1785417563055,LeaderAccept
1785417563075,false,1785417563148,LeaderAccept
1785417563171,true,1785417563244,LeaderAccept
1785417563273,true,1785417563347,LeaderAccept
1785417563381,false,1785417563454,LeaderAccept
1785417563494,true,1785417563567,LeaderAccept
1785417563612,true,1785417563686,LeaderAccept
1785417563738,false,1785417563812,LeaderAccept
1785417563872,true,1785417563946,LeaderAccept
1785417564016,true,1785417564090,LeaderAccept
1785417564171,true,1785417564244,LeaderAccept
1785417564337,true,1785417564410,LeaderAccept
1785417564517,false,1785417564591,LeaderAccept
1785417564714,false,1785417564774,FastAccept
1785417564932,false,1785417564992,FastAccept
1785417565175,true,1785417565235,FastAccept
1785417565449,true,1785417565509,FastAccept
1785417565764,false,1785417565825,FastAccept
1785417566131,false,1785417566219,LeaderAccept
1785417566572,true,1785417566632,FastAccept
1785417567122,true,1785417567182,FastAccept
1785417567845,false,1785417567905,FastAccept
1785417568883,false,1785417568956,LeaderAccept
1785417570625,true,1785417570697,LeaderAccept
1785417571401,true,1785417571491,LeaderAccept
1785417571430,true,1785417571518,LeaderAccept
1785417571460,true,1785417571533,LeaderAccept
1785417571490,false,1785417571562,LeaderAccept
1785417571519,false,1785417571592,LeaderAccept
1785417571549,true,1785417571622,LeaderAccept
1785417571580,false,1785417571654,LeaderAccept
1785417571611,false,1785417571684,LeaderAccept
1785417571642,true,1785417571715,LeaderAccept
1785417571674,false,1785417571746,LeaderAccept
1785417571706,false,1785417571779,LeaderAccept
1785417571739,true,1785417571812,LeaderAccept
1785417571772,true,1785417571844,LeaderAccept
1785417571805,true,1785417571879,LeaderAccept
1785417571840,false,1785417571914,LeaderAccept
1785417571875,false,1785417571947,LeaderAccept
1785417571910,false,1785417571984,LeaderAccept
1785417571946,true,1785417572019,LeaderAccept
1785417571982,true,1785417572055,LeaderAccept
1785417572019,false,1785417572092,LeaderAccept
1785417572057,false,1785417572130,LeaderAccept
1785417572096,true,1785417572170,LeaderAccept
1785417572135,false,1785417572209,LeaderAccept
1785417572176,false,1785417572249,LeaderAccept
1785417572217,true,1785417572290,LeaderAccept
1785417572259,false,1785417572333,LeaderAccept
1785417572302,false,1785417572375,LeaderAccept
1785417572346,true,1785417572420,LeaderAccept
1785417572391,false,1785417572465,LeaderAccept
1785417572437,false,1785417572510,LeaderAccept
1785417572484,true,1785417572557,LeaderAccept
1785417572532,false,1785417572605,LeaderAccept
1785417572581,false,1785417572655,LeaderAccept
1785417572631,true,1785417572704,LeaderAccept
1785417572682,true,1785417572755,LeaderAccept
1785417572735,false,1785417572808,LeaderAccept
1785417572789,true,1785417572862,LeaderAccept
1785417572844,true,1785417572917,LeaderAccept
1785417572901,false,1785417572974,LeaderAccept
1785417572961,true,1785417573035,LeaderAccept
1785417573021,true,1785417573094,LeaderAccept
1785417573083,false,1785417573156,LeaderAccept
1785417573147,false,1785417573221,LeaderAccept
1785417573213,true,1785417573285,LeaderAccept
1785417573281,false,1785417573354,LeaderAccept
1785417573351,true,1785417573424,LeaderAccept
1785417573424,true,1785417573497,LeaderAccept
1785417573500,false,1785417573573,LeaderAccept
1785417573578,false,1785417573652,LeaderAccept
1785417573660,false,1785417573733,LeaderAccept
1785417573745,true,1785417573818,LeaderAccept
1785417573835,true,1785417573908,LeaderAccept
1785417573927,true,1785417574000,LeaderAccept
1785417574024,false,1785417574097,LeaderAccept
1785417574125,true,1785417574214,LeaderAccept
1785417574232,false,1785417574306,LeaderAccept
1785417574345,false,1785417574405,FastAccept
1785417574464,false,1785417574524,FastAccept
1785417574591,false,1785417574650,FastAccept
1785417574725,false,1785417574784,FastAccept
1785417574869,false,1785417574929,FastAccept
1785417575024,true,1785417575084,FastAccept
1785417575191,true,1785417575251,FastAccept
1785417575373,false,1785417575433,FastAccept
1785417575572,false,1785417575632,FastAccept
1785417575791,false,1785417575851,FastAccept
1785417576035,true,1785417576095,FastAccept
1785417576311,true,1785417576371,FastAccept
1785417576628,false,1785417576687,FastAccept
1785417576999,false,1785417577059,FastAccept
1785417577445,false,1785417577504,FastAccept
1785417578002,true,1785417578062,FastAccept
1785417578738,true,1785417578798,FastAccept
1785417579800,false,1785417579860,FastAccept
1785417581607,false,1785417581668,FastAccept
1785417586064,false,1785417586137,LeaderAccept
1785417595497,false,1785417595570,LeaderAccept
1785417595531,false,1785417595605,LeaderAccept
1785417595565,true,1785417595639,LeaderAccept
1785417595600,false,1785417595673,LeaderAccept
1785417595635,false,1785417595708,LeaderAccept
1785417595671,false,1785417595744,LeaderAccept
1785417595708,false,1785417595781,LeaderAccept
1785417595745,true,1785417595818,LeaderAccept
1785417595782,false,1785417595856,LeaderAccept
1785417595820,false,1785417595893,LeaderAccept
1785417595859,false,1785417595932,LeaderAccept
1785417595899,false,1785417595972,LeaderAccept
1785417595940,false,1785417596013,LeaderAccept
1785417595982,true,1785417596056,LeaderAccept
1785417596025,false,1785417596099,LeaderAccept
1785417596069,false,1785417596143,LeaderAccept
1785417596113,false,1785417596186,LeaderAccept
1785417596158,true,1785417596231,LeaderAccept
1785417596204,true,1785417596276,LeaderAccept
1785417596250,false,1785417596324,LeaderAccept
1785417596299,true,1785417596372,LeaderAccept
1785417596348,false,1785417596422,LeaderAccept
1785417596400,false,1785417596473,LeaderAccept
1785417596452,false,1785417596526,LeaderAccept
1785417596504,false,1785417596578,LeaderAccept
1785417596559,false,1785417596632,LeaderAccept
1785417596615,false,1785417596689,LeaderAccept
1785417596673,false,1785417596746,LeaderAccept
1785417596732,true,1785417596805,LeaderAccept
1785417596793,false,1785417596866,LeaderAccept
1785417596856,true,1785417596929,LeaderAccept
1785417596921,false,1785417596994,LeaderAccept
1785417596988,true,1785417597061,LeaderAccept
1785417597058,true,1785417597132,LeaderAccept
1785417597130,false,1785417597203,LeaderAccept
1785417597204,false,1785417597277,LeaderAccept
1785417597281,false,1785417597354,LeaderAccept
1785417597361,false,1785417597434,LeaderAccept
1785417597445,false,1785417597518,LeaderAccept
1785417597532,true,1785417597606,LeaderAccept
1785417597623,true,1785417597696,LeaderAccept
1785417597718,false,1785417597790,LeaderAccept
1785417597817,true,1785417597890,LeaderAccept
1785417597922,false,1785417597995,LeaderAccept
1785417598031,true,1785417598104,LeaderAccept
1785417598147,false,1785417598221,LeaderAccept
1785417598269,true,1785417598342,LeaderAccept
1785417598400,false,1785417598473,LeaderAccept
1785417598539,false,1785417598612,LeaderAccept
1785417598688,true,1785417598776,LeaderAccept
1785417598848,true,1785417598908,FastAccept
1785417599022,true,1785417599082,FastAccept
1785417599212,false,1785417599272,FastAccept
1785417599421,false,1785417599481,FastAccept
1785417599651,true,1785417599711,FastAccept
1785417599911,true,1785417599971,FastAccept
1785417600205,false,1785417600265,FastAccept
1785417600548,false,1785417600636,LeaderAccept
1785417600953,true,1785417601012,FastAccept
1785417601449,false,1785417601509,FastAccept
1785417602084,true,1785417602143,FastAccept
1785417602955,false,1785417603029,LeaderAccept
1785417604302,false,1785417604390,LeaderAccept
1785417606941,false,1785417607014,LeaderAccept
1785417614936,true,1785417614992,FastAccept
1785417614953,true,1785417615009,FastAccept
1785417614971,true,1785417615027,FastAccept
1785417614988,false,1785417615045,FastAccept
1785417615006,false,1785417615063,FastAccept
1785417615024,true,1785417615080,FastAccept
1785417615042,false,1785417615098,FastAccept
1785417615060,false,1785417615116,FastAccept
1785417615078,false,1785417615134,FastAccept
1785417615097,false,1785417615153,FastAccept
1785417615115,false,1785417615205,SlowAccept
1785417615134,true,1785417615224,SlowAccept
1785417615152,true,1785417615242,LeaderAccept
1785417615171,true,1785417615262,LeaderAccept
1785417615190,false,1785417615279,LeaderAccept
1785417615209,false,1785417615299,LeaderAccept
1785417615228,false,1785417615319,LeaderAccept
1785417615248,true,1785417615321,LeaderAccept
1785417615268,true,1785417615342,LeaderAccept
1785417615289,false,1785417615364,LeaderAccept
1785417615309,true,1785417615383,LeaderAccept
1785417615330,true,1785417615404,LeaderAccept
1785417615351,true,1785417615425,LeaderAccept
1785417615372,true,1785417615445,LeaderAccept
1785417615393,true,1785417615466,LeaderAccept
1785417615415,false,1785417615489,LeaderAccept
1785417615436,false,1785417615511,LeaderAccept
1785417615458,false,1785417615532,LeaderAccept
1785417615480,false,1785417615554,LeaderAccept
1785417615502,true,1785417615577,LeaderAccept
1785417615524,true,1785417615598,LeaderAccept
1785417615546,false,1785417615620,LeaderAccept
1785417615569,false,1785417615643,LeaderAccept
1785417615592,false,1785417615665,LeaderAccept
1785417615615,true,1785417615688,LeaderAccept
1785417615639,true,1785417615712,LeaderAccept
1785417615663,false,1785417615736,LeaderAccept
1785417615687,true,1785417615761,LeaderAccept
1785417615711,true,1785417615784,LeaderAccept
1785417615736,false,1785417615809,LeaderAccept
1785417615761,true,1785417615834,LeaderAccept
1785417615786,true,1785417615859,LeaderAccept
1785417615811,false,1785417615884,LeaderAccept
1785417615837,false,1785417615910,LeaderAccept
1785417615864,false,1785417615937,LeaderAccept
1785417615891,true,1785417615965,LeaderAccept
1785417615918,false,1785417615992,LeaderAccept
1785417615945,true,1785417616019,LeaderAccept
1785417615972,true,1785417616046,LeaderAccept
1785417616000,true,1785417616073,LeaderAccept
1785417616028,true,1785417616101,LeaderAccept
1785417616057,false,1785417616131,LeaderAccept
1785417616087,false,1785417616161,LeaderAccept
1785417616117,true,1785417616190,LeaderAccept
1785417616147,true,1785417616220,LeaderAccept
1785417616177,false,1785417616251,LeaderAccept
1785417616208,false,1785417616281,LeaderAccept
1785417616240,true,1785417616313,LeaderAccept
1785417616272,true,1785417616345,LeaderAccept
1785417616305,true,1785417616379,LeaderAccept
1785417616338,true,1785417616411,LeaderAccept
1785417616371,false,1785417616444,LeaderAccept
1785417616405,true,1785417616478,LeaderAccept
1785417616440,false,1785417616513,LeaderAccept
1785417616477,false,1785417616550,LeaderAccept
1785417616512,true,1785417616585,LeaderAccept
1785417616548,false,1785417616621,LeaderAccept
1785417616585,false,1785417616658,LeaderAccept
1785417616623,false,1785417616698,LeaderAccept
1785417616661,false,1785417616734,LeaderAccept
1785417616700,true,1785417616774,LeaderAccept
1785417616740,false,1785417616814,LeaderAccept
1785417616780,false,1785417616854,LeaderAccept
1785417616822,true,1785417616896,LeaderAccept
1785417616865,false,1785417616939,LeaderAccept
1785417616908,true,1785417616982,LeaderAccept
1785417616952,false,1785417617025,LeaderAccept
1785417616997,true,1785417617070,LeaderAccept
1785417617043,true,1785417617116,LeaderAccept
1785417617090,true,1785417617163,LeaderAccept
1785417617138,true,1785417617210,LeaderAccept
1785417617187,true,1785417617260,LeaderAccept
1785417617237,true,1785417617311,LeaderAccept
1785417617288,true,1785417617361,LeaderAccept
1785417617341,true,1785417617414,LeaderAccept
1785417617395,true,1785417617469,LeaderAccept
1785417617451,true,1785417617524,LeaderAccept
1785417617508,true,1785417617582,LeaderAccept
1785417617567,false,1785417617640,LeaderAccept
1785417617628,true,1785417617701,LeaderAccept
1785417617691,false,1785417617764,LeaderAccept
1785417617756,false,1785417617829,LeaderAccept
1785417617822,false,1785417617896,LeaderAccept
1785417617891,false,1785417617964,LeaderAccept
1785417617962,false,1785417618036,LeaderAccept
1785417618036,false,1785417618110,LeaderAccept
1785417618112,false,1785417618185,LeaderAccept
1785417618191,true,1785417618265,LeaderAccept
1785417618274,true,1785417618348,LeaderAccept
1785417618360,true,1785417618417,FastAccept
1785417618449,false,1785417618505,FastAccept
1785417618542,false,1785417618598,FastAccept
1785417618640,false,1785417618697,FastAccept
1785417618743,true,1785417618834,LeaderAccept
1785417618851,false,1785417618907,FastAccept
1785417618965,false,1785417619021,FastAccept
1785417619086,false,1785417619142,FastAccept
1785417619215,false,1785417619271,FastAccept
1785417619351,false,1785417619408,FastAccept
1785417619497,true,1785417619553,FastAccept
1785417619654,true,1785417619710,FastAccept
1785417619823,false,1785417619879,FastAccept
1785417620007,true,1785417620063,FastAccept
1785417620210,false,1785417620266,FastAccept
1785417620434,true,1785417620490,FastAccept
1785417620684,true,1785417620740,FastAccept
1785417620967,true,1785417621023,FastAccept
1785417621294,false,1785417621350,FastAccept
1785417621678,false,1785417621734,FastAccept
1785417622143,true,1785417622200,FastAccept
1785417622730,true,1785417622820,LeaderAccept
1785417623516,true,1785417623589,LeaderAccept
1785417624680,false,1785417624753,LeaderAccept
1785417626762,false,1785417626835,LeaderAccept
1785417632655,false,1785417632728,LeaderAccept
1785417643984,false,1785417644039,FastAccept
1785417644008,true,1785417644064,FastAccept
1785417644033,false,1785417644089,FastAccept
1785417644058,false,1785417644114,FastAccept
1785417644083,false,1785417644139,FastAccept
1785417644108,false,1785417644164,FastAccept
1785417644134,true,1785417644190,FastAccept
1785417644160,true,1785417644216,FastAccept
1785417644187,true,1785417644243,FastAccept
1785417644214,false,1785417644269,FastAccept
1785417644241,false,1785417644298,FastAccept
1785417644269,false,1785417644325,FastAccept
1785417644297,false,1785417644354,FastAccept
1785417644325,true,1785417644382,FastAccept
1785417644354,false,1785417644409,FastAccept
1785417644383,false,1785417644439,FastAccept
1785417644412,false,1785417644469,FastAccept
1785417644443,false,1785417644533,LeaderAccept
1785417644474,true,1785417644563,LeaderAccept
1785417644505,false,1785417644578,LeaderAccept
1785417644536,false,1785417644625,LeaderAccept
1785417644568,false,1785417644658,LeaderAccept
1785417644601,true,1785417644691,LeaderAccept
1785417644634,false,1785417644724,LeaderAccept
1785417644668,true,1785417644758,LeaderAccept
1785417644702,false,1785417644792,LeaderAccept
1785417644737,false,1785417644810,LeaderAccept
1785417644773,false,1785417644847,LeaderAccept
1785417644809,true,1785417644882,LeaderAccept
1785417644846,false,1785417644919,LeaderAccept
1785417644882,false,1785417644956,LeaderAccept
1785417644919,false,1785417644993,LeaderAccept
1785417644958,true,1785417645032,LeaderAccept
1785417644997,false,1785417645071,LeaderAccept
1785417645037,true,1785417645111,LeaderAccept
1785417645077,true,1785417645150,LeaderAccept
1785417645118,false,1785417645191,LeaderAccept
1785417645160,false,1785417645233,LeaderAccept
1785417645203,true,1785417645276,LeaderAccept
1785417645248,false,1785417645322,LeaderAccept
1785417645293,false,1785417645367,LeaderAccept
1785417645340,false,1785417645413,LeaderAccept
1785417645387,false,1785417645460,LeaderAccept
1785417645435,false,1785417645509,LeaderAccept
1785417645484,false,1785417645558,LeaderAccept
1785417645535,false,1785417645609,LeaderAccept
1785417645587,true,1785417645661,LeaderAccept
1785417645640,false,1785417645714,LeaderAccept
1785417645696,false,1785417645771,LeaderAccept
1785417645752,false,1785417645826,LeaderAccept
1785417645810,true,1785417645884,LeaderAccept
1785417645869,true,1785417645943,LeaderAccept
1785417645930,true,1785417646004,LeaderAccept
1785417645993,true,1785417646067,LeaderAccept
1785417646058,true,1785417646131,LeaderAccept
1785417646125,true,1785417646199,LeaderAccept
1785417646194,true,1785417646268,LeaderAccept
1785417646265,true,1785417646338,LeaderAccept
1785417646339,true,1785417646413,LeaderAccept
1785417646416,false,1785417646490,LeaderAccept
1785417646496,true,1785417646570,LeaderAccept
1785417646580,false,1785417646654,LeaderAccept
1785417646667,true,1785417646741,LeaderAccept
1785417646757,true,1785417646814,FastAccept
1785417646852,false,1785417646908,FastAccept
1785417646951,false,1785417647008,FastAccept
1785417647055,true,1785417647112,FastAccept
1785417647165,false,1785417647222,FastAccept
1785417647281,false,1785417647337,FastAccept
1785417647403,true,1785417647460,FastAccept
1785417647533,false,1785417647589,FastAccept
1785417647671,false,1785417647727,FastAccept
1785417647819,false,1785417647876,FastAccept
1785417647979,true,1785417648035,FastAccept
1785417648153,true,1785417648209,FastAccept
1785417648341,true,1785417648397,FastAccept
1785417648547,true,1785417648604,FastAccept
1785417648777,false,1785417648834,FastAccept
1785417649034,true,1785417649092,FastAccept
1785417649327,true,1785417649384,FastAccept
1785417649665,true,1785417649721,FastAccept
1785417650065,false,1785417650121,FastAccept
1785417650553,false,1785417650610,FastAccept
1785417651176,true,1785417651232,FastAccept
1785417652026,false,1785417652082,FastAccept
1785417653326,true,1785417653383,FastAccept
1785417655816,false,1785417655873,FastAccept
1785417664460,false,1785417664534,LeaderAccept
1785417681357,false,1785417681447,SlowAccept
1785417681377,false,1785417681466,SlowAccept
1785417681397,true,1785417681487,LeaderAccept
1785417681418,true,1785417681508,LeaderAccept
1785417681439,false,1785417681528,LeaderAccept
1785417681459,false,1785417681549,LeaderAccept
1785417681481,true,1785417681555,LeaderAccept
1785417681502,false,1785417681575,LeaderAccept
1785417681524,true,1785417681598,LeaderAccept
1785417681546,false,1785417681620,LeaderAccept
1785417681568,false,1785417681642,LeaderAccept
1785417681591,true,1785417681664,LeaderAccept
1785417681613,true,1785417681687,LeaderAccept
1785417681636,true,1785417681709,LeaderAccept
1785417681659,true,1785417681733,LeaderAccept
1785417681683,false,1785417681756,LeaderAccept
1785417681706,true,1785417681780,LeaderAccept
1785417681730,false,1785417681804,LeaderAccept
1785417681754,false,1785417681828,LeaderAccept
1785417681779,true,1785417681852,LeaderAccept
1785417681804,true,1785417681877,LeaderAccept
1785417681829,false,1785417681902,LeaderAccept
1785417681854,false,1785417681927,LeaderAccept
1785417681879,true,1785417681953,LeaderAccept
1785417681905,false,1785417681979,LeaderAccept
1785417681932,true,1785417682006,LeaderAccept
1785417681959,false,1785417682033,LeaderAccept
1785417681986,false,1785417682060,LeaderAccept
1785417682013,false,1785417682086,LeaderAccept
1785417682040,false,1785417682113,LeaderAccept
1785417682068,false,1785417682142,LeaderAccept
1785417682096,true,1785417682169,LeaderAccept
1785417682125,false,1785417682199,LeaderAccept
1785417682155,true,1785417682228,LeaderAccept
1785417682184,false,1785417682257,LeaderAccept
1785417682214,false,1785417682288,LeaderAccept
1785417682245,true,1785417682318,LeaderAccept
1785417682276,false,1785417682349,LeaderAccept
1785417682307,true,1785417682381,LeaderAccept
1785417682339,false,1785417682412,LeaderAccept
1785417682372,true,1785417682446,LeaderAccept
1785417682405,true,1785417682480,LeaderAccept
1785417682440,true,1785417682514,LeaderAccept
1785417682474,true,1785417682548,LeaderAccept
1785417682509,true,1785417682584,LeaderAccept
1785417682545,true,1785417682619,LeaderAccept
1785417682580,false,1785417682653,LeaderAccept
1785417682616,false,1785417682689,LeaderAccept
1785417682653,false,1785417682727,LeaderAccept
1785417682690,false,1785417682764,LeaderAccept
1785417682728,false,1785417682801,LeaderAccept
1785417682767,true,1785417682840,LeaderAccept
1785417682807,false,1785417682881,LeaderAccept
1785417682847,true,1785417682921,LeaderAccept
1785417682889,true,1785417682964,LeaderAccept
1785417682932,true,1785417683007,LeaderAccept
1785417682975,false,1785417683048,LeaderAccept
1785417683019,true,1785417683092,LeaderAccept
1785417683064,false,1785417683136,LeaderAccept
1785417683110,false,1785417683183,LeaderAccept
1785417683157,false,1785417683231,LeaderAccept
1785417683205,false,1785417683278,LeaderAccept
1785417683254,false,1785417683328,LeaderAccept
1785417683304,true,1785417683378,LeaderAccept
1785417683356,false,1785417683430,LeaderAccept
1785417683410,false,1785417683485,LeaderAccept
1785417683465,false,1785417683538,LeaderAccept
1785417683520,false,1785417683594,LeaderAccept
1785417683578,true,1785417683652,LeaderAccept
1785417683637,false,1785417683711,LeaderAccept
1785417683697,false,1785417683771,LeaderAccept
1785417683759,true,1785417683833,LeaderAccept
1785417683823,false,1785417683899,LeaderAccept
1785417683889,true,1785417683963,LeaderAccept
1785417683958,true,1785417684032,LeaderAccept
1785417684029,true,1785417684102,LeaderAccept
1785417684102,true,1785417684176,LeaderAccept
1785417684178,true,1785417684251,LeaderAccept
1785417684257,true,1785417684331,LeaderAccept
1785417684340,false,1785417684416,LeaderAccept
1785417684426,false,1785417684500,LeaderAccept
1785417684515,true,1785417684589,LeaderAccept
1785417684609,false,1785417684683,LeaderAccept
1785417684707,true,1785417684781,LeaderAccept
1785417684809,true,1785417684883,LeaderAccept
1785417684918,false,1785417684992,LeaderAccept
1785417685031,true,1785417685104,LeaderAccept
1785417685152,false,1785417685227,LeaderAccept
1785417685280,true,1785417685353,LeaderAccept
1785417685416,true,1785417685490,LeaderAccept
1785417685562,false,1785417685636,LeaderAccept
1785417685719,false,1785417685793,LeaderAccept
1785417685889,true,1785417685963,LeaderAccept
1785417686074,false,1785417686147,LeaderAccept
1785417686276,true,1785417686366,LeaderAccept
1785417686500,true,1785417686556,FastAccept
1785417686750,true,1785417686806,FastAccept
1785417687033,false,1785417687091,FastAccept
1785417687359,true,1785417687416,FastAccept
1785417687742,true,1785417687799,FastAccept
1785417688205,true,1785417688263,FastAccept
1785417688790,true,1785417688846,FastAccept
1785417689572,false,1785417689629,FastAccept
1785417690728,false,1785417690786,FastAccept
1785417692787,true,1785417692861,LeaderAccept
1785417697270,false,1785417697327,FastAccept
1785417697291,true,1785417697349,FastAccept
1785417697313,true,1785417697370,FastAccept
1785417697334,false,1785417697446,LeaderAccept
1785417697356,true,1785417697446,SlowAccept
1785417697378,false,1785417697469,LeaderAccept
1785417697400,false,1785417697490,LeaderAccept
1785417697422,false,1785417697496,LeaderAccept
1785417697445,true,1785417697518,LeaderAccept
1785417697468,false,1785417697559,LeaderAccept
1785417697492,true,1785417697582,LeaderAccept
1785417697515,false,1785417697605,LeaderAccept
1785417697538,false,1785417697612,LeaderAccept
1785417697562,false,1785417697636,LeaderAccept
1785417697586,false,1785417697661,LeaderAccept
1785417697611,true,1785417697685,LeaderAccept
1785417697636,false,1785417697709,LeaderAccept
1785417697660,true,1785417697734,LeaderAccept
1785417697686,false,1785417697760,LeaderAccept
1785417697712,false,1785417697785,LeaderAccept
1785417697738,true,1785417697812,LeaderAccept
1785417697764,false,1785417697838,LeaderAccept
1785417697790,true,1785417697864,LeaderAccept
1785417697817,true,1785417697891,LeaderAccept
1785417697844,false,1785417697918,LeaderAccept
1785417697872,true,1785417697946,LeaderAccept
1785417697901,false,1785417697975,LeaderAccept
1785417697929,false,1785417698002,LeaderAccept
1785417697956,true,1785417698031,LeaderAccept
1785417697986,true,1785417698059,LeaderAccept
1785417698015,true,1785417698089,LeaderAccept
1785417698045,true,1785417698117,LeaderAccept
1785417698074,false,1785417698149,LeaderAccept
1785417698105,true,1785417698178,LeaderAccept
1785417698136,false,1785417698209,LeaderAccept
1785417698168,false,1785417698241,LeaderAccept
1785417698200,true,1785417698273,LeaderAccept
1785417698232,false,1785417698305,LeaderAccept
1785417698265,false,1785417698337,LeaderAccept
1785417698298,false,1785417698371,LeaderAccept
1785417698332,true,1785417698406,LeaderAccept
1785417698367,true,1785417698441,LeaderAccept
1785417698402,true,1785417698476,LeaderAccept
1785417698438,true,1785417698511,LeaderAccept
1785417698475,true,1785417698549,LeaderAccept
1785417698513,true,1785417698587,LeaderAccept
1785417698551,false,1785417698625,LeaderAccept
1785417698590,false,1785417698665,LeaderAccept
1785417698630,true,1785417698704,LeaderAccept
1785417698670,true,1785417698744,LeaderAccept
1785417698711,true,1785417698785,LeaderAccept
1785417698753,false,1785417698826,LeaderAccept
1785417698795,false,1785417698868,LeaderAccept
1785417698839,true,1785417698913,LeaderAccept
1785417698883,false,1785417698957,LeaderAccept
1785417698928,true,1785417699001,LeaderAccept
1785417698975,true,1785417699049,LeaderAccept
1785417699023,true,1785417699095,LeaderAccept
1785417699070,true,1785417699144,LeaderAccept
1785417699120,true,1785417699193,LeaderAccept
1785417699171,false,1785417699243,LeaderAccept
1785417699223,true,1785417699297,LeaderAccept
1785417699277,false,1785417699350,LeaderAccept
1785417699332,true,1785417699406,LeaderAccept
1785417699389,true,1785417699462,LeaderAccept
1785417699447,false,1785417699521,LeaderAccept
1785417699506,true,1785417699579,LeaderAccept
1785417699567,true,1785417699640,LeaderAccept
1785417699631,true,1785417699704,LeaderAccept
1785417699696,true,1785417699769,LeaderAccept
1785417699765,false,1785417699838,LeaderAccept
1785417699834,false,1785417699908,LeaderAccept
1785417699906,false,1785417699979,LeaderAccept
1785417699981,true,1785417700055,LeaderAccept
1785417700059,true,1785417700133,LeaderAccept
1785417700140,true,1785417700213,LeaderAccept
1785417700223,true,1785417700298,LeaderAccept
1785417700311,false,1785417700384,LeaderAccept
1785417700403,false,1785417700476,LeaderAccept
1785417700498,true,1785417700571,LeaderAccept
1785417700598,true,1785417700671,LeaderAccept
1785417700703,true,1785417700777,LeaderAccept
1785417700814,true,1785417700887,LeaderAccept
1785417700931,true,1785417701005,LeaderAccept
1785417701055,true,1785417701128,LeaderAccept
1785417701187,true,1785417701260,LeaderAccept
1785417701328,false,1785417701401,LeaderAccept
1785417701479,false,1785417701553,LeaderAccept
1785417701642,false,1785417701716,LeaderAccept
1785417701818,false,1785417701892,LeaderAccept
1785417702011,true,1785417702085,LeaderAccept
1785417702224,false,1785417702299,LeaderAccept
1785417702461,false,1785417702535,LeaderAccept
1785417702727,true,1785417702800,LeaderAccept
1785417703031,false,1785417703104,LeaderAccept
1785417703383,false,1785417703457,LeaderAccept
1785417703804,false,1785417703879,LeaderAccept
1785417704324,false,1785417704397,LeaderAccept
1785417704996,false,1785417705052,FastAccept
1785417705936,false,1785417705993,FastAccept
1785417707440,true,1785417707497,FastAccept
1785417710627,true,1785417710683,FastAccept
1785417719989,true,1785417720045,FastAccept
1785417720009,false,1785417720066,FastAccept
1785417720029,true,1785417720085,FastAccept
1785417720049,true,1785417720105,FastAccept
1785417720069,false,1785417720126,FastAccept
1785417720090,false,1785417720147,FastAccept
1785417720111,false,1785417720168,FastAccept
1785417720132,false,1785417720190,FastAccept
1785417720153,false,1785417720210,FastAccept
1785417720175,true,1785417720232,FastAccept
1785417720197,true,1785417720254,FastAccept
1785417720219,false,1785417720276,FastAccept
1785417720241,false,1785417720297,FastAccept
1785417720263,true,1785417720320,FastAccept
1785417720285,false,1785417720342,FastAccept
1785417720308,false,1785417720364,FastAccept
1785417720331,false,1785417720388,FastAccept
1785417720354,true,1785417720410,FastAccept
1785417720377,false,1785417720434,FastAccept
1785417720401,false,1785417720457,FastAccept
1785417720425,true,1785417720481,FastAccept
1785417720449,false,1785417720507,FastAccept
1785417720474,true,1785417720532,FastAccept
1785417720499,true,1785417720556,FastAccept
1785417720524,true,1785417720613,SlowAccept
1785417720550,true,1785417720640,SlowAccept
1785417720576,true,1785417720665,LeaderAccept
1785417720602,false,1785417720692,LeaderAccept
1785417720629,false,1785417720719,LeaderAccept
1785417720656,false,1785417720746,LeaderAccept
1785417720683,false,1785417720773,LeaderAccept
1785417720710,false,1785417720800,LeaderAccept
1785417720737,true,1785417720827,LeaderAccept
1785417720765,true,1785417720839,LeaderAccept
1785417720794,false,1785417720868,LeaderAccept
1785417720823,true,1785417720895,LeaderAccept
1785417720852,true,1785417720926,LeaderAccept
1785417720882,true,1785417720956,LeaderAccept
1785417720912,false,1785417720985,LeaderAccept
1785417720942,true,1785417721015,LeaderAccept
1785417720973,false,1785417721047,LeaderAccept
1785417721005,true,1785417721079,LeaderAccept
1785417721037,true,1785417721110,LeaderAccept
1785417721069,false,1785417721143,LeaderAccept
1785417721102,true,1785417721176,LeaderAccept
1785417721136,true,1785417721210,LeaderAccept
1785417721170,false,1785417721244,LeaderAccept
1785417721205,true,1785417721278,LeaderAccept
1785417721240,true,1785417721314,LeaderAccept
1785417721276,true,1785417721349,LeaderAccept
1785417721312,true,1785417721386,LeaderAccept
1785417721349,true,1785417721423,LeaderAccept
1785417721387,true,1785417721461,LeaderAccept
1785417721425,false,1785417721499,LeaderAccept
1785417721465,false,1785417721538,LeaderAccept
1785417721505,false,1785417721579,LeaderAccept
1785417721546,false,1785417721620,LeaderAccept
1785417721587,true,1785417721662,LeaderAccept
1785417721630,true,1785417721704,LeaderAccept
1785417721673,false,1785417721747,LeaderAccept
1785417721717,true,1785417721791,LeaderAccept
1785417721763,false,1785417721836,LeaderAccept
1785417721810,true,1785417721884,LeaderAccept
1785417721858,false,1785417721931,LeaderAccept
1785417721906,false,1785417721979,LeaderAccept
1785417721955,true,1785417722029,LeaderAccept
1785417722006,true,1785417722080,LeaderAccept
1785417722058,false,1785417722131,LeaderAccept
1785417722111,true,1785417722184,LeaderAccept
1785417722166,true,1785417722239,LeaderAccept
1785417722222,true,1785417722295,LeaderAccept
1785417722280,false,1785417722353,LeaderAccept
1785417722339,true,1785417722413,LeaderAccept
1785417722400,false,1785417722474,LeaderAccept
1785417722463,true,1785417722537,LeaderAccept
1785417722528,false,1785417722602,LeaderAccept
1785417722595,true,1785417722668,LeaderAccept
1785417722664,false,1785417722737,LeaderAccept
1785417722736,false,1785417722809,LeaderAccept
1785417722811,true,1785417722884,LeaderAccept
1785417722888,true,1785417722962,LeaderAccept
1785417722968,false,1785417723041,LeaderAccept
1785417723051,true,1785417723125,LeaderAccept
1785417723138,false,1785417723195,FastAccept
1785417723228,false,1785417723319,LeaderAccept
1785417723323,true,1785417723380,FastAccept
1785417723422,true,1785417723480,FastAccept
1785417723526,true,1785417723582,FastAccept
1785417723636,true,1785417723693,FastAccept
1785417723752,true,1785417723809,FastAccept
1785417723875,false,1785417723932,FastAccept
1785417724006,true,1785417724064,FastAccept
1785417724145,false,1785417724202,FastAccept
1785417724294,true,1785417724350,FastAccept
1785417724454,false,1785417724512,FastAccept
1785417724627,true,1785417724684,FastAccept
1785417724817,false,1785417724874,FastAccept
1785417725024,false,1785417725081,FastAccept
1785417725048,false,1785417725104,FastAccept
1785417725058,true,1785417725115,FastAccept
1785417725081,false,1785417725138,FastAccept
1785417725104,true,1785417725161,FastAccept
1785417725129,false,1785417725185,FastAccept
1785417725153,true,1785417725209,FastAccept
1785417725177,true,1785417725235,FastAccept
1785417725202,false,1785417725258,FastAccept
1785417725227,true,1785417725283,FastAccept
1785417725252,false,1785417725309,FastAccept
1785417725278,false,1785417725336,FastAccept
1785417725305,true,1785417725361,FastAccept
1785417725332,false,1785417725388,FastAccept
1785417725359,false,1785417725416,FastAccept
1785417725387,false,1785417725444,FastAccept
1785417725415,true,1785417725471,FastAccept
1785417725443,false,1785417725500,FastAccept
1785417725471,true,1785417725529,FastAccept
1785417725500,false,1785417725557,FastAccept
1785417725529,false,1785417725585,FastAccept
1785417725557,true,1785417725614,FastAccept
1785417725588,false,1785417725645,FastAccept
1785417725618,true,1785417725675,FastAccept
1785417725649,true,1785417725706,FastAccept
1785417725681,true,1785417725738,FastAccept
1785417725713,false,1785417725769,FastAccept
1785417725745,true,1785417725802,FastAccept
1785417725778,true,1785417725835,FastAccept
1785417725812,false,1785417725868,FastAccept
1785417725846,true,1785417725903,FastAccept
1785417725880,true,1785417725936,FastAccept
1785417725915,true,1785417725971,FastAccept
1785417725951,true,1785417726007,FastAccept
1785417725987,true,1785417726044,FastAccept
1785417726025,true,1785417726116,SlowAccept
1785417726062,false,1785417726153,LeaderAccept
1785417726101,true,1785417726191,LeaderAccept
1785417726140,true,1785417726230,LeaderAccept
1785417726179,true,1785417726270,LeaderAccept
1785417726220,false,1785417726310,LeaderAccept
1785417726261,true,1785417726352,LeaderAccept
1785417726303,false,1785417726377,LeaderAccept
1785417726346,false,1785417726420,LeaderAccept
1785417726390,true,1785417726464,LeaderAccept
1785417726435,true,1785417726508,LeaderAccept
1785417726481,true,1785417726554,LeaderAccept
1785417726528,false,1785417726601,LeaderAccept
1785417726576,true,1785417726650,LeaderAccept
1785417726625,true,1785417726700,LeaderAccept
1785417726676,true,1785417726749,LeaderAccept
1785417726728,true,1785417726801,LeaderAccept
1785417726781,true,1785417726854,LeaderAccept
1785417726836,false,1785417726907,LeaderAccept
1785417726892,true,1785417726963,LeaderAccept
1785417726949,false,1785417727021,LeaderAccept
1785417727009,false,1785417727081,LeaderAccept
1785417727070,false,1785417727140,LeaderAccept
1785417727133,true,1785417727204,LeaderAccept
1785417727197,true,1785417727267,LeaderAccept
1785417727263,true,1785417727334,LeaderAccept
1785417727331,true,1785417727403,LeaderAccept
1785417727403,true,1785417727473,LeaderAccept
1785417727476,true,1785417727548,LeaderAccept
1785417727553,false,1785417727624,LeaderAccept
1785417727632,true,1785417727689,FastAccept
1785417727715,false,1785417727771,FastAccept
1785417727801,false,1785417727859,FastAccept
1785417727891,true,1785417727948,FastAccept
1785417727985,true,1785417728042,FastAccept
1785417728083,true,1785417728139,FastAccept
1785417728186,false,1785417728242,FastAccept
1785417728294,true,1785417728350,FastAccept
1785417728409,true,1785417728466,FastAccept
1785417728530,false,1785417728586,FastAccept
1785417728659,true,1785417728716,FastAccept
1785417728796,false,1785417728853,FastAccept
1785417728943,true,1785417729000,FastAccept
1785417729101,false,1785417729158,FastAccept
1785417729272,false,1785417729328,FastAccept
1785417729458,false,1785417729514,FastAccept
1785417729662,false,1785417729718,FastAccept
1785417729887,true,1785417729944,FastAccept
1785417730139,false,1785417730196,FastAccept
1785417730425,false,1785417730481,FastAccept
1785417730754,true,1785417730843,LeaderAccept
1785417731143,false,1785417731213,LeaderAccept
1785417731615,false,1785417731686,LeaderAccept
1785417732213,true,1785417732283,LeaderAccept
1785417733018,true,1785417733090,LeaderAccept
1785417734222,false,1785417734293,LeaderAccept
1785417736417,false,1785417736488,LeaderAccept
1785417742992,false,1785417743062,LeaderAccept
1785417756362,true,1785417756418,FastAccept
1785417756379,true,1785417756436,FastAccept
1785417756395,true,1785417756453,FastAccept
1785417756412,false,1785417756469,FastAccept
1785417756428,false,1785417756484,FastAccept
1785417756444,true,1785417756501,FastAccept
1785417756461,false,1785417756517,FastAccept
1785417756478,true,1785417756535,FastAccept
1785417756495,true,1785417756552,FastAccept
1785417756512,true,1785417756569,FastAccept
1785417756530,false,1785417756587,FastAccept
1785417756548,false,1785417756606,FastAccept
1785417756565,false,1785417756622,FastAccept
1785417756583,true,1785417756639,FastAccept
1785417756601,true,1785417756658,FastAccept
1785417756619,false,1785417756676,FastAccept
1785417756637,true,1785417756694,FastAccept
1785417756655,true,1785417756712,FastAccept
1785417756674,false,1785417756732,FastAccept
1785417756693,true,1785417756750,FastAccept
1785417756712,false,1785417756768,FastAccept
1785417756731,true,1785417756822,SlowAccept
1785417756750,false,1785417756822,FastAccept
1785417756768,true,1785417756858,LeaderAccept
1785417756788,false,1785417756878,LeaderAccept
1785417756808,true,1785417756899,LeaderAccept
1785417756827,true,1785417756899,LeaderAccept
1785417756846,false,1785417756918,LeaderAccept
1785417756867,false,1785417756939,LeaderAccept
1785417756888,false,1785417756960,LeaderAccept
1785417756909,false,1785417756980,LeaderAccept
1785417756931,false,1785417757002,LeaderAccept
1785417756952,true,1785417757062,LeaderAccept
1785417756973,true,1785417757062,SlowAccept
1785417756994,false,1785417757084,LeaderAccept
1785417757015,true,1785417757085,LeaderAccept
1785417757037,true,1785417757108,LeaderAccept
1785417757059,true,1785417757130,LeaderAccept
1785417757081,true,1785417757152,LeaderAccept
1785417757104,true,1785417757175,LeaderAccept
1785417757126,false,1785417757197,LeaderAccept
1785417757149,true,1785417757220,LeaderAccept
1785417757173,true,1785417757243,LeaderAccept
1785417757196,true,1785417757268,LeaderAccept
1785417757219,false,1785417757290,LeaderAccept
1785417757243,true,1785417757313,LeaderAccept
1785417757267,false,1785417757339,LeaderAccept
1785417757291,false,1785417757362,LeaderAccept
1785417757316,false,1785417757387,LeaderAccept
1785417757342,false,1785417757414,LeaderAccept
1785417757367,false,1785417757439,LeaderAccept
1785417757393,true,1785417757466,LeaderAccept
1785417757421,true,1785417757491,LeaderAccept
1785417757447,true,1785417757518,LeaderAccept
1785417757474,false,1785417757545,LeaderAccept
1785417757501,false,1785417757573,LeaderAccept
1785417757529,false,1785417757601,LeaderAccept
1785417757557,false,1785417757628,LeaderAccept
1785417757585,false,1785417757656,LeaderAccept
1785417757615,true,1785417757686,LeaderAccept
1785417757644,true,1785417757716,LeaderAccept
1785417757674,true,1785417757745,LeaderAccept
1785417757705,false,1785417757776,LeaderAccept
1785417757735,false,1785417757807,LeaderAccept
1785417757766,false,1785417757838,LeaderAccept
1785417757797,false,1785417757869,LeaderAccept
1785417757828,true,1785417757900,LeaderAccept
1785417757860,false,1785417757932,LeaderAccept
1785417757893,true,1785417757964,LeaderAccept
1785417757926,false,1785417757997,LeaderAccept
1785417757960,true,1785417758031,LeaderAccept
1785417757994,true,1785417758065,LeaderAccept
1785417758029,true,1785417758101,LeaderAccept
1785417758065,true,1785417758136,LeaderAccept
1785417758101,false,1785417758171,LeaderAccept
1785417758137,true,1785417758208,LeaderAccept
1785417758174,false,1785417758245,LeaderAccept
1785417758212,false,1785417758283,LeaderAccept
1785417758250,false,1785417758321,LeaderAccept
1785417758290,true,1785417758361,LeaderAccept
1785417758330,true,1785417758401,LeaderAccept
1785417758370,false,1785417758441,LeaderAccept
1785417758412,false,1785417758484,LeaderAccept
1785417758455,true,1785417758526,LeaderAccept
1785417758498,false,1785417758569,LeaderAccept
1785417758542,false,1785417758613,LeaderAccept
1785417758589,true,1785417758660,LeaderAccept
1785417758635,false,1785417758707,LeaderAccept
1785417758682,false,1785417758752,LeaderAccept
1785417758730,false,1785417758801,LeaderAccept
1785417758780,false,1785417758851,LeaderAccept
1785417758832,true,1785417758903,LeaderAccept
1785417758884,true,1785417758955,LeaderAccept
1785417758937,false,1785417759009,LeaderAccept
1785417758992,true,1785417759063,LeaderAccept
1785417759048,false,1785417759120,LeaderAccept
1785417759106,false,1785417759177,LeaderAccept
1785417759165,false,1785417759236,LeaderAccept
1785417759226,false,1785417759297,LeaderAccept
1785417759291,false,1785417759361,LeaderAccept
1785417759356,true,1785417759428,LeaderAccept
1785417759423,false,1785417759494,LeaderAccept
1785417759492,true,1785417759564,LeaderAccept
1785417759564,true,1785417759634,LeaderAccept
1785417759638,false,1785417759710,LeaderAccept
1785417759716,true,1785417759787,LeaderAccept
1785417759796,true,1785417759853,FastAccept
1785417759879,false,1785417759937,FastAccept
1785417759967,true,1785417760025,FastAccept
1785417760059,false,1785417760115,FastAccept
1785417760153,false,1785417760210,FastAccept
1785417760253,true,1785417760309,FastAccept
1785417760358,false,1785417760415,FastAccept
1785417760468,false,1785417760524,FastAccept
1785417760585,true,1785417760642,FastAccept
1785417760709,true,1785417760766,FastAccept
1785417760840,true,1785417760897,FastAccept
1785417760980,false,1785417761036,FastAccept
1785417761130,true,1785417761186,FastAccept
1785417761292,true,1785417761348,FastAccept
1785417761467,false,1785417761524,FastAccept
1785417761658,false,1785417761714,FastAccept
1785417761868,false,1785417761924,FastAccept
1785417762101,false,1785417762157,FastAccept
1785417762363,false,1785417762419,FastAccept
1785417762661,true,1785417762717,FastAccept
1785417763007,true,1785417763063,FastAccept
1785417763418,false,1785417763475,FastAccept
1785417763923,true,1785417763980,FastAccept
1785417764573,false,1785417764630,FastAccept
1785417764894,true,1785417764950,FastAccept
1785417764912,false,1785417764969,FastAccept
1785417764930,true,1785417764986,FastAccept
1785417764947,false,1785417765004,FastAccept
1785417764966,false,1785417765022,FastAccept
1785417764984,false,1785417765040,FastAccept
1785417765004,true,1785417765060,FastAccept
1785417765023,true,1785417765079,FastAccept
1785417765042,true,1785417765098,FastAccept
1785417765061,false,1785417765117,FastAccept
1785417765080,false,1785417765137,FastAccept
1785417765100,true,1785417765157,FastAccept
1785417765120,false,1785417765176,FastAccept
1785417765140,true,1785417765197,FastAccept
1785417765160,true,1785417765217,FastAccept
1785417765180,false,1785417765236,FastAccept
1785417765200,true,1785417765256,FastAccept
1785417765220,true,1785417765277,FastAccept
1785417765241,false,1785417765297,FastAccept
1785417765262,true,1785417765318,FastAccept
1785417765284,true,1785417765340,FastAccept
1785417765305,true,1785417765361,FastAccept
1785417765326,false,1785417765382,FastAccept
1785417765348,false,1785417765404,FastAccept
1785417765370,true,1785417765427,FastAccept
1785417765393,true,1785417765450,FastAccept
1785417765416,false,1785417765472,FastAccept
1785417765439,true,1785417765496,FastAccept
1785417765462,false,1785417765518,FastAccept
1785417765485,false,1785417765542,FastAccept
1785417765508,true,1785417765565,FastAccept
1785417765532,false,1785417765588,FastAccept
1785417765557,true,1785417765613,FastAccept
1785417765581,false,1785417765639,FastAccept
1785417765606,true,1785417765663,FastAccept
1785417765631,true,1785417765687,FastAccept
1785417765656,false,1785417765712,FastAccept
1785417765682,true,1785417765738,FastAccept
1785417765708,true,1785417765764,FastAccept
1785417765734,true,1785417765790,FastAccept
1785417765760,true,1785417765816,FastAccept
1785417765787,false,1785417765844,FastAccept
1785417765814,true,1785417765870,FastAccept
1785417765843,true,1785417765899,FastAccept
1785417765871,false,1785417765927,FastAccept
1785417765900,false,1785417765958,FastAccept
1785417765929,false,1785417765985,FastAccept
1785417765958,true,1785417766014,FastAccept
1785417765988,true,1785417766044,FastAccept
1785417766018,false,1785417766073,FastAccept
1785417766048,false,1785417766104,FastAccept
1785417766079,false,1785417766135,FastAccept
1785417766110,true,1785417766166,FastAccept
1785417766142,true,1785417766198,FastAccept
1785417766175,false,1785417766231,FastAccept
1785417766208,true,1785417766264,FastAccept
1785417766241,true,1785417766297,FastAccept
1785417766275,true,1785417766331,FastAccept
1785417766310,true,1785417766366,FastAccept
1785417766345,true,1785417766402,FastAccept
1785417766381,true,1785417766438,FastAccept
1785417766417,false,1785417766473,FastAccept
1785417766454,true,1785417766511,FastAccept
1785417766492,true,1785417766549,FastAccept
1785417766531,true,1785417766588,FastAccept
1785417766570,false,1785417766627,FastAccept
1785417766610,false,1785417766667,FastAccept
1785417766651,true,1785417766708,FastAccept
1785417766692,false,1785417766748,FastAccept
1785417766734,false,1785417766790,FastAccept
1785417766777,false,1785417766833,FastAccept
1785417766821,true,1785417766877,FastAccept
1785417766866,true,1785417766922,FastAccept
1785417766912,true,1785417766968,FastAccept
1785417766959,true,1785417767015,FastAccept
1785417767007,true,1785417767064,FastAccept
1785417767057,true,1785417767114,FastAccept
1785417767108,false,1785417767165,FastAccept
1785417767160,false,1785417767216,FastAccept
1785417767213,false,1785417767270,FastAccept
1785417767268,false,1785417767324,FastAccept
1785417767324,false,1785417767380,FastAccept
1785417767382,false,1785417767439,FastAccept
1785417767442,false,1785417767498,FastAccept
1785417767504,true,1785417767561,FastAccept
1785417767566,true,1785417767623,FastAccept
1785417767631,true,1785417767687,FastAccept
1785417767698,true,1785417767755,FastAccept
1785417767768,true,1785417767824,FastAccept
1785417767839,true,1785417767895,FastAccept
1785417767913,true,1785417767970,FastAccept
1785417767990,false,1785417768047,FastAccept
1785417768070,false,1785417768126,FastAccept
1785417768153,true,1785417768210,FastAccept
1785417768240,true,1785417768296,FastAccept
1785417768329,true,1785417768385,FastAccept
1785417768424,false,1785417768480,FastAccept
1785417768523,true,1785417768579,FastAccept
1785417768626,false,1785417768683,FastAccept
1785417768735,true,1785417768792,FastAccept
1785417768850,false,1785417768907,FastAccept
1785417768972,true,1785417769029,FastAccept
1785417769102,false,1785417769159,FastAccept
1785417769240,true,1785417769296,FastAccept
1785417769388,true,1785417769445,FastAccept
1785417769547,true,1785417769604,FastAccept
1785417769719,true,1785417769777,FastAccept
1785417769907,true,1785417769964,FastAccept
1785417770113,true,1785417770170,FastAccept
1785417770342,false,1785417770399,FastAccept
1785417770598,false,1785417770657,FastAccept
1785417770889,true,1785417770946,FastAccept
1785417771225,false,1785417771281,FastAccept
1785417771622,true,1785417771679,FastAccept
1785417772106,true,1785417772163,FastAccept
1785417772722,false,1785417772778,FastAccept
1785417773560,true,1785417773617,FastAccept
1785417774833,true,1785417774890,FastAccept
1785417777239,true,1785417777296,FastAccept
1785417785246,false,1785417785303,FastAccept
1785417802921,true,1785417802978,FastAccept
1785417802945,false,1785417803002,FastAccept
1785417802968,true,1785417803025,FastAccept
1785417802992,true,1785417803049,FastAccept
1785417803016,false,1785417803073,FastAccept
1785417803041,true,1785417803098,FastAccept
1785417803066,false,1785417803124,FastAccept
1785417803091,true,1785417803148,FastAccept
1785417803117,false,1785417803173,FastAccept
1785417803142,false,1785417803199,FastAccept
1785417803168,false,1785417803225,FastAccept
1785417803194,false,1785417803252,FastAccept
1785417803221,true,1785417803278,FastAccept
1785417803248,false,1785417803305,FastAccept
1785417803275,false,1785417803332,FastAccept
1785417803303,true,1785417803360,FastAccept
1785417803331,false,1785417803388,FastAccept
1785417803360,true,1785417803417,FastAccept
1785417803389,false,1785417803446,FastAccept
1785417803417,true,1785417803474,FastAccept
1785417803447,false,1785417803504,FastAccept
1785417803477,true,1785417803533,FastAccept
1785417803507,true,1785417803564,FastAccept
1785417803538,true,1785417803596,FastAccept
1785417803570,true,1785417803627,FastAccept
1785417803602,false,1785417803659,FastAccept
1785417803634,true,1785417803691,FastAccept
1785417803668,false,1785417803724,FastAccept
1785417803701,false,1785417803758,FastAccept
1785417803735,true,1785417803792,FastAccept
1785417803769,false,1785417803826,FastAccept
1785417803804,false,1785417803861,FastAccept
1785417803840,false,1785417803897,FastAccept
1785417803876,true,1785417803933,FastAccept
1785417803913,true,1785417803969,FastAccept
1785417803950,false,1785417804007,FastAccept
1785417803988,false,1785417804045,FastAccept
1785417804027,true,1785417804084,FastAccept
1785417804067,false,1785417804123,FastAccept
1785417804107,true,1785417804165,FastAccept
1785417804148,true,1785417804205,FastAccept
1785417804190,true,1785417804246,FastAccept
1785417804232,true,1785417804289,FastAccept
1785417804276,false,1785417804333,FastAccept
1785417804321,true,1785417804378,FastAccept
1785417804367,false,1785417804424,FastAccept
1785417804415,true,1785417804471,FastAccept
1785417804463,false,1785417804519,FastAccept
1785417804512,false,1785417804569,FastAccept
1785417804563,false,1785417804620,FastAccept
1785417804615,true,1785417804671,FastAccept
1785417804667,true,1785417804724,FastAccept
1785417804722,true,1785417804778,FastAccept
1785417804777,false,1785417804833,FastAccept
1785417804834,false,1785417804891,FastAccept
1785417804893,true,1785417804950,FastAccept
1785417804954,false,1785417805011,FastAccept
1785417805017,false,1785417805074,FastAccept
1785417805081,true,1785417805138,FastAccept
1785417805148,false,1785417805205,FastAccept
1785417805216,true,1785417805273,FastAccept
1785417805287,false,1785417805344,FastAccept
1785417805360,false,1785417805418,FastAccept
1785417805436,false,1785417805494,FastAccept
1785417805516,false,1785417805573,FastAccept
1785417805598,false,1785417805655,FastAccept
1785417805683,true,1785417805741,FastAccept
1785417805773,true,1785417805830,FastAccept
1785417805866,false,1785417805923,FastAccept
1785417805963,true,1785417806020,FastAccept
1785417806065,false,1785417806122,FastAccept
1785417806173,false,1785417806230,FastAccept
1785417806286,false,1785417806344,FastAccept
1785417806406,false,1785417806462,FastAccept
1785417806533,false,1785417806590,FastAccept
1785417806669,false,1785417806726,FastAccept
1785417806814,false,1785417806871,FastAccept
1785417806969,false,1785417807026,FastAccept
1785417807138,false,1785417807195,FastAccept
1785417807321,true,1785417807377,FastAccept
1785417807521,false,1785417807579,FastAccept
1785417807743,false,1785417807800,FastAccept
1785417807990,false,1785417808048,FastAccept
1785417808269,true,1785417808326,FastAccept
1785417808591,false,1785417808648,FastAccept
1785417808968,false,1785417809025,FastAccept
1785417809423,false,1785417809481,FastAccept
1785417809995,true,1785417810051,FastAccept
1785417810754,true,1785417810811,FastAccept
1785417811864,true,1785417811935,LeaderAccept
1785417813795,true,1785417813852,FastAccept
1785417818868,false,1785417818925,FastAccept
1785417827018,true,1785417827186,FastAccept
1785417827041,false,1785417827209,FastAccept
1785417827065,false,1785417827260,LeaderAccept
1785417827089,false,1785417827283,LeaderAccept
1785417827112,false,1785417827332,LeaderAccept
1785417827136,true,1785417827355,LeaderAccept
1785417827160,true,1785417827355,LeaderAccept
1785417827184,false,1785417827360,LeaderAccept
1785417827209,true,1785417827384,LeaderAccept
1785417827234,false,1785417827410,LeaderAccept
1785417827260,false,1785417827435,LeaderAccept
1785417827285,false,1785417827461,LeaderAccept
1785417827311,true,1785417827488,LeaderAccept
1785417827337,true,1785417827513,LeaderAccept
1785417827364,false,1785417827539,LeaderAccept
1785417827391,true,1785417827567,LeaderAccept
1785417827418,false,1785417827595,LeaderAccept
1785417827446,false,1785417827622,LeaderAccept
1785417827474,false,1785417827649,LeaderAccept
1785417827502,false,1785417827679,LeaderAccept
1785417827531,false,1785417827706,LeaderAccept
1785417827560,true,1785417827737,LeaderAccept
1785417827590,false,1785417827765,LeaderAccept
1785417827620,true,1785417827797,LeaderAccept
1785417827651,true,1785417827827,LeaderAccept
1785417827682,false,1785417827858,LeaderAccept
1785417827714,true,1785417827890,LeaderAccept
1785417827746,true,1785417827923,LeaderAccept
1785417827778,true,1785417827955,LeaderAccept
1785417827811,false,1785417827986,LeaderAccept
1785417827844,true,1785417828022,LeaderAccept
1785417827878,false,1785417828055,LeaderAccept
1785417827913,false,1785417828090,LeaderAccept
1785417827948,true,1785417828125,LeaderAccept
1785417827985,true,1785417828161,LeaderAccept
1785417828021,true,1785417828197,LeaderAccept
1785417828058,true,1785417828234,LeaderAccept
1785417828096,true,1785417828272,LeaderAccept
1785417828134,false,1785417828310,LeaderAccept
1785417828173,true,1785417828349,LeaderAccept
1785417828212,true,1785417828388,LeaderAccept
1785417828253,true,1785417828430,LeaderAccept
1785417828294,true,1785417828470,LeaderAccept
1785417828336,false,1785417828512,LeaderAccept
1785417828379,false,1785417828555,LeaderAccept
1785417828423,false,1785417828600,LeaderAccept
1785417828468,false,1785417828644,LeaderAccept
1785417828514,true,1785417828691,LeaderAccept
1785417828561,false,1785417828736,LeaderAccept
1785417828609,true,1785417828786,LeaderAccept
1785417828659,true,1785417828836,LeaderAccept
1785417828709,true,1785417828886,LeaderAccept
1785417828761,false,1785417828937,LeaderAccept
1785417828814,false,1785417828991,LeaderAccept
1785417828870,false,1785417829045,LeaderAccept
1785417828926,false,1785417829104,LeaderAccept
1785417828984,false,1785417829161,LeaderAccept
1785417829043,false,1785417829219,LeaderAccept
1785417829103,false,1785417829280,LeaderAccept
1785417829166,false,1785417829343,LeaderAccept
1785417829231,true,1785417829407,LeaderAccept
1785417829297,true,1785417829473,LeaderAccept
1785417829366,true,1785417829542,LeaderAccept
1785417829437,true,1785417829613,LeaderAccept
1785417829510,true,1785417829686,LeaderAccept
1785417829586,false,1785417829762,LeaderAccept
1785417829665,false,1785417829841,LeaderAccept
1785417829747,false,1785417829924,LeaderAccept
1785417829834,true,1785417830010,LeaderAccept
1785417829923,false,1785417830100,LeaderAccept
1785417830016,true,1785417830193,LeaderAccept
1785417830114,false,1785417830290,LeaderAccept
1785417830217,false,1785417830393,LeaderAccept
1785417830326,false,1785417830503,LeaderAccept
1785417830440,true,1785417830616,LeaderAccept
1785417830561,true,1785417830738,LeaderAccept
1785417830689,true,1785417830866,LeaderAccept
1785417830826,true,1785417831003,LeaderAccept
1785417830973,false,1785417831149,LeaderAccept
1785417831131,false,1785417831299,FastAccept
1785417831301,false,1785417831470,FastAccept
1785417831487,true,1785417831655,FastAccept
1785417831690,false,1785417831858,FastAccept
1785417831915,true,1785417832083,FastAccept
1785417832167,false,1785417832343,LeaderAccept
1785417832452,false,1785417832620,FastAccept
1785417832781,false,1785417832950,FastAccept
1785417833168,true,1785417833336,FastAccept
1785417833638,true,1785417833806,FastAccept
1785417834232,true,1785417834400,FastAccept
1785417835030,false,1785417835198,FastAccept
1785417836220,false,1785417836389,FastAccept
1785417838376,false,1785417838544,FastAccept
1785417844710,true,1785417844887,LeaderAccept
1785417848171,false,1785417848338,FastAccept
1785417848190,true,1785417848356,FastAccept
1785417848209,true,1785417848405,SlowAccept
1785417848228,true,1785417848405,FastAccept
1785417848247,true,1785417848440,LeaderAccept
1785417848266,true,1785417848460,LeaderAccept
1785417848286,false,1785417848463,LeaderAccept
1785417848305,false,1785417848499,LeaderAccept
1785417848325,false,1785417848519,LeaderAccept
1785417848345,true,1785417848522,LeaderAccept
1785417848365,true,1785417848543,LeaderAccept
1785417848386,true,1785417848563,LeaderAccept
1785417848406,false,1785417848584,LeaderAccept
1785417848427,true,1785417848605,LeaderAccept
1785417848448,true,1785417848626,LeaderAccept
1785417848469,false,1785417848648,LeaderAccept
1785417848491,false,1785417848669,LeaderAccept
1785417848513,true,1785417848691,LeaderAccept
1785417848535,false,1785417848713,LeaderAccept
1785417848557,true,1785417848735,LeaderAccept
1785417848580,true,1785417848757,LeaderAccept
1785417848602,false,1785417848780,LeaderAccept
1785417848625,true,1785417848803,LeaderAccept
1785417848648,true,1785417848825,LeaderAccept
1785417848671,true,1785417848849,LeaderAccept
1785417848695,true,1785417848873,LeaderAccept
1785417848719,false,1785417848896,LeaderAccept
1785417848743,true,1785417848920,LeaderAccept
1785417848767,true,1785417848945,LeaderAccept
1785417848792,false,1785417848970,LeaderAccept
1785417848817,false,1785417848994,LeaderAccept
1785417848842,false,1785417849020,LeaderAccept
1785417848868,true,1785417849046,LeaderAccept
1785417848894,true,1785417849071,LeaderAccept
1785417848920,true,1785417849096,LeaderAccept
1785417848945,false,1785417849122,LeaderAccept
1785417848972,false,1785417849150,LeaderAccept
1785417848999,true,1785417849177,LeaderAccept
1785417849026,true,1785417849204,LeaderAccept
1785417849054,false,1785417849232,LeaderAccept
1785417849082,true,1785417849259,LeaderAccept
1785417849111,false,1785417849289,LeaderAccept
1785417849140,false,1785417849317,LeaderAccept
1785417849169,false,1785417849346,LeaderAccept
1785417849199,false,1785417849376,LeaderAccept
1785417849229,true,1785417849407,LeaderAccept
1785417849260,true,1785417849437,LeaderAccept
1785417849291,true,1785417849469,LeaderAccept
1785417849323,false,1785417849501,LeaderAccept
1785417849356,false,1785417849534,LeaderAccept
1785417849388,true,1785417849566,LeaderAccept
1785417849421,false,1785417849599,LeaderAccept
1785417849455,true,1785417849633,LeaderAccept
1785417849489,false,1785417849667,LeaderAccept
1785417849524,true,1785417849702,LeaderAccept
1785417849559,true,1785417849737,LeaderAccept
1785417849595,false,1785417849773,LeaderAccept
1785417849631,true,1785417849810,LeaderAccept
1785417849669,true,1785417849847,LeaderAccept
1785417849707,false,1785417849885,LeaderAccept
1785417849745,true,1785417849923,LeaderAccept
1785417849785,true,1785417849962,LeaderAccept
1785417849825,true,1785417850003,LeaderAccept
1785417849866,true,1785417850045,LeaderAccept
1785417849908,true,1785417850086,LeaderAccept
1785417849950,false,1785417850128,LeaderAccept
1785417849994,false,1785417850172,LeaderAccept
1785417850038,true,1785417850217,LeaderAccept
1785417850083,false,1785417850261,LeaderAccept
1785417850129,false,1785417850307,LeaderAccept
1785417850177,false,1785417850355,LeaderAccept
1785417850225,true,1785417850403,LeaderAccept
1785417850275,false,1785417850452,LeaderAccept
1785417850326,false,1785417850504,LeaderAccept
1785417850378,false,1785417850556,LeaderAccept
1785417850431,true,1785417850609,LeaderAccept
1785417850486,true,1785417850664,LeaderAccept
1785417850542,true,1785417850719,LeaderAccept
1785417850600,true,1785417850778,LeaderAccept
1785417850659,true,1785417850837,LeaderAccept
1785417850719,true,1785417850897,LeaderAccept
1785417850782,true,1785417850960,LeaderAccept
1785417850847,false,1785417851024,LeaderAccept
1785417850914,true,1785417851091,LeaderAccept
1785417850983,true,1785417851161,LeaderAccept
1785417851053,false,1785417851231,LeaderAccept
1785417851128,true,1785417851305,LeaderAccept
1785417851205,true,1785417851383,LeaderAccept
1785417851285,true,1785417851462,LeaderAccept
1785417851368,true,1785417851546,LeaderAccept
1785417851455,false,1785417851633,LeaderAccept
1785417851546,true,1785417851723,LeaderAccept
1785417851640,false,1785417851818,LeaderAccept
1785417851739,true,1785417851916,LeaderAccept
1785417851844,true,1785417852023,LeaderAccept
1785417851953,true,1785417852131,LeaderAccept
1785417852069,true,1785417852247,LeaderAccept
1785417852191,false,1785417852369,LeaderAccept
1785417852321,true,1785417852498,LeaderAccept
1785417852459,true,1785417852638,LeaderAccept
1785417852608,true,1785417852786,LeaderAccept
1785417852768,false,1785417852936,FastAccept
1785417852941,false,1785417853108,FastAccept
1785417853130,false,1785417853297,FastAccept
1785417853337,true,1785417853504,FastAccept
1785417853567,false,1785417853734,FastAccept
1785417853824,false,1785417853992,FastAccept
1785417854117,false,1785417854284,FastAccept
1785417854456,false,1785417854623,FastAccept
1785417854856,true,1785417855024,FastAccept
1785417855347,true,1785417855514,FastAccept
1785417855972,true,1785417856140,FastAccept
1785417856828,false,1785417856996,FastAccept
1785417858139,true,1785417858333,LeaderAccept
1785417860664,false,1785417860840,LeaderAccept
1785417869583,false,1785417869750,FastAccept
1785417896447,true,1785417896624,LeaderAccept
1785417896475,true,1785417896653,LeaderAccept
1785417896504,false,1785417896681,LeaderAccept
1785417896533,false,1785417896710,LeaderAccept
1785417896563,false,1785417896740,LeaderAccept
1785417896593,true,1785417896770,LeaderAccept
1785417896624,true,1785417896801,LeaderAccept
1785417896655,true,1785417896832,LeaderAccept
1785417896686,false,1785417896864,LeaderAccept
1785417896718,false,1785417896897,LeaderAccept
1785417896751,false,1785417896928,LeaderAccept
1785417896784,true,1785417896961,LeaderAccept
1785417896817,false,1785417896995,LeaderAccept
1785417896852,true,1785417897029,LeaderAccept
1785417896886,false,1785417897064,LeaderAccept
1785417896921,true,1785417897098,LeaderAccept
1785417896958,false,1785417897135,LeaderAccept
1785417896994,false,1785417897172,LeaderAccept
1785417897031,true,1785417897209,LeaderAccept
1785417897069,false,1785417897246,LeaderAccept
1785417897107,true,1785417897284,LeaderAccept
1785417897146,false,1785417897324,LeaderAccept
1785417897186,true,1785417897363,LeaderAccept
1785417897227,true,1785417897404,LeaderAccept
1785417897268,false,1785417897444,LeaderAccept
1785417897310,true,1785417897487,LeaderAccept
1785417897353,true,1785417897530,LeaderAccept
1785417897396,false,1785417897573,LeaderAccept
1785417897441,true,1785417897619,LeaderAccept
1785417897487,true,1785417897664,LeaderAccept
1785417897533,true,1785417897710,LeaderAccept
1785417897581,false,1785417897757,LeaderAccept
1785417897630,true,1785417897807,LeaderAccept
1785417897680,false,1785417897858,LeaderAccept
1785417897732,true,1785417897909,LeaderAccept
1785417897784,true,1785417897961,LeaderAccept
1785417897837,false,1785417898015,LeaderAccept
1785417897894,false,1785417898071,LeaderAccept
1785417897951,false,1785417898129,LeaderAccept
1785417898010,true,1785417898187,LeaderAccept
1785417898071,false,1785417898248,LeaderAccept
1785417898133,true,1785417898310,LeaderAccept
1785417898197,true,1785417898374,LeaderAccept
1785417898264,false,1785417898441,LeaderAccept
1785417898332,false,1785417898510,LeaderAccept
1785417898403,true,1785417898581,LeaderAccept
1785417898476,true,1785417898654,LeaderAccept
1785417898552,false,1785417898729,LeaderAccept
1785417898630,false,1785417898808,LeaderAccept
1785417898712,false,1785417898889,LeaderAccept
1785417898797,false,1785417898974,LeaderAccept
1785417898885,false,1785417899062,LeaderAccept
1785417898978,true,1785417899156,LeaderAccept
1785417899075,true,1785417899252,LeaderAccept
1785417899177,true,1785417899355,LeaderAccept
1785417899284,true,1785417899461,LeaderAccept
1785417899397,false,1785417899575,LeaderAccept
1785417899517,true,1785417899695,LeaderAccept
1785417899644,false,1785417899822,LeaderAccept
1785417899779,true,1785417899956,LeaderAccept
1785417899923,false,1785417900100,LeaderAccept
1785417900078,true,1785417900256,LeaderAccept
1785417900245,true,1785417900423,LeaderAccept
1785417900426,false,1785417900604,LeaderAccept
1785417900625,false,1785417900792,FastAccept
1785417900844,true,1785417901012,FastAccept
1785417901089,false,1785417901257,FastAccept
1785417901366,true,1785417901534,FastAccept
1785417901684,true,1785417901851,FastAccept
1785417902057,true,1785417902225,FastAccept
1785417902506,false,1785417902702,LeaderAccept
1785417903067,true,1785417903260,LeaderAccept
1785417903808,true,1785417903986,LeaderAccept
1785417904882,false,1785417905050,FastAccept
1785417906718,false,1785417906886,FastAccept
1785417911314,false,1785417911483,FastAccept
1785417936966,true,1785417937133,FastAccept
1785417936981,true,1785417937146,FastAccept
1785417936997,true,1785417937162,FastAccept
1785417937012,false,1785417937176,FastAccept
1785417937027,false,1785417937192,FastAccept
1785417937043,false,1785417937266,FastAccept
1785417937058,true,1785417937266,FastAccept
1785417937074,false,1785417937266,FastAccept
1785417937090,false,1785417937266,FastAccept
1785417937106,false,1785417937272,FastAccept
1785417937123,true,1785417937288,FastAccept
1785417937139,true,1785417937304,FastAccept
1785417937155,false,1785417937321,FastAccept
1785417937171,false,1785417937336,FastAccept
1785417937187,true,1785417937353,FastAccept
1785417937204,false,1785417937368,FastAccept
1785417937221,false,1785417937386,FastAccept
1785417937238,true,1785417937403,FastAccept
1785417937255,false,1785417937421,FastAccept
1785417937273,false,1785417937438,FastAccept
1785417937290,true,1785417937455,FastAccept
1785417937307,false,1785417937474,FastAccept
1785417937325,false,1785417937490,FastAccept
1785417937343,false,1785417937508,FastAccept
1785417937361,true,1785417937526,FastAccept
1785417937380,true,1785417937545,FastAccept
1785417937398,true,1785417937563,FastAccept
1785417937415,true,1785417937582,FastAccept
1785417937434,false,1785417937600,FastAccept
1785417937453,true,1785417937620,FastAccept
1785417937472,true,1785417937637,FastAccept
1785417937491,true,1785417937660,FastAccept
1785417937510,false,1785417937677,FastAccept
1785417937530,true,1785417937694,FastAccept
1785417937549,true,1785417937714,FastAccept
1785417937568,false,1785417937736,FastAccept
1785417937588,false,1785417937755,FastAccept
1785417937608,true,1785417937773,FastAccept
1785417937628,true,1785417937796,FastAccept
1785417937649,false,1785417937818,FastAccept
1785417937670,true,1785417937836,FastAccept
1785417937691,false,1785417937856,FastAccept
1785417937712,true,1785417937879,FastAccept
1785417937733,true,1785417937898,FastAccept
1785417937755,false,1785417937920,FastAccept
1785417937777,false,1785417937943,FastAccept
1785417937799,true,1785417937965,FastAccept
1785417937821,true,1785417937986,FastAccept
1785417937844,true,1785417938009,FastAccept
1785417937867,false,1785417938033,FastAccept
1785417937890,false,1785417938055,FastAccept
1785417937913,true,1785417938099,SlowAccept
1785417937937,false,1785417938129,LeaderAccept
1785417937961,true,1785417938153,LeaderAccept
1785417937985,true,1785417938176,LeaderAccept
1785417938010,true,1785417938185,LeaderAccept
1785417938035,false,1785417938210,LeaderAccept
1785417938060,false,1785417938233,LeaderAccept
1785417938085,true,1785417938260,LeaderAccept
1785417938111,false,1785417938285,LeaderAccept
1785417938137,false,1785417938311,LeaderAccept
1785417938163,false,1785417938337,LeaderAccept
1785417938190,true,1785417938366,LeaderAccept
1785417938217,false,1785417938391,LeaderAccept
1785417938244,true,1785417938417,LeaderAccept
1785417938270,false,1785417938445,LeaderAccept
1785417938298,false,1785417938472,LeaderAccept
1785417938326,false,1785417938501,LeaderAccept
1785417938355,false,1785417938530,LeaderAccept
1785417938385,false,1785417938559,LeaderAccept
1785417938415,true,1785417938590,LeaderAccept
1785417938445,false,1785417938618,LeaderAccept
1785417938476,true,1785417938651,LeaderAccept
1785417938506,true,1785417938681,LeaderAccept
1785417938537,false,1785417938712,LeaderAccept
1785417938569,false,1785417938743,LeaderAccept
1785417938601,true,1785417938778,LeaderAccept
1785417938634,false,1785417938809,LeaderAccept
1785417938668,true,1785417938842,LeaderAccept
1785417938701,true,1785417938876,LeaderAccept
1785417938735,false,1785417938910,LeaderAccept
1785417938770,true,1785417938945,LeaderAccept
1785417938806,false,1785417938979,LeaderAccept
1785417938842,false,1785417939016,LeaderAccept
1785417938879,true,1785417939053,LeaderAccept
1785417938917,true,1785417939091,LeaderAccept
1785417938955,true,1785417939129,LeaderAccept
1785417938993,false,1785417939167,LeaderAccept
1785417939033,false,1785417939207,LeaderAccept
1785417939073,false,1785417939246,LeaderAccept
1785417939114,false,1785417939288,LeaderAccept
1785417939156,true,1785417939330,LeaderAccept
1785417939199,true,1785417939373,LeaderAccept
1785417939242,true,1785417939415,LeaderAccept
1785417939286,true,1785417939460,LeaderAccept
1785417939332,true,1785417939507,LeaderAccept
1785417939379,true,1785417939554,LeaderAccept
1785417939426,false,1785417939601,LeaderAccept
1785417939474,false,1785417939650,LeaderAccept
1785417939524,true,1785417939699,LeaderAccept
1785417939575,true,1785417939748,LeaderAccept
1785417939627,true,1785417939801,LeaderAccept
1785417939681,false,1785417939855,LeaderAccept
1785417939736,false,1785417939911,LeaderAccept
1785417939793,true,1785417939968,LeaderAccept
1785417939851,true,1785417940025,LeaderAccept
1785417939911,true,1785417940085,LeaderAccept
1785417939972,true,1785417940146,LeaderAccept
1785417940036,false,1785417940210,LeaderAccept
1785417940101,true,1785417940275,LeaderAccept
1785417940169,true,1785417940343,LeaderAccept
1785417940239,false,1785417940413,LeaderAccept
1785417940312,false,1785417940486,LeaderAccept
1785417940387,true,1785417940561,LeaderAccept
1785417940465,false,1785417940640,LeaderAccept
1785417940546,true,1785417940720,LeaderAccept
1785417940630,true,1785417940803,LeaderAccept
1785417940718,true,1785417940892,LeaderAccept
1785417940810,true,1785417940983,LeaderAccept
1785417940906,true,1785417941080,LeaderAccept
1785417941007,true,1785417941181,LeaderAccept
1785417941113,false,1785417941287,LeaderAccept
1785417941225,false,1785417941399,LeaderAccept
1785417941342,false,1785417941516,LeaderAccept
1785417941467,false,1785417941642,LeaderAccept
1785417941600,false,1785417941774,LeaderAccept
1785417941742,false,1785417941916,LeaderAccept
1785417941894,false,1785417942069,LeaderAccept
1785417942058,true,1785417942232,LeaderAccept
1785417942235,false,1785417942409,LeaderAccept
1785417942429,true,1785417942604,LeaderAccept
1785417942643,true,1785417942817,LeaderAccept
1785417942881,false,1785417943054,LeaderAccept
1785417943148,true,1785417943321,LeaderAccept
1785417943453,false,1785417943626,LeaderAccept
1785417943809,true,1785417943983,LeaderAccept
1785417944234,false,1785417944409,LeaderAccept
1785417944760,true,1785417944917,FastAccept
1785417945444,true,1785417945601,FastAccept
1785417946405,false,1785417946561,FastAccept
1785417947959,true,1785417948116,FastAccept
1785417951337,true,1785417951494,FastAccept
1785417969616,true,1785417969774,FastAccept
1785417994599,true,1785417994758,FastAccept
1785417994619,true,1785417994776,FastAccept
1785417994638,false,1785417994829,SlowAccept
1785417994657,true,1785417994830,FastAccept
1785417994676,true,1785417994904,LeaderAccept
1785417994696,false,1785417994923,LeaderAccept
1785417994716,true,1785417994923,LeaderAccept
1785417994737,true,1785417994923,LeaderAccept
1785417994757,false,1785417994929,LeaderAccept
1785417994777,true,1785417994952,LeaderAccept
1785417994797,false,1785417994968,LeaderAccept
1785417994817,false,1785417994989,LeaderAccept
1785417994838,true,1785417995009,LeaderAccept
1785417994859,true,1785417995030,LeaderAccept
1785417994880,false,1785417995052,LeaderAccept
1785417994902,true,1785417995074,LeaderAccept
1785417994923,false,1785417995094,LeaderAccept
1785417994945,false,1785417995116,LeaderAccept
1785417994968,true,1785417995139,LeaderAccept
1785417994990,false,1785417995161,LeaderAccept
1785417995013,true,1785417995185,LeaderAccept
1785417995036,true,1785417995208,LeaderAccept
1785417995059,false,1785417995230,LeaderAccept
1785417995082,false,1785417995254,LeaderAccept
1785417995106,false,1785417995277,LeaderAccept
1785417995130,false,1785417995301,LeaderAccept
1785417995154,false,1785417995325,LeaderAccept
1785417995178,false,1785417995349,LeaderAccept
1785417995203,false,1785417995374,LeaderAccept
1785417995228,false,1785417995400,LeaderAccept
1785417995253,true,1785417995424,LeaderAccept
1785417995277,true,1785417995448,LeaderAccept
1785417995303,false,1785417995474,LeaderAccept
1785417995329,true,1785417995501,LeaderAccept
1785417995356,true,1785417995528,LeaderAccept
1785417995384,false,1785417995555,LeaderAccept
1785417995411,true,1785417995582,LeaderAccept
1785417995439,false,1785417995610,LeaderAccept
1785417995467,true,1785417995638,LeaderAccept
1785417995495,false,1785417995667,LeaderAccept
1785417995523,false,1785417995695,LeaderAccept
1785417995552,false,1785417995723,LeaderAccept
1785417995581,true,1785417995752,LeaderAccept
1785417995610,true,1785417995782,LeaderAccept
1785417995641,true,1785417995812,LeaderAccept
1785417995672,true,1785417995843,LeaderAccept
1785417995704,true,1785417995875,LeaderAccept
1785417995735,true,1785417995907,LeaderAccept
1785417995768,true,1785417995939,LeaderAccept
1785417995800,false,1785417995971,LeaderAccept
1785417995834,false,1785417996005,LeaderAccept
1785417995867,false,1785417996038,LeaderAccept
1785417995901,false,1785417996072,LeaderAccept
1785417995936,false,1785417996107,LeaderAccept
1785417995972,true,1785417996143,LeaderAccept
1785417996008,true,1785417996179,LeaderAccept
1785417996046,false,1785417996216,LeaderAccept
1785417996082,false,1785417996253,LeaderAccept
1785417996121,true,1785417996291,LeaderAccept
1785417996160,true,1785417996332,LeaderAccept
1785417996200,false,1785417996371,LeaderAccept
1785417996240,true,1785417996411,LeaderAccept
1785417996281,false,1785417996452,LeaderAccept
1785417996323,true,1785417996494,LeaderAccept
1785417996366,false,1785417996537,LeaderAccept
1785417996410,false,1785417996581,LeaderAccept
1785417996455,true,1785417996626,LeaderAccept
1785417996500,true,1785417996671,LeaderAccept
1785417996547,false,1785417996718,LeaderAccept
1785417996595,true,1785417996765,LeaderAccept
1785417996642,false,1785417996814,LeaderAccept
1785417996693,true,1785417996865,LeaderAccept
1785417996744,false,1785417996915,LeaderAccept
1785417996795,true,1785417996967,LeaderAccept
1785417996849,true,1785417997021,LeaderAccept
1785417996905,true,1785417997077,LeaderAccept
1785417996962,true,1785417997133,LeaderAccept
1785417997020,true,1785417997191,LeaderAccept
1785417997080,true,1785417997250,LeaderAccept
1785417997142,true,1785417997313,LeaderAccept
1785417997205,false,1785417997375,LeaderAccept
1785417997271,false,1785417997442,LeaderAccept
1785417997340,false,1785417997511,LeaderAccept
1785417997410,false,1785417997581,LeaderAccept
1785417997483,false,1785417997654,LeaderAccept
1785417997560,true,1785417997731,LeaderAccept
1785417997638,false,1785417997809,LeaderAccept
1785417997719,true,1785417997890,LeaderAccept
1785417997804,true,1785417997976,LeaderAccept
1785417997894,false,1785417998065,LeaderAccept
1785417997987,false,1785417998159,LeaderAccept
1785417998083,true,1785417998254,LeaderAccept
1785417998185,false,1785417998357,LeaderAccept
1785417998291,true,1785417998462,LeaderAccept
1785417998403,false,1785417998574,LeaderAccept
1785417998522,false,1785417998693,LeaderAccept
1785417998648,true,1785417998819,LeaderAccept
1785417998782,false,1785417998953,LeaderAccept
1785417998926,true,1785417999097,LeaderAccept
1785417999079,false,1785417999251,LeaderAccept
1785417999246,true,1785417999417,LeaderAccept
1785417999426,true,1785417999598,LeaderAccept
1785417999624,true,1785417999795,LeaderAccept
1785417999843,false,1785418000015,LeaderAccept
1785418000086,false,1785418000257,LeaderAccept
1785418000360,true,1785418000531,LeaderAccept
1785418000674,false,1785418000845,LeaderAccept
1785418001042,false,1785418001213,LeaderAccept
1785418001483,true,1785418001655,LeaderAccept
1785418002032,false,1785418002204,LeaderAccept
1785418002756,false,1785418002927,LeaderAccept
1785418003793,false,1785418003965,LeaderAccept
1785418005535,true,1785418005692,FastAccept
1785418009694,true,1785418009851,FastAccept
1785418016345,true,1785418016516,LeaderAccept
1785418016367,false,1785418016538,LeaderAccept
1785418016389,true,1785418016561,LeaderAccept
1785418016411,true,1785418016582,LeaderAccept
1785418016433,false,1785418016604,LeaderAccept
1785418016456,false,1785418016627,LeaderAccept
1785418016479,true,1785418016650,LeaderAccept
1785418016502,false,1785418016673,LeaderAccept
1785418016525,true,1785418016696,LeaderAccept
1785418016548,false,1785418016720,LeaderAccept
1785418016572,true,1785418016743,LeaderAccept
1785418016596,true,1785418016767,LeaderAccept
1785418016621,false,1785418016791,LeaderAccept
1785418016645,true,1785418016816,LeaderAccept
1785418016670,false,1785418016841,LeaderAccept
1785418016696,false,1785418016866,LeaderAccept
1785418016721,false,1785418016892,LeaderAccept
1785418016747,true,1785418016918,LeaderAccept
1785418016773,true,1785418016943,LeaderAccept
1785418016800,true,1785418016970,LeaderAccept
1785418016826,true,1785418016997,LeaderAccept
1785418016853,false,1785418017023,LeaderAccept
1785418016880,true,1785418017051,LeaderAccept
1785418016907,false,1785418017079,LeaderAccept
1785418016935,true,1785418017107,LeaderAccept
1785418016964,true,1785418017135,LeaderAccept
1785418016993,false,1785418017164,LeaderAccept
1785418017023,true,1785418017194,LeaderAccept
1785418017053,true,1785418017224,LeaderAccept
1785418017084,true,1785418017255,LeaderAccept
1785418017115,false,1785418017286,LeaderAccept
1785418017146,false,1785418017316,LeaderAccept
1785418017177,true,1785418017348,LeaderAccept
1785418017210,false,1785418017381,LeaderAccept
1785418017243,true,1785418017413,LeaderAccept
1785418017276,false,1785418017447,LeaderAccept
1785418017310,false,1785418017481,LeaderAccept
1785418017344,false,1785418017514,LeaderAccept
1785418017378,true,1785418017550,LeaderAccept
1785418017413,true,1785418017584,LeaderAccept
1785418017449,true,1785418017620,LeaderAccept
1785418017486,true,1785418017657,LeaderAccept
1785418017523,true,1785418017695,LeaderAccept
1785418017561,false,1785418017731,LeaderAccept
1785418017599,true,1785418017770,LeaderAccept
1785418017639,true,1785418017810,LeaderAccept
1785418017679,false,1785418017850,LeaderAccept
1785418017720,false,1785418017891,LeaderAccept
1785418017762,true,1785418017934,LeaderAccept
1785418017805,true,1785418017976,LeaderAccept
1785418017849,true,1785418018019,LeaderAccept
1785418017893,false,1785418018064,LeaderAccept
1785418017939,false,1785418018110,LeaderAccept
1785418017985,false,1785418018155,LeaderAccept
1785418018032,true,1785418018203,LeaderAccept
1785418018081,false,1785418018252,LeaderAccept
1785418018130,false,1785418018301,LeaderAccept
1785418018181,false,1785418018352,LeaderAccept
1785418018233,true,1785418018404,LeaderAccept
1785418018287,false,1785418018457,LeaderAccept
1785418018342,false,1785418018514,LeaderAccept
1785418018399,true,1785418018570,LeaderAccept
1785418018457,false,1785418018627,LeaderAccept
1785418018517,true,1785418018688,LeaderAccept
1785418018579,false,1785418018749,LeaderAccept
1785418018642,false,1785418018813,LeaderAccept
1785418018708,false,1785418018880,LeaderAccept
1785418018775,false,1785418018946,LeaderAccept
1785418018845,true,1785418019017,LeaderAccept
1785418018917,true,1785418019088,LeaderAccept
1785418018992,false,1785418019163,LeaderAccept
1785418019070,false,1785418019241,LeaderAccept
1785418019152,true,1785418019323,LeaderAccept
1785418019235,false,1785418019406,LeaderAccept
1785418019323,false,1785418019493,LeaderAccept
1785418019414,true,1785418019585,LeaderAccept
1785418019510,true,1785418019681,LeaderAccept
1785418019611,false,1785418019783,LeaderAccept
1785418019718,true,1785418019889,LeaderAccept
1785418019829,true,1785418020001,LeaderAccept
1785418019947,false,1785418020118,LeaderAccept
1785418020071,true,1785418020241,LeaderAccept
1785418020203,true,1785418020375,LeaderAccept
1785418020345,true,1785418020515,LeaderAccept
1785418020496,true,1785418020668,LeaderAccept
1785418020660,false,1785418020832,LeaderAccept
1785418020837,true,1785418021008,LeaderAccept
1785418021031,false,1785418021201,LeaderAccept
1785418021245,false,1785418021416,LeaderAccept
1785418021482,false,1785418021653,LeaderAccept
1785418021749,false,1785418021920,LeaderAccept
1785418022054,true,1785418022225,LeaderAccept
1785418022409,true,1785418022581,LeaderAccept
1785418022833,false,1785418023004,LeaderAccept
1785418023356,true,1785418023527,LeaderAccept
1785418024036,true,1785418024207,LeaderAccept
1785418024989,true,1785418025161,LeaderAccept
1785418025882,false,1785418026053,LeaderAccept
1785418025907,false,1785418026078,LeaderAccept
1785418025931,true,1785418026103,LeaderAccept
1785418025956,false,1785418026127,LeaderAccept
1785418025982,true,1785418026153,LeaderAccept
1785418026007,true,1785418026179,LeaderAccept
1785418026033,false,1785418026204,LeaderAccept
1785418026059,true,1785418026230,LeaderAccept
1785418026085,true,1785418026256,LeaderAccept
1785418026111,false,1785418026281,LeaderAccept
1785418026138,false,1785418026309,LeaderAccept
1785418026165,true,1785418026336,LeaderAccept
1785418026192,true,1785418026363,LeaderAccept
1785418026220,true,1785418026391,LeaderAccept
1785418026248,true,1785418026419,LeaderAccept
1785418026277,true,1785418026448,LeaderAccept
1785418026306,false,1785418026477,LeaderAccept
1785418026335,true,1785418026507,LeaderAccept
1785418026365,false,1785418026537,LeaderAccept
1785418026396,false,1785418026566,LeaderAccept
1785418026426,false,1785418026596,LeaderAccept
1785418026457,false,1785418026628,LeaderAccept
1785418026489,false,1785418026660,LeaderAccept
1785418026521,true,1785418026691,LeaderAccept
1785418026554,false,1785418026725,LeaderAccept
1785418026587,false,1785418026758,LeaderAccept
1785418026620,false,1785418026790,LeaderAccept
1785418026655,false,1785418026826,LeaderAccept
1785418026689,false,1785418026860,LeaderAccept
1785418026725,false,1785418026896,LeaderAccept
1785418026761,false,1785418026933,LeaderAccept
1785418026798,true,1785418026969,LeaderAccept
1785418026835,false,1785418027006,LeaderAccept
1785418026873,true,1785418027044,LeaderAccept
1785418026912,true,1785418027083,LeaderAccept
1785418026951,false,1785418027122,LeaderAccept
1785418026991,false,1785418027162,LeaderAccept
1785418027032,true,1785418027203,LeaderAccept
1785418027074,false,1785418027245,LeaderAccept
1785418027117,false,1785418027288,LeaderAccept
1785418027161,false,1785418027332,LeaderAccept
1785418027205,true,1785418027375,LeaderAccept
1785418027250,true,1785418027421,LeaderAccept
1785418027297,true,1785418027469,LeaderAccept
1785418027345,false,1785418027516,LeaderAccept
1785418027394,true,1785418027565,LeaderAccept
1785418027443,true,1785418027614,LeaderAccept
1785418027494,true,1785418027664,LeaderAccept
1785418027546,false,1785418027718,LeaderAccept
1785418027600,true,1785418027771,LeaderAccept
1785418027655,false,1785418027826,LeaderAccept
1785418027711,true,1785418027882,LeaderAccept
1785418027769,false,1785418027941,LeaderAccept
1785418027830,false,1785418028000,LeaderAccept
1785418027891,false,1785418028063,LeaderAccept
1785418027955,false,1785418028126,LeaderAccept
1785418028020,true,1785418028190,LeaderAccept
1785418028087,false,1785418028259,LeaderAccept
1785418028157,true,1785418028328,LeaderAccept
1785418028229,true,1785418028400,LeaderAccept
1785418028304,false,1785418028475,LeaderAccept
1785418028382,true,1785418028554,LeaderAccept
1785418028464,false,1785418028636,LeaderAccept
1785418028549,true,1785418028720,LeaderAccept
1785418028636,true,1785418028807,LeaderAccept
1785418028728,false,1785418028899,LeaderAccept
1785418028823,true,1785418028996,LeaderAccept
1785418028924,true,1785418029095,LeaderAccept
1785418029029,false,1785418029201,LeaderAccept
1785418029140,false,1785418029312,LeaderAccept
1785418029257,true,1785418029429,LeaderAccept
1785418029382,true,1785418029553,LeaderAccept
1785418029514,true,1785418029686,LeaderAccept
1785418029655,true,1785418029827,LeaderAccept
1785418029806,false,1785418029963,FastAccept
1785418029969,false,1785418030134,FastAccept
1785418030146,true,1785418030312,FastAccept
1785418030341,true,1785418030512,LeaderAccept
1785418030553,true,1785418030718,FastAccept
1785418030789,false,1785418030960,LeaderAccept
1785418031055,true,1785418031219,FastAccept
1785418031358,true,1785418031530,LeaderAccept
1785418031711,true,1785418031877,FastAccept
1785418032132,false,1785418032219,SlowAccept
1785418032652,true,1785418032711,FastAccept
1785418033325,false,1785418033385,FastAccept
1785418034267,false,1785418034327,FastAccept
1785418035775,true,1785418035835,FastAccept
1785418038978,false,1785418039037,FastAccept
1785418049861,true,1785418049927,LeaderAccept
1785418049891,true,1785418049956,LeaderAccept
1785418049920,false,1785418049985,LeaderAccept
1785418049950,false,1785418050016,LeaderAccept
1785418049980,false,1785418050045,LeaderAccept
1785418050010,false,1785418050075,LeaderAccept
1785418050041,true,1785418050106,LeaderAccept
1785418050073,true,1785418050138,LeaderAccept
1785418050104,false,1785418050169,LeaderAccept
1785418050137,false,1785418050202,LeaderAccept
1785418050170,true,1785418050236,LeaderAccept
1785418050204,false,1785418050270,LeaderAccept
1785418050238,true,1785418050304,LeaderAccept
1785418050273,true,1785418050338,LeaderAccept
1785418050308,true,1785418050375,LeaderAccept
1785418050344,false,1785418050409,LeaderAccept
1785418050380,true,1785418050446,LeaderAccept
1785418050417,false,1785418050483,LeaderAccept
1785418050454,false,1785418050519,LeaderAccept
1785418050493,false,1785418050559,LeaderAccept
1785418050532,false,1785418050598,LeaderAccept
1785418050572,true,1785418050639,LeaderAccept
1785418050613,true,1785418050679,LeaderAccept
1785418050654,false,1785418050720,LeaderAccept
1785418050696,false,1785418050761,LeaderAccept
1785418050739,false,1785418050805,LeaderAccept
1785418050783,false,1785418050848,LeaderAccept
1785418050827,true,1785418050892,LeaderAccept
1785418050873,false,1785418050939,LeaderAccept
1785418050920,false,1785418050986,LeaderAccept
1785418050968,false,1785418051034,LeaderAccept
1785418051018,true,1785418051083,LeaderAccept
1785418051068,false,1785418051133,LeaderAccept
1785418051119,true,1785418051183,LeaderAccept
1785418051171,false,1785418051237,LeaderAccept
1785418051225,false,1785418051290,LeaderAccept
1785418051281,false,1785418051346,LeaderAccept
1785418051338,false,1785418051403,LeaderAccept
1785418051397,true,1785418051463,LeaderAccept
1785418051458,false,1785418051524,LeaderAccept
1785418051520,true,1785418051586,LeaderAccept
1785418051584,true,1785418051650,LeaderAccept
1785418051650,true,1785418051715,LeaderAccept
1785418051718,false,1785418051783,LeaderAccept
1785418051788,false,1785418051853,LeaderAccept
1785418051862,true,1785418051928,LeaderAccept
1785418051938,true,1785418052004,LeaderAccept
1785418052017,false,1785418052083,LeaderAccept
1785418052099,false,1785418052164,LeaderAccept
1785418052184,false,1785418052250,LeaderAccept
1785418052273,true,1785418052339,LeaderAccept
1785418052366,false,1785418052432,LeaderAccept
1785418052464,false,1785418052530,LeaderAccept
1785418052566,false,1785418052633,LeaderAccept
1785418052674,false,1785418052740,LeaderAccept
1785418052787,false,1785418052853,LeaderAccept
1785418052906,true,1785418052993,LeaderAccept
1785418053033,true,1785418053099,LeaderAccept
1785418053169,true,1785418053254,LeaderAccept
1785418053314,true,1785418053400,LeaderAccept
1785418053470,true,1785418053530,FastAccept
1785418053639,false,1785418053726,LeaderAccept
1785418053822,true,1785418053908,LeaderAccept
1785418054022,true,1785418054082,FastAccept
1785418054244,true,1785418054303,FastAccept
1785418054490,false,1785418054549,FastAccept
1785418054769,true,1785418054829,FastAccept
1785418055090,true,1785418055176,LeaderAccept
1785418055466,true,1785418055526,FastAccept
1785418055920,true,1785418056006,SlowAccept
1785418056490,true,1785418056550,FastAccept
1785418057247,false,1785418057332,LeaderAccept
1785418058350,true,1785418058436,LeaderAccept
1785418060266,false,1785418060352,LeaderAccept
1785418065255,false,1785418065337,SlowAccept
1785418124715,true,1785418124801,LeaderAccept
1785418124756,true,1785418124842,LeaderAccept
1785418124798,false,1785418124867,LeaderAccept
1785418124841,false,1785418124910,LeaderAccept
1785418124885,true,1785418124954,LeaderAccept
1785418124929,false,1785418124996,LeaderAccept
1785418124975,false,1785418125034,FastAccept
1785418125022,false,1785418125107,LeaderAccept
1785418125069,false,1785418125154,LeaderAccept
1785418125116,true,1785418125202,LeaderAccept
1785418125166,true,1785418125251,LeaderAccept
1785418125217,false,1785418125303,LeaderAccept
1785418125270,false,1785418125355,LeaderAccept
1785418125324,false,1785418125409,LeaderAccept
1785418125379,true,1785418125465,LeaderAccept
1785418125436,false,1785418125521,LeaderAccept
1785418125494,true,1785418125580,LeaderAccept
1785418125554,false,1785418125620,LeaderAccept
1785418125616,false,1785418125682,LeaderAccept
1785418125679,false,1785418125745,LeaderAccept
1785418125745,false,1785418125811,LeaderAccept
1785418125813,true,1785418125898,SlowAccept
1785418125883,true,1785418125942,FastAccept
1785418125955,true,1785418126040,LeaderAccept
1785418126030,false,1785418126090,FastAccept
1785418126108,true,1785418126193,LeaderAccept
1785418126189,false,1785418126249,FastAccept
1785418126273,false,1785418126332,FastAccept
1785418126361,false,1785418126420,FastAccept
1785418126452,false,1785418126512,FastAccept
1785418126548,true,1785418126634,LeaderAccept
1785418126649,true,1785418126709,FastAccept
1785418126755,true,1785418126814,FastAccept
1785418126867,false,1785418126926,FastAccept
1785418126985,true,1785418127044,FastAccept
1785418127110,true,1785418127170,FastAccept
1785418127242,false,1785418127301,FastAccept
1785418127384,true,1785418127470,LeaderAccept
1785418127536,false,1785418127595,FastAccept
1785418127700,false,1785418127784,LeaderAccept
1785418127877,false,1785418127962,LeaderAccept
1785418128071,true,1785418128156,LeaderAccept
1785418128285,true,1785418128351,LeaderAccept
1785418128523,false,1785418128588,LeaderAccept
1785418128792,false,1785418128858,LeaderAccept
1785418129098,true,1785418129163,LeaderAccept
1785418129455,true,1785418129541,LeaderAccept
1785418129881,false,1785418129947,LeaderAccept
1785418130408,false,1785418130472,FastAccept
1785418131093,false,1785418131152,FastAccept
1785418132057,true,1785418132143,LeaderAccept
1785418133618,true,1785418133684,LeaderAccept
1785418137023,false,1785418137082,FastAccept
1785418155704,true,1785418155764,FastAccept
1785418161570,false,1785418161653,LeaderAccept
1785418161588,true,1785418161670,LeaderAccept
1785418161605,false,1785418161688,LeaderAccept
1785418161623,false,1785418161707,LeaderAccept
1785418161641,true,1785418161724,LeaderAccept
1785418161659,true,1785418161742,LeaderAccept
1785418161677,true,1785418161760,LeaderAccept
1785418161695,false,1785418161778,LeaderAccept
1785418161714,false,1785418161797,LeaderAccept
1785418161733,false,1785418161797,LeaderAccept
1785418161752,true,1785418161817,LeaderAccept
1785418161771,false,1785418161837,LeaderAccept
1785418161791,true,1785418161856,LeaderAccept
1785418161810,false,1785418161876,LeaderAccept
1785418161829,true,1785418161895,LeaderAccept
1785418161849,true,1785418161915,LeaderAccept
1785418161868,true,1785418161934,LeaderAccept
1785418161889,true,1785418161955,LeaderAccept
1785418161909,false,1785418161974,LeaderAccept
1785418161929,false,1785418161994,LeaderAccept
1785418161950,true,1785418162015,LeaderAccept
1785418161971,true,1785418162036,LeaderAccept
1785418161992,true,1785418162057,LeaderAccept
1785418162014,false,1785418162079,LeaderAccept
1785418162036,false,1785418162102,LeaderAccept
1785418162057,true,1785418162122,LeaderAccept
1785418162079,false,1785418162144,LeaderAccept
1785418162101,false,1785418162167,LeaderAccept
1785418162122,true,1785418162187,LeaderAccept
1785418162145,true,1785418162210,LeaderAccept
1785418162168,false,1785418162233,LeaderAccept
1785418162191,true,1785418162256,LeaderAccept
1785418162214,false,1785418162280,LeaderAccept
1785418162238,false,1785418162306,LeaderAccept
1785418162262,true,1785418162327,LeaderAccept
1785418162286,false,1785418162351,LeaderAccept
1785418162311,false,1785418162377,LeaderAccept
1785418162336,false,1785418162401,LeaderAccept
1785418162361,false,1785418162427,LeaderAccept
1785418162387,true,1785418162453,LeaderAccept
1785418162413,true,1785418162478,LeaderAccept
1785418162438,true,1785418162503,LeaderAccept
1785418162464,false,1785418162530,LeaderAccept
1785418162491,true,1785418162557,LeaderAccept
1785418162518,true,1785418162584,LeaderAccept
1785418162546,true,1785418162612,LeaderAccept
1785418162574,false,1785418162639,LeaderAccept
1785418162602,true,1785418162667,LeaderAccept
1785418162630,true,1785418162696,LeaderAccept
1785418162659,false,1785418162724,LeaderAccept
1785418162688,false,1785418162754,LeaderAccept
1785418162718,false,1785418162784,LeaderAccept
1785418162748,false,1785418162814,LeaderAccept
1785418162778,false,1785418162844,LeaderAccept
1785418162809,true,1785418162875,LeaderAccept
1785418162840,true,1785418162905,LeaderAccept
1785418162872,true,1785418162937,LeaderAccept
1785418162904,false,1785418162969,LeaderAccept
1785418162937,true,1785418163020,LeaderAccept
1785418162969,true,1785418163052,LeaderAccept
1785418163003,false,1785418163086,LeaderAccept
1785418163037,true,1785418163120,LeaderAccept
1785418163072,true,1785418163138,LeaderAccept
1785418163108,false,1785418163174,LeaderAccept
1785418163145,true,1785418163211,LeaderAccept
1785418163182,true,1785418163265,LeaderAccept
1785418163220,true,1785418163286,LeaderAccept
1785418163259,false,1785418163325,LeaderAccept
1785418163298,false,1785418163364,LeaderAccept
1785418163338,false,1785418163404,LeaderAccept
1785418163379,false,1785418163445,LeaderAccept
1785418163421,false,1785418163487,LeaderAccept
1785418163463,true,1785418163522,FastAccept
1785418163506,false,1785418163565,FastAccept
1785418163550,true,1785418163611,FastAccept
1785418163594,true,1785418163654,FastAccept
1785418163640,true,1785418163700,FastAccept
1785418163687,false,1785418163747,FastAccept
1785418163735,false,1785418163795,FastAccept
1785418163784,true,1785418163843,FastAccept
1785418163834,false,1785418163894,FastAccept
1785418163886,true,1785418163969,LeaderAccept
1785418163938,true,1785418164021,LeaderAccept
1785418163992,true,1785418164075,LeaderAccept
1785418164046,false,1785418164130,LeaderAccept
1785418164104,false,1785418164170,LeaderAccept
1785418164163,false,1785418164222,FastAccept
1785418164224,false,1785418164282,FastAccept
1785418164286,true,1785418164345,FastAccept
1785418164350,true,1785418164409,FastAccept
1785418164416,false,1785418164475,FastAccept
1785418164483,true,1785418164549,LeaderAccept
1785418164554,true,1785418164614,FastAccept
1785418164628,true,1785418164688,FastAccept
1785418164703,true,1785418164762,FastAccept
1785418164782,false,1785418164841,FastAccept
1785418164864,true,1785418164934,LeaderAccept
1785418164949,true,1785418165015,LeaderAccept
1785418165038,false,1785418165120,LeaderAccept
1785418165130,false,1785418165214,LeaderAccept
1785418165227,true,1785418165310,LeaderAccept
1785418165329,false,1785418165395,LeaderAccept
1785418165436,false,1785418165502,LeaderAccept
1785418165549,true,1785418165615,LeaderAccept
1785418165669,true,1785418165735,LeaderAccept
1785418165796,true,1785418165861,LeaderAccept
1785418165931,true,1785418165997,LeaderAccept
1785418166075,false,1785418166141,LeaderAccept
1785418166230,false,1785418166296,LeaderAccept
1785418166397,false,1785418166463,LeaderAccept
1785418166579,false,1785418166646,LeaderAccept
1785418166778,false,1785418166844,LeaderAccept
1785418166997,false,1785418167063,LeaderAccept
1785418167242,true,1785418167308,LeaderAccept
1785418167519,true,1785418167579,FastAccept
1785418167837,true,1785418167897,FastAccept
1785418168210,true,1785418168270,FastAccept
1785418168659,false,1785418168718,FastAccept
1785418169220,false,1785418169279,FastAccept
1785418169962,true,1785418170022,FastAccept
1785418171038,true,1785418171121,LeaderAccept
1785418172878,true,1785418172961,LeaderAccept
1785418177495,false,1785418177577,LeaderAccept
1785418191961,true,1785418192044,LeaderAccept
1785418191977,false,1785418192059,LeaderAccept
1785418191992,false,1785418192074,LeaderAccept
1785418192008,false,1785418192073,LeaderAccept
1785418192023,true,1785418192088,LeaderAccept
1785418192039,false,1785418192121,LeaderAccept
1785418192055,false,1785418192120,LeaderAccept
1785418192071,true,1785418192153,LeaderAccept
1785418192087,true,1785418192153,LeaderAccept
1785418192103,false,1785418192168,LeaderAccept
1785418192120,true,1785418192185,LeaderAccept
1785418192136,true,1785418192201,LeaderAccept
1785418192152,true,1785418192217,LeaderAccept
1785418192168,true,1785418192233,LeaderAccept
1785418192185,false,1785418192250,LeaderAccept
1785418192202,false,1785418192267,LeaderAccept
1785418192219,true,1785418192284,LeaderAccept
1785418192236,true,1785418192301,LeaderAccept
1785418192253,true,1785418192317,LeaderAccept
1785418192270,true,1785418192335,LeaderAccept
1785418192287,true,1785418192352,LeaderAccept
1785418192304,false,1785418192369,LeaderAccept
1785418192322,true,1785418192387,LeaderAccept
1785418192339,true,1785418192405,LeaderAccept
1785418192357,false,1785418192422,LeaderAccept
1785418192375,false,1785418192440,LeaderAccept
1785418192393,false,1785418192459,LeaderAccept
1785418192411,true,1785418192476,LeaderAccept
1785418192429,true,1785418192494,LeaderAccept
1785418192447,false,1785418192512,LeaderAccept
1785418192466,false,1785418192531,LeaderAccept
1785418192485,false,1785418192550,LeaderAccept
1785418192505,false,1785418192570,LeaderAccept
1785418192525,false,1785418192591,LeaderAccept
1785418192544,false,1785418192610,LeaderAccept
1785418192564,false,1785418192629,LeaderAccept
1785418192585,false,1785418192651,LeaderAccept
1785418192605,false,1785418192671,LeaderAccept
1785418192626,false,1785418192691,LeaderAccept
1785418192647,false,1785418192712,LeaderAccept
1785418192667,false,1785418192732,LeaderAccept
1785418192688,false,1785418192753,LeaderAccept
1785418192710,true,1785418192774,LeaderAccept
1785418192731,true,1785418192797,LeaderAccept
1785418192753,false,1785418192817,LeaderAccept
1785418192774,false,1785418192840,LeaderAccept
1785418192797,true,1785418192862,LeaderAccept
1785418192819,true,1785418192883,LeaderAccept
1785418192841,false,1785418192906,LeaderAccept
1785418192864,false,1785418192929,LeaderAccept
1785418192887,false,1785418192952,LeaderAccept
1785418192910,false,1785418192975,LeaderAccept
1785418192934,true,1785418193000,LeaderAccept
1785418192958,true,1785418193023,LeaderAccept
1785418192982,true,1785418193047,LeaderAccept
1785418193007,true,1785418193073,LeaderAccept
1785418193032,false,1785418193097,LeaderAccept
1785418193057,true,1785418193121,LeaderAccept
1785418193082,false,1785418193147,LeaderAccept
1785418193107,false,1785418193173,LeaderAccept
1785418193133,true,1785418193198,LeaderAccept
1785418193159,false,1785418193224,LeaderAccept
1785418193185,false,1785418193250,LeaderAccept
1785418193211,false,1785418193277,LeaderAccept
1785418193239,false,1785418193304,LeaderAccept
1785418193267,true,1785418193332,LeaderAccept
1785418193295,false,1785418193361,LeaderAccept
1785418193323,true,1785418193388,LeaderAccept
1785418193351,false,1785418193416,LeaderAccept
1785418193379,true,1785418193445,LeaderAccept
1785418193409,false,1785418193475,LeaderAccept
1785418193438,true,1785418193503,LeaderAccept
1785418193468,true,1785418193551,LeaderAccept
1785418193499,false,1785418193581,LeaderAccept
1785418193530,false,1785418193615,LeaderAccept
1785418193562,true,1785418193645,LeaderAccept
1785418193594,true,1785418193676,LeaderAccept
1785418193626,false,1785418193709,LeaderAccept
1785418193659,false,1785418193741,LeaderAccept
1785418193692,true,1785418193774,LeaderAccept
1785418193726,true,1785418193792,LeaderAccept
1785418193761,false,1785418193828,LeaderAccept
1785418193797,false,1785418193862,LeaderAccept
1785418193833,false,1785418193916,LeaderAccept
1785418193869,true,1785418193952,LeaderAccept
1785418193906,false,1785418193989,LeaderAccept
1785418193944,true,1785418194027,LeaderAccept
1785418193982,true,1785418194049,LeaderAccept
1785418194022,true,1785418194088,LeaderAccept
1785418194063,true,1785418194128,LeaderAccept
1785418194104,false,1785418194170,LeaderAccept
1785418194146,false,1785418194205,FastAccept
1785418194189,false,1785418194272,LeaderAccept
1785418194233,true,1785418194315,LeaderAccept
1785418194277,false,1785418194342,LeaderAccept
1785418194322,false,1785418194404,SlowAccept
1785418194368,false,1785418194451,LeaderAccept
1785418194415,false,1785418194498,LeaderAccept
1785418194464,false,1785418194530,LeaderAccept
1785418194514,false,1785418194597,LeaderAccept
1785418194565,true,1785418194649,LeaderAccept
1785418194617,false,1785418194700,LeaderAccept
1785418194670,false,1785418194753,LeaderAccept
1785418194725,false,1785418194791,LeaderAccept
1785418194781,false,1785418194864,SlowAccept
1785418194839,true,1785418194905,LeaderAccept
1785418194899,true,1785418194981,LeaderAccept
1785418194960,true,1785418195019,FastAccept
1785418195023,true,1785418195106,LeaderAccept
1785418195088,true,1785418195148,FastAccept
1785418195156,false,1785418195222,LeaderAccept
1785418195226,true,1785418195284,FastAccept
1785418195298,true,1785418195357,FastAccept
1785418195372,true,1785418195431,FastAccept
1785418195449,false,1785418195508,FastAccept
1785418195529,false,1785418195612,LeaderAccept
1785418195612,true,1785418195672,FastAccept
1785418195700,true,1785418195783,LeaderAccept
1785418195791,true,1785418195850,FastAccept
1785418195886,true,1785418195945,FastAccept
1785418195985,false,1785418196044,FastAccept
1785418196090,true,1785418196149,FastAccept
1785418196200,false,1785418196260,FastAccept
1785418196317,true,1785418196376,FastAccept
1785418196441,false,1785418196524,LeaderAccept
1785418196572,true,1785418196632,FastAccept
1785418196712,false,1785418196772,FastAccept
1785418196862,false,1785418196921,FastAccept
1785418197024,false,1785418197083,FastAccept
1785418197199,false,1785418197259,FastAccept
1785418197390,false,1785418197450,FastAccept
1785418197600,false,1785418197660,FastAccept
1785418197834,false,1785418197893,FastAccept
1785418198096,true,1785418198155,FastAccept
1785418198394,false,1785418198453,FastAccept
1785418198740,true,1785418198799,FastAccept
1785418199152,false,1785418199235,LeaderAccept
1785418199658,false,1785418199740,LeaderAccept
1785418200308,false,1785418200391,LeaderAccept
1785418201208,false,1785418201290,LeaderAccept
1785418202619,false,1785418202679,FastAccept
1785418205478,false,1785418205539,FastAccept
1785418217403,false,1785418217473,LeaderAccept
1785418220320,false,1785418220409,LeaderAccept
1785418220341,false,1785418220430,LeaderAccept
1785418220362,false,1785418220451,LeaderAccept
1785418220383,true,1785418220472,LeaderAccept
1785418220405,false,1785418220475,LeaderAccept
1785418220427,false,1785418220515,LeaderAccept
1785418220449,true,1785418220538,LeaderAccept
1785418220472,false,1785418220560,LeaderAccept
1785418220495,true,1785418220565,LeaderAccept
1785418220518,true,1785418220607,LeaderAccept
1785418220541,true,1785418220630,LeaderAccept
1785418220565,true,1785418220653,LeaderAccept
1785418220588,false,1785418220677,LeaderAccept
1785418220612,true,1785418220681,LeaderAccept
1785418220637,true,1785418220725,LeaderAccept
1785418220662,true,1785418220750,LeaderAccept
1785418220686,false,1785418220775,LeaderAccept
1785418220712,true,1785418220800,LeaderAccept
1785418220738,true,1785418220827,LeaderAccept
1785418220764,true,1785418220834,LeaderAccept
1785418220790,true,1785418220859,LeaderAccept
1785418220816,false,1785418220886,LeaderAccept
1785418220843,true,1785418220913,LeaderAccept
1785418220871,true,1785418220940,LeaderAccept
1785418220898,true,1785418220968,LeaderAccept
1785418220926,true,1785418220995,LeaderAccept
1785418220954,false,1785418221024,LeaderAccept
1785418220983,true,1785418221052,LeaderAccept
1785418221012,false,1785418221081,LeaderAccept
1785418221041,false,1785418221111,LeaderAccept
1785418221071,false,1785418221140,LeaderAccept
1785418221101,false,1785418221170,LeaderAccept
1785418221131,false,1785418221201,LeaderAccept
1785418221162,false,1785418221231,LeaderAccept
1785418221193,true,1785418221263,LeaderAccept
1785418221225,false,1785418221294,LeaderAccept
1785418221258,false,1785418221327,LeaderAccept
1785418221291,false,1785418221360,LeaderAccept
1785418221325,false,1785418221396,LeaderAccept
1785418221360,false,1785418221430,LeaderAccept
1785418221396,true,1785418221465,LeaderAccept
1785418221431,true,1785418221501,LeaderAccept
1785418221467,false,1785418221536,LeaderAccept
1785418221503,false,1785418221573,LeaderAccept
1785418221540,true,1785418221629,LeaderAccept
1785418221578,false,1785418221648,LeaderAccept
1785418221617,false,1785418221687,LeaderAccept
1785418221656,true,1785418221726,LeaderAccept
1785418221696,true,1785418221767,LeaderAccept
1785418221738,false,1785418221807,LeaderAccept
1785418221779,true,1785418221848,LeaderAccept
1785418221821,true,1785418221882,FastAccept
1785418221864,true,1785418221925,FastAccept
1785418221909,true,1785418221970,FastAccept
1785418221954,true,1785418222043,LeaderAccept
1785418222000,false,1785418222089,LeaderAccept
1785418222047,true,1785418222137,LeaderAccept
1785418222096,true,1785418222185,LeaderAccept
1785418222145,true,1785418222233,LeaderAccept
1785418222196,false,1785418222285,LeaderAccept
1785418222248,false,1785418222337,LeaderAccept
1785418222302,false,1785418222391,LeaderAccept
1785418222357,true,1785418222446,LeaderAccept
1785418222414,false,1785418222484,LeaderAccept
1785418222472,false,1785418222533,FastAccept
1785418222531,false,1785418222593,FastAccept
1785418222592,true,1785418222653,FastAccept
1785418222655,true,1785418222717,FastAccept
1785418222720,false,1785418222782,FastAccept
1785418222787,false,1785418222878,SlowAccept
1785418222857,false,1785418222918,FastAccept
1785418222929,false,1785418222990,FastAccept
1785418223003,false,1785418223064,FastAccept
1785418223080,true,1785418223141,FastAccept
1785418223160,true,1785418223221,FastAccept
1785418223243,false,1785418223304,FastAccept
1785418223330,false,1785418223392,FastAccept
1785418223422,true,1785418223484,FastAccept
1785418223517,true,1785418223579,FastAccept
1785418223617,true,1785418223680,FastAccept
1785418223722,true,1785418223785,FastAccept
1785418223833,true,1785418223895,FastAccept
1785418223949,true,1785418224012,FastAccept
1785418224073,true,1785418224135,FastAccept
1785418224204,false,1785418224274,LeaderAccept
1785418224344,false,1785418224406,FastAccept
1785418224494,false,1785418224583,LeaderAccept
1785418224656,true,1785418224718,FastAccept
1785418224831,false,1785418224893,FastAccept
1785418225022,false,1785418225085,FastAccept
1785418225232,false,1785418225294,FastAccept
1785418225465,false,1785418225528,FastAccept
1785418225727,false,1785418225788,FastAccept
1785418226025,false,1785418226087,FastAccept
1785418226370,false,1785418226432,FastAccept
1785418226781,true,1785418226843,FastAccept
1785418227285,true,1785418227347,FastAccept
1785418227933,true,1785418227995,FastAccept
1785418228829,false,1785418228891,FastAccept
1785418230230,false,1785418230292,FastAccept
1785418233051,false,1785418233113,FastAccept
1785418244609,true,1785418244698,LeaderAccept
1785418250185,false,1785418250246,FastAccept
1785418250207,false,1785418250320,LeaderAccept
1785418250230,true,1785418250320,SlowAccept
1785418250253,true,1785418250342,LeaderAccept
1785418250276,false,1785418250365,LeaderAccept
1785418250299,true,1785418250387,LeaderAccept
1785418250323,false,1785418250411,LeaderAccept
1785418250346,true,1785418250435,LeaderAccept
1785418250371,false,1785418250459,LeaderAccept
1785418250395,false,1785418250483,LeaderAccept
1785418250420,true,1785418250508,LeaderAccept
1785418250445,true,1785418250534,LeaderAccept
1785418250471,false,1785418250559,LeaderAccept
1785418250497,true,1785418250585,LeaderAccept
1785418250523,true,1785418250611,LeaderAccept
1785418250548,true,1785418250638,LeaderAccept
1785418250575,false,1785418250664,LeaderAccept
1785418250602,false,1785418250690,LeaderAccept
1785418250629,true,1785418250717,LeaderAccept
1785418250657,false,1785418250744,LeaderAccept
1785418250685,false,1785418250773,LeaderAccept
1785418250714,true,1785418250783,LeaderAccept
1785418250742,false,1785418250811,LeaderAccept
1785418250771,true,1785418250859,LeaderAccept
1785418250800,false,1785418250888,LeaderAccept
1785418250829,false,1785418250899,LeaderAccept
1785418250860,false,1785418250929,LeaderAccept
1785418250891,false,1785418250960,LeaderAccept
1785418250922,true,1785418250991,LeaderAccept
1785418250954,false,1785418251025,LeaderAccept
1785418250986,true,1785418251056,LeaderAccept
1785418251019,false,1785418251088,LeaderAccept
1785418251052,true,1785418251121,LeaderAccept
1785418251085,false,1785418251155,LeaderAccept
1785418251120,true,1785418251191,LeaderAccept
1785418251155,false,1785418251224,LeaderAccept
1785418251190,false,1785418251260,LeaderAccept
1785418251226,false,1785418251295,LeaderAccept
1785418251263,true,1785418251333,LeaderAccept
1785418251300,true,1785418251369,LeaderAccept
1785418251338,true,1785418251408,LeaderAccept
1785418251377,true,1785418251447,LeaderAccept
1785418251417,true,1785418251487,LeaderAccept
1785418251457,true,1785418251526,LeaderAccept
1785418251498,true,1785418251568,LeaderAccept
1785418251540,false,1785418251609,LeaderAccept
1785418251582,true,1785418251643,FastAccept
1785418251626,true,1785418251687,FastAccept
1785418251670,true,1785418251732,FastAccept
1785418251716,true,1785418251778,FastAccept
1785418251764,false,1785418251825,FastAccept
1785418251811,true,1785418251872,FastAccept
1785418251860,true,1785418251922,FastAccept
1785418251910,false,1785418251971,FastAccept
1785418251961,false,1785418252023,FastAccept
1785418252015,true,1785418252076,FastAccept
1785418252069,false,1785418252130,FastAccept
1785418252125,false,1785418252187,FastAccept
1785418252182,false,1785418252243,FastAccept
1785418252240,false,1785418252301,FastAccept
1785418252300,false,1785418252362,FastAccept
1785418252362,true,1785418252423,FastAccept
1785418252425,false,1785418252486,FastAccept
1785418252491,true,1785418252553,FastAccept
1785418252559,true,1785418252622,FastAccept
1785418252630,false,1785418252691,FastAccept
1785418252703,true,1785418252791,LeaderAccept
1785418252778,false,1785418252840,FastAccept
1785418252857,false,1785418252919,FastAccept
1785418252939,false,1785418253001,FastAccept
1785418253024,false,1785418253086,FastAccept
1785418253112,true,1785418253174,FastAccept
1785418253205,false,1785418253267,FastAccept
1785418253302,true,1785418253364,FastAccept
1785418253403,true,1785418253464,FastAccept
1785418253509,true,1785418253571,FastAccept
1785418253621,true,1785418253684,FastAccept
1785418253740,true,1785418253802,FastAccept
1785418253866,false,1785418253928,FastAccept
1785418254000,true,1785418254062,FastAccept
1785418254143,false,1785418254205,FastAccept
1785418254297,true,1785418254358,FastAccept
1785418254462,true,1785418254523,FastAccept
1785418254642,true,1785418254703,FastAccept
1785418254838,false,1785418254899,FastAccept
1785418255055,false,1785418255116,FastAccept
1785418255296,true,1785418255357,FastAccept
1785418255568,false,1785418255630,FastAccept
1785418255880,false,1785418255942,FastAccept
1785418256244,false,1785418256306,FastAccept
1785418256680,false,1785418256749,LeaderAccept
1785418257223,true,1785418257311,LeaderAccept
1785418257934,true,1785418258023,LeaderAccept
1785418258948,true,1785418259037,LeaderAccept
1785418260631,true,1785418260693,FastAccept
1785418264532,true,1785418264620,LeaderAccept
1785418291963,false,1785418292024,FastAccept
1785418297486,false,1785418297548,FastAccept
1785418297515,true,1785418297577,FastAccept
1785418297544,false,1785418297605,FastAccept
1785418297574,true,1785418297636,FastAccept
1785418297604,true,1785418297665,FastAccept
1785418297634,false,1785418297696,FastAccept
1785418297665,true,1785418297726,FastAccept
1785418297696,false,1785418297757,FastAccept
1785418297727,true,1785418297789,FastAccept
1785418297759,false,1785418297820,FastAccept
1785418297792,true,1785418297853,FastAccept
1785418297825,false,1785418297887,FastAccept
1785418297859,true,1785418297920,FastAccept
1785418297893,false,1785418297955,FastAccept
1785418297927,false,1785418297989,FastAccept
1785418297963,true,1785418298024,FastAccept
1785418297999,false,1785418298061,FastAccept
1785418298036,true,1785418298098,FastAccept
1785418298073,false,1785418298134,FastAccept
1785418298111,false,1785418298173,FastAccept
1785418298150,false,1785418298211,FastAccept
1785418298189,true,1785418298251,FastAccept
1785418298230,true,1785418298292,FastAccept
1785418298271,false,1785418298332,FastAccept
1785418298313,false,1785418298374,FastAccept
1785418298356,true,1785418298417,FastAccept
1785418298399,false,1785418298460,FastAccept
1785418298443,false,1785418298504,FastAccept
1785418298488,false,1785418298549,FastAccept
1785418298534,true,1785418298595,FastAccept
1785418298581,false,1785418298643,FastAccept
1785418298630,true,1785418298692,FastAccept
1785418298680,false,1785418298742,FastAccept
1785418298732,false,1785418298794,FastAccept
1785418298785,true,1785418298847,FastAccept
1785418298839,false,1785418298900,FastAccept
1785418298894,false,1785418298956,FastAccept
1785418298951,false,1785418299013,FastAccept
1785418299010,true,1785418299072,FastAccept
1785418299070,false,1785418299132,FastAccept
1785418299132,false,1785418299193,FastAccept
1785418299195,false,1785418299256,FastAccept
1785418299261,true,1785418299323,FastAccept
1785418299329,false,1785418299391,FastAccept
1785418299400,false,1785418299462,FastAccept
1785418299473,true,1785418299535,FastAccept
1785418299548,false,1785418299609,FastAccept
1785418299626,false,1785418299687,FastAccept
1785418299707,true,1785418299770,FastAccept
1785418299791,true,1785418299860,LeaderAccept
1785418299879,true,1785418299948,LeaderAccept
1785418299971,true,1785418300041,LeaderAccept
1785418300067,false,1785418300156,LeaderAccept
1785418300168,false,1785418300238,LeaderAccept
1785418300274,true,1785418300363,LeaderAccept
1785418300386,true,1785418300474,LeaderAccept
1785418300504,false,1785418300592,LeaderAccept
1785418300629,true,1785418300718,LeaderAccept
1785418300762,true,1785418300832,LeaderAccept
1785418300904,false,1785418300992,LeaderAccept
1785418301057,false,1785418301126,LeaderAccept
1785418301220,true,1785418301289,LeaderAccept
1785418301399,true,1785418301468,LeaderAccept
1785418301594,true,1785418301682,LeaderAccept
1785418301809,true,1785418301897,LeaderAccept
1785418302048,false,1785418302117,LeaderAccept
1785418302317,true,1785418302405,LeaderAccept
1785418302625,true,1785418302714,LeaderAccept
1785418302984,false,1785418303054,LeaderAccept
1785418303414,false,1785418303501,LeaderAccept
1785418303946,false,1785418304035,LeaderAccept
1785418304641,false,1785418304703,FastAccept
1785418305624,false,1785418305714,LeaderAccept
1785418307230,false,1785418307291,FastAccept
1785418310810,false,1785418310872,FastAccept
1785418332250,false,1785418332311,FastAccept
1785418349846,true,1785418349907,FastAccept
1785418349861,true,1785418349922,FastAccept
1785418349876,false,1785418349937,FastAccept
1785418349891,true,1785418349953,FastAccept
1785418349907,false,1785418349968,FastAccept
1785418349923,false,1785418349984,FastAccept
1785418349939,true,1785418350001,FastAccept
1785418349955,true,1785418350016,FastAccept
1785418349971,false,1785418350033,FastAccept
1785418349987,true,1785418350048,FastAccept
1785418350003,false,1785418350065,FastAccept
1785418350019,true,1785418350080,FastAccept
1785418350035,false,1785418350096,FastAccept
1785418350052,false,1785418350114,FastAccept
1785418350069,false,1785418350130,FastAccept
1785418350087,false,1785418350148,FastAccept
1785418350103,true,1785418350167,FastAccept
1785418350121,false,1785418350182,FastAccept
1785418350138,true,1785418350246,LeaderAccept
1785418350156,true,1785418350246,SlowAccept
1785418350174,true,1785418350262,LeaderAccept
1785418350192,true,1785418350279,LeaderAccept
1785418350209,false,1785418350297,LeaderAccept
1785418350227,true,1785418350316,LeaderAccept
1785418350246,true,1785418350334,LeaderAccept
1785418350264,false,1785418350352,LeaderAccept
1785418350282,true,1785418350371,LeaderAccept
1785418350301,false,1785418350390,LeaderAccept
1785418350320,false,1785418350409,LeaderAccept
1785418350339,true,1785418350409,LeaderAccept
1785418350358,false,1785418350447,LeaderAccept
1785418350378,true,1785418350447,LeaderAccept
1785418350398,true,1785418350468,LeaderAccept
1785418350418,true,1785418350489,LeaderAccept
1785418350438,true,1785418350508,LeaderAccept
1785418350458,false,1785418350528,LeaderAccept
1785418350479,true,1785418350549,LeaderAccept
1785418350499,true,1785418350569,LeaderAccept
1785418350520,true,1785418350590,LeaderAccept
1785418350541,true,1785418350629,LeaderAccept
1785418350562,false,1785418350649,LeaderAccept
1785418350583,true,1785418350671,LeaderAccept
1785418350605,true,1785418350693,LeaderAccept
1785418350627,false,1785418350697,LeaderAccept
1785418350648,false,1785418350736,LeaderAccept
1785418350670,true,1785418350757,LeaderAccept
1785418350692,false,1785418350780,LeaderAccept
1785418350714,false,1785418350803,LeaderAccept
1785418350736,true,1785418350805,LeaderAccept
1785418350760,true,1785418350848,LeaderAccept
1785418350783,true,1785418350871,LeaderAccept
1785418350807,true,1785418350895,LeaderAccept
1785418350829,false,1785418350917,LeaderAccept
1785418350853,true,1785418350922,LeaderAccept
1785418350877,true,1785418350946,LeaderAccept
1785418350901,false,1785418350971,LeaderAccept
1785418350926,false,1785418350995,LeaderAccept
1785418350951,false,1785418351020,LeaderAccept
1785418350977,true,1785418351046,LeaderAccept
1785418351003,true,1785418351072,LeaderAccept
1785418351029,true,1785418351098,LeaderAccept
1785418351055,true,1785418351124,LeaderAccept
1785418351082,false,1785418351151,LeaderAccept
1785418351109,true,1785418351179,LeaderAccept
1785418351137,true,1785418351206,LeaderAccept
1785418351165,true,1785418351234,LeaderAccept
1785418351193,true,1785418351262,LeaderAccept
1785418351221,false,1785418351291,LeaderAccept
1785418351250,false,1785418351320,LeaderAccept
1785418351280,true,1785418351369,LeaderAccept
1785418351310,true,1785418351399,LeaderAccept
1785418351341,true,1785418351430,LeaderAccept
1785418351372,false,1785418351460,LeaderAccept
1785418351403,false,1785418351492,LeaderAccept
1785418351435,false,1785418351524,LeaderAccept
1785418351467,true,1785418351556,LeaderAccept
1785418351499,true,1785418351569,LeaderAccept
1785418351531,true,1785418351601,LeaderAccept
1785418351565,false,1785418351654,LeaderAccept
1785418351598,false,1785418351687,LeaderAccept
1785418351633,false,1785418351722,LeaderAccept
1785418351669,true,1785418351758,LeaderAccept
1785418351705,false,1785418351794,LeaderAccept
1785418351742,false,1785418351831,LeaderAccept
1785418351780,false,1785418351869,LeaderAccept
1785418351818,true,1785418351906,LeaderAccept
1785418351856,true,1785418351926,LeaderAccept
1785418351896,true,1785418351966,LeaderAccept
1785418351936,false,1785418352006,LeaderAccept
1785418351977,true,1785418352047,LeaderAccept
1785418352019,true,1785418352081,FastAccept
1785418352062,true,1785418352124,FastAccept
1785418352106,true,1785418352168,FastAccept
1785418352151,true,1785418352213,FastAccept
1785418352197,true,1785418352258,FastAccept
1785418352243,false,1785418352304,FastAccept
1785418352291,true,1785418352352,FastAccept
1785418352339,false,1785418352401,FastAccept
1785418352390,false,1785418352452,FastAccept
1785418352440,false,1785418352502,FastAccept
1785418352491,false,1785418352555,FastAccept
1785418352545,true,1785418352607,FastAccept
1785418352600,false,1785418352662,FastAccept
1785418352656,true,1785418352718,FastAccept
1785418352714,true,1785418352776,FastAccept
1785418352774,false,1785418352835,FastAccept
1785418352835,false,1785418352896,FastAccept
1785418352898,true,1785418352959,FastAccept
1785418352963,true,1785418353025,FastAccept
1785418353031,true,1785418353093,FastAccept
1785418353101,true,1785418353163,FastAccept
1785418353173,false,1785418353235,FastAccept
1785418353248,true,1785418353309,FastAccept
1785418353325,true,1785418353386,FastAccept
1785418353405,false,1785418353467,FastAccept
1785418353489,false,1785418353550,FastAccept
1785418353576,false,1785418353637,FastAccept
1785418353668,false,1785418353729,FastAccept
1785418353763,false,1785418353824,FastAccept
1785418353863,false,1785418353924,FastAccept
1785418353968,false,1785418354029,FastAccept
1785418354078,false,1785418354140,FastAccept
1785418354194,false,1785418354256,FastAccept
1785418354318,false,1785418354380,FastAccept
1785418354450,false,1785418354512,FastAccept
1785418354590,true,1785418354652,FastAccept
1785418354741,true,1785418354802,FastAccept
1785418354903,false,1785418354965,FastAccept
1785418355080,false,1785418355142,FastAccept
1785418355272,true,1785418355333,FastAccept
1785418355483,true,1785418355544,FastAccept
1785418355717,true,1785418355787,LeaderAccept
1785418355980,false,1785418356070,LeaderAccept
1785418356281,false,1785418356369,LeaderAccept
1785418356630,false,1785418356717,LeaderAccept
1785418357045,false,1785418357133,LeaderAccept
1785418357556,false,1785418357626,LeaderAccept
1785418358215,false,1785418358303,LeaderAccept
1785418359130,false,1785418359192,FastAccept
1785418360576,false,1785418360638,FastAccept
1785418363553,true,1785418363614,FastAccept
1785418376741,false,1785418376803,FastAccept
1785418385084,false,1785418385191,LeaderAccept
1785418385101,false,1785418385191,SlowAccept
1785418385119,false,1785418385207,LeaderAccept
1785418385137,false,1785418385225,LeaderAccept
1785418385155,true,1785418385242,LeaderAccept
1785418385173,false,1785418385261,LeaderAccept
1785418385190,false,1785418385279,LeaderAccept
1785418385209,false,1785418385279,LeaderAccept
1785418385227,false,1785418385315,LeaderAccept
1785418385246,true,1785418385333,LeaderAccept
1785418385264,false,1785418385333,LeaderAccept
1785418385283,false,1785418385371,LeaderAccept
1785418385302,false,1785418385390,LeaderAccept
1785418385321,false,1785418385390,LeaderAccept
1785418385341,true,1785418385410,LeaderAccept
1785418385360,true,1785418385429,LeaderAccept
1785418385379,true,1785418385449,LeaderAccept
1785418385399,true,1785418385468,LeaderAccept
1785418385419,true,1785418385489,LeaderAccept
1785418385440,false,1785418385510,LeaderAccept
1785418385460,true,1785418385530,LeaderAccept
1785418385481,true,1785418385550,LeaderAccept
1785418385502,true,1785418385572,LeaderAccept
1785418385523,true,1785418385593,LeaderAccept
1785418385544,true,1785418385614,LeaderAccept
1785418385566,true,1785418385634,LeaderAccept
1785418385587,false,1785418385657,LeaderAccept
1785418385609,true,1785418385678,LeaderAccept
1785418385631,false,1785418385699,LeaderAccept
1785418385652,false,1785418385721,LeaderAccept
1785418385675,true,1785418385744,LeaderAccept
1785418385697,true,1785418385767,LeaderAccept
1785418385721,false,1785418385790,LeaderAccept
1785418385744,false,1785418385813,LeaderAccept
1785418385767,true,1785418385836,LeaderAccept
1785418385790,true,1785418385860,LeaderAccept
1785418385815,true,1785418385884,LeaderAccept
1785418385839,false,1785418385909,LeaderAccept
1785418385863,true,1785418385932,LeaderAccept
1785418385889,true,1785418385958,LeaderAccept
1785418385914,false,1785418385983,LeaderAccept
1785418385940,true,1785418386009,LeaderAccept
1785418385966,false,1785418386036,LeaderAccept
1785418385993,true,1785418386063,LeaderAccept
1785418386020,true,1785418386090,LeaderAccept
1785418386047,true,1785418386117,LeaderAccept
1785418386074,false,1785418386144,LeaderAccept
1785418386102,false,1785418386171,LeaderAccept
1785418386130,true,1785418386200,LeaderAccept
1785418386159,false,1785418386228,LeaderAccept
1785418386188,true,1785418386257,LeaderAccept
1785418386218,true,1785418386287,LeaderAccept
1785418386247,false,1785418386315,LeaderAccept
1785418386277,true,1785418386349,LeaderAccept
1785418386307,true,1785418386376,LeaderAccept
1785418386339,false,1785418386408,LeaderAccept
1785418386370,true,1785418386439,LeaderAccept
1785418386403,false,1785418386471,LeaderAccept
1785418386435,true,1785418386504,LeaderAccept
1785418386468,true,1785418386537,LeaderAccept
1785418386502,false,1785418386572,LeaderAccept
1785418386536,false,1785418386604,LeaderAccept
1785418386570,false,1785418386639,LeaderAccept
1785418386605,true,1785418386673,LeaderAccept
1785418386640,false,1785418386710,LeaderAccept
1785418386677,true,1785418386745,LeaderAccept
1785418386692,false,1785418386761,LeaderAccept
1785418386714,false,1785418386783,LeaderAccept
1785418386736,true,1785418386804,LeaderAccept
1785418386758,true,1785418386826,LeaderAccept
1785418386780,false,1785418386850,LeaderAccept
1785418386803,false,1785418386872,LeaderAccept
1785418386825,false,1785418386914,LeaderAccept
1785418386848,false,1785418386917,LeaderAccept
1785418386871,false,1785418386940,LeaderAccept
1785418386895,true,1785418386982,LeaderAccept
1785418386919,true,1785418387007,LeaderAccept
1785418386943,true,1785418387012,LeaderAccept
1785418386967,true,1785418387036,LeaderAccept
1785418386991,true,1785418387060,LeaderAccept
1785418387015,false,1785418387085,LeaderAccept
1785418387040,false,1785418387129,LeaderAccept
1785418387066,true,1785418387135,LeaderAccept
1785418387092,true,1785418387180,LeaderAccept
1785418387118,true,1785418387187,LeaderAccept
1785418387144,true,1785418387232,LeaderAccept
1785418387171,true,1785418387240,LeaderAccept
1785418387198,false,1785418387267,LeaderAccept
1785418387226,false,1785418387296,LeaderAccept
1785418387254,true,1785418387324,LeaderAccept
1785418387283,false,1785418387353,LeaderAccept
1785418387312,false,1785418387400,LeaderAccept
1785418387341,true,1785418387410,LeaderAccept
1785418387371,false,1785418387441,LeaderAccept
1785418387401,false,1785418387470,LeaderAccept
1785418387431,false,1785418387518,LeaderAccept
1785418387461,true,1785418387550,LeaderAccept
1785418387493,false,1785418387562,LeaderAccept
1785418387524,true,1785418387594,LeaderAccept
1785418387556,true,1785418387626,LeaderAccept
1785418387589,false,1785418387677,LeaderAccept
1785418387622,true,1785418387692,LeaderAccept
1785418387656,false,1785418387725,LeaderAccept
1785418387690,true,1785418387778,LeaderAccept
1785418387725,true,1785418387794,LeaderAccept
1785418387760,true,1785418387829,LeaderAccept
1785418387796,true,1785418387884,LeaderAccept
1785418387832,false,1785418387902,LeaderAccept
1785418387870,true,1785418387959,LeaderAccept
1785418387908,false,1785418387977,LeaderAccept
1785418387946,false,1785418388016,LeaderAccept
1785418387985,true,1785418388054,LeaderAccept
1785418388025,true,1785418388095,LeaderAccept
1785418388066,true,1785418388135,LeaderAccept
1785418388107,true,1785418388195,LeaderAccept
1785418388150,false,1785418388238,LeaderAccept
1785418388194,false,1785418388263,LeaderAccept
1785418388238,true,1785418388326,LeaderAccept
1785418388283,true,1785418388372,LeaderAccept
1785418388330,false,1785418388418,LeaderAccept
1785418388378,false,1785418388446,LeaderAccept
1785418388426,true,1785418388514,LeaderAccept
1785418388475,false,1785418388544,LeaderAccept
1785418388526,true,1785418388589,FastAccept
1785418388578,false,1785418388667,LeaderAccept
1785418388632,false,1785418388722,LeaderAccept
1785418388687,false,1785418388776,LeaderAccept
1785418388743,false,1785418388832,LeaderAccept
1785418388801,true,1785418388871,LeaderAccept
1785418388861,false,1785418388931,LeaderAccept
1785418388923,false,1785418388986,FastAccept
1785418388986,true,1785418389074,LeaderAccept
1785418389052,true,1785418389141,LeaderAccept
1785418389119,false,1785418389209,SlowAccept
1785418389188,true,1785418389250,FastAccept
1785418389261,true,1785418389322,FastAccept
1785418389336,false,1785418389425,LeaderAccept
1785418389414,false,1785418389504,SlowAccept
1785418389494,true,1785418389556,FastAccept
1785418389578,false,1785418389639,FastAccept
1785418389665,true,1785418389726,FastAccept
1785418389756,true,1785418389817,FastAccept
1785418389851,true,1785418389913,FastAccept
1785418389951,true,1785418390013,FastAccept
1785418390056,false,1785418390141,SlowAccept
1785418390167,true,1785418390229,FastAccept
1785418390284,true,1785418390346,FastAccept
1785418390408,false,1785418390470,FastAccept
1785418390540,false,1785418390602,FastAccept
1785418390681,false,1785418390743,FastAccept
1785418390832,false,1785418390893,FastAccept
1785418390995,false,1785418391057,FastAccept
1785418391171,true,1785418391232,FastAccept
1785418391363,true,1785418391424,FastAccept
1785418391575,false,1785418391636,FastAccept
1785418391810,true,1785418391874,FastAccept
1785418392074,false,1785418392136,FastAccept
1785418392375,true,1785418392436,FastAccept
1785418392724,false,1785418392785,FastAccept
1785418393140,false,1785418393202,FastAccept
1785418393652,true,1785418393713,FastAccept
1785418394313,false,1785418394402,LeaderAccept
1785418395233,false,1785418395321,LeaderAccept
1785418396689,false,1785418396750,FastAccept
1785418399703,true,1785418399765,FastAccept
1785418403257,false,1785418403318,FastAccept
1785418403281,false,1785418403343,FastAccept
1785418403306,true,1785418403368,FastAccept
1785418403330,false,1785418403392,FastAccept
1785418403355,true,1785418403417,FastAccept
1785418403380,true,1785418403442,FastAccept
1785418403406,true,1785418403468,FastAccept
1785418403432,true,1785418403494,FastAccept
1785418403458,false,1785418403519,FastAccept
1785418403484,false,1785418403573,LeaderAccept
1785418403511,false,1785418403599,LeaderAccept
1785418403538,true,1785418403626,LeaderAccept
1785418403565,true,1785418403653,LeaderAccept
1785418403593,false,1785418403680,LeaderAccept
1785418403621,true,1785418403709,LeaderAccept
1785418403650,true,1785418403720,LeaderAccept
1785418403679,false,1785418403748,LeaderAccept
1785418403708,false,1785418403796,LeaderAccept
1785418403737,false,1785418403825,LeaderAccept
1785418403767,false,1785418403837,LeaderAccept
1785418403797,true,1785418403886,LeaderAccept
1785418403828,false,1785418403917,LeaderAccept
1785418403859,false,1785418403947,LeaderAccept
1785418403890,true,1785418403979,LeaderAccept
1785418403923,false,1785418404012,LeaderAccept
1785418403956,true,1785418404047,LeaderAccept
1785418403989,true,1785418404077,LeaderAccept
1785418404023,true,1785418404111,LeaderAccept
1785418404057,false,1785418404145,LeaderAccept
1785418404092,false,1785418404181,LeaderAccept
1785418404127,false,1785418404215,LeaderAccept
1785418404163,true,1785418404251,LeaderAccept
1785418404200,true,1785418404288,LeaderAccept
1785418404237,true,1785418404325,LeaderAccept
1785418404275,true,1785418404363,LeaderAccept
1785418404314,true,1785418404384,LeaderAccept
1785418404353,false,1785418404423,LeaderAccept
1785418404394,false,1785418404464,LeaderAccept
1785418404436,false,1785418404506,LeaderAccept
1785418404478,false,1785418404539,FastAccept
1785418404521,false,1785418404583,FastAccept
1785418404565,false,1785418404627,FastAccept
1785418404610,true,1785418404672,FastAccept
1785418404656,true,1785418404718,FastAccept
1785418404703,false,1785418404765,FastAccept
1785418404751,false,1785418404812,FastAccept
1785418404800,true,1785418404862,FastAccept
1785418404851,true,1785418404912,FastAccept
1785418404902,false,1785418404964,FastAccept
1785418404955,false,1785418405016,FastAccept
1785418405009,true,1785418405098,LeaderAccept
1785418405065,false,1785418405154,LeaderAccept
1785418405123,true,1785418405193,LeaderAccept
1785418405182,true,1785418405244,FastAccept
1785418405243,false,1785418405304,FastAccept
1785418405306,false,1785418405368,FastAccept
1785418405371,false,1785418405432,FastAccept
1785418405438,false,1785418405499,FastAccept
1785418405506,true,1785418405568,FastAccept
1785418405577,true,1785418405638,FastAccept
1785418405651,false,1785418405712,FastAccept
1785418405727,true,1785418405816,LeaderAccept
1785418405807,false,1785418405869,FastAccept
1785418405889,false,1785418405951,FastAccept
1785418405975,false,1785418406036,FastAccept
1785418406064,false,1785418406126,FastAccept
1785418406157,false,1785418406218,FastAccept
1785418406255,true,1785418406316,FastAccept
1785418406358,false,1785418406420,FastAccept
1785418406467,true,1785418406528,FastAccept
1785418406581,true,1785418406642,FastAccept
1785418406702,false,1785418406763,FastAccept
1785418406830,true,1785418406892,FastAccept
1785418406966,false,1785418407028,FastAccept
1785418407112,false,1785418407173,FastAccept
1785418407269,false,1785418407331,FastAccept
1785418407439,true,1785418407501,FastAccept
1785418407624,true,1785418407685,FastAccept
1785418407826,true,1785418407889,FastAccept
1785418408050,false,1785418408112,FastAccept
1785418408300,false,1785418408361,FastAccept
1785418408583,true,1785418408645,FastAccept
1785418408909,true,1785418408970,FastAccept
1785418409293,true,1785418409354,FastAccept
1785418409758,true,1785418409820,FastAccept
1785418410344,true,1785418410405,FastAccept
1785418411128,true,1785418411190,FastAccept
1785418412288,false,1785418412377,LeaderAccept
1785418414360,true,1785418414430,LeaderAccept
1785418420198,false,1785418420483,LeaderAccept
