request_time,write,response_time,accept_status
1785227573710,true,1785227573808,LeaderAccept
1785227574251,true,1785227574310,FastAccept
1785227574958,false,1785227575066,LeaderAccept
1785227575965,false,1785227576061,LeaderAccept
1785227577630,true,1785227577688,FastAccept
1785227581456,true,1785227581554,SlowAccept
1785227581847,true,1785227581928,SlowAccept
1785227581883,true,1785227582017,LeaderAccept
1785227581920,true,1785227582035,LeaderAccept
1785227581958,false,1785227582054,LeaderAccept
1785227581997,true,1785227582094,LeaderAccept
1785227582037,true,1785227582167,LeaderAccept
1785227582077,true,1785227582194,LeaderAccept
1785227582119,true,1785227582217,LeaderAccept
1785227582160,true,1785227582291,LeaderAccept
1785227582202,true,1785227582291,LeaderAccept
1785227582245,true,1785227582320,LeaderAccept
1785227582289,true,1785227582419,LeaderAccept
1785227582335,true,1785227582403,FastAccept
1785227582381,true,1785227582490,LeaderAccept
1785227582428,false,1785227582542,LeaderAccept
1785227582477,false,1785227582623,SlowAccept
1785227582527,true,1785227582675,LeaderAccept
1785227582578,true,1785227582728,LeaderAccept
1785227582630,true,1785227582780,LeaderAccept
1785227582683,true,1785227582780,LeaderAccept
1785227582738,false,1785227582836,LeaderAccept
1785227582795,false,1785227582957,LeaderAccept
1785227582853,true,1785227582957,LeaderAccept
1785227582913,false,1785227583009,LeaderAccept
1785227582974,true,1785227583073,LeaderAccept
1785227583037,false,1785227583213,LeaderAccept
1785227583102,true,1785227583197,FastAccept
1785227583169,false,1785227583237,FastAccept
1785227583240,true,1785227583337,LeaderAccept
1785227583311,true,1785227583409,LeaderAccept
1785227583385,true,1785227583482,LeaderAccept
1785227583462,true,1785227583559,LeaderAccept
1785227583543,true,1785227583602,FastAccept
1785227583627,true,1785227583686,FastAccept
1785227583715,true,1785227583772,FastAccept
1785227583806,true,1785227583866,FastAccept
1785227583902,true,1785227583961,FastAccept
1785227584002,false,1785227584059,FastAccept
1785227584107,false,1785227584205,LeaderAccept
1785227584217,false,1785227584316,LeaderAccept
1785227584335,true,1785227584434,LeaderAccept
1785227584459,true,1785227584526,FastAccept
1785227584591,false,1785227584649,FastAccept
1785227584732,false,1785227584791,FastAccept
1785227584882,true,1785227584941,FastAccept
1785227585045,true,1785227585104,FastAccept
1785227585221,false,1785227585278,FastAccept
1785227585413,false,1785227585473,FastAccept
1785227585625,false,1785227585685,FastAccept
1785227585861,true,1785227585919,FastAccept
1785227586125,true,1785227586224,LeaderAccept
1785227586426,false,1785227586485,FastAccept
1785227586776,false,1785227586834,FastAccept
1785227587193,true,1785227587253,FastAccept
1785227587707,true,1785227587766,FastAccept
1785227588371,false,1785227588445,LeaderAccept
1785227589295,false,1785227589393,LeaderAccept
1785227590763,false,1785227590861,LeaderAccept
1785227593817,true,1785227593914,LeaderAccept
1785227607873,false,1785227607970,LeaderAccept
1785227638362,false,1785227638530,LeaderAccept
1785227638379,false,1785227638475,SlowAccept
1785227638397,false,1785227638530,LeaderAccept
1785227638414,false,1785227638561,SlowAccept
1785227638431,false,1785227638561,LeaderAccept
1785227638449,true,1785227638599,SlowAccept
1785227638466,false,1785227638599,LeaderAccept
1785227638483,true,1785227638673,LeaderAccept
1785227638502,true,1785227638636,LeaderAccept
1785227638520,false,1785227638711,LeaderAccept
1785227638539,false,1785227638636,SlowAccept
1785227638557,false,1785227638711,SlowAccept
1785227638576,true,1785227638672,SlowAccept
1785227638594,false,1785227638748,SlowAccept
1785227638614,false,1785227638748,LeaderAccept
1785227638632,false,1785227638830,LeaderAccept
1785227638652,true,1785227638789,LeaderAccept
1785227638672,false,1785227638861,LeaderAccept
1785227638692,false,1785227638789,SlowAccept
1785227638712,false,1785227638861,LeaderAccept
1785227638732,true,1785227638830,SlowAccept
1785227638752,true,1785227638861,LeaderAccept
1785227638773,false,1785227638976,LeaderAccept
1785227638793,false,1785227638933,LeaderAccept
1785227638815,false,1785227638933,LeaderAccept
1785227638835,true,1785227638933,SlowAccept
1785227638856,true,1785227638987,LeaderAccept
1785227638877,false,1785227638987,LeaderAccept
1785227638899,false,1785227638987,LeaderAccept
1785227638921,true,1785227639017,LeaderAccept
1785227638943,true,1785227639018,LeaderAccept
1785227638966,false,1785227639064,LeaderAccept
1785227638988,true,1785227639201,LeaderAccept
1785227639010,true,1785227639130,LeaderAccept
1785227639034,false,1785227639130,SlowAccept
1785227639057,false,1785227639201,SlowAccept
1785227639080,true,1785227639201,LeaderAccept
1785227639104,true,1785227639330,LeaderAccept
1785227639129,true,1785227639251,LeaderAccept
1785227639154,true,1785227639251,SlowAccept
1785227639178,true,1785227639298,LeaderAccept
1785227639203,true,1785227639298,SlowAccept
1785227639229,false,1785227639330,LeaderAccept
1785227639255,false,1785227639403,SlowAccept
1785227639280,false,1785227639403,LeaderAccept
1785227639306,false,1785227639457,LeaderAccept
1785227639332,false,1785227639457,LeaderAccept
1785227639360,false,1785227639457,SlowAccept
1785227639387,false,1785227639511,LeaderAccept
1785227639415,false,1785227639511,SlowAccept
1785227639442,true,1785227639569,LeaderAccept
1785227639470,true,1785227639569,SlowAccept
1785227639498,false,1785227639602,LeaderAccept
1785227639528,true,1785227639618,LeaderAccept
1785227639558,true,1785227639655,LeaderAccept
1785227639589,true,1785227639683,LeaderAccept
1785227639620,false,1785227639810,LeaderAccept
1785227639651,true,1785227639778,LeaderAccept
1785227639682,false,1785227639778,SlowAccept
1785227639713,false,1785227639810,SlowAccept
1785227639746,false,1785227639855,LeaderAccept
1785227639778,true,1785227639855,LeaderAccept
1785227639811,true,1785227639925,LeaderAccept
1785227639846,false,1785227639940,LeaderAccept
1785227639880,true,1785227640010,LeaderAccept
1785227639916,false,1785227640012,LeaderAccept
1785227639951,true,1785227640055,LeaderAccept
1785227639987,false,1785227640083,LeaderAccept
1785227640023,true,1785227640234,LeaderAccept
1785227640061,true,1785227640177,LeaderAccept
1785227640099,false,1785227640234,LeaderAccept
1785227640139,true,1785227640234,SlowAccept
1785227640179,false,1785227640316,LeaderAccept
1785227640219,false,1785227640316,SlowAccept
1785227640260,false,1785227640379,LeaderAccept
1785227640303,true,1785227640400,LeaderAccept
1785227640346,false,1785227640481,LeaderAccept
1785227640389,false,1785227640481,FastAccept
1785227640435,false,1785227640563,LeaderAccept
1785227640481,true,1785227640595,LeaderAccept
1785227640528,true,1785227640601,LeaderAccept
1785227640576,true,1785227640721,SlowAccept
1785227640625,false,1785227640721,LeaderAccept
1785227640674,true,1785227640823,LeaderAccept
1785227640725,true,1785227640823,SlowAccept
1785227640778,true,1785227640930,LeaderAccept
1785227640832,true,1785227640930,SlowAccept
1785227640887,true,1785227640985,LeaderAccept
1785227640944,true,1785227641039,LeaderAccept
1785227641003,true,1785227641102,LeaderAccept
1785227641064,false,1785227641162,LeaderAccept
1785227641127,false,1785227641237,LeaderAccept
1785227641191,false,1785227641267,LeaderAccept
1785227641258,true,1785227641325,FastAccept
1785227641326,true,1785227641386,FastAccept
1785227641398,false,1785227641495,LeaderAccept
1785227641471,true,1785227641530,FastAccept
1785227641547,true,1785227641645,LeaderAccept
1785227641627,true,1785227641686,FastAccept
1785227641709,false,1785227641806,LeaderAccept
1785227641795,true,1785227641853,FastAccept
1785227641884,false,1785227641944,FastAccept
1785227641978,false,1785227642038,FastAccept
1785227642076,true,1785227642135,FastAccept
1785227642179,false,1785227642237,FastAccept
1785227642287,false,1785227642344,FastAccept
1785227642400,false,1785227642460,FastAccept
1785227642521,false,1785227642580,FastAccept
1785227642650,true,1785227642749,LeaderAccept
1785227642786,true,1785227642845,FastAccept
1785227642933,true,1785227643031,LeaderAccept
1785227643090,true,1785227643149,FastAccept
1785227643260,true,1785227643317,FastAccept
1785227643445,true,1785227643503,FastAccept
1785227643648,false,1785227643706,FastAccept
1785227643871,true,1785227643930,FastAccept
1785227644122,false,1785227644180,FastAccept
1785227644406,false,1785227644464,FastAccept
1785227644733,true,1785227644792,FastAccept
1785227645118,false,1785227645216,LeaderAccept
1785227645584,false,1785227645642,FastAccept
1785227646172,false,1785227646230,FastAccept
1785227646960,false,1785227647018,FastAccept
1785227648129,false,1785227648187,FastAccept
1785227650223,false,1785227650282,FastAccept
1785227656192,false,1785227656250,FastAccept
1785227658943,true,1785227659002,FastAccept
1785227658975,false,1785227659034,FastAccept
1785227659009,true,1785227659067,FastAccept
1785227659043,true,1785227659102,FastAccept
1785227659076,true,1785227659135,FastAccept
1785227659110,false,1785227659179,FastAccept
1785227659146,true,1785227659241,SlowAccept
1785227659182,true,1785227659278,SlowAccept
1785227659218,true,1785227659315,SlowAccept
1785227659255,true,1785227659353,SlowAccept
1785227659292,false,1785227659389,SlowAccept
1785227659331,false,1785227659428,LeaderAccept
1785227659369,false,1785227659466,LeaderAccept
1785227659409,false,1785227659541,LeaderAccept
1785227659450,true,1785227659541,LeaderAccept
1785227659492,true,1785227659566,LeaderAccept
1785227659533,false,1785227659608,LeaderAccept
1785227659577,true,1785227659652,LeaderAccept
1785227659620,false,1785227659695,LeaderAccept
1785227659666,true,1785227659723,FastAccept
1785227659711,false,1785227659770,FastAccept
1785227659759,true,1785227659817,FastAccept
1785227659806,false,1785227659874,FastAccept
1785227659856,true,1785227659951,LeaderAccept
1785227659906,false,1785227660004,LeaderAccept
1785227659958,true,1785227660054,LeaderAccept
1785227660010,false,1785227660108,LeaderAccept
1785227660065,true,1785227660163,LeaderAccept
1785227660121,true,1785227660217,LeaderAccept
1785227660179,true,1785227660276,LeaderAccept
1785227660238,true,1785227660374,LeaderAccept
1785227660298,true,1785227660459,SlowAccept
1785227660360,false,1785227660459,LeaderAccept
1785227660425,false,1785227660520,LeaderAccept
1785227660492,false,1785227660589,LeaderAccept
1785227660560,false,1785227660619,FastAccept
1785227660632,false,1785227660691,FastAccept
1785227660705,false,1785227660764,FastAccept
1785227660782,false,1785227660840,FastAccept
1785227660861,true,1785227660958,LeaderAccept
1785227660945,true,1785227661003,FastAccept
1785227661031,false,1785227661091,FastAccept
1785227661121,false,1785227661180,FastAccept
1785227661215,false,1785227661275,FastAccept
1785227661314,false,1785227661372,FastAccept
1785227661417,true,1785227661476,FastAccept
1785227661526,true,1785227661586,FastAccept
1785227661641,true,1785227661700,FastAccept
1785227661763,true,1785227661822,FastAccept
1785227661893,false,1785227661952,FastAccept
1785227662030,true,1785227662090,FastAccept
1785227662178,true,1785227662236,FastAccept
1785227662336,false,1785227662395,FastAccept
1785227662508,false,1785227662567,FastAccept
1785227662694,false,1785227662790,LeaderAccept
1785227662898,false,1785227662974,LeaderAccept
1785227663125,false,1785227663199,LeaderAccept
1785227663379,true,1785227663453,LeaderAccept
1785227663667,true,1785227663742,LeaderAccept
1785227664000,true,1785227664097,LeaderAccept
1785227664392,false,1785227664468,LeaderAccept
1785227664870,true,1785227664967,SlowAccept
1785227665477,true,1785227665535,FastAccept
1785227666298,true,1785227666356,FastAccept
1785227667534,true,1785227667593,FastAccept
1785227669825,true,1785227669885,FastAccept
1785227673134,true,1785227673192,FastAccept
1785227673156,true,1785227673301,LeaderAccept
1785227673180,false,1785227673252,FastAccept
1785227673203,true,1785227673301,LeaderAccept
1785227673226,true,1785227673418,LeaderAccept
1785227673249,false,1785227673385,LeaderAccept
1785227673273,false,1785227673385,LeaderAccept
1785227673296,false,1785227673418,LeaderAccept
1785227673321,false,1785227673418,SlowAccept
1785227673345,false,1785227673442,LeaderAccept
1785227673370,false,1785227673468,LeaderAccept
1785227673395,false,1785227673595,LeaderAccept
1785227673421,false,1785227673543,LeaderAccept
1785227673446,false,1785227673543,SlowAccept
1785227673473,true,1785227673595,LeaderAccept
1785227673499,true,1785227673595,LeaderAccept
1785227673527,false,1785227673678,SlowAccept
1785227673554,true,1785227673678,LeaderAccept
1785227673581,true,1785227673734,LeaderAccept
1785227673610,true,1785227673734,LeaderAccept
1785227673637,true,1785227673734,LeaderAccept
1785227673665,true,1785227673763,LeaderAccept
1785227673695,false,1785227673792,LeaderAccept
1785227673724,false,1785227673880,SlowAccept
1785227673755,true,1785227673881,LeaderAccept
1785227673785,false,1785227673943,LeaderAccept
1785227673816,true,1785227673913,SlowAccept
1785227673846,true,1785227673943,LeaderAccept
1785227673877,false,1785227673973,LeaderAccept
1785227673910,true,1785227673984,LeaderAccept
1785227673942,false,1785227674019,LeaderAccept
1785227673975,false,1785227674176,LeaderAccept
1785227674010,false,1785227674106,SlowAccept
1785227674044,true,1785227674142,SlowAccept
1785227674078,false,1785227674224,LeaderAccept
1785227674114,false,1785227674210,SlowAccept
1785227674150,true,1785227674247,LeaderAccept
1785227674187,true,1785227674300,LeaderAccept
1785227674224,false,1785227674318,LeaderAccept
1785227674262,true,1785227674358,LeaderAccept
1785227674302,false,1785227674437,LeaderAccept
1785227674340,false,1785227674437,LeaderAccept
1785227674381,false,1785227674518,LeaderAccept
1785227674421,true,1785227674518,LeaderAccept
1785227674463,false,1785227674576,LeaderAccept
1785227674505,false,1785227674602,LeaderAccept
1785227674548,false,1785227674623,LeaderAccept
1785227674593,false,1785227674689,LeaderAccept
1785227674639,false,1785227674734,LeaderAccept
1785227674686,false,1785227674799,LeaderAccept
1785227674733,true,1785227674808,LeaderAccept
1785227674782,false,1785227674878,LeaderAccept
1785227674832,false,1785227674965,LeaderAccept
1785227674882,true,1785227674979,LeaderAccept
1785227674934,true,1785227675024,LeaderAccept
1785227674987,true,1785227675086,SlowAccept
1785227675043,false,1785227675197,SlowAccept
1785227675100,false,1785227675197,LeaderAccept
1785227675158,false,1785227675254,LeaderAccept
1785227675219,true,1785227675353,LeaderAccept
1785227675280,true,1785227675355,LeaderAccept
1785227675344,false,1785227675402,FastAccept
1785227675410,true,1785227675507,SlowAccept
1785227675478,true,1785227675574,SlowAccept
1785227675549,true,1785227675647,LeaderAccept
1785227675621,false,1785227675718,LeaderAccept
1785227675697,true,1785227675767,FastAccept
1785227675775,false,1785227675834,FastAccept
1785227675855,false,1785227675923,FastAccept
1785227675940,false,1785227676038,SlowAccept
1785227676027,true,1785227676126,LeaderAccept
1785227676118,false,1785227676215,SlowAccept
1785227676215,true,1785227676274,FastAccept
1785227676315,true,1785227676383,FastAccept
1785227676420,false,1785227676480,FastAccept
1785227676531,true,1785227676630,SlowAccept
1785227676649,true,1785227676745,LeaderAccept
1785227676774,false,1785227676871,LeaderAccept
1785227676907,true,1785227677005,SlowAccept
1785227677049,true,1785227677108,FastAccept
1785227677201,true,1785227677283,SlowAccept
1785227677364,true,1785227677423,FastAccept
1785227677542,false,1785227677641,SlowAccept
1785227677737,false,1785227677835,LeaderAccept
1785227677952,false,1785227678050,SlowAccept
1785227678189,true,1785227678249,FastAccept
1785227678457,true,1785227678516,FastAccept
1785227678763,false,1785227678823,FastAccept
1785227679121,false,1785227679180,FastAccept
1785227679547,true,1785227679644,LeaderAccept
1785227680074,true,1785227680132,FastAccept
1785227680760,false,1785227680858,LeaderAccept
1785227681726,false,1785227681785,FastAccept
1785227683291,true,1785227683350,FastAccept
1785227684459,true,1785227684516,FastAccept
1785227684487,true,1785227684546,FastAccept
1785227684515,true,1785227684574,FastAccept
1785227684545,false,1785227684603,FastAccept
1785227684575,false,1785227684634,FastAccept
1785227684605,true,1785227684664,FastAccept
1785227684635,false,1785227684694,FastAccept
1785227684665,false,1785227684723,FastAccept
1785227684697,true,1785227684756,FastAccept
1785227684728,false,1785227684788,FastAccept
1785227684761,false,1785227684819,FastAccept
1785227684793,true,1785227684853,FastAccept
1785227684827,true,1785227684885,FastAccept
1785227684860,true,1785227684919,FastAccept
1785227684894,false,1785227684953,FastAccept
1785227684929,false,1785227684987,FastAccept
1785227684963,false,1785227685022,FastAccept
1785227684999,true,1785227685058,FastAccept
1785227685036,true,1785227685095,FastAccept
1785227685074,false,1785227685133,FastAccept
1785227685112,false,1785227685170,FastAccept
1785227685151,true,1785227685209,FastAccept
1785227685191,false,1785227685250,FastAccept
1785227685231,false,1785227685289,FastAccept
1785227685272,true,1785227685331,FastAccept
1785227685314,false,1785227685372,FastAccept
1785227685356,false,1785227685415,FastAccept
1785227685400,true,1785227685458,FastAccept
1785227685444,false,1785227685503,FastAccept
1785227685489,false,1785227685549,FastAccept
1785227685536,true,1785227685593,FastAccept
1785227685584,false,1785227685642,FastAccept
1785227685633,false,1785227685692,FastAccept
1785227685683,true,1785227685742,FastAccept
1785227685733,true,1785227685793,FastAccept
1785227685785,false,1785227685844,FastAccept
1785227685839,true,1785227685897,FastAccept
1785227685895,true,1785227685953,FastAccept
1785227685952,false,1785227686010,FastAccept
1785227686010,true,1785227686068,FastAccept
1785227686070,true,1785227686130,FastAccept
1785227686131,false,1785227686191,FastAccept
1785227686194,false,1785227686254,FastAccept
1785227686260,true,1785227686319,FastAccept
1785227686329,false,1785227686389,FastAccept
1785227686399,true,1785227686457,FastAccept
1785227686472,true,1785227686530,FastAccept
1785227686547,false,1785227686605,FastAccept
1785227686625,false,1785227686683,FastAccept
1785227686707,false,1785227686766,FastAccept
1785227686791,true,1785227686850,FastAccept
1785227686879,true,1785227686938,FastAccept
1785227686972,true,1785227687030,FastAccept
1785227687069,false,1785227687127,FastAccept
1785227687169,true,1785227687229,FastAccept
1785227687276,false,1785227687336,FastAccept
1785227687388,false,1785227687708,LeaderAccept
1785227687506,false,1785227687625,LeaderAccept
1785227687632,false,1785227687745,LeaderAccept
1785227687766,false,1785227687862,SlowAccept
1785227687909,false,1785227688037,LeaderAccept
1785227688063,true,1785227688161,SlowAccept
1785227688228,true,1785227688427,LeaderAccept
1785227688408,false,1785227688506,SlowAccept
1785227688605,false,1785227688858,LeaderAccept
1785227688821,false,1785227688934,LeaderAccept
1785227689063,true,1785227689160,LeaderAccept
1785227689334,true,1785227689483,LeaderAccept
1785227689645,false,1785227689777,LeaderAccept
1785227690009,false,1785227690095,LeaderAccept
1785227690445,false,1785227690525,LeaderAccept
1785227690987,true,1785227691082,SlowAccept
1785227691697,true,1785227691773,LeaderAccept
1785227692709,false,1785227692806,SlowAccept
1785227694386,false,1785227694444,FastAccept
1785227698263,false,1785227698322,FastAccept
1785227708554,false,1785227708614,FastAccept
1785227708587,false,1785227708647,FastAccept
1785227708621,true,1785227708681,FastAccept
1785227708656,false,1785227708714,FastAccept
1785227708692,false,1785227708749,FastAccept
1785227708727,false,1785227708785,FastAccept
1785227708763,false,1785227708822,FastAccept
1785227708801,true,1785227708860,FastAccept
1785227708838,false,1785227708975,LeaderAccept
1785227708877,false,1785227708975,SlowAccept
1785227708916,false,1785227709015,LeaderAccept
1785227708957,false,1785227709053,LeaderAccept
1785227708998,false,1785227709093,LeaderAccept
1785227709039,true,1785227709137,LeaderAccept
1785227709081,false,1785227709157,LeaderAccept
1785227709124,false,1785227709201,LeaderAccept
1785227709168,false,1785227709245,LeaderAccept
1785227709213,true,1785227709289,LeaderAccept
1785227709259,true,1785227709317,FastAccept
1785227709306,false,1785227709366,FastAccept
1785227709354,true,1785227709414,FastAccept
1785227709403,false,1785227709463,FastAccept
1785227709453,false,1785227709513,FastAccept
1785227709504,false,1785227709563,FastAccept
1785227709557,false,1785227709617,FastAccept
1785227709612,false,1785227709671,FastAccept
1785227709667,false,1785227709726,FastAccept
1785227709724,false,1785227709783,FastAccept
1785227709783,true,1785227709843,FastAccept
1785227709844,false,1785227709903,FastAccept
1785227709907,true,1785227709966,FastAccept
1785227709973,false,1785227710031,FastAccept
1785227710040,true,1785227710099,FastAccept
1785227710108,true,1785227710167,FastAccept
1785227710180,false,1785227710238,FastAccept
1785227710254,false,1785227710312,FastAccept
1785227710331,false,1785227710398,FastAccept
1785227710411,false,1785227710470,FastAccept
1785227710493,false,1785227710553,FastAccept
1785227710580,true,1785227710639,FastAccept
1785227710669,true,1785227710728,FastAccept
1785227710764,false,1785227710822,FastAccept
1785227710862,true,1785227710921,FastAccept
1785227710967,false,1785227711026,FastAccept
1785227711076,true,1785227711134,FastAccept
1785227711192,false,1785227711250,FastAccept
1785227711313,true,1785227711372,FastAccept
1785227711443,false,1785227711500,FastAccept
1785227711581,false,1785227711640,FastAccept
1785227711730,true,1785227711787,FastAccept
1785227711890,true,1785227711949,FastAccept
1785227712062,true,1785227712121,FastAccept
1785227712250,false,1785227712308,FastAccept
1785227712455,false,1785227712514,FastAccept
1785227712684,true,1785227712743,FastAccept
1785227712940,true,1785227712998,FastAccept
1785227713231,false,1785227713287,FastAccept
1785227713567,false,1785227713625,FastAccept
1785227713964,true,1785227714024,FastAccept
1785227714449,false,1785227714508,FastAccept
1785227715066,true,1785227715126,FastAccept
1785227715906,false,1785227715965,FastAccept
1785227717183,false,1785227717242,FastAccept
1785227719599,false,1785227719656,FastAccept
1785227727683,true,1785227727839,LeaderAccept
1785227727994,false,1785227728107,LeaderAccept
1785227728011,true,1785227728107,LeaderAccept
1785227728027,false,1785227728122,LeaderAccept
1785227728045,false,1785227728195,LeaderAccept
1785227728062,true,1785227728195,LeaderAccept
1785227728079,false,1785227728195,LeaderAccept
1785227728097,false,1785227728245,LeaderAccept
1785227728113,false,1785227728245,LeaderAccept
1785227728130,false,1785227728332,LeaderAccept
1785227728147,false,1785227728245,SlowAccept
1785227728165,true,1785227728278,LeaderAccept
1785227728182,true,1785227728278,SlowAccept
1785227728200,true,1785227728332,LeaderAccept
1785227728217,false,1785227728332,LeaderAccept
1785227728235,false,1785227728386,LeaderAccept
1785227728253,false,1785227728445,LeaderAccept
1785227728272,true,1785227728386,LeaderAccept
1785227728291,true,1785227728386,SlowAccept
1785227728309,false,1785227728445,LeaderAccept
1785227728328,true,1785227728545,LeaderAccept
1785227728348,true,1785227728486,LeaderAccept
1785227728368,true,1785227728486,LeaderAccept
1785227728388,true,1785227728486,SlowAccept
1785227728408,true,1785227728545,LeaderAccept
1785227728427,false,1785227728545,LeaderAccept
1785227728448,false,1785227728606,LeaderAccept
1785227728468,false,1785227728618,LeaderAccept
1785227728489,false,1785227728618,LeaderAccept
1785227728509,true,1785227728618,LeaderAccept
1785227728531,true,1785227728618,LeaderAccept
1785227728552,false,1785227728692,LeaderAccept
1785227728573,false,1785227728692,LeaderAccept
1785227728594,false,1785227728692,LeaderAccept
1785227728616,true,1785227728692,LeaderAccept
1785227728638,true,1785227728805,LeaderAccept
1785227728661,false,1785227728743,LeaderAccept
1785227728683,true,1785227728805,LeaderAccept
1785227728706,true,1785227728805,SlowAccept
1785227728730,false,1785227728873,SlowAccept
1785227728752,true,1785227728873,LeaderAccept
1785227728776,true,1785227728873,LeaderAccept
1785227728800,false,1785227728993,LeaderAccept
1785227728823,false,1785227728943,LeaderAccept
1785227728847,false,1785227728943,SlowAccept
1785227728872,true,1785227728993,LeaderAccept
1785227728896,false,1785227728993,LeaderAccept
1785227728922,true,1785227728993,FastAccept
1785227728947,true,1785227729070,LeaderAccept
1785227728974,true,1785227729070,SlowAccept
1785227729000,true,1785227729148,LeaderAccept
1785227729026,false,1785227729148,LeaderAccept
1785227729052,false,1785227729148,SlowAccept
1785227729080,true,1785227729177,LeaderAccept
1785227729107,true,1785227729204,LeaderAccept
1785227729134,false,1785227729287,SlowAccept
1785227729163,false,1785227729287,LeaderAccept
1785227729191,true,1785227729287,LeaderAccept
1785227729220,true,1785227729376,LeaderAccept
1785227729249,true,1785227729376,LeaderAccept
1785227729280,true,1785227729376,SlowAccept
1785227729311,false,1785227729407,LeaderAccept
1785227729341,true,1785227729437,LeaderAccept
1785227729373,false,1785227729501,LeaderAccept
1785227729405,false,1785227729502,LeaderAccept
1785227729436,true,1785227729532,LeaderAccept
1785227729469,false,1785227729542,LeaderAccept
1785227729501,false,1785227729677,LeaderAccept
1785227729534,false,1785227729599,FastAccept
1785227729568,false,1785227729665,SlowAccept
1785227729603,true,1785227729698,LeaderAccept
1785227729638,false,1785227729734,LeaderAccept
1785227729673,false,1785227729808,LeaderAccept
1785227729709,true,1785227729922,LeaderAccept
1785227729747,false,1785227729843,SlowAccept
1785227729784,true,1785227729882,SlowAccept
1785227729823,false,1785227729922,SlowAccept
1785227729861,true,1785227729957,SlowAccept
1785227729901,true,1785227729999,LeaderAccept
1785227729941,true,1785227730038,LeaderAccept
1785227729982,true,1785227730091,LeaderAccept
1785227730025,true,1785227730122,LeaderAccept
1785227730069,true,1785227730167,LeaderAccept
1785227730112,true,1785227730247,LeaderAccept
1785227730157,true,1785227730253,LeaderAccept
1785227730204,true,1785227730350,LeaderAccept
1785227730252,true,1785227730350,SlowAccept
1785227730301,true,1785227730397,LeaderAccept
1785227730350,false,1785227730446,LeaderAccept
1785227730400,true,1785227730498,LeaderAccept
1785227730452,false,1785227730550,LeaderAccept
1785227730505,false,1785227730640,LeaderAccept
1785227730559,false,1785227730657,LeaderAccept
1785227730616,false,1785227730771,LeaderAccept
1785227730673,false,1785227730771,SlowAccept
1785227730732,false,1785227730830,LeaderAccept
1785227730794,false,1785227730951,LeaderAccept
1785227730856,true,1785227730951,FastAccept
1785227730920,true,1785227730997,LeaderAccept
1785227730988,true,1785227731056,FastAccept
1785227731057,false,1785227731116,FastAccept
1785227731129,false,1785227731187,FastAccept
1785227731202,false,1785227731300,LeaderAccept
1785227731280,true,1785227731337,FastAccept
1785227731359,false,1785227731418,FastAccept
1785227731443,false,1785227731501,FastAccept
1785227731529,false,1785227731589,FastAccept
1785227731620,false,1785227731688,FastAccept
1785227731715,false,1785227731775,FastAccept
1785227731813,true,1785227731872,FastAccept
1785227731918,true,1785227732016,LeaderAccept
1785227732028,false,1785227732087,FastAccept
1785227732144,true,1785227732203,FastAccept
1785227732267,false,1785227732325,FastAccept
1785227732398,true,1785227732456,FastAccept
1785227732536,true,1785227732634,LeaderAccept
1785227732686,true,1785227732746,FastAccept
1785227732845,false,1785227732943,SlowAccept
1785227733018,false,1785227733078,FastAccept
1785227733207,true,1785227733266,FastAccept
1785227733415,true,1785227733473,FastAccept
1785227733645,true,1785227733703,FastAccept
1785227733902,false,1785227733961,FastAccept
1785227734196,false,1785227734256,FastAccept
1785227734535,false,1785227734595,FastAccept
1785227734937,false,1785227734997,FastAccept
1785227735429,true,1785227735488,FastAccept
1785227736057,false,1785227736115,FastAccept
1785227736915,true,1785227736975,FastAccept
1785227738234,true,1785227738294,FastAccept
1785227740784,false,1785227740844,FastAccept
1785227748849,false,1785227748908,FastAccept
1785227748866,true,1785227748924,FastAccept
1785227748883,true,1785227748940,FastAccept
1785227748899,false,1785227748958,FastAccept
1785227748916,false,1785227748975,FastAccept
1785227748934,false,1785227748992,FastAccept
1785227748950,false,1785227749009,FastAccept
1785227748968,true,1785227749027,FastAccept
1785227748986,false,1785227749043,FastAccept
1785227749003,false,1785227749062,FastAccept
1785227749022,false,1785227749155,LeaderAccept
1785227749040,false,1785227749129,SlowAccept
1785227749059,true,1785227749155,SlowAccept
1785227749077,false,1785227749173,LeaderAccept
1785227749096,false,1785227749193,LeaderAccept
1785227749115,false,1785227749211,LeaderAccept
1785227749133,true,1785227749230,LeaderAccept
1785227749152,false,1785227749249,LeaderAccept
1785227749171,true,1785227749267,LeaderAccept
1785227749191,false,1785227749287,LeaderAccept
1785227749211,false,1785227749307,LeaderAccept
1785227749230,false,1785227749324,LeaderAccept
1785227749249,true,1785227749346,LeaderAccept
1785227749270,false,1785227749366,LeaderAccept
1785227749290,false,1785227749386,LeaderAccept
1785227749310,false,1785227749406,LeaderAccept
1785227749331,true,1785227749427,LeaderAccept
1785227749352,false,1785227749450,LeaderAccept
1785227749373,true,1785227749447,LeaderAccept
1785227749394,true,1785227749468,LeaderAccept
1785227749415,false,1785227749490,LeaderAccept
1785227749436,false,1785227749512,LeaderAccept
1785227749458,true,1785227749532,LeaderAccept
1785227749479,false,1785227749564,LeaderAccept
1785227749502,false,1785227749576,LeaderAccept
1785227749524,false,1785227749621,LeaderAccept
1785227749547,false,1785227749644,LeaderAccept
1785227749570,false,1785227749645,LeaderAccept
1785227749594,false,1785227749689,LeaderAccept
1785227749618,false,1785227749713,LeaderAccept
1785227749641,true,1785227749716,LeaderAccept
1785227749665,false,1785227749740,LeaderAccept
1785227749690,false,1785227749786,LeaderAccept
1785227749715,false,1785227749862,LeaderAccept
1785227749739,true,1785227749862,LeaderAccept
1785227749764,true,1785227749862,SlowAccept
1785227749789,true,1785227749886,LeaderAccept
1785227749814,true,1785227749910,LeaderAccept
1785227749841,true,1785227749937,LeaderAccept
1785227749867,true,1785227749964,LeaderAccept
1785227749895,true,1785227749991,LeaderAccept
1785227749922,true,1785227750019,LeaderAccept
1785227749950,true,1785227750048,LeaderAccept
1785227749978,false,1785227750075,LeaderAccept
1785227750007,true,1785227750106,LeaderAccept
1785227750036,false,1785227750133,LeaderAccept
1785227750065,true,1785227750162,LeaderAccept
1785227750094,true,1785227750169,LeaderAccept
1785227750125,false,1785227750220,LeaderAccept
1785227750155,false,1785227750250,LeaderAccept
1785227750185,true,1785227750260,LeaderAccept
1785227750217,false,1785227750312,LeaderAccept
1785227750248,false,1785227750344,LeaderAccept
1785227750280,true,1785227750356,LeaderAccept
1785227750312,false,1785227750386,LeaderAccept
1785227750346,false,1785227750443,LeaderAccept
1785227750379,false,1785227750475,LeaderAccept
1785227750413,true,1785227750508,LeaderAccept
1785227750448,true,1785227750546,LeaderAccept
1785227750483,true,1785227750581,LeaderAccept
1785227750519,true,1785227750617,LeaderAccept
1785227750556,false,1785227750652,LeaderAccept
1785227750594,true,1785227750690,LeaderAccept
1785227750632,true,1785227750729,LeaderAccept
1785227750670,true,1785227750768,LeaderAccept
1785227750710,false,1785227750817,LeaderAccept
1785227750750,false,1785227750847,LeaderAccept
1785227750791,true,1785227750868,LeaderAccept
1785227750832,false,1785227750966,LeaderAccept
1785227750875,true,1785227750972,LeaderAccept
1785227750918,false,1785227750993,LeaderAccept
1785227750963,false,1785227751038,LeaderAccept
1785227751008,false,1785227751067,FastAccept
1785227751054,false,1785227751153,LeaderAccept
1785227751102,true,1785227751199,LeaderAccept
1785227751151,true,1785227751224,LeaderAccept
1785227751200,false,1785227751297,LeaderAccept
1785227751252,true,1785227751348,LeaderAccept
1785227751304,true,1785227751401,LeaderAccept
1785227751358,false,1785227751455,LeaderAccept
1785227751412,false,1785227751509,LeaderAccept
1785227751469,true,1785227751568,LeaderAccept
1785227751527,false,1785227751624,LeaderAccept
1785227751588,true,1785227751685,LeaderAccept
1785227751649,false,1785227751747,LeaderAccept
1785227751713,false,1785227751788,LeaderAccept
1785227751780,true,1785227751877,LeaderAccept
1785227751848,true,1785227751906,FastAccept
1785227751918,true,1785227752014,SlowAccept
1785227751991,true,1785227752050,FastAccept
1785227752067,false,1785227752144,LeaderAccept
1785227752146,true,1785227752215,FastAccept
1785227752228,false,1785227752286,FastAccept
1785227752313,false,1785227752411,LeaderAccept
1785227752402,true,1785227752460,FastAccept
1785227752494,true,1785227752552,FastAccept
1785227752590,false,1785227752689,LeaderAccept
1785227752692,false,1785227752777,SlowAccept
1785227752799,true,1785227752857,FastAccept
1785227752911,false,1785227753008,LeaderAccept
1785227753031,true,1785227753091,FastAccept
1785227753157,false,1785227753215,FastAccept
1785227753291,false,1785227753387,LeaderAccept
1785227753433,false,1785227753531,LeaderAccept
1785227753586,false,1785227753646,FastAccept
1785227753752,false,1785227753850,SlowAccept
1785227753933,true,1785227753992,FastAccept
1785227754130,false,1785227754189,FastAccept
1785227754346,true,1785227754405,FastAccept
1785227754589,false,1785227754648,FastAccept
1785227754861,false,1785227754921,FastAccept
1785227755173,true,1785227755234,FastAccept
1785227755538,false,1785227755597,FastAccept
1785227755977,true,1785227756037,FastAccept
1785227756522,false,1785227756581,FastAccept
1785227757237,true,1785227757295,FastAccept
1785227758259,true,1785227758317,FastAccept
1785227759961,true,1785227760020,FastAccept
1785227763949,true,1785227764007,FastAccept
1785227772177,true,1785227772236,FastAccept
1785227772216,false,1785227772275,FastAccept
1785227772257,false,1785227772315,FastAccept
1785227772297,false,1785227772355,FastAccept
1785227772338,true,1785227772398,FastAccept
1785227772381,false,1785227772439,FastAccept
1785227772425,true,1785227772484,FastAccept
1785227772470,true,1785227772528,FastAccept
1785227772515,true,1785227772574,FastAccept
1785227772562,false,1785227772621,FastAccept
1785227772610,true,1785227772668,FastAccept
1785227772659,false,1785227772719,FastAccept
1785227772709,false,1785227772768,FastAccept
1785227772759,false,1785227772819,FastAccept
1785227772812,false,1785227772870,FastAccept
1785227772865,false,1785227772924,FastAccept
1785227772921,true,1785227772978,FastAccept
1785227772977,false,1785227773036,FastAccept
1785227773036,false,1785227773095,FastAccept
1785227773095,false,1785227773153,FastAccept
1785227773156,false,1785227773215,FastAccept
1785227773219,true,1785227773278,FastAccept
1785227773285,false,1785227773343,FastAccept
1785227773353,false,1785227773412,FastAccept
1785227773423,true,1785227773481,FastAccept
1785227773495,false,1785227773555,FastAccept
1785227773571,true,1785227773629,FastAccept
1785227773648,true,1785227773707,FastAccept
1785227773729,true,1785227773788,FastAccept
1785227773814,true,1785227773872,FastAccept
1785227773901,true,1785227773960,FastAccept
1785227773993,true,1785227774051,FastAccept
1785227774088,false,1785227774149,FastAccept
1785227774189,false,1785227774247,FastAccept
1785227774295,true,1785227774352,FastAccept
1785227774405,false,1785227774464,FastAccept
1785227774523,true,1785227774581,FastAccept
1785227774647,true,1785227774707,FastAccept
1785227774780,false,1785227774839,FastAccept
1785227774922,true,1785227775018,LeaderAccept
1785227775073,false,1785227775169,LeaderAccept
1785227775236,true,1785227775333,LeaderAccept
1785227775414,true,1785227775510,LeaderAccept
1785227775607,false,1785227775704,LeaderAccept
1785227775821,false,1785227775895,LeaderAccept
1785227776058,true,1785227776155,LeaderAccept
1785227776325,false,1785227776422,SlowAccept
1785227776629,true,1785227776726,LeaderAccept
1785227776983,true,1785227777050,FastAccept
1785227777405,true,1785227777502,LeaderAccept
1785227777927,false,1785227777986,FastAccept
1785227778603,true,1785227778660,FastAccept
1785227779551,true,1785227779610,FastAccept
1785227781072,true,1785227781169,LeaderAccept
1785227784328,true,1785227784388,FastAccept
1785227800900,false,1785227800958,FastAccept
1785227815552,false,1785227815620,FastAccept
1785227815589,false,1785227815686,LeaderAccept
1785227815628,false,1785227815760,LeaderAccept
1785227815668,true,1785227815765,LeaderAccept
1785227815708,true,1785227815803,LeaderAccept
1785227815748,false,1785227815886,LeaderAccept
1785227815790,true,1785227815886,SlowAccept
1785227815832,false,1785227816016,LeaderAccept
1785227815876,false,1785227816016,SlowAccept
1785227815920,false,1785227816016,LeaderAccept
1785227815966,true,1785227816063,LeaderAccept
1785227816012,false,1785227816087,LeaderAccept
1785227816059,true,1785227816204,LeaderAccept
1785227816107,false,1785227816205,LeaderAccept
1785227816158,false,1785227816303,SlowAccept
1785227816208,false,1785227816304,LeaderAccept
1785227816260,false,1785227816358,LeaderAccept
1785227816314,true,1785227816466,LeaderAccept
1785227816368,false,1785227816466,SlowAccept
1785227816424,true,1785227816581,SlowAccept
1785227816483,false,1785227816639,LeaderAccept
1785227816543,false,1785227816639,SlowAccept
1785227816605,true,1785227816704,LeaderAccept
1785227816668,false,1785227816861,LeaderAccept
1785227816733,true,1785227816826,FastAccept
1785227816800,true,1785227816861,FastAccept
1785227816870,false,1785227816929,FastAccept
1785227816943,true,1785227817041,LeaderAccept
1785227817017,false,1785227817077,FastAccept
1785227817095,false,1785227817154,FastAccept
1785227817176,true,1785227817274,SlowAccept
1785227817260,true,1785227817318,FastAccept
1785227817347,true,1785227817406,FastAccept
1785227817438,true,1785227817498,FastAccept
1785227817535,false,1785227817630,LeaderAccept
1785227817635,true,1785227817703,FastAccept
1785227817741,false,1785227817799,FastAccept
1785227817852,false,1785227817910,FastAccept
1785227817969,true,1785227818066,LeaderAccept
1785227818093,false,1785227818152,FastAccept
1785227818226,false,1785227818286,FastAccept
1785227818368,false,1785227818465,LeaderAccept
1785227818519,true,1785227818578,FastAccept
1785227818681,true,1785227818741,FastAccept
1785227818859,true,1785227818918,FastAccept
1785227819051,true,1785227819111,FastAccept
1785227819263,true,1785227819321,FastAccept
1785227819499,true,1785227819559,FastAccept
1785227819766,false,1785227819862,LeaderAccept
1785227820068,false,1785227820167,LeaderAccept
1785227820421,true,1785227820480,FastAccept
1785227820842,true,1785227820901,FastAccept
1785227821361,true,1785227821419,FastAccept
1785227822033,false,1785227822092,FastAccept
1785227822972,false,1785227823032,FastAccept
1785227824475,true,1785227824533,FastAccept
1785227827657,false,1785227827716,FastAccept
1785227831949,true,1785227832083,LeaderAccept
1785227831971,true,1785227832064,SlowAccept
1785227831995,false,1785227832083,LeaderAccept
1785227832018,true,1785227832092,LeaderAccept
1785227832041,false,1785227832115,LeaderAccept
1785227832065,true,1785227832162,LeaderAccept
1785227832090,true,1785227832185,LeaderAccept
1785227832114,false,1785227832211,LeaderAccept
1785227832139,true,1785227832211,LeaderAccept
1785227832164,true,1785227832285,LeaderAccept
1785227832188,true,1785227832314,LeaderAccept
1785227832214,true,1785227832379,LeaderAccept
1785227832239,false,1785227832379,LeaderAccept
1785227832266,false,1785227832379,LeaderAccept
1785227832292,false,1785227832480,LeaderAccept
1785227832319,true,1785227832497,LeaderAccept
1785227832346,true,1785227832533,SlowAccept
1785227832374,true,1785227832497,LeaderAccept
1785227832401,true,1785227832561,LeaderAccept
1785227832430,false,1785227832573,LeaderAccept
1785227832458,false,1785227832555,SlowAccept
1785227832487,true,1785227832621,LeaderAccept
1785227832517,true,1785227832621,LeaderAccept
1785227832547,true,1785227832621,LeaderAccept
1785227832578,true,1785227832663,LeaderAccept
1785227832609,true,1785227832727,LeaderAccept
1785227832641,true,1785227832769,LeaderAccept
1785227832672,true,1785227832846,LeaderAccept
1785227832705,false,1785227832813,LeaderAccept
1785227832737,false,1785227832900,LeaderAccept
1785227832771,false,1785227832973,LeaderAccept
1785227832804,false,1785227832905,LeaderAccept
1785227832839,true,1785227832973,LeaderAccept
1785227832874,false,1785227832973,LeaderAccept
1785227832909,false,1785227833002,LeaderAccept
1785227832946,true,1785227833060,LeaderAccept
1785227832982,false,1785227833060,LeaderAccept
1785227833019,false,1785227833142,LeaderAccept
1785227833057,false,1785227833160,LeaderAccept
1785227833097,false,1785227833200,LeaderAccept
1785227833136,false,1785227833252,LeaderAccept
1785227833176,false,1785227833322,LeaderAccept
1785227833217,true,1785227833320,LeaderAccept
1785227833258,true,1785227833352,LeaderAccept
1785227833302,true,1785227833393,LeaderAccept
1785227833345,false,1785227833479,SlowAccept
1785227833391,true,1785227833479,LeaderAccept
1785227833436,false,1785227833511,LeaderAccept
1785227833482,false,1785227833607,LeaderAccept
1785227833531,true,1785227833607,LeaderAccept
1785227833580,true,1785227833696,LeaderAccept
1785227833630,false,1785227833743,LeaderAccept
1785227833680,false,1785227833755,LeaderAccept
1785227833733,false,1785227833828,LeaderAccept
1785227833787,false,1785227833993,LeaderAccept
1785227833842,false,1785227833938,SlowAccept
1785227833899,true,1785227833993,LeaderAccept
1785227833956,true,1785227834032,LeaderAccept
1785227834016,false,1785227834157,LeaderAccept
1785227834077,false,1785227834175,LeaderAccept
1785227834142,true,1785227834216,LeaderAccept
1785227834208,false,1785227834302,LeaderAccept
1785227834275,false,1785227834371,LeaderAccept
1785227834346,false,1785227834452,LeaderAccept
1785227834418,true,1785227834515,LeaderAccept
1785227834494,false,1785227834591,LeaderAccept
1785227834572,false,1785227834663,FastAccept
1785227834653,true,1785227834733,LeaderAccept
1785227834738,false,1785227834824,LeaderAccept
1785227834826,true,1785227834908,SlowAccept
1785227834918,true,1785227834992,LeaderAccept
1785227835014,true,1785227835112,SlowAccept
1785227835115,true,1785227835213,LeaderAccept
1785227835222,true,1785227835318,LeaderAccept
1785227835334,false,1785227835407,LeaderAccept
1785227835453,false,1785227835549,LeaderAccept
1785227835578,false,1785227835637,FastAccept
1785227835713,false,1785227835771,FastAccept
1785227835856,false,1785227835973,LeaderAccept
1785227836009,true,1785227836068,FastAccept
1785227836175,true,1785227836263,LeaderAccept
1785227836354,false,1785227836452,SlowAccept
1785227836551,true,1785227836610,FastAccept
1785227836768,true,1785227836867,LeaderAccept
1785227837008,true,1785227837068,FastAccept
1785227837281,false,1785227837338,FastAccept
1785227837593,true,1785227837652,FastAccept
1785227837957,false,1785227838016,FastAccept
1785227838393,true,1785227838490,LeaderAccept
1785227838935,true,1785227838994,FastAccept
1785227839646,false,1785227839703,FastAccept
1785227840660,true,1785227840757,LeaderAccept
1785227842142,true,1785227842218,LeaderAccept
1785227842158,true,1785227842252,LeaderAccept
1785227842173,true,1785227842248,LeaderAccept
1785227842188,true,1785227842262,LeaderAccept
1785227842203,true,1785227842298,LeaderAccept
1785227842218,false,1785227842314,LeaderAccept
1785227842234,false,1785227842307,LeaderAccept
1785227842249,false,1785227842325,LeaderAccept
1785227842265,false,1785227842363,LeaderAccept
1785227842281,true,1785227842355,LeaderAccept
1785227842297,true,1785227842373,LeaderAccept
1785227842314,false,1785227842388,LeaderAccept
1785227842330,true,1785227842403,LeaderAccept
1785227842346,false,1785227842422,LeaderAccept
1785227842362,true,1785227842458,LeaderAccept
1785227842378,false,1785227842455,LeaderAccept
1785227842394,false,1785227842470,LeaderAccept
1785227842412,true,1785227842508,LeaderAccept
1785227842428,true,1785227842500,LeaderAccept
1785227842445,false,1785227842520,LeaderAccept
1785227842462,true,1785227842559,LeaderAccept
1785227842479,true,1785227842554,LeaderAccept
1785227842496,true,1785227842572,LeaderAccept
1785227842513,false,1785227842609,LeaderAccept
1785227842530,true,1785227842603,LeaderAccept
1785227842547,false,1785227842622,LeaderAccept
1785227842566,true,1785227842660,LeaderAccept
1785227842584,false,1785227842679,LeaderAccept
1785227842603,true,1785227842677,LeaderAccept
1785227842622,false,1785227842718,LeaderAccept
1785227842641,false,1785227842735,LeaderAccept
1785227842659,true,1785227842733,LeaderAccept
1785227842679,true,1785227842778,LeaderAccept
1785227842698,false,1785227842795,LeaderAccept
1785227842717,true,1785227842791,LeaderAccept
1785227842736,false,1785227842833,LeaderAccept
1785227842757,false,1785227842853,LeaderAccept
1785227842776,true,1785227842875,LeaderAccept
1785227842796,true,1785227842871,LeaderAccept
1785227842817,true,1785227842913,LeaderAccept
1785227842837,true,1785227842913,LeaderAccept
1785227842858,true,1785227842934,LeaderAccept
1785227842879,false,1785227842975,LeaderAccept
1785227842899,true,1785227842975,LeaderAccept
1785227842921,false,1785227842995,LeaderAccept
1785227842943,true,1785227843017,LeaderAccept
1785227842964,false,1785227843038,LeaderAccept
1785227842986,true,1785227843061,LeaderAccept
1785227843008,false,1785227843085,LeaderAccept
1785227843031,false,1785227843124,LeaderAccept
1785227843054,false,1785227843140,LeaderAccept
1785227843076,false,1785227843172,LeaderAccept
1785227843100,true,1785227843198,LeaderAccept
1785227843124,false,1785227843221,LeaderAccept
1785227843147,true,1785227843221,LeaderAccept
1785227843172,true,1785227843246,LeaderAccept
1785227843196,false,1785227843293,LeaderAccept
1785227843220,true,1785227843318,LeaderAccept
1785227843245,false,1785227843321,LeaderAccept
1785227843270,true,1785227843346,LeaderAccept
1785227843296,false,1785227843391,LeaderAccept
1785227843321,true,1785227843395,LeaderAccept
1785227843347,true,1785227843442,LeaderAccept
1785227843373,false,1785227843469,LeaderAccept
1785227843401,true,1785227843474,LeaderAccept
1785227843428,false,1785227843522,LeaderAccept
1785227843455,false,1785227843551,LeaderAccept
1785227843483,true,1785227843580,LeaderAccept
1785227843511,false,1785227843586,LeaderAccept
1785227843540,false,1785227843636,LeaderAccept
1785227843569,false,1785227843665,LeaderAccept
1785227843597,true,1785227843674,LeaderAccept
1785227843626,false,1785227843723,LeaderAccept
1785227843657,true,1785227843753,LeaderAccept
1785227843687,false,1785227843782,LeaderAccept
1785227843718,false,1785227843815,LeaderAccept
1785227843749,true,1785227843846,LeaderAccept
1785227843782,false,1785227843857,LeaderAccept
1785227843813,true,1785227843889,LeaderAccept
1785227843846,true,1785227843941,LeaderAccept
1785227843879,true,1785227843954,LeaderAccept
1785227843913,false,1785227844009,LeaderAccept
1785227843947,true,1785227844059,LeaderAccept
1785227843982,true,1785227844059,LeaderAccept
1785227844019,false,1785227844115,LeaderAccept
1785227844055,true,1785227844151,LeaderAccept
1785227844092,true,1785227844167,LeaderAccept
1785227844129,true,1785227844203,LeaderAccept
1785227844167,true,1785227844264,LeaderAccept
1785227844205,true,1785227844300,LeaderAccept
1785227844244,true,1785227844339,LeaderAccept
1785227844285,false,1785227844380,LeaderAccept
1785227844327,true,1785227844401,LeaderAccept
1785227844369,true,1785227844444,LeaderAccept
1785227844412,true,1785227844489,LeaderAccept
1785227844456,false,1785227844533,LeaderAccept
1785227844501,true,1785227844578,LeaderAccept
1785227844548,false,1785227844670,LeaderAccept
1785227844594,false,1785227844740,LeaderAccept
1785227844642,true,1785227844787,LeaderAccept
1785227844691,true,1785227844838,LeaderAccept
1785227844741,true,1785227844838,SlowAccept
1785227844792,false,1785227844906,LeaderAccept
1785227844845,true,1785227844920,LeaderAccept
1785227844899,true,1785227844994,LeaderAccept
1785227844955,true,1785227845167,LeaderAccept
1785227845013,true,1785227845110,SlowAccept
1785227845072,true,1785227845167,LeaderAccept
1785227845133,false,1785227845264,LeaderAccept
1785227845196,true,1785227845294,LeaderAccept
1785227845260,false,1785227845336,LeaderAccept
1785227845327,false,1785227845424,SlowAccept
1785227845395,false,1785227845470,LeaderAccept
1785227845466,true,1785227845599,LeaderAccept
1785227845540,true,1785227845640,LeaderAccept
1785227845617,true,1785227845755,LeaderAccept
1785227845697,true,1785227845794,LeaderAccept
1785227845779,true,1785227845854,LeaderAccept
1785227845866,true,1785227846006,LeaderAccept
1785227845955,false,1785227846143,SlowAccept
1785227846048,true,1785227846143,LeaderAccept
1785227846147,false,1785227846206,FastAccept
1785227846250,false,1785227846347,LeaderAccept
1785227846359,true,1785227846418,FastAccept
1785227846474,true,1785227846541,FastAccept
1785227846596,true,1785227846655,FastAccept
1785227846724,false,1785227846782,FastAccept
1785227846862,true,1785227846958,LeaderAccept
1785227847009,true,1785227847110,LeaderAccept
1785227847167,false,1785227847245,LeaderAccept
1785227847338,true,1785227847434,SlowAccept
1785227847523,false,1785227847661,LeaderAccept
1785227847727,true,1785227847827,LeaderAccept
1785227847953,false,1785227848012,FastAccept
1785227848206,false,1785227848303,LeaderAccept
1785227848493,false,1785227848569,LeaderAccept
1785227848824,false,1785227848891,FastAccept
1785227849213,true,1785227849273,FastAccept
1785227849686,false,1785227849746,FastAccept
1785227850286,false,1785227850353,FastAccept
1785227851094,true,1785227851152,FastAccept
1785227852303,false,1785227852362,FastAccept
1785227854515,false,1785227854574,FastAccept
1785227860084,true,1785227860141,FastAccept
1785227860110,false,1785227860169,FastAccept
1785227860138,true,1785227860195,FastAccept
1785227860166,false,1785227860224,FastAccept
1785227860194,true,1785227860252,FastAccept
1785227860222,false,1785227860280,FastAccept
1785227860252,true,1785227860310,FastAccept
1785227860281,true,1785227860340,FastAccept
1785227860311,false,1785227860369,FastAccept
1785227860340,false,1785227860398,FastAccept
1785227860370,true,1785227860430,FastAccept
1785227860402,false,1785227860460,FastAccept
1785227860434,true,1785227860491,FastAccept
1785227860465,true,1785227860525,FastAccept
1785227860498,true,1785227860605,LeaderAccept
1785227860530,false,1785227860614,LeaderAccept
1785227860563,false,1785227860636,LeaderAccept
1785227860598,false,1785227860671,LeaderAccept
1785227860633,true,1785227860708,LeaderAccept
1785227860667,true,1785227860762,LeaderAccept
1785227860702,false,1785227860798,LeaderAccept
1785227860739,true,1785227860813,LeaderAccept
1785227860775,true,1785227860872,LeaderAccept
1785227860813,false,1785227860886,LeaderAccept
1785227860850,true,1785227860923,LeaderAccept
1785227860888,false,1785227860962,LeaderAccept
1785227860927,true,1785227861002,LeaderAccept
1785227860968,false,1785227861043,LeaderAccept
1785227861008,true,1785227861105,LeaderAccept
1785227861051,false,1785227861125,LeaderAccept
1785227861094,true,1785227861168,LeaderAccept
1785227861138,true,1785227861212,LeaderAccept
1785227861182,false,1785227861279,LeaderAccept
1785227861228,false,1785227861302,LeaderAccept
1785227861274,false,1785227861350,LeaderAccept
1785227861323,false,1785227861419,LeaderAccept
1785227861371,false,1785227861469,LeaderAccept
1785227861422,true,1785227861495,LeaderAccept
1785227861473,true,1785227861569,LeaderAccept
1785227861526,false,1785227861623,LeaderAccept
1785227861579,true,1785227861675,LeaderAccept
1785227861634,true,1785227861708,LeaderAccept
1785227861690,true,1785227861787,LeaderAccept
1785227861749,true,1785227861844,LeaderAccept
1785227861809,true,1785227861883,LeaderAccept
1785227861871,false,1785227861966,SlowAccept
1785227861934,true,1785227862009,LeaderAccept
1785227862000,true,1785227862075,LeaderAccept
1785227862069,true,1785227862152,LeaderAccept
1785227862140,false,1785227862237,SlowAccept
1785227862212,true,1785227862310,LeaderAccept
1785227862287,false,1785227862362,LeaderAccept
1785227862366,false,1785227862463,LeaderAccept
1785227862447,false,1785227862544,SlowAccept
1785227862532,false,1785227862608,LeaderAccept
1785227862621,false,1785227862695,LeaderAccept
1785227862714,true,1785227862809,LeaderAccept
1785227862811,true,1785227862909,SlowAccept
1785227862913,true,1785227862971,FastAccept
1785227863020,false,1785227863119,LeaderAccept
1785227863132,false,1785227863229,LeaderAccept
1785227863252,false,1785227863310,FastAccept
1785227863378,false,1785227863437,FastAccept
1785227863513,false,1785227863572,FastAccept
1785227863656,true,1785227863715,FastAccept
1785227863810,true,1785227863901,LeaderAccept
1785227863977,true,1785227864035,FastAccept
1785227864158,false,1785227864218,FastAccept
1785227864357,false,1785227864415,FastAccept
1785227864575,false,1785227864635,FastAccept
1785227864820,false,1785227864879,FastAccept
1785227865096,true,1785227865155,FastAccept
1785227865412,false,1785227865472,FastAccept
1785227865782,true,1785227865840,FastAccept
1785227866226,false,1785227866285,FastAccept
1785227866781,true,1785227866839,FastAccept
1785227867513,true,1785227867572,FastAccept
1785227868566,true,1785227868626,FastAccept
1785227870351,true,1785227870408,FastAccept
1785227874703,false,1785227874763,FastAccept
1785227899879,true,1785227899994,LeaderAccept
1785227899899,true,1785227900056,LeaderAccept
1785227899919,true,1785227900076,LeaderAccept
1785227899938,false,1785227900117,LeaderAccept
1785227899959,false,1785227900175,LeaderAccept
1785227899979,true,1785227900076,SlowAccept
1785227900000,false,1785227900117,LeaderAccept
1785227900020,false,1785227900175,LeaderAccept
1785227900040,true,1785227900197,LeaderAccept
1785227900061,false,1785227900233,LeaderAccept
1785227900081,false,1785227900209,LeaderAccept
1785227900102,false,1785227900197,SlowAccept
1785227900123,false,1785227900233,LeaderAccept
1785227900145,true,1785227900233,LeaderAccept
1785227900166,true,1785227900309,LeaderAccept
1785227900189,false,1785227900309,LeaderAccept
1785227900211,true,1785227900369,LeaderAccept
1785227900233,false,1785227900369,LeaderAccept
1785227900255,false,1785227900369,LeaderAccept
1785227900279,false,1785227900422,LeaderAccept
1785227900301,false,1785227900493,LeaderAccept
1785227900325,false,1785227900422,SlowAccept
1785227900348,true,1785227900447,SlowAccept
1785227900373,false,1785227900493,LeaderAccept
1785227900396,true,1785227900493,SlowAccept
1785227900420,true,1785227900496,LeaderAccept
1785227900446,false,1785227900592,SlowAccept
1785227900471,true,1785227900568,SlowAccept
1785227900496,true,1785227900643,LeaderAccept
1785227900521,false,1785227900725,LeaderAccept
1785227900547,true,1785227900671,LeaderAccept
1785227900574,false,1785227900671,SlowAccept
1785227900600,false,1785227900753,SlowAccept
1785227900628,true,1785227900725,SlowAccept
1785227900656,false,1785227900810,LeaderAccept
1785227900683,false,1785227900928,LeaderAccept
1785227900712,true,1785227900837,LeaderAccept
1785227900741,true,1785227900837,SlowAccept
1785227900769,true,1785227900928,SlowAccept
1785227900799,false,1785227900894,SlowAccept
1785227900828,true,1785227901016,LeaderAccept
1785227900859,true,1785227901017,LeaderAccept
1785227900890,false,1785227901016,LeaderAccept
1785227900921,false,1785227901016,SlowAccept
1785227900953,false,1785227901028,LeaderAccept
1785227900984,false,1785227901148,LeaderAccept
1785227901016,false,1785227901113,SlowAccept
1785227901050,true,1785227901273,LeaderAccept
1785227901084,true,1785227901183,SlowAccept
1785227901118,false,1785227901215,SlowAccept
1785227901153,true,1785227901273,LeaderAccept
1785227901188,false,1785227901284,LeaderAccept
1785227901223,true,1785227901379,LeaderAccept
1785227901259,false,1785227901379,LeaderAccept
1785227901296,false,1785227901393,LeaderAccept
1785227901333,false,1785227901491,LeaderAccept
1785227901372,false,1785227901491,LeaderAccept
1785227901411,true,1785227901590,LeaderAccept
1785227901452,false,1785227901590,LeaderAccept
1785227901492,false,1785227901590,SlowAccept
1785227901533,false,1785227901717,LeaderAccept
1785227901576,true,1785227901717,LeaderAccept
1785227901620,true,1785227901717,SlowAccept
1785227901663,true,1785227901853,LeaderAccept
1785227901709,false,1785227901853,LeaderAccept
1785227901754,false,1785227901853,LeaderAccept
1785227901801,true,1785227901946,LeaderAccept
1785227901850,false,1785227901946,LeaderAccept
1785227901899,true,1785227901996,LeaderAccept
1785227901950,true,1785227902096,LeaderAccept
1785227902001,false,1785227902097,LeaderAccept
1785227902055,true,1785227902154,LeaderAccept
1785227902109,true,1785227902237,LeaderAccept
1785227902165,false,1785227902263,LeaderAccept
1785227902222,true,1785227902319,LeaderAccept
1785227902282,true,1785227902406,LeaderAccept
1785227902343,true,1785227902497,LeaderAccept
1785227902406,false,1785227902497,FastAccept
1785227902471,false,1785227902567,LeaderAccept
1785227902538,true,1785227902596,FastAccept
1785227902607,true,1785227902705,LeaderAccept
1785227902678,false,1785227902775,LeaderAccept
1785227902753,true,1785227902810,FastAccept
1785227902830,false,1785227902960,LeaderAccept
1785227902909,false,1785227903022,LeaderAccept
1785227902992,true,1785227903103,LeaderAccept
1785227903078,false,1785227903184,LeaderAccept
1785227903169,true,1785227903253,LeaderAccept
1785227903263,false,1785227903378,LeaderAccept
1785227903363,true,1785227903541,LeaderAccept
1785227903466,true,1785227903572,LeaderAccept
1785227903575,false,1785227903703,LeaderAccept
1785227903691,true,1785227903786,LeaderAccept
1785227903813,true,1785227903953,LeaderAccept
1785227903943,true,1785227904059,LeaderAccept
1785227904081,true,1785227904185,LeaderAccept
1785227904229,false,1785227904328,LeaderAccept
1785227904388,true,1785227904521,LeaderAccept
1785227904561,true,1785227904669,LeaderAccept
1785227904749,false,1785227904847,LeaderAccept
1785227904955,false,1785227905061,LeaderAccept
1785227905185,false,1785227905260,LeaderAccept
1785227905442,true,1785227905607,LeaderAccept
1785227905732,true,1785227905834,LeaderAccept
1785227906069,false,1785227906137,FastAccept
1785227906467,false,1785227906564,LeaderAccept
1785227906952,false,1785227907050,LeaderAccept
1785227907570,true,1785227907666,LeaderAccept
1785227908413,true,1785227908482,FastAccept
1785227909696,false,1785227909756,FastAccept
1785227912134,true,1785227912207,LeaderAccept
1785227920373,true,1785227920432,FastAccept
1785227938681,true,1785227938739,FastAccept
1785227938712,false,1785227938772,FastAccept
1785227938745,true,1785227938804,FastAccept
1785227938777,true,1785227938846,FastAccept
1785227938811,true,1785227938909,SlowAccept
1785227938844,false,1785227938933,LeaderAccept
1785227938878,false,1785227938962,LeaderAccept
1785227938913,true,1785227938987,LeaderAccept
1785227938949,false,1785227939023,LeaderAccept
1785227938985,false,1785227939079,LeaderAccept
1785227939022,false,1785227939119,LeaderAccept
1785227939059,true,1785227939154,LeaderAccept
1785227939098,true,1785227939232,LeaderAccept
1785227939137,true,1785227939232,SlowAccept
1785227939177,true,1785227939252,LeaderAccept
1785227939217,true,1785227939293,LeaderAccept
1785227939259,true,1785227939333,LeaderAccept
1785227939302,false,1785227939387,LeaderAccept
1785227939345,false,1785227939420,LeaderAccept
1785227939389,false,1785227939464,LeaderAccept
1785227939433,false,1785227939509,LeaderAccept
1785227939479,false,1785227939592,LeaderAccept
1785227939525,false,1785227939622,LeaderAccept
1785227939572,false,1785227939668,LeaderAccept
1785227939622,true,1785227939718,LeaderAccept
1785227939671,true,1785227939767,LeaderAccept
1785227939722,true,1785227939833,LeaderAccept
1785227939775,true,1785227939849,LeaderAccept
1785227939830,true,1785227939925,LeaderAccept
1785227939886,true,1785227939982,LeaderAccept
1785227939943,true,1785227940039,LeaderAccept
1785227940002,false,1785227940097,LeaderAccept
1785227940063,false,1785227940160,LeaderAccept
1785227940124,true,1785227940221,LeaderAccept
1785227940189,true,1785227940264,LeaderAccept
1785227940255,true,1785227940330,LeaderAccept
1785227940323,false,1785227940419,LeaderAccept
1785227940394,true,1785227940486,LeaderAccept
1785227940467,false,1785227940564,LeaderAccept
1785227940544,true,1785227940642,LeaderAccept
1785227940623,false,1785227940738,LeaderAccept
1785227940706,true,1785227940799,LeaderAccept
1785227940792,false,1785227940904,LeaderAccept
1785227940880,true,1785227941000,LeaderAccept
1785227940973,true,1785227941085,LeaderAccept
1785227941071,true,1785227941183,LeaderAccept
1785227941173,true,1785227941287,LeaderAccept
1785227941281,true,1785227941427,LeaderAccept
1785227941394,true,1785227941525,LeaderAccept
1785227941514,false,1785227941628,LeaderAccept
1785227941642,false,1785227941771,LeaderAccept
1785227941778,true,1785227941865,LeaderAccept
1785227941924,false,1785227942013,LeaderAccept
1785227942081,true,1785227942162,LeaderAccept
1785227942250,true,1785227942341,LeaderAccept
1785227942433,false,1785227942507,FastAccept
1785227942634,true,1785227942733,SlowAccept
1785227942857,true,1785227942963,LeaderAccept
1785227943106,true,1785227943213,LeaderAccept
1785227943386,false,1785227943445,FastAccept
1785227943710,true,1785227943841,LeaderAccept
1785227944089,true,1785227944185,LeaderAccept
1785227944549,false,1785227944645,LeaderAccept
1785227945126,true,1785227945222,SlowAccept
1785227945897,false,1785227945994,SlowAccept
1785227947028,true,1785227947126,SlowAccept
1785227949020,true,1785227949079,FastAccept
1785227953705,false,1785227953764,FastAccept
1785227953727,false,1785227953784,FastAccept
1785227953748,false,1785227953808,FastAccept
1785227953770,false,1785227953838,FastAccept
1785227953793,false,1785227953850,FastAccept
1785227953815,true,1785227953932,LeaderAccept
1785227953838,false,1785227953932,SlowAccept
1785227953861,false,1785227953957,LeaderAccept
1785227953885,true,1785227953979,LeaderAccept
1785227953908,false,1785227953983,LeaderAccept
1785227953932,true,1785227954028,LeaderAccept
1785227953957,false,1785227954052,LeaderAccept
1785227953982,true,1785227954078,LeaderAccept
1785227954007,false,1785227954083,LeaderAccept
1785227954032,true,1785227954130,LeaderAccept
1785227954057,true,1785227954155,LeaderAccept
1785227954084,true,1785227954179,LeaderAccept
1785227954109,true,1785227954206,LeaderAccept
1785227954135,false,1785227954233,LeaderAccept
1785227954162,true,1785227954258,LeaderAccept
1785227954189,false,1785227954285,LeaderAccept
1785227954217,false,1785227954312,LeaderAccept
1785227954245,true,1785227954340,LeaderAccept
1785227954274,false,1785227954372,LeaderAccept
1785227954303,false,1785227954400,LeaderAccept
1785227954331,false,1785227954428,LeaderAccept
1785227954361,true,1785227954459,LeaderAccept
1785227954391,true,1785227954487,LeaderAccept
1785227954422,false,1785227954519,LeaderAccept
1785227954453,false,1785227954547,LeaderAccept
1785227954484,true,1785227954580,LeaderAccept
1785227954516,false,1785227954609,LeaderAccept
1785227954547,true,1785227954621,LeaderAccept
1785227954580,true,1785227954656,LeaderAccept
1785227954613,true,1785227954708,LeaderAccept
1785227954648,true,1785227954744,LeaderAccept
1785227954681,false,1785227954778,LeaderAccept
1785227954716,true,1785227954812,LeaderAccept
1785227954751,false,1785227954850,LeaderAccept
1785227954788,true,1785227954885,LeaderAccept
1785227954825,false,1785227954922,LeaderAccept
1785227954863,false,1785227954960,LeaderAccept
1785227954901,false,1785227954997,LeaderAccept
1785227954939,true,1785227955037,LeaderAccept
1785227954979,true,1785227955075,LeaderAccept
1785227955020,true,1785227955095,LeaderAccept
1785227955060,false,1785227955159,LeaderAccept
1785227955102,false,1785227955199,LeaderAccept
1785227955145,true,1785227955221,LeaderAccept
1785227955188,false,1785227955265,LeaderAccept
1785227955233,false,1785227955307,LeaderAccept
1785227955278,true,1785227955336,FastAccept
1785227955325,false,1785227955383,FastAccept
1785227955373,true,1785227955432,FastAccept
1785227955422,false,1785227955481,FastAccept
1785227955471,false,1785227955530,FastAccept
1785227955522,false,1785227955580,FastAccept
1785227955575,false,1785227955632,FastAccept
1785227955629,false,1785227955687,FastAccept
1785227955685,true,1785227955743,FastAccept
1785227955741,true,1785227955800,FastAccept
1785227955800,false,1785227955858,FastAccept
1785227955860,true,1785227955918,FastAccept
1785227955921,false,1785227955979,FastAccept
1785227955984,false,1785227956044,FastAccept
1785227956049,false,1785227956108,FastAccept
1785227956118,false,1785227956177,FastAccept
1785227956188,false,1785227956246,FastAccept
1785227956260,false,1785227956319,FastAccept
1785227956335,false,1785227956395,FastAccept
1785227956413,false,1785227956473,FastAccept
1785227956495,false,1785227956553,FastAccept
1785227956580,true,1785227956639,FastAccept
1785227956668,false,1785227956725,FastAccept
1785227956760,false,1785227956818,FastAccept
1785227956856,false,1785227956915,FastAccept
1785227956956,true,1785227957016,FastAccept
1785227957063,false,1785227957122,FastAccept
1785227957174,false,1785227957234,FastAccept
1785227957293,false,1785227957352,FastAccept
1785227957419,true,1785227957477,FastAccept
1785227957553,true,1785227957611,FastAccept
1785227957696,true,1785227957755,FastAccept
1785227957848,true,1785227957908,FastAccept
1785227958014,false,1785227958073,FastAccept
1785227958193,true,1785227958253,FastAccept
1785227958390,true,1785227958448,FastAccept
1785227958607,true,1785227958666,FastAccept
1785227958848,false,1785227958907,FastAccept
1785227959119,false,1785227959177,FastAccept
1785227959431,false,1785227959529,LeaderAccept
1785227959793,false,1785227959891,SlowAccept
1785227960229,false,1785227960307,LeaderAccept
1785227960769,true,1785227960865,LeaderAccept
1785227961477,true,1785227961537,FastAccept
1785227962486,false,1785227962572,SlowAccept
1785227964154,true,1785227964214,FastAccept
1785227967994,false,1785227968053,FastAccept
1785227982729,false,1785227982846,LeaderAccept
1785227982748,false,1785227982846,SlowAccept
1785227982765,true,1785227982861,LeaderAccept
1785227982783,false,1785227982878,LeaderAccept
1785227982802,false,1785227982898,LeaderAccept
1785227982820,false,1785227982896,LeaderAccept
1785227982838,false,1785227982936,LeaderAccept
1785227982858,false,1785227982955,LeaderAccept
1785227982876,true,1785227982974,LeaderAccept
1785227982895,false,1785227982993,LeaderAccept
1785227982914,true,1785227983012,LeaderAccept
1785227982933,true,1785227983029,LeaderAccept
1785227982952,false,1785227983048,LeaderAccept
1785227982972,true,1785227983069,LeaderAccept
1785227982992,true,1785227983091,LeaderAccept
1785227983012,true,1785227983110,LeaderAccept
1785227983032,false,1785227983128,LeaderAccept
1785227983052,true,1785227983150,LeaderAccept
1785227983073,false,1785227983171,LeaderAccept
1785227983094,false,1785227983171,LeaderAccept
1785227983116,true,1785227983189,LeaderAccept
1785227983137,true,1785227983213,LeaderAccept
1785227983159,true,1785227983234,LeaderAccept
1785227983180,true,1785227983254,LeaderAccept
1785227983203,true,1785227983277,LeaderAccept
1785227983225,false,1785227983299,LeaderAccept
1785227983247,true,1785227983323,LeaderAccept
1785227983269,true,1785227983342,LeaderAccept
1785227983292,true,1785227983389,LeaderAccept
1785227983316,true,1785227983413,LeaderAccept
1785227983339,false,1785227983435,LeaderAccept
1785227983363,false,1785227983462,LeaderAccept
1785227983387,false,1785227983462,LeaderAccept
1785227983412,false,1785227983509,LeaderAccept
1785227983436,true,1785227983533,LeaderAccept
1785227983461,false,1785227983559,LeaderAccept
1785227983486,true,1785227983581,LeaderAccept
1785227983512,true,1785227983609,LeaderAccept
1785227983538,true,1785227983634,LeaderAccept
1785227983563,false,1785227983662,LeaderAccept
1785227983590,false,1785227983685,LeaderAccept
1785227983616,false,1785227983713,LeaderAccept
1785227983644,false,1785227983742,LeaderAccept
1785227983671,false,1785227983768,LeaderAccept
1785227983699,false,1785227983796,LeaderAccept
1785227983728,false,1785227983823,LeaderAccept
1785227983756,false,1785227983854,LeaderAccept
1785227983786,true,1785227983880,LeaderAccept
1785227983816,true,1785227983911,LeaderAccept
1785227983846,true,1785227983940,LeaderAccept
1785227983876,true,1785227983971,LeaderAccept
1785227983907,true,1785227984003,LeaderAccept
1785227983938,false,1785227984034,LeaderAccept
1785227983971,false,1785227984045,LeaderAccept
1785227984003,false,1785227984078,LeaderAccept
1785227984036,true,1785227984142,LeaderAccept
1785227984070,false,1785227984167,LeaderAccept
1785227984103,true,1785227984201,LeaderAccept
1785227984137,false,1785227984236,LeaderAccept
1785227984172,false,1785227984267,LeaderAccept
1785227984207,false,1785227984303,LeaderAccept
1785227984243,true,1785227984337,LeaderAccept
1785227984279,true,1785227984377,LeaderAccept
1785227984316,true,1785227984415,LeaderAccept
1785227984354,true,1785227984452,LeaderAccept
1785227984392,false,1785227984490,LeaderAccept
1785227984432,false,1785227984530,LeaderAccept
1785227984472,false,1785227984569,LeaderAccept
1785227984514,true,1785227984587,LeaderAccept
1785227984556,false,1785227984631,LeaderAccept
1785227984599,true,1785227984674,LeaderAccept
1785227984642,false,1785227984718,LeaderAccept
1785227984687,false,1785227984762,LeaderAccept
1785227984732,false,1785227984791,FastAccept
1785227984780,true,1785227984839,FastAccept
1785227984829,true,1785227984887,FastAccept
1785227984877,true,1785227984936,FastAccept
1785227984927,false,1785227984987,FastAccept
1785227984978,false,1785227985038,FastAccept
1785227985031,false,1785227985091,FastAccept
1785227985085,true,1785227985144,FastAccept
1785227985141,false,1785227985200,FastAccept
1785227985199,false,1785227985258,FastAccept
1785227985257,true,1785227985316,FastAccept
1785227985317,false,1785227985376,FastAccept
1785227985379,true,1785227985439,FastAccept
1785227985444,true,1785227985502,FastAccept
1785227985511,true,1785227985570,FastAccept
1785227985579,true,1785227985638,FastAccept
1785227985650,true,1785227985709,FastAccept
1785227985724,false,1785227985783,FastAccept
1785227985799,false,1785227985859,FastAccept
1785227985878,false,1785227985937,FastAccept
1785227985961,true,1785227986019,FastAccept
1785227986047,true,1785227986106,FastAccept
1785227986135,true,1785227986195,FastAccept
1785227986229,false,1785227986287,FastAccept
1785227986327,true,1785227986384,FastAccept
1785227986430,true,1785227986489,FastAccept
1785227986538,false,1785227986596,FastAccept
1785227986651,false,1785227986711,FastAccept
1785227986772,true,1785227986831,FastAccept
1785227986900,false,1785227986959,FastAccept
1785227987036,true,1785227987095,FastAccept
1785227987181,true,1785227987240,FastAccept
1785227987338,false,1785227987396,FastAccept
1785227987507,true,1785227987565,FastAccept
1785227987691,true,1785227987748,FastAccept
1785227987893,true,1785227987950,FastAccept
1785227988116,true,1785227988175,FastAccept
1785227988364,false,1785227988423,FastAccept
1785227988646,true,1785227988705,FastAccept
1785227988969,true,1785227989027,FastAccept
1785227989350,false,1785227989408,FastAccept
1785227989810,false,1785227989868,FastAccept
1785227990389,false,1785227990446,FastAccept
1785227991161,true,1785227991221,FastAccept
1785227992297,true,1785227992355,FastAccept
1785227994301,true,1785227994360,FastAccept
1785227999753,false,1785227999812,FastAccept
1785228030934,false,1785228030991,FastAccept
1785228030957,true,1785228031016,FastAccept
1785228030981,false,1785228031040,FastAccept
1785228031004,false,1785228031102,LeaderAccept
1785228031029,false,1785228031125,LeaderAccept
1785228031054,false,1785228031150,LeaderAccept
1785228031078,true,1785228031176,LeaderAccept
1785228031104,true,1785228031200,LeaderAccept
1785228031129,true,1785228031228,LeaderAccept
1785228031155,false,1785228031251,LeaderAccept
1785228031181,false,1785228031277,LeaderAccept
1785228031208,true,1785228031306,LeaderAccept
1785228031235,false,1785228031330,LeaderAccept
1785228031262,true,1785228031358,LeaderAccept
1785228031290,false,1785228031387,LeaderAccept
1785228031318,true,1785228031414,LeaderAccept
1785228031346,true,1785228031442,LeaderAccept
1785228031374,false,1785228031471,LeaderAccept
1785228031403,true,1785228031499,LeaderAccept
1785228031432,true,1785228031530,LeaderAccept
1785228031461,false,1785228031557,LeaderAccept
1785228031492,true,1785228031567,LeaderAccept
1785228031522,true,1785228031619,LeaderAccept
1785228031554,true,1785228031649,LeaderAccept
1785228031586,true,1785228031661,LeaderAccept
1785228031617,true,1785228031693,LeaderAccept
1785228031649,false,1785228031746,LeaderAccept
1785228031681,false,1785228031777,LeaderAccept
1785228031714,true,1785228031790,LeaderAccept
1785228031748,false,1785228031844,LeaderAccept
1785228031782,false,1785228031879,LeaderAccept
1785228031817,false,1785228031917,LeaderAccept
1785228031853,true,1785228031950,LeaderAccept
1785228031890,false,1785228031986,LeaderAccept
1785228031928,false,1785228032026,LeaderAccept
1785228031966,false,1785228032064,LeaderAccept
1785228032004,true,1785228032101,LeaderAccept
1785228032044,true,1785228032139,LeaderAccept
1785228032083,true,1785228032180,LeaderAccept
1785228032124,true,1785228032219,LeaderAccept
1785228032166,true,1785228032263,LeaderAccept
1785228032208,true,1785228032284,LeaderAccept
1785228032252,true,1785228032326,LeaderAccept
1785228032295,false,1785228032372,LeaderAccept
1785228032340,true,1785228032400,FastAccept
1785228032387,true,1785228032445,FastAccept
1785228032435,false,1785228032494,FastAccept
1785228032483,true,1785228032542,FastAccept
1785228032533,true,1785228032593,FastAccept
1785228032584,true,1785228032643,FastAccept
1785228032635,true,1785228032694,FastAccept
1785228032689,false,1785228032788,LeaderAccept
1785228032743,true,1785228032842,LeaderAccept
1785228032799,false,1785228032895,LeaderAccept
1785228032857,true,1785228032953,LeaderAccept
1785228032916,true,1785228033012,LeaderAccept
1785228032977,true,1785228033074,LeaderAccept
1785228033040,true,1785228033138,LeaderAccept
1785228033105,false,1785228033180,LeaderAccept
1785228033172,true,1785228033232,FastAccept
1785228033242,true,1785228033301,FastAccept
1785228033313,true,1785228033371,FastAccept
1785228033387,false,1785228033447,FastAccept
1785228033465,false,1785228033523,FastAccept
1785228033545,false,1785228033644,LeaderAccept
1785228033628,true,1785228033686,FastAccept
1785228033715,false,1785228033774,FastAccept
1785228033805,false,1785228033864,FastAccept
1785228033900,false,1785228033998,SlowAccept
1785228033999,false,1785228034058,FastAccept
1785228034104,true,1785228034164,FastAccept
1785228034214,true,1785228034272,FastAccept
1785228034330,true,1785228034426,LeaderAccept
1785228034453,false,1785228034511,FastAccept
1785228034583,true,1785228034643,FastAccept
1785228034723,false,1785228034781,FastAccept
1785228034872,false,1785228034931,FastAccept
1785228035033,true,1785228035093,FastAccept
1785228035207,true,1785228035266,FastAccept
1785228035397,false,1785228035455,FastAccept
1785228035606,false,1785228035665,FastAccept
1785228035836,true,1785228035895,FastAccept
1785228036096,false,1785228036155,FastAccept
1785228036390,false,1785228036450,FastAccept
1785228036731,false,1785228036790,FastAccept
1785228037135,true,1785228037194,FastAccept
1785228037630,true,1785228037690,FastAccept
1785228038265,true,1785228038323,FastAccept
1785228039135,false,1785228039194,FastAccept
1785228040479,false,1785228040537,FastAccept
1785228043112,false,1785228043210,LeaderAccept
1785228048833,true,1785228048893,FastAccept
1785228048847,true,1785228048907,FastAccept
1785228048863,false,1785228048921,FastAccept
1785228048877,false,1785228048937,FastAccept
1785228048893,true,1785228048951,FastAccept
1785228048908,false,1785228048968,FastAccept
1785228048924,true,1785228048982,FastAccept
1785228048938,false,1785228049005,FastAccept
1785228048953,true,1785228049012,FastAccept
1785228048968,true,1785228049065,SlowAccept
1785228048984,false,1785228049065,FastAccept
1785228048999,true,1785228049095,SlowAccept
1785228049015,true,1785228049126,LeaderAccept
1785228049031,false,1785228049126,SlowAccept
1785228049048,true,1785228049145,LeaderAccept
1785228049063,true,1785228049138,LeaderAccept
1785228049080,true,1785228049155,LeaderAccept
1785228049096,false,1785228049173,LeaderAccept
1785228049113,true,1785228049187,LeaderAccept
1785228049130,false,1785228049226,LeaderAccept
1785228049147,true,1785228049244,LeaderAccept
1785228049164,true,1785228049260,LeaderAccept
1785228049180,false,1785228049277,LeaderAccept
1785228049197,false,1785228049294,LeaderAccept
1785228049214,false,1785228049308,LeaderAccept
1785228049231,true,1785228049329,LeaderAccept
1785228049249,false,1785228049346,LeaderAccept
1785228049266,true,1785228049364,LeaderAccept
1785228049285,true,1785228049382,LeaderAccept
1785228049304,false,1785228049398,LeaderAccept
1785228049323,false,1785228049419,LeaderAccept
1785228049342,true,1785228049438,LeaderAccept
1785228049360,true,1785228049457,LeaderAccept
1785228049379,false,1785228049475,LeaderAccept
1785228049398,false,1785228049495,LeaderAccept
1785228049416,false,1785228049513,LeaderAccept
1785228049435,false,1785228049531,LeaderAccept
1785228049454,false,1785228049551,LeaderAccept
1785228049473,true,1785228049570,LeaderAccept
1785228049493,true,1785228049589,LeaderAccept
1785228049514,true,1785228049611,LeaderAccept
1785228049533,true,1785228049629,LeaderAccept
1785228049554,false,1785228049649,LeaderAccept
1785228049574,true,1785228049669,LeaderAccept
1785228049595,false,1785228049692,LeaderAccept
1785228049616,true,1785228049692,LeaderAccept
1785228049637,false,1785228049712,LeaderAccept
1785228049658,true,1785228049732,LeaderAccept
1785228049679,true,1785228049755,LeaderAccept
1785228049700,false,1785228049809,LeaderAccept
1785228049723,false,1785228049809,LeaderAccept
1785228049744,true,1785228049839,LeaderAccept
1785228049767,false,1785228049841,LeaderAccept
1785228049789,true,1785228050002,LeaderAccept
1785228049811,true,1785228049980,LeaderAccept
1785228049835,true,1785228049931,SlowAccept
1785228049858,false,1785228049954,SlowAccept
1785228049882,true,1785228050028,LeaderAccept
1785228049905,true,1785228050100,LeaderAccept
1785228049930,false,1785228050074,LeaderAccept
1785228049954,false,1785228050051,SlowAccept
1785228049979,false,1785228050124,LeaderAccept
1785228050003,true,1785228050152,LeaderAccept
1785228050029,false,1785228050178,LeaderAccept
1785228050054,true,1785228050152,SlowAccept
1785228050081,true,1785228050231,LeaderAccept
1785228050108,true,1785228050340,LeaderAccept
1785228050135,true,1785228050285,LeaderAccept
1785228050161,false,1785228050257,SlowAccept
1785228050189,false,1785228050459,LeaderAccept
1785228050216,false,1785228050430,LeaderAccept
1785228050245,true,1785228050399,LeaderAccept
1785228050274,false,1785228050369,SlowAccept
1785228050303,false,1785228050399,SlowAccept
1785228050332,false,1785228050526,LeaderAccept
1785228050362,true,1785228050579,LeaderAccept
1785228050392,true,1785228050490,SlowAccept
1785228050423,false,1785228050579,LeaderAccept
1785228050453,false,1785228050635,LeaderAccept
1785228050484,true,1785228050635,LeaderAccept
1785228050516,false,1785228050612,SlowAccept
1785228050548,false,1785228050650,LeaderAccept
1785228050580,true,1785228050654,LeaderAccept
1785228050613,false,1785228050772,LeaderAccept
1785228050647,false,1785228050772,LeaderAccept
1785228050681,true,1785228050777,LeaderAccept
1785228050717,false,1785228050849,SlowAccept
1785228050752,false,1785228050865,LeaderAccept
1785228050788,false,1785228050902,LeaderAccept
1785228050826,true,1785228050938,LeaderAccept
1785228050863,true,1785228050938,LeaderAccept
1785228050901,true,1785228051110,LeaderAccept
1785228050940,true,1785228051074,SlowAccept
1785228050979,false,1785228051110,LeaderAccept
1785228051019,true,1785228051135,LeaderAccept
1785228051061,true,1785228051180,SlowAccept
1785228051103,true,1785228051217,LeaderAccept
1785228051146,false,1785228051258,LeaderAccept
1785228051189,true,1785228051265,LeaderAccept
1785228051234,true,1785228051332,SlowAccept
1785228051281,false,1785228051413,LeaderAccept
1785228051327,false,1785228051454,LeaderAccept
1785228051374,true,1785228051463,LeaderAccept
1785228051424,true,1785228051507,LeaderAccept
1785228051474,false,1785228051548,LeaderAccept
1785228051526,true,1785228051634,LeaderAccept
1785228051578,false,1785228051653,LeaderAccept
1785228051633,true,1785228051767,LeaderAccept
1785228051688,true,1785228051783,LeaderAccept
1785228051746,false,1785228051842,LeaderAccept
1785228051805,false,1785228051900,LeaderAccept
1785228051865,true,1785228051941,LeaderAccept
1785228051927,true,1785228052024,LeaderAccept
1785228051991,true,1785228052065,LeaderAccept
1785228052058,false,1785228052158,LeaderAccept
1785228052127,false,1785228052218,LeaderAccept
1785228052198,true,1785228052294,LeaderAccept
1785228052270,false,1785228052368,LeaderAccept
1785228052347,true,1785228052423,LeaderAccept
1785228052425,true,1785228052501,LeaderAccept
1785228052508,true,1785228052595,LeaderAccept
1785228052593,false,1785228052691,SlowAccept
1785228052683,false,1785228052812,LeaderAccept
1785228052775,true,1785228052871,LeaderAccept
1785228052872,false,1785228052970,SlowAccept
1785228052974,false,1785228053071,SlowAccept
1785228053082,false,1785228053178,LeaderAccept
1785228053195,true,1785228053276,LeaderAccept
1785228053316,false,1785228053412,SlowAccept
1785228053443,true,1785228053556,LeaderAccept
1785228053578,false,1785228053710,LeaderAccept
1785228053723,false,1785228053818,SlowAccept
1785228053879,false,1785228053976,SlowAccept
1785228054046,false,1785228054137,LeaderAccept
1785228054230,false,1785228054325,SlowAccept
1785228054430,true,1785228054527,LeaderAccept
1785228054651,false,1785228054749,LeaderAccept
1785228054899,true,1785228054958,FastAccept
1785228055179,true,1785228055238,FastAccept
1785228055499,false,1785228055608,LeaderAccept
1785228055876,false,1785228055990,LeaderAccept
1785228056330,true,1785228056428,LeaderAccept
1785228056901,false,1785228057000,LeaderAccept
1785228057659,true,1785228057754,LeaderAccept
1785228058764,true,1785228058824,FastAccept
1785228060686,false,1785228060743,FastAccept
1785228065707,true,1785228065767,FastAccept
1785228079896,false,1785228079955,FastAccept
1785228079916,true,1785228079975,FastAccept
1785228079936,false,1785228079995,FastAccept
1785228079955,false,1785228080052,SlowAccept
1785228079974,false,1785228080052,FastAccept
1785228079995,false,1785228080092,LeaderAccept
1785228080015,true,1785228080112,LeaderAccept
1785228080036,true,1785228080112,LeaderAccept
1785228080057,true,1785228080152,LeaderAccept
1785228080077,true,1785228080152,LeaderAccept
1785228080098,true,1785228080175,LeaderAccept
1785228080120,true,1785228080194,LeaderAccept
1785228080142,false,1785228080216,LeaderAccept
1785228080164,false,1785228080239,LeaderAccept
1785228080186,true,1785228080261,LeaderAccept
1785228080209,true,1785228080305,LeaderAccept
1785228080232,true,1785228080328,LeaderAccept
1785228080254,false,1785228080333,LeaderAccept
1785228080277,false,1785228080372,LeaderAccept
1785228080299,true,1785228080397,LeaderAccept
1785228080323,true,1785228080420,LeaderAccept
1785228080346,true,1785228080442,LeaderAccept
1785228080371,true,1785228080444,LeaderAccept
1785228080395,false,1785228080470,LeaderAccept
1785228080419,true,1785228080515,LeaderAccept
1785228080444,true,1785228080539,LeaderAccept
1785228080469,false,1785228080567,LeaderAccept
1785228080494,false,1785228080569,LeaderAccept
1785228080519,true,1785228080614,LeaderAccept
1785228080545,false,1785228080642,LeaderAccept
1785228080571,true,1785228080667,LeaderAccept
1785228080597,true,1785228080694,LeaderAccept
1785228080624,true,1785228080721,LeaderAccept
1785228080651,true,1785228080748,LeaderAccept
1785228080679,true,1785228080774,LeaderAccept
1785228080707,true,1785228080803,LeaderAccept
1785228080734,false,1785228080832,LeaderAccept
1785228080764,false,1785228080860,LeaderAccept
1785228080793,false,1785228080889,LeaderAccept
1785228080822,false,1785228080921,LeaderAccept
1785228080853,false,1785228080948,LeaderAccept
1785228080882,false,1785228080979,LeaderAccept
1785228080914,false,1785228081011,LeaderAccept
1785228080946,true,1785228081020,LeaderAccept
1785228080977,false,1785228081053,LeaderAccept
1785228081010,true,1785228081108,LeaderAccept
1785228081043,true,1785228081142,LeaderAccept
1785228081075,false,1785228081152,LeaderAccept
1785228081109,true,1785228081183,LeaderAccept
1785228081143,false,1785228081239,LeaderAccept
1785228081178,true,1785228081275,LeaderAccept
1785228081213,false,1785228081309,LeaderAccept
1785228081249,true,1785228081345,LeaderAccept
1785228081286,true,1785228081361,LeaderAccept
1785228081323,false,1785228081419,LeaderAccept
1785228081361,true,1785228081458,LeaderAccept
1785228081400,true,1785228081497,LeaderAccept
1785228081439,true,1785228081535,LeaderAccept
1785228081479,true,1785228081576,LeaderAccept
1785228081520,false,1785228081596,LeaderAccept
1785228081563,true,1785228081638,LeaderAccept
1785228081605,true,1785228081681,LeaderAccept
1785228081650,true,1785228081726,LeaderAccept
1785228081694,false,1785228081770,LeaderAccept
1785228081740,true,1785228081839,LeaderAccept
1785228081787,true,1785228081884,LeaderAccept
1785228081834,false,1785228081931,LeaderAccept
1785228081883,true,1785228081959,LeaderAccept
1785228081932,true,1785228081991,FastAccept
1785228081983,false,1785228082043,FastAccept
1785228082035,true,1785228082095,FastAccept
1785228082090,false,1785228082149,FastAccept
1785228082144,false,1785228082204,FastAccept
1785228082200,true,1785228082258,FastAccept
1785228082258,true,1785228082316,FastAccept
1785228082318,false,1785228082376,FastAccept
1785228082381,true,1785228082478,SlowAccept
1785228082444,false,1785228082521,LeaderAccept
1785228082510,false,1785228082570,FastAccept
1785228082577,true,1785228082637,FastAccept
1785228082648,false,1785228082706,FastAccept
1785228082720,true,1785228082779,FastAccept
1785228082796,true,1785228082854,FastAccept
1785228082873,false,1785228082932,FastAccept
1785228082955,false,1785228083013,FastAccept
1785228083039,false,1785228083099,FastAccept
1785228083128,false,1785228083188,FastAccept
1785228083220,false,1785228083278,FastAccept
1785228083317,false,1785228083376,FastAccept
1785228083418,false,1785228083476,FastAccept
1785228083523,false,1785228083583,FastAccept
1785228083635,true,1785228083694,FastAccept
1785228083753,true,1785228083813,FastAccept
1785228083879,false,1785228083938,FastAccept
1785228084012,true,1785228084205,LeaderAccept
1785228084155,true,1785228084251,SlowAccept
1785228084307,false,1785228084404,SlowAccept
1785228084471,true,1785228084627,LeaderAccept
1785228084650,false,1785228084807,LeaderAccept
1785228084846,true,1785228084943,SlowAccept
1785228085061,false,1785228085251,LeaderAccept
1785228085300,false,1785228085402,LeaderAccept
1785228085571,false,1785228085728,LeaderAccept
1785228085880,true,1785228086041,LeaderAccept
1785228086241,true,1785228086353,LeaderAccept
1785228086673,true,1785228086771,LeaderAccept
1785228087208,true,1785228087275,FastAccept
1785228087907,true,1785228087965,FastAccept
1785228088898,true,1785228088999,LeaderAccept
1785228090205,true,1785228090317,LeaderAccept
1785228090222,false,1785228090317,SlowAccept
1785228090237,false,1785228090334,LeaderAccept
1785228090254,true,1785228090350,LeaderAccept
1785228090270,true,1785228090366,LeaderAccept
1785228090286,false,1785228090360,LeaderAccept
1785228090303,false,1785228090386,LeaderAccept
1785228090319,true,1785228090394,LeaderAccept
1785228090336,true,1785228090411,LeaderAccept
1785228090352,false,1785228090448,LeaderAccept
1785228090368,true,1785228090464,LeaderAccept
1785228090386,false,1785228090479,LeaderAccept
1785228090403,true,1785228090499,LeaderAccept
1785228090420,false,1785228090494,LeaderAccept
1785228090437,false,1785228090533,LeaderAccept
1785228090454,true,1785228090549,LeaderAccept
1785228090473,true,1785228090567,LeaderAccept
1785228090491,false,1785228090563,LeaderAccept
1785228090509,true,1785228090603,LeaderAccept
1785228090526,false,1785228090621,LeaderAccept
1785228090545,true,1785228090619,LeaderAccept
1785228090562,false,1785228090657,LeaderAccept
1785228090581,true,1785228090678,LeaderAccept
1785228090599,true,1785228090695,LeaderAccept
1785228090619,true,1785228090714,LeaderAccept
1785228090637,true,1785228090732,LeaderAccept
1785228090656,true,1785228090751,LeaderAccept
1785228090676,true,1785228090748,LeaderAccept
1785228090695,true,1785228090792,LeaderAccept
1785228090714,false,1785228090872,LeaderAccept
1785228090733,false,1785228090872,LeaderAccept
1785228090753,false,1785228090872,LeaderAccept
1785228090773,false,1785228090872,LeaderAccept
1785228090793,false,1785228090890,LeaderAccept
1785228090815,true,1785228090890,LeaderAccept
1785228090836,false,1785228090909,LeaderAccept
1785228090857,true,1785228090933,LeaderAccept
1785228090879,true,1785228090953,LeaderAccept
1785228090900,false,1785228090974,LeaderAccept
1785228090922,false,1785228090997,LeaderAccept
1785228090944,true,1785228091018,LeaderAccept
1785228090967,false,1785228091041,LeaderAccept
1785228090989,true,1785228091070,LeaderAccept
1785228091012,false,1785228091086,LeaderAccept
1785228091035,false,1785228091109,LeaderAccept
1785228091058,true,1785228091136,LeaderAccept
1785228091082,false,1785228091159,LeaderAccept
1785228091105,true,1785228091182,LeaderAccept
1785228091129,false,1785228091225,LeaderAccept
1785228091153,true,1785228091228,LeaderAccept
1785228091177,true,1785228091254,LeaderAccept
1785228091203,true,1785228091299,LeaderAccept
1785228091228,false,1785228091324,LeaderAccept
1785228091253,false,1785228091402,LeaderAccept
1785228091279,true,1785228091402,LeaderAccept
1785228091306,false,1785228091402,LeaderAccept
1785228091331,false,1785228091426,LeaderAccept
1785228091359,true,1785228091433,LeaderAccept
1785228091385,false,1785228091461,LeaderAccept
1785228091412,false,1785228091486,LeaderAccept
1785228091440,false,1785228091513,LeaderAccept
1785228091469,true,1785228091565,LeaderAccept
1785228091498,true,1785228091596,LeaderAccept
1785228091527,true,1785228091623,LeaderAccept
1785228091555,true,1785228091651,LeaderAccept
1785228091586,true,1785228091682,LeaderAccept
1785228091615,true,1785228091711,LeaderAccept
1785228091646,false,1785228091721,LeaderAccept
1785228091676,true,1785228091773,LeaderAccept
1785228091708,true,1785228091806,LeaderAccept
1785228091740,false,1785228091838,LeaderAccept
1785228091773,false,1785228091848,LeaderAccept
1785228091806,true,1785228091881,LeaderAccept
1785228091840,false,1785228091935,LeaderAccept
1785228091873,true,1785228091970,LeaderAccept
1785228091907,false,1785228092004,LeaderAccept
1785228091943,true,1785228092055,LeaderAccept
1785228091979,true,1785228092075,LeaderAccept
1785228092015,false,1785228092091,LeaderAccept
1785228092052,true,1785228092125,LeaderAccept
1785228092090,false,1785228092187,LeaderAccept
1785228092127,false,1785228092202,LeaderAccept
1785228092167,false,1785228092263,LeaderAccept
1785228092207,true,1785228092303,LeaderAccept
1785228092247,true,1785228092344,LeaderAccept
1785228092288,true,1785228092361,LeaderAccept
1785228092331,true,1785228092407,LeaderAccept
1785228092373,false,1785228092447,LeaderAccept
1785228092418,true,1785228092494,LeaderAccept
1785228092464,false,1785228092538,LeaderAccept
1785228092509,true,1785228092604,LeaderAccept
1785228092556,true,1785228092654,LeaderAccept
1785228092604,false,1785228092699,LeaderAccept
1785228092654,true,1785228092728,LeaderAccept
1785228092705,true,1785228092780,LeaderAccept
1785228092757,true,1785228092832,LeaderAccept
1785228092810,false,1785228092884,LeaderAccept
1785228092865,false,1785228092939,LeaderAccept
1785228092921,true,1785228092997,LeaderAccept
1785228092978,false,1785228093102,LeaderAccept
1785228093038,true,1785228093113,LeaderAccept
1785228093099,false,1785228093159,FastAccept
1785228093163,false,1785228093259,SlowAccept
1785228093227,false,1785228093304,LeaderAccept
1785228093293,true,1785228093352,FastAccept
1785228093363,true,1785228093421,FastAccept
1785228093435,true,1785228093494,FastAccept
1785228093508,true,1785228093605,LeaderAccept
1785228093585,true,1785228093652,FastAccept
1785228093665,false,1785228093733,FastAccept
1785228093747,true,1785228093844,SlowAccept
1785228093834,true,1785228093930,SlowAccept
1785228093924,false,1785228094023,SlowAccept
1785228094019,false,1785228094118,SlowAccept
1785228094118,true,1785228094215,LeaderAccept
1785228094221,true,1785228094317,LeaderAccept
1785228094330,true,1785228094390,FastAccept
1785228094445,false,1785228094504,FastAccept
1785228094568,false,1785228094627,FastAccept
1785228094698,false,1785228094795,LeaderAccept
1785228094837,true,1785228094896,FastAccept
1785228094985,false,1785228095082,SlowAccept
1785228095145,false,1785228095203,FastAccept
1785228095317,false,1785228095376,FastAccept
1785228095506,true,1785228095565,FastAccept
1785228095713,false,1785228095772,FastAccept
1785228095943,false,1785228096001,FastAccept
1785228096199,true,1785228096258,FastAccept
1785228096492,false,1785228096587,LeaderAccept
1785228096830,true,1785228096889,FastAccept
1785228097228,false,1785228097288,FastAccept
1785228097716,false,1785228097774,FastAccept
1785228098337,false,1785228098395,FastAccept
1785228099184,false,1785228099243,FastAccept
1785228100476,true,1785228100535,FastAccept
1785228102943,true,1785228103048,LeaderAccept
1785228111405,false,1785228111463,FastAccept
1785228121675,false,1785228121772,SlowAccept
1785228121697,true,1785228121772,FastAccept
1785228121720,true,1785228121815,LeaderAccept
1785228121742,false,1785228121839,LeaderAccept
1785228121766,true,1785228121860,LeaderAccept
1785228121788,true,1785228121884,LeaderAccept
1785228121811,false,1785228121908,LeaderAccept
1785228121835,true,1785228121932,LeaderAccept
1785228121858,true,1785228121934,LeaderAccept
1785228121883,true,1785228121957,LeaderAccept
1785228121907,true,1785228121982,LeaderAccept
1785228121931,false,1785228122026,LeaderAccept
1785228121955,true,1785228122051,LeaderAccept
1785228121981,false,1785228122078,LeaderAccept
1785228122006,false,1785228122103,LeaderAccept
1785228122033,false,1785228122129,LeaderAccept
1785228122058,false,1785228122155,LeaderAccept
1785228122085,true,1785228122182,LeaderAccept
1785228122112,true,1785228122208,LeaderAccept
1785228122139,false,1785228122235,LeaderAccept
1785228122166,true,1785228122265,LeaderAccept
1785228122194,true,1785228122290,LeaderAccept
1785228122222,true,1785228122319,LeaderAccept
1785228122251,false,1785228122349,LeaderAccept
1785228122280,true,1785228122375,LeaderAccept
1785228122308,false,1785228122404,LeaderAccept
1785228122338,true,1785228122433,LeaderAccept
1785228122369,false,1785228122465,LeaderAccept
1785228122399,true,1785228122496,LeaderAccept
1785228122430,false,1785228122526,LeaderAccept
1785228122461,true,1785228122537,LeaderAccept
1785228122494,true,1785228122569,LeaderAccept
1785228122526,false,1785228122623,LeaderAccept
1785228122560,true,1785228122657,LeaderAccept
1785228122594,true,1785228122693,LeaderAccept
1785228122627,false,1785228122707,LeaderAccept
1785228122662,false,1785228122760,LeaderAccept
1785228122698,true,1785228122795,LeaderAccept
1785228122734,true,1785228122830,LeaderAccept
1785228122770,true,1785228122846,LeaderAccept
1785228122808,true,1785228122905,LeaderAccept
1785228122846,true,1785228122941,LeaderAccept
1785228122884,false,1785228122982,LeaderAccept
1785228122923,true,1785228123022,LeaderAccept
1785228122963,false,1785228123059,LeaderAccept
1785228123005,false,1785228123103,LeaderAccept
1785228123046,false,1785228123123,LeaderAccept
1785228123088,false,1785228123165,LeaderAccept
1785228123131,false,1785228123208,LeaderAccept
1785228123175,true,1785228123252,LeaderAccept
1785228123220,false,1785228123297,LeaderAccept
1785228123267,false,1785228123365,SlowAccept
1785228123314,false,1785228123411,LeaderAccept
1785228123364,false,1785228123440,LeaderAccept
1785228123414,false,1785228123473,FastAccept
1785228123464,false,1785228123536,FastAccept
1785228123517,false,1785228123615,LeaderAccept
1785228123570,true,1785228123669,LeaderAccept
1785228123626,false,1785228123723,LeaderAccept
1785228123682,true,1785228123779,LeaderAccept
1785228123741,true,1785228123839,LeaderAccept
1785228123800,false,1785228123897,LeaderAccept
1785228123861,false,1785228123937,LeaderAccept
1785228123924,true,1785228123983,FastAccept
1785228123990,false,1785228124088,LeaderAccept
1785228124057,false,1785228124116,FastAccept
1785228124127,false,1785228124185,FastAccept
1785228124200,true,1785228124258,FastAccept
1785228124274,true,1785228124371,LeaderAccept
1785228124351,true,1785228124411,FastAccept
1785228124432,false,1785228124490,FastAccept
1785228124516,true,1785228124576,FastAccept
1785228124603,true,1785228124701,LeaderAccept
1785228124695,true,1785228124753,FastAccept
1785228124790,false,1785228124848,FastAccept
1785228124891,true,1785228124950,FastAccept
1785228124996,false,1785228125094,SlowAccept
1785228125107,true,1785228125167,FastAccept
1785228125225,false,1785228125284,FastAccept
1785228125350,false,1785228125408,FastAccept
1785228125482,false,1785228125578,SlowAccept
1785228125624,false,1785228125682,FastAccept
1785228125776,true,1785228125835,FastAccept
1785228125939,false,1785228125999,FastAccept
1785228126117,true,1785228126215,SlowAccept
1785228126310,true,1785228126369,FastAccept
1785228126523,false,1785228126630,LeaderAccept
1785228126759,true,1785228126865,LeaderAccept
1785228127025,false,1785228127139,LeaderAccept
1785228127329,true,1785228127426,LeaderAccept
1785228127682,true,1785228127795,LeaderAccept
1785228128104,false,1785228128201,LeaderAccept
1785228128624,true,1785228128722,LeaderAccept
1785228129297,true,1785228129428,LeaderAccept
1785228130241,false,1785228130301,FastAccept
1785228131755,false,1785228131852,LeaderAccept
1785228134976,true,1785228135073,LeaderAccept
1785228151100,true,1785228151197,LeaderAccept
1785228153433,true,1785228153530,SlowAccept
1785228153455,true,1785228153530,FastAccept
1785228153479,true,1785228153575,LeaderAccept
1785228153502,true,1785228153597,LeaderAccept
1785228153525,false,1785228153623,LeaderAccept
1785228153549,true,1785228153646,LeaderAccept
1785228153574,true,1785228153649,LeaderAccept
1785228153598,true,1785228153694,LeaderAccept
1785228153622,false,1785228153734,LeaderAccept
1785228153647,true,1785228153742,LeaderAccept
1785228153673,false,1785228153747,LeaderAccept
1785228153698,false,1785228153794,LeaderAccept
1785228153724,true,1785228153819,LeaderAccept
1785228153751,false,1785228153847,LeaderAccept
1785228153778,true,1785228153874,LeaderAccept
1785228153804,true,1785228153901,LeaderAccept
1785228153831,true,1785228153928,LeaderAccept
1785228153858,false,1785228153955,LeaderAccept
1785228153887,true,1785228153984,LeaderAccept
1785228153915,false,1785228154011,LeaderAccept
1785228153943,false,1785228154039,LeaderAccept
1785228153973,false,1785228154071,LeaderAccept
1785228154003,false,1785228154099,LeaderAccept
1785228154032,true,1785228154130,LeaderAccept
1785228154063,true,1785228154158,LeaderAccept
1785228154093,false,1785228154189,LeaderAccept
1785228154125,false,1785228154221,LeaderAccept
1785228154157,true,1785228154248,LeaderAccept
1785228154189,false,1785228154263,LeaderAccept
1785228154221,true,1785228154319,LeaderAccept
1785228154254,true,1785228154350,LeaderAccept
1785228154289,true,1785228154386,LeaderAccept
1785228154323,false,1785228154418,LeaderAccept
1785228154358,true,1785228154454,LeaderAccept
1785228154394,false,1785228154490,LeaderAccept
1785228154429,false,1785228154526,LeaderAccept
1785228154467,false,1785228154562,LeaderAccept
1785228154504,false,1785228154600,LeaderAccept
1785228154543,true,1785228154638,LeaderAccept
1785228154582,true,1785228154679,LeaderAccept
1785228154621,false,1785228154718,LeaderAccept
1785228154661,false,1785228154760,LeaderAccept
1785228154702,false,1785228154799,LeaderAccept
1785228154744,false,1785228154819,LeaderAccept
1785228154788,true,1785228154861,LeaderAccept
1785228154831,false,1785228154941,LeaderAccept
1785228154876,false,1785228154973,LeaderAccept
1785228154921,false,1785228155019,LeaderAccept
1785228154968,true,1785228155064,LeaderAccept
1785228155016,false,1785228155113,LeaderAccept
1785228155065,true,1785228155164,LeaderAccept
1785228155116,false,1785228155212,LeaderAccept
1785228155168,false,1785228155266,LeaderAccept
1785228155220,false,1785228155318,LeaderAccept
1785228155274,false,1785228155370,LeaderAccept
1785228155330,true,1785228155428,LeaderAccept
1785228155387,false,1785228155484,LeaderAccept
1785228155446,true,1785228155544,LeaderAccept
1785228155508,true,1785228155604,LeaderAccept
1785228155570,true,1785228155646,LeaderAccept
1785228155634,false,1785228155694,FastAccept
1785228155701,false,1785228155761,FastAccept
1785228155770,true,1785228155838,FastAccept
1785228155840,true,1785228155900,FastAccept
1785228155913,false,1785228155971,FastAccept
1785228155990,false,1785228156048,FastAccept
1785228156068,false,1785228156166,SlowAccept
1785228156151,true,1785228156209,FastAccept
1785228156236,false,1785228156296,FastAccept
1785228156326,false,1785228156384,FastAccept
1785228156419,false,1785228156479,FastAccept
1785228156518,false,1785228156577,FastAccept
1785228156620,false,1785228156679,FastAccept
1785228156729,true,1785228156828,SlowAccept
1785228156843,true,1785228156901,FastAccept
1785228156963,true,1785228157023,FastAccept
1785228157092,true,1785228157150,FastAccept
1785228157229,true,1785228157287,FastAccept
1785228157375,false,1785228157433,FastAccept
1785228157532,true,1785228157591,FastAccept
1785228157701,true,1785228157761,FastAccept
1785228157886,true,1785228157945,FastAccept
1785228158089,false,1785228158148,FastAccept
1785228158312,true,1785228158370,FastAccept
1785228158563,true,1785228158758,LeaderAccept
1785228158845,true,1785228158958,LeaderAccept
1785228159172,true,1785228159271,LeaderAccept
1785228159556,true,1785228159669,LeaderAccept
1785228160019,false,1785228160115,SlowAccept
1785228160604,true,1785228160737,LeaderAccept
1785228161388,false,1785228161445,FastAccept
1785228162546,false,1785228162644,LeaderAccept
1785228164612,true,1785228164671,FastAccept
1785228170413,true,1785228170526,LeaderAccept
1785228183249,false,1785228183410,LeaderAccept
1785228183264,false,1785228183346,FastAccept
1785228183281,true,1785228183378,SlowAccept
1785228183296,false,1785228183410,LeaderAccept
1785228183312,false,1785228183409,SlowAccept
1785228183329,false,1785228183423,LeaderAccept
1785228183344,false,1785228183440,LeaderAccept
1785228183360,true,1785228183436,LeaderAccept
1785228183377,true,1785228183450,LeaderAccept
1785228183393,false,1785228183467,LeaderAccept
1785228183410,false,1785228183504,LeaderAccept
1785228183426,false,1785228183522,LeaderAccept
1785228183443,true,1785228183539,LeaderAccept
1785228183461,false,1785228183557,LeaderAccept
1785228183478,true,1785228183573,LeaderAccept
1785228183495,false,1785228183591,LeaderAccept
1785228183513,false,1785228183626,LeaderAccept
1785228183532,false,1785228183628,LeaderAccept
1785228183549,false,1785228183644,LeaderAccept
1785228183567,true,1785228183664,LeaderAccept
1785228183585,true,1785228183681,LeaderAccept
1785228183604,true,1785228183700,LeaderAccept
1785228183623,false,1785228183697,LeaderAccept
1785228183641,true,1785228183737,LeaderAccept
1785228183660,false,1785228183757,LeaderAccept
1785228183679,false,1785228183774,LeaderAccept
1785228183699,false,1785228183794,LeaderAccept
1785228183718,false,1785228183814,LeaderAccept
1785228183737,true,1785228183834,LeaderAccept
1785228183756,true,1785228183850,LeaderAccept
1785228183776,true,1785228183850,LeaderAccept
1785228183796,false,1785228183893,LeaderAccept
1785228183817,true,1785228183947,LeaderAccept
1785228183838,true,1785228183947,LeaderAccept
1785228183859,false,1785228183947,LeaderAccept
1785228183880,true,1785228183977,LeaderAccept
1785228183901,false,1785228183977,LeaderAccept
1785228183922,false,1785228184064,LeaderAccept
1785228183944,false,1785228184064,LeaderAccept
1785228183965,true,1785228184064,LeaderAccept
1785228183988,true,1785228184064,LeaderAccept
1785228184009,false,1785228184105,LeaderAccept
1785228184031,false,1785228184105,LeaderAccept
1785228184054,true,1785228184150,LeaderAccept
1785228184076,true,1785228184150,LeaderAccept
1785228184099,false,1785228184197,LeaderAccept
1785228184122,false,1785228184218,LeaderAccept
1785228184146,false,1785228184242,LeaderAccept
1785228184169,true,1785228184266,LeaderAccept
1785228184193,true,1785228184269,LeaderAccept
1785228184217,false,1785228184313,LeaderAccept
1785228184243,true,1785228184338,LeaderAccept
1785228184268,false,1785228184364,LeaderAccept
1785228184293,false,1785228184368,LeaderAccept
1785228184319,false,1785228184413,LeaderAccept
1785228184344,true,1785228184439,LeaderAccept
1785228184371,true,1785228184468,LeaderAccept
1785228184398,false,1785228184549,LeaderAccept
1785228184424,false,1785228184549,LeaderAccept
1785228184452,true,1785228184549,SlowAccept
1785228184480,true,1785228184575,LeaderAccept
1785228184507,true,1785228184606,LeaderAccept
1785228184536,false,1785228184631,LeaderAccept
1785228184565,false,1785228184660,LeaderAccept
1785228184593,false,1785228184688,LeaderAccept
1785228184624,true,1785228184721,LeaderAccept
1785228184653,false,1785228184751,LeaderAccept
1785228184683,true,1785228184780,LeaderAccept
1785228184715,false,1785228184811,LeaderAccept
1785228184746,true,1785228184843,LeaderAccept
1785228184779,true,1785228184853,LeaderAccept
1785228184812,true,1785228184909,LeaderAccept
1785228184844,true,1785228184940,LeaderAccept
1785228184877,false,1785228184952,LeaderAccept
1785228184910,false,1785228185005,LeaderAccept
1785228184945,true,1785228185042,LeaderAccept
1785228184980,true,1785228185075,LeaderAccept
1785228185016,true,1785228185148,LeaderAccept
1785228185051,false,1785228185148,LeaderAccept
1785228185088,false,1785228185186,LeaderAccept
1785228185126,true,1785228185224,LeaderAccept
1785228185165,false,1785228185260,LeaderAccept
1785228185205,false,1785228185302,LeaderAccept
1785228185245,true,1785228185341,LeaderAccept
1785228185286,true,1785228185382,LeaderAccept
1785228185328,false,1785228185403,LeaderAccept
1785228185369,true,1785228185446,LeaderAccept
1785228185412,false,1785228185488,LeaderAccept
1785228185457,false,1785228185532,LeaderAccept
1785228185502,true,1785228185561,FastAccept
1785228185548,false,1785228185607,FastAccept
1785228185595,false,1785228185653,FastAccept
1785228185642,false,1785228185701,FastAccept
1785228185691,false,1785228185751,FastAccept
1785228185741,true,1785228185800,FastAccept
1785228185793,true,1785228185851,FastAccept
1785228185845,true,1785228185904,FastAccept
1785228185899,false,1785228185998,LeaderAccept
1785228185956,true,1785228186051,LeaderAccept
1785228186014,true,1785228186110,LeaderAccept
1785228186072,true,1785228186169,LeaderAccept
1785228186134,false,1785228186228,LeaderAccept
1785228186197,true,1785228186271,LeaderAccept
1785228186261,true,1785228186320,FastAccept
1785228186329,false,1785228186387,FastAccept
1785228186398,false,1785228186456,FastAccept
1785228186469,false,1785228186528,FastAccept
1785228186543,false,1785228186601,FastAccept
1785228186620,false,1785228186678,FastAccept
1785228186699,true,1785228186758,FastAccept
1785228186783,true,1785228186842,FastAccept
1785228186868,true,1785228186926,FastAccept
1785228186957,false,1785228187016,FastAccept
1785228187052,true,1785228187110,FastAccept
1785228187150,true,1785228187246,LeaderAccept
1785228187254,false,1785228187313,FastAccept
1785228187362,true,1785228187421,FastAccept
1785228187477,true,1785228187537,FastAccept
1785228187599,false,1785228187657,FastAccept
1785228187727,true,1785228187786,FastAccept
1785228187864,true,1785228187923,FastAccept
1785228188012,true,1785228188071,FastAccept
1785228188170,false,1785228188230,FastAccept
1785228188340,false,1785228188398,FastAccept
1785228188527,false,1785228188585,FastAccept
1785228188732,false,1785228188790,FastAccept
1785228188959,false,1785228189017,FastAccept
1785228189212,true,1785228189270,FastAccept
1785228189499,false,1785228189559,FastAccept
1785228189831,true,1785228189891,FastAccept
1785228190221,true,1785228190280,FastAccept
1785228190697,true,1785228190756,FastAccept
1785228191299,false,1785228191357,FastAccept
1785228192112,false,1785228192170,FastAccept
1785228193333,true,1785228193391,FastAccept
1785228195580,false,1785228195638,FastAccept
1785228202487,true,1785228202545,FastAccept
1785228219018,true,1785228219141,LeaderAccept
1785228219054,false,1785228219175,LeaderAccept
1785228219090,false,1785228219224,LeaderAccept
1785228219126,true,1785228219224,SlowAccept
1785228219164,true,1785228219259,SlowAccept
1785228219201,false,1785228219338,LeaderAccept
1785228219241,true,1785228219377,LeaderAccept
1785228219280,true,1785228219456,LeaderAccept
1785228219319,true,1785228219456,LeaderAccept
1785228219360,true,1785228219467,LeaderAccept
1785228219401,false,1785228219517,LeaderAccept
1785228219444,true,1785228219517,LeaderAccept
1785228219488,true,1785228219572,LeaderAccept
1785228219532,false,1785228219624,LeaderAccept
1785228219578,false,1785228219801,LeaderAccept
1785228219624,true,1785228219736,LeaderAccept
1785228219671,false,1785228219745,LeaderAccept
1785228219719,false,1785228219860,LeaderAccept
1785228219768,true,1785228219865,LeaderAccept
1785228219820,true,1785228219968,LeaderAccept
1785228219872,true,1785228220023,LeaderAccept
1785228219926,true,1785228220023,SlowAccept
1785228219981,false,1785228220172,LeaderAccept
1785228220038,false,1785228220172,LeaderAccept
1785228220096,false,1785228220196,LeaderAccept
1785228220155,false,1785228220324,LeaderAccept
1785228220216,false,1785228220324,LeaderAccept
1785228220280,false,1785228220356,LeaderAccept
1785228220345,true,1785228220442,LeaderAccept
1785228220411,true,1785228220502,LeaderAccept
1785228220481,true,1785228220611,LeaderAccept
1785228220554,true,1785228220651,LeaderAccept
1785228220629,false,1785228220734,LeaderAccept
1785228220705,false,1785228220803,LeaderAccept
1785228220786,true,1785228220882,SlowAccept
1785228220870,true,1785228221053,LeaderAccept
1785228220956,true,1785228221054,LeaderAccept
1785228221046,false,1785228221105,FastAccept
1785228221141,true,1785228221240,LeaderAccept
1785228221241,false,1785228221329,SlowAccept
1785228221346,false,1785228221405,FastAccept
1785228221457,true,1785228221553,LeaderAccept
1785228221574,false,1785228221642,FastAccept
1785228221698,false,1785228221756,FastAccept
1785228221828,false,1785228221924,LeaderAccept
1785228221969,true,1785228222027,FastAccept
1785228222119,false,1785228222177,FastAccept
1785228222281,false,1785228222379,LeaderAccept
1785228222456,true,1785228222515,FastAccept
1785228222646,true,1785228222723,LeaderAccept
1785228222856,false,1785228222965,LeaderAccept
1785228223089,true,1785228223185,SlowAccept
1785228223352,true,1785228223427,LeaderAccept
1785228223650,true,1785228223746,LeaderAccept
1785228223997,true,1785228224094,SlowAccept
1785228224408,false,1785228224496,SlowAccept
1785228224913,false,1785228224982,FastAccept
1785228225564,true,1785228225638,LeaderAccept
1785228226464,true,1785228226523,FastAccept
1785228227875,true,1785228227934,FastAccept
1785228230728,true,1785228230787,FastAccept
