request_time,write,response_time,accept_status
1785412078305,true,1785412078404,LeaderAccept
1785412078846,true,1785412078944,LeaderAccept
1785412079553,false,1785412079651,LeaderAccept
1785412080561,false,1785412080659,LeaderAccept
1785412082226,true,1785412082324,LeaderAccept
1785412086054,true,1785412086152,LeaderAccept
1785412086442,true,1785412086539,LeaderAccept
1785412086479,true,1785412086578,LeaderAccept
1785412086517,true,1785412086615,LeaderAccept
1785412086555,false,1785412086653,LeaderAccept
1785412086593,true,1785412086691,LeaderAccept
1785412086633,true,1785412086730,LeaderAccept
1785412086672,true,1785412086770,LeaderAccept
1785412086714,true,1785412086812,LeaderAccept
1785412086756,true,1785412086854,LeaderAccept
1785412086798,true,1785412086896,LeaderAccept
1785412086841,true,1785412086938,LeaderAccept
1785412086886,true,1785412086983,LeaderAccept
1785412086932,true,1785412087029,LeaderAccept
1785412086978,true,1785412087076,LeaderAccept
1785412087025,false,1785412087123,LeaderAccept
1785412087074,false,1785412087172,LeaderAccept
1785412087123,true,1785412087221,LeaderAccept
1785412087175,true,1785412087273,LeaderAccept
1785412087227,true,1785412087325,LeaderAccept
1785412087282,true,1785412087379,LeaderAccept
1785412087336,false,1785412087434,LeaderAccept
1785412087393,false,1785412087492,LeaderAccept
1785412087452,true,1785412087550,LeaderAccept
1785412087511,false,1785412087609,LeaderAccept
1785412087572,true,1785412087670,LeaderAccept
1785412087636,false,1785412087734,LeaderAccept
1785412087701,true,1785412087800,LeaderAccept
1785412087770,false,1785412087869,LeaderAccept
1785412087840,true,1785412087938,LeaderAccept
1785412087912,true,1785412088010,LeaderAccept
1785412087988,true,1785412088085,LeaderAccept
1785412088066,true,1785412088163,LeaderAccept
1785412088147,true,1785412088246,LeaderAccept
1785412088232,true,1785412088331,LeaderAccept
1785412088319,true,1785412088418,LeaderAccept
1785412088411,true,1785412088510,LeaderAccept
1785412088508,true,1785412088606,LeaderAccept
1785412088609,false,1785412088708,LeaderAccept
1785412088715,false,1785412088812,LeaderAccept
1785412088827,false,1785412088925,LeaderAccept
1785412088944,true,1785412089043,LeaderAccept
1785412089069,true,1785412089167,LeaderAccept
1785412089202,false,1785412089300,LeaderAccept
1785412089344,false,1785412089442,LeaderAccept
1785412089497,true,1785412089595,LeaderAccept
1785412089662,true,1785412089760,LeaderAccept
1785412089841,false,1785412089939,LeaderAccept
1785412090036,false,1785412090134,LeaderAccept
1785412090250,false,1785412090348,LeaderAccept
1785412090489,true,1785412090587,LeaderAccept
1785412090759,true,1785412090857,LeaderAccept
1785412091067,false,1785412091164,LeaderAccept
1785412091426,false,1785412091525,LeaderAccept
1785412091855,true,1785412091953,LeaderAccept
1785412092385,true,1785412092483,LeaderAccept
1785412093077,false,1785412093176,LeaderAccept
1785412094054,false,1785412094152,LeaderAccept
1785412095646,false,1785412095746,LeaderAccept
1785412099174,true,1785412099272,LeaderAccept
1785412119747,false,1785412119844,LeaderAccept
1785412142959,false,1785412143046,FastAccept
1785412142975,false,1785412143063,FastAccept
1785412142993,false,1785412143080,FastAccept
1785412143010,false,1785412143097,FastAccept
1785412143028,false,1785412143115,FastAccept
1785412143045,true,1785412143132,FastAccept
1785412143064,false,1785412143151,FastAccept
1785412143082,true,1785412143169,FastAccept
1785412143099,true,1785412143186,FastAccept
1785412143117,false,1785412143204,FastAccept
1785412143135,false,1785412143222,FastAccept
1785412143154,false,1785412143241,FastAccept
1785412143172,true,1785412143259,FastAccept
1785412143191,false,1785412143279,FastAccept
1785412143210,false,1785412143298,FastAccept
1785412143229,false,1785412143317,FastAccept
1785412143248,true,1785412143335,FastAccept
1785412143268,false,1785412143355,FastAccept
1785412143287,false,1785412143374,FastAccept
1785412143308,false,1785412143396,FastAccept
1785412143329,true,1785412143416,FastAccept
1785412143350,true,1785412143437,FastAccept
1785412143370,false,1785412143457,FastAccept
1785412143392,false,1785412143479,FastAccept
1785412143412,false,1785412143500,FastAccept
1785412143434,true,1785412143521,FastAccept
1785412143455,true,1785412143542,FastAccept
1785412143477,false,1785412143564,FastAccept
1785412143498,false,1785412143585,FastAccept
1785412143520,true,1785412143607,FastAccept
1785412143542,true,1785412143629,FastAccept
1785412143564,false,1785412143651,FastAccept
1785412143587,true,1785412143675,FastAccept
1785412143610,true,1785412143697,FastAccept
1785412143634,false,1785412143721,FastAccept
1785412143657,false,1785412143744,FastAccept
1785412143680,true,1785412143768,FastAccept
1785412143705,true,1785412143792,FastAccept
1785412143729,true,1785412143817,FastAccept
1785412143755,true,1785412143842,FastAccept
1785412143780,true,1785412143867,FastAccept
1785412143806,true,1785412143893,FastAccept
1785412143831,false,1785412143918,FastAccept
1785412143857,false,1785412143944,FastAccept
1785412143884,false,1785412143971,FastAccept
1785412143910,false,1785412143997,FastAccept
1785412143936,false,1785412144024,FastAccept
1785412143963,false,1785412144050,FastAccept
1785412143990,false,1785412144077,FastAccept
1785412144019,false,1785412144105,FastAccept
1785412144046,true,1785412144133,FastAccept
1785412144076,true,1785412144197,LeaderAccept
1785412144105,false,1785412144226,LeaderAccept
1785412144134,true,1785412144255,LeaderAccept
1785412144165,true,1785412144286,LeaderAccept
1785412144196,true,1785412144293,LeaderAccept
1785412144226,false,1785412144323,LeaderAccept
1785412144258,true,1785412144355,LeaderAccept
1785412144289,false,1785412144387,LeaderAccept
1785412144321,false,1785412144419,LeaderAccept
1785412144355,false,1785412144452,LeaderAccept
1785412144387,true,1785412144484,LeaderAccept
1785412144421,true,1785412144519,LeaderAccept
1785412144455,false,1785412144552,LeaderAccept
1785412144490,true,1785412144587,LeaderAccept
1785412144525,false,1785412144622,LeaderAccept
1785412144561,true,1785412144658,LeaderAccept
1785412144597,false,1785412144695,LeaderAccept
1785412144634,true,1785412144731,LeaderAccept
1785412144672,true,1785412144770,LeaderAccept
1785412144710,false,1785412144808,LeaderAccept
1785412144750,true,1785412144847,LeaderAccept
1785412144790,false,1785412144888,LeaderAccept
1785412144832,false,1785412144928,LeaderAccept
1785412144873,false,1785412144972,LeaderAccept
1785412144916,true,1785412145014,LeaderAccept
1785412144960,false,1785412145058,LeaderAccept
1785412145004,false,1785412145102,LeaderAccept
1785412145049,false,1785412145147,LeaderAccept
1785412145095,true,1785412145193,LeaderAccept
1785412145143,true,1785412145240,LeaderAccept
1785412145191,true,1785412145289,LeaderAccept
1785412145241,false,1785412145338,LeaderAccept
1785412145291,true,1785412145389,LeaderAccept
1785412145343,true,1785412145441,LeaderAccept
1785412145396,true,1785412145494,LeaderAccept
1785412145451,true,1785412145550,LeaderAccept
1785412145507,true,1785412145605,LeaderAccept
1785412145566,true,1785412145663,LeaderAccept
1785412145626,true,1785412145724,LeaderAccept
1785412145687,false,1785412145785,LeaderAccept
1785412145751,false,1785412145848,LeaderAccept
1785412145816,false,1785412145913,LeaderAccept
1785412145883,true,1785412145980,LeaderAccept
1785412145953,true,1785412146050,LeaderAccept
1785412146025,false,1785412146123,LeaderAccept
1785412146101,true,1785412146198,LeaderAccept
1785412146179,true,1785412146277,LeaderAccept
1785412146259,true,1785412146357,LeaderAccept
1785412146343,false,1785412146441,LeaderAccept
1785412146431,true,1785412146528,LeaderAccept
1785412146522,false,1785412146619,LeaderAccept
1785412146617,false,1785412146715,LeaderAccept
1785412146718,true,1785412146816,LeaderAccept
1785412146824,false,1785412146922,LeaderAccept
1785412146934,false,1785412147032,LeaderAccept
1785412147052,false,1785412147149,LeaderAccept
1785412147175,false,1785412147273,LeaderAccept
1785412147307,true,1785412147405,LeaderAccept
1785412147447,true,1785412147545,LeaderAccept
1785412147598,true,1785412147696,LeaderAccept
1785412147762,true,1785412147859,LeaderAccept
1785412147938,true,1785412148036,LeaderAccept
1785412148131,true,1785412148229,LeaderAccept
1785412148343,false,1785412148441,LeaderAccept
1785412148578,true,1785412148676,LeaderAccept
1785412148842,false,1785412148940,LeaderAccept
1785412149145,false,1785412149242,LeaderAccept
1785412149496,true,1785412149593,LeaderAccept
1785412149913,false,1785412150011,LeaderAccept
1785412150427,false,1785412150525,LeaderAccept
1785412151093,false,1785412151191,LeaderAccept
1785412152021,false,1785412152119,LeaderAccept
1785412153496,false,1785412153583,FastAccept
1785412156576,false,1785412156674,LeaderAccept
1785412163537,false,1785412163636,LeaderAccept
1785412163568,true,1785412163668,LeaderAccept
1785412163600,false,1785412163699,LeaderAccept
1785412163631,true,1785412163729,LeaderAccept
1785412163664,true,1785412163763,LeaderAccept
1785412163696,true,1785412163794,LeaderAccept
1785412163729,false,1785412163826,LeaderAccept
1785412163763,true,1785412163861,LeaderAccept
1785412163797,true,1785412163895,LeaderAccept
1785412163832,true,1785412163929,LeaderAccept
1785412163868,true,1785412163965,LeaderAccept
1785412163903,false,1785412164001,LeaderAccept
1785412163940,false,1785412164037,LeaderAccept
1785412163977,false,1785412164075,LeaderAccept
1785412164015,false,1785412164112,LeaderAccept
1785412164054,true,1785412164152,LeaderAccept
1785412164093,true,1785412164191,LeaderAccept
1785412164134,false,1785412164231,LeaderAccept
1785412164175,true,1785412164273,LeaderAccept
1785412164216,false,1785412164314,LeaderAccept
1785412164258,true,1785412164356,LeaderAccept
1785412164301,false,1785412164400,LeaderAccept
1785412164345,true,1785412164443,LeaderAccept
1785412164390,false,1785412164488,LeaderAccept
1785412164436,true,1785412164534,LeaderAccept
1785412164483,false,1785412164581,LeaderAccept
1785412164532,true,1785412164629,LeaderAccept
1785412164581,false,1785412164679,LeaderAccept
1785412164633,true,1785412164730,LeaderAccept
1785412164685,true,1785412164782,LeaderAccept
1785412164739,true,1785412164836,LeaderAccept
1785412164794,true,1785412164892,LeaderAccept
1785412164851,true,1785412164949,LeaderAccept
1785412164909,false,1785412165007,LeaderAccept
1785412164968,false,1785412165066,LeaderAccept
1785412165029,false,1785412165127,LeaderAccept
1785412165092,false,1785412165190,LeaderAccept
1785412165157,false,1785412165256,LeaderAccept
1785412165225,false,1785412165322,LeaderAccept
1785412165294,false,1785412165392,LeaderAccept
1785412165367,true,1785412165465,LeaderAccept
1785412165441,true,1785412165539,LeaderAccept
1785412165518,false,1785412165617,LeaderAccept
1785412165598,false,1785412165696,LeaderAccept
1785412165683,false,1785412165781,LeaderAccept
1785412165771,false,1785412165868,LeaderAccept
1785412165861,true,1785412165958,LeaderAccept
1785412165957,true,1785412166054,LeaderAccept
1785412165996,true,1785412166093,LeaderAccept
1785412166034,true,1785412166132,LeaderAccept
1785412166074,false,1785412166172,LeaderAccept
1785412166115,false,1785412166213,LeaderAccept
1785412166156,false,1785412166254,LeaderAccept
1785412166199,false,1785412166296,LeaderAccept
1785412166241,false,1785412166339,LeaderAccept
1785412166285,true,1785412166383,LeaderAccept
1785412166331,true,1785412166428,LeaderAccept
1785412166376,true,1785412166475,LeaderAccept
1785412166423,false,1785412166521,LeaderAccept
1785412166472,true,1785412166569,LeaderAccept
1785412166521,true,1785412166619,LeaderAccept
1785412166572,true,1785412166670,LeaderAccept
1785412166624,true,1785412166722,LeaderAccept
1785412166677,true,1785412166775,LeaderAccept
1785412166733,true,1785412166832,LeaderAccept
1785412166788,true,1785412166886,LeaderAccept
1785412166847,true,1785412166944,LeaderAccept
1785412166907,true,1785412167004,LeaderAccept
1785412166968,true,1785412167067,LeaderAccept
1785412167032,false,1785412167129,LeaderAccept
1785412167096,true,1785412167194,LeaderAccept
1785412167164,true,1785412167263,LeaderAccept
1785412167233,false,1785412167332,LeaderAccept
1785412167305,false,1785412167403,LeaderAccept
1785412167379,false,1785412167476,LeaderAccept
1785412167456,false,1785412167555,LeaderAccept
1785412167537,false,1785412167634,LeaderAccept
1785412167621,false,1785412167718,LeaderAccept
1785412167708,false,1785412167805,LeaderAccept
1785412167799,false,1785412167897,LeaderAccept
1785412167894,false,1785412167992,LeaderAccept
1785412167993,true,1785412168090,LeaderAccept
1785412168099,true,1785412168197,LeaderAccept
1785412168209,false,1785412168307,LeaderAccept
1785412168326,true,1785412168424,LeaderAccept
1785412168449,true,1785412168548,LeaderAccept
1785412168580,true,1785412168677,LeaderAccept
1785412168720,true,1785412168818,LeaderAccept
1785412168869,true,1785412168967,LeaderAccept
1785412169031,false,1785412169129,LeaderAccept
1785412169205,false,1785412169302,LeaderAccept
1785412169396,true,1785412169494,LeaderAccept
1785412169605,false,1785412169703,LeaderAccept
1785412169837,true,1785412169935,LeaderAccept
1785412170097,true,1785412170195,LeaderAccept
1785412170395,false,1785412170492,LeaderAccept
1785412170740,true,1785412170837,LeaderAccept
1785412171148,false,1785412171246,LeaderAccept
1785412171650,false,1785412171748,LeaderAccept
1785412172293,false,1785412172390,LeaderAccept
1785412173182,true,1785412173279,LeaderAccept
1785412174304,false,1785412174401,LeaderAccept
1785412174319,false,1785412174417,LeaderAccept
1785412174336,true,1785412174433,LeaderAccept
1785412174351,false,1785412174449,LeaderAccept
1785412174368,false,1785412174465,LeaderAccept
1785412174383,false,1785412174481,LeaderAccept
1785412174400,true,1785412174498,LeaderAccept
1785412174416,false,1785412174514,LeaderAccept
1785412174433,false,1785412174530,LeaderAccept
1785412174449,false,1785412174547,LeaderAccept
1785412174466,false,1785412174564,LeaderAccept
1785412174483,false,1785412174581,LeaderAccept
1785412174500,false,1785412174598,LeaderAccept
1785412174518,true,1785412174615,LeaderAccept
1785412174535,false,1785412174632,LeaderAccept
1785412174552,false,1785412174649,LeaderAccept
1785412174569,true,1785412174667,LeaderAccept
1785412174587,true,1785412174684,LeaderAccept
1785412174604,true,1785412174701,LeaderAccept
1785412174623,false,1785412174720,LeaderAccept
1785412174641,false,1785412174738,LeaderAccept
1785412174660,false,1785412174757,LeaderAccept
1785412174678,true,1785412174775,LeaderAccept
1785412174697,true,1785412174793,LeaderAccept
1785412174716,false,1785412174813,LeaderAccept
1785412174734,true,1785412174831,LeaderAccept
1785412174753,true,1785412174850,LeaderAccept
1785412174772,true,1785412174869,LeaderAccept
1785412174792,false,1785412174889,LeaderAccept
1785412174812,true,1785412174909,LeaderAccept
1785412174831,false,1785412174928,LeaderAccept
1785412174850,false,1785412174948,LeaderAccept
1785412174870,false,1785412174968,LeaderAccept
1785412174891,true,1785412174988,LeaderAccept
1785412174912,false,1785412175009,LeaderAccept
1785412174933,true,1785412175030,LeaderAccept
1785412174954,true,1785412175052,LeaderAccept
1785412174975,false,1785412175073,LeaderAccept
1785412174996,true,1785412175094,LeaderAccept
1785412175018,true,1785412175116,LeaderAccept
1785412175040,false,1785412175137,LeaderAccept
1785412175062,true,1785412175160,LeaderAccept
1785412175085,true,1785412175183,LeaderAccept
1785412175107,true,1785412175205,LeaderAccept
1785412175130,true,1785412175228,LeaderAccept
1785412175154,false,1785412175251,LeaderAccept
1785412175177,false,1785412175275,LeaderAccept
1785412175200,false,1785412175297,LeaderAccept
1785412175224,true,1785412175321,LeaderAccept
1785412175248,true,1785412175346,LeaderAccept
1785412175272,false,1785412175369,LeaderAccept
1785412175296,false,1785412175393,LeaderAccept
1785412175321,true,1785412175418,LeaderAccept
1785412175346,true,1785412175443,LeaderAccept
1785412175371,false,1785412175469,LeaderAccept
1785412175398,false,1785412175495,LeaderAccept
1785412175424,true,1785412175521,LeaderAccept
1785412175451,true,1785412175548,LeaderAccept
1785412175477,true,1785412175575,LeaderAccept
1785412175505,false,1785412175602,LeaderAccept
1785412175532,false,1785412175629,LeaderAccept
1785412175560,true,1785412175658,LeaderAccept
1785412175588,true,1785412175686,LeaderAccept
1785412175616,false,1785412175715,LeaderAccept
1785412175646,false,1785412175744,LeaderAccept
1785412175675,true,1785412175772,LeaderAccept
1785412175705,false,1785412175803,LeaderAccept
1785412175735,false,1785412175833,LeaderAccept
1785412175767,true,1785412175864,LeaderAccept
1785412175799,false,1785412175896,LeaderAccept
1785412175830,false,1785412175927,LeaderAccept
1785412175862,true,1785412175960,LeaderAccept
1785412175894,true,1785412175992,LeaderAccept
1785412175927,true,1785412176025,LeaderAccept
1785412175960,false,1785412176057,LeaderAccept
1785412175995,false,1785412176092,LeaderAccept
1785412176029,false,1785412176126,LeaderAccept
1785412176064,true,1785412176162,LeaderAccept
1785412176100,true,1785412176198,LeaderAccept
1785412176137,false,1785412176235,LeaderAccept
1785412176174,false,1785412176271,LeaderAccept
1785412176211,true,1785412176309,LeaderAccept
1785412176249,false,1785412176347,LeaderAccept
1785412176288,false,1785412176386,LeaderAccept
1785412176328,true,1785412176427,LeaderAccept
1785412176369,false,1785412176467,LeaderAccept
1785412176411,false,1785412176509,LeaderAccept
1785412176453,true,1785412176551,LeaderAccept
1785412176496,false,1785412176594,LeaderAccept
1785412176540,false,1785412176638,LeaderAccept
1785412176585,true,1785412176682,LeaderAccept
1785412176631,false,1785412176730,LeaderAccept
1785412176678,false,1785412176776,LeaderAccept
1785412176727,true,1785412176825,LeaderAccept
1785412176776,true,1785412176873,LeaderAccept
1785412176827,false,1785412176924,LeaderAccept
1785412176879,true,1785412176977,LeaderAccept
1785412176933,true,1785412177031,LeaderAccept
1785412176987,false,1785412177085,LeaderAccept
1785412177044,true,1785412177142,LeaderAccept
1785412177101,true,1785412177200,LeaderAccept
1785412177161,false,1785412177259,LeaderAccept
1785412177222,false,1785412177320,LeaderAccept
1785412177286,true,1785412177384,LeaderAccept
1785412177350,false,1785412177448,LeaderAccept
1785412177417,true,1785412177515,LeaderAccept
1785412177486,true,1785412177584,LeaderAccept
1785412177558,false,1785412177657,LeaderAccept
1785412177633,false,1785412177731,LeaderAccept
1785412177710,false,1785412177809,LeaderAccept
1785412177790,true,1785412177889,LeaderAccept
1785412177873,true,1785412177970,LeaderAccept
1785412177960,true,1785412178058,LeaderAccept
1785412178051,false,1785412178149,LeaderAccept
1785412178145,true,1785412178244,LeaderAccept
1785412178245,false,1785412178343,LeaderAccept
1785412178349,false,1785412178446,LeaderAccept
1785412178459,false,1785412178557,LeaderAccept
1785412178575,false,1785412178672,LeaderAccept
1785412178698,false,1785412178796,LeaderAccept
1785412178828,false,1785412178925,LeaderAccept
1785412178968,true,1785412179066,LeaderAccept
1785412179117,true,1785412179215,LeaderAccept
1785412179277,false,1785412179375,LeaderAccept
1785412179451,false,1785412179550,LeaderAccept
1785412179641,false,1785412179739,LeaderAccept
1785412179850,true,1785412179947,LeaderAccept
1785412180081,true,1785412180179,LeaderAccept
1785412180340,false,1785412180438,LeaderAccept
1785412180635,false,1785412180733,LeaderAccept
1785412180978,false,1785412181075,LeaderAccept
1785412181384,true,1785412181482,LeaderAccept
1785412181880,true,1785412181978,LeaderAccept
1785412182516,false,1785412182603,FastAccept
1785412183389,false,1785412183477,FastAccept
1785412184740,false,1785412184827,FastAccept
1785412184795,false,1785412184883,FastAccept
1785412184829,false,1785412184916,FastAccept
1785412184864,true,1785412184951,FastAccept
1785412184898,false,1785412184984,FastAccept
1785412184933,false,1785412185054,LeaderAccept
1785412184970,false,1785412185091,LeaderAccept
1785412185007,false,1785412185128,LeaderAccept
1785412185044,true,1785412185141,LeaderAccept
1785412185082,false,1785412185179,LeaderAccept
1785412185120,false,1785412185218,LeaderAccept
1785412185159,false,1785412185256,LeaderAccept
1785412185200,false,1785412185298,LeaderAccept
1785412185241,false,1785412185339,LeaderAccept
1785412185283,true,1785412185380,LeaderAccept
1785412185325,false,1785412185422,LeaderAccept
1785412185369,false,1785412185466,LeaderAccept
1785412185414,false,1785412185512,LeaderAccept
1785412185459,true,1785412185556,LeaderAccept
1785412185506,true,1785412185602,LeaderAccept
1785412185553,false,1785412185651,LeaderAccept
1785412185602,true,1785412185699,LeaderAccept
1785412185651,false,1785412185748,LeaderAccept
1785412185701,false,1785412185799,LeaderAccept
1785412185754,false,1785412185851,LeaderAccept
1785412185807,false,1785412185904,LeaderAccept
1785412185863,false,1785412185960,LeaderAccept
1785412185919,false,1785412186016,LeaderAccept
1785412185977,false,1785412186074,LeaderAccept
1785412186037,true,1785412186133,LeaderAccept
1785412186099,false,1785412186196,LeaderAccept
1785412186163,true,1785412186260,LeaderAccept
1785412186228,false,1785412186324,LeaderAccept
1785412186296,true,1785412186393,LeaderAccept
1785412186366,true,1785412186463,LeaderAccept
1785412186437,false,1785412186536,LeaderAccept
1785412186513,false,1785412186609,LeaderAccept
1785412186590,false,1785412186688,LeaderAccept
1785412186671,false,1785412186768,LeaderAccept
1785412186754,false,1785412186852,LeaderAccept
1785412186841,true,1785412186938,LeaderAccept
1785412186933,true,1785412187029,LeaderAccept
1785412187028,false,1785412187125,LeaderAccept
1785412187128,true,1785412187225,LeaderAccept
1785412187233,false,1785412187330,LeaderAccept
1785412187343,true,1785412187440,LeaderAccept
1785412187461,false,1785412187558,LeaderAccept
1785412187584,true,1785412187682,LeaderAccept
1785412187716,false,1785412187813,LeaderAccept
1785412187856,false,1785412187954,LeaderAccept
1785412188007,true,1785412188104,LeaderAccept
1785412188169,true,1785412188267,LeaderAccept
1785412188346,true,1785412188443,LeaderAccept
1785412188538,false,1785412188635,LeaderAccept
1785412188749,false,1785412188847,LeaderAccept
1785412188983,true,1785412189082,LeaderAccept
1785412189247,true,1785412189345,LeaderAccept
1785412189548,false,1785412189645,LeaderAccept
1785412189896,false,1785412189994,LeaderAccept
1785412190311,true,1785412190409,LeaderAccept
1785412190822,false,1785412190919,LeaderAccept
1785412191482,true,1785412191580,LeaderAccept
1785412192398,false,1785412192496,LeaderAccept
1785412193846,false,1785412193933,FastAccept
1785412196830,false,1785412196918,FastAccept
1785412204235,true,1785412204332,LeaderAccept
1785412204252,true,1785412204350,LeaderAccept
1785412204270,true,1785412204369,LeaderAccept
1785412204288,false,1785412204385,LeaderAccept
1785412204305,false,1785412204404,LeaderAccept
1785412204324,true,1785412204422,LeaderAccept
1785412204341,false,1785412204439,LeaderAccept
1785412204360,false,1785412204458,LeaderAccept
1785412204379,false,1785412204477,LeaderAccept
1785412204398,false,1785412204495,LeaderAccept
1785412204416,false,1785412204515,LeaderAccept
1785412204435,true,1785412204532,LeaderAccept
1785412204453,true,1785412204551,LeaderAccept
1785412204473,true,1785412204570,LeaderAccept
1785412204491,false,1785412204588,LeaderAccept
1785412204510,false,1785412204607,LeaderAccept
1785412204529,false,1785412204627,LeaderAccept
1785412204548,true,1785412204646,LeaderAccept
1785412204568,true,1785412204667,LeaderAccept
1785412204588,false,1785412204685,LeaderAccept
1785412204609,true,1785412204706,LeaderAccept
1785412204629,true,1785412204727,LeaderAccept
1785412204649,true,1785412204747,LeaderAccept
1785412204671,true,1785412204769,LeaderAccept
1785412204691,true,1785412204789,LeaderAccept
1785412204712,false,1785412204810,LeaderAccept
1785412204733,false,1785412204832,LeaderAccept
1785412204756,false,1785412204853,LeaderAccept
1785412204777,false,1785412204876,LeaderAccept
1785412204800,true,1785412204897,LeaderAccept
1785412204823,true,1785412204920,LeaderAccept
1785412204846,false,1785412204944,LeaderAccept
1785412204868,false,1785412204966,LeaderAccept
1785412204892,false,1785412204989,LeaderAccept
1785412204916,true,1785412205013,LeaderAccept
1785412204940,true,1785412205038,LeaderAccept
1785412204963,false,1785412205060,LeaderAccept
1785412204987,true,1785412205085,LeaderAccept
1785412205011,true,1785412205109,LeaderAccept
1785412205037,false,1785412205134,LeaderAccept
1785412205062,true,1785412205159,LeaderAccept
1785412205087,true,1785412205185,LeaderAccept
1785412205112,false,1785412205210,LeaderAccept
1785412205138,false,1785412205235,LeaderAccept
1785412205165,false,1785412205262,LeaderAccept
1785412205192,true,1785412205290,LeaderAccept
1785412205218,false,1785412205316,LeaderAccept
1785412205245,true,1785412205342,LeaderAccept
1785412205272,true,1785412205370,LeaderAccept
1785412205301,true,1785412205398,LeaderAccept
1785412205329,true,1785412205427,LeaderAccept
1785412205357,false,1785412205455,LeaderAccept
1785412205386,false,1785412205483,LeaderAccept
1785412205416,true,1785412205512,LeaderAccept
1785412205446,true,1785412205545,LeaderAccept
1785412205476,false,1785412205574,LeaderAccept
1785412205508,false,1785412205605,LeaderAccept
1785412205540,true,1785412205638,LeaderAccept
1785412205571,true,1785412205669,LeaderAccept
1785412205604,true,1785412205702,LeaderAccept
1785412205637,true,1785412205735,LeaderAccept
1785412205670,false,1785412205767,LeaderAccept
1785412205704,true,1785412205802,LeaderAccept
1785412205739,false,1785412205836,LeaderAccept
1785412205773,false,1785412205872,LeaderAccept
1785412205810,true,1785412205907,LeaderAccept
1785412205847,false,1785412205945,LeaderAccept
1785412205884,false,1785412205981,LeaderAccept
1785412205922,false,1785412206019,LeaderAccept
1785412205960,false,1785412206058,LeaderAccept
1785412206000,true,1785412206098,LeaderAccept
1785412206040,false,1785412206137,LeaderAccept
1785412206080,false,1785412206179,LeaderAccept
1785412206121,true,1785412206219,LeaderAccept
1785412206164,false,1785412206261,LeaderAccept
1785412206206,true,1785412206304,LeaderAccept
1785412206250,false,1785412206348,LeaderAccept
1785412206296,true,1785412206393,LeaderAccept
1785412206342,true,1785412206438,LeaderAccept
1785412206389,true,1785412206487,LeaderAccept
1785412206437,true,1785412206534,LeaderAccept
1785412206487,true,1785412206584,LeaderAccept
1785412206538,true,1785412206636,LeaderAccept
1785412206590,true,1785412206688,LeaderAccept
1785412206642,true,1785412206741,LeaderAccept
1785412206697,true,1785412206795,LeaderAccept
1785412206753,true,1785412206850,LeaderAccept
1785412206811,true,1785412206908,LeaderAccept
1785412206870,false,1785412206968,LeaderAccept
1785412206932,true,1785412207031,LeaderAccept
1785412206994,false,1785412207094,LeaderAccept
1785412207058,false,1785412207157,LeaderAccept
1785412207125,false,1785412207222,LeaderAccept
1785412207194,false,1785412207291,LeaderAccept
1785412207266,false,1785412207363,LeaderAccept
1785412207339,false,1785412207437,LeaderAccept
1785412207416,false,1785412207514,LeaderAccept
1785412207495,true,1785412207593,LeaderAccept
1785412207577,true,1785412207674,LeaderAccept
1785412207664,true,1785412207762,LeaderAccept
1785412207753,false,1785412207852,LeaderAccept
1785412207847,false,1785412207945,LeaderAccept
1785412207946,false,1785412208045,LeaderAccept
1785412208050,true,1785412208149,LeaderAccept
1785412208158,false,1785412208256,LeaderAccept
1785412208274,false,1785412208372,LeaderAccept
1785412208395,false,1785412208493,LeaderAccept
1785412208523,false,1785412208621,LeaderAccept
1785412208661,false,1785412208759,LeaderAccept
1785412208807,true,1785412208905,LeaderAccept
1785412208966,true,1785412209063,LeaderAccept
1785412209137,false,1785412209235,LeaderAccept
1785412209324,true,1785412209422,LeaderAccept
1785412209527,false,1785412209625,LeaderAccept
1785412209754,true,1785412209852,LeaderAccept
1785412210006,true,1785412210105,LeaderAccept
1785412210293,true,1785412210392,LeaderAccept
1785412210625,false,1785412210723,LeaderAccept
1785412211015,false,1785412211113,LeaderAccept
1785412211490,true,1785412211588,LeaderAccept
1785412212091,true,1785412212177,FastAccept
1785412212903,true,1785412212989,FastAccept
1785412214120,false,1785412214205,FastAccept
1785412216355,false,1785412216440,FastAccept
1785412223185,false,1785412223283,LeaderAccept
1785412233283,false,1785412233380,LeaderAccept
1785412233308,true,1785412233406,LeaderAccept
1785412233333,false,1785412233430,LeaderAccept
1785412233358,false,1785412233456,LeaderAccept
1785412233383,false,1785412233482,LeaderAccept
1785412233409,false,1785412233508,LeaderAccept
1785412233436,true,1785412233534,LeaderAccept
1785412233462,true,1785412233560,LeaderAccept
1785412233490,true,1785412233587,LeaderAccept
1785412233518,false,1785412233616,LeaderAccept
1785412233546,false,1785412233645,LeaderAccept
1785412233574,false,1785412233671,LeaderAccept
1785412233603,false,1785412233701,LeaderAccept
1785412233632,true,1785412233729,LeaderAccept
1785412233662,false,1785412233759,LeaderAccept
1785412233692,false,1785412233790,LeaderAccept
1785412233721,false,1785412233818,LeaderAccept
1785412233752,false,1785412233849,LeaderAccept
1785412233783,true,1785412233881,LeaderAccept
1785412233815,false,1785412233914,LeaderAccept
1785412233847,false,1785412233945,LeaderAccept
1785412233878,false,1785412233976,LeaderAccept
1785412233912,true,1785412234010,LeaderAccept
1785412233945,false,1785412234043,LeaderAccept
1785412233979,true,1785412234077,LeaderAccept
1785412234013,false,1785412234111,LeaderAccept
1785412234048,false,1785412234146,LeaderAccept
1785412234083,false,1785412234181,LeaderAccept
1785412234119,true,1785412234218,LeaderAccept
1785412234155,false,1785412234254,LeaderAccept
1785412234193,false,1785412234292,LeaderAccept
1785412234230,false,1785412234328,LeaderAccept
1785412234269,true,1785412234368,LeaderAccept
1785412234309,false,1785412234408,LeaderAccept
1785412234350,true,1785412234448,LeaderAccept
1785412234392,true,1785412234490,LeaderAccept
1785412234433,false,1785412234531,LeaderAccept
1785412234477,false,1785412234575,LeaderAccept
1785412234521,true,1785412234619,LeaderAccept
1785412234565,false,1785412234663,LeaderAccept
1785412234610,false,1785412234708,LeaderAccept
1785412234656,false,1785412234754,LeaderAccept
1785412234703,false,1785412234803,LeaderAccept
1785412234752,false,1785412234850,LeaderAccept
1785412234803,false,1785412234901,LeaderAccept
1785412234853,false,1785412234951,LeaderAccept
1785412234906,true,1785412235004,LeaderAccept
1785412234959,false,1785412235057,LeaderAccept
1785412235014,false,1785412235112,LeaderAccept
1785412235071,false,1785412235169,LeaderAccept
1785412235129,true,1785412235226,LeaderAccept
1785412235188,true,1785412235286,LeaderAccept
1785412235251,true,1785412235348,LeaderAccept
1785412235314,true,1785412235412,LeaderAccept
1785412235380,true,1785412235478,LeaderAccept
1785412235447,true,1785412235545,LeaderAccept
1785412235518,true,1785412235617,LeaderAccept
1785412235591,true,1785412235688,LeaderAccept
1785412235666,true,1785412235763,LeaderAccept
1785412235745,false,1785412235843,LeaderAccept
1785412235827,true,1785412235925,LeaderAccept
1785412235911,false,1785412236009,LeaderAccept
1785412236000,true,1785412236097,LeaderAccept
1785412236091,true,1785412236189,LeaderAccept
1785412236188,false,1785412236286,LeaderAccept
1785412236288,false,1785412236386,LeaderAccept
1785412236395,true,1785412236492,LeaderAccept
1785412236507,false,1785412236605,LeaderAccept
1785412236624,false,1785412236722,LeaderAccept
1785412236749,true,1785412236846,LeaderAccept
1785412236883,false,1785412236982,LeaderAccept
1785412237026,false,1785412237123,LeaderAccept
1785412237179,false,1785412237276,LeaderAccept
1785412237343,true,1785412237441,LeaderAccept
1785412237522,true,1785412237619,LeaderAccept
1785412237717,true,1785412237815,LeaderAccept
1785412237933,true,1785412238031,LeaderAccept
1785412238172,false,1785412238270,LeaderAccept
1785412238442,true,1785412238540,LeaderAccept
1785412238751,true,1785412238850,LeaderAccept
1785412239111,true,1785412239209,LeaderAccept
1785412239542,false,1785412239640,LeaderAccept
1785412240076,false,1785412240175,LeaderAccept
1785412240773,true,1785412240872,LeaderAccept
1785412241761,false,1785412241859,LeaderAccept
1785412243377,true,1785412243475,LeaderAccept
1785412247005,false,1785412247103,LeaderAccept
1785412269244,false,1785412269342,LeaderAccept
1785412270656,false,1785412270753,LeaderAccept
1785412270676,false,1785412270774,LeaderAccept
1785412270697,true,1785412270795,LeaderAccept
1785412270717,true,1785412270816,LeaderAccept
1785412270739,false,1785412270837,LeaderAccept
1785412270761,false,1785412270859,LeaderAccept
1785412270783,true,1785412270880,LeaderAccept
1785412270804,false,1785412270903,LeaderAccept
1785412270825,true,1785412270923,LeaderAccept
1785412270848,false,1785412270945,LeaderAccept
1785412270871,false,1785412270969,LeaderAccept
1785412270894,true,1785412270992,LeaderAccept
1785412270917,true,1785412271015,LeaderAccept
1785412270940,true,1785412271037,LeaderAccept
1785412270964,true,1785412271061,LeaderAccept
1785412270987,false,1785412271085,LeaderAccept
1785412271011,true,1785412271109,LeaderAccept
1785412271036,false,1785412271133,LeaderAccept
1785412271060,false,1785412271158,LeaderAccept
1785412271084,true,1785412271182,LeaderAccept
1785412271109,true,1785412271206,LeaderAccept
1785412271134,false,1785412271233,LeaderAccept
1785412271160,false,1785412271259,LeaderAccept
1785412271186,true,1785412271284,LeaderAccept
1785412271212,false,1785412271309,LeaderAccept
1785412271239,true,1785412271337,LeaderAccept
1785412271266,false,1785412271363,LeaderAccept
1785412271292,false,1785412271390,LeaderAccept
1785412271320,false,1785412271417,LeaderAccept
1785412271347,false,1785412271445,LeaderAccept
1785412271376,false,1785412271473,LeaderAccept
1785412271405,true,1785412271504,LeaderAccept
1785412271434,false,1785412271532,LeaderAccept
1785412271464,true,1785412271561,LeaderAccept
1785412271493,false,1785412271591,LeaderAccept
1785412271523,false,1785412271620,LeaderAccept
1785412271553,true,1785412271650,LeaderAccept
1785412271585,false,1785412271682,LeaderAccept
1785412271617,true,1785412271716,LeaderAccept
1785412271650,false,1785412271747,LeaderAccept
1785412271682,true,1785412271780,LeaderAccept
1785412271716,true,1785412271813,LeaderAccept
1785412271750,true,1785412271847,LeaderAccept
1785412271784,true,1785412271882,LeaderAccept
1785412271819,true,1785412271916,LeaderAccept
1785412271854,true,1785412271952,LeaderAccept
1785412271889,false,1785412271987,LeaderAccept
1785412271925,false,1785412272022,LeaderAccept
1785412271963,false,1785412272060,LeaderAccept
1785412272001,false,1785412272098,LeaderAccept
1785412272039,false,1785412272137,LeaderAccept
1785412272078,true,1785412272176,LeaderAccept
1785412272118,false,1785412272216,LeaderAccept
1785412272159,true,1785412272257,LeaderAccept
1785412272201,true,1785412272299,LeaderAccept
1785412272244,true,1785412272341,LeaderAccept
1785412272287,false,1785412272385,LeaderAccept
1785412272331,true,1785412272429,LeaderAccept
1785412272377,false,1785412272475,LeaderAccept
1785412272423,false,1785412272520,LeaderAccept
1785412272469,false,1785412272566,LeaderAccept
1785412272518,false,1785412272617,LeaderAccept
1785412272567,false,1785412272664,LeaderAccept
1785412272617,true,1785412272715,LeaderAccept
1785412272670,false,1785412272768,LeaderAccept
1785412272723,false,1785412272821,LeaderAccept
1785412272777,false,1785412272876,LeaderAccept
1785412272833,false,1785412272931,LeaderAccept
1785412272890,true,1785412272987,LeaderAccept
1785412272949,false,1785412273046,LeaderAccept
1785412273011,false,1785412273108,LeaderAccept
1785412273074,true,1785412273171,LeaderAccept
1785412273138,false,1785412273236,LeaderAccept
1785412273206,true,1785412273304,LeaderAccept
1785412273275,true,1785412273372,LeaderAccept
1785412273347,true,1785412273445,LeaderAccept
1785412273422,true,1785412273520,LeaderAccept
1785412273500,true,1785412273597,LeaderAccept
1785412273579,true,1785412273677,LeaderAccept
1785412273662,false,1785412273760,LeaderAccept
1785412273748,false,1785412273845,LeaderAccept
1785412273838,true,1785412273935,LeaderAccept
1785412273932,false,1785412274030,LeaderAccept
1785412274032,true,1785412274128,LeaderAccept
1785412274136,true,1785412274233,LeaderAccept
1785412274245,false,1785412274343,LeaderAccept
1785412274362,true,1785412274459,LeaderAccept
1785412274485,false,1785412274582,LeaderAccept
1785412274614,true,1785412274712,LeaderAccept
1785412274753,true,1785412274850,LeaderAccept
1785412274901,false,1785412274999,LeaderAccept
1785412275061,false,1785412275158,LeaderAccept
1785412275235,true,1785412275333,LeaderAccept
1785412275423,false,1785412275521,LeaderAccept
1785412275630,true,1785412275728,LeaderAccept
1785412275859,true,1785412275957,LeaderAccept
1785412276116,true,1785412276214,LeaderAccept
1785412276408,false,1785412276506,LeaderAccept
1785412276747,true,1785412276845,LeaderAccept
1785412277148,true,1785412277246,LeaderAccept
1785412277636,true,1785412277734,LeaderAccept
1785412278261,true,1785412278358,LeaderAccept
1785412279114,false,1785412279211,LeaderAccept
1785412280420,false,1785412280518,LeaderAccept
1785412282927,true,1785412283012,FastAccept
1785412286568,false,1785412286653,FastAccept
1785412286588,true,1785412286674,FastAccept
1785412286610,true,1785412286696,FastAccept
1785412286631,false,1785412286717,FastAccept
1785412286653,true,1785412286738,FastAccept
1785412286674,false,1785412286760,FastAccept
1785412286696,false,1785412286782,FastAccept
1785412286718,false,1785412286803,FastAccept
1785412286741,true,1785412286827,FastAccept
1785412286763,false,1785412286849,FastAccept
1785412286787,true,1785412286872,FastAccept
1785412286811,false,1785412286951,LeaderAccept
1785412286834,false,1785412286951,SlowAccept
1785412286859,false,1785412286973,LeaderAccept
1785412286882,false,1785412286996,LeaderAccept
1785412286906,true,1785412287003,LeaderAccept
1785412286930,false,1785412287027,LeaderAccept
1785412286955,true,1785412287053,LeaderAccept
1785412286980,false,1785412287078,LeaderAccept
1785412287005,false,1785412287103,LeaderAccept
1785412287032,true,1785412287129,LeaderAccept
1785412287058,false,1785412287156,LeaderAccept
1785412287084,true,1785412287182,LeaderAccept
1785412287111,true,1785412287209,LeaderAccept
1785412287139,false,1785412287236,LeaderAccept
1785412287167,true,1785412287264,LeaderAccept
1785412287195,false,1785412287292,LeaderAccept
1785412287223,false,1785412287321,LeaderAccept
1785412287252,true,1785412287350,LeaderAccept
1785412287281,true,1785412287378,LeaderAccept
1785412287311,true,1785412287408,LeaderAccept
1785412287340,true,1785412287437,LeaderAccept
1785412287371,false,1785412287468,LeaderAccept
1785412287402,true,1785412287499,LeaderAccept
1785412287433,false,1785412287530,LeaderAccept
1785412287465,false,1785412287562,LeaderAccept
1785412287497,true,1785412287595,LeaderAccept
1785412287529,false,1785412287627,LeaderAccept
1785412287562,false,1785412287660,LeaderAccept
1785412287597,false,1785412287695,LeaderAccept
1785412287631,true,1785412287729,LeaderAccept
1785412287666,true,1785412287764,LeaderAccept
1785412287702,true,1785412287799,LeaderAccept
1785412287738,true,1785412287835,LeaderAccept
1785412287774,true,1785412287873,LeaderAccept
1785412287812,true,1785412287910,LeaderAccept
1785412287850,false,1785412287947,LeaderAccept
1785412287888,false,1785412287986,LeaderAccept
1785412287927,true,1785412288026,LeaderAccept
1785412287967,true,1785412288066,LeaderAccept
1785412288008,true,1785412288106,LeaderAccept
1785412288050,false,1785412288148,LeaderAccept
1785412288093,false,1785412288190,LeaderAccept
1785412288136,true,1785412288235,LeaderAccept
1785412288181,false,1785412288278,LeaderAccept
1785412288226,true,1785412288325,LeaderAccept
1785412288273,true,1785412288371,LeaderAccept
1785412288321,true,1785412288419,LeaderAccept
1785412288369,true,1785412288467,LeaderAccept
1785412288419,true,1785412288516,LeaderAccept
1785412288470,false,1785412288568,LeaderAccept
1785412288523,true,1785412288620,LeaderAccept
1785412288577,false,1785412288675,LeaderAccept
1785412288632,true,1785412288730,LeaderAccept
1785412288688,true,1785412288786,LeaderAccept
1785412288747,false,1785412288845,LeaderAccept
1785412288806,true,1785412288904,LeaderAccept
1785412288869,true,1785412288966,LeaderAccept
1785412288933,true,1785412289030,LeaderAccept
1785412288999,true,1785412289096,LeaderAccept
1785412289067,false,1785412289164,LeaderAccept
1785412289136,false,1785412289233,LeaderAccept
1785412289210,false,1785412289307,LeaderAccept
1785412289286,true,1785412289384,LeaderAccept
1785412289365,true,1785412289463,LeaderAccept
1785412289445,true,1785412289543,LeaderAccept
1785412289529,true,1785412289628,LeaderAccept
1785412289617,false,1785412289715,LeaderAccept
1785412289709,false,1785412289806,LeaderAccept
1785412289805,true,1785412289903,LeaderAccept
1785412289906,true,1785412290003,LeaderAccept
1785412290012,true,1785412290109,LeaderAccept
1785412290124,true,1785412290221,LeaderAccept
1785412290242,true,1785412290339,LeaderAccept
1785412290367,true,1785412290464,LeaderAccept
1785412290500,true,1785412290598,LeaderAccept
1785412290641,false,1785412290739,LeaderAccept
1785412290794,false,1785412290892,LeaderAccept
1785412290958,false,1785412291056,LeaderAccept
1785412291136,false,1785412291234,LeaderAccept
1785412291331,true,1785412291430,LeaderAccept
1785412291545,false,1785412291643,LeaderAccept
1785412291785,false,1785412291883,LeaderAccept
1785412292053,true,1785412292151,LeaderAccept
1785412292360,false,1785412292458,LeaderAccept
1785412292719,false,1785412292805,FastAccept
1785412293148,false,1785412293233,FastAccept
1785412293679,false,1785412293764,FastAccept
1785412294370,false,1785412294456,FastAccept
1785412295347,false,1785412295432,FastAccept
1785412296936,true,1785412297022,FastAccept
1785412300455,true,1785412300552,LeaderAccept
1785412309288,true,1785412309385,LeaderAccept
1785412309307,false,1785412309404,LeaderAccept
1785412309328,true,1785412309426,LeaderAccept
1785412309347,true,1785412309445,LeaderAccept
1785412309368,false,1785412309464,LeaderAccept
1785412309388,false,1785412309485,LeaderAccept
1785412309410,false,1785412309507,LeaderAccept
1785412309430,false,1785412309527,LeaderAccept
1785412309451,false,1785412309548,LeaderAccept
1785412309473,true,1785412309570,LeaderAccept
1785412309494,true,1785412309593,LeaderAccept
1785412309517,false,1785412309614,LeaderAccept
1785412309539,false,1785412309636,LeaderAccept
1785412309561,true,1785412309659,LeaderAccept
1785412309583,false,1785412309681,LeaderAccept
1785412309606,false,1785412309704,LeaderAccept
1785412309629,false,1785412309726,LeaderAccept
1785412309653,true,1785412309750,LeaderAccept
1785412309676,false,1785412309773,LeaderAccept
1785412309699,false,1785412309796,LeaderAccept
1785412309724,true,1785412309821,LeaderAccept
1785412309747,false,1785412309845,LeaderAccept
1785412309771,true,1785412309869,LeaderAccept
1785412309795,true,1785412309893,LeaderAccept
1785412309821,true,1785412309918,LeaderAccept
1785412309847,true,1785412309944,LeaderAccept
1785412309873,true,1785412309969,LeaderAccept
1785412309899,false,1785412309996,LeaderAccept
1785412309926,false,1785412310023,LeaderAccept
1785412309953,false,1785412310050,LeaderAccept
1785412309980,false,1785412310077,LeaderAccept
1785412310006,false,1785412310104,LeaderAccept
1785412310034,true,1785412310130,LeaderAccept
1785412310061,true,1785412310158,LeaderAccept
1785412310089,false,1785412310187,LeaderAccept
1785412310119,true,1785412310216,LeaderAccept
1785412310149,true,1785412310246,LeaderAccept
1785412310178,true,1785412310276,LeaderAccept
1785412310208,false,1785412310305,LeaderAccept
1785412310238,true,1785412310334,LeaderAccept
1785412310269,false,1785412310366,LeaderAccept
1785412310300,true,1785412310397,LeaderAccept
1785412310333,true,1785412310430,LeaderAccept
1785412310365,false,1785412310462,LeaderAccept
1785412310398,true,1785412310495,LeaderAccept
1785412310431,true,1785412310529,LeaderAccept
1785412310466,false,1785412310564,LeaderAccept
1785412310500,true,1785412310598,LeaderAccept
1785412310535,true,1785412310632,LeaderAccept
1785412310571,true,1785412310668,LeaderAccept
1785412310608,true,1785412310705,LeaderAccept
1785412310645,true,1785412310742,LeaderAccept
1785412310683,true,1785412310780,LeaderAccept
1785412310721,false,1785412310819,LeaderAccept
1785412310760,false,1785412310858,LeaderAccept
1785412310800,false,1785412310898,LeaderAccept
1785412310841,false,1785412310939,LeaderAccept
1785412310882,true,1785412310980,LeaderAccept
1785412310924,true,1785412311022,LeaderAccept
1785412310967,false,1785412311065,LeaderAccept
1785412311011,true,1785412311109,LeaderAccept
1785412311057,false,1785412311154,LeaderAccept
1785412311102,true,1785412311200,LeaderAccept
1785412311150,false,1785412311247,LeaderAccept
1785412311198,false,1785412311296,LeaderAccept
1785412311247,true,1785412311344,LeaderAccept
1785412311297,true,1785412311395,LeaderAccept
1785412311350,false,1785412311448,LeaderAccept
1785412311403,true,1785412311500,LeaderAccept
1785412311458,true,1785412311556,LeaderAccept
1785412311514,true,1785412311611,LeaderAccept
1785412311571,false,1785412311669,LeaderAccept
1785412311631,true,1785412311728,LeaderAccept
1785412311692,false,1785412311789,LeaderAccept
1785412311755,true,1785412311852,LeaderAccept
1785412311819,false,1785412311916,LeaderAccept
1785412311885,true,1785412311983,LeaderAccept
1785412311955,false,1785412312052,LeaderAccept
1785412312026,false,1785412312124,LeaderAccept
1785412312101,true,1785412312198,LeaderAccept
1785412312177,true,1785412312274,LeaderAccept
1785412312257,false,1785412312353,LeaderAccept
1785412312339,true,1785412312437,LeaderAccept
1785412312425,false,1785412312524,LeaderAccept
1785412312516,false,1785412312613,LeaderAccept
1785412312609,true,1785412312708,LeaderAccept
1785412312707,true,1785412312805,LeaderAccept
1785412312812,true,1785412312910,LeaderAccept
1785412312920,true,1785412313018,LeaderAccept
1785412313035,true,1785412313135,LeaderAccept
1785412313157,false,1785412313254,LeaderAccept
1785412313286,true,1785412313384,LeaderAccept
1785412313424,false,1785412313522,LeaderAccept
1785412313572,true,1785412313669,LeaderAccept
1785412313731,false,1785412313828,LeaderAccept
1785412313902,true,1785412314001,LeaderAccept
1785412314089,false,1785412314187,LeaderAccept
1785412314294,false,1785412314392,LeaderAccept
1785412314346,false,1785412314444,LeaderAccept
1785412314355,true,1785412314452,LeaderAccept
1785412314378,false,1785412314477,LeaderAccept
1785412314403,true,1785412314501,LeaderAccept
1785412314427,false,1785412314525,LeaderAccept
1785412314452,true,1785412314550,LeaderAccept
1785412314477,true,1785412314575,LeaderAccept
1785412314502,false,1785412314600,LeaderAccept
1785412314528,true,1785412314625,LeaderAccept
1785412314553,false,1785412314650,LeaderAccept
1785412314580,false,1785412314677,LeaderAccept
1785412314607,true,1785412314704,LeaderAccept
1785412314633,false,1785412314731,LeaderAccept
1785412314660,false,1785412314757,LeaderAccept
1785412314687,false,1785412314785,LeaderAccept
1785412314715,true,1785412314813,LeaderAccept
1785412314744,false,1785412314841,LeaderAccept
1785412314772,true,1785412314870,LeaderAccept
1785412314801,false,1785412314898,LeaderAccept
1785412314830,false,1785412314927,LeaderAccept
1785412314859,true,1785412314957,LeaderAccept
1785412314889,false,1785412314986,LeaderAccept
1785412314919,true,1785412315017,LeaderAccept
1785412314950,true,1785412315047,LeaderAccept
1785412314981,true,1785412315078,LeaderAccept
1785412315014,false,1785412315111,LeaderAccept
1785412315047,true,1785412315144,LeaderAccept
1785412315080,true,1785412315176,LeaderAccept
1785412315113,false,1785412315211,LeaderAccept
1785412315148,true,1785412315245,LeaderAccept
1785412315183,true,1785412315280,LeaderAccept
1785412315218,true,1785412315315,LeaderAccept
1785412315253,true,1785412315350,LeaderAccept
1785412315290,true,1785412315388,LeaderAccept
1785412315328,true,1785412315425,LeaderAccept
1785412315366,false,1785412315464,LeaderAccept
1785412315405,true,1785412315503,LeaderAccept
1785412315444,true,1785412315542,LeaderAccept
1785412315484,true,1785412315581,LeaderAccept
1785412315524,false,1785412315622,LeaderAccept
1785412315565,true,1785412315662,LeaderAccept
1785412315608,false,1785412315705,LeaderAccept
1785412315651,false,1785412315748,LeaderAccept
1785412315695,true,1785412315793,LeaderAccept
1785412315740,true,1785412315838,LeaderAccept
1785412315785,true,1785412315882,LeaderAccept
1785412315833,false,1785412315930,LeaderAccept
1785412315882,true,1785412315979,LeaderAccept
1785412315931,true,1785412316029,LeaderAccept
1785412315982,true,1785412316080,LeaderAccept
1785412316035,true,1785412316132,LeaderAccept
1785412316089,true,1785412316186,LeaderAccept
1785412316144,false,1785412316241,LeaderAccept
1785412316200,true,1785412316297,LeaderAccept
1785412316258,false,1785412316355,LeaderAccept
1785412316317,false,1785412316414,LeaderAccept
1785412316377,false,1785412316475,LeaderAccept
1785412316440,true,1785412316538,LeaderAccept
1785412316505,true,1785412316603,LeaderAccept
1785412316572,true,1785412316670,LeaderAccept
1785412316641,true,1785412316738,LeaderAccept
1785412316713,true,1785412316810,LeaderAccept
1785412316788,true,1785412316885,LeaderAccept
1785412316865,false,1785412316962,LeaderAccept
1785412316945,true,1785412317042,LeaderAccept
1785412317028,false,1785412317126,LeaderAccept
1785412317114,false,1785412317212,LeaderAccept
1785412317204,true,1785412317302,LeaderAccept
1785412317298,true,1785412317395,LeaderAccept
1785412317398,true,1785412317495,LeaderAccept
1785412317501,false,1785412317598,LeaderAccept
1785412317610,true,1785412317708,LeaderAccept
1785412317726,true,1785412317823,LeaderAccept
1785412317849,false,1785412317946,LeaderAccept
1785412317978,true,1785412318076,LeaderAccept
1785412318118,false,1785412318216,LeaderAccept
1785412318266,true,1785412318364,LeaderAccept
1785412318425,false,1785412318523,LeaderAccept
1785412318599,false,1785412318697,LeaderAccept
1785412318787,false,1785412318886,LeaderAccept
1785412318995,false,1785412319093,LeaderAccept
1785412319224,true,1785412319322,LeaderAccept
1785412319482,false,1785412319580,LeaderAccept
1785412319775,false,1785412319872,LeaderAccept
1785412320113,true,1785412320211,LeaderAccept
1785412320514,false,1785412320611,LeaderAccept
1785412321003,false,1785412321090,FastAccept
1785412321628,true,1785412321726,LeaderAccept
1785412322482,true,1785412322580,LeaderAccept
1785412323788,false,1785412323888,LeaderAccept
1785412326298,false,1785412326395,LeaderAccept
1785412335096,false,1785412335183,FastAccept
1785412345660,true,1785412345759,LeaderAccept
1785412345677,true,1785412345774,LeaderAccept
1785412345693,true,1785412345790,LeaderAccept
1785412345710,false,1785412345808,LeaderAccept
1785412345726,false,1785412345824,LeaderAccept
1785412345743,true,1785412345841,LeaderAccept
1785412345760,false,1785412345857,LeaderAccept
1785412345776,true,1785412345875,LeaderAccept
1785412345794,true,1785412345892,LeaderAccept
1785412345810,true,1785412345908,LeaderAccept
1785412345828,false,1785412345925,LeaderAccept
1785412345846,false,1785412345943,LeaderAccept
1785412345863,false,1785412345960,LeaderAccept
1785412345881,true,1785412345978,LeaderAccept
1785412345898,true,1785412345995,LeaderAccept
1785412345915,false,1785412346013,LeaderAccept
1785412345934,true,1785412346031,LeaderAccept
1785412345952,true,1785412346049,LeaderAccept
1785412345971,false,1785412346068,LeaderAccept
1785412345990,true,1785412346087,LeaderAccept
1785412346009,false,1785412346106,LeaderAccept
1785412346028,true,1785412346125,LeaderAccept
1785412346046,false,1785412346144,LeaderAccept
1785412346065,true,1785412346163,LeaderAccept
1785412346084,false,1785412346182,LeaderAccept
1785412346103,true,1785412346201,LeaderAccept
1785412346123,true,1785412346221,LeaderAccept
1785412346143,false,1785412346241,LeaderAccept
1785412346164,false,1785412346261,LeaderAccept
1785412346184,false,1785412346282,LeaderAccept
1785412346204,false,1785412346302,LeaderAccept
1785412346225,false,1785412346323,LeaderAccept
1785412346247,true,1785412346344,LeaderAccept
1785412346269,true,1785412346366,LeaderAccept
1785412346289,false,1785412346387,LeaderAccept
1785412346310,true,1785412346409,LeaderAccept
1785412346333,true,1785412346430,LeaderAccept
1785412346355,true,1785412346453,LeaderAccept
1785412346378,true,1785412346475,LeaderAccept
1785412346400,true,1785412346499,LeaderAccept
1785412346423,false,1785412346520,LeaderAccept
1785412346446,true,1785412346544,LeaderAccept
1785412346469,true,1785412346567,LeaderAccept
1785412346493,true,1785412346590,LeaderAccept
1785412346516,false,1785412346614,LeaderAccept
1785412346540,true,1785412346638,LeaderAccept
1785412346563,false,1785412346661,LeaderAccept
1785412346587,false,1785412346685,LeaderAccept
1785412346613,false,1785412346710,LeaderAccept
1785412346637,false,1785412346735,LeaderAccept
1785412346663,false,1785412346760,LeaderAccept
1785412346688,true,1785412346786,LeaderAccept
1785412346714,true,1785412346813,LeaderAccept
1785412346740,true,1785412346838,LeaderAccept
1785412346767,false,1785412346865,LeaderAccept
1785412346795,false,1785412346893,LeaderAccept
1785412346822,false,1785412346920,LeaderAccept
1785412346850,false,1785412346947,LeaderAccept
1785412346877,false,1785412346975,LeaderAccept
1785412346906,true,1785412347003,LeaderAccept
1785412346935,true,1785412347032,LeaderAccept
1785412346963,true,1785412347061,LeaderAccept
1785412346992,false,1785412347090,LeaderAccept
1785412347023,false,1785412347120,LeaderAccept
1785412347053,false,1785412347151,LeaderAccept
1785412347085,false,1785412347183,LeaderAccept
1785412347116,true,1785412347214,LeaderAccept
1785412347149,false,1785412347247,LeaderAccept
1785412347182,true,1785412347280,LeaderAccept
1785412347214,false,1785412347311,LeaderAccept
1785412347247,true,1785412347345,LeaderAccept
1785412347281,true,1785412347379,LeaderAccept
1785412347316,true,1785412347413,LeaderAccept
1785412347351,true,1785412347448,LeaderAccept
1785412347386,false,1785412347484,LeaderAccept
1785412347423,true,1785412347520,LeaderAccept
1785412347460,false,1785412347557,LeaderAccept
1785412347498,false,1785412347595,LeaderAccept
1785412347536,false,1785412347634,LeaderAccept
1785412347575,true,1785412347673,LeaderAccept
1785412347615,true,1785412347714,LeaderAccept
1785412347657,false,1785412347755,LeaderAccept
1785412347699,false,1785412347797,LeaderAccept
1785412347741,true,1785412347838,LeaderAccept
1785412347784,false,1785412347882,LeaderAccept
1785412347828,false,1785412347927,LeaderAccept
1785412347873,true,1785412347970,LeaderAccept
1785412347920,false,1785412348017,LeaderAccept
1785412347966,false,1785412348064,LeaderAccept
1785412348015,false,1785412348112,LeaderAccept
1785412348064,false,1785412348161,LeaderAccept
1785412348115,true,1785412348212,LeaderAccept
1785412348167,true,1785412348264,LeaderAccept
1785412348220,false,1785412348318,LeaderAccept
1785412348275,true,1785412348372,LeaderAccept
1785412348331,false,1785412348429,LeaderAccept
1785412348389,false,1785412348487,LeaderAccept
1785412348449,false,1785412348547,LeaderAccept
1785412348510,false,1785412348607,LeaderAccept
1785412348573,false,1785412348670,LeaderAccept
1785412348638,true,1785412348736,LeaderAccept
1785412348705,false,1785412348803,LeaderAccept
1785412348774,true,1785412348872,LeaderAccept
1785412348845,true,1785412348942,LeaderAccept
1785412348919,false,1785412349017,LeaderAccept
1785412348997,true,1785412349095,LeaderAccept
1785412349076,true,1785412349174,LeaderAccept
1785412349159,false,1785412349257,LeaderAccept
1785412349246,true,1785412349343,LeaderAccept
1785412349335,false,1785412349433,LeaderAccept
1785412349430,false,1785412349528,LeaderAccept
1785412349528,true,1785412349625,LeaderAccept
1785412349631,false,1785412349730,LeaderAccept
1785412349741,false,1785412349846,LeaderAccept
1785412349856,true,1785412349960,LeaderAccept
1785412349977,true,1785412350082,LeaderAccept
1785412350107,true,1785412350212,LeaderAccept
1785412350244,false,1785412350350,LeaderAccept
1785412350391,true,1785412350497,LeaderAccept
1785412350549,true,1785412350656,LeaderAccept
1785412350721,false,1785412350827,LeaderAccept
1785412350908,false,1785412351013,LeaderAccept
1785412351114,false,1785412351219,LeaderAccept
1785412351342,false,1785412351447,LeaderAccept
1785412351597,false,1785412351702,LeaderAccept
1785412351885,true,1785412351990,LeaderAccept
1785412352219,true,1785412352305,FastAccept
1785412352613,false,1785412352699,FastAccept
1785412353092,true,1785412353179,FastAccept
1785412353701,false,1785412353806,LeaderAccept
1785412354192,true,1785412354297,LeaderAccept
1785412354211,false,1785412354315,LeaderAccept
1785412354230,true,1785412354335,LeaderAccept
1785412354248,false,1785412354352,LeaderAccept
1785412354266,false,1785412354371,LeaderAccept
1785412354286,false,1785412354391,LeaderAccept
1785412354305,true,1785412354409,LeaderAccept
1785412354325,true,1785412354429,LeaderAccept
1785412354344,true,1785412354449,LeaderAccept
1785412354363,false,1785412354467,LeaderAccept
1785412354383,false,1785412354489,LeaderAccept
1785412354403,true,1785412354508,LeaderAccept
1785412354423,false,1785412354528,LeaderAccept
1785412354444,true,1785412354549,LeaderAccept
1785412354465,true,1785412354571,LeaderAccept
1785412354485,false,1785412354590,LeaderAccept
1785412354506,true,1785412354611,LeaderAccept
1785412354527,true,1785412354631,LeaderAccept
1785412354548,false,1785412354653,LeaderAccept
1785412354569,true,1785412354674,LeaderAccept
1785412354590,true,1785412354694,LeaderAccept
1785412354611,true,1785412354716,LeaderAccept
1785412354633,false,1785412354737,LeaderAccept
1785412354654,false,1785412354760,LeaderAccept
1785412354677,true,1785412354781,LeaderAccept
1785412354700,true,1785412354804,LeaderAccept
1785412354722,false,1785412354827,LeaderAccept
1785412354746,true,1785412354851,LeaderAccept
1785412354770,false,1785412354876,LeaderAccept
1785412354793,false,1785412354899,LeaderAccept
1785412354818,true,1785412354923,LeaderAccept
1785412354842,false,1785412354948,LeaderAccept
1785412354867,true,1785412354971,LeaderAccept
1785412354892,false,1785412354996,LeaderAccept
1785412354917,true,1785412355021,LeaderAccept
1785412354942,true,1785412355047,LeaderAccept
1785412354969,false,1785412355075,LeaderAccept
1785412354996,true,1785412355101,LeaderAccept
1785412355023,true,1785412355128,LeaderAccept
1785412355050,true,1785412355154,LeaderAccept
1785412355077,true,1785412355182,LeaderAccept
1785412355104,false,1785412355208,LeaderAccept
1785412355133,true,1785412355237,LeaderAccept
1785412355160,true,1785412355265,LeaderAccept
1785412355188,false,1785412355293,LeaderAccept
1785412355218,false,1785412355323,LeaderAccept
1785412355246,false,1785412355352,LeaderAccept
1785412355276,true,1785412355381,LeaderAccept
1785412355306,true,1785412355412,LeaderAccept
1785412355337,false,1785412355442,LeaderAccept
1785412355368,false,1785412355472,LeaderAccept
1785412355399,false,1785412355504,LeaderAccept
1785412355431,true,1785412355537,LeaderAccept
1785412355463,true,1785412355568,LeaderAccept
1785412355496,false,1785412355601,LeaderAccept
1785412355529,true,1785412355636,LeaderAccept
1785412355564,true,1785412355669,LeaderAccept
1785412355599,true,1785412355705,LeaderAccept
1785412355634,true,1785412355740,LeaderAccept
1785412355669,true,1785412355774,LeaderAccept
1785412355706,true,1785412355811,LeaderAccept
1785412355743,false,1785412355847,LeaderAccept
1785412355781,true,1785412355886,LeaderAccept
1785412355818,true,1785412355923,LeaderAccept
1785412355858,true,1785412355962,LeaderAccept
1785412355898,false,1785412356003,LeaderAccept
1785412355939,false,1785412356044,LeaderAccept
1785412355981,true,1785412356086,LeaderAccept
1785412356023,false,1785412356129,LeaderAccept
1785412356066,false,1785412356172,LeaderAccept
1785412356111,false,1785412356216,LeaderAccept
1785412356156,true,1785412356261,LeaderAccept
1785412356201,true,1785412356306,LeaderAccept
1785412356248,true,1785412356354,LeaderAccept
1785412356297,true,1785412356403,LeaderAccept
1785412356347,true,1785412356452,LeaderAccept
1785412356397,true,1785412356503,LeaderAccept
1785412356450,false,1785412356555,LeaderAccept
1785412356502,false,1785412356608,LeaderAccept
1785412356556,false,1785412356661,LeaderAccept
1785412356613,false,1785412356718,LeaderAccept
1785412356669,false,1785412356774,LeaderAccept
1785412356728,false,1785412356833,LeaderAccept
1785412356789,false,1785412356894,LeaderAccept
1785412356852,true,1785412356956,LeaderAccept
1785412356916,true,1785412357020,LeaderAccept
1785412356983,true,1785412357088,LeaderAccept
1785412357052,true,1785412357157,LeaderAccept
1785412357124,true,1785412357228,LeaderAccept
1785412357197,true,1785412357305,LeaderAccept
1785412357273,true,1785412357378,LeaderAccept
1785412357352,false,1785412357457,LeaderAccept
1785412357434,false,1785412357538,LeaderAccept
1785412357520,true,1785412357624,LeaderAccept
1785412357610,true,1785412357714,LeaderAccept
1785412357703,true,1785412357808,LeaderAccept
1785412357801,false,1785412357906,LeaderAccept
1785412357904,true,1785412358009,LeaderAccept
1785412358012,false,1785412358116,LeaderAccept
1785412358126,true,1785412358230,LeaderAccept
1785412358248,false,1785412358352,LeaderAccept
1785412358375,true,1785412358480,LeaderAccept
1785412358511,false,1785412358616,LeaderAccept
1785412358657,true,1785412358762,LeaderAccept
1785412358815,true,1785412358920,LeaderAccept
1785412358984,true,1785412359089,LeaderAccept
1785412359169,true,1785412359273,LeaderAccept
1785412359371,true,1785412359475,LeaderAccept
1785412359596,true,1785412359701,LeaderAccept
1785412359845,false,1785412359949,LeaderAccept
1785412360129,false,1785412360233,LeaderAccept
1785412360455,true,1785412360559,LeaderAccept
1785412360839,false,1785412360943,LeaderAccept
1785412361304,true,1785412361408,LeaderAccept
1785412361889,true,1785412361994,LeaderAccept
1785412362673,false,1785412362778,LeaderAccept
1785412363834,true,1785412363919,FastAccept
1785412365906,true,1785412365990,FastAccept
1785412371746,true,1785412371851,LeaderAccept
1785412392220,false,1785412392325,LeaderAccept
1785412392254,true,1785412392359,LeaderAccept
1785412392290,false,1785412392396,LeaderAccept
1785412392325,true,1785412392430,LeaderAccept
1785412392362,true,1785412392467,LeaderAccept
1785412392400,false,1785412392505,LeaderAccept
1785412392437,true,1785412392542,LeaderAccept
1785412392475,false,1785412392580,LeaderAccept
1785412392514,true,1785412392619,LeaderAccept
1785412392554,false,1785412392658,LeaderAccept
1785412392594,false,1785412392699,LeaderAccept
1785412392636,false,1785412392741,LeaderAccept
1785412392679,false,1785412392783,LeaderAccept
1785412392723,true,1785412392828,LeaderAccept
1785412392767,false,1785412392873,LeaderAccept
1785412392812,false,1785412392917,LeaderAccept
1785412392858,true,1785412392963,LeaderAccept
1785412392906,false,1785412393010,LeaderAccept
1785412392954,true,1785412393059,LeaderAccept
1785412393004,false,1785412393109,LeaderAccept
1785412393055,true,1785412393160,LeaderAccept
1785412393106,false,1785412393211,LeaderAccept
1785412393159,true,1785412393264,LeaderAccept
1785412393214,true,1785412393320,LeaderAccept
1785412393270,true,1785412393375,LeaderAccept
1785412393328,true,1785412393433,LeaderAccept
1785412393387,false,1785412393492,LeaderAccept
1785412393449,true,1785412393553,LeaderAccept
1785412393512,false,1785412393616,LeaderAccept
1785412393576,false,1785412393681,LeaderAccept
1785412393644,true,1785412393749,LeaderAccept
1785412393714,false,1785412393818,LeaderAccept
1785412393786,false,1785412393891,LeaderAccept
1785412393861,false,1785412393965,LeaderAccept
1785412393937,true,1785412394042,LeaderAccept
1785412394017,true,1785412394122,LeaderAccept
1785412394100,false,1785412394205,LeaderAccept
1785412394187,false,1785412394292,LeaderAccept
1785412394279,true,1785412394383,LeaderAccept
1785412394374,false,1785412394478,LeaderAccept
1785412394473,true,1785412394578,LeaderAccept
1785412394578,true,1785412394683,LeaderAccept
1785412394689,true,1785412394793,LeaderAccept
1785412394806,true,1785412394910,LeaderAccept
1785412394929,false,1785412395034,LeaderAccept
1785412395061,true,1785412395165,LeaderAccept
1785412395201,false,1785412395306,LeaderAccept
1785412395350,true,1785412395455,LeaderAccept
1785412395512,false,1785412395616,LeaderAccept
1785412395687,false,1785412395792,LeaderAccept
1785412395877,false,1785412395982,LeaderAccept
1785412396086,true,1785412396191,LeaderAccept
1785412396319,true,1785412396425,LeaderAccept
1785412396580,true,1785412396684,LeaderAccept
1785412396877,false,1785412396982,LeaderAccept
1785412397222,false,1785412397338,LeaderAccept
1785412397632,true,1785412397736,LeaderAccept
1785412398134,false,1785412398239,LeaderAccept
1785412398780,false,1785412398883,LeaderAccept
1785412399670,true,1785412399775,LeaderAccept
1785412401060,false,1785412401165,LeaderAccept
1785412403844,true,1785412403949,LeaderAccept
1785412415041,false,1785412415126,FastAccept
1785412417862,false,1785412417946,FastAccept
1785412417881,true,1785412417965,FastAccept
1785412417899,true,1785412417983,FastAccept
1785412417918,false,1785412418002,FastAccept
1785412417936,true,1785412418020,FastAccept
1785412417955,false,1785412418040,FastAccept
1785412417974,false,1785412418058,FastAccept
1785412417993,false,1785412418077,FastAccept
1785412418012,false,1785412418096,FastAccept
1785412418032,false,1785412418115,FastAccept
1785412418052,false,1785412418136,FastAccept
1785412418071,false,1785412418156,FastAccept
1785412418091,false,1785412418176,FastAccept
1785412418111,false,1785412418195,FastAccept
1785412418132,true,1785412418216,FastAccept
1785412418152,false,1785412418236,FastAccept
1785412418173,false,1785412418257,FastAccept
1785412418195,false,1785412418279,FastAccept
1785412418216,true,1785412418301,FastAccept
1785412418238,false,1785412418322,FastAccept
1785412418259,false,1785412418343,FastAccept
1785412418281,false,1785412418366,FastAccept
1785412418303,true,1785412418388,FastAccept
1785412418325,true,1785412418410,FastAccept
1785412418349,true,1785412418433,FastAccept
1785412418372,true,1785412418456,FastAccept
1785412418395,false,1785412418479,FastAccept
1785412418418,true,1785412418502,FastAccept
1785412418442,true,1785412418525,FastAccept
1785412418466,true,1785412418551,FastAccept
1785412418491,false,1785412418576,FastAccept
1785412418516,false,1785412418600,FastAccept
1785412418541,false,1785412418625,FastAccept
1785412418566,false,1785412418650,FastAccept
1785412418592,false,1785412418676,FastAccept
1785412418618,true,1785412418702,FastAccept
1785412418643,true,1785412418728,FastAccept
1785412418670,false,1785412418754,FastAccept
1785412418696,true,1785412418780,FastAccept
1785412418723,false,1785412418807,FastAccept
1785412418750,false,1785412418835,FastAccept
1785412418778,false,1785412418863,FastAccept
1785412418807,true,1785412418892,FastAccept
1785412418835,true,1785412418919,FastAccept
1785412418863,false,1785412418948,FastAccept
1785412418892,true,1785412418976,FastAccept
1785412418922,false,1785412419006,FastAccept
1785412418951,false,1785412419036,FastAccept
1785412418981,false,1785412419066,FastAccept
1785412419012,false,1785412419096,FastAccept
1785412419044,false,1785412419128,FastAccept
1785412419075,true,1785412419159,FastAccept
1785412419107,false,1785412419191,FastAccept
1785412419140,true,1785412419224,FastAccept
1785412419173,true,1785412419258,FastAccept
1785412419208,false,1785412419292,FastAccept
1785412419242,true,1785412419327,FastAccept
1785412419278,true,1785412419362,FastAccept
1785412419313,true,1785412419397,FastAccept
1785412419350,false,1785412419435,FastAccept
1785412419387,true,1785412419472,FastAccept
1785412419425,false,1785412419509,FastAccept
1785412419462,false,1785412419546,FastAccept
1785412419501,true,1785412419585,FastAccept
1785412419540,true,1785412419624,FastAccept
1785412419581,true,1785412419665,FastAccept
1785412419621,true,1785412419705,FastAccept
1785412419664,true,1785412419747,FastAccept
1785412419706,false,1785412419791,FastAccept
1785412419750,true,1785412419835,FastAccept
1785412419795,true,1785412419879,FastAccept
1785412419840,true,1785412419924,FastAccept
1785412419887,true,1785412419972,FastAccept
1785412419935,false,1785412420020,FastAccept
1785412419983,false,1785412420068,FastAccept
1785412420033,false,1785412420118,FastAccept
1785412420084,false,1785412420169,FastAccept
1785412420137,true,1785412420222,FastAccept
1785412420191,false,1785412420276,FastAccept
1785412420246,true,1785412420331,FastAccept
1785412420303,true,1785412420388,FastAccept
1785412420363,true,1785412420448,FastAccept
1785412420424,false,1785412420509,FastAccept
1785412420487,false,1785412420571,FastAccept
1785412420550,false,1785412420635,FastAccept
1785412420617,false,1785412420701,FastAccept
1785412420685,false,1785412420770,FastAccept
1785412420756,false,1785412420840,FastAccept
1785412420829,false,1785412420914,FastAccept
1785412420905,false,1785412420989,FastAccept
1785412420984,true,1785412421068,FastAccept
1785412421067,true,1785412421151,FastAccept
1785412421153,true,1785412421237,FastAccept
1785412421241,true,1785412421325,FastAccept
1785412421335,true,1785412421418,FastAccept
1785412421432,false,1785412421515,FastAccept
1785412421534,false,1785412421617,FastAccept
1785412421641,false,1785412421725,FastAccept
1785412421753,true,1785412421838,FastAccept
1785412421872,false,1785412421956,FastAccept
1785412421998,true,1785412422082,FastAccept
1785412422134,false,1785412422219,FastAccept
1785412422278,false,1785412422391,LeaderAccept
1785412422433,false,1785412422538,LeaderAccept
1785412422601,true,1785412422706,LeaderAccept
1785412422782,true,1785412422887,LeaderAccept
1785412422981,true,1785412423086,LeaderAccept
1785412423202,true,1785412423306,LeaderAccept
1785412423446,false,1785412423551,LeaderAccept
1785412423724,false,1785412423829,LeaderAccept
1785412424042,false,1785412424147,LeaderAccept
1785412424415,true,1785412424520,LeaderAccept
1785412424864,false,1785412424968,LeaderAccept
1785412425424,true,1785412425529,LeaderAccept
1785412426166,false,1785412426271,LeaderAccept
1785412427241,false,1785412427346,LeaderAccept
1785412429081,false,1785412429185,LeaderAccept
1785412433692,true,1785412433776,FastAccept
1785412438028,true,1785412438112,FastAccept
1785412438055,false,1785412438139,FastAccept
1785412438084,true,1785412438168,FastAccept
1785412438112,false,1785412438223,LeaderAccept
1785412438140,false,1785412438252,LeaderAccept
1785412438170,true,1785412438281,LeaderAccept
1785412438200,false,1785412438312,LeaderAccept
1785412438231,true,1785412438335,LeaderAccept
1785412438261,true,1785412438366,LeaderAccept
1785412438293,true,1785412438397,LeaderAccept
1785412438325,true,1785412438429,LeaderAccept
1785412438356,true,1785412438461,LeaderAccept
1785412438389,false,1785412438494,LeaderAccept
1785412438422,false,1785412438527,LeaderAccept
1785412438455,false,1785412438560,LeaderAccept
1785412438489,true,1785412438594,LeaderAccept
1785412438523,true,1785412438628,LeaderAccept
1785412438558,true,1785412438663,LeaderAccept
1785412438594,false,1785412438699,LeaderAccept
1785412438631,true,1785412438736,LeaderAccept
1785412438669,true,1785412438774,LeaderAccept
1785412438706,false,1785412438811,LeaderAccept
1785412438744,false,1785412438849,LeaderAccept
1785412438783,true,1785412438888,LeaderAccept
1785412438823,false,1785412438927,LeaderAccept
1785412438864,true,1785412438968,LeaderAccept
1785412438906,true,1785412439011,LeaderAccept
1785412438949,false,1785412439053,LeaderAccept
1785412438992,true,1785412439097,LeaderAccept
1785412439037,true,1785412439142,LeaderAccept
1785412439082,true,1785412439187,LeaderAccept
1785412439128,true,1785412439233,LeaderAccept
1785412439175,false,1785412439280,LeaderAccept
1785412439223,true,1785412439328,LeaderAccept
1785412439274,true,1785412439378,LeaderAccept
1785412439324,false,1785412439429,LeaderAccept
1785412439377,false,1785412439481,LeaderAccept
1785412439430,false,1785412439535,LeaderAccept
1785412439484,true,1785412439589,LeaderAccept
1785412439540,true,1785412439645,LeaderAccept
1785412439599,true,1785412439704,LeaderAccept
1785412439658,false,1785412439763,LeaderAccept
1785412439719,false,1785412439824,LeaderAccept
1785412439783,true,1785412439888,LeaderAccept
1785412439847,true,1785412439952,LeaderAccept
1785412439914,false,1785412440019,LeaderAccept
1785412439983,true,1785412440088,LeaderAccept
1785412440055,false,1785412440160,LeaderAccept
1785412440131,false,1785412440235,LeaderAccept
1785412440208,false,1785412440312,LeaderAccept
1785412440288,false,1785412440393,LeaderAccept
1785412440371,true,1785412440476,LeaderAccept
1785412440458,true,1785412440563,LeaderAccept
1785412440549,true,1785412440654,LeaderAccept
1785412440645,false,1785412440749,LeaderAccept
1785412440744,false,1785412440848,LeaderAccept
1785412440848,true,1785412440952,LeaderAccept
1785412440959,false,1785412441063,LeaderAccept
1785412441075,true,1785412441179,LeaderAccept
1785412441198,false,1785412441303,LeaderAccept
1785412441329,true,1785412441433,LeaderAccept
1785412441470,true,1785412441575,LeaderAccept
1785412441619,false,1785412441724,LeaderAccept
1785412441780,true,1785412441884,LeaderAccept
1785412441956,true,1785412442062,LeaderAccept
1785412442146,false,1785412442250,LeaderAccept
1785412442356,true,1785412442460,LeaderAccept
1785412442589,true,1785412442693,LeaderAccept
1785412442850,true,1785412442955,LeaderAccept
1785412443147,true,1785412443252,LeaderAccept
1785412443493,true,1785412443605,LeaderAccept
1785412443903,false,1785412444015,LeaderAccept
1785412444406,false,1785412444490,FastAccept
1785412445052,true,1785412445165,LeaderAccept
1785412445945,false,1785412446057,LeaderAccept
1785412447337,false,1785412447421,FastAccept
1785412450132,false,1785412450236,LeaderAccept
1785412461428,true,1785412461512,FastAccept
1785412472747,false,1785412472879,LeaderAccept
1785412472763,true,1785412472879,SlowAccept
1785412472781,true,1785412472894,LeaderAccept
1785412472797,true,1785412472909,LeaderAccept
1785412472815,true,1785412472927,LeaderAccept
1785412472832,true,1785412472944,LeaderAccept
1785412472850,true,1785412472954,LeaderAccept
1785412472868,false,1785412472971,LeaderAccept
1785412472885,true,1785412472990,LeaderAccept
1785412472903,true,1785412473007,LeaderAccept
1785412472921,false,1785412473026,LeaderAccept
1785412472939,true,1785412473043,LeaderAccept
1785412472958,true,1785412473062,LeaderAccept
1785412472977,true,1785412473081,LeaderAccept
1785412472996,true,1785412473100,LeaderAccept
1785412473015,false,1785412473119,LeaderAccept
1785412473034,true,1785412473138,LeaderAccept
1785412473053,false,1785412473156,LeaderAccept
1785412473072,true,1785412473176,LeaderAccept
1785412473091,true,1785412473195,LeaderAccept
1785412473110,true,1785412473215,LeaderAccept
1785412473131,true,1785412473235,LeaderAccept
1785412473150,false,1785412473254,LeaderAccept
1785412473171,true,1785412473275,LeaderAccept
1785412473191,true,1785412473296,LeaderAccept
1785412473211,true,1785412473316,LeaderAccept
1785412473232,false,1785412473337,LeaderAccept
1785412473254,false,1785412473359,LeaderAccept
1785412473276,false,1785412473381,LeaderAccept
1785412473298,true,1785412473403,LeaderAccept
1785412473319,false,1785412473424,LeaderAccept
1785412473340,false,1785412473445,LeaderAccept
1785412473362,false,1785412473467,LeaderAccept
1785412473384,false,1785412473488,LeaderAccept
1785412473406,true,1785412473511,LeaderAccept
1785412473429,true,1785412473533,LeaderAccept
1785412473451,true,1785412473556,LeaderAccept
1785412473474,false,1785412473579,LeaderAccept
1785412473498,true,1785412473602,LeaderAccept
1785412473521,false,1785412473626,LeaderAccept
1785412473545,false,1785412473650,LeaderAccept
1785412473570,true,1785412473674,LeaderAccept
1785412473595,true,1785412473700,LeaderAccept
1785412473619,false,1785412473724,LeaderAccept
1785412473645,false,1785412473749,LeaderAccept
1785412473671,true,1785412473775,LeaderAccept
1785412473696,false,1785412473800,LeaderAccept
1785412473722,false,1785412473827,LeaderAccept
1785412473748,false,1785412473853,LeaderAccept
1785412473775,true,1785412473881,LeaderAccept
1785412473802,true,1785412473907,LeaderAccept
1785412473829,true,1785412473934,LeaderAccept
1785412473856,false,1785412473961,LeaderAccept
1785412473884,false,1785412473989,LeaderAccept
1785412473913,false,1785412474018,LeaderAccept
1785412473943,true,1785412474048,LeaderAccept
1785412473972,false,1785412474076,LeaderAccept
1785412474001,true,1785412474106,LeaderAccept
1785412474031,false,1785412474136,LeaderAccept
1785412474062,true,1785412474167,LeaderAccept
1785412474093,false,1785412474198,LeaderAccept
1785412474125,false,1785412474231,LeaderAccept
1785412474157,true,1785412474262,LeaderAccept
1785412474190,false,1785412474295,LeaderAccept
1785412474224,true,1785412474328,LeaderAccept
1785412474258,false,1785412474363,LeaderAccept
1785412474293,true,1785412474397,LeaderAccept
1785412474327,true,1785412474432,LeaderAccept
1785412474363,false,1785412474467,LeaderAccept
1785412474399,true,1785412474504,LeaderAccept
1785412474436,true,1785412474541,LeaderAccept
1785412474473,false,1785412474577,LeaderAccept
1785412474510,true,1785412474615,LeaderAccept
1785412474548,true,1785412474653,LeaderAccept
1785412474588,true,1785412474693,LeaderAccept
1785412474628,false,1785412474733,LeaderAccept
1785412474668,true,1785412474773,LeaderAccept
1785412474710,false,1785412474815,LeaderAccept
1785412474752,true,1785412474858,LeaderAccept
1785412474797,true,1785412474902,LeaderAccept
1785412474842,false,1785412474946,LeaderAccept
1785412474887,false,1785412474992,LeaderAccept
1785412474934,false,1785412475040,LeaderAccept
1785412474982,true,1785412475087,LeaderAccept
1785412475030,false,1785412475135,LeaderAccept
1785412475080,true,1785412475185,LeaderAccept
1785412475131,true,1785412475236,LeaderAccept
1785412475184,false,1785412475289,LeaderAccept
1785412475237,false,1785412475342,LeaderAccept
1785412475292,true,1785412475397,LeaderAccept
1785412475349,true,1785412475455,LeaderAccept
1785412475407,false,1785412475513,LeaderAccept
1785412475467,false,1785412475572,LeaderAccept
1785412475529,false,1785412475634,LeaderAccept
1785412475592,false,1785412475698,LeaderAccept
1785412475658,false,1785412475763,LeaderAccept
1785412475725,true,1785412475831,LeaderAccept
1785412475796,true,1785412475901,LeaderAccept
1785412475868,true,1785412475973,LeaderAccept
1785412475943,true,1785412476048,LeaderAccept
1785412476020,false,1785412476125,LeaderAccept
1785412476101,true,1785412476206,LeaderAccept
1785412476186,false,1785412476270,FastAccept
1785412476273,true,1785412476357,FastAccept
1785412476366,false,1785412476450,FastAccept
1785412476461,true,1785412476545,FastAccept
1785412476562,true,1785412476675,LeaderAccept
1785412476667,false,1785412476751,FastAccept
1785412476777,false,1785412476861,FastAccept
1785412476894,true,1785412476978,FastAccept
1785412477018,false,1785412477102,FastAccept
1785412477151,true,1785412477256,LeaderAccept
1785412477292,true,1785412477377,FastAccept
1785412477444,true,1785412477528,FastAccept
1785412477608,false,1785412477692,FastAccept
1785412477784,true,1785412477868,FastAccept
1785412477977,true,1785412478061,FastAccept
1785412478190,false,1785412478274,FastAccept
1785412478426,false,1785412478510,FastAccept
1785412478692,false,1785412478796,LeaderAccept
1785412478995,true,1785412479099,LeaderAccept
1785412479349,false,1785412479453,LeaderAccept
1785412479771,true,1785412479875,LeaderAccept
1785412480291,true,1785412480394,LeaderAccept
1785412480964,true,1785412481068,LeaderAccept
1785412481908,true,1785412482012,LeaderAccept
1785412483418,false,1785412483502,FastAccept
1785412486633,false,1785412486716,FastAccept
1785412496080,false,1785412496184,LeaderAccept
1785412496112,false,1785412496216,LeaderAccept
1785412496144,true,1785412496248,LeaderAccept
1785412496176,true,1785412496281,LeaderAccept
1785412496209,false,1785412496313,LeaderAccept
1785412496242,false,1785412496346,LeaderAccept
1785412496276,true,1785412496381,LeaderAccept
1785412496311,false,1785412496415,LeaderAccept
1785412496346,false,1785412496451,LeaderAccept
1785412496382,true,1785412496486,LeaderAccept
1785412496419,false,1785412496524,LeaderAccept
1785412496456,false,1785412496561,LeaderAccept
1785412496494,true,1785412496598,LeaderAccept
1785412496533,false,1785412496637,LeaderAccept
1785412496572,false,1785412496677,LeaderAccept
1785412496612,false,1785412496717,LeaderAccept
1785412496653,true,1785412496758,LeaderAccept
1785412496696,true,1785412496800,LeaderAccept
1785412496739,true,1785412496843,LeaderAccept
1785412496782,true,1785412496886,LeaderAccept
1785412496826,false,1785412496931,LeaderAccept
1785412496871,true,1785412496976,LeaderAccept
1785412496918,true,1785412497022,LeaderAccept
1785412496965,true,1785412497070,LeaderAccept
1785412497014,false,1785412497118,LeaderAccept
1785412497063,true,1785412497168,LeaderAccept
1785412497114,true,1785412497219,LeaderAccept
1785412497167,false,1785412497271,LeaderAccept
1785412497220,false,1785412497325,LeaderAccept
1785412497275,true,1785412497380,LeaderAccept
1785412497332,true,1785412497437,LeaderAccept
1785412497391,false,1785412497496,LeaderAccept
1785412497450,true,1785412497554,LeaderAccept
1785412497511,false,1785412497616,LeaderAccept
1785412497574,true,1785412497679,LeaderAccept
1785412497640,true,1785412497745,LeaderAccept
1785412497708,false,1785412497812,LeaderAccept
1785412497777,false,1785412497881,LeaderAccept
1785412497849,true,1785412497953,LeaderAccept
1785412497925,true,1785412498028,LeaderAccept
1785412498003,true,1785412498107,LeaderAccept
1785412498083,false,1785412498188,LeaderAccept
1785412498168,false,1785412498272,LeaderAccept
1785412498255,true,1785412498360,LeaderAccept
1785412498346,false,1785412498451,LeaderAccept
1785412498442,true,1785412498526,FastAccept
1785412498543,true,1785412498627,FastAccept
1785412498648,true,1785412498732,FastAccept
1785412498759,false,1785412498844,FastAccept
1785412498876,false,1785412498981,SlowAccept
1785412499001,true,1785412499085,FastAccept
1785412499133,false,1785412499239,LeaderAccept
1785412499274,false,1785412499358,FastAccept
1785412499425,false,1785412499529,LeaderAccept
1785412499589,true,1785412499673,FastAccept
1785412499767,false,1785412499880,LeaderAccept
1785412499960,true,1785412500045,FastAccept
1785412500172,false,1785412500256,FastAccept
1785412500408,false,1785412500492,FastAccept
1785412500674,false,1785412500758,FastAccept
1785412500979,false,1785412501063,FastAccept
1785412501333,false,1785412501417,FastAccept
1785412501754,true,1785412501838,FastAccept
1785412502274,false,1785412502358,FastAccept
1785412502948,true,1785412503032,FastAccept
1785412503891,true,1785412503975,FastAccept
1785412505402,false,1785412505486,FastAccept
1785412508619,false,1785412508720,LeaderAccept
1785412524676,true,1785412524763,FastAccept
1785412529442,false,1785412529526,FastAccept
1785412529475,true,1785412529559,FastAccept
1785412529509,false,1785412529593,FastAccept
1785412529542,false,1785412529627,FastAccept
1785412529577,true,1785412529660,FastAccept
1785412529612,true,1785412529695,FastAccept
1785412529648,true,1785412529731,FastAccept
1785412529683,false,1785412529768,FastAccept
1785412529721,false,1785412529804,FastAccept
1785412529759,false,1785412529842,FastAccept
1785412529796,false,1785412529879,FastAccept
1785412529836,true,1785412529919,FastAccept
1785412529876,true,1785412529958,FastAccept
1785412529916,true,1785412530001,FastAccept
1785412529957,true,1785412530068,LeaderAccept
1785412529998,true,1785412530109,LeaderAccept
1785412530041,true,1785412530142,LeaderAccept
1785412530084,false,1785412530195,LeaderAccept
1785412530128,false,1785412530240,LeaderAccept
1785412530174,true,1785412530285,LeaderAccept
1785412530221,true,1785412530332,LeaderAccept
1785412530268,true,1785412530379,LeaderAccept
1785412530317,false,1785412530418,LeaderAccept
1785412530367,false,1785412530469,LeaderAccept
1785412530418,true,1785412530521,LeaderAccept
1785412530471,true,1785412530572,LeaderAccept
1785412530525,true,1785412530625,LeaderAccept
1785412530580,true,1785412530680,LeaderAccept
1785412530637,false,1785412530737,LeaderAccept
1785412530695,true,1785412530795,LeaderAccept
1785412530754,true,1785412530855,LeaderAccept
1785412530816,false,1785412530916,LeaderAccept
1785412530879,false,1785412530980,LeaderAccept
1785412530945,true,1785412531046,LeaderAccept
1785412531014,false,1785412531115,LeaderAccept
1785412531083,true,1785412531184,LeaderAccept
1785412531155,true,1785412531257,LeaderAccept
1785412531230,true,1785412531332,LeaderAccept
1785412531308,true,1785412531409,LeaderAccept
1785412531389,true,1785412531472,FastAccept
1785412531474,true,1785412531557,FastAccept
1785412531561,false,1785412531646,FastAccept
1785412531653,false,1785412531737,FastAccept
1785412531750,false,1785412531834,FastAccept
1785412531850,false,1785412531933,FastAccept
1785412531956,false,1785412532040,FastAccept
1785412532067,false,1785412532151,FastAccept
1785412532184,false,1785412532268,FastAccept
1785412532309,true,1785412532393,FastAccept
1785412532442,false,1785412532525,FastAccept
1785412532584,true,1785412532668,FastAccept
1785412532736,true,1785412532819,FastAccept
1785412532900,false,1785412532984,FastAccept
1785412533078,true,1785412533162,FastAccept
1785412533273,false,1785412533357,FastAccept
1785412533488,true,1785412533572,FastAccept
1785412533727,false,1785412533811,FastAccept
1785412533995,true,1785412534078,FastAccept
1785412534302,true,1785412534385,FastAccept
1785412534660,false,1785412534743,FastAccept
1785412535087,true,1785412535171,FastAccept
1785412535617,true,1785412535701,FastAccept
1785412536306,true,1785412536389,FastAccept
1785412537279,true,1785412537362,FastAccept
1785412538858,false,1785412538942,FastAccept
1785412542337,true,1785412542438,LeaderAccept
1785412562133,true,1785412562335,FastAccept
1785412567814,true,1785412568016,FastAccept
1785412567830,false,1785412568031,FastAccept
1785412567844,true,1785412568046,FastAccept
1785412567859,true,1785412568061,FastAccept
1785412567875,false,1785412568077,FastAccept
1785412567891,true,1785412568092,FastAccept
1785412567907,false,1785412568108,FastAccept
1785412567923,false,1785412568125,FastAccept
1785412567938,true,1785412568140,FastAccept
1785412567955,true,1785412568157,FastAccept
1785412567970,false,1785412568172,FastAccept
1785412567987,true,1785412568188,FastAccept
1785412568003,false,1785412568216,FastAccept
1785412568019,false,1785412568221,FastAccept
1785412568036,true,1785412568237,FastAccept
1785412568052,false,1785412568253,FastAccept
1785412568070,true,1785412568272,FastAccept
1785412568087,true,1785412568288,FastAccept
1785412568103,false,1785412568304,FastAccept
1785412568121,false,1785412568322,FastAccept
1785412568137,false,1785412568339,FastAccept
1785412568154,false,1785412568355,FastAccept
1785412568172,false,1785412568373,FastAccept
1785412568189,false,1785412568391,FastAccept
1785412568208,false,1785412568409,FastAccept
1785412568226,false,1785412568452,LeaderAccept
1785412568245,true,1785412568470,LeaderAccept
1785412568263,true,1785412568488,LeaderAccept
1785412568281,false,1785412568507,LeaderAccept
1785412568299,true,1785412568525,LeaderAccept
1785412568319,true,1785412568545,LeaderAccept
1785412568337,false,1785412568564,LeaderAccept
1785412568357,true,1785412568582,LeaderAccept
1785412568375,false,1785412568601,LeaderAccept
1785412568394,true,1785412568621,LeaderAccept
1785412568413,false,1785412568639,LeaderAccept
1785412568434,false,1785412568660,LeaderAccept
1785412568453,false,1785412568680,LeaderAccept
1785412568473,true,1785412568700,LeaderAccept
1785412568494,true,1785412568719,LeaderAccept
1785412568515,true,1785412568741,LeaderAccept
1785412568535,true,1785412568761,LeaderAccept
1785412568557,true,1785412568783,LeaderAccept
1785412568578,true,1785412568805,LeaderAccept
1785412568599,true,1785412568825,LeaderAccept
1785412568620,false,1785412568846,LeaderAccept
1785412568642,false,1785412568868,LeaderAccept
1785412568664,false,1785412568890,LeaderAccept
1785412568686,false,1785412568912,LeaderAccept
1785412568708,false,1785412568935,LeaderAccept
1785412568731,true,1785412568956,LeaderAccept
1785412568753,true,1785412568980,LeaderAccept
1785412568776,false,1785412569002,LeaderAccept
1785412568799,false,1785412569026,LeaderAccept
1785412568823,true,1785412569050,LeaderAccept
1785412568847,true,1785412569074,LeaderAccept
1785412568872,false,1785412569098,LeaderAccept
1785412568897,true,1785412569122,LeaderAccept
1785412568921,false,1785412569147,LeaderAccept
1785412568946,true,1785412569172,LeaderAccept
1785412568971,false,1785412569197,LeaderAccept
1785412568998,false,1785412569223,LeaderAccept
1785412569023,true,1785412569249,LeaderAccept
1785412569049,true,1785412569274,LeaderAccept
1785412569075,false,1785412569300,LeaderAccept
1785412569102,true,1785412569328,LeaderAccept
1785412569130,false,1785412569356,LeaderAccept
1785412569158,true,1785412569383,LeaderAccept
1785412569185,false,1785412569412,LeaderAccept
1785412569213,true,1785412569439,LeaderAccept
1785412569242,true,1785412569469,LeaderAccept
1785412569271,true,1785412569497,LeaderAccept
1785412569300,true,1785412569526,LeaderAccept
1785412569330,true,1785412569555,LeaderAccept
1785412569361,true,1785412569587,LeaderAccept
1785412569392,true,1785412569617,LeaderAccept
1785412569423,false,1785412569649,LeaderAccept
1785412569455,false,1785412569682,LeaderAccept
1785412569488,false,1785412569714,LeaderAccept
1785412569521,false,1785412569746,LeaderAccept
1785412569555,false,1785412569780,LeaderAccept
1785412569590,true,1785412569816,LeaderAccept
1785412569625,false,1785412569850,LeaderAccept
1785412569659,true,1785412569885,LeaderAccept
1785412569696,true,1785412569922,LeaderAccept
1785412569733,false,1785412569959,LeaderAccept
1785412569770,false,1785412569996,LeaderAccept
1785412569809,true,1785412570035,LeaderAccept
1785412569847,false,1785412570073,LeaderAccept
1785412569886,true,1785412570112,LeaderAccept
1785412569927,false,1785412570153,LeaderAccept
1785412569968,false,1785412570194,LeaderAccept
1785412570009,true,1785412570235,LeaderAccept
1785412570051,false,1785412570276,LeaderAccept
1785412570095,true,1785412570321,LeaderAccept
1785412570138,false,1785412570364,LeaderAccept
1785412570183,true,1785412570409,LeaderAccept
1785412570229,true,1785412570455,LeaderAccept
1785412570276,true,1785412570502,LeaderAccept
1785412570325,false,1785412570551,LeaderAccept
1785412570375,false,1785412570601,LeaderAccept
1785412570426,true,1785412570652,LeaderAccept
1785412570477,false,1785412570704,LeaderAccept
1785412570530,false,1785412570756,LeaderAccept
1785412570584,true,1785412570811,LeaderAccept
1785412570588,false,1785412570814,LeaderAccept
1785412570605,true,1785412570831,LeaderAccept
1785412570622,true,1785412570848,LeaderAccept
1785412570641,true,1785412570867,LeaderAccept
1785412570659,true,1785412570884,LeaderAccept
1785412570676,true,1785412570902,LeaderAccept
1785412570695,false,1785412570921,LeaderAccept
1785412570712,true,1785412570938,LeaderAccept
1785412570731,true,1785412570956,LeaderAccept
1785412570749,false,1785412570975,LeaderAccept
1785412570767,false,1785412570993,LeaderAccept
1785412570787,true,1785412571013,LeaderAccept
1785412570806,false,1785412571032,LeaderAccept
1785412570826,true,1785412571051,LeaderAccept
1785412570845,false,1785412571070,LeaderAccept
1785412570865,true,1785412571091,LeaderAccept
1785412570884,true,1785412571111,LeaderAccept
1785412570904,false,1785412571130,LeaderAccept
1785412570924,true,1785412571149,LeaderAccept
1785412570945,false,1785412571171,LeaderAccept
1785412570966,false,1785412571192,LeaderAccept
1785412570986,false,1785412571212,LeaderAccept
1785412571008,true,1785412571233,LeaderAccept
1785412571028,true,1785412571254,LeaderAccept
1785412571049,true,1785412571275,LeaderAccept
1785412571070,true,1785412571296,LeaderAccept
1785412571092,false,1785412571318,LeaderAccept
1785412571114,true,1785412571340,LeaderAccept
1785412571136,false,1785412571363,LeaderAccept
1785412571158,true,1785412571384,LeaderAccept
1785412571181,true,1785412571406,LeaderAccept
1785412571204,false,1785412571430,LeaderAccept
1785412571228,true,1785412571453,LeaderAccept
1785412571251,true,1785412571477,LeaderAccept
1785412571275,true,1785412571500,LeaderAccept
1785412571298,false,1785412571524,LeaderAccept
1785412571323,false,1785412571548,LeaderAccept
1785412571347,true,1785412571573,LeaderAccept
1785412571372,false,1785412571597,LeaderAccept
1785412571396,true,1785412571622,LeaderAccept
1785412571422,false,1785412571648,LeaderAccept
1785412571447,false,1785412571673,LeaderAccept
1785412571473,false,1785412571699,LeaderAccept
1785412571499,true,1785412571724,LeaderAccept
1785412571525,true,1785412571751,LeaderAccept
1785412571553,true,1785412571779,LeaderAccept
1785412571581,true,1785412571806,LeaderAccept
1785412571609,true,1785412571834,LeaderAccept
1785412571637,false,1785412571862,LeaderAccept
1785412571666,true,1785412571892,LeaderAccept
1785412571694,true,1785412571920,LeaderAccept
1785412571724,false,1785412571949,LeaderAccept
1785412571754,false,1785412571980,LeaderAccept
1785412571784,true,1785412572009,LeaderAccept
1785412571815,true,1785412572041,LeaderAccept
1785412571845,true,1785412572072,LeaderAccept
1785412571876,false,1785412572102,LeaderAccept
1785412571908,false,1785412572133,LeaderAccept
1785412571941,false,1785412572167,LeaderAccept
1785412571973,true,1785412572200,LeaderAccept
1785412572006,false,1785412572232,LeaderAccept
1785412572040,false,1785412572266,LeaderAccept
1785412572074,false,1785412572300,LeaderAccept
1785412572109,true,1785412572334,LeaderAccept
1785412572145,false,1785412572370,LeaderAccept
1785412572181,false,1785412572407,LeaderAccept
1785412572219,true,1785412572444,LeaderAccept
1785412572256,false,1785412572483,LeaderAccept
1785412572295,true,1785412572521,LeaderAccept
1785412572333,false,1785412572559,LeaderAccept
1785412572374,false,1785412572600,LeaderAccept
1785412572415,false,1785412572641,LeaderAccept
1785412572457,false,1785412572683,LeaderAccept
1785412572498,true,1785412572724,LeaderAccept
1785412572541,true,1785412572768,LeaderAccept
1785412572585,false,1785412572812,LeaderAccept
1785412572631,false,1785412572857,LeaderAccept
1785412572677,true,1785412572903,LeaderAccept
1785412572723,false,1785412572949,LeaderAccept
1785412572772,false,1785412572998,LeaderAccept
1785412572820,true,1785412573046,LeaderAccept
1785412572870,true,1785412573096,LeaderAccept
1785412572922,false,1785412573148,LeaderAccept
1785412572974,true,1785412573200,LeaderAccept
1785412573028,true,1785412573254,LeaderAccept
1785412573083,false,1785412573309,LeaderAccept
1785412573140,true,1785412573366,LeaderAccept
1785412573199,true,1785412573425,LeaderAccept
1785412573259,true,1785412573485,LeaderAccept
1785412573321,true,1785412573548,LeaderAccept
1785412573385,false,1785412573612,LeaderAccept
1785412573451,true,1785412573816,LeaderAccept
1785412573520,false,1785412573816,LeaderAccept
1785412573590,false,1785412573816,SlowAccept
1785412573663,false,1785412573890,LeaderAccept
1785412573740,false,1785412573966,LeaderAccept
1785412573818,true,1785412574044,LeaderAccept
1785412573901,true,1785412574127,LeaderAccept
1785412573987,false,1785412574213,LeaderAccept
1785412574076,true,1785412574302,LeaderAccept
1785412574170,true,1785412574396,LeaderAccept
1785412574267,true,1785412574494,LeaderAccept
1785412574369,false,1785412575067,LeaderAccept
1785412574478,true,1785412574679,FastAccept
1785412574591,false,1785412574793,FastAccept
1785412574712,true,1785412574913,FastAccept
1785412574840,false,1785412575042,FastAccept
1785412574976,true,1785412575204,LeaderAccept
1785412575121,false,1785412575347,LeaderAccept
1785412575278,true,1785412575504,LeaderAccept
1785412575447,true,1785412575674,LeaderAccept
1785412575630,false,1785412575856,LeaderAccept
1785412575831,true,1785412576032,FastAccept
1785412576054,true,1785412576255,FastAccept
1785412576301,false,1785412576504,FastAccept
1785412576582,false,1785412576784,FastAccept
1785412576905,true,1785412577107,FastAccept
1785412577284,true,1785412577486,FastAccept
1785412577743,true,1785412577944,FastAccept
1785412578319,true,1785412578545,LeaderAccept
1785412579088,true,1785412579313,LeaderAccept
1785412580214,false,1785412580441,LeaderAccept
1785412582194,true,1785412582395,FastAccept
1785412587517,false,1785412587743,LeaderAccept
1785412591216,false,1785412591442,LeaderAccept
1785412591236,true,1785412591463,LeaderAccept
1785412591257,false,1785412591482,LeaderAccept
1785412591277,false,1785412591504,LeaderAccept
1785412591299,false,1785412591524,LeaderAccept
1785412591320,false,1785412591546,LeaderAccept
1785412591343,false,1785412591569,LeaderAccept
1785412591364,false,1785412591591,LeaderAccept
1785412591386,false,1785412591612,LeaderAccept
1785412591409,true,1785412591635,LeaderAccept
1785412591431,false,1785412591657,LeaderAccept
1785412591455,true,1785412591680,LeaderAccept
1785412591478,true,1785412591704,LeaderAccept
1785412591502,false,1785412591728,LeaderAccept
1785412591525,false,1785412591751,LeaderAccept
1785412591549,true,1785412591776,LeaderAccept
1785412591573,false,1785412591799,LeaderAccept
1785412591597,false,1785412591823,LeaderAccept
1785412591621,false,1785412591848,LeaderAccept
1785412591646,true,1785412591873,LeaderAccept
1785412591672,true,1785412591898,LeaderAccept
1785412591698,true,1785412591924,LeaderAccept
1785412591723,false,1785412591949,LeaderAccept
1785412591750,true,1785412591977,LeaderAccept
1785412591776,true,1785412592001,LeaderAccept
1785412591802,true,1785412592027,LeaderAccept
1785412591829,false,1785412592056,LeaderAccept
1785412591856,true,1785412592082,LeaderAccept
1785412591885,false,1785412592111,LeaderAccept
1785412591913,true,1785412592139,LeaderAccept
1785412591941,false,1785412592167,LeaderAccept
1785412591971,false,1785412592197,LeaderAccept
1785412592000,false,1785412592226,LeaderAccept
1785412592030,false,1785412592256,LeaderAccept
1785412592060,true,1785412592286,LeaderAccept
1785412592091,false,1785412592316,LeaderAccept
1785412592122,true,1785412592348,LeaderAccept
1785412592154,true,1785412592381,LeaderAccept
1785412592186,false,1785412592413,LeaderAccept
1785412592219,true,1785412592445,LeaderAccept
1785412592253,false,1785412592479,LeaderAccept
1785412592286,true,1785412592512,LeaderAccept
1785412592321,true,1785412592548,LeaderAccept
1785412592355,false,1785412592581,LeaderAccept
1785412592390,true,1785412592616,LeaderAccept
1785412592426,true,1785412592653,LeaderAccept
1785412592464,false,1785412592690,LeaderAccept
1785412592501,false,1785412592727,LeaderAccept
1785412592539,true,1785412592766,LeaderAccept
1785412592579,true,1785412592805,LeaderAccept
1785412592618,true,1785412592845,LeaderAccept
1785412592659,true,1785412592885,LeaderAccept
1785412592700,false,1785412592926,LeaderAccept
1785412592743,false,1785412592968,LeaderAccept
1785412592786,true,1785412593013,LeaderAccept
1785412592829,true,1785412593055,LeaderAccept
1785412592874,true,1785412593100,LeaderAccept
1785412592919,false,1785412593146,LeaderAccept
1785412592966,true,1785412593192,LeaderAccept
1785412593014,true,1785412593240,LeaderAccept
1785412593062,true,1785412593288,LeaderAccept
1785412593112,false,1785412593338,LeaderAccept
1785412593164,true,1785412593391,LeaderAccept
1785412593216,false,1785412593442,LeaderAccept
1785412593271,false,1785412593497,LeaderAccept
1785412593327,true,1785412593554,LeaderAccept
1785412593383,false,1785412593608,LeaderAccept
1785412593442,true,1785412593667,LeaderAccept
1785412593503,true,1785412593729,LeaderAccept
1785412593565,true,1785412593792,LeaderAccept
1785412593629,false,1785412593855,LeaderAccept
1785412593694,true,1785412593920,LeaderAccept
1785412593763,false,1785412593989,LeaderAccept
1785412593833,false,1785412594059,LeaderAccept
1785412593905,false,1785412594132,LeaderAccept
1785412593981,false,1785412594206,LeaderAccept
1785412594058,true,1785412594284,LeaderAccept
1785412594139,true,1785412594366,LeaderAccept
1785412594224,false,1785412594450,LeaderAccept
1785412594312,false,1785412594540,LeaderAccept
1785412594404,true,1785412594631,LeaderAccept
1785412594501,false,1785412594728,LeaderAccept
1785412594602,true,1785412595048,LeaderAccept
1785412594708,true,1785412594910,FastAccept
1785412594821,true,1785412595023,FastAccept
1785412594940,false,1785412595425,LeaderAccept
1785412595065,true,1785412595267,FastAccept
1785412595199,false,1785412595400,FastAccept
1785412595342,false,1785412595568,LeaderAccept
1785412595495,false,1785412595721,LeaderAccept
1785412595660,false,1785412595886,LeaderAccept
1785412595841,true,1785412596067,LeaderAccept
1785412596038,true,1785412596264,LeaderAccept
1785412596255,false,1785412596457,FastAccept
1785412596496,false,1785412596697,FastAccept
1785412596768,false,1785412596970,FastAccept
1785412597081,false,1785412597282,FastAccept
1785412597445,true,1785412597647,FastAccept
1785412597883,false,1785412598084,FastAccept
1785412598426,false,1785412598652,LeaderAccept
1785412599139,false,1785412599341,FastAccept
1785412600158,true,1785412600359,FastAccept
1785412601850,false,1785412602076,LeaderAccept
1785412605794,true,1785412605996,FastAccept
1785412633037,false,1785412633138,LeaderAccept
1785412633057,true,1785412633195,LeaderAccept
1785412633076,false,1785412633195,SlowAccept
1785412633094,true,1785412633213,LeaderAccept
1785412633114,true,1785412633232,LeaderAccept
1785412633132,true,1785412633251,LeaderAccept
1785412633152,false,1785412633252,LeaderAccept
1785412633171,false,1785412633272,LeaderAccept
1785412633190,true,1785412633291,LeaderAccept
1785412633210,true,1785412633312,LeaderAccept
1785412633231,false,1785412633331,LeaderAccept
1785412633252,false,1785412633352,LeaderAccept
1785412633272,false,1785412633372,LeaderAccept
1785412633292,true,1785412633393,LeaderAccept
1785412633314,false,1785412633415,LeaderAccept
1785412633335,false,1785412633436,LeaderAccept
1785412633356,false,1785412633458,LeaderAccept
1785412633378,false,1785412633479,LeaderAccept
1785412633400,false,1785412633501,LeaderAccept
1785412633423,true,1785412633524,LeaderAccept
1785412633445,true,1785412633547,LeaderAccept
1785412633468,true,1785412633568,LeaderAccept
1785412633490,true,1785412633591,LeaderAccept
1785412633513,true,1785412633614,LeaderAccept
1785412633536,false,1785412633636,LeaderAccept
1785412633560,true,1785412633661,LeaderAccept
1785412633583,true,1785412633684,LeaderAccept
1785412633608,true,1785412633709,LeaderAccept
1785412633632,false,1785412633733,LeaderAccept
1785412633657,true,1785412633757,LeaderAccept
1785412633681,true,1785412633782,LeaderAccept
1785412633706,true,1785412633806,LeaderAccept
1785412633732,true,1785412633832,LeaderAccept
1785412633757,true,1785412633857,LeaderAccept
1785412633783,false,1785412633883,LeaderAccept
1785412633810,true,1785412633910,LeaderAccept
1785412633837,false,1785412633937,LeaderAccept
1785412633864,false,1785412633964,LeaderAccept
1785412633891,true,1785412633992,LeaderAccept
1785412633920,true,1785412634020,LeaderAccept
1785412633948,false,1785412634048,LeaderAccept
1785412633976,false,1785412634076,LeaderAccept
1785412634006,true,1785412634106,LeaderAccept
1785412634036,false,1785412634137,LeaderAccept
1785412634065,false,1785412634166,LeaderAccept
1785412634096,true,1785412634196,LeaderAccept
1785412634127,false,1785412634228,LeaderAccept
1785412634157,false,1785412634258,LeaderAccept
1785412634188,false,1785412634289,LeaderAccept
1785412634220,false,1785412634321,LeaderAccept
1785412634252,true,1785412634353,LeaderAccept
1785412634285,true,1785412634386,LeaderAccept
1785412634320,false,1785412634420,LeaderAccept
1785412634354,false,1785412634455,LeaderAccept
1785412634388,false,1785412634489,LeaderAccept
1785412634424,true,1785412634525,LeaderAccept
1785412634459,false,1785412634560,LeaderAccept
1785412634495,true,1785412634596,LeaderAccept
1785412634532,false,1785412634633,LeaderAccept
1785412634571,false,1785412634671,LeaderAccept
1785412634609,false,1785412634710,LeaderAccept
1785412634648,false,1785412634749,LeaderAccept
1785412634688,true,1785412634789,LeaderAccept
1785412634730,true,1785412634831,LeaderAccept
1785412634772,true,1785412634873,LeaderAccept
1785412634814,false,1785412634915,LeaderAccept
1785412634858,true,1785412634959,LeaderAccept
1785412634903,false,1785412635004,LeaderAccept
1785412634949,false,1785412635049,LeaderAccept
1785412634994,false,1785412635095,LeaderAccept
1785412635042,false,1785412635143,LeaderAccept
1785412635091,true,1785412635192,LeaderAccept
1785412635140,true,1785412635241,LeaderAccept
1785412635191,true,1785412635293,LeaderAccept
1785412635244,false,1785412635345,LeaderAccept
1785412635297,true,1785412635399,LeaderAccept
1785412635353,true,1785412635453,LeaderAccept
1785412635409,false,1785412635510,LeaderAccept
1785412635468,true,1785412635569,LeaderAccept
1785412635527,false,1785412635629,LeaderAccept
1785412635589,false,1785412635690,LeaderAccept
1785412635652,false,1785412635753,LeaderAccept
1785412635717,true,1785412635818,LeaderAccept
1785412635785,true,1785412635886,LeaderAccept
1785412635854,false,1785412635956,LeaderAccept
1785412635926,false,1785412636027,LeaderAccept
1785412636002,true,1785412636103,LeaderAccept
1785412636080,true,1785412636162,FastAccept
1785412636160,false,1785412636243,FastAccept
1785412636243,false,1785412636362,LeaderAccept
1785412636331,false,1785412636432,LeaderAccept
1785412636423,true,1785412636506,FastAccept
1785412636518,true,1785412636602,FastAccept
1785412636619,false,1785412636702,FastAccept
1785412636725,true,1785412636809,FastAccept
1785412636835,false,1785412636919,FastAccept
1785412636952,false,1785412637036,FastAccept
1785412637077,false,1785412637160,FastAccept
1785412637209,true,1785412637292,FastAccept
1785412637349,true,1785412637450,LeaderAccept
1785412637501,false,1785412637584,FastAccept
1785412637664,false,1785412637747,FastAccept
1785412637839,true,1785412637923,FastAccept
1785412638032,true,1785412638116,FastAccept
1785412638243,true,1785412638327,FastAccept
1785412638478,false,1785412638562,FastAccept
1785412638743,false,1785412638826,FastAccept
1785412639044,false,1785412639128,FastAccept
1785412639394,true,1785412639478,FastAccept
1785412639811,false,1785412639895,FastAccept
1785412640325,true,1785412640409,FastAccept
1785412640989,false,1785412641072,FastAccept
1785412641912,true,1785412641995,FastAccept
1785412643377,true,1785412643477,LeaderAccept
1785412646426,true,1785412646527,LeaderAccept
1785412655977,true,1785412656078,LeaderAccept
1785412655994,true,1785412656094,LeaderAccept
1785412656009,true,1785412656110,LeaderAccept
1785412656026,false,1785412656126,LeaderAccept
1785412656042,false,1785412656143,LeaderAccept
1785412656059,true,1785412656160,LeaderAccept
1785412656075,false,1785412656176,LeaderAccept
1785412656091,false,1785412656192,LeaderAccept
1785412656107,true,1785412656208,LeaderAccept
1785412656123,true,1785412656224,LeaderAccept
1785412656140,false,1785412656242,LeaderAccept
1785412656158,true,1785412656257,LeaderAccept
1785412656175,false,1785412656276,LeaderAccept
1785412656192,false,1785412656292,LeaderAccept
1785412656210,true,1785412656310,LeaderAccept
1785412656228,false,1785412656328,LeaderAccept
1785412656245,false,1785412656346,LeaderAccept
1785412656263,false,1785412656362,LeaderAccept
1785412656281,false,1785412656381,LeaderAccept
1785412656299,true,1785412656399,LeaderAccept
1785412656318,true,1785412656418,LeaderAccept
1785412656336,true,1785412656437,LeaderAccept
1785412656354,false,1785412656455,LeaderAccept
1785412656374,true,1785412656475,LeaderAccept
1785412656393,true,1785412656493,LeaderAccept
1785412656412,true,1785412656512,LeaderAccept
1785412656432,false,1785412656532,LeaderAccept
1785412656452,true,1785412656552,LeaderAccept
1785412656471,true,1785412656572,LeaderAccept
1785412656492,false,1785412656593,LeaderAccept
1785412656511,false,1785412656612,LeaderAccept
1785412656531,false,1785412656632,LeaderAccept
1785412656551,false,1785412656653,LeaderAccept
1785412656571,false,1785412656672,LeaderAccept
1785412656593,true,1785412656693,LeaderAccept
1785412656613,true,1785412656714,LeaderAccept
1785412656635,true,1785412656736,LeaderAccept
1785412656656,false,1785412656756,LeaderAccept
1785412656678,true,1785412656778,LeaderAccept
1785412656700,true,1785412656800,LeaderAccept
1785412656721,false,1785412656822,LeaderAccept
1785412656743,true,1785412656844,LeaderAccept
1785412656766,true,1785412656867,LeaderAccept
1785412656789,false,1785412656890,LeaderAccept
1785412656811,true,1785412656912,LeaderAccept
1785412656834,true,1785412656934,LeaderAccept
1785412656857,true,1785412656957,LeaderAccept
1785412656881,false,1785412656982,LeaderAccept
1785412656905,false,1785412657006,LeaderAccept
1785412656930,false,1785412657031,LeaderAccept
1785412656955,false,1785412657055,LeaderAccept
1785412656980,false,1785412657080,LeaderAccept
1785412657005,true,1785412657106,LeaderAccept
1785412657030,false,1785412657130,LeaderAccept
1785412657057,true,1785412657157,LeaderAccept
1785412657082,true,1785412657182,LeaderAccept
1785412657110,true,1785412657210,LeaderAccept
1785412657137,false,1785412657237,LeaderAccept
1785412657163,false,1785412657263,LeaderAccept
1785412657191,true,1785412657291,LeaderAccept
1785412657219,false,1785412657319,LeaderAccept
1785412657247,true,1785412657347,LeaderAccept
1785412657275,true,1785412657376,LeaderAccept
1785412657305,true,1785412657405,LeaderAccept
1785412657334,false,1785412657435,LeaderAccept
1785412657364,false,1785412657465,LeaderAccept
1785412657394,false,1785412657495,LeaderAccept
1785412657425,false,1785412657526,LeaderAccept
1785412657456,true,1785412657557,LeaderAccept
1785412657488,true,1785412657588,LeaderAccept
1785412657520,false,1785412657621,LeaderAccept
1785412657552,true,1785412657653,LeaderAccept
1785412657586,true,1785412657687,LeaderAccept
1785412657620,true,1785412657720,LeaderAccept
1785412657653,true,1785412657753,LeaderAccept
1785412657688,false,1785412657789,LeaderAccept
1785412657724,true,1785412657825,LeaderAccept
1785412657760,true,1785412657860,LeaderAccept
1785412657797,false,1785412657898,LeaderAccept
1785412657835,false,1785412657936,LeaderAccept
1785412657873,true,1785412657974,LeaderAccept
1785412657912,false,1785412658012,LeaderAccept
1785412657952,false,1785412658052,LeaderAccept
1785412657991,true,1785412658093,LeaderAccept
1785412658032,true,1785412658133,LeaderAccept
1785412658074,true,1785412658175,LeaderAccept
1785412658118,true,1785412658218,LeaderAccept
1785412658161,false,1785412658262,LeaderAccept
1785412658205,false,1785412658305,LeaderAccept
1785412658250,false,1785412658352,LeaderAccept
1785412658297,false,1785412658397,LeaderAccept
1785412658345,false,1785412658445,LeaderAccept
1785412658393,false,1785412658493,LeaderAccept
1785412658444,true,1785412658544,LeaderAccept
1785412658495,true,1785412658596,LeaderAccept
1785412658547,true,1785412658648,LeaderAccept
1785412658601,true,1785412658702,LeaderAccept
1785412658656,false,1785412658758,LeaderAccept
1785412658713,false,1785412658814,LeaderAccept
1785412658772,true,1785412658873,LeaderAccept
1785412658832,true,1785412658933,LeaderAccept
1785412658893,true,1785412658995,LeaderAccept
1785412658956,false,1785412659057,LeaderAccept
1785412659022,true,1785412659123,LeaderAccept
1785412659091,false,1785412659192,LeaderAccept
1785412659161,false,1785412659261,LeaderAccept
1785412659234,true,1785412659348,LeaderAccept
1785412659310,false,1785412659411,LeaderAccept
1785412659388,false,1785412659490,LeaderAccept
1785412659469,false,1785412659571,LeaderAccept
1785412659554,true,1785412659656,LeaderAccept
1785412659642,false,1785412659744,LeaderAccept
1785412659734,false,1785412659836,LeaderAccept
1785412659831,true,1785412659933,LeaderAccept
1785412659931,true,1785412660033,LeaderAccept
1785412660037,false,1785412660139,LeaderAccept
1785412660150,true,1785412660252,LeaderAccept
1785412660269,true,1785412660370,LeaderAccept
1785412660395,true,1785412660479,FastAccept
1785412660529,true,1785412660612,FastAccept
1785412660671,false,1785412660773,LeaderAccept
1785412660825,false,1785412660908,FastAccept
1785412660990,true,1785412661073,FastAccept
1785412661169,true,1785412661253,FastAccept
1785412661364,true,1785412661448,FastAccept
1785412661581,true,1785412661681,LeaderAccept
1785412661822,true,1785412661922,LeaderAccept
1785412662092,false,1785412662193,LeaderAccept
1785412662403,true,1785412662503,LeaderAccept
1785412662765,true,1785412662866,LeaderAccept
1785412663197,false,1785412663298,LeaderAccept
1785412663734,false,1785412663835,LeaderAccept
1785412664437,false,1785412664537,LeaderAccept
1785412665433,true,1785412665534,LeaderAccept
1785412667074,true,1785412667174,LeaderAccept
1785412669481,false,1785412669648,LeaderAccept
1785412669498,false,1785412669616,SlowAccept
1785412669514,false,1785412669616,FastAccept
1785412669530,false,1785412669648,SlowAccept
1785412669547,false,1785412669666,LeaderAccept
1785412669565,false,1785412669683,LeaderAccept
1785412669581,false,1785412669699,LeaderAccept
1785412669599,false,1785412669699,LeaderAccept
1785412669616,false,1785412669717,LeaderAccept
1785412669634,false,1785412669734,LeaderAccept
1785412669651,true,1785412669753,LeaderAccept
1785412669669,true,1785412669770,LeaderAccept
1785412669687,false,1785412669788,LeaderAccept
1785412669705,false,1785412669806,LeaderAccept
1785412669723,true,1785412669824,LeaderAccept
1785412669742,true,1785412669842,LeaderAccept
1785412669761,false,1785412669861,LeaderAccept
1785412669779,false,1785412669879,LeaderAccept
1785412669798,false,1785412669899,LeaderAccept
1785412669818,false,1785412669917,LeaderAccept
1785412669837,true,1785412669937,LeaderAccept
1785412669857,true,1785412669957,LeaderAccept
1785412669876,true,1785412669977,LeaderAccept
1785412669897,true,1785412669998,LeaderAccept
1785412669916,false,1785412670016,LeaderAccept
1785412669936,true,1785412670037,LeaderAccept
1785412669957,false,1785412670057,LeaderAccept
1785412669977,false,1785412670077,LeaderAccept
1785412669997,true,1785412670097,LeaderAccept
1785412670019,false,1785412670119,LeaderAccept
1785412670040,false,1785412670140,LeaderAccept
1785412670061,false,1785412670162,LeaderAccept
1785412670083,false,1785412670183,LeaderAccept
1785412670104,true,1785412670205,LeaderAccept
1785412670126,false,1785412670226,LeaderAccept
1785412670148,true,1785412670249,LeaderAccept
1785412670171,false,1785412670271,LeaderAccept
1785412670194,true,1785412670294,LeaderAccept
1785412670216,false,1785412670316,LeaderAccept
1785412670240,true,1785412670340,LeaderAccept
1785412670263,true,1785412670365,LeaderAccept
1785412670288,false,1785412670389,LeaderAccept
1785412670311,false,1785412670412,LeaderAccept
1785412670335,true,1785412670436,LeaderAccept
1785412670359,true,1785412670460,LeaderAccept
1785412670384,false,1785412670485,LeaderAccept
1785412670410,false,1785412670510,LeaderAccept
1785412670435,true,1785412670535,LeaderAccept
1785412670460,true,1785412670560,LeaderAccept
1785412670487,false,1785412670587,LeaderAccept
1785412670513,false,1785412670614,LeaderAccept
1785412670541,false,1785412670641,LeaderAccept
1785412670568,true,1785412670669,LeaderAccept
1785412670595,false,1785412670696,LeaderAccept
1785412670623,true,1785412670724,LeaderAccept
1785412670651,true,1785412670752,LeaderAccept
1785412670679,true,1785412670780,LeaderAccept
1785412670708,true,1785412670809,LeaderAccept
1785412670737,false,1785412670837,LeaderAccept
1785412670766,false,1785412670867,LeaderAccept
1785412670797,false,1785412670897,LeaderAccept
1785412670827,true,1785412670927,LeaderAccept
1785412670859,false,1785412670960,LeaderAccept
1785412670890,false,1785412670990,LeaderAccept
1785412670922,false,1785412671022,LeaderAccept
1785412670954,false,1785412671055,LeaderAccept
1785412670988,false,1785412671088,LeaderAccept
1785412671021,false,1785412671122,LeaderAccept
1785412671055,true,1785412671155,LeaderAccept
1785412671089,false,1785412671190,LeaderAccept
1785412671124,false,1785412671225,LeaderAccept
1785412671160,false,1785412671259,LeaderAccept
1785412671196,false,1785412671296,LeaderAccept
1785412671233,true,1785412671333,LeaderAccept
1785412671271,true,1785412671371,LeaderAccept
1785412671310,true,1785412671411,LeaderAccept
1785412671349,true,1785412671449,LeaderAccept
1785412671389,true,1785412671489,LeaderAccept
1785412671430,false,1785412671531,LeaderAccept
1785412671471,true,1785412671572,LeaderAccept
1785412671513,true,1785412671613,LeaderAccept
1785412671557,true,1785412671658,LeaderAccept
1785412671600,false,1785412671701,LeaderAccept
1785412671646,false,1785412671746,LeaderAccept
1785412671691,true,1785412671792,LeaderAccept
1785412671737,true,1785412671837,LeaderAccept
1785412671785,true,1785412671886,LeaderAccept
1785412671834,true,1785412671934,LeaderAccept
1785412671885,false,1785412671986,LeaderAccept
1785412671937,true,1785412672037,LeaderAccept
1785412671990,false,1785412672090,LeaderAccept
1785412672044,true,1785412672145,LeaderAccept
1785412672100,false,1785412672201,LeaderAccept
1785412672158,true,1785412672258,LeaderAccept
1785412672216,false,1785412672317,LeaderAccept
1785412672278,false,1785412672378,LeaderAccept
1785412672340,false,1785412672441,LeaderAccept
1785412672404,false,1785412672505,LeaderAccept
1785412672471,false,1785412672572,LeaderAccept
1785412672540,false,1785412672641,LeaderAccept
1785412672612,false,1785412672712,LeaderAccept
1785412672685,true,1785412672786,LeaderAccept
1785412672763,false,1785412672863,LeaderAccept
1785412672843,true,1785412672926,FastAccept
1785412672925,false,1785412673008,FastAccept
1785412673011,false,1785412673094,FastAccept
1785412673102,false,1785412673185,FastAccept
1785412673195,false,1785412673279,FastAccept
1785412673294,false,1785412673378,FastAccept
1785412673397,false,1785412673481,FastAccept
1785412673506,false,1785412673590,FastAccept
1785412673621,false,1785412673715,FastAccept
1785412673742,false,1785412673826,FastAccept
1785412673871,true,1785412673955,FastAccept
1785412674008,true,1785412674091,FastAccept
1785412674154,false,1785412674238,FastAccept
1785412674312,false,1785412674396,FastAccept
1785412674483,true,1785412674566,FastAccept
1785412674669,false,1785412674752,FastAccept
1785412674872,false,1785412674956,FastAccept
1785412675097,true,1785412675199,LeaderAccept
1785412675349,false,1785412675449,LeaderAccept
1785412675636,true,1785412675736,LeaderAccept
1785412675965,true,1785412676066,LeaderAccept
1785412676354,true,1785412676455,LeaderAccept
1785412676827,true,1785412676927,LeaderAccept
1785412677424,false,1785412677525,LeaderAccept
1785412678230,true,1785412678348,LeaderAccept
1785412679433,true,1785412679516,FastAccept
1785412681629,true,1785412681712,FastAccept
1785412688209,false,1785412688303,LeaderAccept
1785412698326,true,1785412698409,FastAccept
1785412698365,false,1785412698449,FastAccept
1785412698407,true,1785412698490,FastAccept
1785412698448,true,1785412698531,FastAccept
1785412698491,true,1785412698574,FastAccept
1785412698534,true,1785412698618,FastAccept
1785412698579,false,1785412698662,FastAccept
1785412698625,true,1785412698708,FastAccept
1785412698672,false,1785412698755,FastAccept
1785412698720,false,1785412698803,FastAccept
1785412698768,false,1785412698852,FastAccept
1785412698818,false,1785412698902,FastAccept
1785412698870,false,1785412698953,FastAccept
1785412698921,false,1785412699004,FastAccept
1785412698974,true,1785412699057,FastAccept
1785412699030,false,1785412699113,FastAccept
1785412699087,false,1785412699170,FastAccept
1785412699145,false,1785412699228,FastAccept
1785412699204,false,1785412699288,FastAccept
1785412699265,false,1785412699348,FastAccept
1785412699328,true,1785412699411,FastAccept
1785412699394,true,1785412699477,FastAccept
1785412699462,false,1785412699545,FastAccept
1785412699532,false,1785412699615,FastAccept
1785412699603,true,1785412699687,FastAccept
1785412699678,false,1785412699761,FastAccept
1785412699756,false,1785412699839,FastAccept
1785412699838,true,1785412699921,FastAccept
1785412699921,true,1785412700004,FastAccept
1785412700008,false,1785412700092,FastAccept
1785412700100,true,1785412700183,FastAccept
1785412700195,true,1785412700279,FastAccept
1785412700295,true,1785412700379,FastAccept
1785412700400,true,1785412700484,FastAccept
1785412700511,true,1785412700594,FastAccept
1785412700628,false,1785412700752,LeaderAccept
1785412700753,true,1785412700846,LeaderAccept
1785412700884,true,1785412700978,LeaderAccept
1785412701025,true,1785412701119,LeaderAccept
1785412701176,false,1785412701269,LeaderAccept
1785412701339,false,1785412701432,LeaderAccept
1785412701515,false,1785412701608,LeaderAccept
1785412701708,true,1785412701801,LeaderAccept
1785412701921,false,1785412702014,LeaderAccept
1785412702157,false,1785412702250,LeaderAccept
1785412702422,false,1785412702515,LeaderAccept
1785412702725,true,1785412702819,LeaderAccept
1785412703076,true,1785412703170,LeaderAccept
1785412703496,false,1785412703590,LeaderAccept
1785412704012,false,1785412704107,FastAccept
1785412704682,false,1785412704800,LeaderAccept
1785412705615,false,1785412705735,LeaderAccept
1785412707103,false,1785412707187,FastAccept
1785412710234,true,1785412710327,LeaderAccept
1785412725204,true,1785412725298,LeaderAccept
1785412742824,false,1785412742908,FastAccept
1785412742840,true,1785412742923,FastAccept
1785412742856,true,1785412742939,FastAccept
1785412742871,true,1785412742955,FastAccept
1785412742887,true,1785412742970,FastAccept
1785412742904,true,1785412742987,FastAccept
1785412742920,false,1785412743004,FastAccept
1785412742937,false,1785412743020,FastAccept
1785412742954,false,1785412743037,FastAccept
1785412742970,true,1785412743053,FastAccept
1785412742987,false,1785412743070,FastAccept
1785412743003,false,1785412743087,FastAccept
1785412743020,false,1785412743103,FastAccept
1785412743036,false,1785412743119,FastAccept
1785412743053,false,1785412743136,FastAccept
1785412743071,false,1785412743154,FastAccept
1785412743089,false,1785412743172,FastAccept
1785412743107,true,1785412743190,FastAccept
1785412743124,true,1785412743208,FastAccept
1785412743142,true,1785412743226,FastAccept
1785412743161,false,1785412743244,FastAccept
1785412743179,false,1785412743262,FastAccept
1785412743197,false,1785412743280,FastAccept
1785412743215,true,1785412743299,FastAccept
1785412743235,false,1785412743318,FastAccept
1785412743253,true,1785412743337,FastAccept
1785412743273,true,1785412743356,FastAccept
1785412743292,true,1785412743375,FastAccept
1785412743311,false,1785412743395,FastAccept
1785412743330,true,1785412743414,FastAccept
1785412743350,true,1785412743433,FastAccept
1785412743370,false,1785412743453,FastAccept
1785412743390,true,1785412743473,FastAccept
1785412743410,false,1785412743494,FastAccept
1785412743430,true,1785412743513,FastAccept
1785412743451,false,1785412743536,FastAccept
1785412743473,false,1785412743556,FastAccept
1785412743493,true,1785412743576,FastAccept
1785412743514,true,1785412743598,FastAccept
1785412743536,false,1785412743619,FastAccept
1785412743557,true,1785412743641,FastAccept
1785412743580,true,1785412743663,FastAccept
1785412743601,true,1785412743685,FastAccept
1785412743623,false,1785412743707,FastAccept
1785412743647,false,1785412743730,FastAccept
1785412743670,true,1785412743753,FastAccept
1785412743692,false,1785412743775,FastAccept
1785412743715,false,1785412743798,FastAccept
1785412743738,true,1785412743822,FastAccept
1785412743763,false,1785412743846,FastAccept
1785412743788,true,1785412743871,FastAccept
1785412743813,false,1785412743896,FastAccept
1785412743837,false,1785412743920,FastAccept
1785412743862,false,1785412743946,FastAccept
1785412743887,false,1785412743970,FastAccept
1785412743913,true,1785412743996,FastAccept
1785412743939,false,1785412744023,FastAccept
1785412743965,true,1785412744048,FastAccept
1785412743992,false,1785412744076,FastAccept
1785412744019,true,1785412744102,FastAccept
1785412744046,false,1785412744130,FastAccept
1785412744075,true,1785412744158,FastAccept
1785412744102,false,1785412744186,FastAccept
1785412744130,false,1785412744213,FastAccept
1785412744159,false,1785412744243,FastAccept
1785412744189,true,1785412744272,FastAccept
1785412744218,true,1785412744302,FastAccept
1785412744249,true,1785412744332,FastAccept
1785412744280,true,1785412744363,FastAccept
1785412744310,true,1785412744394,FastAccept
1785412744343,true,1785412744426,FastAccept
1785412744375,true,1785412744459,FastAccept
1785412744408,false,1785412744491,FastAccept
1785412744440,true,1785412744524,FastAccept
1785412744473,true,1785412744557,FastAccept
1785412744508,true,1785412744591,FastAccept
1785412744543,true,1785412744626,FastAccept
1785412744579,false,1785412744662,FastAccept
1785412744614,true,1785412744698,FastAccept
1785412744650,true,1785412744734,FastAccept
1785412744688,false,1785412744770,FastAccept
1785412744726,false,1785412744809,FastAccept
1785412744765,true,1785412744848,FastAccept
1785412744804,false,1785412744887,FastAccept
1785412744844,false,1785412744927,FastAccept
1785412744884,false,1785412744968,FastAccept
1785412744925,false,1785412745009,FastAccept
1785412744967,false,1785412745051,FastAccept
1785412745010,true,1785412745094,FastAccept
1785412745054,false,1785412745138,FastAccept
1785412745099,true,1785412745182,FastAccept
1785412745145,true,1785412745228,FastAccept
1785412745193,false,1785412745277,FastAccept
1785412745242,true,1785412745325,FastAccept
1785412745291,false,1785412745374,FastAccept
1785412745342,false,1785412745426,FastAccept
1785412745395,false,1785412745478,FastAccept
1785412745448,false,1785412745531,FastAccept
1785412745504,true,1785412745588,FastAccept
1785412745561,false,1785412745644,FastAccept
1785412745619,true,1785412745702,FastAccept
1785412745678,true,1785412745762,FastAccept
1785412745740,true,1785412745823,FastAccept
1785412745803,true,1785412745887,FastAccept
1785412745868,true,1785412745951,FastAccept
1785412745934,false,1785412746017,FastAccept
1785412746004,true,1785412746087,FastAccept
1785412746076,false,1785412746159,FastAccept
1785412746151,true,1785412746234,FastAccept
1785412746229,true,1785412746312,FastAccept
1785412746309,true,1785412746392,FastAccept
1785412746392,false,1785412746476,FastAccept
1785412746479,false,1785412746563,FastAccept
1785412746569,true,1785412746664,LeaderAccept
1785412746665,false,1785412746758,LeaderAccept
1785412746764,false,1785412746858,LeaderAccept
1785412746868,false,1785412746962,LeaderAccept
1785412746978,false,1785412747072,LeaderAccept
1785412747094,true,1785412747188,LeaderAccept
1785412747217,true,1785412747311,LeaderAccept
1785412747349,true,1785412747442,LeaderAccept
1785412747488,true,1785412747581,LeaderAccept
1785412747638,true,1785412747731,LeaderAccept
1785412747799,false,1785412747893,LeaderAccept
1785412747974,false,1785412748067,LeaderAccept
1785412748165,true,1785412748258,LeaderAccept
1785412748374,true,1785412748468,LeaderAccept
1785412748605,false,1785412748699,LeaderAccept
1785412748865,true,1785412748959,LeaderAccept
1785412749161,false,1785412749254,LeaderAccept
1785412749504,true,1785412749597,LeaderAccept
1785412749911,true,1785412750004,LeaderAccept
1785412750411,false,1785412750505,LeaderAccept
1785412751051,true,1785412751135,FastAccept
1785412751933,false,1785412752016,FastAccept
1785412753302,true,1785412753395,LeaderAccept
1785412756015,false,1785412756099,FastAccept
1785412766549,true,1785412766633,FastAccept
1785412809509,false,1785412809596,FastAccept
1785412809539,true,1785412809661,LeaderAccept
1785412809568,false,1785412809690,LeaderAccept
1785412809598,true,1785412809720,LeaderAccept
1785412809628,false,1785412809727,LeaderAccept
1785412809660,false,1785412809758,LeaderAccept
1785412809690,false,1785412809788,LeaderAccept
1785412809721,true,1785412809820,LeaderAccept
1785412809753,true,1785412809852,LeaderAccept
1785412809786,false,1785412809885,LeaderAccept
1785412809818,false,1785412809917,LeaderAccept
1785412809853,true,1785412809953,LeaderAccept
1785412809888,false,1785412809987,LeaderAccept
1785412809923,false,1785412810022,LeaderAccept
1785412809958,false,1785412810057,LeaderAccept
1785412809994,true,1785412810096,LeaderAccept
1785412810031,false,1785412810131,LeaderAccept
1785412810067,true,1785412810167,LeaderAccept
1785412810105,false,1785412810203,LeaderAccept
1785412810144,false,1785412810242,LeaderAccept
1785412810183,true,1785412810282,LeaderAccept
1785412810223,false,1785412810322,LeaderAccept
1785412810264,false,1785412810363,LeaderAccept
1785412810305,false,1785412810404,LeaderAccept
1785412810348,true,1785412810446,LeaderAccept
1785412810391,false,1785412810490,LeaderAccept
1785412810436,false,1785412810535,LeaderAccept
1785412810481,false,1785412810580,LeaderAccept
1785412810528,true,1785412810627,LeaderAccept
1785412810576,false,1785412810675,LeaderAccept
1785412810625,false,1785412810724,LeaderAccept
1785412810675,true,1785412810773,LeaderAccept
1785412810725,false,1785412810824,LeaderAccept
1785412810777,false,1785412810875,LeaderAccept
1785412810832,true,1785412810931,LeaderAccept
1785412810887,true,1785412810985,LeaderAccept
1785412810944,true,1785412811043,LeaderAccept
1785412811002,true,1785412811100,LeaderAccept
1785412811061,false,1785412811160,LeaderAccept
1785412811123,false,1785412811221,LeaderAccept
1785412811186,true,1785412811285,LeaderAccept
1785412811251,true,1785412811349,LeaderAccept
1785412811319,false,1785412811418,LeaderAccept
1785412811388,true,1785412811487,LeaderAccept
1785412811460,true,1785412811559,LeaderAccept
1785412811534,false,1785412811640,LeaderAccept
1785412811611,false,1785412811690,FastAccept
1785412811692,true,1785412811790,LeaderAccept
1785412811775,true,1785412811854,FastAccept
1785412811862,true,1785412811985,SlowAccept
1785412811954,true,1785412812052,LeaderAccept
1785412812049,false,1785412812129,FastAccept
1785412812149,true,1785412812248,LeaderAccept
1785412812254,true,1785412812353,LeaderAccept
1785412812365,false,1785412812463,LeaderAccept
1785412812481,false,1785412812581,LeaderAccept
1785412812605,false,1785412812703,LeaderAccept
1785412812737,false,1785412812836,LeaderAccept
1785412812878,false,1785412812977,LeaderAccept
1785412813029,false,1785412813127,LeaderAccept
1785412813191,false,1785412813289,LeaderAccept
1785412813367,false,1785412813466,LeaderAccept
1785412813559,true,1785412813657,LeaderAccept
1785412813769,false,1785412813868,LeaderAccept
1785412814004,false,1785412814102,LeaderAccept
1785412814266,false,1785412814365,LeaderAccept
1785412814565,true,1785412814664,LeaderAccept
1785412814913,false,1785412815011,LeaderAccept
1785412815327,true,1785412815426,LeaderAccept
1785412815836,false,1785412815915,FastAccept
1785412816492,false,1785412816605,SlowAccept
1785412817401,true,1785412817515,LeaderAccept
1785412818834,true,1785412818915,FastAccept
1785412821766,false,1785412821865,LeaderAccept
1785412834463,true,1785412834559,LeaderAccept
1785412849101,false,1785412849199,LeaderAccept
1785412849132,false,1785412849229,LeaderAccept
1785412849163,false,1785412849261,LeaderAccept
1785412849195,true,1785412849293,LeaderAccept
1785412849228,false,1785412849325,LeaderAccept
1785412849261,true,1785412849358,LeaderAccept
1785412849293,true,1785412849390,LeaderAccept
1785412849326,true,1785412849424,LeaderAccept
1785412849360,true,1785412849457,LeaderAccept
1785412849394,false,1785412849492,LeaderAccept
1785412849429,true,1785412849527,LeaderAccept
1785412849465,true,1785412849563,LeaderAccept
1785412849503,false,1785412849601,LeaderAccept
1785412849540,true,1785412849638,LeaderAccept
1785412849579,false,1785412849676,LeaderAccept
1785412849618,false,1785412849715,LeaderAccept
1785412849657,true,1785412849755,LeaderAccept
1785412849697,false,1785412849795,LeaderAccept
1785412849739,true,1785412849837,LeaderAccept
1785412849780,true,1785412849878,LeaderAccept
1785412849823,true,1785412849921,LeaderAccept
1785412849867,true,1785412849964,LeaderAccept
1785412849912,false,1785412850008,LeaderAccept
1785412849957,true,1785412850055,LeaderAccept
1785412850003,true,1785412850101,LeaderAccept
1785412850051,true,1785412850148,LeaderAccept
1785412850099,true,1785412850196,LeaderAccept
1785412850150,false,1785412850247,LeaderAccept
1785412850202,true,1785412850299,LeaderAccept
1785412850254,true,1785412850351,LeaderAccept
1785412850308,false,1785412850406,LeaderAccept
1785412850364,false,1785412850461,LeaderAccept
1785412850420,true,1785412850518,LeaderAccept
1785412850479,false,1785412850575,LeaderAccept
1785412850539,false,1785412850637,LeaderAccept
1785412850600,true,1785412850698,LeaderAccept
1785412850664,true,1785412850761,LeaderAccept
1785412850729,true,1785412850827,LeaderAccept
1785412850798,true,1785412850896,LeaderAccept
1785412850868,false,1785412850966,LeaderAccept
1785412850941,true,1785412851039,LeaderAccept
1785412851017,true,1785412851114,LeaderAccept
1785412851094,false,1785412851192,LeaderAccept
1785412851176,false,1785412851273,LeaderAccept
1785412851260,false,1785412851358,LeaderAccept
1785412851349,true,1785412851446,LeaderAccept
1785412851442,true,1785412851539,LeaderAccept
1785412851538,true,1785412851637,LeaderAccept
1785412851639,true,1785412851737,LeaderAccept
1785412851745,false,1785412851858,LeaderAccept
1785412851857,true,1785412851955,LeaderAccept
1785412851976,true,1785412852093,SlowAccept
1785412852102,true,1785412852186,FastAccept
1785412852235,true,1785412852319,FastAccept
1785412852377,false,1785412852461,FastAccept
1785412852530,false,1785412852614,FastAccept
1785412852695,true,1785412852779,FastAccept
1785412852875,true,1785412852959,FastAccept
1785412853071,true,1785412853155,FastAccept
1785412853287,false,1785412853372,FastAccept
1785412853528,false,1785412853612,FastAccept
1785412853800,false,1785412853884,FastAccept
1785412854111,true,1785412854195,FastAccept
1785412854473,true,1785412854558,FastAccept
1785412854908,true,1785412854992,FastAccept
1785412855448,false,1785412855532,FastAccept
1785412856156,false,1785412856240,FastAccept
1785412857162,false,1785412857259,LeaderAccept
1785412858826,true,1785412858925,LeaderAccept
1785412862649,false,1785412862728,FastAccept
1785412869008,false,1785412869087,FastAccept
1785412869024,true,1785412869102,FastAccept
1785412869038,false,1785412869151,SlowAccept
1785412869053,true,1785412869151,FastAccept
1785412869069,true,1785412869181,SlowAccept
1785412869084,true,1785412869197,SlowAccept
1785412869099,true,1785412869212,SlowAccept
1785412869115,true,1785412869228,LeaderAccept
1785412869131,true,1785412869244,LeaderAccept
1785412869148,false,1785412869245,LeaderAccept
1785412869164,true,1785412869261,LeaderAccept
1785412869179,false,1785412869277,LeaderAccept
1785412869195,false,1785412869293,LeaderAccept
1785412869212,false,1785412869309,LeaderAccept
1785412869228,false,1785412869325,LeaderAccept
1785412869245,true,1785412869342,LeaderAccept
1785412869261,false,1785412869358,LeaderAccept
1785412869278,true,1785412869376,LeaderAccept
1785412869295,true,1785412869391,LeaderAccept
1785412869311,false,1785412869408,LeaderAccept
1785412869328,false,1785412869426,LeaderAccept
1785412869345,true,1785412869442,LeaderAccept
1785412869362,true,1785412869459,LeaderAccept
1785412869379,true,1785412869476,LeaderAccept
1785412869396,true,1785412869494,LeaderAccept
1785412869414,false,1785412869511,LeaderAccept
1785412869433,true,1785412869529,LeaderAccept
1785412869451,true,1785412869548,LeaderAccept
1785412869469,false,1785412869567,LeaderAccept
1785412869487,false,1785412869585,LeaderAccept
1785412869507,false,1785412869604,LeaderAccept
1785412869525,false,1785412869622,LeaderAccept
1785412869545,false,1785412869642,LeaderAccept
1785412869564,false,1785412869661,LeaderAccept
1785412869583,false,1785412869680,LeaderAccept
1785412869602,false,1785412869699,LeaderAccept
1785412869621,false,1785412869719,LeaderAccept
1785412869641,false,1785412869739,LeaderAccept
1785412869661,false,1785412869758,LeaderAccept
1785412869681,true,1785412869778,LeaderAccept
1785412869702,true,1785412869800,LeaderAccept
1785412869723,false,1785412869820,LeaderAccept
1785412869743,false,1785412869841,LeaderAccept
1785412869764,true,1785412869861,LeaderAccept
1785412869785,true,1785412869883,LeaderAccept
1785412869807,true,1785412869906,LeaderAccept
1785412869829,false,1785412869926,LeaderAccept
1785412869851,false,1785412869948,LeaderAccept
1785412869873,false,1785412869970,LeaderAccept
1785412869896,false,1785412869994,LeaderAccept
1785412869918,false,1785412870015,LeaderAccept
1785412869941,false,1785412870038,LeaderAccept
1785412869964,false,1785412870061,LeaderAccept
1785412869988,false,1785412870085,LeaderAccept
1785412870011,true,1785412870108,LeaderAccept
1785412870036,false,1785412870132,LeaderAccept
1785412870061,false,1785412870157,LeaderAccept
1785412870085,false,1785412870182,LeaderAccept
1785412870110,true,1785412870207,LeaderAccept
1785412870134,true,1785412870231,LeaderAccept
1785412870159,false,1785412870255,LeaderAccept
1785412870185,false,1785412870283,LeaderAccept
1785412870211,false,1785412870308,LeaderAccept
1785412870237,true,1785412870334,LeaderAccept
1785412870265,false,1785412870362,LeaderAccept
1785412870291,false,1785412870388,LeaderAccept
1785412870319,false,1785412870416,LeaderAccept
1785412870347,false,1785412870444,LeaderAccept
1785412870375,true,1785412870472,LeaderAccept
1785412870404,false,1785412870500,LeaderAccept
1785412870433,false,1785412870530,LeaderAccept
1785412870462,false,1785412870560,LeaderAccept
1785412870492,false,1785412870589,LeaderAccept
1785412870523,true,1785412870619,LeaderAccept
1785412870554,true,1785412870651,LeaderAccept
1785412870585,true,1785412870682,LeaderAccept
1785412870616,true,1785412870714,LeaderAccept
1785412870649,true,1785412870747,LeaderAccept
1785412870682,false,1785412870779,LeaderAccept
1785412870714,true,1785412870811,LeaderAccept
1785412870747,true,1785412870844,LeaderAccept
1785412870781,true,1785412870878,LeaderAccept
1785412870816,true,1785412870912,LeaderAccept
1785412870851,true,1785412870948,LeaderAccept
1785412870887,true,1785412870984,LeaderAccept
1785412870924,false,1785412871021,LeaderAccept
1785412870960,true,1785412871058,LeaderAccept
1785412870999,false,1785412871097,LeaderAccept
1785412871037,false,1785412871135,LeaderAccept
1785412871077,true,1785412871174,LeaderAccept
1785412871116,true,1785412871213,LeaderAccept
1785412871157,false,1785412871255,LeaderAccept
1785412871198,false,1785412871295,LeaderAccept
1785412871241,true,1785412871338,LeaderAccept
1785412871284,true,1785412871380,LeaderAccept
1785412871328,true,1785412871426,LeaderAccept
1785412871373,false,1785412871471,LeaderAccept
1785412871420,true,1785412871517,LeaderAccept
1785412871467,true,1785412871565,LeaderAccept
1785412871515,false,1785412871613,LeaderAccept
1785412871565,true,1785412871663,LeaderAccept
1785412871616,false,1785412871714,LeaderAccept
1785412871667,true,1785412871764,LeaderAccept
1785412871720,true,1785412871818,LeaderAccept
1785412871774,true,1785412871873,LeaderAccept
1785412871830,false,1785412871928,LeaderAccept
1785412871889,false,1785412871986,LeaderAccept
1785412871948,true,1785412872046,LeaderAccept
1785412872010,false,1785412872107,LeaderAccept
1785412872073,true,1785412872170,LeaderAccept
1785412872137,true,1785412872235,LeaderAccept
1785412872205,false,1785412872302,LeaderAccept
1785412872274,true,1785412872372,LeaderAccept
1785412872345,true,1785412872443,LeaderAccept
1785412872420,false,1785412872518,LeaderAccept
1785412872496,true,1785412872594,LeaderAccept
1785412872577,false,1785412872674,LeaderAccept
1785412872660,true,1785412872758,LeaderAccept
1785412872747,true,1785412872845,LeaderAccept
1785412872837,false,1785412872936,LeaderAccept
1785412872932,false,1785412873030,LeaderAccept
1785412873030,false,1785412873127,LeaderAccept
1785412873134,true,1785412873231,LeaderAccept
1785412873244,false,1785412873341,LeaderAccept
1785412873360,true,1785412873457,LeaderAccept
1785412873483,false,1785412873580,LeaderAccept
1785412873612,true,1785412873692,FastAccept
1785412873751,false,1785412873830,FastAccept
1785412873900,false,1785412873978,FastAccept
1785412874060,false,1785412874140,FastAccept
1785412874233,true,1785412874313,FastAccept
1785412874421,true,1785412874501,FastAccept
1785412874628,false,1785412874707,FastAccept
1785412874858,false,1785412874971,SlowAccept
1785412875115,false,1785412875195,FastAccept
1785412875409,false,1785412875488,FastAccept
1785412875748,false,1785412875827,FastAccept
1785412876148,true,1785412876227,FastAccept
1785412876637,true,1785412876716,FastAccept
1785412877262,true,1785412877341,FastAccept
1785412878115,true,1785412878194,FastAccept
1785412879423,true,1785412879521,LeaderAccept
1785412881934,false,1785412882033,LeaderAccept
1785412890751,false,1785412890849,LeaderAccept
1785412891738,true,1785412891836,LeaderAccept
1785412891761,true,1785412891859,LeaderAccept
1785412891784,false,1785412891881,LeaderAccept
1785412891806,false,1785412891903,LeaderAccept
1785412891830,true,1785412891926,LeaderAccept
1785412891854,false,1785412891951,LeaderAccept
1785412891877,false,1785412891975,LeaderAccept
1785412891901,true,1785412891999,LeaderAccept
1785412891926,false,1785412892024,LeaderAccept
1785412891951,false,1785412892049,LeaderAccept
1785412891975,false,1785412892072,LeaderAccept
1785412891999,true,1785412892097,LeaderAccept
1785412892025,false,1785412892122,LeaderAccept
1785412892050,true,1785412892148,LeaderAccept
1785412892077,true,1785412892174,LeaderAccept
1785412892102,false,1785412892200,LeaderAccept
1785412892129,true,1785412892227,LeaderAccept
1785412892155,false,1785412892254,LeaderAccept
1785412892182,true,1785412892280,LeaderAccept
1785412892210,true,1785412892307,LeaderAccept
1785412892238,true,1785412892336,LeaderAccept
1785412892267,true,1785412892365,LeaderAccept
1785412892295,false,1785412892393,LeaderAccept
1785412892325,true,1785412892423,LeaderAccept
1785412892354,false,1785412892453,LeaderAccept
1785412892384,false,1785412892481,LeaderAccept
1785412892415,true,1785412892513,LeaderAccept
1785412892445,true,1785412892544,LeaderAccept
1785412892477,true,1785412892576,LeaderAccept
1785412892508,true,1785412892606,LeaderAccept
1785412892541,false,1785412892639,LeaderAccept
1785412892574,false,1785412892673,LeaderAccept
1785412892608,true,1785412892706,LeaderAccept
1785412892641,true,1785412892739,LeaderAccept
1785412892676,false,1785412892773,LeaderAccept
1785412892710,false,1785412892807,LeaderAccept
1785412892746,true,1785412892844,LeaderAccept
1785412892781,false,1785412892880,LeaderAccept
1785412892819,true,1785412892916,LeaderAccept
1785412892857,false,1785412892955,LeaderAccept
1785412892896,false,1785412892993,LeaderAccept
1785412892934,false,1785412893032,LeaderAccept
1785412892974,false,1785412893072,LeaderAccept
1785412893015,true,1785412893113,LeaderAccept
1785412893056,false,1785412893154,LeaderAccept
1785412893099,false,1785412893196,LeaderAccept
1785412893142,true,1785412893240,LeaderAccept
1785412893186,true,1785412893284,LeaderAccept
1785412893231,false,1785412893329,LeaderAccept
1785412893277,true,1785412893375,LeaderAccept
1785412893323,true,1785412893421,LeaderAccept
1785412893371,false,1785412893469,LeaderAccept
1785412893420,false,1785412893518,LeaderAccept
1785412893470,true,1785412893568,LeaderAccept
1785412893521,false,1785412893619,LeaderAccept
1785412893574,true,1785412893672,LeaderAccept
1785412893627,true,1785412893725,LeaderAccept
1785412893682,true,1785412893781,LeaderAccept
1785412893739,true,1785412893837,LeaderAccept
1785412893798,false,1785412893896,LeaderAccept
1785412893858,true,1785412893955,LeaderAccept
1785412893920,true,1785412894017,LeaderAccept
1785412893985,false,1785412894082,LeaderAccept
1785412894051,false,1785412894148,LeaderAccept
1785412894120,false,1785412894217,LeaderAccept
1785412894191,false,1785412894289,LeaderAccept
1785412894265,false,1785412894377,SlowAccept
1785412894341,true,1785412894438,LeaderAccept
1785412894419,true,1785412894499,FastAccept
1785412894501,false,1785412894580,FastAccept
1785412894587,true,1785412894666,FastAccept
1785412894676,false,1785412894755,FastAccept
1785412894768,true,1785412894848,FastAccept
1785412894866,false,1785412894945,FastAccept
1785412894967,false,1785412895047,FastAccept
1785412895075,true,1785412895155,FastAccept
1785412895188,false,1785412895268,FastAccept
1785412895307,false,1785412895386,FastAccept
1785412895435,false,1785412895514,FastAccept
1785412895570,true,1785412895650,FastAccept
1785412895714,false,1785412895793,FastAccept
1785412895870,true,1785412895949,FastAccept
1785412896038,false,1785412896117,FastAccept
1785412896220,false,1785412896300,FastAccept
1785412896420,false,1785412896499,FastAccept
1785412896640,true,1785412896719,FastAccept
1785412896886,false,1785412896964,FastAccept
1785412897164,true,1785412897244,FastAccept
1785412897482,true,1785412897561,FastAccept
1785412897855,true,1785412897934,FastAccept
1785412898305,true,1785412898384,FastAccept
1785412898868,false,1785412898947,FastAccept
1785412899614,false,1785412899729,LeaderAccept
1785412900697,false,1785412900778,FastAccept
1785412902558,true,1785412902671,SlowAccept
1785412907271,true,1785412907368,LeaderAccept
1785412927617,false,1785412927697,FastAccept
1785412927647,false,1785412927727,FastAccept
1785412927679,false,1785412927758,FastAccept
1785412927711,false,1785412927791,FastAccept
1785412927743,true,1785412927822,FastAccept
1785412927775,false,1785412927854,FastAccept
1785412927809,false,1785412927888,FastAccept
1785412927843,true,1785412927923,FastAccept
1785412927876,false,1785412927955,FastAccept
1785412927910,true,1785412928024,LeaderAccept
1785412927945,true,1785412928058,LeaderAccept
1785412927981,true,1785412928079,LeaderAccept
1785412928016,false,1785412928114,LeaderAccept
1785412928053,false,1785412928166,LeaderAccept
1785412928091,false,1785412928204,LeaderAccept
1785412928129,true,1785412928227,LeaderAccept
1785412928168,true,1785412928266,LeaderAccept
1785412928207,true,1785412928320,LeaderAccept
1785412928247,true,1785412928359,LeaderAccept
1785412928289,true,1785412928386,LeaderAccept
1785412928330,false,1785412928428,LeaderAccept
1785412928374,false,1785412928472,LeaderAccept
1785412928418,false,1785412928515,LeaderAccept
1785412928462,false,1785412928560,LeaderAccept
1785412928508,false,1785412928606,LeaderAccept
1785412928555,false,1785412928652,LeaderAccept
1785412928603,true,1785412928701,LeaderAccept
1785412928652,true,1785412928749,LeaderAccept
1785412928701,false,1785412928798,LeaderAccept
1785412928752,false,1785412928850,LeaderAccept
1785412928805,true,1785412928903,LeaderAccept
1785412928859,true,1785412928957,LeaderAccept
1785412928915,false,1785412929013,LeaderAccept
1785412928972,false,1785412929070,LeaderAccept
1785412929031,true,1785412929128,LeaderAccept
1785412929091,false,1785412929189,LeaderAccept
1785412929154,true,1785412929251,LeaderAccept
1785412929218,true,1785412929315,LeaderAccept
1785412929285,false,1785412929382,LeaderAccept
1785412929353,false,1785412929451,LeaderAccept
1785412929425,false,1785412929504,FastAccept
1785412929499,false,1785412929578,FastAccept
1785412929575,true,1785412929653,FastAccept
1785412929653,true,1785412929732,FastAccept
1785412929735,false,1785412929815,FastAccept
1785412929821,true,1785412929899,FastAccept
1785412929910,false,1785412929989,FastAccept
1785412930002,false,1785412930082,FastAccept
1785412930100,false,1785412930179,FastAccept
1785412930201,false,1785412930281,FastAccept
1785412930308,false,1785412930388,FastAccept
1785412930421,true,1785412930501,FastAccept
1785412930541,false,1785412930621,FastAccept
1785412930667,true,1785412930747,FastAccept
1785412930802,true,1785412930882,FastAccept
1785412930946,false,1785412931025,FastAccept
1785412931102,true,1785412931181,FastAccept
1785412931269,false,1785412931348,FastAccept
1785412931451,false,1785412931531,FastAccept
1785412931652,false,1785412931731,FastAccept
1785412931872,true,1785412931952,FastAccept
1785412932119,true,1785412932198,FastAccept
1785412932397,true,1785412932477,FastAccept
1785412932716,false,1785412932795,FastAccept
1785412933091,false,1785412933170,FastAccept
1785412933543,true,1785412933622,FastAccept
1785412933643,true,1785412933723,FastAccept
1785412933682,true,1785412933761,FastAccept
1785412933722,false,1785412933801,FastAccept
1785412933763,true,1785412933842,FastAccept
1785412933803,false,1785412933883,FastAccept
1785412933846,true,1785412933925,FastAccept
1785412933888,true,1785412933968,FastAccept
1785412933933,false,1785412934012,FastAccept
1785412933977,true,1785412934056,FastAccept
1785412934023,true,1785412934103,FastAccept
1785412934070,true,1785412934149,FastAccept
1785412934118,false,1785412934198,FastAccept
1785412934166,true,1785412934245,FastAccept
1785412934215,true,1785412934295,FastAccept
1785412934266,true,1785412934346,FastAccept
1785412934318,true,1785412934398,FastAccept
1785412934372,false,1785412934453,FastAccept
1785412934428,true,1785412934507,FastAccept
1785412934485,true,1785412934564,FastAccept
1785412934543,false,1785412934622,FastAccept
1785412934603,false,1785412934682,FastAccept
1785412934664,false,1785412934744,FastAccept
1785412934729,true,1785412934808,FastAccept
1785412934794,false,1785412934873,FastAccept
1785412934862,false,1785412934941,FastAccept
1785412934932,false,1785412935011,FastAccept
1785412935004,true,1785412935084,FastAccept
1785412935079,false,1785412935158,FastAccept
1785412935157,true,1785412935236,FastAccept
1785412935239,false,1785412935318,FastAccept
1785412935324,true,1785412935403,FastAccept
1785412935411,true,1785412935491,FastAccept
1785412935504,true,1785412935584,FastAccept
1785412935599,true,1785412935679,FastAccept
1785412935699,true,1785412935780,FastAccept
1785412935805,false,1785412935885,FastAccept
1785412935917,false,1785412935996,FastAccept
1785412936034,true,1785412936114,FastAccept
1785412936159,true,1785412936239,FastAccept
1785412936292,true,1785412936372,FastAccept
1785412936433,false,1785412936513,FastAccept
1785412936585,false,1785412936664,FastAccept
1785412936749,false,1785412936828,FastAccept
1785412936927,true,1785412937006,FastAccept
1785412937121,true,1785412937200,FastAccept
1785412937335,false,1785412937414,FastAccept
1785412937573,false,1785412937652,FastAccept
1785412937841,false,1785412937920,FastAccept
1785412938147,false,1785412938227,FastAccept
1785412938503,false,1785412938583,FastAccept
1785412938929,false,1785412939026,LeaderAccept
1785412939456,true,1785412939554,LeaderAccept
1785412940141,false,1785412940239,LeaderAccept
1785412941105,false,1785412941203,LeaderAccept
1785412942664,true,1785412942744,FastAccept
1785412942974,true,1785412943151,LeaderAccept
1785412942992,true,1785412943114,SlowAccept
1785412943011,true,1785412943132,SlowAccept
1785412943029,false,1785412943151,SlowAccept
1785412943049,false,1785412943170,LeaderAccept
1785412943067,true,1785412943189,LeaderAccept
1785412943087,true,1785412943184,LeaderAccept
1785412943105,true,1785412943202,LeaderAccept
1785412943124,false,1785412943222,LeaderAccept
1785412943144,true,1785412943241,LeaderAccept
1785412943163,false,1785412943260,LeaderAccept
1785412943183,false,1785412943281,LeaderAccept
1785412943204,false,1785412943301,LeaderAccept
1785412943223,true,1785412943321,LeaderAccept
1785412943243,true,1785412943340,LeaderAccept
1785412943264,true,1785412943362,LeaderAccept
1785412943285,false,1785412943383,LeaderAccept
1785412943306,true,1785412943404,LeaderAccept
1785412943327,true,1785412943425,LeaderAccept
1785412943349,true,1785412943446,LeaderAccept
1785412943370,false,1785412943468,LeaderAccept
1785412943392,true,1785412943490,LeaderAccept
1785412943414,false,1785412943511,LeaderAccept
1785412943436,false,1785412943533,LeaderAccept
1785412943458,true,1785412943556,LeaderAccept
1785412943481,false,1785412943578,LeaderAccept
1785412943504,false,1785412943601,LeaderAccept
1785412943528,false,1785412943625,LeaderAccept
1785412943551,true,1785412943648,LeaderAccept
1785412943575,true,1785412943673,LeaderAccept
1785412943600,false,1785412943697,LeaderAccept
1785412943625,true,1785412943722,LeaderAccept
1785412943649,true,1785412943747,LeaderAccept
1785412943674,false,1785412943772,LeaderAccept
1785412943699,false,1785412943797,LeaderAccept
1785412943725,true,1785412943822,LeaderAccept
1785412943752,true,1785412943849,LeaderAccept
1785412943778,false,1785412943875,LeaderAccept
1785412943805,true,1785412943902,LeaderAccept
1785412943833,false,1785412943930,LeaderAccept
1785412943861,true,1785412943958,LeaderAccept
1785412943888,false,1785412943985,LeaderAccept
1785412943916,true,1785412944013,LeaderAccept
1785412943945,false,1785412944042,LeaderAccept
1785412943974,true,1785412944071,LeaderAccept
1785412944004,false,1785412944101,LeaderAccept
1785412944033,true,1785412944131,LeaderAccept
1785412944064,false,1785412944161,LeaderAccept
1785412944095,true,1785412944192,LeaderAccept
1785412944126,false,1785412944223,LeaderAccept
1785412944158,false,1785412944256,LeaderAccept
1785412944190,true,1785412944287,LeaderAccept
1785412944222,true,1785412944320,LeaderAccept
1785412944256,false,1785412944352,LeaderAccept
1785412944289,false,1785412944387,LeaderAccept
1785412944323,false,1785412944421,LeaderAccept
1785412944359,true,1785412944456,LeaderAccept
1785412944393,false,1785412944490,LeaderAccept
1785412944429,true,1785412944526,LeaderAccept
1785412944466,true,1785412944563,LeaderAccept
1785412944503,true,1785412944600,LeaderAccept
1785412944540,true,1785412944638,LeaderAccept
1785412944579,false,1785412944677,LeaderAccept
1785412944618,true,1785412944716,LeaderAccept
1785412944658,true,1785412944756,LeaderAccept
1785412944700,true,1785412944797,LeaderAccept
1785412944741,false,1785412944839,LeaderAccept
1785412944783,true,1785412944881,LeaderAccept
1785412944826,true,1785412944924,LeaderAccept
1785412944871,true,1785412944968,LeaderAccept
1785412944917,false,1785412945014,LeaderAccept
1785412944964,true,1785412945061,LeaderAccept
1785412945012,false,1785412945110,LeaderAccept
1785412945060,true,1785412945158,LeaderAccept
1785412945109,true,1785412945206,LeaderAccept
1785412945161,false,1785412945259,LeaderAccept
1785412945213,true,1785412945311,LeaderAccept
1785412945266,false,1785412945364,LeaderAccept
1785412945322,false,1785412945421,LeaderAccept
1785412945378,false,1785412945477,LeaderAccept
1785412945436,true,1785412945535,LeaderAccept
1785412945495,true,1785412945594,LeaderAccept
1785412945557,true,1785412945656,LeaderAccept
1785412945621,false,1785412945721,LeaderAccept
1785412945686,false,1785412945784,LeaderAccept
1785412945754,false,1785412945852,LeaderAccept
1785412945824,false,1785412945904,FastAccept
1785412945896,true,1785412945975,FastAccept
1785412945971,false,1785412946050,FastAccept
1785412946048,false,1785412946170,LeaderAccept
1785412946128,true,1785412946226,LeaderAccept
1785412946211,false,1785412946291,FastAccept
1785412946298,false,1785412946419,SlowAccept
1785412946390,true,1785412946489,LeaderAccept
1785412946486,false,1785412946583,LeaderAccept
1785412946585,false,1785412946683,LeaderAccept
1785412946690,true,1785412946787,LeaderAccept
1785412946800,false,1785412946898,LeaderAccept
1785412946916,false,1785412947013,LeaderAccept
1785412947040,true,1785412947138,LeaderAccept
1785412947171,true,1785412947269,LeaderAccept
1785412947311,false,1785412947409,LeaderAccept
1785412947461,false,1785412947560,LeaderAccept
1785412947623,false,1785412947720,LeaderAccept
1785412947799,true,1785412947898,LeaderAccept
1785412947990,false,1785412948089,LeaderAccept
1785412948200,false,1785412948298,LeaderAccept
1785412948434,false,1785412948532,LeaderAccept
1785412948695,true,1785412948793,LeaderAccept
1785412948994,false,1785412949091,LeaderAccept
1785412949340,true,1785412949419,FastAccept
1785412949752,true,1785412949832,FastAccept
1785412950259,true,1785412950338,FastAccept
1785412950910,false,1785412950989,FastAccept
1785412951812,true,1785412951910,LeaderAccept
1785412953226,true,1785412953324,LeaderAccept
1785412956095,false,1785412956174,FastAccept
1785412960296,false,1785412960376,FastAccept
1785412960330,true,1785412960409,FastAccept
1785412960366,false,1785412960445,FastAccept
1785412960402,true,1785412960481,FastAccept
1785412960437,false,1785412960516,FastAccept
1785412960474,false,1785412960554,FastAccept
1785412960512,false,1785412960590,FastAccept
1785412960550,true,1785412960629,FastAccept
1785412960588,true,1785412960668,FastAccept
1785412960628,true,1785412960707,FastAccept
1785412960669,false,1785412960748,FastAccept
1785412960709,true,1785412960788,FastAccept
1785412960751,false,1785412960830,FastAccept
1785412960795,true,1785412960874,FastAccept
1785412960838,false,1785412960918,FastAccept
1785412960883,true,1785412960962,FastAccept
1785412960929,false,1785412961008,FastAccept
1785412960976,false,1785412961054,FastAccept
1785412961024,false,1785412961103,FastAccept
1785412961072,true,1785412961151,FastAccept
1785412961121,true,1785412961200,FastAccept
1785412961172,true,1785412961252,FastAccept
1785412961225,true,1785412961304,FastAccept
1785412961279,true,1785412961358,FastAccept
1785412961334,false,1785412961413,FastAccept
1785412961390,false,1785412961470,FastAccept
1785412961448,true,1785412961529,FastAccept
1785412961509,true,1785412961588,FastAccept
1785412961571,false,1785412961650,FastAccept
1785412961634,true,1785412961714,FastAccept
1785412961700,true,1785412961780,FastAccept
1785412961768,true,1785412961848,FastAccept
1785412961838,false,1785412961918,FastAccept
1785412961911,true,1785412961990,FastAccept
1785412961986,true,1785412962065,FastAccept
1785412962065,true,1785412962162,LeaderAccept
1785412962146,false,1785412962225,FastAccept
1785412962230,false,1785412962309,FastAccept
1785412962319,true,1785412962398,FastAccept
1785412962411,true,1785412962490,FastAccept
1785412962507,true,1785412962587,FastAccept
1785412962608,false,1785412962688,FastAccept
1785412962714,false,1785412962793,FastAccept
1785412962826,false,1785412962905,FastAccept
1785412962944,true,1785412963024,FastAccept
1785412963069,true,1785412963148,FastAccept
1785412963203,true,1785412963282,FastAccept
1785412963346,true,1785412963425,FastAccept
1785412963499,false,1785412963578,FastAccept
1785412963664,false,1785412963743,FastAccept
1785412963842,false,1785412963922,FastAccept
1785412964038,false,1785412964118,FastAccept
1785412964254,true,1785412964334,FastAccept
1785412964495,false,1785412964574,FastAccept
1785412964766,false,1785412964845,FastAccept
1785412965075,false,1785412965155,FastAccept
1785412965437,false,1785412965516,FastAccept
1785412965870,true,1785412965949,FastAccept
1785412966407,true,1785412966486,FastAccept
1785412967109,false,1785412967188,FastAccept
1785412968106,false,1785412968185,FastAccept
1785412969745,false,1785412969843,LeaderAccept
1785412973464,true,1785412973564,LeaderAccept
1785412997335,true,1785412997415,FastAccept
1785413000517,true,1785413000611,LeaderAccept
1785413000533,true,1785413000628,LeaderAccept
1785413000550,true,1785413000647,LeaderAccept
1785413000567,true,1785413000662,LeaderAccept
1785413000585,true,1785413000681,LeaderAccept
1785413000602,true,1785413000697,LeaderAccept
1785413000621,false,1785413000716,LeaderAccept
1785413000638,false,1785413000734,LeaderAccept
1785413000657,true,1785413000753,LeaderAccept
1785413000674,true,1785413000769,LeaderAccept
1785413000692,true,1785413000787,LeaderAccept
1785413000710,true,1785413000806,LeaderAccept
1785413000730,false,1785413000824,LeaderAccept
1785413000749,true,1785413000844,LeaderAccept
1785413000768,false,1785413000863,LeaderAccept
1785413000787,true,1785413000882,LeaderAccept
1785413000805,true,1785413000900,LeaderAccept
1785413000824,true,1785413000919,LeaderAccept
1785413000844,false,1785413000939,LeaderAccept
1785413000863,true,1785413000958,LeaderAccept
1785413000884,false,1785413000979,LeaderAccept
1785413000903,false,1785413000998,LeaderAccept
1785413000923,false,1785413001018,LeaderAccept
1785413000943,false,1785413001038,LeaderAccept
1785413000964,true,1785413001059,LeaderAccept
1785413000984,false,1785413001079,LeaderAccept
1785413001006,true,1785413001101,LeaderAccept
1785413001026,true,1785413001121,LeaderAccept
1785413001047,true,1785413001142,LeaderAccept
1785413001069,false,1785413001164,LeaderAccept
1785413001091,true,1785413001186,LeaderAccept
1785413001113,true,1785413001208,LeaderAccept
1785413001135,false,1785413001230,LeaderAccept
1785413001157,true,1785413001251,LeaderAccept
1785413001180,false,1785413001275,LeaderAccept
1785413001203,true,1785413001298,LeaderAccept
1785413001227,false,1785413001322,LeaderAccept
1785413001250,false,1785413001345,LeaderAccept
1785413001273,false,1785413001368,LeaderAccept
1785413001298,true,1785413001393,LeaderAccept
1785413001322,false,1785413001416,LeaderAccept
1785413001346,true,1785413001441,LeaderAccept
1785413001371,true,1785413001467,LeaderAccept
1785413001397,true,1785413001491,LeaderAccept
1785413001423,false,1785413001517,LeaderAccept
1785413001448,true,1785413001543,LeaderAccept
1785413001474,true,1785413001569,LeaderAccept
1785413001501,false,1785413001596,LeaderAccept
1785413001527,true,1785413001622,LeaderAccept
1785413001554,true,1785413001648,LeaderAccept
1785413001581,false,1785413001676,LeaderAccept
1785413001609,true,1785413001704,LeaderAccept
1785413001637,true,1785413001732,LeaderAccept
1785413001665,false,1785413001760,LeaderAccept
1785413001695,false,1785413001789,LeaderAccept
1785413001724,true,1785413001818,LeaderAccept
1785413001754,false,1785413001849,LeaderAccept
1785413001785,true,1785413001880,LeaderAccept
1785413001815,true,1785413001910,LeaderAccept
1785413001847,false,1785413001942,LeaderAccept
1785413001878,true,1785413001973,LeaderAccept
1785413001911,true,1785413002005,LeaderAccept
1785413001943,true,1785413002038,LeaderAccept
1785413001976,true,1785413002071,LeaderAccept
1785413002010,true,1785413002104,LeaderAccept
1785413002044,false,1785413002138,LeaderAccept
1785413002078,true,1785413002173,LeaderAccept
1785413002114,true,1785413002209,LeaderAccept
1785413002149,false,1785413002244,LeaderAccept
1785413002186,true,1785413002282,LeaderAccept
1785413002224,true,1785413002320,LeaderAccept
1785413002262,false,1785413002357,LeaderAccept
1785413002300,true,1785413002395,LeaderAccept
1785413002340,false,1785413002435,LeaderAccept
1785413002380,false,1785413002475,LeaderAccept
1785413002422,true,1785413002517,LeaderAccept
1785413002464,true,1785413002559,LeaderAccept
1785413002506,true,1785413002601,LeaderAccept
1785413002550,false,1785413002645,LeaderAccept
1785413002595,false,1785413002689,LeaderAccept
1785413002640,false,1785413002735,LeaderAccept
1785413002687,false,1785413002782,LeaderAccept
1785413002734,true,1785413002830,LeaderAccept
1785413002782,true,1785413002877,LeaderAccept
1785413002832,false,1785413002927,LeaderAccept
1785413002883,true,1785413002978,LeaderAccept
1785413002935,true,1785413003030,LeaderAccept
1785413002988,false,1785413003083,LeaderAccept
1785413003043,false,1785413003138,LeaderAccept
1785413003099,true,1785413003195,LeaderAccept
1785413003158,false,1785413003253,LeaderAccept
1785413003218,true,1785413003313,LeaderAccept
1785413003280,false,1785413003375,LeaderAccept
1785413003343,true,1785413003439,LeaderAccept
1785413003408,false,1785413003504,LeaderAccept
1785413003476,true,1785413003572,LeaderAccept
1785413003545,false,1785413003640,LeaderAccept
1785413003617,false,1785413003697,FastAccept
1785413003691,false,1785413003805,SlowAccept
1785413003768,true,1785413003863,LeaderAccept
1785413003848,true,1785413003928,FastAccept
1785413003933,true,1785413004028,LeaderAccept
1785413004021,false,1785413004116,LeaderAccept
1785413004112,true,1785413004206,LeaderAccept
1785413004207,false,1785413004303,LeaderAccept
1785413004307,true,1785413004403,LeaderAccept
1785413004412,false,1785413004507,LeaderAccept
1785413004523,false,1785413004618,LeaderAccept
1785413004639,true,1785413004734,LeaderAccept
1785413004763,false,1785413004858,LeaderAccept
1785413004896,false,1785413004992,LeaderAccept
1785413005036,false,1785413005130,LeaderAccept
1785413005188,false,1785413005284,LeaderAccept
1785413005350,false,1785413005444,LeaderAccept
1785413005526,true,1785413005622,LeaderAccept
1785413005718,true,1785413005814,LeaderAccept
1785413005929,false,1785413006025,LeaderAccept
1785413006164,true,1785413006260,LeaderAccept
1785413006429,false,1785413006524,LeaderAccept
1785413006730,true,1785413006825,LeaderAccept
1785413007080,true,1785413007160,FastAccept
1785413007497,true,1785413007610,LeaderAccept
1785413008010,false,1785413008106,LeaderAccept
1785413008674,true,1785413008753,FastAccept
1785413009597,true,1785413009677,FastAccept
1785413011061,false,1785413011141,FastAccept
1785413014104,true,1785413014183,FastAccept
1785413028033,false,1785413028113,FastAccept
